start_time,end_time,duration,min_qdel,max_qdel,communicated_flow_count,round_max_cruise_rate,latest_cruise_rate,cruise_happened,probe_happened,round_ended,cwnd
145000,858000,713000,15000,21000,1.50,1000.00,925.93,true,false,false,24.50
858000,1559000,701000,16000,17000,1.50,1000.00,925.93,true,false,false,24.50
1559000,2260000,701000,16000,17000,1.50,1000.00,925.93,true,false,false,24.50
2260000,2961000,701000,16000,17000,1.50,1000.00,925.93,true,false,false,24.50
2961000,3663000,702000,16000,17000,1.50,1000.00,925.93,true,false,false,24.50
3663000,4421000,758000,16000,36000,1.50,1000.00,806.45,true,false,false,24.50
4421000,5131000,710000,15000,20000,1.50,1000.00,925.93,true,false,false,24.50
5131000,5835000,704000,17000,18000,1.50,1000.00,925.93,true,false,false,24.50
5835000,6481000,646000,18000,18000,1.50,1000.00,925.93,false,true,false,24.50
6481000,7182000,701000,11000,17000,1.10,1000.00,909.09,true,false,false,20.00
7182000,7871000,689000,10000,13000,1.00,1000.00,909.09,true,false,false,20.00
7871000,8563000,692000,10000,14000,1.00,1000.00,869.57,true,false,false,20.00
8563000,9252000,689000,10000,13000,1.00,1000.00,909.09,true,false,false,20.00
9252000,9944000,692000,10000,14000,1.00,1000.00,869.57,true,false,false,20.00
9944000,10633000,689000,12000,13000,1.00,1000.00,869.57,true,false,false,20.00
10633000,11322000,689000,12000,13000,1.00,1000.00,869.57,true,false,false,20.00
11322000,12011000,689000,12000,13000,1.00,1000.00,909.09,true,false,false,20.00
12011000,12700000,689000,12000,13000,1.00,1000.00,909.09,true,false,false,20.00
12700000,13389000,689000,12000,13000,1.00,1000.00,869.57,true,false,false,20.00
13389000,14078000,689000,12000,13000,1.00,1000.00,869.57,true,false,false,20.00
14078000,14767000,689000,12000,13000,1.00,1000.00,869.57,true,false,false,20.00
14767000,15456000,689000,12000,13000,1.00,1000.00,869.57,true,false,false,20.00
15456000,16145000,689000,12000,13000,1.00,1000.00,869.57,true,false,false,20.00
16145000,16834000,689000,12000,13000,1.00,1000.00,909.09,true,false,false,20.00
16834000,17523000,689000,12000,13000,1.00,1000.00,909.09,true,false,false,20.00
17523000,18213000,690000,12000,13000,1.00,1000.00,909.09,true,false,false,20.00
18213000,18902000,689000,12000,13000,1.00,1000.00,869.57,true,false,false,20.00
18902000,19591000,689000,12000,13000,1.00,1000.00,869.57,true,false,false,20.00
19591000,20280000,689000,12000,13000,1.00,1000.00,869.57,true,false,false,20.00
20280000,20969000,689000,12000,13000,1.00,1000.00,869.57,true,false,true,20.00
20969000,21658000,689000,12000,13000,1.20,909.09,869.57,true,false,false,20.00
21658000,22347000,689000,12000,13000,1.20,909.09,869.57,true,false,false,20.00
22347000,23036000,689000,12000,13000,1.20,909.09,869.57,true,false,false,20.00
23036000,23725000,689000,12000,13000,1.20,909.09,869.57,true,false,false,20.00
23725000,24414000,689000,12000,13000,1.20,909.09,869.57,true,false,false,20.00
24414000,25103000,689000,10000,13000,1.00,1000.00,1000.00,true,false,false,20.00
25103000,25798000,695000,10000,15000,1.00,1000.00,869.57,true,false,false,20.00
25798000,26487000,689000,12000,13000,1.00,1000.00,869.57,true,false,false,20.00
26487000,27098000,611000,13000,13000,1.00,1000.00,909.09,false,true,false,20.00
27098000,27790000,692000,11000,14000,1.00,1000.00,869.57,true,false,false,20.00
27790000,28479000,689000,10000,13000,1.00,1000.00,909.09,true,false,false,20.00
28479000,29172000,693000,10000,14000,1.00,1000.00,869.57,true,false,false,20.00
29172000,29861000,689000,12000,13000,1.00,1000.00,869.57,true,false,false,20.00
29861000,30550000,689000,10000,13000,1.00,1000.00,909.09,true,false,false,20.00
30550000,31296000,746000,10000,32000,1.00,1000.00,869.57,true,false,false,20.00
31296000,31991000,695000,10000,15000,1.00,1000.00,833.33,true,false,false,20.00
31991000,32683000,692000,14000,14000,1.00,1000.00,833.33,true,false,false,20.00
32683000,33376000,693000,14000,14000,1.00,1000.00,833.33,true,false,false,20.00
33376000,34068000,692000,14000,14000,1.00,1000.00,833.33,true,false,false,20.00
34068000,34760000,692000,14000,14000,1.00,1000.00,833.33,true,false,false,20.00
34760000,35452000,692000,14000,14000,1.00,1000.00,833.33,true,false,false,20.00
35452000,36144000,692000,14000,14000,1.00,1000.00,833.33,true,false,false,20.00
36144000,36836000,692000,14000,14000,1.00,1000.00,833.33,true,false,false,20.00
36836000,37528000,692000,14000,14000,1.00,1000.00,833.33,true,false,false,20.00
37528000,38220000,692000,14000,14000,1.00,1000.00,833.33,true,false,false,20.00
38220000,38912000,692000,14000,14000,1.00,1000.00,833.33,true,false,false,20.00
38912000,39604000,692000,14000,14000,1.00,1000.00,833.33,true,false,false,20.00
39604000,40296000,692000,14000,14000,1.00,1000.00,833.33,true,false,false,20.00
40296000,40988000,692000,14000,14000,1.00,1000.00,833.33,true,false,false,20.00
40988000,41680000,692000,14000,14000,1.00,1000.00,833.33,true,false,true,20.00
41680000,42372000,692000,14000,14000,1.40,833.33,833.33,true,false,false,20.00
42372000,43064000,692000,14000,14000,1.40,833.33,833.33,true,false,false,20.00
43064000,43756000,692000,14000,14000,1.40,833.33,833.33,true,false,false,20.00
43756000,44448000,692000,14000,14000,1.40,833.33,833.33,true,false,false,20.00
44448000,45140000,692000,14000,14000,1.40,833.33,833.33,true,false,false,20.00
45140000,45832000,692000,10000,14000,1.00,1000.00,1000.00,true,false,false,20.00
45832000,46533000,701000,10000,17000,1.00,1000.00,833.33,true,false,false,20.00
46533000,47228000,695000,13000,15000,1.00,1000.00,833.33,true,false,false,20.00
47228000,47846000,618000,14000,14000,1.00,1000.00,869.57,false,true,false,20.00
47846000,48544000,698000,12000,16000,1.00,1000.00,833.33,true,false,false,20.00
48544000,49236000,692000,10000,14000,1.00,1000.00,909.09,true,false,false,20.00
49236000,49934000,698000,11000,16000,1.00,1000.00,833.33,true,false,false,20.00
49934000,50627000,693000,14000,14000,1.00,1000.00,833.33,true,false,false,20.00
50627000,51328000,701000,10000,17000,1.00,1000.00,740.74,true,false,false,20.00
51328000,52023000,695000,12000,15000,1.00,1000.00,833.33,true,false,false,20.00
52023000,52715000,692000,14000,14000,1.00,1000.00,833.33,true,false,false,20.00
52715000,53407000,692000,14000,14000,1.00,1000.00,833.33,true,false,false,20.00
53407000,54099000,692000,14000,14000,1.00,1000.00,833.33,true,false,false,20.00
54099000,54792000,693000,14000,14000,1.00,1000.00,833.33,true,false,false,20.00
54792000,55484000,692000,14000,14000,1.00,1000.00,833.33,true,false,false,20.00
55484000,56248000,764000,13000,38000,1.00,1000.00,571.43,true,false,false,20.00
56248000,56952000,704000,10000,18000,1.00,1000.00,833.33,true,false,false,20.00
56952000,57647000,695000,14000,15000,1.00,1000.00,833.33,true,false,false,20.00
57647000,58342000,695000,14000,15000,1.00,1000.00,833.33,true,false,false,20.00
58342000,59037000,695000,14000,15000,1.00,1000.00,833.33,true,false,false,20.00
59037000,59732000,695000,14000,15000,1.00,1000.00,833.33,true,false,false,20.00
59732000,60427000,695000,14000,15000,1.00,1000.00,833.33,true,false,false,20.00
60427000,61122000,695000,14000,15000,1.00,1000.00,833.33,true,false,false,20.00
61122000,61818000,696000,14000,15000,1.00,1000.00,833.33,true,false,false,20.00
61818000,62513000,695000,14000,15000,1.00,1000.00,833.33,true,false,true,20.00
62513000,63208000,695000,14000,15000,1.40,833.33,833.33,true,false,false,20.00
63208000,63903000,695000,14000,15000,1.40,833.33,833.33,true,false,false,20.00
63903000,64598000,695000,14000,15000,1.40,833.33,833.33,true,false,false,20.00
64598000,65293000,695000,14000,15000,1.40,833.33,833.33,true,false,false,20.00
65293000,65988000,695000,14000,15000,1.40,833.33,833.33,true,false,false,20.00
65988000,66683000,695000,10000,15000,1.00,1000.00,833.33,true,false,false,20.00
66683000,67384000,701000,10000,17000,1.00,1000.00,800.00,true,false,false,20.00
67384000,68079000,695000,14000,15000,1.00,1000.00,833.33,true,false,false,20.00
68079000,68698000,619000,14000,14000,1.00,1000.00,833.33,false,true,false,20.00
68698000,69396000,698000,12000,16000,1.00,1000.00,833.33,true,false,false,20.00
69396000,70091000,695000,10000,15000,1.00,1000.00,869.57,true,false,false,20.00
70091000,70789000,698000,12000,16000,1.00,1000.00,833.33,true,false,false,20.00
70789000,71484000,695000,14000,15000,1.00,1000.00,833.33,true,false,false,20.00
71484000,72185000,701000,11000,17000,1.00,1000.00,769.23,true,false,false,20.00
72185000,72880000,695000,13000,15000,1.00,1000.00,833.33,true,false,false,20.00
72880000,73575000,695000,14000,15000,1.00,1000.00,800.00,true,false,false,20.00
73575000,74271000,696000,14000,15000,1.00,1000.00,833.33,true,false,false,20.00
74271000,74966000,695000,14000,15000,1.00,1000.00,833.33,true,false,false,20.00
74966000,75661000,695000,14000,15000,1.00,1000.00,833.33,true,false,false,20.00
75661000,76356000,695000,14000,15000,1.00,1000.00,833.33,true,false,false,20.00
76356000,77051000,695000,14000,15000,1.00,1000.00,833.33,true,false,false,20.00
77051000,77746000,695000,14000,15000,1.00,1000.00,833.33,true,false,false,20.00
77746000,78441000,695000,14000,15000,1.00,1000.00,833.33,true,false,false,20.00
78441000,79136000,695000,14000,15000,1.00,1000.00,833.33,true,false,false,20.00
79136000,79831000,695000,14000,15000,1.00,1000.00,833.33,true,false,false,20.00
79831000,80527000,696000,14000,15000,1.00,1000.00,800.00,true,false,false,20.00
80527000,81295000,768000,14000,39000,1.00,1000.00,571.43,true,false,false,20.00
81295000,82026000,731000,10000,27000,1.00,1000.00,833.33,true,false,false,20.00
82026000,82721000,695000,14000,15000,1.00,1000.00,800.00,true,false,false,20.00
82721000,83416000,695000,14000,15000,1.00,1000.00,800.00,true,false,true,20.00
83416000,84111000,695000,14000,15000,1.40,833.33,800.00,true,false,false,20.00
84111000,84807000,696000,14000,15000,1.40,833.33,800.00,true,false,false,20.00
84807000,85503000,696000,14000,15000,1.40,833.33,800.00,true,false,false,20.00
85503000,86198000,695000,14000,15000,1.40,833.33,800.00,true,false,false,20.00
86198000,86893000,695000,14000,15000,1.40,833.33,800.00,true,false,false,20.00
86893000,87588000,695000,10000,15000,1.00,1000.00,869.57,true,false,false,20.00
87588000,88292000,704000,11000,18000,1.00,1000.00,800.00,true,false,false,20.00
88292000,88988000,696000,14000,15000,1.00,1000.00,833.33,true,false,false,20.00
88988000,89609000,621000,15000,15000,1.00,1000.00,833.33,false,true,false,20.00
89609000,90307000,698000,13000,16000,1.00,1000.00,800.00,true,false,false,20.00
90307000,91002000,695000,10000,15000,1.00,1000.00,833.33,true,false,false,20.00
91002000,91703000,701000,12000,17000,1.00,1000.00,800.00,true,false,false,20.00
91703000,92398000,695000,14000,15000,1.00,1000.00,800.00,true,false,false,20.00
92398000,93099000,701000,10000,17000,1.00,1000.00,800.00,true,false,false,20.00
93099000,93794000,695000,14000,15000,1.00,1000.00,800.00,true,false,false,20.00
93794000,94489000,695000,14000,15000,1.00,1000.00,800.00,true,false,false,20.00
94489000,95184000,695000,14000,15000,1.00,1000.00,800.00,true,false,false,20.00
95184000,95879000,695000,14000,15000,1.00,1000.00,833.33,true,false,false,20.00
95879000,96575000,696000,14000,15000,1.00,1000.00,800.00,true,false,false,20.00
96575000,97270000,695000,14000,15000,1.00,1000.00,833.33,true,false,false,20.00
97270000,97966000,696000,14000,15000,1.00,1000.00,833.33,true,false,false,20.00
97966000,98661000,695000,14000,15000,1.00,1000.00,833.33,true,false,false,20.00
98661000,99356000,695000,14000,15000,1.00,1000.00,833.33,true,false,false,20.00
99356000,100051000,695000,14000,15000,1.00,1000.00,800.00,true,false,false,20.00
100051000,100746000,695000,14000,15000,1.00,1000.00,833.33,true,false,false,20.00
100746000,101441000,695000,14000,15000,1.00,1000.00,800.00,true,false,false,20.00
101441000,102136000,695000,14000,15000,1.00,1000.00,800.00,true,false,false,20.00
102136000,102831000,695000,14000,15000,1.00,1000.00,833.33,true,false,false,20.00
102831000,103526000,695000,14000,15000,1.00,1000.00,800.00,true,false,false,20.00
103526000,104222000,696000,14000,15000,1.00,1000.00,833.33,true,false,true,20.00
104222000,104918000,696000,14000,15000,1.40,833.33,833.33,true,false,false,20.00
104918000,105613000,695000,14000,15000,1.40,833.33,833.33,true,false,false,20.00
105613000,106308000,695000,14000,15000,1.40,833.33,800.00,true,false,false,20.00
106308000,107084000,776000,10000,42000,1.00,1000.00,1000.00,true,false,false,20.00
107084000,107791000,707000,10000,19000,1.00,1000.00,833.33,true,false,false,20.00
107791000,108486000,695000,10000,15000,1.00,1000.00,833.33,true,false,false,20.00
108486000,109187000,701000,11000,17000,1.00,1000.00,833.33,true,false,false,20.00
109187000,109882000,695000,14000,15000,1.00,1000.00,833.33,true,false,false,20.00
109882000,110501000,619000,14000,14000,1.00,1000.00,714.29,false,true,false,20.00
110501000,111200000,699000,12000,16000,1.00,1000.00,833.33,true,false,false,20.00
111200000,111895000,695000,10000,15000,1.00,1000.00,869.57,true,false,false,20.00
111895000,112593000,698000,10000,16000,1.00,1000.00,833.33,true,false,false,20.00
112593000,113288000,695000,14000,15000,1.00,1000.00,833.33,true,false,false,20.00
113288000,113990000,702000,10000,17000,1.00,1000.00,800.00,true,false,false,20.00
113990000,114685000,695000,13000,15000,1.00,1000.00,833.33,true,false,false,20.00
114685000,115380000,695000,14000,15000,1.00,1000.00,833.33,true,false,false,20.00
115380000,116075000,695000,14000,15000,1.00,1000.00,833.33,true,false,false,20.00
116075000,116770000,695000,14000,15000,1.00,1000.00,833.33,true,false,false,20.00
116770000,117465000,695000,14000,15000,1.00,1000.00,833.33,true,false,false,20.00
117465000,118160000,695000,14000,15000,1.00,1000.00,833.33,true,false,false,20.00
118160000,118855000,695000,14000,15000,1.00,1000.00,833.33,true,false,false,20.00
118855000,119550000,695000,14000,15000,1.00,1000.00,833.33,true,false,false,20.00
119550000,120246000,696000,14000,15000,1.00,1000.00,833.33,true,false,false,20.00
120246000,120942000,696000,14000,15000,1.00,1000.00,833.33,true,false,false,20.00
120942000,121637000,695000,14000,15000,1.00,1000.00,833.33,true,false,false,20.00
121637000,122332000,695000,14000,15000,1.00,1000.00,833.33,true,false,false,20.00
122332000,123027000,695000,14000,15000,1.00,1000.00,833.33,true,false,false,20.00
123027000,123722000,695000,14000,15000,1.00,1000.00,833.33,true,false,false,20.00
123722000,124417000,695000,14000,15000,1.00,1000.00,833.33,true,false,false,20.00
124417000,125112000,695000,14000,15000,1.00,1000.00,833.33,true,false,true,20.00
125112000,125808000,696000,14000,15000,1.40,833.33,833.33,true,false,false,20.00
125808000,126503000,695000,14000,15000,1.40,833.33,800.00,true,false,false,20.00
126503000,127198000,695000,14000,15000,1.40,833.33,833.33,true,false,false,20.00
127198000,127893000,695000,14000,15000,1.40,833.33,833.33,true,false,false,20.00
127893000,128588000,695000,14000,15000,1.40,833.33,833.33,true,false,false,20.00
128588000,129283000,695000,10000,15000,1.00,1000.00,909.09,true,false,false,20.00
129283000,129984000,701000,10000,17000,1.00,1000.00,833.33,true,false,false,20.00
129984000,130680000,696000,14000,15000,1.00,1000.00,833.33,true,false,false,20.00
130680000,131299000,619000,15000,15000,1.00,1000.00,869.57,false,true,false,20.00
131299000,131997000,698000,12000,16000,1.00,1000.00,833.33,true,false,false,20.00
131997000,132762000,765000,14000,38000,1.00,1000.00,571.43,true,false,false,20.00
132762000,133487000,725000,10000,25000,1.00,1000.00,800.00,true,false,false,20.00
133487000,134183000,696000,14000,15000,1.00,1000.00,833.33,true,false,false,20.00
134183000,134884000,701000,10000,17000,1.00,1000.00,800.00,true,false,false,20.00
134884000,135579000,695000,14000,15000,1.00,1000.00,800.00,true,false,false,20.00
135579000,136274000,695000,14000,15000,1.00,1000.00,800.00,true,false,false,20.00
136274000,136969000,695000,14000,15000,1.00,1000.00,833.33,true,false,false,20.00
136969000,137665000,696000,14000,15000,1.00,1000.00,800.00,true,false,false,20.00
137665000,138360000,695000,14000,15000,1.00,1000.00,833.33,true,false,false,20.00
138360000,139055000,695000,14000,15000,1.00,1000.00,833.33,true,false,false,20.00
139055000,139750000,695000,14000,15000,1.00,1000.00,833.33,true,false,false,20.00
139750000,140445000,695000,14000,15000,1.00,1000.00,833.33,true,false,false,20.00
140445000,141140000,695000,14000,15000,1.00,1000.00,800.00,true,false,false,20.00
141140000,141835000,695000,14000,15000,1.00,1000.00,833.33,true,false,false,20.00
141835000,142530000,695000,14000,15000,1.00,1000.00,800.00,true,false,false,20.00
142530000,143225000,695000,14000,15000,1.00,1000.00,833.33,true,false,false,20.00
143225000,143920000,695000,14000,15000,1.00,1000.00,833.33,true,false,false,20.00
143920000,144616000,696000,14000,15000,1.00,1000.00,833.33,true,false,false,20.00
144616000,145311000,695000,14000,15000,1.00,1000.00,833.33,true,false,false,20.00
145311000,146006000,695000,14000,15000,1.00,1000.00,800.00,true,false,true,20.00
146006000,146701000,695000,14000,15000,1.40,833.33,800.00,true,false,false,20.00
146701000,147396000,695000,14000,15000,1.40,833.33,833.33,true,false,false,20.00
147396000,148091000,695000,14000,15000,1.40,833.33,833.33,true,false,false,20.00
148091000,148786000,695000,14000,15000,1.40,833.33,833.33,true,false,false,20.00
148786000,149481000,695000,14000,15000,1.40,833.33,833.33,true,false,false,20.00
149481000,150176000,695000,10000,15000,1.00,1000.00,909.09,true,false,false,20.00
150176000,150881000,705000,12000,18000,1.00,1000.00,800.00,true,false,false,20.00
150881000,151576000,695000,14000,15000,1.00,1000.00,800.00,true,false,false,20.00
151576000,152196000,620000,15000,15000,1.00,1000.00,869.57,false,true,false,20.00
152196000,152894000,698000,13000,16000,1.00,1000.00,833.33,true,false,false,20.00
152894000,153589000,695000,14000,15000,1.00,1000.00,833.33,true,false,false,20.00
153589000,154287000,698000,10000,16000,1.00,1000.00,800.00,true,false,false,20.00
154287000,154983000,696000,14000,15000,1.00,1000.00,833.33,true,false,false,20.00
154983000,155684000,701000,10000,17000,1.00,1000.00,800.00,true,false,false,20.00
155684000,156379000,695000,14000,15000,1.00,1000.00,833.33,true,false,false,20.00
156379000,157074000,695000,14000,15000,1.00,1000.00,800.00,true,false,false,20.00
157074000,157770000,696000,14000,15000,1.00,1000.00,800.00,true,false,false,20.00
157770000,158544000,774000,14000,41000,1.00,1000.00,540.54,true,false,false,20.00
158544000,159276000,732000,10000,27000,1.00,1000.00,800.00,true,false,false,20.00
159276000,159971000,695000,14000,15000,1.00,1000.00,800.00,true,false,false,20.00
159971000,160666000,695000,14000,15000,1.00,1000.00,800.00,true,false,false,20.00
160666000,161361000,695000,14000,15000,1.00,1000.00,800.00,true,false,false,20.00
161361000,162056000,695000,14000,15000,1.00,1000.00,800.00,true,false,false,20.00
162056000,162751000,695000,14000,15000,1.00,1000.00,800.00,true,false,false,20.00
162751000,163446000,695000,14000,15000,1.00,1000.00,800.00,true,false,false,20.00
163446000,164141000,695000,14000,15000,1.00,1000.00,800.00,true,false,false,20.00
164141000,164836000,695000,14000,15000,1.00,1000.00,833.33,true,false,false,20.00
164836000,165531000,695000,14000,15000,1.00,1000.00,833.33,true,false,false,20.00
165531000,166227000,696000,14000,15000,1.00,1000.00,833.33,true,false,false,20.00
166227000,166923000,696000,14000,15000,1.00,1000.00,833.33,true,false,true,20.00
166923000,167618000,695000,14000,15000,1.40,833.33,800.00,true,false,false,20.00
167618000,168313000,695000,14000,15000,1.40,833.33,833.33,true,false,false,20.00
168313000,169008000,695000,14000,15000,1.40,833.33,833.33,true,false,false,20.00
169008000,169703000,695000,14000,15000,1.40,833.33,833.33,true,false,false,20.00
169703000,170398000,695000,14000,15000,1.40,833.33,833.33,true,false,false,20.00
170398000,171093000,695000,10000,15000,1.00,1000.00,869.57,true,false,false,20.00
171093000,171798000,705000,12000,18000,1.00,1000.00,800.00,true,false,false,20.00
171798000,172493000,695000,14000,15000,1.00,1000.00,800.00,true,false,false,20.00
172493000,173113000,620000,15000,15000,1.00,1000.00,869.57,false,true,false,20.00
173113000,173811000,698000,13000,16000,1.00,1000.00,833.33,true,false,false,20.00
173811000,174506000,695000,14000,15000,1.00,1000.00,833.33,true,false,false,20.00
174506000,175201000,695000,10000,15000,1.00,1000.00,800.00,true,false,false,20.00
175201000,175902000,701000,10000,17000,1.00,1000.00,909.09,true,false,false,20.00
175902000,176603000,701000,10000,17000,1.00,1000.00,833.33,true,false,false,20.00
176603000,177299000,696000,14000,15000,1.00,1000.00,833.33,true,false,false,20.00
177299000,177994000,695000,14000,15000,1.00,1000.00,800.00,true,false,false,20.00
177994000,178689000,695000,14000,15000,1.00,1000.00,800.00,true,false,false,20.00
178689000,179384000,695000,14000,15000,1.00,1000.00,800.00,true,false,false,20.00
179384000,180079000,695000,14000,15000,1.00,1000.00,800.00,true,false,false,20.00
180079000,180774000,695000,14000,15000,1.00,1000.00,833.33,true,false,false,20.00
180774000,181469000,695000,14000,15000,1.00,1000.00,800.00,true,false,false,20.00
181469000,182165000,696000,14000,15000,1.00,1000.00,833.33,true,false,false,20.00
182165000,182861000,696000,14000,15000,1.00,1000.00,833.33,true,false,false,20.00
182861000,183556000,695000,14000,15000,1.00,1000.00,833.33,true,false,false,20.00
183556000,184329000,773000,10000,41000,1.00,1000.00,909.09,true,false,false,20.00
184329000,185027000,698000,13000,16000,1.00,1000.00,800.00,true,false,false,20.00
185027000,185722000,695000,14000,15000,1.00,1000.00,800.00,true,false,false,20.00
185722000,186417000,695000,14000,15000,1.00,1000.00,800.00,true,false,false,20.00
186417000,187112000,695000,14000,15000,1.00,1000.00,800.00,true,false,false,20.00
187112000,187807000,695000,14000,15000,1.00,1000.00,833.33,true,false,true,20.00
187807000,188502000,695000,14000,15000,1.40,833.33,833.33,true,false,false,20.00
188502000,189197000,695000,14000,15000,1.40,833.33,833.33,true,false,false,20.00
189197000,189892000,695000,14000,15000,1.40,833.33,833.33,true,false,false,20.00
189892000,190587000,695000,14000,15000,1.40,833.33,833.33,true,false,false,20.00
190587000,191283000,696000,14000,15000,1.40,833.33,833.33,true,false,false,20.00
191283000,191978000,695000,10000,15000,1.00,1000.00,869.57,true,false,false,20.00
191978000,192679000,701000,11000,17000,1.00,1000.00,833.33,true,false,false,20.00
192679000,193374000,695000,14000,15000,1.00,1000.00,833.33,true,false,false,20.00
193374000,193993000,619000,15000,15000,1.00,1000.00,869.57,false,true,false,20.00
193993000,194691000,698000,12000,16000,1.00,1000.00,833.33,true,false,false,20.00
194691000,195386000,695000,14000,15000,1.00,1000.00,800.00,true,false,false,20.00
195386000,196081000,695000,10000,15000,1.00,1000.00,909.09,true,false,false,20.00
196081000,196779000,698000,10000,16000,1.00,1000.00,1000.00,true,false,false,20.00
196779000,197480000,701000,10000,17000,1.00,1000.00,833.33,true,false,false,20.00
197480000,198175000,695000,14000,15000,1.00,1000.00,833.33,true,false,false,20.00
198175000,198870000,695000,14000,15000,1.00,1000.00,833.33,true,false,false,20.00
198870000,199565000,695000,14000,15000,1.00,1000.00,833.33,true,false,false,20.00
199565000,200260000,695000,14000,15000,1.00,1000.00,833.33,true,false,false,20.00
200260000,200955000,695000,14000,15000,1.00,1000.00,833.33,true,false,false,20.00
200955000,201651000,696000,14000,15000,1.00,1000.00,800.00,true,false,false,20.00
201651000,202346000,695000,14000,15000,1.00,1000.00,833.33,true,false,false,20.00
202346000,203041000,695000,14000,15000,1.00,1000.00,800.00,true,false,false,20.00
203041000,203736000,695000,14000,15000,1.00,1000.00,800.00,true,false,false,20.00
203736000,204431000,695000,14000,15000,1.00,1000.00,800.00,true,false,false,20.00
204431000,205126000,695000,14000,15000,1.00,1000.00,800.00,true,false,false,20.00
205126000,205821000,695000,14000,15000,1.00,1000.00,833.33,true,false,false,20.00
205821000,206516000,695000,14000,15000,1.00,1000.00,800.00,true,false,false,20.00
206516000,207211000,695000,14000,15000,1.00,1000.00,833.33,true,false,false,20.00
207211000,207907000,696000,14000,15000,1.00,1000.00,833.33,true,false,false,20.00
207907000,208602000,695000,14000,15000,1.00,1000.00,833.33,true,false,true,20.00
208602000,209370000,768000,14000,39000,1.40,833.33,571.43,true,false,false,20.00
209370000,210101000,731000,10000,27000,1.00,1000.00,833.33,true,false,false,20.00
210101000,210796000,695000,14000,15000,1.00,1000.00,833.33,true,false,false,20.00
210796000,211491000,695000,14000,15000,1.00,1000.00,833.33,true,false,false,20.00
211491000,212186000,695000,14000,15000,1.00,1000.00,833.33,true,false,false,20.00
212186000,212881000,695000,10000,15000,1.00,1000.00,909.09,true,false,false,20.00
212881000,213582000,701000,12000,17000,1.00,1000.00,833.33,true,false,false,20.00
213582000,214277000,695000,14000,15000,1.00,1000.00,833.33,true,false,false,20.00
214277000,214896000,619000,14000,14000,1.00,1000.00,869.57,false,true,false,20.00
214896000,215594000,698000,12000,16000,1.00,1000.00,833.33,true,false,false,20.00
215594000,216289000,695000,14000,15000,1.00,1000.00,833.33,true,false,false,20.00
216289000,216985000,696000,10000,15000,1.00,1000.00,869.57,true,false,false,20.00
216985000,217683000,698000,10000,16000,1.00,1000.00,833.33,true,false,false,20.00
217683000,218384000,701000,10000,17000,1.00,1000.00,833.33,true,false,false,20.00
218384000,219079000,695000,14000,15000,1.00,1000.00,833.33,true,false,false,20.00
219079000,219775000,696000,14000,15000,1.00,1000.00,833.33,true,false,false,20.00
219775000,220470000,695000,14000,15000,1.00,1000.00,833.33,true,false,false,20.00
220470000,221165000,695000,14000,15000,1.00,1000.00,833.33,true,false,false,20.00
221165000,221860000,695000,14000,15000,1.00,1000.00,833.33,true,false,false,20.00
221860000,222555000,695000,14000,15000,1.00,1000.00,833.33,true,false,false,20.00
222555000,223250000,695000,14000,15000,1.00,1000.00,833.33,true,false,false,20.00
223250000,223945000,695000,14000,15000,1.00,1000.00,800.00,true,false,false,20.00
223945000,224640000,695000,14000,15000,1.00,1000.00,833.33,true,false,false,20.00
224640000,225335000,695000,14000,15000,1.00,1000.00,833.33,true,false,false,20.00
225335000,226030000,695000,14000,15000,1.00,1000.00,833.33,true,false,false,20.00
226030000,226725000,695000,14000,15000,1.00,1000.00,833.33,true,false,false,20.00
226725000,227420000,695000,14000,15000,1.00,1000.00,833.33,true,false,false,20.00
227420000,228115000,695000,14000,15000,1.00,1000.00,833.33,true,false,false,20.00
228115000,228810000,695000,14000,15000,1.00,1000.00,833.33,true,false,false,20.00
228810000,229506000,696000,14000,15000,1.00,1000.00,833.33,true,false,true,20.00
229506000,230201000,695000,14000,15000,1.40,833.33,833.33,true,false,false,20.00
230201000,230896000,695000,14000,15000,1.40,833.33,833.33,true,false,false,20.00
230896000,231591000,695000,14000,15000,1.40,833.33,833.33,true,false,false,20.00
231591000,232286000,695000,14000,15000,1.40,833.33,833.33,true,false,false,20.00
232286000,232981000,695000,14000,15000,1.40,833.33,833.33,true,false,false,20.00
232981000,233677000,696000,10000,15000,1.00,1000.00,909.09,true,false,false,20.00
233677000,234378000,701000,11000,17000,1.00,1000.00,833.33,true,false,false,20.00
234378000,235143000,765000,14000,38000,1.00,1000.00,571.43,true,false,false,20.00
235143000,235772000,629000,25000,25000,1.00,1000.00,740.74,false,true,false,20.00
235772000,236476000,704000,13000,18000,1.00,1000.00,846.15,true,false,false,22.00
236476000,237177000,701000,16000,17000,1.00,1000.00,846.15,true,false,false,22.00
237177000,237878000,701000,12000,17000,1.00,1000.00,880.00,true,false,false,22.00
237878000,238582000,704000,13000,18000,1.00,1000.00,880.00,true,false,false,22.00
238582000,239289000,707000,13000,19000,1.00,1000.00,814.81,true,false,false,22.00
239289000,239990000,701000,16000,17000,1.00,1000.00,814.81,true,false,false,22.00
239990000,240691000,701000,16000,17000,1.00,1000.00,846.15,true,false,false,22.00
240691000,241393000,702000,16000,17000,1.00,1000.00,814.81,true,false,false,22.00
241393000,242094000,701000,16000,17000,1.00,1000.00,846.15,true,false,false,22.00
242094000,242795000,701000,16000,17000,1.00,1000.00,814.81,true,false,false,22.00
242795000,243496000,701000,16000,17000,1.00,1000.00,846.15,true,false,false,22.00
243496000,244197000,701000,16000,17000,1.00,1000.00,846.15,true,false,false,22.00
244197000,244898000,701000,16000,17000,1.00,1000.00,814.81,true,false,false,22.00
244898000,245599000,701000,16000,17000,1.00,1000.00,814.81,true,false,false,22.00
245599000,246300000,701000,16000,17000,1.00,1000.00,814.81,true,false,false,22.00
246300000,247002000,702000,16000,17000,1.00,1000.00,846.15,true,false,false,22.00
247002000,247703000,701000,16000,17000,1.00,1000.00,814.81,true,false,false,22.00
247703000,248404000,701000,16000,17000,1.00,1000.00,846.15,true,false,false,22.00
248404000,249105000,701000,16000,17000,1.00,1000.00,814.81,true,false,false,22.00
249105000,249806000,701000,16000,17000,1.00,1000.00,846.15,true,false,false,22.00
249806000,250507000,701000,16000,17000,1.00,1000.00,846.15,true,false,true,22.00
250507000,251208000,701000,16000,17000,1.60,846.15,814.81,true,false,false,22.00
251208000,251909000,701000,16000,17000,1.60,846.15,846.15,true,false,false,22.00
251909000,252611000,702000,16000,17000,1.60,846.15,814.81,true,false,false,22.00
252611000,253312000,701000,16000,17000,1.60,846.15,846.15,true,false,false,22.00
253312000,254013000,701000,12000,17000,1.20,956.52,956.52,true,false,false,22.00
254013000,254721000,708000,13000,19000,1.20,956.52,814.81,true,false,false,22.00
254721000,255422000,701000,16000,17000,1.20,956.52,814.81,true,false,false,22.00
255422000,256123000,701000,16000,17000,1.20,956.52,846.15,true,false,false,22.00
256123000,256754000,631000,17000,17000,1.20,956.52,880.00,false,true,false,22.00
256754000,257456000,702000,13000,17000,1.20,956.52,840.00,true,false,false,21.00
257456000,258154000,698000,15000,16000,1.20,956.52,840.00,true,false,false,21.00
258154000,258852000,698000,11000,16000,1.10,1000.00,875.00,true,false,false,21.00
258852000,259553000,701000,11000,17000,1.10,1000.00,875.00,true,false,false,21.00
259553000,260258000,705000,13000,18000,1.10,1000.00,840.00,true,false,false,21.00
260258000,261025000,767000,15000,39000,1.10,1000.00,567.57,true,false,false,21.00
261025000,261756000,731000,11000,27000,1.10,1000.00,807.69,true,false,false,21.00
261756000,262455000,699000,15000,16000,1.10,1000.00,840.00,true,false,false,21.00
262455000,263153000,698000,15000,16000,1.10,1000.00,807.69,true,false,false,21.00
263153000,263851000,698000,15000,16000,1.10,1000.00,840.00,true,false,false,21.00
263851000,264549000,698000,15000,16000,1.10,1000.00,840.00,true,false,false,21.00
264549000,265247000,698000,15000,16000,1.10,1000.00,807.69,true,false,false,21.00
265247000,265945000,698000,15000,16000,1.10,1000.00,807.69,true,false,false,21.00
265945000,266644000,699000,15000,16000,1.10,1000.00,807.69,true,false,false,21.00
266644000,267342000,698000,15000,16000,1.10,1000.00,840.00,true,false,false,21.00
267342000,268040000,698000,15000,16000,1.10,1000.00,840.00,true,false,false,21.00
268040000,268738000,698000,15000,16000,1.10,1000.00,840.00,true,false,false,21.00
268738000,269436000,698000,15000,16000,1.10,1000.00,840.00,true,false,false,21.00
269436000,270134000,698000,15000,16000,1.10,1000.00,807.69,true,false,false,21.00
270134000,270833000,699000,15000,16000,1.10,1000.00,807.69,true,false,false,21.00
270833000,271531000,698000,15000,16000,1.10,1000.00,807.69,true,false,true,21.00
271531000,272229000,698000,15000,16000,1.50,840.00,807.69,true,false,false,21.00
272229000,272927000,698000,15000,16000,1.50,840.00,840.00,true,false,false,21.00
272927000,273625000,698000,15000,16000,1.50,840.00,807.69,true,false,false,21.00
273625000,274323000,698000,15000,16000,1.50,840.00,807.69,true,false,false,21.00
274323000,275021000,698000,11000,16000,1.10,1000.00,875.00,true,false,false,21.00
275021000,275728000,707000,12000,19000,1.10,1000.00,807.69,true,false,false,21.00
275728000,276427000,699000,15000,16000,1.10,1000.00,807.69,true,false,false,21.00
276427000,277125000,698000,15000,16000,1.10,1000.00,807.69,true,false,false,21.00
277125000,277752000,627000,16000,16000,1.10,1000.00,875.00,false,true,false,21.00
277752000,278450000,698000,13000,16000,1.10,1000.00,833.33,true,false,false,20.00
278450000,279145000,695000,14000,15000,1.10,1000.00,800.00,true,false,false,20.00
279145000,279841000,696000,10000,15000,1.00,1000.00,869.57,true,false,false,20.00
279841000,280542000,701000,10000,17000,1.00,1000.00,869.57,true,false,false,20.00
280542000,281244000,702000,12000,17000,1.00,1000.00,800.00,true,false,false,20.00
281244000,281939000,695000,14000,15000,1.00,1000.00,833.33,true,false,false,20.00
281939000,282635000,696000,14000,15000,1.00,1000.00,833.33,true,false,false,20.00
282635000,283331000,696000,14000,15000,1.00,1000.00,833.33,true,false,false,20.00
283331000,284026000,695000,14000,15000,1.00,1000.00,833.33,true,false,false,20.00
284026000,284721000,695000,14000,15000,1.00,1000.00,800.00,true,false,false,20.00
284721000,285416000,695000,14000,15000,1.00,1000.00,800.00,true,false,false,20.00
285416000,286111000,695000,14000,15000,1.00,1000.00,800.00,true,false,false,20.00
286111000,286884000,773000,10000,41000,1.00,1000.00,833.33,true,false,false,20.00
286884000,287582000,698000,13000,16000,1.00,1000.00,833.33,true,false,false,20.00
287582000,288277000,695000,14000,15000,1.00,1000.00,833.33,true,false,false,20.00
288277000,288972000,695000,14000,15000,1.00,1000.00,833.33,true,false,false,20.00
288972000,289667000,695000,14000,15000,1.00,1000.00,833.33,true,false,false,20.00
289667000,290362000,695000,14000,15000,1.00,1000.00,833.33,true,false,false,20.00
290362000,291057000,695000,14000,15000,1.00,1000.00,833.33,true,false,false,20.00
291057000,291752000,695000,14000,15000,1.00,1000.00,833.33,true,false,false,20.00
291752000,292447000,695000,14000,15000,1.00,1000.00,833.33,true,false,true,20.00
292447000,293142000,695000,14000,15000,1.40,833.33,833.33,true,false,false,20.00
293142000,293837000,695000,14000,15000,1.40,833.33,800.00,true,false,false,20.00
293837000,294533000,696000,14000,15000,1.40,833.33,833.33,true,false,false,20.00
294533000,295228000,695000,14000,15000,1.40,833.33,800.00,true,false,false,20.00
295228000,295923000,695000,10000,15000,1.00,1000.00,909.09,true,false,false,20.00
295923000,296625000,702000,11000,17000,1.00,1000.00,833.33,true,false,false,20.00
296625000,297320000,695000,14000,15000,1.00,1000.00,833.33,true,false,false,20.00
297320000,298015000,695000,14000,15000,1.00,1000.00,833.33,true,false,false,20.00
298015000,298634000,619000,14000,14000,1.00,1000.00,869.57,false,true,false,20.00
298634000,299332000,698000,12000,16000,1.00,1000.00,833.33,true,false,false,20.00
299332000,300027000,695000,14000,15000,1.00,1000.00,800.00,true,false,false,20.00
300027000,300723000,696000,10000,15000,1.00,1000.00,869.57,true,false,false,20.00
300723000,301422000,699000,10000,16000,1.00,1000.00,869.57,true,false,false,20.00
301422000,302123000,701000,12000,17000,1.00,1000.00,833.33,true,false,false,20.00
302123000,302818000,695000,14000,15000,1.00,1000.00,800.00,true,false,false,20.00
302818000,303513000,695000,14000,15000,1.00,1000.00,833.33,true,false,false,20.00
303513000,304208000,695000,14000,15000,1.00,1000.00,800.00,true,false,false,20.00
304208000,304903000,695000,14000,15000,1.00,1000.00,833.33,true,false,false,20.00
304903000,305598000,695000,14000,15000,1.00,1000.00,833.33,true,false,false,20.00
305598000,306294000,696000,14000,15000,1.00,1000.00,833.33,true,false,false,20.00
306294000,306989000,695000,14000,15000,1.00,1000.00,833.33,true,false,false,20.00
306989000,307684000,695000,14000,15000,1.00,1000.00,833.33,true,false,false,20.00
307684000,308379000,695000,14000,15000,1.00,1000.00,833.33,true,false,false,20.00
308379000,309074000,695000,14000,15000,1.00,1000.00,833.33,true,false,false,20.00
309074000,309769000,695000,14000,15000,1.00,1000.00,800.00,true,false,false,20.00
309769000,310464000,695000,14000,15000,1.00,1000.00,833.33,true,false,false,20.00
310464000,311159000,695000,14000,15000,1.00,1000.00,800.00,true,false,false,20.00
311159000,311927000,768000,14000,39000,1.00,1000.00,555.56,true,false,false,20.00
311927000,312655000,728000,10000,26000,1.00,1000.00,800.00,true,false,false,20.00
312655000,313350000,695000,14000,15000,1.00,1000.00,800.00,true,false,true,20.00
313350000,314045000,695000,14000,15000,1.40,833.33,833.33,true,false,false,20.00
314045000,314740000,695000,14000,15000,1.40,833.33,833.33,true,false,false,20.00
314740000,315435000,695000,14000,15000,1.40,833.33,833.33,true,false,false,20.00
315435000,316131000,696000,14000,15000,1.40,833.33,833.33,true,false,false,20.00
316131000,316826000,695000,10000,15000,1.00,1000.00,869.57,true,false,false,20.00
316826000,317530000,704000,12000,18000,1.00,1000.00,800.00,true,false,false,20.00
317530000,318225000,695000,14000,15000,1.00,1000.00,800.00,true,false,false,20.00
318225000,318921000,696000,14000,15000,1.00,1000.00,800.00,true,false,false,20.00
318921000,319540000,619000,15000,15000,1.00,1000.00,833.33,false,true,false,20.00
319540000,320239000,699000,13000,16000,1.00,1000.00,833.33,true,false,false,20.00
320239000,320935000,696000,14000,15000,1.00,1000.00,800.00,true,false,false,20.00
320935000,321631000,696000,10000,15000,1.00,1000.00,909.09,true,false,false,20.00
321631000,322332000,701000,10000,17000,1.00,1000.00,869.57,true,false,false,20.00
322332000,323033000,701000,12000,17000,1.00,1000.00,800.00,true,false,false,20.00
323033000,323728000,695000,14000,15000,1.00,1000.00,833.33,true,false,false,20.00
323728000,324423000,695000,14000,15000,1.00,1000.00,800.00,true,false,false,20.00
324423000,325118000,695000,14000,15000,1.00,1000.00,833.33,true,false,false,20.00
325118000,325813000,695000,14000,15000,1.00,1000.00,800.00,true,false,false,20.00
325813000,326508000,695000,14000,15000,1.00,1000.00,833.33,true,false,false,20.00
326508000,327203000,695000,14000,15000,1.00,1000.00,833.33,true,false,false,20.00
327203000,327898000,695000,14000,15000,1.00,1000.00,833.33,true,false,false,20.00
327898000,328593000,695000,14000,15000,1.00,1000.00,833.33,true,false,false,20.00
328593000,329288000,695000,14000,15000,1.00,1000.00,800.00,true,false,false,20.00
329288000,329983000,695000,14000,15000,1.00,1000.00,833.33,true,false,false,20.00
329983000,330678000,695000,14000,15000,1.00,1000.00,800.00,true,false,false,20.00
330678000,331373000,695000,14000,15000,1.00,1000.00,800.00,true,false,false,20.00
331373000,332068000,695000,14000,15000,1.00,1000.00,800.00,true,false,false,20.00
332068000,332763000,695000,14000,15000,1.00,1000.00,800.00,true,false,false,20.00
332763000,333458000,695000,14000,15000,1.00,1000.00,800.00,true,false,false,20.00
333458000,334153000,695000,14000,15000,1.00,1000.00,833.33,true,false,true,20.00
334153000,334848000,695000,14000,15000,1.40,833.33,800.00,true,false,false,20.00
334848000,335543000,695000,14000,15000,1.40,833.33,833.33,true,false,false,20.00
335543000,336238000,695000,14000,15000,1.40,833.33,833.33,true,false,false,20.00
336238000,337011000,773000,14000,41000,1.40,833.33,526.32,true,false,false,20.00
337011000,337745000,734000,10000,28000,1.00,1000.00,909.09,true,false,false,20.00
337745000,338447000,702000,12000,17000,1.00,1000.00,833.33,true,false,false,20.00
338447000,339142000,695000,14000,15000,1.00,1000.00,833.33,true,false,false,20.00
339142000,339837000,695000,14000,15000,1.00,1000.00,833.33,true,false,false,20.00
339837000,340456000,619000,14000,14000,1.00,1000.00,869.57,false,true,false,20.00
340456000,341154000,698000,12000,16000,1.00,1000.00,833.33,true,false,false,20.00
341154000,341849000,695000,14000,15000,1.00,1000.00,833.33,true,false,false,20.00
341849000,342544000,695000,10000,15000,1.00,1000.00,909.09,true,false,false,20.00
342544000,343242000,698000,10000,16000,1.00,1000.00,909.09,true,false,false,20.00
343242000,343943000,701000,12000,17000,1.00,1000.00,800.00,true,false,false,20.00
343943000,344638000,695000,14000,15000,1.00,1000.00,800.00,true,false,false,20.00
344638000,345333000,695000,14000,15000,1.00,1000.00,800.00,true,false,false,20.00
345333000,346029000,696000,14000,15000,1.00,1000.00,800.00,true,false,false,20.00
346029000,346724000,695000,14000,15000,1.00,1000.00,800.00,true,false,false,20.00
346724000,347419000,695000,14000,15000,1.00,1000.00,833.33,true,false,false,20.00
347419000,348114000,695000,14000,15000,1.00,1000.00,833.33,true,false,false,20.00
348114000,348809000,695000,14000,15000,1.00,1000.00,833.33,true,false,false,20.00
348809000,349505000,696000,14000,15000,1.00,1000.00,833.33,true,false,false,20.00
349505000,350200000,695000,14000,15000,1.00,1000.00,833.33,true,false,false,20.00
350200000,350895000,695000,14000,15000,1.00,1000.00,833.33,true,false,false,20.00
350895000,351590000,695000,14000,15000,1.00,1000.00,833.33,true,false,false,20.00
351590000,352285000,695000,14000,15000,1.00,1000.00,833.33,true,false,false,20.00
352285000,352980000,695000,14000,15000,1.00,1000.00,833.33,true,false,false,20.00
352980000,353676000,696000,14000,15000,1.00,1000.00,833.33,true,false,false,20.00
353676000,354371000,695000,14000,15000,1.00,1000.00,833.33,true,false,false,20.00
354371000,355066000,695000,14000,15000,1.00,1000.00,833.33,true,false,true,20.00
355066000,355761000,695000,14000,15000,1.40,833.33,800.00,true,false,false,20.00
355761000,356456000,695000,14000,15000,1.40,833.33,800.00,true,false,false,20.00
356456000,357152000,696000,14000,15000,1.40,833.33,800.00,true,false,false,20.00
357152000,357847000,695000,14000,15000,1.40,833.33,800.00,true,false,false,20.00
357847000,358542000,695000,10000,15000,1.00,1000.00,909.09,true,false,false,20.00
358542000,359243000,701000,11000,17000,1.00,1000.00,833.33,true,false,false,20.00
359243000,359938000,695000,14000,15000,1.00,1000.00,833.33,true,false,false,20.00
359938000,360633000,695000,14000,15000,1.00,1000.00,800.00,true,false,false,20.00
360633000,361253000,620000,14000,14000,1.00,1000.00,833.33,false,true,false,20.00
361253000,361951000,698000,12000,16000,1.00,1000.00,833.33,true,false,false,20.00
361951000,362719000,768000,14000,39000,1.00,1000.00,571.43,true,false,false,20.00
362719000,363447000,728000,10000,26000,1.00,1000.00,869.57,true,false,false,20.00
363447000,364148000,701000,10000,17000,1.00,1000.00,869.57,true,false,false,20.00
364148000,364849000,701000,12000,17000,1.00,1000.00,800.00,true,false,false,20.00
364849000,365544000,695000,14000,15000,1.00,1000.00,800.00,true,false,false,20.00
365544000,366240000,696000,14000,15000,1.00,1000.00,800.00,true,false,false,20.00
366240000,366935000,695000,14000,15000,1.00,1000.00,833.33,true,false,false,20.00
366935000,367630000,695000,14000,15000,1.00,1000.00,833.33,true,false,false,20.00
367630000,368326000,696000,14000,15000,1.00,1000.00,833.33,true,false,false,20.00
368326000,369021000,695000,14000,15000,1.00,1000.00,833.33,true,false,false,20.00
369021000,369716000,695000,14000,15000,1.00,1000.00,833.33,true,false,false,20.00
369716000,370411000,695000,14000,15000,1.00,1000.00,800.00,true,false,false,20.00
370411000,371106000,695000,14000,15000,1.00,1000.00,800.00,true,false,false,20.00
371106000,371802000,696000,14000,15000,1.00,1000.00,800.00,true,false,false,20.00
371802000,372497000,695000,14000,15000,1.00,1000.00,800.00,true,false,false,20.00
372497000,373192000,695000,14000,15000,1.00,1000.00,800.00,true,false,false,20.00
373192000,373887000,695000,14000,15000,1.00,1000.00,800.00,true,false,false,20.00
373887000,374582000,695000,14000,15000,1.00,1000.00,800.00,true,false,false,20.00
374582000,375277000,695000,14000,15000,1.00,1000.00,800.00,true,false,false,20.00
375277000,375973000,696000,14000,15000,1.00,1000.00,800.00,true,false,true,20.00
375973000,376668000,695000,14000,15000,1.40,833.33,833.33,true,false,false,20.00
376668000,377363000,695000,14000,15000,1.40,833.33,833.33,true,false,false,20.00
377363000,378058000,695000,14000,15000,1.40,833.33,833.33,true,false,false,20.00
378058000,378754000,696000,14000,15000,1.40,833.33,833.33,true,false,false,20.00
378754000,379449000,695000,10000,15000,1.00,1000.00,869.57,true,false,false,20.00
379449000,380153000,704000,12000,18000,1.00,1000.00,800.00,true,false,false,20.00
380153000,380848000,695000,14000,15000,1.00,1000.00,800.00,true,false,false,20.00
380848000,381544000,696000,14000,15000,1.00,1000.00,833.33,true,false,false,20.00
381544000,382165000,621000,15000,15000,1.00,1000.00,833.33,false,true,false,20.00
382165000,382864000,699000,12000,16000,1.00,1000.00,800.00,true,false,false,20.00
382864000,383559000,695000,14000,15000,1.00,1000.00,800.00,true,false,false,20.00
383559000,384254000,695000,10000,15000,1.00,1000.00,869.57,true,false,false,20.00
384254000,384955000,701000,10000,17000,1.00,1000.00,869.57,true,false,false,20.00
384955000,385656000,701000,12000,17000,1.00,1000.00,800.00,true,false,false,20.00
385656000,386351000,695000,14000,15000,1.00,1000.00,800.00,true,false,false,20.00
386351000,387046000,695000,14000,15000,1.00,1000.00,800.00,true,false,false,20.00
387046000,387741000,695000,14000,15000,1.00,1000.00,833.33,true,false,false,20.00
387741000,388511000,770000,10000,40000,1.00,1000.00,800.00,true,false,false,20.00
388511000,389209000,698000,14000,16000,1.00,1000.00,833.33,true,false,false,20.00
389209000,389904000,695000,14000,15000,1.00,1000.00,800.00,true,false,false,20.00
389904000,390599000,695000,14000,15000,1.00,1000.00,800.00,true,false,false,20.00
390599000,391294000,695000,14000,15000,1.00,1000.00,800.00,true,false,false,20.00
391294000,391989000,695000,14000,15000,1.00,1000.00,800.00,true,false,false,20.00
391989000,392684000,695000,14000,15000,1.00,1000.00,800.00,true,false,false,20.00
392684000,393379000,695000,14000,15000,1.00,1000.00,833.33,true,false,false,20.00
393379000,394074000,695000,14000,15000,1.00,1000.00,833.33,true,false,false,20.00
394074000,394769000,695000,14000,15000,1.00,1000.00,833.33,true,false,false,20.00
394769000,395464000,695000,14000,15000,1.00,1000.00,833.33,true,false,false,20.00
395464000,396159000,695000,14000,15000,1.00,1000.00,833.33,true,false,false,20.00
396159000,396854000,695000,14000,15000,1.00,1000.00,800.00,true,false,true,20.00
396854000,397549000,695000,14000,15000,1.40,833.33,800.00,true,false,false,20.00
397549000,398244000,695000,14000,15000,1.40,833.33,800.00,true,false,false,20.00
398244000,398939000,695000,14000,15000,1.40,833.33,800.00,true,false,false,20.00
398939000,399634000,695000,14000,15000,1.40,833.33,800.00,true,false,false,20.00
399634000,400329000,695000,10000,15000,1.00,1000.00,869.57,true,false,false,20.00
400329000,401033000,704000,12000,18000,1.00,1000.00,800.00,true,false,false,20.00
401033000,401728000,695000,14000,15000,1.00,1000.00,800.00,true,false,false,20.00
401728000,402423000,695000,14000,15000,1.00,1000.00,800.00,true,false,false,20.00
402423000,403044000,621000,15000,15000,1.00,1000.00,714.29,false,true,false,20.00
403044000,403742000,698000,12000,16000,1.00,1000.00,833.33,true,false,false,20.00
403742000,404437000,695000,14000,15000,1.00,1000.00,800.00,true,false,false,20.00
404437000,405133000,696000,10000,15000,1.00,1000.00,869.57,true,false,false,20.00
405133000,405834000,701000,10000,17000,1.00,1000.00,869.57,true,false,false,20.00
405834000,406535000,701000,12000,17000,1.00,1000.00,833.33,true,false,false,20.00
406535000,407231000,696000,14000,15000,1.00,1000.00,833.33,true,false,false,20.00
407231000,407927000,696000,14000,15000,1.00,1000.00,833.33,true,false,false,20.00
407927000,408623000,696000,14000,15000,1.00,1000.00,833.33,true,false,false,20.00
408623000,409319000,696000,14000,15000,1.00,1000.00,833.33,true,false,false,20.00
409319000,410014000,695000,14000,15000,1.00,1000.00,800.00,true,false,false,20.00
410014000,410709000,695000,14000,15000,1.00,1000.00,800.00,true,false,false,20.00
410709000,411404000,695000,14000,15000,1.00,1000.00,800.00,true,false,false,20.00
411404000,412099000,695000,14000,15000,1.00,1000.00,800.00,true,false,false,20.00
412099000,412794000,695000,14000,15000,1.00,1000.00,800.00,true,false,false,20.00
412794000,413567000,773000,14000,41000,1.00,1000.00,526.32,true,false,false,20.00
413567000,414302000,735000,10000,28000,1.00,1000.00,833.33,true,false,false,20.00
414302000,414997000,695000,14000,15000,1.00,1000.00,800.00,true,false,false,20.00
414997000,415692000,695000,14000,15000,1.00,1000.00,833.33,true,false,false,20.00
415692000,416387000,695000,14000,15000,1.00,1000.00,833.33,true,false,false,20.00
416387000,417082000,695000,14000,15000,1.00,1000.00,833.33,true,false,false,20.00
417082000,417777000,695000,14000,15000,1.00,1000.00,833.33,true,false,true,20.00
417777000,418472000,695000,14000,15000,1.40,833.33,833.33,true,false,false,20.00
418472000,419167000,695000,14000,15000,1.40,833.33,833.33,true,false,false,20.00
419167000,419862000,695000,14000,15000,1.40,833.33,833.33,true,false,false,20.00
419862000,420558000,696000,14000,15000,1.40,833.33,833.33,true,false,false,20.00
420558000,421253000,695000,10000,15000,1.00,1000.00,869.57,true,false,false,20.00
421253000,421954000,701000,12000,17000,1.00,1000.00,800.00,true,false,false,20.00
421954000,422650000,696000,14000,15000,1.00,1000.00,800.00,true,false,false,20.00
422650000,423345000,695000,14000,15000,1.00,1000.00,800.00,true,false,false,20.00
423345000,423965000,620000,14000,14000,1.00,1000.00,869.57,false,true,false,20.00
423965000,424663000,698000,12000,16000,1.00,1000.00,833.33,true,false,false,20.00
424663000,425359000,696000,14000,15000,1.00,1000.00,833.33,true,false,false,20.00
425359000,426055000,696000,10000,15000,1.00,1000.00,909.09,true,false,false,20.00
426055000,426756000,701000,10000,17000,1.00,1000.00,769.23,true,false,false,20.00
426756000,427451000,695000,13000,15000,1.00,1000.00,833.33,true,false,false,20.00
427451000,428147000,696000,14000,15000,1.00,1000.00,833.33,true,false,false,20.00
428147000,428842000,695000,14000,15000,1.00,1000.00,833.33,true,false,false,20.00
428842000,429537000,695000,14000,15000,1.00,1000.00,833.33,true,false,false,20.00
429537000,430232000,695000,14000,15000,1.00,1000.00,833.33,true,false,false,20.00
430232000,430927000,695000,14000,15000,1.00,1000.00,833.33,true,false,false,20.00
430927000,431622000,695000,14000,15000,1.00,1000.00,833.33,true,false,false,20.00
431622000,432317000,695000,14000,15000,1.00,1000.00,833.33,true,false,false,20.00
432317000,433012000,695000,14000,15000,1.00,1000.00,800.00,true,false,false,20.00
433012000,433707000,695000,14000,15000,1.00,1000.00,833.33,true,false,false,20.00
433707000,434403000,696000,14000,15000,1.00,1000.00,800.00,true,false,false,20.00
434403000,435098000,695000,14000,15000,1.00,1000.00,833.33,true,false,false,20.00
435098000,435793000,695000,14000,15000,1.00,1000.00,833.33,true,false,false,20.00
435793000,436488000,695000,14000,15000,1.00,1000.00,833.33,true,false,false,20.00
436488000,437183000,695000,14000,15000,1.00,1000.00,833.33,true,false,false,20.00
437183000,437878000,695000,14000,15000,1.00,1000.00,800.00,true,false,false,20.00
437878000,438649000,771000,14000,40000,1.00,1000.00,555.56,true,false,true,20.00
438649000,439381000,732000,10000,27000,1.00,1000.00,833.33,true,false,false,20.00
439381000,440076000,695000,14000,15000,1.00,1000.00,800.00,true,false,false,20.00
440076000,440771000,695000,14000,15000,1.00,1000.00,800.00,true,false,false,20.00
440771000,441466000,695000,14000,15000,1.00,1000.00,800.00,true,false,false,20.00
441466000,442170000,704000,10000,18000,1.00,1000.00,869.57,true,false,false,20.00
442170000,442868000,698000,13000,16000,1.00,1000.00,833.33,true,false,false,20.00
442868000,443563000,695000,14000,15000,1.00,1000.00,800.00,true,false,false,20.00
443563000,444258000,695000,14000,15000,1.00,1000.00,833.33,true,false,false,20.00
444258000,444879000,621000,14000,14000,1.00,1000.00,869.57,false,true,false,20.00
444879000,445577000,698000,13000,16000,1.00,1000.00,833.33,true,false,false,20.00
445577000,446272000,695000,14000,15000,1.00,1000.00,833.33,true,false,false,20.00
446272000,446967000,695000,10000,15000,1.00,1000.00,909.09,true,false,false,20.00
446967000,447668000,701000,10000,17000,1.00,1000.00,833.33,true,false,false,20.00
447668000,448366000,698000,13000,16000,1.00,1000.00,800.00,true,false,false,20.00
448366000,449061000,695000,14000,15000,1.00,1000.00,800.00,true,false,false,20.00
449061000,449757000,696000,14000,15000,1.00,1000.00,800.00,true,false,false,20.00
449757000,450452000,695000,14000,15000,1.00,1000.00,833.33,true,false,false,20.00
450452000,451147000,695000,14000,15000,1.00,1000.00,833.33,true,false,false,20.00
451147000,451842000,695000,14000,15000,1.00,1000.00,833.33,true,false,false,20.00
451842000,452537000,695000,14000,15000,1.00,1000.00,833.33,true,false,false,20.00
452537000,453232000,695000,14000,15000,1.00,1000.00,833.33,true,false,false,20.00
453232000,453927000,695000,14000,15000,1.00,1000.00,833.33,true,false,false,20.00
453927000,454622000,695000,14000,15000,1.00,1000.00,833.33,true,false,false,20.00
454622000,455317000,695000,14000,15000,1.00,1000.00,833.33,true,false,false,20.00
455317000,456012000,695000,14000,15000,1.00,1000.00,833.33,true,false,false,20.00
456012000,456707000,695000,14000,15000,1.00,1000.00,833.33,true,false,false,20.00
456707000,457403000,696000,14000,15000,1.00,1000.00,800.00,true,false,false,20.00
457403000,458099000,696000,14000,15000,1.00,1000.00,833.33,true,false,false,20.00
458099000,458794000,695000,14000,15000,1.00,1000.00,800.00,true,false,false,20.00
458794000,459489000,695000,14000,15000,1.00,1000.00,800.00,true,false,true,20.00
459489000,460184000,695000,14000,15000,1.40,833.33,800.00,true,false,false,20.00
460184000,460880000,696000,14000,15000,1.40,833.33,833.33,true,false,false,20.00
460880000,461575000,695000,14000,15000,1.40,833.33,833.33,true,false,false,20.00
461575000,462271000,696000,14000,15000,1.40,833.33,833.33,true,false,false,20.00
462271000,462975000,704000,10000,18000,1.00,952.38,869.57,true,false,false,20.00
462975000,463673000,698000,13000,16000,1.00,952.38,833.33,true,false,false,20.00
463673000,464443000,770000,14000,40000,1.00,952.38,540.54,true,false,false,20.00
464443000,465175000,732000,10000,27000,1.00,1000.00,800.00,true,false,false,20.00
465175000,465795000,620000,15000,15000,1.00,1000.00,869.57,false,true,false,20.00
465795000,466493000,698000,13000,16000,1.00,1000.00,800.00,true,false,false,20.00
466493000,467188000,695000,14000,15000,1.00,1000.00,800.00,true,false,false,20.00
467188000,467883000,695000,11000,15000,1.00,1000.00,869.57,true,false,false,20.00
467883000,468584000,701000,10000,17000,1.00,1000.00,833.33,true,false,false,20.00
468584000,469283000,699000,14000,16000,1.00,1000.00,833.33,true,false,false,20.00
469283000,469978000,695000,14000,15000,1.00,1000.00,833.33,true,false,false,20.00
469978000,470674000,696000,14000,15000,1.00,1000.00,833.33,true,false,false,20.00
470674000,471370000,696000,14000,15000,1.00,1000.00,800.00,true,false,false,20.00
471370000,472066000,696000,14000,15000,1.00,1000.00,800.00,true,false,false,20.00
472066000,472761000,695000,14000,15000,1.00,1000.00,800.00,true,false,false,20.00
472761000,473456000,695000,14000,15000,1.00,1000.00,800.00,true,false,false,20.00
473456000,474151000,695000,14000,15000,1.00,1000.00,833.33,true,false,false,20.00
474151000,474847000,696000,14000,15000,1.00,1000.00,833.33,true,false,false,20.00
474847000,475542000,695000,14000,15000,1.00,1000.00,833.33,true,false,false,20.00
475542000,476238000,696000,14000,15000,1.00,1000.00,833.33,true,false,false,20.00
476238000,476933000,695000,14000,15000,1.00,1000.00,833.33,true,false,false,20.00
476933000,477628000,695000,14000,15000,1.00,1000.00,800.00,true,false,false,20.00
477628000,478323000,695000,14000,15000,1.00,1000.00,800.00,true,false,false,20.00
478323000,479018000,695000,14000,15000,1.00,1000.00,800.00,true,false,false,20.00
479018000,479713000,695000,14000,15000,1.00,1000.00,800.00,true,false,false,20.00
479713000,480409000,696000,14000,15000,1.00,1000.00,800.00,true,false,true,20.00
480409000,481105000,696000,14000,15000,1.40,833.33,800.00,true,false,false,20.00
481105000,481800000,695000,14000,15000,1.40,833.33,800.00,true,false,false,20.00
481800000,482495000,695000,14000,15000,1.40,833.33,800.00,true,false,false,20.00
482495000,483190000,695000,14000,15000,1.40,833.33,800.00,true,false,false,20.00
483190000,483894000,704000,10000,18000,1.00,1000.00,800.00,true,false,false,20.00
483894000,484589000,695000,14000,15000,1.00,1000.00,800.00,true,false,false,20.00
484589000,485284000,695000,14000,15000,1.00,1000.00,800.00,true,false,false,20.00
485284000,485979000,695000,14000,15000,1.00,1000.00,833.33,true,false,false,20.00
485979000,486600000,621000,14000,14000,1.00,1000.00,833.33,false,true,false,20.00
486600000,487298000,698000,12000,16000,1.00,1000.00,800.00,true,false,false,20.00
487298000,487993000,695000,14000,15000,1.00,1000.00,800.00,true,false,false,20.00
487993000,488689000,696000,11000,15000,1.00,1000.00,869.57,true,false,false,20.00
488689000,489390000,701000,10000,17000,1.00,1000.00,800.00,true,false,false,20.00
489390000,490157000,767000,14000,39000,1.00,1000.00,555.56,true,false,false,20.00
490157000,490889000,732000,10000,27000,1.00,1000.00,833.33,true,false,false,20.00
490889000,491584000,695000,14000,15000,1.00,1000.00,833.33,true,false,false,20.00
491584000,492279000,695000,14000,15000,1.00,1000.00,800.00,true,false,false,20.00
492279000,492974000,695000,14000,15000,1.00,1000.00,833.33,true,false,false,20.00
492974000,493669000,695000,14000,15000,1.00,1000.00,800.00,true,false,false,20.00
493669000,494364000,695000,14000,15000,1.00,1000.00,833.33,true,false,false,20.00
494364000,495059000,695000,14000,15000,1.00,1000.00,800.00,true,false,false,20.00
495059000,495755000,696000,14000,15000,1.00,1000.00,833.33,true,false,false,20.00
495755000,496450000,695000,14000,15000,1.00,1000.00,833.33,true,false,false,20.00
496450000,497145000,695000,14000,15000,1.00,1000.00,800.00,true,false,false,20.00
497145000,497840000,695000,14000,15000,1.00,1000.00,833.33,true,false,false,20.00
497840000,498535000,695000,14000,15000,1.00,1000.00,800.00,true,false,false,20.00
498535000,499230000,695000,14000,15000,1.00,1000.00,833.33,true,false,false,20.00
499230000,499925000,695000,14000,15000,1.00,1000.00,800.00,true,false,false,20.00
499925000,500620000,695000,14000,15000,1.00,1000.00,833.33,true,false,false,20.00
500620000,501315000,695000,14000,15000,1.00,1000.00,833.33,true,false,true,20.00
501315000,502011000,696000,14000,15000,1.40,833.33,833.33,true,false,false,20.00
502011000,502706000,695000,14000,15000,1.40,833.33,800.00,true,false,false,20.00
502706000,503401000,695000,14000,15000,1.40,833.33,833.33,true,false,false,20.00
503401000,504096000,695000,10000,15000,1.00,952.38,952.38,true,false,false,20.00
504096000,504797000,701000,11000,17000,1.00,952.38,833.33,true,false,false,20.00
504797000,505492000,695000,14000,15000,1.00,952.38,833.33,true,false,false,20.00
505492000,506187000,695000,14000,15000,1.00,952.38,833.33,true,false,false,20.00
506187000,506882000,695000,14000,15000,1.00,952.38,833.33,true,false,false,20.00
506882000,507500000,618000,15000,15000,1.00,952.38,833.33,false,true,false,20.00
507500000,508201000,701000,12000,17000,1.00,952.38,807.69,true,false,false,21.00
508201000,508899000,698000,15000,16000,1.00,952.38,840.00,true,false,false,21.00
508899000,509600000,701000,12000,17000,1.00,954.55,777.78,true,false,false,21.00
509600000,510304000,704000,11000,18000,1.00,954.55,807.69,true,false,false,21.00
510304000,511003000,699000,15000,16000,1.00,954.55,807.69,true,false,false,21.00
511003000,511701000,698000,15000,16000,1.00,954.55,807.69,true,false,false,21.00
511701000,512399000,698000,15000,16000,1.00,954.55,807.69,true,false,false,21.00
512399000,513097000,698000,15000,16000,1.00,954.55,807.69,true,false,false,21.00
513097000,513795000,698000,15000,16000,1.00,954.55,840.00,true,false,false,21.00
513795000,514493000,698000,15000,16000,1.00,954.55,840.00,true,false,false,21.00
514493000,515191000,698000,15000,16000,1.00,954.55,840.00,true,false,false,21.00
515191000,515967000,776000,11000,42000,1.00,1000.00,840.00,true,false,false,21.00
515967000,516669000,702000,14000,17000,1.00,1000.00,840.00,true,false,false,21.00
516669000,517367000,698000,15000,16000,1.00,1000.00,807.69,true,false,false,21.00
517367000,518065000,698000,15000,16000,1.00,1000.00,840.00,true,false,false,21.00
518065000,518764000,699000,15000,16000,1.00,1000.00,840.00,true,false,false,21.00
518764000,519462000,698000,15000,16000,1.00,1000.00,840.00,true,false,false,21.00
519462000,520160000,698000,15000,16000,1.00,1000.00,840.00,true,false,false,21.00
520160000,520858000,698000,15000,16000,1.00,1000.00,840.00,true,false,false,21.00
520858000,521557000,699000,15000,16000,1.00,1000.00,840.00,true,false,false,21.00
521557000,522255000,698000,15000,16000,1.00,1000.00,840.00,true,false,true,21.00
522255000,522953000,698000,15000,16000,1.50,840.00,807.69,true,false,false,21.00
522953000,523651000,698000,15000,16000,1.50,840.00,807.69,true,false,false,21.00
523651000,524349000,698000,15000,16000,1.50,840.00,840.00,true,false,false,21.00
524349000,525047000,698000,11000,16000,1.10,1000.00,875.00,true,false,false,21.00
525047000,525751000,704000,12000,18000,1.10,1000.00,807.69,true,false,false,21.00
525751000,526449000,698000,15000,16000,1.10,1000.00,840.00,true,false,false,21.00
526449000,527147000,698000,15000,16000,1.10,1000.00,840.00,true,false,false,21.00
527147000,527845000,698000,15000,16000,1.10,1000.00,807.69,true,false,false,21.00
527845000,528471000,626000,15000,15000,1.10,1000.00,875.00,false,true,false,21.00
528471000,529172000,701000,13000,17000,1.10,1000.00,840.00,true,false,false,21.00
529172000,529870000,698000,15000,16000,1.10,1000.00,840.00,true,false,false,21.00
529870000,530568000,698000,11000,16000,1.10,1000.00,913.04,true,false,false,21.00
530568000,531272000,704000,11000,18000,1.10,1000.00,840.00,true,false,false,21.00
531272000,531970000,698000,15000,16000,1.10,1000.00,840.00,true,false,false,21.00
531970000,532668000,698000,15000,16000,1.10,1000.00,840.00,true,false,false,21.00
532668000,533366000,698000,15000,16000,1.10,1000.00,840.00,true,false,false,21.00
533366000,534064000,698000,15000,16000,1.10,1000.00,840.00,true,false,false,21.00
534064000,534762000,698000,15000,16000,1.10,1000.00,807.69,true,false,false,21.00
534762000,535460000,698000,15000,16000,1.10,1000.00,840.00,true,false,false,21.00
535460000,536158000,698000,15000,16000,1.10,1000.00,807.69,true,false,false,21.00
536158000,536856000,698000,15000,16000,1.10,1000.00,840.00,true,false,false,21.00
536856000,537554000,698000,15000,16000,1.10,1000.00,840.00,true,false,false,21.00
537554000,538252000,698000,15000,16000,1.10,1000.00,840.00,true,false,false,21.00
538252000,538950000,698000,15000,16000,1.10,1000.00,840.00,true,false,false,21.00
538950000,539648000,698000,15000,16000,1.10,1000.00,840.00,true,false,false,21.00
539648000,540346000,698000,15000,16000,1.10,1000.00,807.69,true,false,false,21.00
540346000,541122000,776000,15000,42000,1.10,1000.00,552.63,true,false,false,21.00
541122000,541856000,734000,11000,28000,1.10,1000.00,840.00,true,false,false,21.00
541856000,542554000,698000,15000,16000,1.10,1000.00,840.00,true,false,false,21.00
542554000,543252000,698000,15000,16000,1.10,1000.00,840.00,true,false,true,21.00
543252000,543950000,698000,15000,16000,1.50,840.00,807.69,true,false,false,21.00
543950000,544648000,698000,15000,16000,1.50,840.00,807.69,true,false,false,21.00
544648000,545346000,698000,15000,16000,1.50,840.00,807.69,true,false,false,21.00
545346000,546044000,698000,11000,16000,1.10,1000.00,913.04,true,false,false,21.00
546044000,546748000,704000,13000,18000,1.10,1000.00,840.00,true,false,false,21.00
546748000,547446000,698000,15000,16000,1.10,1000.00,840.00,true,false,false,21.00
547446000,548144000,698000,15000,16000,1.10,1000.00,840.00,true,false,false,21.00
548144000,548842000,698000,15000,16000,1.10,1000.00,840.00,true,false,false,21.00
548842000,549468000,626000,15000,15000,1.10,1000.00,750.00,false,true,false,21.00
549468000,550169000,701000,14000,17000,1.10,1000.00,807.69,true,false,false,21.00
550169000,550867000,698000,15000,16000,1.10,1000.00,840.00,true,false,false,21.00
550867000,551568000,701000,11000,17000,1.10,1000.00,807.69,true,false,false,21.00
551568000,552272000,704000,12000,18000,1.10,1000.00,807.69,true,false,false,21.00
552272000,552970000,698000,15000,16000,1.10,1000.00,840.00,true,false,false,21.00
552970000,553668000,698000,15000,16000,1.10,1000.00,840.00,true,false,false,21.00
553668000,554366000,698000,15000,16000,1.10,1000.00,807.69,true,false,false,21.00
554366000,555065000,699000,15000,16000,1.10,1000.00,840.00,true,false,false,21.00
555065000,555763000,698000,15000,16000,1.10,1000.00,840.00,true,false,false,21.00
555763000,556461000,698000,15000,16000,1.10,1000.00,807.69,true,false,false,21.00
556461000,557159000,698000,15000,16000,1.10,1000.00,807.69,true,false,false,21.00
557159000,557857000,698000,15000,16000,1.10,1000.00,840.00,true,false,false,21.00
557857000,558555000,698000,15000,16000,1.10,1000.00,840.00,true,false,false,21.00
558555000,559253000,698000,15000,16000,1.10,1000.00,840.00,true,false,false,21.00
559253000,559951000,698000,15000,16000,1.10,1000.00,840.00,true,false,false,21.00
559951000,560650000,699000,15000,16000,1.10,1000.00,840.00,true,false,false,21.00
560650000,561348000,698000,15000,16000,1.10,1000.00,807.69,true,false,false,21.00
561348000,562046000,698000,15000,16000,1.10,1000.00,840.00,true,false,false,21.00
562046000,562745000,699000,15000,16000,1.10,1000.00,840.00,true,false,false,21.00
562745000,563443000,698000,15000,16000,1.10,1000.00,807.69,true,false,false,21.00
563443000,564141000,698000,15000,16000,1.10,1000.00,840.00,true,false,true,21.00
564141000,564839000,698000,15000,16000,1.50,840.00,840.00,true,false,false,21.00
564839000,565537000,698000,15000,16000,1.50,840.00,840.00,true,false,false,21.00
565537000,566235000,698000,15000,16000,1.50,840.00,840.00,true,false,false,21.00
566235000,567008000,773000,11000,41000,1.10,1000.00,954.55,true,false,false,21.00
567008000,567718000,710000,12000,20000,1.10,1000.00,840.00,true,false,false,21.00
567718000,568413000,695000,14000,15000,1.10,1000.00,840.00,true,false,false,21.00
568413000,569108000,695000,14000,15000,1.10,1000.00,840.00,true,false,false,21.00
569108000,569803000,695000,14000,15000,1.10,1000.00,840.00,true,false,false,21.00
569803000,570427000,624000,15000,15000,1.10,1000.00,777.78,false,true,false,21.00
570427000,571122000,695000,12000,15000,1.10,1000.00,833.33,true,false,false,20.00
571122000,571815000,693000,13000,14000,1.10,1000.00,833.33,true,false,false,20.00
571815000,572507000,692000,10000,14000,1.00,1000.00,909.09,true,false,false,20.00
572507000,573209000,702000,11000,17000,1.00,1000.00,833.33,true,false,false,20.00
573209000,573901000,692000,13000,14000,1.00,1000.00,869.57,true,false,false,20.00
573901000,574593000,692000,13000,14000,1.00,1000.00,869.57,true,false,false,20.00
574593000,575285000,692000,13000,14000,1.00,1000.00,833.33,true,false,false,20.00
575285000,575977000,692000,13000,14000,1.00,1000.00,833.33,true,false,false,20.00
575977000,576669000,692000,13000,14000,1.00,1000.00,833.33,true,false,false,20.00
576669000,577361000,692000,13000,14000,1.00,1000.00,833.33,true,false,false,20.00
577361000,578053000,692000,13000,14000,1.00,1000.00,833.33,true,false,false,20.00
578053000,578745000,692000,13000,14000,1.00,1000.00,833.33,true,false,false,20.00
578745000,579437000,692000,13000,14000,1.00,1000.00,833.33,true,false,false,20.00
579437000,580129000,692000,13000,14000,1.00,1000.00,869.57,true,false,false,20.00
580129000,580821000,692000,13000,14000,1.00,1000.00,833.33,true,false,false,20.00
580821000,581513000,692000,13000,14000,1.00,1000.00,833.33,true,false,false,20.00
581513000,582205000,692000,13000,14000,1.00,1000.00,869.57,true,false,false,20.00
582205000,582897000,692000,13000,14000,1.00,1000.00,833.33,true,false,false,20.00
582897000,583589000,692000,13000,14000,1.00,1000.00,833.33,true,false,false,20.00
583589000,584281000,692000,13000,14000,1.00,1000.00,869.57,true,false,false,20.00
584281000,584973000,692000,13000,14000,1.00,1000.00,833.33,true,false,true,20.00
584973000,585665000,692000,13000,14000,1.30,869.57,833.33,true,false,false,20.00
585665000,586357000,692000,13000,14000,1.30,869.57,833.33,true,false,false,20.00
586357000,587050000,693000,10000,14000,1.00,952.38,909.09,true,false,false,20.00
587050000,587748000,698000,12000,16000,1.00,952.38,869.57,true,false,false,20.00
587748000,588440000,692000,13000,14000,1.00,952.38,833.33,true,false,false,20.00
588440000,589132000,692000,13000,14000,1.00,952.38,869.57,true,false,false,20.00
589132000,589824000,692000,13000,14000,1.00,952.38,833.33,true,false,false,20.00
589824000,590516000,692000,13000,14000,1.00,952.38,869.57,true,false,false,20.00
590516000,591130000,614000,13000,13000,1.00,952.38,869.57,false,true,false,20.00
591130000,591891000,761000,12000,37000,1.00,952.38,656.25,true,false,false,21.00
591891000,592619000,728000,11000,26000,1.00,1000.00,840.00,true,false,false,21.00
592619000,593317000,698000,11000,16000,1.00,1000.00,954.55,true,false,false,21.00
593317000,594024000,707000,12000,19000,1.00,1000.00,840.00,true,false,false,21.00
594024000,594722000,698000,15000,16000,1.00,1000.00,840.00,true,false,false,21.00
594722000,595421000,699000,15000,16000,1.00,1000.00,840.00,true,false,false,21.00
595421000,596119000,698000,15000,16000,1.00,1000.00,840.00,true,false,false,21.00
596119000,596817000,698000,15000,16000,1.00,1000.00,840.00,true,false,false,21.00
596817000,597515000,698000,15000,16000,1.00,1000.00,840.00,true,false,false,21.00
597515000,598213000,698000,15000,16000,1.00,1000.00,840.00,true,false,false,21.00
598213000,598911000,698000,15000,16000,1.00,1000.00,840.00,true,false,false,21.00
598911000,599609000,698000,15000,16000,1.00,1000.00,840.00,true,false,false,21.00
599609000,600307000,698000,15000,16000,1.00,1000.00,840.00,true,false,false,21.00
600307000,601006000,699000,15000,16000,1.00,1000.00,807.69,true,false,false,21.00
601006000,601704000,698000,15000,16000,1.00,1000.00,840.00,true,false,false,21.00
601704000,602402000,698000,15000,16000,1.00,1000.00,807.69,true,false,false,21.00
602402000,603100000,698000,15000,16000,1.00,1000.00,840.00,true,false,false,21.00
603100000,603798000,698000,15000,16000,1.00,1000.00,807.69,true,false,false,21.00
603798000,604497000,699000,15000,16000,1.00,1000.00,840.00,true,false,false,21.00
604497000,605195000,698000,15000,16000,1.00,1000.00,840.00,true,false,false,21.00
605195000,605893000,698000,15000,16000,1.00,1000.00,840.00,true,false,true,21.00
605893000,606591000,698000,15000,16000,1.50,840.00,840.00,true,false,false,21.00
606591000,607289000,698000,15000,16000,1.50,840.00,840.00,true,false,false,21.00
607289000,607987000,698000,11000,16000,1.10,1000.00,875.00,true,false,false,21.00
607987000,608691000,704000,13000,18000,1.10,1000.00,807.69,true,false,false,21.00
608691000,609389000,698000,15000,16000,1.10,1000.00,840.00,true,false,false,21.00
609389000,610087000,698000,15000,16000,1.10,1000.00,840.00,true,false,false,21.00
610087000,610786000,699000,15000,16000,1.10,1000.00,840.00,true,false,false,21.00
610786000,611484000,698000,15000,16000,1.10,1000.00,840.00,true,false,false,21.00
611484000,612109000,625000,15000,15000,1.10,1000.00,875.00,false,true,false,21.00
612109000,612810000,701000,13000,17000,1.10,1000.00,840.00,true,false,false,21.00
612810000,613508000,698000,11000,16000,1.10,1000.00,875.00,true,false,false,21.00
613508000,614212000,704000,11000,18000,1.10,1000.00,840.00,true,false,false,21.00
614212000,614910000,698000,14000,16000,1.10,1000.00,840.00,true,false,false,21.00
614910000,615605000,695000,15000,15000,1.10,1000.00,840.00,true,false,false,21.00
615605000,616300000,695000,15000,15000,1.10,1000.00,840.00,true,false,false,21.00
616300000,616995000,695000,15000,15000,1.10,1000.00,840.00,true,false,false,21.00
616995000,617762000,767000,15000,39000,1.10,1000.00,600.00,true,false,false,21.00
617762000,618490000,728000,11000,26000,1.10,1000.00,840.00,true,false,false,21.00
618490000,619188000,698000,15000,16000,1.10,1000.00,840.00,true,false,false,21.00
619188000,619887000,699000,15000,16000,1.10,1000.00,840.00,true,false,false,21.00
619887000,620585000,698000,15000,16000,1.10,1000.00,807.69,true,false,false,21.00
620585000,621283000,698000,15000,16000,1.10,1000.00,807.69,true,false,false,21.00
621283000,621981000,698000,15000,16000,1.10,1000.00,840.00,true,false,false,21.00
621981000,622679000,698000,15000,16000,1.10,1000.00,840.00,true,false,false,21.00
622679000,623377000,698000,15000,16000,1.10,1000.00,807.69,true,false,false,21.00
623377000,624076000,699000,15000,16000,1.10,1000.00,840.00,true,false,false,21.00
624076000,624774000,698000,15000,16000,1.10,1000.00,840.00,true,false,false,21.00
624774000,625472000,698000,15000,16000,1.10,1000.00,840.00,true,false,false,21.00
625472000,626170000,698000,15000,16000,1.10,1000.00,807.69,true,false,false,21.00
626170000,626868000,698000,15000,16000,1.10,1000.00,840.00,true,false,true,21.00
626868000,627566000,698000,15000,16000,1.50,840.00,840.00,true,false,false,21.00
627566000,628265000,699000,15000,16000,1.50,840.00,840.00,true,false,false,21.00
628265000,628969000,704000,11000,18000,1.10,1000.00,807.69,true,false,false,21.00
628969000,629667000,698000,14000,16000,1.10,1000.00,807.69,true,false,false,21.00
629667000,630365000,698000,15000,16000,1.10,1000.00,840.00,true,false,false,21.00
630365000,631063000,698000,15000,16000,1.10,1000.00,840.00,true,false,false,21.00
631063000,631761000,698000,15000,16000,1.10,1000.00,840.00,true,false,false,21.00
631761000,632459000,698000,15000,16000,1.10,1000.00,807.69,true,false,false,21.00
632459000,633085000,626000,15000,15000,1.10,1000.00,724.14,false,true,false,21.00
633085000,633786000,701000,13000,17000,1.10,1000.00,840.00,true,false,false,21.00
633786000,634484000,698000,11000,16000,1.10,1000.00,1000.00,true,false,false,21.00
634484000,635194000,710000,11000,20000,1.10,1000.00,807.69,true,false,false,21.00
635194000,635892000,698000,15000,16000,1.10,1000.00,807.69,true,false,false,21.00
635892000,636590000,698000,15000,16000,1.10,1000.00,840.00,true,false,false,21.00
636590000,637288000,698000,15000,16000,1.10,1000.00,840.00,true,false,false,21.00
637288000,637987000,699000,15000,16000,1.10,1000.00,840.00,true,false,false,21.00
637987000,638685000,698000,15000,16000,1.10,1000.00,840.00,true,false,false,21.00
638685000,639383000,698000,15000,16000,1.10,1000.00,807.69,true,false,false,21.00
639383000,640081000,698000,15000,16000,1.10,1000.00,840.00,true,false,false,21.00
640081000,640779000,698000,15000,16000,1.10,1000.00,840.00,true,false,false,21.00
640779000,641477000,698000,15000,16000,1.10,1000.00,840.00,true,false,false,21.00
641477000,642176000,699000,15000,16000,1.10,1000.00,840.00,true,false,false,21.00
642176000,642952000,776000,15000,42000,1.10,1000.00,600.00,true,false,false,21.00
642952000,643686000,734000,11000,28000,1.10,1000.00,840.00,true,false,false,21.00
643686000,644384000,698000,15000,16000,1.10,1000.00,840.00,true,false,false,21.00
644384000,645082000,698000,15000,16000,1.10,1000.00,840.00,true,false,false,21.00
645082000,645780000,698000,15000,16000,1.10,1000.00,840.00,true,false,false,21.00
645780000,646478000,698000,15000,16000,1.10,1000.00,807.69,true,false,false,21.00
646478000,647176000,698000,15000,16000,1.10,1000.00,840.00,true,false,false,21.00
647176000,647874000,698000,15000,16000,1.10,1000.00,840.00,true,false,true,21.00
647874000,648572000,698000,15000,16000,1.50,840.00,840.00,true,false,false,21.00
648572000,649270000,698000,11000,16000,1.10,954.55,875.00,true,false,false,21.00
649270000,649974000,704000,12000,18000,1.10,954.55,840.00,true,false,false,21.00
649974000,650672000,698000,15000,16000,1.10,954.55,840.00,true,false,false,21.00
650672000,651370000,698000,15000,16000,1.10,954.55,840.00,true,false,false,21.00
651370000,652068000,698000,15000,16000,1.10,954.55,840.00,true,false,false,21.00
652068000,652766000,698000,15000,16000,1.10,954.55,807.69,true,false,false,21.00
652766000,653464000,698000,15000,16000,1.10,954.55,840.00,true,false,false,21.00
653464000,654089000,625000,15000,15000,1.10,954.55,724.14,false,true,false,21.00
654089000,654790000,701000,13000,17000,1.10,954.55,840.00,true,false,false,21.00
654790000,655488000,698000,11000,16000,1.10,1000.00,954.55,true,false,false,21.00
655488000,656198000,710000,11000,20000,1.10,1000.00,840.00,true,false,false,21.00
656198000,656896000,698000,15000,16000,1.10,1000.00,840.00,true,false,false,21.00
656896000,657594000,698000,15000,16000,1.10,1000.00,840.00,true,false,false,21.00
657594000,658292000,698000,15000,16000,1.10,1000.00,840.00,true,false,false,21.00
658292000,658990000,698000,15000,16000,1.10,1000.00,807.69,true,false,false,21.00
658990000,659688000,698000,15000,16000,1.10,1000.00,840.00,true,false,false,21.00
659688000,660386000,698000,15000,16000,1.10,1000.00,840.00,true,false,false,21.00
660386000,661084000,698000,15000,16000,1.10,1000.00,840.00,true,false,false,21.00
661084000,661783000,699000,15000,16000,1.10,1000.00,840.00,true,false,false,21.00
661783000,662481000,698000,15000,16000,1.10,1000.00,807.69,true,false,false,21.00
662481000,663179000,698000,15000,16000,1.10,1000.00,840.00,true,false,false,21.00
663179000,663877000,698000,15000,16000,1.10,1000.00,840.00,true,false,false,21.00
663877000,664575000,698000,15000,16000,1.10,1000.00,840.00,true,false,false,21.00
664575000,665273000,698000,15000,16000,1.10,1000.00,807.69,true,false,false,21.00
665273000,665972000,699000,15000,16000,1.10,1000.00,840.00,true,false,false,21.00
665972000,666670000,698000,15000,16000,1.10,1000.00,807.69,true,false,false,21.00
666670000,667368000,698000,15000,16000,1.10,1000.00,840.00,true,false,false,21.00
667368000,668066000,698000,15000,16000,1.10,1000.00,807.69,true,false,false,21.00
668066000,668839000,773000,15000,41000,1.10,1000.00,552.63,true,false,true,21.00
668839000,669573000,734000,11000,28000,1.10,1000.00,807.69,true,false,false,21.00
669573000,670271000,698000,11000,16000,1.10,1000.00,913.04,true,false,false,21.00
670271000,670975000,704000,13000,18000,1.10,1000.00,840.00,true,false,false,21.00
670975000,671673000,698000,15000,16000,1.10,1000.00,840.00,true,false,false,21.00
671673000,672372000,699000,15000,16000,1.10,1000.00,840.00,true,false,false,21.00
672372000,673070000,698000,15000,16000,1.10,1000.00,807.69,true,false,false,21.00
673070000,673768000,698000,15000,16000,1.10,1000.00,840.00,true,false,false,21.00
673768000,674467000,699000,15000,16000,1.10,1000.00,840.00,true,false,false,21.00
674467000,675092000,625000,16000,16000,1.10,1000.00,750.00,false,true,false,21.00
675092000,675793000,701000,13000,17000,1.10,1000.00,840.00,true,false,false,21.00
675793000,676491000,698000,11000,16000,1.10,1000.00,875.00,true,false,false,21.00
676491000,677192000,701000,11000,17000,1.10,1000.00,807.69,true,false,false,21.00
677192000,677891000,699000,15000,16000,1.10,1000.00,807.69,true,false,false,21.00
677891000,678589000,698000,15000,16000,1.10,1000.00,807.69,true,false,false,21.00
678589000,679287000,698000,15000,16000,1.10,1000.00,840.00,true,false,false,21.00
679287000,679985000,698000,15000,16000,1.10,1000.00,840.00,true,false,false,21.00
679985000,680683000,698000,15000,16000,1.10,1000.00,840.00,true,false,false,21.00
680683000,681381000,698000,15000,16000,1.10,1000.00,840.00,true,false,false,21.00
681381000,682079000,698000,15000,16000,1.10,1000.00,840.00,true,false,false,21.00
682079000,682777000,698000,15000,16000,1.10,1000.00,840.00,true,false,false,21.00
682777000,683475000,698000,15000,16000,1.10,1000.00,840.00,true,false,false,21.00
683475000,684174000,699000,15000,16000,1.10,1000.00,840.00,true,false,false,21.00
684174000,684872000,698000,15000,16000,1.10,1000.00,840.00,true,false,false,21.00
684872000,685571000,699000,15000,16000,1.10,1000.00,840.00,true,false,false,21.00
685571000,686269000,698000,15000,16000,1.10,1000.00,807.69,true,false,false,21.00
686269000,686967000,698000,15000,16000,1.10,1000.00,807.69,true,false,false,21.00
686967000,687665000,698000,15000,16000,1.10,1000.00,807.69,true,false,false,21.00
687665000,688363000,698000,15000,16000,1.10,1000.00,840.00,true,false,false,21.00
688363000,689061000,698000,15000,16000,1.10,1000.00,840.00,true,false,false,21.00
689061000,689759000,698000,15000,16000,1.10,1000.00,840.00,true,false,true,21.00
689759000,690457000,698000,15000,16000,1.50,840.00,840.00,true,false,false,21.00
690457000,691164000,707000,11000,19000,1.10,1000.00,875.00,true,false,false,21.00
691164000,691865000,701000,14000,17000,1.10,1000.00,840.00,true,false,false,21.00
691865000,692564000,699000,15000,16000,1.10,1000.00,840.00,true,false,false,21.00
692564000,693262000,698000,15000,16000,1.10,1000.00,807.69,true,false,false,21.00
693262000,693961000,699000,15000,16000,1.10,1000.00,840.00,true,false,false,21.00
693961000,694731000,770000,15000,40000,1.10,1000.00,583.33,true,false,false,21.00
694731000,695462000,731000,11000,27000,1.10,1000.00,807.69,true,false,false,21.00
695462000,696090000,628000,16000,16000,1.10,1000.00,840.00,false,true,false,21.00
696090000,696789000,699000,13000,16000,1.10,1000.00,800.00,true,false,false,20.00
696789000,697484000,695000,10000,15000,1.00,1000.00,833.33,true,false,false,20.00
697484000,698183000,699000,10000,16000,1.00,1000.00,800.00,true,false,false,20.00
698183000,698878000,695000,14000,15000,1.00,1000.00,833.33,true,false,false,20.00
698878000,699573000,695000,14000,15000,1.00,1000.00,833.33,true,false,false,20.00
699573000,700269000,696000,14000,15000,1.00,1000.00,800.00,true,false,false,20.00
700269000,700964000,695000,14000,15000,1.00,1000.00,833.33,true,false,false,20.00
700964000,701659000,695000,14000,15000,1.00,1000.00,833.33,true,false,false,20.00
701659000,702355000,696000,14000,15000,1.00,1000.00,800.00,true,false,false,20.00
702355000,703051000,696000,14000,15000,1.00,1000.00,800.00,true,false,false,20.00
703051000,703746000,695000,14000,15000,1.00,1000.00,800.00,true,false,false,20.00
703746000,704441000,695000,14000,15000,1.00,1000.00,833.33,true,false,false,20.00
704441000,705136000,695000,14000,15000,1.00,1000.00,833.33,true,false,false,20.00
705136000,705831000,695000,14000,15000,1.00,1000.00,833.33,true,false,false,20.00
705831000,706526000,695000,14000,15000,1.00,1000.00,833.33,true,false,false,20.00
706526000,707221000,695000,14000,15000,1.00,1000.00,800.00,true,false,false,20.00
707221000,707916000,695000,14000,15000,1.00,1000.00,800.00,true,false,false,20.00
707916000,708612000,696000,14000,15000,1.00,1000.00,800.00,true,false,false,20.00
708612000,709307000,695000,14000,15000,1.00,1000.00,833.33,true,false,false,20.00
709307000,710002000,695000,14000,15000,1.00,1000.00,833.33,true,false,false,20.00
710002000,710698000,696000,14000,15000,1.00,1000.00,800.00,true,false,true,20.00
710698000,711393000,695000,10000,15000,1.00,952.38,952.38,true,false,false,20.00
711393000,712097000,704000,10000,18000,1.00,952.38,800.00,true,false,false,20.00
712097000,712792000,695000,14000,15000,1.00,952.38,800.00,true,false,false,20.00
712792000,713487000,695000,14000,15000,1.00,952.38,833.33,true,false,false,20.00
713487000,714182000,695000,14000,15000,1.00,952.38,833.33,true,false,false,20.00
714182000,714877000,695000,14000,15000,1.00,952.38,800.00,true,false,false,20.00
714877000,715572000,695000,14000,15000,1.00,952.38,833.33,true,false,false,20.00
715572000,716267000,695000,14000,15000,1.00,952.38,833.33,true,false,false,20.00
716267000,716885000,618000,15000,15000,1.00,952.38,869.57,false,true,false,20.00
716885000,717586000,701000,13000,17000,1.00,952.38,807.69,true,false,false,21.00
717586000,718284000,698000,11000,16000,1.00,1000.00,1000.00,true,false,false,21.00
718284000,718988000,704000,11000,18000,1.00,1000.00,840.00,true,false,false,21.00
718988000,719686000,698000,15000,16000,1.00,1000.00,807.69,true,false,false,21.00
719686000,720384000,698000,15000,16000,1.00,1000.00,807.69,true,false,false,21.00
720384000,721151000,767000,15000,39000,1.00,1000.00,617.65,true,false,false,21.00
721151000,721865000,714000,11000,21000,1.00,1000.00,807.69,true,false,false,21.00
721865000,722566000,701000,16000,17000,1.00,1000.00,807.69,true,false,false,21.00
722566000,723267000,701000,16000,17000,1.00,1000.00,807.69,true,false,false,21.00
723267000,723968000,701000,16000,17000,1.00,1000.00,807.69,true,false,false,21.00
723968000,724670000,702000,16000,17000,1.00,1000.00,807.69,true,false,false,21.00
724670000,725371000,701000,16000,17000,1.00,1000.00,807.69,true,false,false,21.00
725371000,726072000,701000,16000,17000,1.00,1000.00,777.78,true,false,false,21.00
726072000,726773000,701000,16000,17000,1.00,1000.00,807.69,true,false,false,21.00
726773000,727474000,701000,16000,17000,1.00,1000.00,807.69,true,false,false,21.00
727474000,728175000,701000,16000,17000,1.00,1000.00,777.78,true,false,false,21.00
728175000,728876000,701000,16000,17000,1.00,1000.00,807.69,true,false,false,21.00
728876000,729577000,701000,16000,17000,1.00,1000.00,807.69,true,false,false,21.00
729577000,730278000,701000,16000,17000,1.00,1000.00,777.78,true,false,false,21.00
730278000,730979000,701000,16000,17000,1.00,1000.00,807.69,true,false,false,21.00
730979000,731680000,701000,16000,17000,1.00,1000.00,807.69,true,false,true,21.00
731680000,732381000,701000,11000,17000,1.10,1000.00,875.00,true,false,false,21.00
732381000,733091000,710000,13000,20000,1.10,1000.00,807.69,true,false,false,21.00
733091000,733792000,701000,16000,17000,1.10,1000.00,777.78,true,false,false,21.00
733792000,734494000,702000,16000,17000,1.10,1000.00,807.69,true,false,false,21.00
734494000,735195000,701000,16000,17000,1.10,1000.00,807.69,true,false,false,21.00
735195000,735897000,702000,16000,17000,1.10,1000.00,777.78,true,false,false,21.00
735897000,736598000,701000,16000,17000,1.10,1000.00,807.69,true,false,false,21.00
736598000,737299000,701000,16000,17000,1.10,1000.00,807.69,true,false,false,21.00
737299000,737930000,631000,16000,16000,1.10,1000.00,700.00,false,true,false,21.00
737930000,738634000,704000,14000,18000,1.10,1000.00,807.69,true,false,false,21.00
738634000,739335000,701000,11000,17000,1.10,1000.00,913.04,true,false,false,21.00
739335000,740040000,705000,11000,18000,1.10,1000.00,807.69,true,false,false,21.00
740040000,740741000,701000,16000,17000,1.10,1000.00,807.69,true,false,false,21.00
740741000,741442000,701000,16000,17000,1.10,1000.00,807.69,true,false,false,21.00
741442000,742143000,701000,16000,17000,1.10,1000.00,807.69,true,false,false,21.00
742143000,742844000,701000,16000,17000,1.10,1000.00,807.69,true,false,false,21.00
742844000,743545000,701000,16000,17000,1.10,1000.00,807.69,true,false,false,21.00
743545000,744246000,701000,16000,17000,1.10,1000.00,807.69,true,false,false,21.00
744246000,744947000,701000,16000,17000,1.10,1000.00,807.69,true,false,false,21.00
744947000,745649000,702000,16000,17000,1.10,1000.00,807.69,true,false,false,21.00
745649000,746350000,701000,16000,17000,1.10,1000.00,807.69,true,false,false,21.00
746350000,747142000,792000,16000,47000,1.10,1000.00,512.20,true,false,false,21.00
747142000,747889000,747000,11000,32000,1.10,1000.00,807.69,true,false,false,21.00
747889000,748587000,698000,15000,16000,1.10,1000.00,840.00,true,false,false,21.00
748587000,749285000,698000,15000,16000,1.10,1000.00,807.69,true,false,false,21.00
749285000,749983000,698000,15000,16000,1.10,1000.00,807.69,true,false,false,21.00
749983000,750681000,698000,15000,16000,1.10,1000.00,840.00,true,false,false,21.00
750681000,751379000,698000,15000,16000,1.10,1000.00,807.69,true,false,false,21.00
751379000,752077000,698000,15000,16000,1.10,1000.00,807.69,true,false,false,21.00
752077000,752775000,698000,15000,16000,1.10,1000.00,807.69,true,false,true,21.00
752775000,753473000,698000,11000,16000,1.10,1000.00,875.00,true,false,false,21.00
753473000,754180000,707000,13000,19000,1.10,1000.00,807.69,true,false,false,21.00
754180000,754878000,698000,15000,16000,1.10,1000.00,807.69,true,false,false,21.00
754878000,755577000,699000,15000,16000,1.10,1000.00,807.69,true,false,false,21.00
755577000,756275000,698000,15000,16000,1.10,1000.00,807.69,true,false,false,21.00
756275000,756974000,699000,15000,16000,1.10,1000.00,807.69,true,false,false,21.00
756974000,757672000,698000,15000,16000,1.10,1000.00,807.69,true,false,false,21.00
757672000,758371000,699000,15000,16000,1.10,1000.00,840.00,true,false,false,21.00
758371000,758998000,627000,16000,16000,1.10,1000.00,840.00,false,true,false,21.00
758998000,759699000,701000,13000,17000,1.10,1000.00,840.00,true,false,false,21.00
759699000,760397000,698000,11000,16000,1.10,1000.00,875.00,true,false,false,21.00
760397000,761099000,702000,11000,17000,1.10,1000.00,807.69,true,false,false,21.00
761099000,761797000,698000,15000,16000,1.10,1000.00,807.69,true,false,false,21.00
761797000,762495000,698000,15000,16000,1.10,1000.00,807.69,true,false,false,21.00
762495000,763193000,698000,15000,16000,1.10,1000.00,840.00,true,false,false,21.00
763193000,763891000,698000,15000,16000,1.10,1000.00,840.00,true,false,false,21.00
763891000,764589000,698000,15000,16000,1.10,1000.00,807.69,true,false,false,21.00
764589000,765287000,698000,15000,16000,1.10,1000.00,807.69,true,false,false,21.00
765287000,765985000,698000,15000,16000,1.10,1000.00,807.69,true,false,false,21.00
765985000,766683000,698000,15000,16000,1.10,1000.00,840.00,true,false,false,21.00
766683000,767381000,698000,15000,16000,1.10,1000.00,840.00,true,false,false,21.00
767381000,768079000,698000,15000,16000,1.10,1000.00,807.69,true,false,false,21.00
768079000,768777000,698000,15000,16000,1.10,1000.00,807.69,true,false,false,21.00
768777000,769475000,698000,15000,16000,1.10,1000.00,807.69,true,false,false,21.00
769475000,770173000,698000,15000,16000,1.10,1000.00,807.69,true,false,false,21.00
770173000,770872000,699000,15000,16000,1.10,1000.00,807.69,true,false,false,21.00
770872000,771570000,698000,15000,16000,1.10,1000.00,807.69,true,false,false,21.00
771570000,772269000,699000,15000,16000,1.10,1000.00,840.00,true,false,false,21.00
772269000,773048000,779000,15000,43000,1.10,1000.00,538.46,true,false,false,21.00
773048000,773785000,737000,11000,29000,1.10,1000.00,807.69,true,false,true,21.00
773785000,774483000,698000,11000,16000,1.10,1000.00,913.04,true,false,false,21.00
774483000,775188000,705000,13000,18000,1.10,1000.00,840.00,true,false,false,21.00
775188000,775886000,698000,15000,16000,1.10,1000.00,807.69,true,false,false,21.00
775886000,776585000,699000,15000,16000,1.10,1000.00,840.00,true,false,false,21.00
776585000,777283000,698000,15000,16000,1.10,1000.00,807.69,true,false,false,21.00
777283000,777982000,699000,15000,16000,1.10,1000.00,807.69,true,false,false,21.00
777982000,778680000,698000,15000,16000,1.10,1000.00,840.00,true,false,false,21.00
778680000,779378000,698000,15000,16000,1.10,1000.00,840.00,true,false,false,21.00
779378000,780004000,626000,15000,15000,1.10,1000.00,750.00,false,true,false,21.00
780004000,780705000,701000,13000,17000,1.10,1000.00,840.00,true,false,false,21.00
780705000,781403000,698000,11000,16000,1.10,1000.00,1000.00,true,false,false,21.00
781403000,782107000,704000,11000,18000,1.10,1000.00,840.00,true,false,false,21.00
782107000,782805000,698000,15000,16000,1.10,1000.00,840.00,true,false,false,21.00
782805000,783504000,699000,15000,16000,1.10,1000.00,840.00,true,false,false,21.00
783504000,784202000,698000,15000,16000,1.10,1000.00,840.00,true,false,false,21.00
784202000,784900000,698000,15000,16000,1.10,1000.00,840.00,true,false,false,21.00
784900000,785598000,698000,15000,16000,1.10,1000.00,840.00,true,false,false,21.00
785598000,786296000,698000,15000,16000,1.10,1000.00,807.69,true,false,false,21.00
786296000,786994000,698000,15000,16000,1.10,1000.00,840.00,true,false,false,21.00
786994000,787692000,698000,15000,16000,1.10,1000.00,807.69,true,false,false,21.00
787692000,788390000,698000,15000,16000,1.10,1000.00,840.00,true,false,false,21.00
788390000,789088000,698000,15000,16000,1.10,1000.00,840.00,true,false,false,21.00
789088000,789786000,698000,15000,16000,1.10,1000.00,840.00,true,false,false,21.00
789786000,790484000,698000,15000,16000,1.10,1000.00,840.00,true,false,false,21.00
790484000,791182000,698000,15000,16000,1.10,1000.00,840.00,true,false,false,21.00
791182000,791880000,698000,15000,16000,1.10,1000.00,840.00,true,false,false,21.00
791880000,792578000,698000,15000,16000,1.10,1000.00,840.00,true,false,false,21.00
792578000,793276000,698000,15000,16000,1.10,1000.00,840.00,true,false,false,21.00
793276000,793974000,698000,15000,16000,1.10,1000.00,807.69,true,false,false,21.00
793974000,794672000,698000,14000,16000,1.10,1000.00,840.00,true,false,true,21.00
794672000,795379000,707000,11000,19000,1.10,1000.00,840.00,true,false,false,21.00
795379000,796077000,698000,15000,16000,1.10,1000.00,807.69,true,false,false,21.00
796077000,796775000,698000,15000,16000,1.10,1000.00,840.00,true,false,false,21.00
796775000,797473000,698000,15000,16000,1.10,1000.00,840.00,true,false,false,21.00
797473000,798171000,698000,15000,16000,1.10,1000.00,840.00,true,false,false,21.00
798171000,798941000,770000,15000,40000,1.10,1000.00,567.57,true,false,false,21.00
798941000,799675000,734000,11000,28000,1.10,1000.00,840.00,true,false,false,21.00
799675000,800373000,698000,15000,16000,1.10,1000.00,840.00,true,false,false,21.00
800373000,801001000,628000,16000,16000,1.10,1000.00,724.14,false,true,false,21.00
801001000,801702000,701000,14000,17000,1.10,1000.00,840.00,true,false,false,21.00
801702000,802400000,698000,11000,16000,1.10,1000.00,913.04,true,false,false,21.00
802400000,803101000,701000,11000,17000,1.10,1000.00,840.00,true,false,false,21.00
803101000,803799000,698000,15000,16000,1.10,1000.00,807.69,true,false,false,21.00
803799000,804497000,698000,15000,16000,1.10,1000.00,807.69,true,false,false,21.00
804497000,805195000,698000,15000,16000,1.10,1000.00,807.69,true,false,false,21.00
805195000,805894000,699000,15000,16000,1.10,1000.00,840.00,true,false,false,21.00
805894000,806592000,698000,15000,16000,1.10,1000.00,807.69,true,false,false,21.00
806592000,807290000,698000,15000,16000,1.10,1000.00,840.00,true,false,false,21.00
807290000,807988000,698000,15000,16000,1.10,1000.00,807.69,true,false,false,21.00
807988000,808687000,699000,15000,16000,1.10,1000.00,807.69,true,false,false,21.00
808687000,809386000,699000,15000,16000,1.10,1000.00,840.00,true,false,false,21.00
809386000,810084000,698000,15000,16000,1.10,1000.00,840.00,true,false,false,21.00
810084000,810782000,698000,15000,16000,1.10,1000.00,840.00,true,false,false,21.00
810782000,811480000,698000,15000,16000,1.10,1000.00,807.69,true,false,false,21.00
811480000,812178000,698000,15000,16000,1.10,1000.00,807.69,true,false,false,21.00
812178000,812876000,698000,15000,16000,1.10,1000.00,807.69,true,false,false,21.00
812876000,813575000,699000,15000,16000,1.10,1000.00,807.69,true,false,false,21.00
813575000,814273000,698000,15000,16000,1.10,1000.00,807.69,true,false,false,21.00
814273000,814971000,698000,15000,16000,1.10,1000.00,840.00,true,false,false,21.00
814971000,815669000,698000,11000,16000,1.10,1000.00,954.55,true,false,true,21.00
815669000,816376000,707000,12000,19000,1.20,954.55,840.00,true,false,false,21.00
816376000,817075000,699000,15000,16000,1.20,954.55,807.69,true,false,false,21.00
817075000,817773000,698000,15000,16000,1.20,954.55,807.69,true,false,false,21.00
817773000,818472000,699000,15000,16000,1.20,954.55,807.69,true,false,false,21.00
818472000,819170000,698000,15000,16000,1.20,954.55,807.69,true,false,false,21.00
819170000,819868000,698000,15000,16000,1.20,954.55,807.69,true,false,false,21.00
819868000,820566000,698000,15000,16000,1.20,954.55,840.00,true,false,false,21.00
820566000,821264000,698000,15000,16000,1.20,954.55,840.00,true,false,false,21.00
821264000,821893000,629000,16000,16000,1.20,954.55,875.00,false,true,false,21.00
821893000,822591000,698000,13000,16000,1.20,954.55,833.33,true,false,false,20.00
822591000,823287000,696000,10000,15000,1.00,1000.00,869.57,true,false,false,20.00
823287000,823985000,698000,10000,16000,1.00,1000.00,833.33,true,false,false,20.00
823985000,824681000,696000,14000,15000,1.00,1000.00,833.33,true,false,false,20.00
824681000,825451000,770000,10000,40000,1.00,1000.00,909.09,true,false,false,20.00
825451000,826155000,704000,12000,18000,1.00,1000.00,833.33,true,false,false,20.00
826155000,826850000,695000,14000,15000,1.00,1000.00,800.00,true,false,false,20.00
826850000,827545000,695000,14000,15000,1.00,1000.00,800.00,true,false,false,20.00
827545000,828240000,695000,14000,15000,1.00,1000.00,833.33,true,false,false,20.00
828240000,828935000,695000,14000,15000,1.00,1000.00,800.00,true,false,false,20.00
828935000,829630000,695000,14000,15000,1.00,1000.00,800.00,true,false,false,20.00
829630000,830325000,695000,14000,15000,1.00,1000.00,833.33,true,false,false,20.00
830325000,831020000,695000,14000,15000,1.00,1000.00,833.33,true,false,false,20.00
831020000,831715000,695000,14000,15000,1.00,1000.00,800.00,true,false,false,20.00
831715000,832411000,696000,14000,15000,1.00,1000.00,833.33,true,false,false,20.00
832411000,833106000,695000,14000,15000,1.00,1000.00,833.33,true,false,false,20.00
833106000,833801000,695000,14000,15000,1.00,1000.00,800.00,true,false,false,20.00
833801000,834497000,696000,14000,15000,1.00,1000.00,800.00,true,false,false,20.00
834497000,835192000,695000,14000,15000,1.00,1000.00,833.33,true,false,false,20.00
835192000,835887000,695000,14000,15000,1.00,1000.00,800.00,true,false,false,20.00
835887000,836582000,695000,10000,15000,1.00,1000.00,869.57,true,false,true,20.00
836582000,837286000,704000,11000,18000,1.10,909.09,800.00,true,false,false,20.00
837286000,837981000,695000,14000,15000,1.10,909.09,800.00,true,false,false,20.00
837981000,838676000,695000,14000,15000,1.10,909.09,833.33,true,false,false,20.00
838676000,839371000,695000,14000,15000,1.10,909.09,833.33,true,false,false,20.00
839371000,840066000,695000,14000,15000,1.10,909.09,833.33,true,false,false,20.00
840066000,840761000,695000,14000,15000,1.10,909.09,800.00,true,false,false,20.00
840761000,841456000,695000,14000,15000,1.10,909.09,800.00,true,false,false,20.00
841456000,842151000,695000,14000,15000,1.10,909.09,833.33,true,false,false,20.00
842151000,842773000,622000,14000,14000,1.10,909.09,869.57,false,true,false,20.00
842773000,843471000,698000,13000,16000,1.10,909.09,833.33,true,false,false,20.00
843471000,844166000,695000,10000,15000,1.00,1000.00,952.38,true,false,false,20.00
844166000,844864000,698000,10000,16000,1.00,1000.00,833.33,true,false,false,20.00
844864000,845560000,696000,14000,15000,1.00,1000.00,800.00,true,false,false,20.00
845560000,846255000,695000,14000,15000,1.00,1000.00,800.00,true,false,false,20.00
846255000,846950000,695000,14000,15000,1.00,1000.00,833.33,true,false,false,20.00
846950000,847646000,696000,14000,15000,1.00,1000.00,800.00,true,false,false,20.00
847646000,848341000,695000,14000,15000,1.00,1000.00,800.00,true,false,false,20.00
848341000,849036000,695000,14000,15000,1.00,1000.00,833.33,true,false,false,20.00
849036000,849731000,695000,14000,15000,1.00,1000.00,833.33,true,false,false,20.00
849731000,850426000,695000,14000,15000,1.00,1000.00,800.00,true,false,false,20.00
850426000,851199000,773000,10000,41000,1.00,1000.00,740.74,true,false,false,20.00
851199000,851906000,707000,12000,19000,1.00,1000.00,833.33,true,false,false,20.00
851906000,852601000,695000,14000,15000,1.00,1000.00,833.33,true,false,false,20.00
852601000,853296000,695000,14000,15000,1.00,1000.00,833.33,true,false,false,20.00
853296000,853991000,695000,14000,15000,1.00,1000.00,833.33,true,false,false,20.00
853991000,854686000,695000,14000,15000,1.00,1000.00,833.33,true,false,false,20.00
854686000,855381000,695000,14000,15000,1.00,1000.00,833.33,true,false,false,20.00
855381000,856076000,695000,14000,15000,1.00,1000.00,833.33,true,false,false,20.00
856076000,856771000,695000,14000,15000,1.00,1000.00,833.33,true,false,false,20.00
856771000,857466000,695000,10000,15000,1.00,1000.00,869.57,true,false,true,20.00
857466000,858167000,701000,11000,17000,1.10,909.09,833.33,true,false,false,20.00
858167000,858862000,695000,14000,15000,1.10,909.09,833.33,true,false,false,20.00
858862000,859557000,695000,14000,15000,1.10,909.09,833.33,true,false,false,20.00
859557000,860252000,695000,14000,15000,1.10,909.09,833.33,true,false,false,20.00
860252000,860947000,695000,14000,15000,1.10,909.09,833.33,true,false,false,20.00
860947000,861643000,696000,14000,15000,1.10,909.09,833.33,true,false,false,20.00
861643000,862338000,695000,14000,15000,1.10,909.09,833.33,true,false,false,20.00
862338000,863033000,695000,14000,15000,1.10,909.09,833.33,true,false,false,20.00
863033000,863653000,620000,14000,14000,1.10,909.09,869.57,false,true,false,20.00
863653000,864351000,698000,12000,16000,1.10,909.09,833.33,true,false,false,20.00
864351000,865046000,695000,10000,15000,1.00,1000.00,1000.00,true,false,false,20.00
865046000,865750000,704000,10000,18000,1.00,1000.00,800.00,true,false,false,20.00
865750000,866445000,695000,13000,15000,1.00,1000.00,833.33,true,false,false,20.00
866445000,867140000,695000,14000,15000,1.00,1000.00,833.33,true,false,false,20.00
867140000,867835000,695000,14000,15000,1.00,1000.00,833.33,true,false,false,20.00
867835000,868531000,696000,14000,15000,1.00,1000.00,833.33,true,false,false,20.00
868531000,869226000,695000,14000,15000,1.00,1000.00,800.00,true,false,false,20.00
869226000,869922000,696000,14000,15000,1.00,1000.00,833.33,true,false,false,20.00
869922000,870617000,695000,14000,15000,1.00,1000.00,833.33,true,false,false,20.00
870617000,871312000,695000,14000,15000,1.00,1000.00,833.33,true,false,false,20.00
871312000,872007000,695000,14000,15000,1.00,1000.00,833.33,true,false,false,20.00
872007000,872702000,695000,14000,15000,1.00,1000.00,833.33,true,false,false,20.00
872702000,873397000,695000,14000,15000,1.00,1000.00,833.33,true,false,false,20.00
873397000,874093000,696000,14000,15000,1.00,1000.00,833.33,true,false,false,20.00
874093000,874788000,695000,14000,15000,1.00,1000.00,833.33,true,false,false,20.00
874788000,875483000,695000,14000,15000,1.00,1000.00,800.00,true,false,false,20.00
875483000,876253000,770000,14000,40000,1.00,1000.00,571.43,true,false,false,20.00
876253000,876981000,728000,10000,26000,1.00,1000.00,833.33,true,false,false,20.00
876981000,877676000,695000,14000,15000,1.00,1000.00,833.33,true,false,false,20.00
877676000,878371000,695000,10000,15000,1.00,1000.00,869.57,true,false,true,20.00
878371000,879072000,701000,12000,17000,1.20,909.09,833.33,true,false,false,20.00
879072000,879765000,693000,14000,14000,1.20,909.09,833.33,true,false,false,20.00
879765000,880457000,692000,14000,14000,1.20,909.09,833.33,true,false,false,20.00
880457000,881149000,692000,14000,14000,1.20,909.09,833.33,true,false,false,20.00
881149000,881842000,693000,14000,14000,1.20,909.09,833.33,true,false,false,20.00
881842000,882534000,692000,14000,14000,1.20,909.09,833.33,true,false,false,20.00
882534000,883226000,692000,14000,14000,1.20,909.09,833.33,true,false,false,20.00
883226000,883918000,692000,14000,14000,1.20,909.09,833.33,true,false,false,20.00
883918000,884540000,622000,14000,14000,1.20,909.09,714.29,false,true,false,20.00
884540000,885238000,698000,12000,16000,1.20,909.09,833.33,true,false,false,20.00
885238000,885930000,692000,14000,14000,1.20,909.09,833.33,true,false,false,20.00
885930000,886622000,692000,10000,14000,1.00,1000.00,909.09,true,false,false,20.00
886622000,887321000,699000,12000,16000,1.00,1000.00,833.33,true,false,false,20.00
887321000,888016000,695000,14000,15000,1.00,1000.00,833.33,true,false,false,20.00
888016000,888712000,696000,14000,15000,1.00,1000.00,833.33,true,false,false,20.00
888712000,889407000,695000,14000,15000,1.00,1000.00,833.33,true,false,false,20.00
889407000,890102000,695000,14000,15000,1.00,1000.00,833.33,true,false,false,20.00
890102000,890797000,695000,14000,15000,1.00,1000.00,833.33,true,false,false,20.00
890797000,891492000,695000,14000,15000,1.00,1000.00,833.33,true,false,false,20.00
891492000,892187000,695000,14000,15000,1.00,1000.00,833.33,true,false,false,20.00
892187000,892883000,696000,14000,15000,1.00,1000.00,833.33,true,false,false,20.00
892883000,893579000,696000,14000,15000,1.00,1000.00,833.33,true,false,false,20.00
893579000,894274000,695000,14000,15000,1.00,1000.00,800.00,true,false,false,20.00
894274000,894969000,695000,14000,15000,1.00,1000.00,833.33,true,false,false,20.00
894969000,895664000,695000,14000,15000,1.00,1000.00,833.33,true,false,false,20.00
895664000,896359000,695000,14000,15000,1.00,1000.00,833.33,true,false,false,20.00
896359000,897054000,695000,14000,15000,1.00,1000.00,833.33,true,false,false,20.00
897054000,897749000,695000,14000,15000,1.00,1000.00,833.33,true,false,false,20.00
897749000,898445000,696000,14000,15000,1.00,1000.00,833.33,true,false,false,20.00
898445000,899140000,695000,10000,15000,1.00,1000.00,909.09,true,false,true,20.00
899140000,899842000,702000,11000,17000,1.10,909.09,833.33,true,false,false,20.00
899842000,900537000,695000,14000,15000,1.10,909.09,833.33,true,false,false,20.00
900537000,901232000,695000,14000,15000,1.10,909.09,833.33,true,false,false,20.00
901232000,901999000,767000,14000,39000,1.10,909.09,434.78,true,false,false,20.00
901999000,902754000,755000,10000,35000,1.00,1000.00,833.33,true,false,false,20.00
902754000,903449000,695000,14000,15000,1.00,1000.00,800.00,true,false,false,20.00
903449000,904144000,695000,14000,15000,1.00,1000.00,800.00,true,false,false,20.00
904144000,904839000,695000,14000,15000,1.00,1000.00,800.00,true,false,false,20.00
904839000,905460000,621000,15000,15000,1.00,1000.00,833.33,false,true,false,20.00
905460000,906158000,698000,13000,16000,1.00,1000.00,833.33,true,false,false,20.00
906158000,906853000,695000,14000,15000,1.00,1000.00,800.00,true,false,false,20.00
906853000,907551000,698000,10000,16000,1.00,1000.00,909.09,true,false,false,20.00
907551000,908250000,699000,12000,16000,1.00,1000.00,800.00,true,false,false,20.00
908250000,908945000,695000,14000,15000,1.00,1000.00,800.00,true,false,false,20.00
908945000,909640000,695000,14000,15000,1.00,1000.00,800.00,true,false,false,20.00
909640000,910335000,695000,14000,15000,1.00,1000.00,800.00,true,false,false,20.00
910335000,911030000,695000,14000,15000,1.00,1000.00,833.33,true,false,false,20.00
911030000,911725000,695000,14000,15000,1.00,1000.00,800.00,true,false,false,20.00
911725000,912420000,695000,14000,15000,1.00,1000.00,833.33,true,false,false,20.00
912420000,913115000,695000,14000,15000,1.00,1000.00,833.33,true,false,false,20.00
913115000,913810000,695000,14000,15000,1.00,1000.00,833.33,true,false,false,20.00
913810000,914506000,696000,14000,15000,1.00,1000.00,833.33,true,false,false,20.00
914506000,915202000,696000,14000,15000,1.00,1000.00,800.00,true,false,false,20.00
915202000,915897000,695000,14000,15000,1.00,1000.00,833.33,true,false,false,20.00
915897000,916592000,695000,14000,15000,1.00,1000.00,800.00,true,false,false,20.00
916592000,917287000,695000,14000,15000,1.00,1000.00,833.33,true,false,false,20.00
917287000,917982000,695000,14000,15000,1.00,1000.00,800.00,true,false,false,20.00
917982000,918677000,695000,14000,15000,1.00,1000.00,833.33,true,false,false,20.00
918677000,919372000,695000,14000,15000,1.00,1000.00,800.00,true,false,false,20.00
919372000,920067000,695000,10000,15000,1.00,1000.00,869.57,true,false,true,20.00
920067000,920771000,704000,12000,18000,1.20,909.09,800.00,true,false,false,20.00
920771000,921466000,695000,14000,15000,1.20,909.09,800.00,true,false,false,20.00
921466000,922161000,695000,14000,15000,1.20,909.09,800.00,true,false,false,20.00
922161000,922856000,695000,14000,15000,1.20,909.09,800.00,true,false,false,20.00
922856000,923551000,695000,14000,15000,1.20,909.09,833.33,true,false,false,20.00
923551000,924246000,695000,14000,15000,1.20,909.09,800.00,true,false,false,20.00
924246000,924941000,695000,14000,15000,1.20,909.09,833.33,true,false,false,20.00
924941000,925636000,695000,14000,15000,1.20,909.09,833.33,true,false,false,20.00
925636000,926261000,625000,15000,15000,1.20,909.09,689.66,false,true,false,20.00
926261000,926959000,698000,13000,16000,1.20,909.09,800.00,true,false,false,20.00
926959000,927654000,695000,14000,15000,1.20,909.09,800.00,true,false,false,20.00
927654000,928424000,770000,10000,40000,1.00,1000.00,625.00,true,false,false,20.00
928424000,929161000,737000,10000,29000,1.00,1000.00,769.23,true,false,false,20.00
929161000,929859000,698000,15000,16000,1.00,1000.00,769.23,true,false,false,20.00
929859000,930557000,698000,15000,16000,1.00,1000.00,800.00,true,false,false,20.00
930557000,931255000,698000,15000,16000,1.00,1000.00,769.23,true,false,false,20.00
931255000,931953000,698000,15000,16000,1.00,1000.00,769.23,true,false,false,20.00
931953000,932651000,698000,15000,16000,1.00,1000.00,769.23,true,false,false,20.00
932651000,933349000,698000,15000,16000,1.00,1000.00,800.00,true,false,false,20.00
933349000,934048000,699000,15000,16000,1.00,1000.00,769.23,true,false,false,20.00
934048000,934746000,698000,15000,16000,1.00,1000.00,769.23,true,false,false,20.00
934746000,935444000,698000,15000,16000,1.00,1000.00,769.23,true,false,false,20.00
935444000,936142000,698000,15000,16000,1.00,1000.00,769.23,true,false,false,20.00
936142000,936840000,698000,15000,16000,1.00,1000.00,769.23,true,false,false,20.00
936840000,937538000,698000,15000,16000,1.00,1000.00,769.23,true,false,false,20.00
937538000,938236000,698000,15000,16000,1.00,1000.00,769.23,true,false,false,20.00
938236000,938935000,699000,15000,16000,1.00,1000.00,800.00,true,false,false,20.00
938935000,939633000,698000,15000,16000,1.00,1000.00,800.00,true,false,false,20.00
939633000,940331000,698000,15000,16000,1.00,1000.00,769.23,true,false,false,20.00
940331000,941029000,698000,10000,16000,1.00,1000.00,869.57,true,false,true,20.00
941029000,941739000,710000,13000,20000,1.30,833.33,769.23,true,false,false,20.00
941739000,942437000,698000,15000,16000,1.30,833.33,769.23,true,false,false,20.00
942437000,943135000,698000,15000,16000,1.30,833.33,800.00,true,false,false,20.00
943135000,943833000,698000,15000,16000,1.30,833.33,769.23,true,false,false,20.00
943833000,944531000,698000,15000,16000,1.30,833.33,800.00,true,false,false,20.00
944531000,945229000,698000,15000,16000,1.30,833.33,800.00,true,false,false,20.00
945229000,945928000,699000,15000,16000,1.30,833.33,800.00,true,false,false,20.00
945928000,946626000,698000,15000,16000,1.30,833.33,800.00,true,false,false,20.00
946626000,947258000,632000,16000,16000,1.30,833.33,833.33,false,true,false,20.00
947258000,947962000,704000,13000,18000,1.30,833.33,769.23,true,false,false,20.00
947962000,948660000,698000,15000,16000,1.30,833.33,769.23,true,false,false,20.00
948660000,949358000,698000,10000,16000,1.00,1000.00,909.09,true,false,false,20.00
949358000,950060000,702000,11000,17000,1.00,1000.00,800.00,true,false,false,20.00
950060000,950758000,698000,15000,16000,1.00,1000.00,769.23,true,false,false,20.00
950758000,951456000,698000,15000,16000,1.00,1000.00,800.00,true,false,false,20.00
951456000,952154000,698000,15000,16000,1.00,1000.00,769.23,true,false,false,20.00
952154000,952852000,698000,15000,16000,1.00,1000.00,800.00,true,false,false,20.00
952852000,953550000,698000,15000,16000,1.00,1000.00,769.23,true,false,false,20.00
953550000,954249000,699000,15000,16000,1.00,1000.00,769.23,true,false,false,20.00
954249000,955045000,796000,15000,48000,1.00,1000.00,465.12,true,false,false,20.00
955045000,955795000,750000,10000,33000,1.00,1000.00,800.00,true,false,false,20.00
955795000,956490000,695000,14000,15000,1.00,1000.00,800.00,true,false,false,20.00
956490000,957185000,695000,14000,15000,1.00,1000.00,800.00,true,false,false,20.00
957185000,957880000,695000,14000,15000,1.00,1000.00,800.00,true,false,false,20.00
957880000,958575000,695000,14000,15000,1.00,1000.00,800.00,true,false,false,20.00
958575000,959271000,696000,14000,15000,1.00,1000.00,800.00,true,false,false,20.00
959271000,959966000,695000,14000,15000,1.00,1000.00,833.33,true,false,false,20.00
959966000,960661000,695000,14000,15000,1.00,1000.00,800.00,true,false,false,20.00
960661000,961356000,695000,14000,15000,1.00,1000.00,800.00,true,false,false,20.00
961356000,962060000,704000,10000,18000,1.00,1000.00,769.23,true,false,true,20.00
962060000,962758000,698000,14000,16000,1.40,833.33,833.33,true,false,false,20.00
962758000,963453000,695000,14000,15000,1.40,833.33,800.00,true,false,false,20.00
963453000,964148000,695000,14000,15000,1.40,833.33,800.00,true,false,false,20.00
964148000,964843000,695000,14000,15000,1.40,833.33,833.33,true,false,false,20.00
964843000,965538000,695000,14000,15000,1.40,833.33,800.00,true,false,false,20.00
965538000,966233000,695000,14000,15000,1.40,833.33,800.00,true,false,false,20.00
966233000,966928000,695000,14000,15000,1.40,833.33,833.33,true,false,false,20.00
966928000,967623000,695000,14000,15000,1.40,833.33,800.00,true,false,false,20.00
967623000,968251000,628000,15000,15000,1.40,833.33,869.57,false,true,false,20.00
968251000,968946000,695000,12000,15000,1.20,833.33,791.67,true,false,false,19.00
968946000,969638000,692000,13000,14000,1.20,833.33,791.67,true,false,false,19.00
969638000,970330000,692000,9000,14000,0.90,1000.00,950.00,true,false,false,19.00
970330000,971026000,696000,10000,15000,0.90,1000.00,826.09,true,false,false,19.00
971026000,971718000,692000,13000,14000,0.90,1000.00,791.67,true,false,false,19.00
971718000,972410000,692000,13000,14000,0.90,1000.00,791.67,true,false,false,19.00
972410000,973102000,692000,13000,14000,0.90,1000.00,791.67,true,false,false,19.00
973102000,973794000,692000,13000,14000,0.90,1000.00,826.09,true,false,false,19.00
973794000,974487000,693000,13000,14000,0.90,1000.00,826.09,true,false,false,19.00
974487000,975179000,692000,13000,14000,0.90,1000.00,826.09,true,false,false,19.00
975179000,975871000,692000,13000,14000,0.90,1000.00,791.67,true,false,false,19.00
975871000,976563000,692000,13000,14000,0.90,1000.00,791.67,true,false,false,19.00
976563000,977255000,692000,13000,14000,0.90,1000.00,791.67,true,false,false,19.00
977255000,977947000,692000,13000,14000,0.90,1000.00,791.67,true,false,false,19.00
977947000,978639000,692000,13000,14000,0.90,1000.00,826.09,true,false,false,19.00
978639000,979332000,693000,13000,14000,0.90,1000.00,791.67,true,false,false,19.00
979332000,980024000,692000,13000,14000,0.90,1000.00,791.67,true,false,false,19.00
980024000,980797000,773000,9000,41000,0.90,1000.00,1000.00,true,false,false,19.00
980797000,981501000,704000,9000,18000,0.90,1000.00,826.09,true,false,false,19.00
981501000,982190000,689000,13000,13000,0.90,1000.00,826.09,true,false,false,19.00
982190000,982888000,698000,9000,16000,0.90,1000.00,863.64,true,false,true,19.00
982888000,983580000,692000,12000,14000,1.20,863.64,826.09,true,false,false,19.00
983580000,984269000,689000,12000,13000,1.20,863.64,826.09,true,false,false,19.00
984269000,984958000,689000,12000,13000,1.20,863.64,826.09,true,false,false,19.00
984958000,985647000,689000,12000,13000,1.20,863.64,863.64,true,false,false,19.00
985647000,986337000,690000,12000,13000,1.20,863.64,826.09,true,false,false,19.00
986337000,987027000,690000,12000,13000,1.20,863.64,826.09,true,false,false,19.00
987027000,987716000,689000,12000,13000,1.20,863.64,826.09,true,false,false,19.00
987716000,988405000,689000,12000,13000,1.20,863.64,826.09,true,false,false,19.00
988405000,989023000,618000,13000,13000,1.20,863.64,863.64,false,true,false,19.00
989023000,989719000,696000,11000,15000,1.10,863.64,826.09,true,false,false,19.00
989719000,990408000,689000,12000,13000,1.10,863.64,826.09,true,false,false,19.00
990408000,991097000,689000,9000,13000,0.90,950.00,863.64,true,false,false,19.00
991097000,991792000,695000,9000,15000,0.90,1000.00,826.09,true,false,false,19.00
991792000,992481000,689000,12000,13000,0.90,1000.00,826.09,true,false,false,19.00
992481000,993170000,689000,12000,13000,0.90,1000.00,826.09,true,false,false,19.00
993170000,993859000,689000,12000,13000,0.90,1000.00,826.09,true,false,false,19.00
993859000,994548000,689000,12000,13000,0.90,1000.00,826.09,true,false,false,19.00
994548000,995237000,689000,12000,13000,0.90,1000.00,863.64,true,false,false,19.00
995237000,995926000,689000,12000,13000,0.90,1000.00,863.64,true,false,false,19.00
995926000,996615000,689000,12000,13000,0.90,1000.00,826.09,true,false,false,19.00
996615000,997304000,689000,12000,13000,0.90,1000.00,826.09,true,false,false,19.00
997304000,997993000,689000,12000,13000,0.90,1000.00,826.09,true,false,false,19.00
997993000,998682000,689000,12000,13000,0.90,1000.00,826.09,true,false,false,19.00
998682000,999371000,689000,12000,13000,0.90,1000.00,826.09,true,false,false,19.00
