start_time,end_time,duration,min_qdel,max_qdel,communicated_flow_count,round_max_cruise_rate,latest_cruise_rate,cruise_happened,probe_happened,round_ended,cwnd
156000,878000,722000,18000,24000,1.80,1000.00,933.33,true,false,false,27.50
878000,1591000,713000,20000,21000,1.80,1000.00,933.33,true,false,false,27.50
1591000,2304000,713000,20000,21000,1.80,1000.00,903.23,true,false,false,27.50
2304000,3017000,713000,20000,21000,1.80,1000.00,933.33,true,false,false,27.50
3017000,3730000,713000,20000,21000,1.80,1000.00,933.33,true,false,false,27.50
3730000,4482000,752000,18000,34000,1.80,1000.00,1000.00,true,false,false,27.50
4482000,5201000,719000,18000,23000,1.80,1000.00,933.33,true,false,false,27.50
5201000,5914000,713000,19000,21000,1.80,1000.00,965.52,true,false,false,27.50
5914000,6633000,719000,18000,23000,1.80,1000.00,903.23,true,false,false,27.50
6633000,7349000,716000,20000,22000,1.80,1000.00,903.23,true,false,false,27.50
7349000,8018000,669000,21000,21000,1.80,1000.00,933.33,false,true,false,27.50
8018000,8732000,714000,14000,21000,1.40,1000.00,880.00,true,false,false,22.00
8732000,9427000,695000,12000,15000,1.20,1000.00,916.67,true,false,false,22.00
9427000,10125000,698000,12000,16000,1.20,1000.00,880.00,true,false,false,22.00
10125000,10820000,695000,14000,15000,1.20,1000.00,880.00,true,false,false,22.00
10820000,11515000,695000,14000,15000,1.20,1000.00,880.00,true,false,false,22.00
11515000,12210000,695000,14000,15000,1.20,1000.00,880.00,true,false,false,22.00
12210000,12905000,695000,14000,15000,1.20,1000.00,880.00,true,false,false,22.00
12905000,13600000,695000,14000,15000,1.20,1000.00,880.00,true,false,false,22.00
13600000,14295000,695000,14000,15000,1.20,1000.00,916.67,true,false,false,22.00
14295000,14990000,695000,14000,15000,1.20,1000.00,880.00,true,false,false,22.00
14990000,15685000,695000,14000,15000,1.20,1000.00,880.00,true,false,false,22.00
15685000,16380000,695000,14000,15000,1.20,1000.00,880.00,true,false,false,22.00
16380000,17075000,695000,14000,15000,1.20,1000.00,880.00,true,false,false,22.00
17075000,17770000,695000,14000,15000,1.20,1000.00,880.00,true,false,false,22.00
17770000,18466000,696000,14000,15000,1.20,1000.00,880.00,true,false,false,22.00
18466000,19161000,695000,14000,15000,1.20,1000.00,880.00,true,false,false,22.00
19161000,19856000,695000,14000,15000,1.20,1000.00,880.00,true,false,false,22.00
19856000,20551000,695000,14000,15000,1.20,1000.00,880.00,true,false,false,22.00
20551000,21246000,695000,14000,15000,1.20,1000.00,880.00,true,false,true,22.00
21246000,21941000,695000,14000,15000,1.40,916.67,880.00,true,false,false,22.00
21941000,22636000,695000,14000,15000,1.40,916.67,880.00,true,false,false,22.00
22636000,23331000,695000,14000,15000,1.40,916.67,880.00,true,false,false,22.00
23331000,24026000,695000,14000,15000,1.40,916.67,880.00,true,false,false,22.00
24026000,24722000,696000,14000,15000,1.40,916.67,916.67,true,false,false,22.00
24722000,25417000,695000,12000,15000,1.20,1000.00,916.67,true,false,false,22.00
25417000,26118000,701000,13000,17000,1.20,1000.00,880.00,true,false,false,22.00
26118000,26813000,695000,12000,15000,1.20,1000.00,916.67,true,false,false,22.00
26813000,27514000,701000,13000,17000,1.20,1000.00,880.00,true,false,false,22.00
27514000,28210000,696000,14000,15000,1.20,1000.00,880.00,true,false,false,22.00
28210000,28836000,626000,15000,15000,1.20,1000.00,916.67,false,true,false,22.00
28836000,29531000,695000,12000,15000,1.20,1000.00,909.09,true,false,false,20.00
29531000,30220000,689000,10000,13000,1.00,1000.00,909.09,true,false,false,20.00
30220000,30948000,728000,10000,26000,1.00,1000.00,645.16,true,false,false,20.00
30948000,31662000,714000,10000,21000,1.00,1000.00,833.33,true,false,false,20.00
31662000,32354000,692000,13000,14000,1.00,1000.00,833.33,true,false,false,20.00
32354000,33046000,692000,14000,14000,1.00,1000.00,833.33,true,false,false,20.00
33046000,33738000,692000,14000,14000,1.00,1000.00,833.33,true,false,false,20.00
33738000,34430000,692000,14000,14000,1.00,1000.00,833.33,true,false,false,20.00
34430000,35122000,692000,14000,14000,1.00,1000.00,833.33,true,false,false,20.00
35122000,35814000,692000,14000,14000,1.00,1000.00,833.33,true,false,false,20.00
35814000,36506000,692000,14000,14000,1.00,1000.00,833.33,true,false,false,20.00
36506000,37198000,692000,14000,14000,1.00,1000.00,833.33,true,false,false,20.00
37198000,37890000,692000,14000,14000,1.00,1000.00,833.33,true,false,false,20.00
37890000,38582000,692000,14000,14000,1.00,1000.00,833.33,true,false,false,20.00
38582000,39274000,692000,14000,14000,1.00,1000.00,833.33,true,false,false,20.00
39274000,39966000,692000,14000,14000,1.00,1000.00,833.33,true,false,false,20.00
39966000,40658000,692000,14000,14000,1.00,1000.00,833.33,true,false,false,20.00
40658000,41350000,692000,14000,14000,1.00,1000.00,833.33,true,false,false,20.00
41350000,42042000,692000,14000,14000,1.00,1000.00,833.33,true,false,true,20.00
42042000,42734000,692000,14000,14000,1.40,833.33,833.33,true,false,false,20.00
42734000,43426000,692000,14000,14000,1.40,833.33,833.33,true,false,false,20.00
43426000,44118000,692000,14000,14000,1.40,833.33,833.33,true,false,false,20.00
44118000,44810000,692000,14000,14000,1.40,833.33,833.33,true,false,false,20.00
44810000,45502000,692000,14000,14000,1.40,833.33,833.33,true,false,false,20.00
45502000,46194000,692000,10000,14000,1.00,1000.00,909.09,true,false,false,20.00
46194000,46892000,698000,11000,16000,1.00,1000.00,833.33,true,false,false,20.00
46892000,47584000,692000,10000,14000,1.00,1000.00,869.57,true,false,false,20.00
47584000,48286000,702000,11000,17000,1.00,1000.00,833.33,true,false,false,20.00
48286000,48978000,692000,14000,14000,1.00,1000.00,833.33,true,false,false,20.00
48978000,49596000,618000,14000,14000,1.00,1000.00,869.57,false,true,false,20.00
49596000,50294000,698000,12000,16000,1.00,1000.00,833.33,true,false,false,20.00
50294000,50986000,692000,10000,14000,1.00,1000.00,869.57,true,false,false,20.00
50986000,51684000,698000,11000,16000,1.00,1000.00,833.33,true,false,false,20.00
51684000,52377000,693000,14000,14000,1.00,1000.00,833.33,true,false,false,20.00
52377000,53069000,692000,14000,14000,1.00,1000.00,833.33,true,false,false,20.00
53069000,53761000,692000,14000,14000,1.00,1000.00,833.33,true,false,false,20.00
53761000,54453000,692000,14000,14000,1.00,1000.00,833.33,true,false,false,20.00
54453000,55145000,692000,14000,14000,1.00,1000.00,833.33,true,false,false,20.00
55145000,55885000,740000,14000,30000,1.00,1000.00,588.24,true,false,false,20.00
55885000,56610000,725000,10000,25000,1.00,1000.00,833.33,true,false,false,20.00
56610000,57306000,696000,14000,15000,1.00,1000.00,800.00,true,false,false,20.00
57306000,58002000,696000,14000,15000,1.00,1000.00,833.33,true,false,false,20.00
58002000,58697000,695000,14000,15000,1.00,1000.00,800.00,true,false,false,20.00
58697000,59392000,695000,14000,15000,1.00,1000.00,833.33,true,false,false,20.00
59392000,60087000,695000,14000,15000,1.00,1000.00,833.33,true,false,false,20.00
60087000,60782000,695000,14000,15000,1.00,1000.00,833.33,true,false,false,20.00
60782000,61477000,695000,14000,15000,1.00,1000.00,833.33,true,false,false,20.00
61477000,62172000,695000,14000,15000,1.00,1000.00,833.33,true,false,false,20.00
62172000,62868000,696000,14000,15000,1.00,1000.00,833.33,true,false,true,20.00
62868000,63563000,695000,14000,15000,1.40,833.33,833.33,true,false,false,20.00
63563000,64258000,695000,14000,15000,1.40,833.33,833.33,true,false,false,20.00
64258000,64953000,695000,14000,15000,1.40,833.33,833.33,true,false,false,20.00
64953000,65648000,695000,14000,15000,1.40,833.33,833.33,true,false,false,20.00
65648000,66343000,695000,14000,15000,1.40,833.33,833.33,true,false,false,20.00
66343000,67038000,695000,10000,15000,1.00,1000.00,869.57,true,false,false,20.00
67038000,67739000,701000,12000,17000,1.00,1000.00,833.33,true,false,false,20.00
67739000,68434000,695000,10000,15000,1.00,1000.00,909.09,true,false,false,20.00
68434000,69138000,704000,12000,18000,1.00,1000.00,800.00,true,false,false,20.00
69138000,69833000,695000,14000,15000,1.00,1000.00,833.33,true,false,false,20.00
69833000,70452000,619000,14000,14000,1.00,1000.00,869.57,false,true,false,20.00
70452000,71150000,698000,12000,16000,1.00,1000.00,833.33,true,false,false,20.00
71150000,71845000,695000,11000,15000,1.00,1000.00,909.09,true,false,false,20.00
71845000,72543000,698000,12000,16000,1.00,1000.00,800.00,true,false,false,20.00
72543000,73238000,695000,14000,15000,1.00,1000.00,833.33,true,false,false,20.00
73238000,73933000,695000,14000,15000,1.00,1000.00,800.00,true,false,false,20.00
73933000,74628000,695000,14000,15000,1.00,1000.00,833.33,true,false,false,20.00
74628000,75323000,695000,14000,15000,1.00,1000.00,800.00,true,false,false,20.00
75323000,76018000,695000,14000,15000,1.00,1000.00,833.33,true,false,false,20.00
76018000,76713000,695000,14000,15000,1.00,1000.00,833.33,true,false,false,20.00
76713000,77408000,695000,14000,15000,1.00,1000.00,833.33,true,false,false,20.00
77408000,78104000,696000,14000,15000,1.00,1000.00,833.33,true,false,false,20.00
78104000,78799000,695000,14000,15000,1.00,1000.00,833.33,true,false,false,20.00
78799000,79494000,695000,14000,15000,1.00,1000.00,833.33,true,false,false,20.00
79494000,80189000,695000,14000,15000,1.00,1000.00,833.33,true,false,false,20.00
80189000,80884000,695000,14000,15000,1.00,1000.00,833.33,true,false,false,20.00
80884000,81631000,747000,14000,32000,1.00,1000.00,555.56,true,false,false,20.00
81631000,82359000,728000,10000,26000,1.00,1000.00,800.00,true,false,false,20.00
82359000,83055000,696000,14000,15000,1.00,1000.00,800.00,true,false,false,20.00
83055000,83750000,695000,14000,15000,1.00,1000.00,800.00,true,false,true,20.00
83750000,84445000,695000,14000,15000,1.40,833.33,833.33,true,false,false,20.00
84445000,85140000,695000,14000,15000,1.40,833.33,833.33,true,false,false,20.00
85140000,85835000,695000,14000,15000,1.40,833.33,833.33,true,false,false,20.00
85835000,86530000,695000,14000,15000,1.40,833.33,833.33,true,false,false,20.00
86530000,87225000,695000,14000,15000,1.40,833.33,833.33,true,false,false,20.00
87225000,87920000,695000,10000,15000,1.00,952.38,869.57,true,false,false,20.00
87920000,88621000,701000,12000,17000,1.00,952.38,833.33,true,false,false,20.00
88621000,89316000,695000,10000,15000,1.00,952.38,909.09,true,false,false,20.00
89316000,90021000,705000,12000,18000,1.00,952.38,800.00,true,false,false,20.00
90021000,90716000,695000,14000,15000,1.00,952.38,800.00,true,false,false,20.00
90716000,91336000,620000,15000,15000,1.00,952.38,833.33,false,true,false,20.00
91336000,92037000,701000,13000,17000,1.00,952.38,807.69,true,false,false,21.00
92037000,92735000,698000,11000,16000,1.00,954.55,913.04,true,false,false,21.00
92735000,93439000,704000,13000,18000,1.00,954.55,807.69,true,false,false,21.00
93439000,94137000,698000,15000,16000,1.00,954.55,840.00,true,false,false,21.00
94137000,94836000,699000,15000,16000,1.00,954.55,807.69,true,false,false,21.00
94836000,95534000,698000,15000,16000,1.00,954.55,807.69,true,false,false,21.00
95534000,96232000,698000,15000,16000,1.00,954.55,807.69,true,false,false,21.00
96232000,96930000,698000,15000,16000,1.00,954.55,807.69,true,false,false,21.00
96930000,97628000,698000,15000,16000,1.00,954.55,807.69,true,false,false,21.00
97628000,98326000,698000,15000,16000,1.00,954.55,807.69,true,false,false,21.00
98326000,99024000,698000,15000,16000,1.00,954.55,840.00,true,false,false,21.00
99024000,99722000,698000,15000,16000,1.00,954.55,807.69,true,false,false,21.00
99722000,100420000,698000,15000,16000,1.00,954.55,807.69,true,false,false,21.00
100420000,101118000,698000,15000,16000,1.00,954.55,807.69,true,false,false,21.00
101118000,101816000,698000,15000,16000,1.00,954.55,807.69,true,false,false,21.00
101816000,102514000,698000,15000,16000,1.00,954.55,807.69,true,false,false,21.00
102514000,103212000,698000,15000,16000,1.00,954.55,807.69,true,false,false,21.00
103212000,103910000,698000,15000,16000,1.00,954.55,807.69,true,false,false,21.00
103910000,104608000,698000,15000,16000,1.00,954.55,807.69,true,false,true,21.00
104608000,105306000,698000,15000,16000,1.50,840.00,807.69,true,false,false,21.00
105306000,106005000,699000,15000,16000,1.50,840.00,807.69,true,false,false,21.00
106005000,106760000,755000,15000,35000,1.50,840.00,538.46,true,false,false,21.00
106760000,107500000,740000,11000,30000,1.10,1000.00,807.69,true,false,false,21.00
107500000,108198000,698000,15000,16000,1.10,1000.00,807.69,true,false,false,21.00
108198000,108902000,704000,11000,18000,1.10,1000.00,875.00,true,false,false,21.00
108902000,109600000,698000,14000,16000,1.10,1000.00,840.00,true,false,false,21.00
109600000,110299000,699000,11000,16000,1.10,1000.00,913.04,true,false,false,21.00
110299000,111003000,704000,13000,18000,1.10,1000.00,840.00,true,false,false,21.00
111003000,111702000,699000,15000,16000,1.10,1000.00,840.00,true,false,false,21.00
111702000,112328000,626000,16000,16000,1.10,1000.00,750.00,false,true,false,21.00
112328000,113029000,701000,13000,17000,1.10,1000.00,807.69,true,false,false,21.00
113029000,113727000,698000,11000,16000,1.10,1000.00,913.04,true,false,false,21.00
113727000,114428000,701000,13000,17000,1.10,1000.00,840.00,true,false,false,21.00
114428000,115127000,699000,15000,16000,1.10,1000.00,840.00,true,false,false,21.00
115127000,115825000,698000,15000,16000,1.10,1000.00,840.00,true,false,false,21.00
115825000,116523000,698000,15000,16000,1.10,1000.00,807.69,true,false,false,21.00
116523000,117221000,698000,15000,16000,1.10,1000.00,840.00,true,false,false,21.00
117221000,117919000,698000,15000,16000,1.10,1000.00,807.69,true,false,false,21.00
117919000,118617000,698000,15000,16000,1.10,1000.00,840.00,true,false,false,21.00
118617000,119316000,699000,15000,16000,1.10,1000.00,840.00,true,false,false,21.00
119316000,120014000,698000,15000,16000,1.10,1000.00,840.00,true,false,false,21.00
120014000,120712000,698000,15000,16000,1.10,1000.00,840.00,true,false,false,21.00
120712000,121410000,698000,15000,16000,1.10,1000.00,840.00,true,false,false,21.00
121410000,122108000,698000,15000,16000,1.10,1000.00,807.69,true,false,false,21.00
122108000,122806000,698000,15000,16000,1.10,1000.00,840.00,true,false,false,21.00
122806000,123505000,699000,15000,16000,1.10,1000.00,840.00,true,false,false,21.00
123505000,124203000,698000,15000,16000,1.10,1000.00,840.00,true,false,false,21.00
124203000,124901000,698000,15000,16000,1.10,1000.00,840.00,true,false,false,21.00
124901000,125599000,698000,15000,16000,1.10,1000.00,807.69,true,false,true,21.00
125599000,126297000,698000,15000,16000,1.50,840.00,807.69,true,false,false,21.00
126297000,126995000,698000,15000,16000,1.50,840.00,840.00,true,false,false,21.00
126995000,127694000,699000,15000,16000,1.50,840.00,840.00,true,false,false,21.00
127694000,128392000,698000,15000,16000,1.50,840.00,840.00,true,false,false,21.00
128392000,129090000,698000,11000,16000,1.10,954.55,954.55,true,false,false,21.00
129090000,129794000,704000,11000,18000,1.10,1000.00,807.69,true,false,false,21.00
129794000,130492000,698000,15000,16000,1.10,1000.00,807.69,true,false,false,21.00
130492000,131190000,698000,11000,16000,1.10,1000.00,913.04,true,false,false,21.00
131190000,131894000,704000,13000,18000,1.10,1000.00,807.69,true,false,false,21.00
131894000,132640000,746000,15000,32000,1.10,1000.00,567.57,true,false,false,21.00
132640000,133280000,640000,27000,27000,1.10,1000.00,750.00,false,true,false,21.00
133280000,133981000,701000,13000,17000,1.10,1000.00,807.69,true,false,false,21.00
133981000,134679000,698000,11000,16000,1.10,1000.00,875.00,true,false,false,21.00
134679000,135383000,704000,13000,18000,1.10,1000.00,840.00,true,false,false,21.00
135383000,136082000,699000,15000,16000,1.10,1000.00,807.69,true,false,false,21.00
136082000,136780000,698000,15000,16000,1.10,1000.00,807.69,true,false,false,21.00
136780000,137478000,698000,15000,16000,1.10,1000.00,807.69,true,false,false,21.00
137478000,138177000,699000,15000,16000,1.10,1000.00,807.69,true,false,false,21.00
138177000,138875000,698000,15000,16000,1.10,1000.00,807.69,true,false,false,21.00
138875000,139573000,698000,15000,16000,1.10,1000.00,807.69,true,false,false,21.00
139573000,140271000,698000,15000,16000,1.10,1000.00,807.69,true,false,false,21.00
140271000,140969000,698000,15000,16000,1.10,1000.00,807.69,true,false,false,21.00
140969000,141667000,698000,15000,16000,1.10,1000.00,840.00,true,false,false,21.00
141667000,142365000,698000,15000,16000,1.10,1000.00,807.69,true,false,false,21.00
142365000,143064000,699000,15000,16000,1.10,1000.00,807.69,true,false,false,21.00
143064000,143762000,698000,15000,16000,1.10,1000.00,807.69,true,false,false,21.00
143762000,144460000,698000,15000,16000,1.10,1000.00,807.69,true,false,false,21.00
144460000,145158000,698000,15000,16000,1.10,1000.00,807.69,true,false,false,21.00
145158000,145856000,698000,15000,16000,1.10,1000.00,807.69,true,false,false,21.00
145856000,146554000,698000,15000,16000,1.10,1000.00,840.00,true,false,true,21.00
146554000,147252000,698000,15000,16000,1.50,840.00,807.69,true,false,false,21.00
147252000,147950000,698000,15000,16000,1.50,840.00,840.00,true,false,false,21.00
147950000,148648000,698000,15000,16000,1.50,840.00,807.69,true,false,false,21.00
148648000,149346000,698000,15000,16000,1.50,840.00,807.69,true,false,false,21.00
149346000,150044000,698000,11000,16000,1.10,1000.00,840.00,true,false,false,21.00
150044000,150748000,704000,12000,18000,1.10,1000.00,807.69,true,false,false,21.00
150748000,151446000,698000,15000,16000,1.10,1000.00,807.69,true,false,false,21.00
151446000,152144000,698000,11000,16000,1.10,1000.00,875.00,true,false,false,21.00
152144000,152851000,707000,13000,19000,1.10,1000.00,840.00,true,false,false,21.00
152851000,153549000,698000,15000,16000,1.10,1000.00,807.69,true,false,false,21.00
153549000,154177000,628000,16000,16000,1.10,1000.00,724.14,false,true,false,21.00
154177000,154878000,701000,14000,17000,1.10,1000.00,840.00,true,false,false,21.00
154878000,155576000,698000,11000,16000,1.10,1000.00,875.00,true,false,false,21.00
155576000,156280000,704000,14000,18000,1.10,1000.00,807.69,true,false,false,21.00
156280000,156979000,699000,15000,16000,1.10,1000.00,807.69,true,false,false,21.00
156979000,157677000,698000,15000,16000,1.10,1000.00,807.69,true,false,false,21.00
157677000,158429000,752000,15000,34000,1.10,1000.00,552.63,true,false,false,21.00
158429000,159166000,737000,11000,29000,1.10,1000.00,840.00,true,false,false,21.00
159166000,159864000,698000,15000,16000,1.10,1000.00,807.69,true,false,false,21.00
159864000,160562000,698000,15000,16000,1.10,1000.00,807.69,true,false,false,21.00
160562000,161260000,698000,15000,16000,1.10,1000.00,807.69,true,false,false,21.00
161260000,161958000,698000,15000,16000,1.10,1000.00,807.69,true,false,false,21.00
161958000,162657000,699000,15000,16000,1.10,1000.00,807.69,true,false,false,21.00
162657000,163355000,698000,15000,16000,1.10,1000.00,807.69,true,false,false,21.00
163355000,164053000,698000,15000,16000,1.10,1000.00,807.69,true,false,false,21.00
164053000,164752000,699000,15000,16000,1.10,1000.00,807.69,true,false,false,21.00
164752000,165450000,698000,15000,16000,1.10,1000.00,807.69,true,false,false,21.00
165450000,166148000,698000,15000,16000,1.10,1000.00,840.00,true,false,false,21.00
166148000,166847000,699000,15000,16000,1.10,1000.00,807.69,true,false,false,21.00
166847000,167545000,698000,15000,16000,1.10,1000.00,807.69,true,false,true,21.00
167545000,168243000,698000,15000,16000,1.50,840.00,807.69,true,false,false,21.00
168243000,168941000,698000,15000,16000,1.50,840.00,807.69,true,false,false,21.00
168941000,169639000,698000,15000,16000,1.50,840.00,807.69,true,false,false,21.00
169639000,170337000,698000,15000,16000,1.50,840.00,807.69,true,false,false,21.00
170337000,171035000,698000,11000,16000,1.10,954.55,913.04,true,false,false,21.00
171035000,171739000,704000,13000,18000,1.10,954.55,807.69,true,false,false,21.00
171739000,172437000,698000,15000,16000,1.10,954.55,807.69,true,false,false,21.00
172437000,173144000,707000,11000,19000,1.10,1000.00,750.00,true,false,false,21.00
173144000,173845000,701000,14000,17000,1.10,1000.00,807.69,true,false,false,21.00
173845000,174543000,698000,15000,16000,1.10,1000.00,840.00,true,false,false,21.00
174543000,175171000,628000,16000,16000,1.10,1000.00,875.00,false,true,false,21.00
175171000,175873000,702000,14000,17000,1.10,1000.00,807.69,true,false,false,21.00
175873000,176577000,704000,11000,18000,1.10,1000.00,807.69,true,false,false,21.00
176577000,177275000,698000,15000,16000,1.10,1000.00,807.69,true,false,false,21.00
177275000,177973000,698000,15000,16000,1.10,1000.00,807.69,true,false,false,21.00
177973000,178671000,698000,15000,16000,1.10,1000.00,807.69,true,false,false,21.00
178671000,179369000,698000,15000,16000,1.10,1000.00,807.69,true,false,false,21.00
179369000,180067000,698000,15000,16000,1.10,1000.00,840.00,true,false,false,21.00
180067000,180765000,698000,15000,16000,1.10,1000.00,807.69,true,false,false,21.00
180765000,181464000,699000,15000,16000,1.10,1000.00,840.00,true,false,false,21.00
181464000,182162000,698000,15000,16000,1.10,1000.00,807.69,true,false,false,21.00
182162000,182860000,698000,15000,16000,1.10,1000.00,807.69,true,false,false,21.00
182860000,183559000,699000,15000,16000,1.10,1000.00,807.69,true,false,false,21.00
183559000,184311000,752000,11000,34000,1.10,1000.00,777.78,true,false,false,21.00
184311000,185018000,707000,14000,19000,1.10,1000.00,840.00,true,false,false,21.00
185018000,185716000,698000,15000,16000,1.10,1000.00,807.69,true,false,false,21.00
185716000,186415000,699000,15000,16000,1.10,1000.00,840.00,true,false,false,21.00
186415000,187113000,698000,15000,16000,1.10,1000.00,807.69,true,false,false,21.00
187113000,187812000,699000,15000,16000,1.10,1000.00,840.00,true,false,false,21.00
187812000,188510000,698000,15000,16000,1.10,1000.00,840.00,true,false,true,21.00
188510000,189208000,698000,15000,16000,1.50,840.00,807.69,true,false,false,21.00
189208000,189906000,698000,15000,16000,1.50,840.00,840.00,true,false,false,21.00
189906000,190604000,698000,15000,16000,1.50,840.00,807.69,true,false,false,21.00
190604000,191303000,699000,15000,16000,1.50,840.00,840.00,true,false,false,21.00
191303000,192001000,698000,11000,16000,1.10,1000.00,875.00,true,false,false,21.00
192001000,192705000,704000,13000,18000,1.10,1000.00,840.00,true,false,false,21.00
192705000,193403000,698000,15000,16000,1.10,1000.00,807.69,true,false,false,21.00
193403000,194107000,704000,11000,18000,1.10,1000.00,807.69,true,false,false,21.00
194107000,194805000,698000,14000,16000,1.10,1000.00,840.00,true,false,false,21.00
194805000,195503000,698000,15000,16000,1.10,1000.00,840.00,true,false,false,21.00
195503000,196130000,627000,16000,16000,1.10,1000.00,724.14,false,true,false,21.00
196130000,196831000,701000,11000,17000,1.10,1000.00,875.00,true,false,false,21.00
196831000,197535000,704000,12000,18000,1.10,1000.00,807.69,true,false,false,21.00
197535000,198233000,698000,15000,16000,1.10,1000.00,807.69,true,false,false,21.00
198233000,198931000,698000,15000,16000,1.10,1000.00,807.69,true,false,false,21.00
198931000,199629000,698000,15000,16000,1.10,1000.00,807.69,true,false,false,21.00
199629000,200327000,698000,15000,16000,1.10,1000.00,840.00,true,false,false,21.00
200327000,201025000,698000,15000,16000,1.10,1000.00,840.00,true,false,false,21.00
201025000,201723000,698000,15000,16000,1.10,1000.00,840.00,true,false,false,21.00
201723000,202422000,699000,15000,16000,1.10,1000.00,840.00,true,false,false,21.00
202422000,203121000,699000,15000,16000,1.10,1000.00,807.69,true,false,false,21.00
203121000,203819000,698000,15000,16000,1.10,1000.00,807.69,true,false,false,21.00
203819000,204517000,698000,15000,16000,1.10,1000.00,807.69,true,false,false,21.00
204517000,205215000,698000,15000,16000,1.10,1000.00,807.69,true,false,false,21.00
205215000,205913000,698000,15000,16000,1.10,1000.00,807.69,true,false,false,21.00
205913000,206612000,699000,15000,16000,1.10,1000.00,840.00,true,false,false,21.00
206612000,207310000,698000,15000,16000,1.10,1000.00,840.00,true,false,false,21.00
207310000,208008000,698000,15000,16000,1.10,1000.00,807.69,true,false,false,21.00
208008000,208706000,698000,15000,16000,1.10,1000.00,840.00,true,false,false,21.00
208706000,209456000,750000,15000,33000,1.10,1000.00,567.57,true,false,true,21.00
209456000,210190000,734000,11000,28000,1.10,1000.00,807.69,true,false,false,21.00
210190000,210888000,698000,15000,16000,1.10,1000.00,840.00,true,false,false,21.00
210888000,211586000,698000,15000,16000,1.10,1000.00,840.00,true,false,false,21.00
211586000,212284000,698000,15000,16000,1.10,1000.00,840.00,true,false,false,21.00
212284000,212982000,698000,11000,16000,1.10,1000.00,913.04,true,false,false,21.00
212982000,213686000,704000,13000,18000,1.10,1000.00,840.00,true,false,false,21.00
213686000,214384000,698000,11000,16000,1.10,1000.00,875.00,true,false,false,21.00
214384000,215089000,705000,11000,18000,1.10,1000.00,840.00,true,false,false,21.00
215089000,215787000,698000,15000,16000,1.10,1000.00,840.00,true,false,false,21.00
215787000,216485000,698000,15000,16000,1.10,1000.00,840.00,true,false,false,21.00
216485000,217112000,627000,16000,16000,1.10,1000.00,750.00,false,true,false,21.00
217112000,217813000,701000,11000,17000,1.10,1000.00,875.00,true,false,false,21.00
217813000,218514000,701000,12000,17000,1.10,1000.00,807.69,true,false,false,21.00
218514000,219212000,698000,15000,16000,1.10,1000.00,840.00,true,false,false,21.00
219212000,219910000,698000,15000,16000,1.10,1000.00,840.00,true,false,false,21.00
219910000,220609000,699000,15000,16000,1.10,1000.00,840.00,true,false,false,21.00
220609000,221307000,698000,15000,16000,1.10,1000.00,840.00,true,false,false,21.00
221307000,222005000,698000,15000,16000,1.10,1000.00,840.00,true,false,false,21.00
222005000,222703000,698000,15000,16000,1.10,1000.00,807.69,true,false,false,21.00
222703000,223401000,698000,15000,16000,1.10,1000.00,840.00,true,false,false,21.00
223401000,224099000,698000,15000,16000,1.10,1000.00,807.69,true,false,false,21.00
224099000,224798000,699000,15000,16000,1.10,1000.00,840.00,true,false,false,21.00
224798000,225496000,698000,15000,16000,1.10,1000.00,840.00,true,false,false,21.00
225496000,226194000,698000,15000,16000,1.10,1000.00,840.00,true,false,false,21.00
226194000,226892000,698000,15000,16000,1.10,1000.00,807.69,true,false,false,21.00
226892000,227590000,698000,15000,16000,1.10,1000.00,840.00,true,false,false,21.00
227590000,228288000,698000,15000,16000,1.10,1000.00,807.69,true,false,false,21.00
228288000,228987000,699000,15000,16000,1.10,1000.00,840.00,true,false,false,21.00
228987000,229685000,698000,15000,16000,1.10,1000.00,807.69,true,false,false,21.00
229685000,230383000,698000,15000,16000,1.10,1000.00,840.00,true,false,true,21.00
230383000,231081000,698000,15000,16000,1.50,840.00,840.00,true,false,false,21.00
231081000,231779000,698000,15000,16000,1.50,840.00,840.00,true,false,false,21.00
231779000,232477000,698000,15000,16000,1.50,840.00,807.69,true,false,false,21.00
232477000,233176000,699000,15000,16000,1.50,840.00,840.00,true,false,false,21.00
233176000,233880000,704000,11000,18000,1.10,1000.00,777.78,true,false,false,21.00
233880000,234578000,698000,14000,16000,1.10,1000.00,807.69,true,false,false,21.00
234578000,235324000,746000,12000,32000,1.10,1000.00,677.42,true,false,false,21.00
235324000,236046000,722000,11000,24000,1.10,1000.00,840.00,true,false,false,21.00
236046000,236744000,698000,15000,16000,1.10,1000.00,807.69,true,false,false,21.00
236744000,237442000,698000,15000,16000,1.10,1000.00,840.00,true,false,false,21.00
237442000,238068000,626000,16000,16000,1.10,1000.00,724.14,false,true,false,21.00
238068000,238769000,701000,12000,17000,1.10,1000.00,913.04,true,false,false,21.00
238769000,239470000,701000,13000,17000,1.10,1000.00,840.00,true,false,false,21.00
239470000,240168000,698000,15000,16000,1.10,1000.00,840.00,true,false,false,21.00
240168000,240866000,698000,15000,16000,1.10,1000.00,840.00,true,false,false,21.00
240866000,241564000,698000,15000,16000,1.10,1000.00,840.00,true,false,false,21.00
241564000,242262000,698000,15000,16000,1.10,1000.00,840.00,true,false,false,21.00
242262000,242960000,698000,15000,16000,1.10,1000.00,840.00,true,false,false,21.00
242960000,243658000,698000,15000,16000,1.10,1000.00,840.00,true,false,false,21.00
243658000,244356000,698000,15000,16000,1.10,1000.00,807.69,true,false,false,21.00
244356000,245054000,698000,15000,16000,1.10,1000.00,840.00,true,false,false,21.00
245054000,245752000,698000,15000,16000,1.10,1000.00,840.00,true,false,false,21.00
245752000,246450000,698000,15000,16000,1.10,1000.00,840.00,true,false,false,21.00
246450000,247148000,698000,15000,16000,1.10,1000.00,807.69,true,false,false,21.00
247148000,247846000,698000,15000,16000,1.10,1000.00,840.00,true,false,false,21.00
247846000,248544000,698000,15000,16000,1.10,1000.00,840.00,true,false,false,21.00
248544000,249242000,698000,15000,16000,1.10,1000.00,840.00,true,false,false,21.00
249242000,249941000,699000,15000,16000,1.10,1000.00,807.69,true,false,false,21.00
249941000,250639000,698000,15000,16000,1.10,1000.00,840.00,true,false,false,21.00
250639000,251337000,698000,15000,16000,1.10,1000.00,840.00,true,false,true,21.00
251337000,252035000,698000,15000,16000,1.50,840.00,840.00,true,false,false,21.00
252035000,252733000,698000,15000,16000,1.50,840.00,840.00,true,false,false,21.00
252733000,253431000,698000,15000,16000,1.50,840.00,840.00,true,false,false,21.00
253431000,254129000,698000,11000,16000,1.10,954.55,913.04,true,false,false,21.00
254129000,254833000,704000,12000,18000,1.10,954.55,807.69,true,false,false,21.00
254833000,255531000,698000,15000,16000,1.10,954.55,840.00,true,false,false,21.00
255531000,256230000,699000,11000,16000,1.10,1000.00,954.55,true,false,false,21.00
256230000,256935000,705000,11000,18000,1.10,1000.00,807.69,true,false,false,21.00
256935000,257633000,698000,15000,16000,1.10,1000.00,840.00,true,false,false,21.00
257633000,258331000,698000,15000,16000,1.10,1000.00,840.00,true,false,false,21.00
258331000,258957000,626000,16000,16000,1.10,1000.00,875.00,false,true,false,21.00
258957000,259658000,701000,12000,17000,1.10,1000.00,913.04,true,false,false,21.00
259658000,260360000,702000,13000,17000,1.10,1000.00,807.69,true,false,false,21.00
260360000,261107000,747000,15000,32000,1.10,1000.00,583.33,true,false,false,21.00
261107000,261839000,732000,11000,27000,1.10,1000.00,807.69,true,false,false,21.00
261839000,262537000,698000,15000,16000,1.10,1000.00,807.69,true,false,false,21.00
262537000,263235000,698000,15000,16000,1.10,1000.00,840.00,true,false,false,21.00
263235000,263933000,698000,15000,16000,1.10,1000.00,807.69,true,false,false,21.00
263933000,264631000,698000,15000,16000,1.10,1000.00,807.69,true,false,false,21.00
264631000,265329000,698000,15000,16000,1.10,1000.00,807.69,true,false,false,21.00
265329000,266028000,699000,15000,16000,1.10,1000.00,807.69,true,false,false,21.00
266028000,266726000,698000,15000,16000,1.10,1000.00,840.00,true,false,false,21.00
266726000,267424000,698000,15000,16000,1.10,1000.00,807.69,true,false,false,21.00
267424000,268122000,698000,15000,16000,1.10,1000.00,807.69,true,false,false,21.00
268122000,268820000,698000,15000,16000,1.10,1000.00,807.69,true,false,false,21.00
268820000,269518000,698000,15000,16000,1.10,1000.00,807.69,true,false,false,21.00
269518000,270217000,699000,15000,16000,1.10,1000.00,807.69,true,false,false,21.00
270217000,270915000,698000,15000,16000,1.10,1000.00,807.69,true,false,false,21.00
270915000,271613000,698000,15000,16000,1.10,1000.00,807.69,true,false,false,21.00
271613000,272311000,698000,15000,16000,1.10,1000.00,840.00,true,false,true,21.00
272311000,273009000,698000,15000,16000,1.50,840.00,840.00,true,false,false,21.00
273009000,273707000,698000,15000,16000,1.50,840.00,840.00,true,false,false,21.00
273707000,274406000,699000,15000,16000,1.50,840.00,807.69,true,false,false,21.00
274406000,275104000,698000,11000,16000,1.10,1000.00,875.00,true,false,false,21.00
275104000,275808000,704000,13000,18000,1.10,1000.00,807.69,true,false,false,21.00
275808000,276507000,699000,15000,16000,1.10,1000.00,807.69,true,false,false,21.00
276507000,277205000,698000,11000,16000,1.10,1000.00,1000.00,true,false,false,21.00
277205000,277912000,707000,11000,19000,1.10,1000.00,840.00,true,false,false,21.00
277912000,278610000,698000,15000,16000,1.10,1000.00,807.69,true,false,false,21.00
278610000,279308000,698000,15000,16000,1.10,1000.00,807.69,true,false,false,21.00
279308000,279937000,629000,16000,16000,1.10,1000.00,700.00,false,true,false,21.00
279937000,280636000,699000,10000,16000,1.00,1000.00,869.57,true,false,false,20.00
280636000,281337000,701000,12000,17000,1.00,1000.00,833.33,true,false,false,20.00
281337000,282032000,695000,14000,15000,1.00,1000.00,800.00,true,false,false,20.00
282032000,282727000,695000,14000,15000,1.00,1000.00,800.00,true,false,false,20.00
282727000,283423000,696000,14000,15000,1.00,1000.00,800.00,true,false,false,20.00
283423000,284118000,695000,14000,15000,1.00,1000.00,800.00,true,false,false,20.00
284118000,284813000,695000,14000,15000,1.00,1000.00,800.00,true,false,false,20.00
284813000,285508000,695000,14000,15000,1.00,1000.00,800.00,true,false,false,20.00
285508000,286259000,751000,14000,33000,1.00,1000.00,487.80,true,false,false,20.00
286259000,287005000,746000,10000,32000,1.00,1000.00,800.00,true,false,false,20.00
287005000,287700000,695000,14000,15000,1.00,1000.00,833.33,true,false,false,20.00
287700000,288395000,695000,14000,15000,1.00,1000.00,833.33,true,false,false,20.00
288395000,289090000,695000,14000,15000,1.00,1000.00,833.33,true,false,false,20.00
289090000,289785000,695000,14000,15000,1.00,1000.00,833.33,true,false,false,20.00
289785000,290481000,696000,14000,15000,1.00,1000.00,833.33,true,false,false,20.00
290481000,291176000,695000,14000,15000,1.00,1000.00,833.33,true,false,false,20.00
291176000,291871000,695000,14000,15000,1.00,1000.00,833.33,true,false,false,20.00
291871000,292566000,695000,14000,15000,1.00,1000.00,833.33,true,false,false,20.00
292566000,293261000,695000,14000,15000,1.00,1000.00,833.33,true,false,true,20.00
293261000,293956000,695000,14000,15000,1.40,833.33,800.00,true,false,false,20.00
293956000,294651000,695000,14000,15000,1.40,833.33,833.33,true,false,false,20.00
294651000,295346000,695000,14000,15000,1.40,833.33,833.33,true,false,false,20.00
295346000,296041000,695000,10000,15000,1.00,1000.00,909.09,true,false,false,20.00
296041000,296742000,701000,12000,17000,1.00,1000.00,833.33,true,false,false,20.00
296742000,297437000,695000,14000,15000,1.00,1000.00,833.33,true,false,false,20.00
297437000,298132000,695000,10000,15000,1.00,1000.00,869.57,true,false,false,20.00
298132000,298834000,702000,11000,17000,1.00,1000.00,833.33,true,false,false,20.00
298834000,299529000,695000,14000,15000,1.00,1000.00,833.33,true,false,false,20.00
299529000,300224000,695000,14000,15000,1.00,1000.00,833.33,true,false,false,20.00
300224000,300844000,620000,14000,14000,1.00,1000.00,833.33,false,true,false,20.00
300844000,301542000,698000,10000,16000,1.00,1000.00,869.57,true,false,false,20.00
301542000,302243000,701000,12000,17000,1.00,1000.00,833.33,true,false,false,20.00
302243000,302938000,695000,14000,15000,1.00,1000.00,833.33,true,false,false,20.00
302938000,303633000,695000,14000,15000,1.00,1000.00,833.33,true,false,false,20.00
303633000,304328000,695000,14000,15000,1.00,1000.00,833.33,true,false,false,20.00
304328000,305023000,695000,14000,15000,1.00,1000.00,800.00,true,false,false,20.00
305023000,305718000,695000,14000,15000,1.00,1000.00,833.33,true,false,false,20.00
305718000,306413000,695000,14000,15000,1.00,1000.00,800.00,true,false,false,20.00
306413000,307108000,695000,14000,15000,1.00,1000.00,833.33,true,false,false,20.00
307108000,307804000,696000,14000,15000,1.00,1000.00,833.33,true,false,false,20.00
307804000,308499000,695000,14000,15000,1.00,1000.00,833.33,true,false,false,20.00
308499000,309194000,695000,14000,15000,1.00,1000.00,833.33,true,false,false,20.00
309194000,309889000,695000,14000,15000,1.00,1000.00,833.33,true,false,false,20.00
309889000,310584000,695000,14000,15000,1.00,1000.00,833.33,true,false,false,20.00
310584000,311279000,695000,14000,15000,1.00,1000.00,833.33,true,false,false,20.00
311279000,312026000,747000,14000,32000,1.00,1000.00,555.56,true,false,false,20.00
312026000,312754000,728000,10000,26000,1.00,1000.00,800.00,true,false,false,20.00
312754000,313449000,695000,14000,15000,1.00,1000.00,800.00,true,false,false,20.00
313449000,314145000,696000,14000,15000,1.00,1000.00,800.00,true,false,true,20.00
314145000,314840000,695000,14000,15000,1.40,833.33,800.00,true,false,false,20.00
314840000,315535000,695000,14000,15000,1.40,833.33,800.00,true,false,false,20.00
315535000,316230000,695000,14000,15000,1.40,833.33,800.00,true,false,false,20.00
316230000,316925000,695000,10000,15000,1.00,952.38,909.09,true,false,false,20.00
316925000,317630000,705000,12000,18000,1.00,952.38,833.33,true,false,false,20.00
317630000,318325000,695000,14000,15000,1.00,952.38,800.00,true,false,false,20.00
318325000,319020000,695000,10000,15000,1.00,1000.00,909.09,true,false,false,20.00
319020000,319724000,704000,10000,18000,1.00,1000.00,800.00,true,false,false,20.00
319724000,320419000,695000,14000,15000,1.00,1000.00,800.00,true,false,false,20.00
320419000,321114000,695000,14000,15000,1.00,1000.00,800.00,true,false,false,20.00
321114000,321734000,620000,14000,14000,1.00,1000.00,869.57,false,true,false,20.00
321734000,322432000,698000,10000,16000,1.00,1000.00,909.09,true,false,false,20.00
322432000,323133000,701000,12000,17000,1.00,1000.00,833.33,true,false,false,20.00
323133000,323828000,695000,14000,15000,1.00,1000.00,800.00,true,false,false,20.00
323828000,324523000,695000,14000,15000,1.00,1000.00,833.33,true,false,false,20.00
324523000,325218000,695000,14000,15000,1.00,1000.00,833.33,true,false,false,20.00
325218000,325913000,695000,14000,15000,1.00,1000.00,833.33,true,false,false,20.00
325913000,326608000,695000,14000,15000,1.00,1000.00,833.33,true,false,false,20.00
326608000,327303000,695000,14000,15000,1.00,1000.00,833.33,true,false,false,20.00
327303000,327998000,695000,14000,15000,1.00,1000.00,833.33,true,false,false,20.00
327998000,328693000,695000,14000,15000,1.00,1000.00,833.33,true,false,false,20.00
328693000,329388000,695000,14000,15000,1.00,1000.00,833.33,true,false,false,20.00
329388000,330083000,695000,14000,15000,1.00,1000.00,800.00,true,false,false,20.00
330083000,330778000,695000,14000,15000,1.00,1000.00,833.33,true,false,false,20.00
330778000,331473000,695000,14000,15000,1.00,1000.00,800.00,true,false,false,20.00
331473000,332168000,695000,14000,15000,1.00,1000.00,800.00,true,false,false,20.00
332168000,332863000,695000,14000,15000,1.00,1000.00,800.00,true,false,false,20.00
332863000,333558000,695000,14000,15000,1.00,1000.00,800.00,true,false,false,20.00
333558000,334253000,695000,14000,15000,1.00,1000.00,800.00,true,false,false,20.00
334253000,334948000,695000,14000,15000,1.00,1000.00,800.00,true,false,true,20.00
334948000,335643000,695000,14000,15000,1.40,833.33,833.33,true,false,false,20.00
335643000,336338000,695000,14000,15000,1.40,833.33,833.33,true,false,false,20.00
336338000,337087000,749000,14000,33000,1.40,833.33,540.54,true,false,false,20.00
337087000,337821000,734000,10000,28000,1.00,1000.00,869.57,true,false,false,20.00
337821000,338522000,701000,12000,17000,1.00,1000.00,833.33,true,false,false,20.00
338522000,339217000,695000,14000,15000,1.00,1000.00,833.33,true,false,false,20.00
339217000,339912000,695000,10000,15000,1.00,1000.00,952.38,true,false,false,20.00
339912000,340613000,701000,11000,17000,1.00,1000.00,800.00,true,false,false,20.00
340613000,341308000,695000,13000,15000,1.00,1000.00,833.33,true,false,false,20.00
341308000,342003000,695000,14000,15000,1.00,1000.00,833.33,true,false,false,20.00
342003000,342622000,619000,14000,14000,1.00,1000.00,869.57,false,true,false,20.00
342622000,343320000,698000,10000,16000,1.00,1000.00,869.57,true,false,false,20.00
343320000,344018000,698000,12000,16000,1.00,1000.00,833.33,true,false,false,20.00
344018000,344714000,696000,14000,15000,1.00,1000.00,833.33,true,false,false,20.00
344714000,345409000,695000,14000,15000,1.00,1000.00,833.33,true,false,false,20.00
345409000,346104000,695000,14000,15000,1.00,1000.00,833.33,true,false,false,20.00
346104000,346799000,695000,14000,15000,1.00,1000.00,833.33,true,false,false,20.00
346799000,347494000,695000,14000,15000,1.00,1000.00,833.33,true,false,false,20.00
347494000,348190000,696000,14000,15000,1.00,1000.00,833.33,true,false,false,20.00
348190000,348885000,695000,14000,15000,1.00,1000.00,833.33,true,false,false,20.00
348885000,349580000,695000,14000,15000,1.00,1000.00,833.33,true,false,false,20.00
349580000,350275000,695000,14000,15000,1.00,1000.00,833.33,true,false,false,20.00
350275000,350970000,695000,14000,15000,1.00,1000.00,833.33,true,false,false,20.00
350970000,351665000,695000,14000,15000,1.00,1000.00,833.33,true,false,false,20.00
351665000,352361000,696000,14000,15000,1.00,1000.00,833.33,true,false,false,20.00
352361000,353056000,695000,14000,15000,1.00,1000.00,833.33,true,false,false,20.00
353056000,353751000,695000,14000,15000,1.00,1000.00,833.33,true,false,false,20.00
353751000,354446000,695000,14000,15000,1.00,1000.00,833.33,true,false,false,20.00
354446000,355141000,695000,14000,15000,1.00,1000.00,833.33,true,false,false,20.00
355141000,355837000,696000,14000,15000,1.00,1000.00,833.33,true,false,true,20.00
355837000,356532000,695000,14000,15000,1.40,833.33,833.33,true,false,false,20.00
356532000,357227000,695000,14000,15000,1.40,833.33,833.33,true,false,false,20.00
357227000,357922000,695000,14000,15000,1.40,833.33,833.33,true,false,false,20.00
357922000,358617000,695000,10000,15000,1.00,1000.00,909.09,true,false,false,20.00
358617000,359318000,701000,12000,17000,1.00,1000.00,833.33,true,false,false,20.00
359318000,360013000,695000,14000,15000,1.00,1000.00,833.33,true,false,false,20.00
360013000,360708000,695000,10000,15000,1.00,1000.00,1000.00,true,false,false,20.00
360708000,361412000,704000,10000,18000,1.00,1000.00,800.00,true,false,false,20.00
361412000,362107000,695000,14000,15000,1.00,1000.00,833.33,true,false,false,20.00
362107000,362851000,744000,14000,31000,1.00,1000.00,555.56,true,false,false,20.00
362851000,363481000,630000,26000,26000,1.00,1000.00,833.33,false,true,false,20.00
363481000,364182000,701000,10000,17000,1.00,1000.00,869.57,true,false,false,20.00
364182000,364883000,701000,12000,17000,1.00,1000.00,800.00,true,false,false,20.00
364883000,365578000,695000,14000,15000,1.00,1000.00,833.33,true,false,false,20.00
365578000,366273000,695000,14000,15000,1.00,1000.00,833.33,true,false,false,20.00
366273000,366968000,695000,14000,15000,1.00,1000.00,833.33,true,false,false,20.00
366968000,367663000,695000,14000,15000,1.00,1000.00,833.33,true,false,false,20.00
367663000,368358000,695000,14000,15000,1.00,1000.00,833.33,true,false,false,20.00
368358000,369053000,695000,14000,15000,1.00,1000.00,800.00,true,false,false,20.00
369053000,369748000,695000,14000,15000,1.00,1000.00,800.00,true,false,false,20.00
369748000,370443000,695000,14000,15000,1.00,1000.00,800.00,true,false,false,20.00
370443000,371138000,695000,14000,15000,1.00,1000.00,800.00,true,false,false,20.00
371138000,371833000,695000,14000,15000,1.00,1000.00,800.00,true,false,false,20.00
371833000,372528000,695000,14000,15000,1.00,1000.00,833.33,true,false,false,20.00
372528000,373224000,696000,14000,15000,1.00,1000.00,833.33,true,false,false,20.00
373224000,373919000,695000,14000,15000,1.00,1000.00,833.33,true,false,false,20.00
373919000,374614000,695000,14000,15000,1.00,1000.00,833.33,true,false,false,20.00
374614000,375310000,696000,14000,15000,1.00,1000.00,800.00,true,false,false,20.00
375310000,376005000,695000,14000,15000,1.00,1000.00,800.00,true,false,false,20.00
376005000,376700000,695000,14000,15000,1.00,1000.00,800.00,true,false,true,20.00
376700000,377395000,695000,14000,15000,1.40,833.33,800.00,true,false,false,20.00
377395000,378090000,695000,14000,15000,1.40,833.33,800.00,true,false,false,20.00
378090000,378786000,696000,14000,15000,1.40,833.33,800.00,true,false,false,20.00
378786000,379481000,695000,10000,15000,1.00,1000.00,909.09,true,false,false,20.00
379481000,380182000,701000,12000,17000,1.00,1000.00,833.33,true,false,false,20.00
380182000,380878000,696000,14000,15000,1.00,1000.00,833.33,true,false,false,20.00
380878000,381574000,696000,14000,15000,1.00,1000.00,833.33,true,false,false,20.00
381574000,382278000,704000,10000,18000,1.00,1000.00,800.00,true,false,false,20.00
382278000,382973000,695000,14000,15000,1.00,1000.00,800.00,true,false,false,20.00
382973000,383668000,695000,14000,15000,1.00,1000.00,800.00,true,false,false,20.00
383668000,384289000,621000,15000,15000,1.00,1000.00,833.33,false,true,false,20.00
384289000,384987000,698000,10000,16000,1.00,1000.00,869.57,true,false,false,20.00
384987000,385688000,701000,13000,17000,1.00,1000.00,800.00,true,false,false,20.00
385688000,386383000,695000,14000,15000,1.00,1000.00,800.00,true,false,false,20.00
386383000,387079000,696000,14000,15000,1.00,1000.00,833.33,true,false,false,20.00
387079000,387786000,707000,14000,19000,1.00,1000.00,833.33,true,false,false,20.00
387786000,388533000,747000,10000,32000,1.00,1000.00,800.00,true,false,false,20.00
388533000,389231000,698000,14000,16000,1.00,1000.00,800.00,true,false,false,20.00
389231000,389926000,695000,14000,15000,1.00,1000.00,800.00,true,false,false,20.00
389926000,390621000,695000,14000,15000,1.00,1000.00,800.00,true,false,false,20.00
390621000,391316000,695000,14000,15000,1.00,1000.00,800.00,true,false,false,20.00
391316000,392012000,696000,14000,15000,1.00,1000.00,800.00,true,false,false,20.00
392012000,392707000,695000,14000,15000,1.00,1000.00,800.00,true,false,false,20.00
392707000,393402000,695000,14000,15000,1.00,1000.00,800.00,true,false,false,20.00
393402000,394097000,695000,14000,15000,1.00,1000.00,833.33,true,false,false,20.00
394097000,394793000,696000,14000,15000,1.00,1000.00,833.33,true,false,false,20.00
394793000,395488000,695000,14000,15000,1.00,1000.00,833.33,true,false,false,20.00
395488000,396183000,695000,14000,15000,1.00,1000.00,833.33,true,false,false,20.00
396183000,396878000,695000,14000,15000,1.00,1000.00,800.00,true,false,false,20.00
396878000,397573000,695000,14000,15000,1.00,1000.00,800.00,true,false,true,20.00
397573000,398268000,695000,14000,15000,1.40,833.33,800.00,true,false,false,20.00
398268000,398963000,695000,14000,15000,1.40,833.33,800.00,true,false,false,20.00
398963000,399658000,695000,14000,15000,1.40,833.33,800.00,true,false,false,20.00
399658000,400353000,695000,10000,15000,1.00,1000.00,869.57,true,false,false,20.00
400353000,401054000,701000,12000,17000,1.00,1000.00,833.33,true,false,false,20.00
401054000,401749000,695000,14000,15000,1.00,1000.00,833.33,true,false,false,20.00
401749000,402445000,696000,14000,15000,1.00,1000.00,833.33,true,false,false,20.00
402445000,403149000,704000,10000,18000,1.00,1000.00,800.00,true,false,false,20.00
403149000,403845000,696000,14000,15000,1.00,1000.00,800.00,true,false,false,20.00
403845000,404541000,696000,14000,15000,1.00,1000.00,800.00,true,false,false,20.00
404541000,405161000,620000,15000,15000,1.00,1000.00,869.57,false,true,false,20.00
405161000,405860000,699000,10000,16000,1.00,1000.00,909.09,true,false,false,20.00
405860000,406562000,702000,13000,17000,1.00,1000.00,833.33,true,false,false,20.00
406562000,407258000,696000,14000,15000,1.00,1000.00,833.33,true,false,false,20.00
407258000,407954000,696000,14000,15000,1.00,1000.00,833.33,true,false,false,20.00
407954000,408649000,695000,14000,15000,1.00,1000.00,833.33,true,false,false,20.00
408649000,409344000,695000,14000,15000,1.00,1000.00,833.33,true,false,false,20.00
409344000,410039000,695000,14000,15000,1.00,1000.00,833.33,true,false,false,20.00
410039000,410734000,695000,14000,15000,1.00,1000.00,800.00,true,false,false,20.00
410734000,411429000,695000,14000,15000,1.00,1000.00,800.00,true,false,false,20.00
411429000,412124000,695000,14000,15000,1.00,1000.00,800.00,true,false,false,20.00
412124000,412820000,696000,14000,15000,1.00,1000.00,800.00,true,false,false,20.00
412820000,413570000,750000,14000,33000,1.00,1000.00,540.54,true,false,false,20.00
413570000,414304000,734000,10000,28000,1.00,1000.00,833.33,true,false,false,20.00
414304000,414999000,695000,14000,15000,1.00,1000.00,800.00,true,false,false,20.00
414999000,415694000,695000,14000,15000,1.00,1000.00,833.33,true,false,false,20.00
415694000,416389000,695000,14000,15000,1.00,1000.00,833.33,true,false,false,20.00
416389000,417084000,695000,14000,15000,1.00,1000.00,833.33,true,false,false,20.00
417084000,417779000,695000,14000,15000,1.00,1000.00,833.33,true,false,false,20.00
417779000,418474000,695000,14000,15000,1.00,1000.00,800.00,true,false,true,20.00
418474000,419170000,696000,14000,15000,1.40,833.33,833.33,true,false,false,20.00
419170000,419865000,695000,14000,15000,1.40,833.33,800.00,true,false,false,20.00
419865000,420560000,695000,14000,15000,1.40,833.33,833.33,true,false,false,20.00
420560000,421255000,695000,10000,15000,1.00,952.38,909.09,true,false,false,20.00
421255000,421956000,701000,12000,17000,1.00,952.38,833.33,true,false,false,20.00
421956000,422651000,695000,14000,15000,1.00,952.38,833.33,true,false,false,20.00
422651000,423346000,695000,14000,15000,1.00,952.38,833.33,true,false,false,20.00
423346000,424050000,704000,10000,18000,1.00,1000.00,800.00,true,false,false,20.00
424050000,424745000,695000,13000,15000,1.00,1000.00,833.33,true,false,false,20.00
424745000,425440000,695000,14000,15000,1.00,1000.00,833.33,true,false,false,20.00
425440000,426060000,620000,14000,14000,1.00,1000.00,833.33,false,true,false,20.00
426060000,426758000,698000,10000,16000,1.00,1000.00,869.57,true,false,false,20.00
426758000,427459000,701000,13000,17000,1.00,1000.00,833.33,true,false,false,20.00
427459000,428154000,695000,14000,15000,1.00,1000.00,800.00,true,false,false,20.00
428154000,428849000,695000,14000,15000,1.00,1000.00,833.33,true,false,false,20.00
428849000,429544000,695000,14000,15000,1.00,1000.00,800.00,true,false,false,20.00
429544000,430239000,695000,14000,15000,1.00,1000.00,833.33,true,false,false,20.00
430239000,430934000,695000,14000,15000,1.00,1000.00,833.33,true,false,false,20.00
430934000,431629000,695000,14000,15000,1.00,1000.00,833.33,true,false,false,20.00
431629000,432325000,696000,14000,15000,1.00,1000.00,833.33,true,false,false,20.00
432325000,433020000,695000,14000,15000,1.00,1000.00,800.00,true,false,false,20.00
433020000,433715000,695000,14000,15000,1.00,1000.00,833.33,true,false,false,20.00
433715000,434410000,695000,14000,15000,1.00,1000.00,800.00,true,false,false,20.00
434410000,435105000,695000,14000,15000,1.00,1000.00,833.33,true,false,false,20.00
435105000,435800000,695000,14000,15000,1.00,1000.00,833.33,true,false,false,20.00
435800000,436495000,695000,14000,15000,1.00,1000.00,833.33,true,false,false,20.00
436495000,437190000,695000,14000,15000,1.00,1000.00,833.33,true,false,false,20.00
437190000,437885000,695000,14000,15000,1.00,1000.00,833.33,true,false,false,20.00
437885000,438631000,746000,14000,32000,1.00,1000.00,571.43,true,false,false,20.00
438631000,439362000,731000,10000,27000,1.00,1000.00,833.33,true,false,true,20.00
439362000,440057000,695000,14000,15000,1.40,833.33,833.33,true,false,false,20.00
440057000,440752000,695000,14000,15000,1.40,833.33,833.33,true,false,false,20.00
440752000,441447000,695000,14000,15000,1.40,833.33,833.33,true,false,false,20.00
441447000,442148000,701000,10000,17000,1.00,1000.00,800.00,true,false,false,20.00
442148000,442846000,698000,13000,16000,1.00,1000.00,800.00,true,false,false,20.00
442846000,443541000,695000,14000,15000,1.00,1000.00,833.33,true,false,false,20.00
443541000,444237000,696000,14000,15000,1.00,1000.00,833.33,true,false,false,20.00
444237000,444941000,704000,10000,18000,1.00,1000.00,869.57,true,false,false,20.00
444941000,445640000,699000,13000,16000,1.00,1000.00,833.33,true,false,false,20.00
445640000,446335000,695000,14000,15000,1.00,1000.00,833.33,true,false,false,20.00
446335000,446955000,620000,14000,14000,1.00,1000.00,833.33,false,true,false,20.00
446955000,447656000,701000,10000,17000,1.00,1000.00,740.74,true,false,false,20.00
447656000,448352000,696000,13000,15000,1.00,1000.00,800.00,true,false,false,20.00
448352000,449047000,695000,14000,15000,1.00,1000.00,833.33,true,false,false,20.00
449047000,449742000,695000,14000,15000,1.00,1000.00,800.00,true,false,false,20.00
449742000,450437000,695000,14000,15000,1.00,1000.00,833.33,true,false,false,20.00
450437000,451132000,695000,14000,15000,1.00,1000.00,800.00,true,false,false,20.00
451132000,451827000,695000,14000,15000,1.00,1000.00,833.33,true,false,false,20.00
451827000,452522000,695000,14000,15000,1.00,1000.00,833.33,true,false,false,20.00
452522000,453218000,696000,14000,15000,1.00,1000.00,800.00,true,false,false,20.00
453218000,453914000,696000,14000,15000,1.00,1000.00,833.33,true,false,false,20.00
453914000,454609000,695000,14000,15000,1.00,1000.00,800.00,true,false,false,20.00
454609000,455304000,695000,14000,15000,1.00,1000.00,800.00,true,false,false,20.00
455304000,455999000,695000,14000,15000,1.00,1000.00,800.00,true,false,false,20.00
455999000,456695000,696000,14000,15000,1.00,1000.00,800.00,true,false,false,20.00
456695000,457390000,695000,14000,15000,1.00,1000.00,800.00,true,false,false,20.00
457390000,458086000,696000,14000,15000,1.00,1000.00,800.00,true,false,false,20.00
458086000,458782000,696000,14000,15000,1.00,1000.00,800.00,true,false,false,20.00
458782000,459477000,695000,14000,15000,1.00,1000.00,833.33,true,false,false,20.00
459477000,460172000,695000,14000,15000,1.00,1000.00,800.00,true,false,true,20.00
460172000,460867000,695000,14000,15000,1.40,833.33,800.00,true,false,false,20.00
460867000,461562000,695000,14000,15000,1.40,833.33,833.33,true,false,false,20.00
461562000,462257000,695000,14000,15000,1.40,833.33,833.33,true,false,false,20.00
462257000,462958000,701000,10000,17000,1.00,1000.00,740.74,true,false,false,20.00
462958000,463656000,698000,13000,16000,1.00,1000.00,800.00,true,false,false,20.00
463656000,464402000,746000,14000,32000,1.00,1000.00,540.54,true,false,false,20.00
464402000,465133000,731000,10000,27000,1.00,1000.00,800.00,true,false,false,20.00
465133000,465837000,704000,10000,18000,1.00,1000.00,833.33,true,false,false,20.00
465837000,466535000,698000,13000,16000,1.00,1000.00,800.00,true,false,false,20.00
466535000,467230000,695000,14000,15000,1.00,1000.00,833.33,true,false,false,20.00
467230000,467851000,621000,14000,14000,1.00,1000.00,869.57,false,true,false,20.00
467851000,468552000,701000,10000,17000,1.00,1000.00,800.00,true,false,false,20.00
468552000,469247000,695000,13000,15000,1.00,1000.00,800.00,true,false,false,20.00
469247000,469942000,695000,14000,15000,1.00,1000.00,800.00,true,false,false,20.00
469942000,470637000,695000,14000,15000,1.00,1000.00,833.33,true,false,false,20.00
470637000,471332000,695000,14000,15000,1.00,1000.00,833.33,true,false,false,20.00
471332000,472027000,695000,14000,15000,1.00,1000.00,833.33,true,false,false,20.00
472027000,472723000,696000,14000,15000,1.00,1000.00,833.33,true,false,false,20.00
472723000,473418000,695000,14000,15000,1.00,1000.00,833.33,true,false,false,20.00
473418000,474114000,696000,14000,15000,1.00,1000.00,833.33,true,false,false,20.00
474114000,474809000,695000,14000,15000,1.00,1000.00,833.33,true,false,false,20.00
474809000,475504000,695000,14000,15000,1.00,1000.00,833.33,true,false,false,20.00
475504000,476199000,695000,14000,15000,1.00,1000.00,833.33,true,false,false,20.00
476199000,476894000,695000,14000,15000,1.00,1000.00,833.33,true,false,false,20.00
476894000,477589000,695000,14000,15000,1.00,1000.00,800.00,true,false,false,20.00
477589000,478285000,696000,14000,15000,1.00,1000.00,800.00,true,false,false,20.00
478285000,478981000,696000,14000,15000,1.00,1000.00,800.00,true,false,false,20.00
478981000,479676000,695000,14000,15000,1.00,1000.00,800.00,true,false,false,20.00
479676000,480371000,695000,14000,15000,1.00,1000.00,800.00,true,false,false,20.00
480371000,481066000,695000,14000,15000,1.00,1000.00,800.00,true,false,true,20.00
481066000,481762000,696000,14000,15000,1.40,833.33,800.00,true,false,false,20.00
481762000,482457000,695000,14000,15000,1.40,833.33,800.00,true,false,false,20.00
482457000,483153000,696000,14000,15000,1.40,833.33,800.00,true,false,false,20.00
483153000,483854000,701000,10000,17000,1.00,1000.00,833.33,true,false,false,20.00
483854000,484552000,698000,13000,16000,1.00,1000.00,800.00,true,false,false,20.00
484552000,485247000,695000,14000,15000,1.00,1000.00,800.00,true,false,false,20.00
485247000,485942000,695000,14000,15000,1.00,1000.00,800.00,true,false,false,20.00
485942000,486646000,704000,10000,18000,1.00,1000.00,869.57,true,false,false,20.00
486646000,487344000,698000,13000,16000,1.00,1000.00,800.00,true,false,false,20.00
487344000,488040000,696000,14000,15000,1.00,1000.00,800.00,true,false,false,20.00
488040000,488661000,621000,15000,15000,1.00,1000.00,833.33,false,true,false,20.00
488661000,489362000,701000,10000,17000,1.00,1000.00,833.33,true,false,false,20.00
489362000,490105000,743000,13000,31000,1.00,1000.00,555.56,true,false,false,20.00
490105000,490836000,731000,10000,27000,1.00,1000.00,833.33,true,false,false,20.00
490836000,491531000,695000,14000,15000,1.00,1000.00,833.33,true,false,false,20.00
491531000,492226000,695000,14000,15000,1.00,1000.00,833.33,true,false,false,20.00
492226000,492921000,695000,14000,15000,1.00,1000.00,833.33,true,false,false,20.00
492921000,493616000,695000,14000,15000,1.00,1000.00,833.33,true,false,false,20.00
493616000,494311000,695000,14000,15000,1.00,1000.00,833.33,true,false,false,20.00
494311000,495007000,696000,14000,15000,1.00,1000.00,833.33,true,false,false,20.00
495007000,495702000,695000,14000,15000,1.00,1000.00,833.33,true,false,false,20.00
495702000,496397000,695000,14000,15000,1.00,1000.00,833.33,true,false,false,20.00
496397000,497092000,695000,14000,15000,1.00,1000.00,800.00,true,false,false,20.00
497092000,497787000,695000,14000,15000,1.00,1000.00,833.33,true,false,false,20.00
497787000,498482000,695000,14000,15000,1.00,1000.00,800.00,true,false,false,20.00
498482000,499177000,695000,14000,15000,1.00,1000.00,833.33,true,false,false,20.00
499177000,499872000,695000,14000,15000,1.00,1000.00,833.33,true,false,false,20.00
499872000,500567000,695000,14000,15000,1.00,1000.00,833.33,true,false,false,20.00
500567000,501263000,696000,14000,15000,1.00,1000.00,833.33,true,false,false,20.00
501263000,501958000,695000,14000,15000,1.00,1000.00,833.33,true,false,true,20.00
501958000,502653000,695000,14000,15000,1.40,833.33,833.33,true,false,false,20.00
502653000,503348000,695000,14000,15000,1.40,833.33,833.33,true,false,false,20.00
503348000,504043000,695000,14000,15000,1.40,833.33,833.33,true,false,false,20.00
504043000,504744000,701000,10000,17000,1.00,952.38,833.33,true,false,false,20.00
504744000,505440000,696000,13000,15000,1.00,952.38,833.33,true,false,false,20.00
505440000,506135000,695000,14000,15000,1.00,952.38,833.33,true,false,false,20.00
506135000,506830000,695000,14000,15000,1.00,952.38,833.33,true,false,false,20.00
506830000,507531000,701000,10000,17000,1.00,952.38,833.33,true,false,false,20.00
507531000,508229000,698000,12000,16000,1.00,952.38,833.33,true,false,false,20.00
508229000,508924000,695000,14000,15000,1.00,952.38,833.33,true,false,false,20.00
508924000,509542000,618000,14000,14000,1.00,952.38,869.57,false,true,false,20.00
509542000,510244000,702000,11000,17000,1.00,1000.00,840.00,true,false,false,21.00
510244000,510942000,698000,15000,16000,1.00,1000.00,807.69,true,false,false,21.00
510942000,511641000,699000,15000,16000,1.00,1000.00,840.00,true,false,false,21.00
511641000,512339000,698000,15000,16000,1.00,1000.00,840.00,true,false,false,21.00
512339000,513037000,698000,15000,16000,1.00,1000.00,840.00,true,false,false,21.00
513037000,513735000,698000,15000,16000,1.00,1000.00,807.69,true,false,false,21.00
513735000,514433000,698000,15000,16000,1.00,1000.00,840.00,true,false,false,21.00
514433000,515131000,698000,15000,16000,1.00,1000.00,807.69,true,false,false,21.00
515131000,515881000,750000,11000,33000,1.00,1000.00,954.55,true,false,false,21.00
515881000,516588000,707000,13000,19000,1.00,1000.00,840.00,true,false,false,21.00
516588000,517287000,699000,15000,16000,1.00,1000.00,807.69,true,false,false,21.00
517287000,517985000,698000,15000,16000,1.00,1000.00,807.69,true,false,false,21.00
517985000,518683000,698000,15000,16000,1.00,1000.00,807.69,true,false,false,21.00
518683000,519381000,698000,15000,16000,1.00,1000.00,840.00,true,false,false,21.00
519381000,520079000,698000,15000,16000,1.00,1000.00,807.69,true,false,false,21.00
520079000,520777000,698000,15000,16000,1.00,1000.00,840.00,true,false,false,21.00
520777000,521475000,698000,15000,16000,1.00,1000.00,807.69,true,false,false,21.00
521475000,522174000,699000,15000,16000,1.00,1000.00,840.00,true,false,false,21.00
522174000,522872000,698000,15000,16000,1.00,1000.00,840.00,true,false,true,21.00
522872000,523570000,698000,15000,16000,1.50,840.00,840.00,true,false,false,21.00
523570000,524268000,698000,15000,16000,1.50,840.00,807.69,true,false,false,21.00
524268000,524966000,698000,11000,16000,1.10,954.55,954.55,true,false,false,21.00
524966000,525671000,705000,11000,18000,1.10,954.55,840.00,true,false,false,21.00
525671000,526369000,698000,15000,16000,1.10,954.55,807.69,true,false,false,21.00
526369000,527067000,698000,15000,16000,1.10,954.55,807.69,true,false,false,21.00
527067000,527765000,698000,15000,16000,1.10,954.55,807.69,true,false,false,21.00
527765000,528469000,704000,11000,18000,1.10,1000.00,750.00,true,false,false,21.00
528469000,529173000,704000,14000,18000,1.10,1000.00,840.00,true,false,false,21.00
529173000,529871000,698000,15000,16000,1.10,1000.00,840.00,true,false,false,21.00
529871000,530494000,623000,15000,15000,1.10,1000.00,807.69,false,true,false,21.00
530494000,531195000,701000,11000,17000,1.10,1000.00,840.00,true,false,false,21.00
531195000,531893000,698000,15000,16000,1.10,1000.00,807.69,true,false,false,21.00
531893000,532592000,699000,15000,16000,1.10,1000.00,840.00,true,false,false,21.00
532592000,533290000,698000,15000,16000,1.10,1000.00,840.00,true,false,false,21.00
533290000,533988000,698000,15000,16000,1.10,1000.00,840.00,true,false,false,21.00
533988000,534687000,699000,15000,16000,1.10,1000.00,807.69,true,false,false,21.00
534687000,535385000,698000,15000,16000,1.10,1000.00,840.00,true,false,false,21.00
535385000,536083000,698000,15000,16000,1.10,1000.00,807.69,true,false,false,21.00
536083000,536781000,698000,15000,16000,1.10,1000.00,840.00,true,false,false,21.00
536781000,537479000,698000,15000,16000,1.10,1000.00,840.00,true,false,false,21.00
537479000,538177000,698000,15000,16000,1.10,1000.00,840.00,true,false,false,21.00
538177000,538875000,698000,15000,16000,1.10,1000.00,840.00,true,false,false,21.00
538875000,539573000,698000,15000,16000,1.10,1000.00,840.00,true,false,false,21.00
539573000,540271000,698000,15000,16000,1.10,1000.00,807.69,true,false,false,21.00
540271000,541024000,753000,15000,34000,1.10,1000.00,552.63,true,false,false,21.00
541024000,541758000,734000,11000,28000,1.10,1000.00,807.69,true,false,false,21.00
541758000,542456000,698000,15000,16000,1.10,1000.00,807.69,true,false,false,21.00
542456000,543154000,698000,15000,16000,1.10,1000.00,840.00,true,false,false,21.00
543154000,543852000,698000,15000,16000,1.10,1000.00,807.69,true,false,true,21.00
543852000,544550000,698000,15000,16000,1.50,840.00,840.00,true,false,false,21.00
544550000,545248000,698000,15000,16000,1.50,840.00,807.69,true,false,false,21.00
545248000,545946000,698000,11000,16000,1.10,1000.00,913.04,true,false,false,21.00
545946000,546650000,704000,13000,18000,1.10,1000.00,840.00,true,false,false,21.00
546650000,547348000,698000,15000,16000,1.10,1000.00,807.69,true,false,false,21.00
547348000,548046000,698000,15000,16000,1.10,1000.00,840.00,true,false,false,21.00
548046000,548744000,698000,15000,16000,1.10,1000.00,840.00,true,false,false,21.00
548744000,549442000,698000,11000,16000,1.10,1000.00,913.04,true,false,false,21.00
549442000,550146000,704000,13000,18000,1.10,1000.00,807.69,true,false,false,21.00
550146000,550844000,698000,15000,16000,1.10,1000.00,840.00,true,false,false,21.00
550844000,551466000,622000,15000,15000,1.10,1000.00,954.55,false,true,false,21.00
551466000,552170000,704000,12000,18000,1.10,1000.00,807.69,true,false,false,21.00
552170000,552868000,698000,15000,16000,1.10,1000.00,840.00,true,false,false,21.00
552868000,553566000,698000,15000,16000,1.10,1000.00,840.00,true,false,false,21.00
553566000,554265000,699000,15000,16000,1.10,1000.00,840.00,true,false,false,21.00
554265000,554963000,698000,15000,16000,1.10,1000.00,840.00,true,false,false,21.00
554963000,555661000,698000,15000,16000,1.10,1000.00,840.00,true,false,false,21.00
555661000,556359000,698000,15000,16000,1.10,1000.00,840.00,true,false,false,21.00
556359000,557057000,698000,15000,16000,1.10,1000.00,840.00,true,false,false,21.00
557057000,557755000,698000,15000,16000,1.10,1000.00,840.00,true,false,false,21.00
557755000,558453000,698000,15000,16000,1.10,1000.00,840.00,true,false,false,21.00
558453000,559151000,698000,15000,16000,1.10,1000.00,840.00,true,false,false,21.00
559151000,559850000,699000,15000,16000,1.10,1000.00,840.00,true,false,false,21.00
559850000,560548000,698000,15000,16000,1.10,1000.00,840.00,true,false,false,21.00
560548000,561246000,698000,15000,16000,1.10,1000.00,840.00,true,false,false,21.00
561246000,561945000,699000,15000,16000,1.10,1000.00,840.00,true,false,false,21.00
561945000,562643000,698000,15000,16000,1.10,1000.00,840.00,true,false,false,21.00
562643000,563341000,698000,15000,16000,1.10,1000.00,840.00,true,false,false,21.00
563341000,564039000,698000,15000,16000,1.10,1000.00,840.00,true,false,false,21.00
564039000,564737000,698000,15000,16000,1.10,1000.00,840.00,true,false,true,21.00
564737000,565435000,698000,15000,16000,1.50,840.00,807.69,true,false,false,21.00
565435000,566133000,698000,15000,16000,1.50,840.00,840.00,true,false,false,21.00
566133000,566882000,749000,11000,33000,1.10,1000.00,677.42,true,false,false,21.00
566882000,567622000,740000,11000,30000,1.10,1000.00,840.00,true,false,false,21.00
567622000,568317000,695000,14000,15000,1.10,1000.00,840.00,true,false,false,21.00
568317000,569012000,695000,14000,15000,1.10,1000.00,840.00,true,false,false,21.00
569012000,569707000,695000,14000,15000,1.10,1000.00,840.00,true,false,false,21.00
569707000,570402000,695000,11000,15000,1.10,1000.00,913.04,true,false,false,21.00
570402000,571107000,705000,13000,18000,1.10,1000.00,840.00,true,false,false,21.00
571107000,571802000,695000,14000,15000,1.10,1000.00,875.00,true,false,false,21.00
571802000,572422000,620000,15000,15000,1.10,1000.00,913.04,false,true,false,21.00
572422000,573126000,704000,11000,18000,1.10,1000.00,875.00,true,false,false,21.00
573126000,573821000,695000,14000,15000,1.10,1000.00,840.00,true,false,false,21.00
573821000,574516000,695000,14000,15000,1.10,1000.00,840.00,true,false,false,21.00
574516000,575211000,695000,14000,15000,1.10,1000.00,840.00,true,false,false,21.00
575211000,575907000,696000,14000,15000,1.10,1000.00,840.00,true,false,false,21.00
575907000,576603000,696000,14000,15000,1.10,1000.00,840.00,true,false,false,21.00
576603000,577298000,695000,14000,15000,1.10,1000.00,840.00,true,false,false,21.00
577298000,577993000,695000,14000,15000,1.10,1000.00,840.00,true,false,false,21.00
577993000,578688000,695000,14000,15000,1.10,1000.00,840.00,true,false,false,21.00
578688000,579383000,695000,14000,15000,1.10,1000.00,875.00,true,false,false,21.00
579383000,580079000,696000,14000,15000,1.10,1000.00,840.00,true,false,false,21.00
580079000,580774000,695000,14000,15000,1.10,1000.00,840.00,true,false,false,21.00
580774000,581469000,695000,14000,15000,1.10,1000.00,840.00,true,false,false,21.00
581469000,582164000,695000,14000,15000,1.10,1000.00,840.00,true,false,false,21.00
582164000,582859000,695000,14000,15000,1.10,1000.00,840.00,true,false,false,21.00
582859000,583554000,695000,14000,15000,1.10,1000.00,840.00,true,false,false,21.00
583554000,584249000,695000,14000,15000,1.10,1000.00,840.00,true,false,false,21.00
584249000,584944000,695000,14000,15000,1.10,1000.00,875.00,true,false,false,21.00
584944000,585640000,696000,14000,15000,1.10,1000.00,840.00,true,false,true,21.00
585640000,586335000,695000,14000,15000,1.40,875.00,840.00,true,false,false,21.00
586335000,587030000,695000,11000,15000,1.10,954.55,875.00,true,false,false,21.00
587030000,587731000,701000,12000,17000,1.10,954.55,840.00,true,false,false,21.00
587731000,588426000,695000,14000,15000,1.10,954.55,840.00,true,false,false,21.00
588426000,589121000,695000,14000,15000,1.10,954.55,840.00,true,false,false,21.00
589121000,589816000,695000,14000,15000,1.10,954.55,840.00,true,false,false,21.00
589816000,590511000,695000,14000,15000,1.10,954.55,840.00,true,false,false,21.00
590511000,591212000,701000,11000,17000,1.10,1000.00,807.69,true,false,false,21.00
591212000,591955000,743000,14000,31000,1.10,1000.00,617.65,true,false,false,21.00
591955000,592680000,725000,11000,25000,1.10,1000.00,840.00,true,false,false,21.00
592680000,593301000,621000,15000,15000,1.10,1000.00,807.69,false,true,false,21.00
593301000,594002000,701000,11000,17000,1.10,1000.00,833.33,true,false,false,20.00
594002000,594694000,692000,13000,14000,1.10,1000.00,833.33,true,false,false,20.00
594694000,595387000,693000,13000,14000,1.10,1000.00,833.33,true,false,false,20.00
595387000,596079000,692000,13000,14000,1.10,1000.00,833.33,true,false,false,20.00
596079000,596771000,692000,13000,14000,1.10,1000.00,833.33,true,false,false,20.00
596771000,597464000,693000,13000,14000,1.10,1000.00,833.33,true,false,false,20.00
597464000,598156000,692000,13000,14000,1.10,1000.00,833.33,true,false,false,20.00
598156000,598848000,692000,13000,14000,1.10,1000.00,833.33,true,false,false,20.00
598848000,599541000,693000,13000,14000,1.10,1000.00,833.33,true,false,false,20.00
599541000,600233000,692000,13000,14000,1.10,1000.00,833.33,true,false,false,20.00
600233000,600925000,692000,13000,14000,1.10,1000.00,833.33,true,false,false,20.00
600925000,601618000,693000,13000,14000,1.10,1000.00,869.57,true,false,false,20.00
601618000,602310000,692000,13000,14000,1.10,1000.00,833.33,true,false,false,20.00
602310000,603002000,692000,13000,14000,1.10,1000.00,833.33,true,false,false,20.00
603002000,603695000,693000,13000,14000,1.10,1000.00,833.33,true,false,false,20.00
603695000,604387000,692000,13000,14000,1.10,1000.00,833.33,true,false,false,20.00
604387000,605079000,692000,13000,14000,1.10,1000.00,833.33,true,false,false,20.00
605079000,605772000,693000,13000,14000,1.10,1000.00,833.33,true,false,false,20.00
605772000,606464000,692000,13000,14000,1.10,1000.00,833.33,true,false,true,20.00
606464000,607156000,692000,13000,14000,1.30,869.57,833.33,true,false,false,20.00
607156000,607848000,692000,10000,14000,1.00,1000.00,869.57,true,false,false,20.00
607848000,608547000,699000,11000,16000,1.00,1000.00,833.33,true,false,false,20.00
608547000,609239000,692000,13000,14000,1.00,1000.00,833.33,true,false,false,20.00
609239000,609931000,692000,13000,14000,1.00,1000.00,833.33,true,false,false,20.00
609931000,610624000,693000,13000,14000,1.00,1000.00,833.33,true,false,false,20.00
610624000,611316000,692000,13000,14000,1.00,1000.00,869.57,true,false,false,20.00
611316000,612008000,692000,10000,14000,1.00,1000.00,909.09,true,false,false,20.00
612008000,612709000,701000,11000,17000,1.00,1000.00,833.33,true,false,false,20.00
612709000,613401000,692000,13000,14000,1.00,1000.00,833.33,true,false,false,20.00
613401000,614013000,612000,14000,14000,1.00,1000.00,909.09,false,true,false,20.00
614013000,614717000,704000,11000,18000,1.00,1000.00,840.00,true,false,false,21.00
614717000,615412000,695000,15000,15000,1.00,1000.00,840.00,true,false,false,21.00
615412000,616107000,695000,15000,15000,1.00,1000.00,840.00,true,false,false,21.00
616107000,616802000,695000,15000,15000,1.00,1000.00,840.00,true,false,false,21.00
616802000,617546000,744000,15000,31000,1.00,1000.00,512.20,true,false,false,21.00
617546000,618280000,734000,11000,28000,1.00,1000.00,840.00,true,false,false,21.00
618280000,618978000,698000,15000,16000,1.00,1000.00,840.00,true,false,false,21.00
618978000,619676000,698000,15000,16000,1.00,1000.00,807.69,true,false,false,21.00
619676000,620374000,698000,15000,16000,1.00,1000.00,807.69,true,false,false,21.00
620374000,621072000,698000,15000,16000,1.00,1000.00,840.00,true,false,false,21.00
621072000,621770000,698000,15000,16000,1.00,1000.00,840.00,true,false,false,21.00
621770000,622468000,698000,15000,16000,1.00,1000.00,807.69,true,false,false,21.00
622468000,623166000,698000,15000,16000,1.00,1000.00,840.00,true,false,false,21.00
623166000,623864000,698000,15000,16000,1.00,1000.00,807.69,true,false,false,21.00
623864000,624562000,698000,15000,16000,1.00,1000.00,840.00,true,false,false,21.00
624562000,625260000,698000,15000,16000,1.00,1000.00,807.69,true,false,false,21.00
625260000,625958000,698000,15000,16000,1.00,1000.00,840.00,true,false,false,21.00
625958000,626656000,698000,15000,16000,1.00,1000.00,840.00,true,false,false,21.00
626656000,627354000,698000,15000,16000,1.00,1000.00,840.00,true,false,true,21.00
627354000,628053000,699000,15000,16000,1.50,840.00,840.00,true,false,false,21.00
628053000,628751000,698000,11000,16000,1.10,1000.00,913.04,true,false,false,21.00
628751000,629455000,704000,13000,18000,1.10,1000.00,807.69,true,false,false,21.00
629455000,630153000,698000,15000,16000,1.10,1000.00,840.00,true,false,false,21.00
630153000,630851000,698000,15000,16000,1.10,1000.00,807.69,true,false,false,21.00
630851000,631549000,698000,15000,16000,1.10,1000.00,840.00,true,false,false,21.00
631549000,632247000,698000,15000,16000,1.10,1000.00,807.69,true,false,false,21.00
632247000,632946000,699000,11000,16000,1.10,1000.00,875.00,true,false,false,21.00
632946000,633650000,704000,13000,18000,1.10,1000.00,840.00,true,false,false,21.00
633650000,634348000,698000,15000,16000,1.10,1000.00,807.69,true,false,false,21.00
634348000,634969000,621000,16000,16000,1.10,1000.00,777.78,false,true,false,21.00
634969000,635676000,707000,12000,19000,1.10,1000.00,840.00,true,false,false,21.00
635676000,636374000,698000,15000,16000,1.10,1000.00,840.00,true,false,false,21.00
636374000,637072000,698000,15000,16000,1.10,1000.00,807.69,true,false,false,21.00
637072000,637771000,699000,15000,16000,1.10,1000.00,840.00,true,false,false,21.00
637771000,638469000,698000,15000,16000,1.10,1000.00,840.00,true,false,false,21.00
638469000,639168000,699000,15000,16000,1.10,1000.00,840.00,true,false,false,21.00
639168000,639866000,698000,15000,16000,1.10,1000.00,840.00,true,false,false,21.00
639866000,640565000,699000,15000,16000,1.10,1000.00,840.00,true,false,false,21.00
640565000,641263000,698000,15000,16000,1.10,1000.00,807.69,true,false,false,21.00
641263000,641961000,698000,15000,16000,1.10,1000.00,840.00,true,false,false,21.00
641961000,642659000,698000,15000,16000,1.10,1000.00,807.69,true,false,false,21.00
642659000,643408000,749000,12000,33000,1.10,1000.00,636.36,true,false,false,21.00
643408000,644115000,707000,11000,19000,1.10,1000.00,807.69,true,false,false,21.00
644115000,644813000,698000,15000,16000,1.10,1000.00,840.00,true,false,false,21.00
644813000,645511000,698000,15000,16000,1.10,1000.00,807.69,true,false,false,21.00
645511000,646209000,698000,15000,16000,1.10,1000.00,840.00,true,false,false,21.00
646209000,646907000,698000,15000,16000,1.10,1000.00,807.69,true,false,false,21.00
646907000,647605000,698000,15000,16000,1.10,1000.00,840.00,true,false,false,21.00
647605000,648303000,698000,15000,16000,1.10,1000.00,840.00,true,false,true,21.00
648303000,649001000,698000,15000,16000,1.50,840.00,840.00,true,false,false,21.00
649001000,649705000,704000,11000,18000,1.10,954.55,807.69,true,false,false,21.00
649705000,650403000,698000,14000,16000,1.10,954.55,840.00,true,false,false,21.00
650403000,651101000,698000,15000,16000,1.10,954.55,840.00,true,false,false,21.00
651101000,651799000,698000,15000,16000,1.10,954.55,840.00,true,false,false,21.00
651799000,652497000,698000,15000,16000,1.10,954.55,807.69,true,false,false,21.00
652497000,653195000,698000,15000,16000,1.10,954.55,840.00,true,false,false,21.00
653195000,653893000,698000,11000,16000,1.10,1000.00,913.04,true,false,false,21.00
653893000,654598000,705000,13000,18000,1.10,1000.00,840.00,true,false,false,21.00
654598000,655296000,698000,15000,16000,1.10,1000.00,840.00,true,false,false,21.00
655296000,655917000,621000,15000,15000,1.10,1000.00,777.78,false,true,false,21.00
655917000,656624000,707000,12000,19000,1.10,1000.00,840.00,true,false,false,21.00
656624000,657322000,698000,15000,16000,1.10,1000.00,840.00,true,false,false,21.00
657322000,658020000,698000,15000,16000,1.10,1000.00,807.69,true,false,false,21.00
658020000,658718000,698000,15000,16000,1.10,1000.00,840.00,true,false,false,21.00
658718000,659416000,698000,15000,16000,1.10,1000.00,840.00,true,false,false,21.00
659416000,660114000,698000,15000,16000,1.10,1000.00,840.00,true,false,false,21.00
660114000,660812000,698000,15000,16000,1.10,1000.00,840.00,true,false,false,21.00
660812000,661510000,698000,15000,16000,1.10,1000.00,840.00,true,false,false,21.00
661510000,662208000,698000,15000,16000,1.10,1000.00,807.69,true,false,false,21.00
662208000,662906000,698000,15000,16000,1.10,1000.00,840.00,true,false,false,21.00
662906000,663604000,698000,15000,16000,1.10,1000.00,807.69,true,false,false,21.00
663604000,664302000,698000,15000,16000,1.10,1000.00,840.00,true,false,false,21.00
664302000,665000000,698000,15000,16000,1.10,1000.00,807.69,true,false,false,21.00
665000000,665698000,698000,15000,16000,1.10,1000.00,840.00,true,false,false,21.00
665698000,666396000,698000,15000,16000,1.10,1000.00,807.69,true,false,false,21.00
666396000,667094000,698000,15000,16000,1.10,1000.00,807.69,true,false,false,21.00
667094000,667792000,698000,15000,16000,1.10,1000.00,840.00,true,false,false,21.00
667792000,668541000,749000,15000,33000,1.10,1000.00,538.46,true,false,false,21.00
668541000,669287000,746000,11000,32000,1.10,1000.00,840.00,true,false,true,21.00
669287000,669985000,698000,11000,16000,1.10,1000.00,913.04,true,false,false,21.00
669985000,670689000,704000,12000,18000,1.10,1000.00,840.00,true,false,false,21.00
670689000,671387000,698000,15000,16000,1.10,1000.00,840.00,true,false,false,21.00
671387000,672085000,698000,15000,16000,1.10,1000.00,840.00,true,false,false,21.00
672085000,672783000,698000,15000,16000,1.10,1000.00,807.69,true,false,false,21.00
672783000,673481000,698000,15000,16000,1.10,1000.00,840.00,true,false,false,21.00
673481000,674179000,698000,15000,16000,1.10,1000.00,840.00,true,false,false,21.00
674179000,674878000,699000,11000,16000,1.10,1000.00,875.00,true,false,false,21.00
674878000,675583000,705000,12000,18000,1.10,1000.00,807.69,true,false,false,21.00
675583000,676281000,698000,15000,16000,1.10,1000.00,807.69,true,false,false,21.00
676281000,676903000,622000,15000,15000,1.10,1000.00,913.04,false,true,false,21.00
676903000,677604000,701000,12000,17000,1.10,1000.00,840.00,true,false,false,21.00
677604000,678302000,698000,15000,16000,1.10,1000.00,840.00,true,false,false,21.00
678302000,679001000,699000,15000,16000,1.10,1000.00,840.00,true,false,false,21.00
679001000,679699000,698000,15000,16000,1.10,1000.00,840.00,true,false,false,21.00
679699000,680398000,699000,15000,16000,1.10,1000.00,840.00,true,false,false,21.00
680398000,681096000,698000,15000,16000,1.10,1000.00,840.00,true,false,false,21.00
681096000,681795000,699000,15000,16000,1.10,1000.00,840.00,true,false,false,21.00
681795000,682493000,698000,15000,16000,1.10,1000.00,840.00,true,false,false,21.00
682493000,683191000,698000,15000,16000,1.10,1000.00,807.69,true,false,false,21.00
683191000,683889000,698000,15000,16000,1.10,1000.00,807.69,true,false,false,21.00
683889000,684587000,698000,15000,16000,1.10,1000.00,807.69,true,false,false,21.00
684587000,685285000,698000,15000,16000,1.10,1000.00,840.00,true,false,false,21.00
685285000,685983000,698000,15000,16000,1.10,1000.00,840.00,true,false,false,21.00
685983000,686681000,698000,15000,16000,1.10,1000.00,840.00,true,false,false,21.00
686681000,687379000,698000,15000,16000,1.10,1000.00,840.00,true,false,false,21.00
687379000,688078000,699000,15000,16000,1.10,1000.00,840.00,true,false,false,21.00
688078000,688776000,698000,15000,16000,1.10,1000.00,840.00,true,false,false,21.00
688776000,689475000,699000,15000,16000,1.10,1000.00,840.00,true,false,false,21.00
689475000,690173000,698000,15000,16000,1.10,1000.00,840.00,true,false,true,21.00
690173000,690871000,698000,11000,16000,1.10,1000.00,875.00,true,false,false,21.00
690871000,691576000,705000,12000,18000,1.10,1000.00,807.69,true,false,false,21.00
691576000,692274000,698000,15000,16000,1.10,1000.00,840.00,true,false,false,21.00
692274000,692973000,699000,15000,16000,1.10,1000.00,840.00,true,false,false,21.00
692973000,693671000,698000,15000,16000,1.10,1000.00,807.69,true,false,false,21.00
693671000,694417000,746000,15000,32000,1.10,1000.00,583.33,true,false,false,21.00
694417000,695148000,731000,11000,27000,1.10,1000.00,840.00,true,false,false,21.00
695148000,695846000,698000,11000,16000,1.10,1000.00,875.00,true,false,false,21.00
695846000,696553000,707000,12000,19000,1.10,1000.00,807.69,true,false,false,21.00
696553000,697251000,698000,15000,16000,1.10,1000.00,807.69,true,false,false,21.00
697251000,697873000,622000,16000,16000,1.10,1000.00,777.78,false,true,false,21.00
697873000,698574000,701000,13000,17000,1.10,1000.00,840.00,true,false,false,21.00
698574000,699273000,699000,15000,16000,1.10,1000.00,807.69,true,false,false,21.00
699273000,699971000,698000,15000,16000,1.10,1000.00,840.00,true,false,false,21.00
699971000,700669000,698000,15000,16000,1.10,1000.00,807.69,true,false,false,21.00
700669000,701367000,698000,15000,16000,1.10,1000.00,807.69,true,false,false,21.00
701367000,702065000,698000,15000,16000,1.10,1000.00,807.69,true,false,false,21.00
702065000,702763000,698000,15000,16000,1.10,1000.00,807.69,true,false,false,21.00
702763000,703462000,699000,15000,16000,1.10,1000.00,840.00,true,false,false,21.00
703462000,704160000,698000,15000,16000,1.10,1000.00,840.00,true,false,false,21.00
704160000,704858000,698000,15000,16000,1.10,1000.00,807.69,true,false,false,21.00
704858000,705556000,698000,15000,16000,1.10,1000.00,807.69,true,false,false,21.00
705556000,706254000,698000,15000,16000,1.10,1000.00,807.69,true,false,false,21.00
706254000,706952000,698000,15000,16000,1.10,1000.00,807.69,true,false,false,21.00
706952000,707651000,699000,15000,16000,1.10,1000.00,807.69,true,false,false,21.00
707651000,708349000,698000,15000,16000,1.10,1000.00,840.00,true,false,false,21.00
708349000,709047000,698000,15000,16000,1.10,1000.00,807.69,true,false,false,21.00
709047000,709745000,698000,15000,16000,1.10,1000.00,807.69,true,false,false,21.00
709745000,710443000,698000,15000,16000,1.10,1000.00,807.69,true,false,false,21.00
710443000,711141000,698000,15000,16000,1.10,1000.00,807.69,true,false,true,21.00
711141000,711839000,698000,11000,16000,1.10,954.55,875.00,true,false,false,21.00
711839000,712543000,704000,13000,18000,1.10,954.55,807.69,true,false,false,21.00
712543000,713241000,698000,15000,16000,1.10,954.55,807.69,true,false,false,21.00
713241000,713939000,698000,15000,16000,1.10,954.55,840.00,true,false,false,21.00
713939000,714637000,698000,15000,16000,1.10,954.55,807.69,true,false,false,21.00
714637000,715335000,698000,15000,16000,1.10,954.55,807.69,true,false,false,21.00
715335000,716033000,698000,15000,16000,1.10,954.55,807.69,true,false,false,21.00
716033000,716731000,698000,11000,16000,1.10,1000.00,875.00,true,false,false,21.00
716731000,717438000,707000,13000,19000,1.10,1000.00,807.69,true,false,false,21.00
717438000,718137000,699000,15000,16000,1.10,1000.00,807.69,true,false,false,21.00
718137000,718760000,623000,16000,16000,1.10,1000.00,777.78,false,true,false,21.00
718760000,719462000,702000,12000,17000,1.10,1000.00,807.69,true,false,false,21.00
719462000,720160000,698000,15000,16000,1.10,1000.00,807.69,true,false,false,21.00
720160000,720907000,747000,15000,32000,1.10,1000.00,583.33,true,false,false,21.00
720907000,721638000,731000,11000,27000,1.10,1000.00,807.69,true,false,false,21.00
721638000,722339000,701000,16000,17000,1.10,1000.00,807.69,true,false,false,21.00
722339000,723040000,701000,16000,17000,1.10,1000.00,807.69,true,false,false,21.00
723040000,723741000,701000,16000,17000,1.10,1000.00,807.69,true,false,false,21.00
723741000,724442000,701000,16000,17000,1.10,1000.00,807.69,true,false,false,21.00
724442000,725143000,701000,16000,17000,1.10,1000.00,807.69,true,false,false,21.00
725143000,725844000,701000,16000,17000,1.10,1000.00,807.69,true,false,false,21.00
725844000,726545000,701000,16000,17000,1.10,1000.00,807.69,true,false,false,21.00
726545000,727246000,701000,16000,17000,1.10,1000.00,807.69,true,false,false,21.00
727246000,727947000,701000,16000,17000,1.10,1000.00,807.69,true,false,false,21.00
727947000,728648000,701000,16000,17000,1.10,1000.00,807.69,true,false,false,21.00
728648000,729349000,701000,16000,17000,1.10,1000.00,777.78,true,false,false,21.00
729349000,730050000,701000,16000,17000,1.10,1000.00,807.69,true,false,false,21.00
730050000,730751000,701000,16000,17000,1.10,1000.00,807.69,true,false,false,21.00
730751000,731452000,701000,16000,17000,1.10,1000.00,777.78,true,false,false,21.00
731452000,732153000,701000,16000,17000,1.10,1000.00,807.69,true,false,true,21.00
732153000,732863000,710000,11000,20000,1.10,1000.00,840.00,true,false,false,21.00
732863000,733564000,701000,15000,17000,1.10,1000.00,807.69,true,false,false,21.00
733564000,734265000,701000,16000,17000,1.10,1000.00,777.78,true,false,false,21.00
734265000,734966000,701000,16000,17000,1.10,1000.00,807.69,true,false,false,21.00
734966000,735667000,701000,16000,17000,1.10,1000.00,807.69,true,false,false,21.00
735667000,736369000,702000,16000,17000,1.10,1000.00,777.78,true,false,false,21.00
736369000,737070000,701000,16000,17000,1.10,1000.00,807.69,true,false,false,21.00
737070000,737771000,701000,11000,17000,1.10,1000.00,875.00,true,false,false,21.00
737771000,738481000,710000,13000,20000,1.10,1000.00,807.69,true,false,false,21.00
738481000,739182000,701000,16000,17000,1.10,1000.00,777.78,true,false,false,21.00
739182000,739807000,625000,16000,16000,1.10,1000.00,750.00,false,true,false,21.00
739807000,740512000,705000,13000,18000,1.10,1000.00,807.69,true,false,false,21.00
740512000,741213000,701000,16000,17000,1.10,1000.00,777.78,true,false,false,21.00
741213000,741914000,701000,16000,17000,1.10,1000.00,807.69,true,false,false,21.00
741914000,742615000,701000,16000,17000,1.10,1000.00,807.69,true,false,false,21.00
742615000,743316000,701000,16000,17000,1.10,1000.00,777.78,true,false,false,21.00
743316000,744017000,701000,16000,17000,1.10,1000.00,807.69,true,false,false,21.00
744017000,744718000,701000,16000,17000,1.10,1000.00,807.69,true,false,false,21.00
744718000,745419000,701000,16000,17000,1.10,1000.00,777.78,true,false,false,21.00
745419000,746121000,702000,16000,17000,1.10,1000.00,807.69,true,false,false,21.00
746121000,746880000,759000,16000,36000,1.10,1000.00,488.37,true,false,false,21.00
746880000,747627000,747000,11000,32000,1.10,1000.00,807.69,true,false,false,21.00
747627000,748325000,698000,15000,16000,1.10,1000.00,840.00,true,false,false,21.00
748325000,749023000,698000,15000,16000,1.10,1000.00,840.00,true,false,false,21.00
749023000,749721000,698000,15000,16000,1.10,1000.00,807.69,true,false,false,21.00
749721000,750419000,698000,15000,16000,1.10,1000.00,807.69,true,false,false,21.00
750419000,751118000,699000,15000,16000,1.10,1000.00,840.00,true,false,false,21.00
751118000,751816000,698000,15000,16000,1.10,1000.00,840.00,true,false,false,21.00
751816000,752514000,698000,15000,16000,1.10,1000.00,807.69,true,false,false,21.00
752514000,753212000,698000,11000,16000,1.10,1000.00,840.00,true,false,true,21.00
753212000,753917000,705000,12000,18000,1.20,954.55,807.69,true,false,false,21.00
753917000,754615000,698000,15000,16000,1.20,954.55,840.00,true,false,false,21.00
754615000,755313000,698000,15000,16000,1.20,954.55,807.69,true,false,false,21.00
755313000,756011000,698000,15000,16000,1.20,954.55,807.69,true,false,false,21.00
756011000,756709000,698000,15000,16000,1.20,954.55,807.69,true,false,false,21.00
756709000,757407000,698000,15000,16000,1.20,954.55,807.69,true,false,false,21.00
757407000,758105000,698000,15000,16000,1.20,954.55,840.00,true,false,false,21.00
758105000,758803000,698000,11000,16000,1.10,1000.00,875.00,true,false,false,21.00
758803000,759510000,707000,13000,19000,1.10,1000.00,807.69,true,false,false,21.00
759510000,760208000,698000,15000,16000,1.10,1000.00,840.00,true,false,false,21.00
760208000,760832000,624000,15000,15000,1.10,1000.00,777.78,false,true,false,21.00
760832000,761533000,701000,13000,17000,1.10,1000.00,807.69,true,false,false,21.00
761533000,762231000,698000,15000,16000,1.10,1000.00,840.00,true,false,false,21.00
762231000,762930000,699000,15000,16000,1.10,1000.00,840.00,true,false,false,21.00
762930000,763629000,699000,15000,16000,1.10,1000.00,807.69,true,false,false,21.00
763629000,764327000,698000,15000,16000,1.10,1000.00,807.69,true,false,false,21.00
764327000,765025000,698000,15000,16000,1.10,1000.00,807.69,true,false,false,21.00
765025000,765723000,698000,15000,16000,1.10,1000.00,807.69,true,false,false,21.00
765723000,766421000,698000,15000,16000,1.10,1000.00,807.69,true,false,false,21.00
766421000,767119000,698000,15000,16000,1.10,1000.00,807.69,true,false,false,21.00
767119000,767817000,698000,15000,16000,1.10,1000.00,807.69,true,false,false,21.00
767817000,768515000,698000,15000,16000,1.10,1000.00,807.69,true,false,false,21.00
768515000,769213000,698000,15000,16000,1.10,1000.00,807.69,true,false,false,21.00
769213000,769911000,698000,15000,16000,1.10,1000.00,807.69,true,false,false,21.00
769911000,770609000,698000,15000,16000,1.10,1000.00,807.69,true,false,false,21.00
770609000,771307000,698000,15000,16000,1.10,1000.00,840.00,true,false,false,21.00
771307000,772005000,698000,15000,16000,1.10,1000.00,840.00,true,false,false,21.00
772005000,772757000,752000,15000,34000,1.10,1000.00,488.37,true,false,false,21.00
772757000,773506000,749000,11000,33000,1.10,1000.00,807.69,true,false,false,21.00
773506000,774204000,698000,11000,16000,1.10,1000.00,875.00,true,false,true,21.00
774204000,774909000,705000,12000,18000,1.20,913.04,840.00,true,false,false,21.00
774909000,775607000,698000,15000,16000,1.20,913.04,840.00,true,false,false,21.00
775607000,776305000,698000,15000,16000,1.20,913.04,840.00,true,false,false,21.00
776305000,777004000,699000,15000,16000,1.20,913.04,840.00,true,false,false,21.00
777004000,777702000,698000,15000,16000,1.20,913.04,840.00,true,false,false,21.00
777702000,778401000,699000,15000,16000,1.20,913.04,840.00,true,false,false,21.00
778401000,779099000,698000,15000,16000,1.20,913.04,840.00,true,false,false,21.00
779099000,779797000,698000,11000,16000,1.10,1000.00,875.00,true,false,false,21.00
779797000,780501000,704000,12000,18000,1.10,1000.00,840.00,true,false,false,21.00
780501000,781199000,698000,15000,16000,1.10,1000.00,807.69,true,false,false,21.00
781199000,781822000,623000,16000,16000,1.10,1000.00,700.00,false,true,false,21.00
781822000,782524000,702000,13000,17000,1.10,1000.00,840.00,true,false,false,21.00
782524000,783222000,698000,15000,16000,1.10,1000.00,840.00,true,false,false,21.00
783222000,783920000,698000,15000,16000,1.10,1000.00,840.00,true,false,false,21.00
783920000,784618000,698000,15000,16000,1.10,1000.00,840.00,true,false,false,21.00
784618000,785316000,698000,15000,16000,1.10,1000.00,807.69,true,false,false,21.00
785316000,786014000,698000,15000,16000,1.10,1000.00,840.00,true,false,false,21.00
786014000,786712000,698000,15000,16000,1.10,1000.00,807.69,true,false,false,21.00
786712000,787410000,698000,15000,16000,1.10,1000.00,840.00,true,false,false,21.00
787410000,788108000,698000,15000,16000,1.10,1000.00,807.69,true,false,false,21.00
788108000,788806000,698000,15000,16000,1.10,1000.00,840.00,true,false,false,21.00
788806000,789504000,698000,15000,16000,1.10,1000.00,840.00,true,false,false,21.00
789504000,790202000,698000,15000,16000,1.10,1000.00,840.00,true,false,false,21.00
790202000,790900000,698000,15000,16000,1.10,1000.00,840.00,true,false,false,21.00
790900000,791598000,698000,15000,16000,1.10,1000.00,840.00,true,false,false,21.00
791598000,792296000,698000,15000,16000,1.10,1000.00,840.00,true,false,false,21.00
792296000,792994000,698000,15000,16000,1.10,1000.00,840.00,true,false,false,21.00
792994000,793692000,698000,15000,16000,1.10,1000.00,840.00,true,false,false,21.00
793692000,794390000,698000,15000,16000,1.10,1000.00,807.69,true,false,false,21.00
794390000,795088000,698000,11000,16000,1.10,1000.00,913.04,true,false,true,21.00
795088000,795793000,705000,13000,18000,1.30,913.04,840.00,true,false,false,21.00
795793000,796492000,699000,15000,16000,1.30,913.04,807.69,true,false,false,21.00
796492000,797190000,698000,15000,16000,1.30,913.04,840.00,true,false,false,21.00
797190000,797889000,699000,15000,16000,1.30,913.04,840.00,true,false,false,21.00
797889000,798587000,698000,15000,16000,1.30,913.04,840.00,true,false,false,21.00
798587000,799333000,746000,11000,32000,1.10,1000.00,1000.00,true,false,false,21.00
799333000,800037000,704000,11000,18000,1.10,1000.00,840.00,true,false,false,21.00
800037000,800735000,698000,11000,16000,1.10,1000.00,875.00,true,false,false,21.00
800735000,801443000,708000,13000,19000,1.10,1000.00,807.69,true,false,false,21.00
801443000,802142000,699000,15000,16000,1.10,1000.00,807.69,true,false,false,21.00
802142000,802766000,624000,16000,16000,1.10,1000.00,777.78,false,true,false,21.00
802766000,803467000,701000,13000,17000,1.10,1000.00,840.00,true,false,false,21.00
803467000,804165000,698000,15000,16000,1.10,1000.00,807.69,true,false,false,21.00
804165000,804863000,698000,15000,16000,1.10,1000.00,807.69,true,false,false,21.00
804863000,805561000,698000,15000,16000,1.10,1000.00,840.00,true,false,false,21.00
805561000,806260000,699000,15000,16000,1.10,1000.00,840.00,true,false,false,21.00
806260000,806959000,699000,15000,16000,1.10,1000.00,807.69,true,false,false,21.00
806959000,807657000,698000,15000,16000,1.10,1000.00,807.69,true,false,false,21.00
807657000,808355000,698000,15000,16000,1.10,1000.00,807.69,true,false,false,21.00
808355000,809053000,698000,15000,16000,1.10,1000.00,807.69,true,false,false,21.00
809053000,809752000,699000,15000,16000,1.10,1000.00,807.69,true,false,false,21.00
809752000,810450000,698000,15000,16000,1.10,1000.00,807.69,true,false,false,21.00
810450000,811148000,698000,15000,16000,1.10,1000.00,840.00,true,false,false,21.00
811148000,811846000,698000,15000,16000,1.10,1000.00,807.69,true,false,false,21.00
811846000,812544000,698000,15000,16000,1.10,1000.00,840.00,true,false,false,21.00
812544000,813242000,698000,15000,16000,1.10,1000.00,807.69,true,false,false,21.00
813242000,813940000,698000,15000,16000,1.10,1000.00,807.69,true,false,false,21.00
813940000,814638000,698000,15000,16000,1.10,1000.00,840.00,true,false,false,21.00
814638000,815336000,698000,15000,16000,1.10,1000.00,840.00,true,false,false,21.00
815336000,816034000,698000,11000,16000,1.10,1000.00,913.04,true,false,true,21.00
816034000,816738000,704000,13000,18000,1.30,913.04,807.69,true,false,false,21.00
816738000,817436000,698000,15000,16000,1.30,913.04,807.69,true,false,false,21.00
817436000,818134000,698000,15000,16000,1.30,913.04,840.00,true,false,false,21.00
818134000,818832000,698000,15000,16000,1.30,913.04,840.00,true,false,false,21.00
818832000,819530000,698000,15000,16000,1.30,913.04,807.69,true,false,false,21.00
819530000,820228000,698000,15000,16000,1.30,913.04,807.69,true,false,false,21.00
820228000,820926000,698000,15000,16000,1.30,913.04,840.00,true,false,false,21.00
820926000,821625000,699000,11000,16000,1.10,1000.00,875.00,true,false,false,21.00
821625000,822332000,707000,12000,19000,1.10,1000.00,807.69,true,false,false,21.00
822332000,823030000,698000,15000,16000,1.10,1000.00,807.69,true,false,false,21.00
823030000,823656000,626000,15000,15000,1.10,1000.00,807.69,false,true,false,21.00
823656000,824357000,701000,13000,17000,1.10,1000.00,840.00,true,false,false,21.00
824357000,825106000,749000,15000,33000,1.10,1000.00,552.63,true,false,false,21.00
825106000,825841000,735000,11000,28000,1.10,1000.00,840.00,true,false,false,21.00
825841000,826539000,698000,15000,16000,1.10,1000.00,807.69,true,false,false,21.00
826539000,827237000,698000,15000,16000,1.10,1000.00,807.69,true,false,false,21.00
827237000,827936000,699000,15000,16000,1.10,1000.00,807.69,true,false,false,21.00
827936000,828634000,698000,15000,16000,1.10,1000.00,840.00,true,false,false,21.00
828634000,829332000,698000,15000,16000,1.10,1000.00,807.69,true,false,false,21.00
829332000,830030000,698000,15000,16000,1.10,1000.00,840.00,true,false,false,21.00
830030000,830728000,698000,15000,16000,1.10,1000.00,807.69,true,false,false,21.00
830728000,831426000,698000,15000,16000,1.10,1000.00,840.00,true,false,false,21.00
831426000,832125000,699000,15000,16000,1.10,1000.00,807.69,true,false,false,21.00
832125000,832823000,698000,15000,16000,1.10,1000.00,807.69,true,false,false,21.00
832823000,833521000,698000,15000,16000,1.10,1000.00,840.00,true,false,false,21.00
833521000,834219000,698000,15000,16000,1.10,1000.00,807.69,true,false,false,21.00
834219000,834917000,698000,15000,16000,1.10,1000.00,807.69,true,false,false,21.00
834917000,835615000,698000,15000,16000,1.10,1000.00,840.00,true,false,false,21.00
835615000,836314000,699000,15000,16000,1.10,1000.00,807.69,true,false,false,21.00
836314000,837018000,704000,11000,18000,1.10,1000.00,807.69,true,false,true,21.00
837018000,837719000,701000,14000,17000,1.40,840.00,807.69,true,false,false,21.00
837719000,838417000,698000,15000,16000,1.40,840.00,807.69,true,false,false,21.00
838417000,839116000,699000,15000,16000,1.40,840.00,840.00,true,false,false,21.00
839116000,839814000,698000,15000,16000,1.40,840.00,840.00,true,false,false,21.00
839814000,840512000,698000,15000,16000,1.40,840.00,807.69,true,false,false,21.00
840512000,841210000,698000,15000,16000,1.40,840.00,840.00,true,false,false,21.00
841210000,841908000,698000,15000,16000,1.40,840.00,807.69,true,false,false,21.00
841908000,842606000,698000,11000,16000,1.10,954.55,875.00,true,false,false,21.00
842606000,843313000,707000,13000,19000,1.10,954.55,807.69,true,false,false,21.00
843313000,844011000,698000,15000,16000,1.10,954.55,807.69,true,false,false,21.00
844011000,844635000,624000,16000,16000,1.10,954.55,777.78,false,true,false,21.00
844635000,845337000,702000,13000,17000,1.10,954.55,807.69,true,false,false,21.00
845337000,846036000,699000,15000,16000,1.10,954.55,807.69,true,false,false,21.00
846036000,846734000,698000,15000,16000,1.10,954.55,840.00,true,false,false,21.00
846734000,847433000,699000,15000,16000,1.10,954.55,807.69,true,false,false,21.00
847433000,848132000,699000,15000,16000,1.10,954.55,807.69,true,false,false,21.00
848132000,848830000,698000,15000,16000,1.10,954.55,807.69,true,false,false,21.00
848830000,849528000,698000,15000,16000,1.10,954.55,840.00,true,false,false,21.00
849528000,850226000,698000,15000,16000,1.10,954.55,840.00,true,false,false,21.00
850226000,850981000,755000,15000,35000,1.10,954.55,538.46,true,false,false,21.00
850981000,851718000,737000,11000,29000,1.10,1000.00,840.00,true,false,false,21.00
851718000,852417000,699000,15000,16000,1.10,1000.00,840.00,true,false,false,21.00
852417000,853115000,698000,15000,16000,1.10,1000.00,840.00,true,false,false,21.00
853115000,853813000,698000,15000,16000,1.10,1000.00,840.00,true,false,false,21.00
853813000,854511000,698000,15000,16000,1.10,1000.00,840.00,true,false,false,21.00
854511000,855210000,699000,15000,16000,1.10,1000.00,807.69,true,false,false,21.00
855210000,855908000,698000,15000,16000,1.10,1000.00,840.00,true,false,false,21.00
855908000,856606000,698000,15000,16000,1.10,1000.00,807.69,true,false,false,21.00
856606000,857305000,699000,11000,16000,1.10,1000.00,954.55,true,false,false,21.00
857305000,858009000,704000,12000,18000,1.10,1000.00,840.00,true,false,true,21.00
858009000,858708000,699000,15000,16000,1.50,840.00,807.69,true,false,false,21.00
858708000,859406000,698000,15000,16000,1.50,840.00,840.00,true,false,false,21.00
859406000,860104000,698000,15000,16000,1.50,840.00,840.00,true,false,false,21.00
860104000,860802000,698000,15000,16000,1.50,840.00,840.00,true,false,false,21.00
860802000,861501000,699000,15000,16000,1.50,840.00,840.00,true,false,false,21.00
861501000,862199000,698000,15000,16000,1.50,840.00,840.00,true,false,false,21.00
862199000,862897000,698000,15000,16000,1.50,840.00,840.00,true,false,false,21.00
862897000,863595000,698000,11000,16000,1.10,954.55,875.00,true,false,false,21.00
863595000,864299000,704000,13000,18000,1.10,954.55,807.69,true,false,false,21.00
864299000,864997000,698000,15000,16000,1.10,954.55,807.69,true,false,false,21.00
864997000,865620000,623000,15000,15000,1.10,954.55,875.00,false,true,false,21.00
865620000,866327000,707000,13000,19000,1.10,954.55,846.15,true,false,false,22.00
866327000,867028000,701000,16000,17000,1.10,954.55,846.15,true,false,false,22.00
867028000,867729000,701000,16000,17000,1.10,954.55,814.81,true,false,false,22.00
867729000,868430000,701000,16000,17000,1.10,954.55,814.81,true,false,false,22.00
868430000,869131000,701000,16000,17000,1.10,954.55,814.81,true,false,false,22.00
869131000,869832000,701000,16000,17000,1.10,954.55,814.81,true,false,false,22.00
869832000,870533000,701000,16000,17000,1.10,954.55,846.15,true,false,false,22.00
870533000,871235000,702000,16000,17000,1.10,954.55,814.81,true,false,false,22.00
871235000,871936000,701000,16000,17000,1.10,954.55,814.81,true,false,false,22.00
871936000,872637000,701000,16000,17000,1.10,954.55,846.15,true,false,false,22.00
872637000,873338000,701000,16000,17000,1.10,954.55,846.15,true,false,false,22.00
873338000,874039000,701000,16000,17000,1.10,954.55,846.15,true,false,false,22.00
874039000,874740000,701000,16000,17000,1.10,954.55,814.81,true,false,false,22.00
874740000,875441000,701000,16000,17000,1.10,954.55,846.15,true,false,false,22.00
875441000,876197000,756000,16000,35000,1.10,954.55,564.10,true,false,false,22.00
876197000,876937000,740000,12000,30000,1.10,1000.00,846.15,true,false,false,22.00
876937000,877638000,701000,16000,17000,1.10,1000.00,846.15,true,false,false,22.00
877638000,878339000,701000,12000,17000,1.10,1000.00,880.00,true,false,false,22.00
878339000,879046000,707000,14000,19000,1.10,1000.00,846.15,true,false,true,22.00
879046000,879747000,701000,16000,17000,1.60,846.15,814.81,true,false,false,22.00
879747000,880448000,701000,16000,17000,1.60,846.15,846.15,true,false,false,22.00
880448000,881150000,702000,16000,17000,1.60,846.15,846.15,true,false,false,22.00
881150000,881851000,701000,16000,17000,1.60,846.15,814.81,true,false,false,22.00
881851000,882552000,701000,16000,17000,1.60,846.15,814.81,true,false,false,22.00
882552000,883253000,701000,16000,17000,1.60,846.15,846.15,true,false,false,22.00
883253000,883954000,701000,16000,17000,1.60,846.15,814.81,true,false,false,22.00
883954000,884662000,708000,12000,19000,1.20,1000.00,814.81,true,false,false,22.00
884662000,885363000,701000,15000,17000,1.20,1000.00,846.15,true,false,false,22.00
885363000,886064000,701000,12000,17000,1.20,1000.00,880.00,true,false,false,22.00
886064000,886699000,635000,15000,15000,1.20,1000.00,846.15,false,true,false,22.00
886699000,887397000,698000,12000,16000,1.20,1000.00,833.33,true,false,false,20.00
887397000,888092000,695000,14000,15000,1.20,1000.00,833.33,true,false,false,20.00
888092000,888787000,695000,14000,15000,1.20,1000.00,833.33,true,false,false,20.00
888787000,889482000,695000,14000,15000,1.20,1000.00,800.00,true,false,false,20.00
889482000,890177000,695000,14000,15000,1.20,1000.00,833.33,true,false,false,20.00
890177000,890873000,696000,14000,15000,1.20,1000.00,833.33,true,false,false,20.00
890873000,891568000,695000,14000,15000,1.20,1000.00,833.33,true,false,false,20.00
891568000,892263000,695000,14000,15000,1.20,1000.00,833.33,true,false,false,20.00
892263000,892958000,695000,14000,15000,1.20,1000.00,833.33,true,false,false,20.00
892958000,893653000,695000,14000,15000,1.20,1000.00,833.33,true,false,false,20.00
893653000,894348000,695000,14000,15000,1.20,1000.00,833.33,true,false,false,20.00
894348000,895043000,695000,14000,15000,1.20,1000.00,833.33,true,false,false,20.00
895043000,895738000,695000,14000,15000,1.20,1000.00,833.33,true,false,false,20.00
895738000,896434000,696000,14000,15000,1.20,1000.00,800.00,true,false,false,20.00
896434000,897129000,695000,14000,15000,1.20,1000.00,833.33,true,false,false,20.00
897129000,897824000,695000,14000,15000,1.20,1000.00,833.33,true,false,false,20.00
897824000,898519000,695000,14000,15000,1.20,1000.00,833.33,true,false,false,20.00
898519000,899214000,695000,10000,15000,1.00,1000.00,869.57,true,false,false,20.00
899214000,899916000,702000,11000,17000,1.00,1000.00,833.33,true,false,true,20.00
899916000,900612000,696000,14000,15000,1.40,833.33,833.33,true,false,false,20.00
900612000,901307000,695000,14000,15000,1.40,833.33,833.33,true,false,false,20.00
901307000,902050000,743000,14000,31000,1.40,833.33,512.82,true,false,false,20.00
902050000,902790000,740000,10000,30000,1.00,1000.00,833.33,true,false,false,20.00
902790000,903485000,695000,14000,15000,1.00,1000.00,833.33,true,false,false,20.00
903485000,904181000,696000,14000,15000,1.00,1000.00,833.33,true,false,false,20.00
904181000,904876000,695000,14000,15000,1.00,1000.00,833.33,true,false,false,20.00
904876000,905580000,704000,10000,18000,1.00,1000.00,833.33,true,false,false,20.00
905580000,906275000,695000,14000,15000,1.00,1000.00,833.33,true,false,false,20.00
906275000,906970000,695000,10000,15000,1.00,1000.00,952.38,true,false,false,20.00
906970000,907588000,618000,12000,12000,1.00,1000.00,909.09,false,true,false,20.00
907588000,908287000,699000,12000,16000,1.00,1000.00,800.00,true,false,false,20.00
908287000,908982000,695000,14000,15000,1.00,1000.00,833.33,true,false,false,20.00
908982000,909677000,695000,14000,15000,1.00,1000.00,800.00,true,false,false,20.00
909677000,910372000,695000,14000,15000,1.00,1000.00,833.33,true,false,false,20.00
910372000,911067000,695000,14000,15000,1.00,1000.00,833.33,true,false,false,20.00
911067000,911762000,695000,14000,15000,1.00,1000.00,800.00,true,false,false,20.00
911762000,912457000,695000,14000,15000,1.00,1000.00,833.33,true,false,false,20.00
912457000,913152000,695000,14000,15000,1.00,1000.00,800.00,true,false,false,20.00
913152000,913848000,696000,14000,15000,1.00,1000.00,800.00,true,false,false,20.00
913848000,914543000,695000,14000,15000,1.00,1000.00,800.00,true,false,false,20.00
914543000,915238000,695000,14000,15000,1.00,1000.00,800.00,true,false,false,20.00
915238000,915933000,695000,14000,15000,1.00,1000.00,833.33,true,false,false,20.00
915933000,916628000,695000,14000,15000,1.00,1000.00,800.00,true,false,false,20.00
916628000,917323000,695000,14000,15000,1.00,1000.00,833.33,true,false,false,20.00
917323000,918018000,695000,14000,15000,1.00,1000.00,833.33,true,false,false,20.00
918018000,918713000,695000,14000,15000,1.00,1000.00,800.00,true,false,false,20.00
918713000,919408000,695000,14000,15000,1.00,1000.00,833.33,true,false,false,20.00
919408000,920103000,695000,10000,15000,1.00,1000.00,869.57,true,false,false,20.00
920103000,920804000,701000,12000,17000,1.00,1000.00,800.00,true,false,true,20.00
920804000,921499000,695000,14000,15000,1.40,833.33,800.00,true,false,false,20.00
921499000,922194000,695000,14000,15000,1.40,833.33,800.00,true,false,false,20.00
922194000,922889000,695000,14000,15000,1.40,833.33,833.33,true,false,false,20.00
922889000,923584000,695000,14000,15000,1.40,833.33,800.00,true,false,false,20.00
923584000,924280000,696000,14000,15000,1.40,833.33,833.33,true,false,false,20.00
924280000,924976000,696000,14000,15000,1.40,833.33,833.33,true,false,false,20.00
924976000,925671000,695000,14000,15000,1.40,833.33,833.33,true,false,false,20.00
925671000,926375000,704000,10000,18000,1.00,1000.00,833.33,true,false,false,20.00
926375000,927070000,695000,14000,15000,1.00,1000.00,800.00,true,false,false,20.00
927070000,927766000,696000,14000,15000,1.00,1000.00,800.00,true,false,false,20.00
927766000,928421000,655000,15000,15000,1.00,1000.00,625.00,false,true,false,20.00
928421000,929161000,740000,11000,30000,1.00,1000.00,750.00,true,false,false,21.00
929161000,929865000,704000,17000,18000,1.00,1000.00,777.78,true,false,false,21.00
929865000,930566000,701000,17000,17000,1.00,1000.00,777.78,true,false,false,21.00
930566000,931267000,701000,17000,17000,1.00,1000.00,777.78,true,false,false,21.00
931267000,931969000,702000,17000,17000,1.00,1000.00,777.78,true,false,false,21.00
931969000,932671000,702000,17000,17000,1.00,1000.00,777.78,true,false,false,21.00
932671000,933373000,702000,17000,17000,1.00,1000.00,777.78,true,false,false,21.00
933373000,934075000,702000,17000,17000,1.00,1000.00,777.78,true,false,false,21.00
934075000,934777000,702000,17000,17000,1.00,1000.00,777.78,true,false,false,21.00
934777000,935479000,702000,17000,17000,1.00,1000.00,777.78,true,false,false,21.00
935479000,936181000,702000,17000,17000,1.00,1000.00,777.78,true,false,false,21.00
936181000,936883000,702000,17000,17000,1.00,1000.00,777.78,true,false,false,21.00
936883000,937585000,702000,17000,17000,1.00,1000.00,777.78,true,false,false,21.00
937585000,938287000,702000,17000,17000,1.00,1000.00,777.78,true,false,false,21.00
938287000,938989000,702000,17000,17000,1.00,1000.00,777.78,true,false,false,21.00
938989000,939691000,702000,17000,17000,1.00,1000.00,777.78,true,false,false,21.00
939691000,940393000,702000,17000,17000,1.00,1000.00,777.78,true,false,false,21.00
940393000,941104000,711000,11000,20000,1.00,1000.00,750.00,true,false,false,21.00
941104000,941815000,711000,15000,20000,1.00,1000.00,777.78,true,false,true,21.00
941815000,942519000,704000,17000,18000,1.70,777.78,777.78,true,false,false,21.00
942519000,943223000,704000,17000,18000,1.70,777.78,777.78,true,false,false,21.00
943223000,943927000,704000,17000,18000,1.70,777.78,777.78,true,false,false,21.00
943927000,944631000,704000,17000,18000,1.70,777.78,777.78,true,false,false,21.00
944631000,945335000,704000,17000,18000,1.70,777.78,777.78,true,false,false,21.00
945335000,946039000,704000,17000,18000,1.70,777.78,777.78,true,false,false,21.00
946039000,946744000,705000,11000,18000,1.10,954.55,875.00,true,false,false,21.00
946744000,947457000,713000,12000,21000,1.10,954.55,777.78,true,false,false,21.00
947457000,948161000,704000,17000,18000,1.10,954.55,777.78,true,false,false,21.00
948161000,948865000,704000,17000,18000,1.10,954.55,777.78,true,false,false,21.00
948865000,949493000,628000,17000,17000,1.10,954.55,750.00,false,true,false,21.00
949493000,950197000,704000,15000,18000,1.10,954.55,777.78,true,false,false,21.00
950197000,950901000,704000,17000,18000,1.10,954.55,777.78,true,false,false,21.00
950901000,951605000,704000,17000,18000,1.10,954.55,777.78,true,false,false,21.00
951605000,952309000,704000,17000,18000,1.10,954.55,777.78,true,false,false,21.00
952309000,953013000,704000,17000,18000,1.10,954.55,777.78,true,false,false,21.00
953013000,953718000,705000,17000,18000,1.10,954.55,777.78,true,false,false,21.00
953718000,954422000,704000,17000,18000,1.10,954.55,777.78,true,false,false,21.00
954422000,955193000,771000,17000,40000,1.10,954.55,466.67,true,false,false,21.00
955193000,955945000,752000,11000,34000,1.10,1000.00,807.69,true,false,false,21.00
955945000,956646000,701000,16000,17000,1.10,1000.00,777.78,true,false,false,21.00
956646000,957347000,701000,16000,17000,1.10,1000.00,807.69,true,false,false,21.00
957347000,958048000,701000,16000,17000,1.10,1000.00,807.69,true,false,false,21.00
958048000,958749000,701000,16000,17000,1.10,1000.00,807.69,true,false,false,21.00
958749000,959450000,701000,16000,17000,1.10,1000.00,807.69,true,false,false,21.00
959450000,960152000,702000,16000,17000,1.10,1000.00,807.69,true,false,false,21.00
960152000,960853000,701000,16000,17000,1.10,1000.00,807.69,true,false,false,21.00
960853000,961554000,701000,11000,17000,1.10,1000.00,954.55,true,false,false,21.00
961554000,962261000,707000,13000,19000,1.10,1000.00,807.69,true,false,false,21.00
962261000,962960000,699000,16000,16000,1.10,1000.00,807.69,true,false,true,21.00
962960000,963658000,698000,16000,16000,1.60,807.69,807.69,true,false,false,21.00
963658000,964356000,698000,16000,16000,1.60,807.69,807.69,true,false,false,21.00
964356000,965054000,698000,16000,16000,1.60,807.69,807.69,true,false,false,21.00
965054000,965753000,699000,16000,16000,1.60,807.69,807.69,true,false,false,21.00
965753000,966451000,698000,16000,16000,1.60,807.69,807.69,true,false,false,21.00
966451000,967149000,698000,16000,16000,1.60,807.69,807.69,true,false,false,21.00
967149000,967847000,698000,11000,16000,1.10,1000.00,954.55,true,false,false,21.00
967847000,968557000,710000,12000,20000,1.10,1000.00,807.69,true,false,false,21.00
968557000,969258000,701000,16000,17000,1.10,1000.00,807.69,true,false,false,21.00
969258000,969959000,701000,16000,17000,1.10,1000.00,777.78,true,false,false,21.00
969959000,970585000,626000,16000,16000,1.10,1000.00,777.78,false,true,false,21.00
970585000,971286000,701000,14000,17000,1.10,1000.00,807.69,true,false,false,21.00
971286000,971987000,701000,16000,17000,1.10,1000.00,807.69,true,false,false,21.00
971987000,972689000,702000,16000,17000,1.10,1000.00,807.69,true,false,false,21.00
972689000,973390000,701000,16000,17000,1.10,1000.00,807.69,true,false,false,21.00
973390000,974091000,701000,16000,17000,1.10,1000.00,807.69,true,false,false,21.00
974091000,974792000,701000,16000,17000,1.10,1000.00,807.69,true,false,false,21.00
974792000,975493000,701000,16000,17000,1.10,1000.00,807.69,true,false,false,21.00
975493000,976194000,701000,16000,17000,1.10,1000.00,807.69,true,false,false,21.00
976194000,976896000,702000,16000,17000,1.10,1000.00,807.69,true,false,false,21.00
976896000,977597000,701000,16000,17000,1.10,1000.00,807.69,true,false,false,21.00
977597000,978298000,701000,16000,17000,1.10,1000.00,807.69,true,false,false,21.00
978298000,979000000,702000,16000,17000,1.10,1000.00,807.69,true,false,false,21.00
979000000,979701000,701000,16000,17000,1.10,1000.00,807.69,true,false,false,21.00
979701000,980460000,759000,16000,36000,1.10,1000.00,538.46,true,false,false,21.00
980460000,981203000,743000,11000,31000,1.10,1000.00,807.69,true,false,false,21.00
981203000,981901000,698000,15000,16000,1.10,1000.00,807.69,true,false,false,21.00
981901000,982599000,698000,11000,16000,1.10,1000.00,875.00,true,false,false,21.00
982599000,983303000,704000,13000,18000,1.10,1000.00,807.69,true,false,false,21.00
983303000,984002000,699000,15000,16000,1.10,1000.00,807.69,true,false,true,21.00
984002000,984700000,698000,15000,16000,1.50,840.00,807.69,true,false,false,21.00
984700000,985398000,698000,15000,16000,1.50,840.00,807.69,true,false,false,21.00
985398000,986096000,698000,15000,16000,1.50,840.00,840.00,true,false,false,21.00
986096000,986794000,698000,15000,16000,1.50,840.00,840.00,true,false,false,21.00
986794000,987492000,698000,15000,16000,1.50,840.00,840.00,true,false,false,21.00
987492000,988190000,698000,15000,16000,1.50,840.00,840.00,true,false,false,21.00
988190000,988888000,698000,11000,16000,1.10,954.55,875.00,true,false,false,21.00
988888000,989592000,704000,13000,18000,1.10,954.55,840.00,true,false,false,21.00
989592000,990290000,698000,15000,16000,1.10,954.55,807.69,true,false,false,21.00
990290000,990988000,698000,15000,16000,1.10,954.55,840.00,true,false,false,21.00
990988000,991611000,623000,16000,16000,1.10,954.55,807.69,false,true,false,21.00
991611000,992315000,704000,13000,18000,1.10,954.55,814.81,true,false,false,22.00
992315000,993016000,701000,16000,17000,1.10,954.55,814.81,true,false,false,22.00
993016000,993717000,701000,16000,17000,1.10,954.55,846.15,true,false,false,22.00
993717000,994418000,701000,16000,17000,1.10,954.55,814.81,true,false,false,22.00
994418000,995119000,701000,16000,17000,1.10,954.55,846.15,true,false,false,22.00
995119000,995820000,701000,16000,17000,1.10,954.55,814.81,true,false,false,22.00
995820000,996521000,701000,16000,17000,1.10,954.55,846.15,true,false,false,22.00
996521000,997222000,701000,16000,17000,1.10,954.55,846.15,true,false,false,22.00
997222000,997923000,701000,16000,17000,1.10,954.55,814.81,true,false,false,22.00
997923000,998624000,701000,16000,17000,1.10,954.55,846.15,true,false,false,22.00
998624000,999325000,701000,16000,17000,1.10,954.55,814.81,true,false,false,22.00
