start_time,end_time,duration,min_qdel,max_qdel,communicated_flow_count,round_max_cruise_rate,latest_cruise_rate,cruise_happened,probe_happened,round_ended,cwnd
160000,894000,734000,20000,28000,2.00,1000.00,937.50,true,false,false,29.50
894000,1613000,719000,22000,23000,2.00,1000.00,937.50,true,false,false,29.50
1613000,2332000,719000,22000,23000,2.00,1000.00,937.50,true,false,false,29.50
2332000,3051000,719000,22000,23000,2.00,1000.00,909.09,true,false,false,29.50
3051000,3770000,719000,22000,23000,2.00,1000.00,937.50,true,false,false,29.50
3770000,4522000,752000,20000,34000,2.00,1000.00,937.50,true,false,false,29.50
4522000,5247000,725000,20000,25000,2.00,1000.00,909.09,true,false,false,29.50
5247000,5969000,722000,20000,24000,2.00,1000.00,967.74,true,false,false,29.50
5969000,6695000,726000,20000,25000,2.00,1000.00,909.09,true,false,false,29.50
6695000,7417000,722000,22000,24000,2.00,1000.00,909.09,true,false,false,29.50
7417000,8142000,725000,20000,25000,2.00,1000.00,909.09,true,false,false,29.50
8142000,8867000,725000,23000,25000,2.00,1000.00,882.35,true,false,false,29.50
8867000,9551000,684000,24000,24000,2.00,1000.00,909.09,false,true,false,29.50
9551000,10270000,719000,15000,23000,1.50,1000.00,884.62,true,false,false,23.00
10270000,10971000,701000,16000,17000,1.50,1000.00,884.62,true,false,false,23.00
10971000,11672000,701000,16000,17000,1.50,1000.00,884.62,true,false,false,23.00
11672000,12373000,701000,16000,17000,1.50,1000.00,884.62,true,false,false,23.00
12373000,13074000,701000,16000,17000,1.50,1000.00,851.85,true,false,false,23.00
13074000,13775000,701000,16000,17000,1.50,1000.00,884.62,true,false,false,23.00
13775000,14476000,701000,16000,17000,1.50,1000.00,884.62,true,false,false,23.00
14476000,15177000,701000,16000,17000,1.50,1000.00,884.62,true,false,false,23.00
15177000,15878000,701000,16000,17000,1.50,1000.00,884.62,true,false,false,23.00
15878000,16579000,701000,16000,17000,1.50,1000.00,884.62,true,false,false,23.00
16579000,17280000,701000,16000,17000,1.50,1000.00,884.62,true,false,false,23.00
17280000,17981000,701000,16000,17000,1.50,1000.00,884.62,true,false,false,23.00
17981000,18682000,701000,16000,17000,1.50,1000.00,884.62,true,false,false,23.00
18682000,19384000,702000,16000,17000,1.50,1000.00,884.62,true,false,false,23.00
19384000,20085000,701000,16000,17000,1.50,1000.00,851.85,true,false,false,23.00
20085000,20787000,702000,16000,17000,1.50,1000.00,884.62,true,false,false,23.00
20787000,21488000,701000,16000,17000,1.50,1000.00,884.62,true,false,true,23.00
21488000,22189000,701000,16000,17000,1.60,884.62,884.62,true,false,false,23.00
22189000,22890000,701000,16000,17000,1.60,884.62,884.62,true,false,false,23.00
22890000,23592000,702000,16000,17000,1.60,884.62,884.62,true,false,false,23.00
23592000,24293000,701000,16000,17000,1.60,884.62,884.62,true,false,false,23.00
24293000,24995000,702000,16000,17000,1.60,884.62,884.62,true,false,false,23.00
24995000,25699000,704000,13000,18000,1.30,1000.00,884.62,true,false,false,23.00
25699000,26400000,701000,15000,17000,1.30,1000.00,884.62,true,false,false,23.00
26400000,27101000,701000,13000,17000,1.30,1000.00,920.00,true,false,false,23.00
27101000,27805000,704000,15000,18000,1.30,1000.00,884.62,true,false,false,23.00
27805000,28506000,701000,13000,17000,1.30,1000.00,884.62,true,false,false,23.00
28506000,29210000,704000,13000,18000,1.30,1000.00,884.62,true,false,false,23.00
29210000,29911000,701000,16000,17000,1.30,1000.00,851.85,true,false,false,23.00
29911000,30545000,634000,17000,17000,1.30,1000.00,920.00,false,true,false,23.00
30545000,31267000,722000,10000,24000,1.00,1000.00,1000.00,true,false,false,20.00
31267000,31962000,695000,11000,15000,1.00,1000.00,833.33,true,false,false,20.00
31962000,32654000,692000,14000,14000,1.00,1000.00,833.33,true,false,false,20.00
32654000,33346000,692000,14000,14000,1.00,1000.00,833.33,true,false,false,20.00
33346000,34038000,692000,14000,14000,1.00,1000.00,833.33,true,false,false,20.00
34038000,34730000,692000,14000,14000,1.00,1000.00,833.33,true,false,false,20.00
34730000,35422000,692000,14000,14000,1.00,1000.00,833.33,true,false,false,20.00
35422000,36114000,692000,14000,14000,1.00,1000.00,833.33,true,false,false,20.00
36114000,36806000,692000,14000,14000,1.00,1000.00,833.33,true,false,false,20.00
36806000,37498000,692000,14000,14000,1.00,1000.00,833.33,true,false,false,20.00
37498000,38190000,692000,14000,14000,1.00,1000.00,833.33,true,false,false,20.00
38190000,38882000,692000,14000,14000,1.00,1000.00,833.33,true,false,false,20.00
38882000,39574000,692000,14000,14000,1.00,1000.00,833.33,true,false,false,20.00
39574000,40266000,692000,14000,14000,1.00,1000.00,833.33,true,false,false,20.00
40266000,40958000,692000,14000,14000,1.00,1000.00,833.33,true,false,false,20.00
40958000,41650000,692000,14000,14000,1.00,1000.00,833.33,true,false,false,20.00
41650000,42342000,692000,14000,14000,1.00,1000.00,833.33,true,false,true,20.00
42342000,43034000,692000,14000,14000,1.40,833.33,833.33,true,false,false,20.00
43034000,43726000,692000,14000,14000,1.40,833.33,833.33,true,false,false,20.00
43726000,44418000,692000,14000,14000,1.40,833.33,833.33,true,false,false,20.00
44418000,45110000,692000,14000,14000,1.40,833.33,833.33,true,false,false,20.00
45110000,45802000,692000,14000,14000,1.40,833.33,833.33,true,false,false,20.00
45802000,46500000,698000,10000,16000,1.00,1000.00,833.33,true,false,false,20.00
46500000,47195000,695000,13000,15000,1.00,1000.00,833.33,true,false,false,20.00
47195000,47893000,698000,10000,16000,1.00,1000.00,833.33,true,false,false,20.00
47893000,48588000,695000,12000,15000,1.00,1000.00,833.33,true,false,false,20.00
48588000,49280000,692000,10000,14000,1.00,1000.00,952.38,true,false,false,20.00
49280000,49981000,701000,11000,17000,1.00,1000.00,833.33,true,false,false,20.00
49981000,50674000,693000,14000,14000,1.00,1000.00,833.33,true,false,false,20.00
50674000,51290000,616000,14000,14000,1.00,1000.00,869.57,false,true,false,20.00
51290000,51989000,699000,12000,16000,1.00,1000.00,833.33,true,false,false,20.00
51989000,52681000,692000,14000,14000,1.00,1000.00,833.33,true,false,false,20.00
52681000,53373000,692000,14000,14000,1.00,1000.00,833.33,true,false,false,20.00
53373000,54066000,693000,14000,14000,1.00,1000.00,833.33,true,false,false,20.00
54066000,54758000,692000,14000,14000,1.00,1000.00,833.33,true,false,false,20.00
54758000,55451000,693000,14000,14000,1.00,1000.00,833.33,true,false,false,20.00
55451000,56183000,732000,14000,27000,1.00,1000.00,571.43,true,false,false,20.00
56183000,56908000,725000,10000,25000,1.00,1000.00,833.33,true,false,false,20.00
56908000,57603000,695000,14000,15000,1.00,1000.00,833.33,true,false,false,20.00
57603000,58298000,695000,14000,15000,1.00,1000.00,833.33,true,false,false,20.00
58298000,58993000,695000,14000,15000,1.00,1000.00,833.33,true,false,false,20.00
58993000,59688000,695000,14000,15000,1.00,1000.00,800.00,true,false,false,20.00
59688000,60383000,695000,14000,15000,1.00,1000.00,833.33,true,false,false,20.00
60383000,61078000,695000,14000,15000,1.00,1000.00,800.00,true,false,false,20.00
61078000,61773000,695000,14000,15000,1.00,1000.00,800.00,true,false,false,20.00
61773000,62469000,696000,14000,15000,1.00,1000.00,833.33,true,false,false,20.00
62469000,63164000,695000,14000,15000,1.00,1000.00,800.00,true,false,true,20.00
63164000,63859000,695000,14000,15000,1.40,833.33,833.33,true,false,false,20.00
63859000,64554000,695000,14000,15000,1.40,833.33,833.33,true,false,false,20.00
64554000,65249000,695000,14000,15000,1.40,833.33,833.33,true,false,false,20.00
65249000,65944000,695000,14000,15000,1.40,833.33,833.33,true,false,false,20.00
65944000,66639000,695000,10000,15000,1.00,833.33,833.33,true,false,false,20.00
66639000,67337000,698000,10000,16000,1.00,1000.00,833.33,true,false,false,20.00
67337000,68032000,695000,14000,15000,1.00,1000.00,800.00,true,false,false,20.00
68032000,68733000,701000,10000,17000,1.00,1000.00,740.74,true,false,false,20.00
68733000,69428000,695000,12000,15000,1.00,1000.00,833.33,true,false,false,20.00
69428000,70123000,695000,10000,15000,1.00,1000.00,909.09,true,false,false,20.00
70123000,70824000,701000,11000,17000,1.00,1000.00,833.33,true,false,false,20.00
70824000,71520000,696000,14000,15000,1.00,1000.00,833.33,true,false,false,20.00
71520000,72139000,619000,15000,15000,1.00,1000.00,869.57,false,true,false,20.00
72139000,72837000,698000,12000,16000,1.00,1000.00,833.33,true,false,false,20.00
72837000,73532000,695000,14000,15000,1.00,1000.00,800.00,true,false,false,20.00
73532000,74228000,696000,14000,15000,1.00,1000.00,800.00,true,false,false,20.00
74228000,74923000,695000,14000,15000,1.00,1000.00,833.33,true,false,false,20.00
74923000,75618000,695000,14000,15000,1.00,1000.00,800.00,true,false,false,20.00
75618000,76314000,696000,14000,15000,1.00,1000.00,833.33,true,false,false,20.00
76314000,77009000,695000,14000,15000,1.00,1000.00,833.33,true,false,false,20.00
77009000,77705000,696000,14000,15000,1.00,1000.00,833.33,true,false,false,20.00
77705000,78400000,695000,14000,15000,1.00,1000.00,833.33,true,false,false,20.00
78400000,79095000,695000,14000,15000,1.00,1000.00,833.33,true,false,false,20.00
79095000,79790000,695000,14000,15000,1.00,1000.00,833.33,true,false,false,20.00
79790000,80485000,695000,14000,15000,1.00,1000.00,833.33,true,false,false,20.00
80485000,81198000,713000,14000,21000,1.00,1000.00,689.66,true,false,false,20.00
81198000,81932000,734000,10000,28000,1.00,1000.00,833.33,true,false,false,20.00
81932000,82627000,695000,14000,15000,1.00,1000.00,833.33,true,false,false,20.00
82627000,83322000,695000,14000,15000,1.00,1000.00,800.00,true,false,false,20.00
83322000,84018000,696000,14000,15000,1.00,1000.00,800.00,true,false,true,20.00
84018000,84714000,696000,14000,15000,1.40,833.33,800.00,true,false,false,20.00
84714000,85409000,695000,14000,15000,1.40,833.33,800.00,true,false,false,20.00
85409000,86104000,695000,14000,15000,1.40,833.33,800.00,true,false,false,20.00
86104000,86799000,695000,14000,15000,1.40,833.33,800.00,true,false,false,20.00
86799000,87494000,695000,10000,15000,1.00,1000.00,833.33,true,false,false,20.00
87494000,88195000,701000,11000,17000,1.00,1000.00,800.00,true,false,false,20.00
88195000,88890000,695000,14000,15000,1.00,1000.00,800.00,true,false,false,20.00
88890000,89585000,695000,10000,15000,1.00,1000.00,869.57,true,false,false,20.00
89585000,90286000,701000,13000,17000,1.00,1000.00,800.00,true,false,false,20.00
90286000,90981000,695000,10000,15000,1.00,1000.00,869.57,true,false,false,20.00
90981000,91685000,704000,11000,18000,1.00,1000.00,800.00,true,false,false,20.00
91685000,92380000,695000,14000,15000,1.00,1000.00,800.00,true,false,false,20.00
92380000,93001000,621000,15000,15000,1.00,1000.00,833.33,false,true,false,20.00
93001000,93700000,699000,13000,16000,1.00,1000.00,833.33,true,false,false,20.00
93700000,94395000,695000,14000,15000,1.00,1000.00,833.33,true,false,false,20.00
94395000,95090000,695000,14000,15000,1.00,1000.00,833.33,true,false,false,20.00
95090000,95785000,695000,14000,15000,1.00,1000.00,833.33,true,false,false,20.00
95785000,96480000,695000,14000,15000,1.00,1000.00,833.33,true,false,false,20.00
96480000,97175000,695000,14000,15000,1.00,1000.00,833.33,true,false,false,20.00
97175000,97870000,695000,14000,15000,1.00,1000.00,833.33,true,false,false,20.00
97870000,98566000,696000,14000,15000,1.00,1000.00,800.00,true,false,false,20.00
98566000,99261000,695000,14000,15000,1.00,1000.00,800.00,true,false,false,20.00
99261000,99957000,696000,14000,15000,1.00,1000.00,800.00,true,false,false,20.00
99957000,100652000,695000,14000,15000,1.00,1000.00,800.00,true,false,false,20.00
100652000,101347000,695000,14000,15000,1.00,1000.00,800.00,true,false,false,20.00
101347000,102042000,695000,14000,15000,1.00,1000.00,800.00,true,false,false,20.00
102042000,102737000,695000,14000,15000,1.00,1000.00,800.00,true,false,false,20.00
102737000,103432000,695000,14000,15000,1.00,1000.00,800.00,true,false,false,20.00
103432000,104127000,695000,14000,15000,1.00,1000.00,800.00,true,false,false,20.00
104127000,104822000,695000,14000,15000,1.00,1000.00,800.00,true,false,true,20.00
104822000,105517000,695000,14000,15000,1.40,833.33,833.33,true,false,false,20.00
105517000,106213000,696000,14000,15000,1.40,833.33,833.33,true,false,false,20.00
106213000,106954000,741000,14000,30000,1.40,833.33,540.54,true,false,false,20.00
106954000,107688000,734000,10000,28000,1.00,952.38,833.33,true,false,false,20.00
107688000,108383000,695000,10000,15000,1.00,1000.00,869.57,true,false,false,20.00
108383000,109081000,698000,11000,16000,1.00,1000.00,833.33,true,false,false,20.00
109081000,109776000,695000,14000,15000,1.00,1000.00,833.33,true,false,false,20.00
109776000,110471000,695000,10000,15000,1.00,1000.00,909.09,true,false,false,20.00
110471000,111172000,701000,12000,17000,1.00,1000.00,833.33,true,false,false,20.00
111172000,111867000,695000,10000,15000,1.00,1000.00,869.57,true,false,false,20.00
111867000,112568000,701000,10000,17000,1.00,1000.00,800.00,true,false,false,20.00
112568000,113263000,695000,14000,15000,1.00,1000.00,833.33,true,false,false,20.00
113263000,113882000,619000,14000,14000,1.00,1000.00,869.57,false,true,false,20.00
113882000,114580000,698000,12000,16000,1.00,1000.00,833.33,true,false,false,20.00
114580000,115276000,696000,14000,15000,1.00,1000.00,833.33,true,false,false,20.00
115276000,115971000,695000,14000,15000,1.00,1000.00,833.33,true,false,false,20.00
115971000,116666000,695000,14000,15000,1.00,1000.00,833.33,true,false,false,20.00
116666000,117362000,696000,14000,15000,1.00,1000.00,833.33,true,false,false,20.00
117362000,118057000,695000,14000,15000,1.00,1000.00,833.33,true,false,false,20.00
118057000,118752000,695000,14000,15000,1.00,1000.00,833.33,true,false,false,20.00
118752000,119447000,695000,14000,15000,1.00,1000.00,833.33,true,false,false,20.00
119447000,120142000,695000,14000,15000,1.00,1000.00,833.33,true,false,false,20.00
120142000,120837000,695000,14000,15000,1.00,1000.00,800.00,true,false,false,20.00
120837000,121532000,695000,14000,15000,1.00,1000.00,833.33,true,false,false,20.00
121532000,122227000,695000,14000,15000,1.00,1000.00,833.33,true,false,false,20.00
122227000,122922000,695000,14000,15000,1.00,1000.00,833.33,true,false,false,20.00
122922000,123617000,695000,14000,15000,1.00,1000.00,833.33,true,false,false,20.00
123617000,124312000,695000,14000,15000,1.00,1000.00,833.33,true,false,false,20.00
124312000,125007000,695000,14000,15000,1.00,1000.00,833.33,true,false,false,20.00
125007000,125702000,695000,14000,15000,1.00,1000.00,833.33,true,false,true,20.00
125702000,126397000,695000,14000,15000,1.40,833.33,833.33,true,false,false,20.00
126397000,127093000,696000,14000,15000,1.40,833.33,833.33,true,false,false,20.00
127093000,127789000,696000,14000,15000,1.40,833.33,833.33,true,false,false,20.00
127789000,128484000,695000,14000,15000,1.40,833.33,833.33,true,false,false,20.00
128484000,129179000,695000,10000,15000,1.00,1000.00,869.57,true,false,false,20.00
129179000,129877000,698000,10000,16000,1.00,1000.00,833.33,true,false,false,20.00
129877000,130573000,696000,14000,15000,1.00,1000.00,800.00,true,false,false,20.00
130573000,131268000,695000,10000,15000,1.00,1000.00,869.57,true,false,false,20.00
131268000,131969000,701000,12000,17000,1.00,1000.00,833.33,true,false,false,20.00
131969000,132700000,731000,14000,27000,1.00,1000.00,571.43,true,false,false,20.00
132700000,133425000,725000,10000,25000,1.00,1000.00,833.33,true,false,false,20.00
133425000,134120000,695000,14000,15000,1.00,1000.00,833.33,true,false,false,20.00
134120000,134741000,621000,14000,14000,1.00,1000.00,833.33,false,true,false,20.00
134741000,135439000,698000,13000,16000,1.00,1000.00,833.33,true,false,false,20.00
135439000,136135000,696000,14000,15000,1.00,1000.00,800.00,true,false,false,20.00
136135000,136830000,695000,14000,15000,1.00,1000.00,833.33,true,false,false,20.00
136830000,137525000,695000,14000,15000,1.00,1000.00,800.00,true,false,false,20.00
137525000,138220000,695000,14000,15000,1.00,1000.00,833.33,true,false,false,20.00
138220000,138915000,695000,14000,15000,1.00,1000.00,800.00,true,false,false,20.00
138915000,139610000,695000,14000,15000,1.00,1000.00,833.33,true,false,false,20.00
139610000,140305000,695000,14000,15000,1.00,1000.00,833.33,true,false,false,20.00
140305000,141000000,695000,14000,15000,1.00,1000.00,800.00,true,false,false,20.00
141000000,141695000,695000,14000,15000,1.00,1000.00,833.33,true,false,false,20.00
141695000,142390000,695000,14000,15000,1.00,1000.00,800.00,true,false,false,20.00
142390000,143086000,696000,14000,15000,1.00,1000.00,800.00,true,false,false,20.00
143086000,143781000,695000,14000,15000,1.00,1000.00,800.00,true,false,false,20.00
143781000,144476000,695000,14000,15000,1.00,1000.00,800.00,true,false,false,20.00
144476000,145171000,695000,14000,15000,1.00,1000.00,800.00,true,false,false,20.00
145171000,145866000,695000,14000,15000,1.00,1000.00,800.00,true,false,false,20.00
145866000,146561000,695000,14000,15000,1.00,1000.00,800.00,true,false,true,20.00
146561000,147256000,695000,14000,15000,1.40,833.33,800.00,true,false,false,20.00
147256000,147951000,695000,14000,15000,1.40,833.33,800.00,true,false,false,20.00
147951000,148646000,695000,14000,15000,1.40,833.33,833.33,true,false,false,20.00
148646000,149341000,695000,14000,15000,1.40,833.33,800.00,true,false,false,20.00
149341000,150036000,695000,10000,15000,1.00,1000.00,833.33,true,false,false,20.00
150036000,150737000,701000,11000,17000,1.00,1000.00,800.00,true,false,false,20.00
150737000,151432000,695000,14000,15000,1.00,1000.00,833.33,true,false,false,20.00
151432000,152128000,696000,10000,15000,1.00,1000.00,869.57,true,false,false,20.00
152128000,152829000,701000,12000,17000,1.00,1000.00,833.33,true,false,false,20.00
152829000,153524000,695000,14000,15000,1.00,1000.00,800.00,true,false,false,20.00
153524000,154228000,704000,10000,18000,1.00,1000.00,833.33,true,false,false,20.00
154228000,154926000,698000,13000,16000,1.00,1000.00,833.33,true,false,false,20.00
154926000,155546000,620000,14000,14000,1.00,1000.00,833.33,false,true,false,20.00
155546000,156244000,698000,13000,16000,1.00,1000.00,833.33,true,false,false,20.00
156244000,156940000,696000,14000,15000,1.00,1000.00,800.00,true,false,false,20.00
156940000,157635000,695000,14000,15000,1.00,1000.00,833.33,true,false,false,20.00
157635000,158369000,734000,14000,28000,1.00,1000.00,526.32,true,false,false,20.00
158369000,159107000,738000,10000,29000,1.00,1000.00,833.33,true,false,false,20.00
159107000,159802000,695000,14000,15000,1.00,1000.00,800.00,true,false,false,20.00
159802000,160497000,695000,14000,15000,1.00,1000.00,800.00,true,false,false,20.00
160497000,161192000,695000,14000,15000,1.00,1000.00,833.33,true,false,false,20.00
161192000,161887000,695000,14000,15000,1.00,1000.00,800.00,true,false,false,20.00
161887000,162582000,695000,14000,15000,1.00,1000.00,833.33,true,false,false,20.00
162582000,163277000,695000,14000,15000,1.00,1000.00,833.33,true,false,false,20.00
163277000,163972000,695000,14000,15000,1.00,1000.00,833.33,true,false,false,20.00
163972000,164667000,695000,14000,15000,1.00,1000.00,833.33,true,false,false,20.00
164667000,165362000,695000,14000,15000,1.00,1000.00,800.00,true,false,false,20.00
165362000,166057000,695000,14000,15000,1.00,1000.00,833.33,true,false,false,20.00
166057000,166752000,695000,14000,15000,1.00,1000.00,800.00,true,false,false,20.00
166752000,167448000,696000,14000,15000,1.00,1000.00,800.00,true,false,true,20.00
167448000,168144000,696000,14000,15000,1.40,833.33,800.00,true,false,false,20.00
168144000,168839000,695000,14000,15000,1.40,833.33,800.00,true,false,false,20.00
168839000,169534000,695000,14000,15000,1.40,833.33,800.00,true,false,false,20.00
169534000,170229000,695000,14000,15000,1.40,833.33,800.00,true,false,false,20.00
170229000,170924000,695000,10000,15000,1.00,952.38,952.38,true,false,false,20.00
170924000,171625000,701000,11000,17000,1.00,952.38,833.33,true,false,false,20.00
171625000,172320000,695000,14000,15000,1.00,952.38,833.33,true,false,false,20.00
172320000,173015000,695000,10000,15000,1.00,952.38,909.09,true,false,false,20.00
173015000,173716000,701000,12000,17000,1.00,952.38,800.00,true,false,false,20.00
173716000,174411000,695000,14000,15000,1.00,952.38,800.00,true,false,false,20.00
174411000,175106000,695000,10000,15000,1.00,1000.00,909.09,true,false,false,20.00
175106000,175810000,704000,12000,18000,1.00,1000.00,800.00,true,false,false,20.00
175810000,176430000,620000,15000,15000,1.00,1000.00,833.33,false,true,false,20.00
176430000,177128000,698000,13000,16000,1.00,1000.00,833.33,true,false,false,20.00
177128000,177823000,695000,14000,15000,1.00,1000.00,800.00,true,false,false,20.00
177823000,178518000,695000,14000,15000,1.00,1000.00,833.33,true,false,false,20.00
178518000,179213000,695000,14000,15000,1.00,1000.00,800.00,true,false,false,20.00
179213000,179908000,695000,14000,15000,1.00,1000.00,800.00,true,false,false,20.00
179908000,180604000,696000,14000,15000,1.00,1000.00,800.00,true,false,false,20.00
180604000,181299000,695000,14000,15000,1.00,1000.00,800.00,true,false,false,20.00
181299000,181994000,695000,14000,15000,1.00,1000.00,800.00,true,false,false,20.00
181994000,182689000,695000,14000,15000,1.00,1000.00,833.33,true,false,false,20.00
182689000,183384000,695000,14000,15000,1.00,1000.00,800.00,true,false,false,20.00
183384000,184122000,738000,14000,29000,1.00,1000.00,540.54,true,false,false,20.00
184122000,184856000,734000,10000,28000,1.00,1000.00,833.33,true,false,false,20.00
184856000,185551000,695000,14000,15000,1.00,1000.00,800.00,true,false,false,20.00
185551000,186246000,695000,14000,15000,1.00,1000.00,833.33,true,false,false,20.00
186246000,186941000,695000,14000,15000,1.00,1000.00,800.00,true,false,false,20.00
186941000,187636000,695000,14000,15000,1.00,1000.00,833.33,true,false,false,20.00
187636000,188331000,695000,14000,15000,1.00,1000.00,800.00,true,false,true,20.00
188331000,189026000,695000,14000,15000,1.40,833.33,833.33,true,false,false,20.00
189026000,189721000,695000,14000,15000,1.40,833.33,800.00,true,false,false,20.00
189721000,190417000,696000,14000,15000,1.40,833.33,833.33,true,false,false,20.00
190417000,191112000,695000,14000,15000,1.40,833.33,800.00,true,false,false,20.00
191112000,191807000,695000,10000,15000,1.00,1000.00,909.09,true,false,false,20.00
191807000,192505000,698000,11000,16000,1.00,1000.00,833.33,true,false,false,20.00
192505000,193200000,695000,14000,15000,1.00,1000.00,833.33,true,false,false,20.00
193200000,193895000,695000,10000,15000,1.00,1000.00,869.57,true,false,false,20.00
193895000,194596000,701000,12000,17000,1.00,1000.00,833.33,true,false,false,20.00
194596000,195292000,696000,14000,15000,1.00,1000.00,833.33,true,false,false,20.00
195292000,195987000,695000,10000,15000,1.00,1000.00,869.57,true,false,false,20.00
195987000,196689000,702000,11000,17000,1.00,1000.00,800.00,true,false,false,20.00
196689000,197308000,619000,15000,15000,1.00,1000.00,869.57,false,true,false,20.00
197308000,198007000,699000,12000,16000,1.00,1000.00,833.33,true,false,false,20.00
198007000,198702000,695000,14000,15000,1.00,1000.00,833.33,true,false,false,20.00
198702000,199397000,695000,14000,15000,1.00,1000.00,833.33,true,false,false,20.00
199397000,200092000,695000,14000,15000,1.00,1000.00,800.00,true,false,false,20.00
200092000,200787000,695000,14000,15000,1.00,1000.00,833.33,true,false,false,20.00
200787000,201482000,695000,14000,15000,1.00,1000.00,800.00,true,false,false,20.00
201482000,202177000,695000,14000,15000,1.00,1000.00,833.33,true,false,false,20.00
202177000,202872000,695000,14000,15000,1.00,1000.00,800.00,true,false,false,20.00
202872000,203568000,696000,14000,15000,1.00,1000.00,833.33,true,false,false,20.00
203568000,204263000,695000,14000,15000,1.00,1000.00,833.33,true,false,false,20.00
204263000,204958000,695000,14000,15000,1.00,1000.00,833.33,true,false,false,20.00
204958000,205653000,695000,14000,15000,1.00,1000.00,833.33,true,false,false,20.00
205653000,206348000,695000,14000,15000,1.00,1000.00,833.33,true,false,false,20.00
206348000,207043000,695000,14000,15000,1.00,1000.00,833.33,true,false,false,20.00
207043000,207738000,695000,14000,15000,1.00,1000.00,833.33,true,false,false,20.00
207738000,208433000,695000,14000,15000,1.00,1000.00,833.33,true,false,false,20.00
208433000,209128000,695000,14000,15000,1.00,1000.00,833.33,true,false,true,20.00
209128000,209862000,734000,10000,28000,1.00,952.38,833.33,true,false,false,20.00
209862000,210563000,701000,13000,17000,1.00,952.38,800.00,true,false,false,20.00
210563000,211258000,695000,14000,15000,1.00,952.38,800.00,true,false,false,20.00
211258000,211953000,695000,14000,15000,1.00,952.38,800.00,true,false,false,20.00
211953000,212648000,695000,10000,15000,1.00,1000.00,869.57,true,false,false,20.00
212648000,213346000,698000,11000,16000,1.00,1000.00,833.33,true,false,false,20.00
213346000,214041000,695000,14000,15000,1.00,1000.00,833.33,true,false,false,20.00
214041000,214736000,695000,10000,15000,1.00,1000.00,869.57,true,false,false,20.00
214736000,215437000,701000,12000,17000,1.00,1000.00,833.33,true,false,false,20.00
215437000,216132000,695000,14000,15000,1.00,1000.00,833.33,true,false,false,20.00
216132000,216828000,696000,10000,15000,1.00,1000.00,909.09,true,false,false,20.00
216828000,217529000,701000,11000,17000,1.00,1000.00,833.33,true,false,false,20.00
217529000,218148000,619000,14000,14000,1.00,1000.00,869.57,false,true,false,20.00
218148000,218846000,698000,12000,16000,1.00,1000.00,833.33,true,false,false,20.00
218846000,219542000,696000,14000,15000,1.00,1000.00,833.33,true,false,false,20.00
219542000,220237000,695000,14000,15000,1.00,1000.00,833.33,true,false,false,20.00
220237000,220932000,695000,14000,15000,1.00,1000.00,833.33,true,false,false,20.00
220932000,221628000,696000,14000,15000,1.00,1000.00,833.33,true,false,false,20.00
221628000,222323000,695000,14000,15000,1.00,1000.00,833.33,true,false,false,20.00
222323000,223018000,695000,14000,15000,1.00,1000.00,833.33,true,false,false,20.00
223018000,223713000,695000,14000,15000,1.00,1000.00,833.33,true,false,false,20.00
223713000,224408000,695000,14000,15000,1.00,1000.00,833.33,true,false,false,20.00
224408000,225103000,695000,14000,15000,1.00,1000.00,800.00,true,false,false,20.00
225103000,225798000,695000,14000,15000,1.00,1000.00,833.33,true,false,false,20.00
225798000,226493000,695000,14000,15000,1.00,1000.00,833.33,true,false,false,20.00
226493000,227188000,695000,14000,15000,1.00,1000.00,833.33,true,false,false,20.00
227188000,227883000,695000,14000,15000,1.00,1000.00,833.33,true,false,false,20.00
227883000,228578000,695000,14000,15000,1.00,1000.00,833.33,true,false,false,20.00
228578000,229273000,695000,14000,15000,1.00,1000.00,833.33,true,false,false,20.00
229273000,229968000,695000,14000,15000,1.00,1000.00,833.33,true,false,true,20.00
229968000,230663000,695000,14000,15000,1.40,833.33,833.33,true,false,false,20.00
230663000,231359000,696000,14000,15000,1.40,833.33,833.33,true,false,false,20.00
231359000,232055000,696000,14000,15000,1.40,833.33,833.33,true,false,false,20.00
232055000,232750000,695000,14000,15000,1.40,833.33,833.33,true,false,false,20.00
232750000,233445000,695000,10000,15000,1.00,952.38,869.57,true,false,false,20.00
233445000,234143000,698000,11000,16000,1.00,952.38,833.33,true,false,false,20.00
234143000,234868000,725000,14000,25000,1.00,952.38,606.06,true,false,false,20.00
234868000,235599000,731000,10000,27000,1.00,1000.00,952.38,true,false,false,20.00
235599000,236297000,698000,11000,16000,1.00,1000.00,833.33,true,false,false,20.00
236297000,236992000,695000,14000,15000,1.00,1000.00,800.00,true,false,false,20.00
236992000,237687000,695000,10000,15000,1.00,1000.00,869.57,true,false,false,20.00
237687000,238388000,701000,11000,17000,1.00,1000.00,833.33,true,false,false,20.00
238388000,239007000,619000,14000,14000,1.00,1000.00,869.57,false,true,false,20.00
239007000,239705000,698000,12000,16000,1.00,1000.00,833.33,true,false,false,20.00
239705000,240400000,695000,14000,15000,1.00,1000.00,833.33,true,false,false,20.00
240400000,241095000,695000,14000,15000,1.00,1000.00,833.33,true,false,false,20.00
241095000,241791000,696000,14000,15000,1.00,1000.00,800.00,true,false,false,20.00
241791000,242486000,695000,14000,15000,1.00,1000.00,833.33,true,false,false,20.00
242486000,243181000,695000,14000,15000,1.00,1000.00,833.33,true,false,false,20.00
243181000,243876000,695000,14000,15000,1.00,1000.00,833.33,true,false,false,20.00
243876000,244571000,695000,14000,15000,1.00,1000.00,833.33,true,false,false,20.00
244571000,245266000,695000,14000,15000,1.00,1000.00,833.33,true,false,false,20.00
245266000,245961000,695000,14000,15000,1.00,1000.00,833.33,true,false,false,20.00
245961000,246656000,695000,14000,15000,1.00,1000.00,833.33,true,false,false,20.00
246656000,247352000,696000,14000,15000,1.00,1000.00,833.33,true,false,false,20.00
247352000,248047000,695000,14000,15000,1.00,1000.00,833.33,true,false,false,20.00
248047000,248742000,695000,14000,15000,1.00,1000.00,833.33,true,false,false,20.00
248742000,249437000,695000,14000,15000,1.00,1000.00,833.33,true,false,false,20.00
249437000,250133000,696000,14000,15000,1.00,1000.00,833.33,true,false,false,20.00
250133000,250828000,695000,14000,15000,1.00,1000.00,800.00,true,false,true,20.00
250828000,251523000,695000,14000,15000,1.40,833.33,833.33,true,false,false,20.00
251523000,252218000,695000,14000,15000,1.40,833.33,833.33,true,false,false,20.00
252218000,252914000,696000,14000,15000,1.40,833.33,833.33,true,false,false,20.00
252914000,253609000,695000,14000,15000,1.40,833.33,833.33,true,false,false,20.00
253609000,254304000,695000,10000,15000,1.00,952.38,869.57,true,false,false,20.00
254304000,255002000,698000,12000,16000,1.00,952.38,833.33,true,false,false,20.00
255002000,255697000,695000,14000,15000,1.00,952.38,833.33,true,false,false,20.00
255697000,256392000,695000,10000,15000,1.00,1000.00,869.57,true,false,false,20.00
256392000,257093000,701000,11000,17000,1.00,1000.00,833.33,true,false,false,20.00
257093000,257788000,695000,14000,15000,1.00,1000.00,833.33,true,false,false,20.00
257788000,258483000,695000,10000,15000,1.00,1000.00,869.57,true,false,false,20.00
258483000,259184000,701000,10000,17000,1.00,1000.00,833.33,true,false,false,20.00
259184000,259802000,618000,15000,15000,1.00,1000.00,869.57,false,true,false,20.00
259802000,260500000,698000,12000,16000,1.00,1000.00,833.33,true,false,false,20.00
260500000,261231000,731000,14000,27000,1.00,1000.00,588.24,true,false,false,20.00
261231000,261956000,725000,10000,25000,1.00,1000.00,833.33,true,false,false,20.00
261956000,262651000,695000,14000,15000,1.00,1000.00,833.33,true,false,false,20.00
262651000,263346000,695000,14000,15000,1.00,1000.00,800.00,true,false,false,20.00
263346000,264041000,695000,14000,15000,1.00,1000.00,833.33,true,false,false,20.00
264041000,264737000,696000,14000,15000,1.00,1000.00,833.33,true,false,false,20.00
264737000,265432000,695000,14000,15000,1.00,1000.00,800.00,true,false,false,20.00
265432000,266127000,695000,14000,15000,1.00,1000.00,800.00,true,false,false,20.00
266127000,266822000,695000,14000,15000,1.00,1000.00,800.00,true,false,false,20.00
266822000,267517000,695000,14000,15000,1.00,1000.00,833.33,true,false,false,20.00
267517000,268212000,695000,14000,15000,1.00,1000.00,833.33,true,false,false,20.00
268212000,268907000,695000,14000,15000,1.00,1000.00,833.33,true,false,false,20.00
268907000,269603000,696000,14000,15000,1.00,1000.00,833.33,true,false,false,20.00
269603000,270298000,695000,14000,15000,1.00,1000.00,800.00,true,false,false,20.00
270298000,270993000,695000,14000,15000,1.00,1000.00,800.00,true,false,false,20.00
270993000,271688000,695000,14000,15000,1.00,1000.00,800.00,true,false,true,20.00
271688000,272383000,695000,14000,15000,1.40,833.33,833.33,true,false,false,20.00
272383000,273078000,695000,14000,15000,1.40,833.33,800.00,true,false,false,20.00
273078000,273773000,695000,14000,15000,1.40,833.33,800.00,true,false,false,20.00
273773000,274468000,695000,14000,15000,1.40,833.33,833.33,true,false,false,20.00
274468000,275164000,696000,10000,15000,1.00,1000.00,869.57,true,false,false,20.00
275164000,275865000,701000,12000,17000,1.00,1000.00,800.00,true,false,false,20.00
275865000,276560000,695000,14000,15000,1.00,1000.00,833.33,true,false,false,20.00
276560000,277255000,695000,10000,15000,1.00,1000.00,869.57,true,false,false,20.00
277255000,277956000,701000,10000,17000,1.00,1000.00,800.00,true,false,false,20.00
277956000,278652000,696000,14000,15000,1.00,1000.00,800.00,true,false,false,20.00
278652000,279347000,695000,14000,15000,1.00,1000.00,800.00,true,false,false,20.00
279347000,280052000,705000,10000,18000,1.00,1000.00,833.33,true,false,false,20.00
280052000,280672000,620000,14000,14000,1.00,1000.00,869.57,false,true,false,20.00
280672000,281370000,698000,13000,16000,1.00,1000.00,800.00,true,false,false,20.00
281370000,282065000,695000,14000,15000,1.00,1000.00,800.00,true,false,false,20.00
282065000,282760000,695000,14000,15000,1.00,1000.00,800.00,true,false,false,20.00
282760000,283456000,696000,14000,15000,1.00,1000.00,800.00,true,false,false,20.00
283456000,284151000,695000,14000,15000,1.00,1000.00,800.00,true,false,false,20.00
284151000,284846000,695000,14000,15000,1.00,1000.00,800.00,true,false,false,20.00
284846000,285541000,695000,14000,15000,1.00,1000.00,800.00,true,false,false,20.00
285541000,286279000,738000,14000,29000,1.00,1000.00,540.54,true,false,false,20.00
286279000,287019000,740000,10000,30000,1.00,1000.00,800.00,true,false,false,20.00
287019000,287714000,695000,14000,15000,1.00,1000.00,833.33,true,false,false,20.00
287714000,288409000,695000,14000,15000,1.00,1000.00,833.33,true,false,false,20.00
288409000,289104000,695000,14000,15000,1.00,1000.00,833.33,true,false,false,20.00
289104000,289799000,695000,14000,15000,1.00,1000.00,833.33,true,false,false,20.00
289799000,290494000,695000,14000,15000,1.00,1000.00,800.00,true,false,false,20.00
290494000,291189000,695000,14000,15000,1.00,1000.00,833.33,true,false,false,20.00
291189000,291884000,695000,14000,15000,1.00,1000.00,800.00,true,false,false,20.00
291884000,292579000,695000,14000,15000,1.00,1000.00,833.33,true,false,true,20.00
292579000,293275000,696000,14000,15000,1.40,833.33,833.33,true,false,false,20.00
293275000,293970000,695000,14000,15000,1.40,833.33,833.33,true,false,false,20.00
293970000,294665000,695000,14000,15000,1.40,833.33,833.33,true,false,false,20.00
294665000,295360000,695000,14000,15000,1.40,833.33,833.33,true,false,false,20.00
295360000,296055000,695000,10000,15000,1.00,952.38,909.09,true,false,false,20.00
296055000,296754000,699000,12000,16000,1.00,952.38,833.33,true,false,false,20.00
296754000,297449000,695000,14000,15000,1.00,952.38,833.33,true,false,false,20.00
297449000,298144000,695000,10000,15000,1.00,952.38,909.09,true,false,false,20.00
298144000,298845000,701000,11000,17000,1.00,952.38,833.33,true,false,false,20.00
298845000,299540000,695000,14000,15000,1.00,952.38,833.33,true,false,false,20.00
299540000,300235000,695000,14000,15000,1.00,952.38,833.33,true,false,false,20.00
300235000,300936000,701000,10000,17000,1.00,1000.00,800.00,true,false,false,20.00
300936000,301555000,619000,15000,15000,1.00,1000.00,833.33,false,true,false,20.00
301555000,302253000,698000,12000,16000,1.00,1000.00,833.33,true,false,false,20.00
302253000,302948000,695000,14000,15000,1.00,1000.00,800.00,true,false,false,20.00
302948000,303643000,695000,14000,15000,1.00,1000.00,833.33,true,false,false,20.00
303643000,304338000,695000,14000,15000,1.00,1000.00,833.33,true,false,false,20.00
304338000,305033000,695000,14000,15000,1.00,1000.00,833.33,true,false,false,20.00
305033000,305728000,695000,14000,15000,1.00,1000.00,833.33,true,false,false,20.00
305728000,306423000,695000,14000,15000,1.00,1000.00,833.33,true,false,false,20.00
306423000,307118000,695000,14000,15000,1.00,1000.00,833.33,true,false,false,20.00
307118000,307813000,695000,14000,15000,1.00,1000.00,833.33,true,false,false,20.00
307813000,308509000,696000,14000,15000,1.00,1000.00,800.00,true,false,false,20.00
308509000,309204000,695000,14000,15000,1.00,1000.00,833.33,true,false,false,20.00
309204000,309899000,695000,14000,15000,1.00,1000.00,800.00,true,false,false,20.00
309899000,310594000,695000,14000,15000,1.00,1000.00,833.33,true,false,false,20.00
310594000,311289000,695000,14000,15000,1.00,1000.00,833.33,true,false,false,20.00
311289000,312024000,735000,14000,28000,1.00,1000.00,555.56,true,false,false,20.00
312024000,312753000,729000,10000,26000,1.00,1000.00,800.00,true,false,false,20.00
312753000,313448000,695000,14000,15000,1.00,1000.00,800.00,true,false,true,20.00
313448000,314143000,695000,14000,15000,1.40,833.33,800.00,true,false,false,20.00
314143000,314838000,695000,14000,15000,1.40,833.33,800.00,true,false,false,20.00
314838000,315533000,695000,14000,15000,1.40,833.33,800.00,true,false,false,20.00
315533000,316228000,695000,14000,15000,1.40,833.33,800.00,true,false,false,20.00
316228000,316923000,695000,10000,15000,1.00,952.38,909.09,true,false,false,20.00
316923000,317624000,701000,12000,17000,1.00,952.38,800.00,true,false,false,20.00
317624000,318319000,695000,14000,15000,1.00,952.38,833.33,true,false,false,20.00
318319000,319014000,695000,10000,15000,1.00,1000.00,1000.00,true,false,false,20.00
319014000,319715000,701000,10000,17000,1.00,1000.00,800.00,true,false,false,20.00
319715000,320410000,695000,14000,15000,1.00,1000.00,800.00,true,false,false,20.00
320410000,321105000,695000,14000,15000,1.00,1000.00,800.00,true,false,false,20.00
321105000,321809000,704000,10000,18000,1.00,1000.00,800.00,true,false,false,20.00
321809000,322430000,621000,15000,15000,1.00,1000.00,869.57,false,true,false,20.00
322430000,323128000,698000,13000,16000,1.00,1000.00,800.00,true,false,false,20.00
323128000,323823000,695000,14000,15000,1.00,1000.00,833.33,true,false,false,20.00
323823000,324518000,695000,14000,15000,1.00,1000.00,800.00,true,false,false,20.00
324518000,325213000,695000,14000,15000,1.00,1000.00,833.33,true,false,false,20.00
325213000,325908000,695000,14000,15000,1.00,1000.00,833.33,true,false,false,20.00
325908000,326603000,695000,14000,15000,1.00,1000.00,800.00,true,false,false,20.00
326603000,327298000,695000,14000,15000,1.00,1000.00,833.33,true,false,false,20.00
327298000,327993000,695000,14000,15000,1.00,1000.00,800.00,true,false,false,20.00
327993000,328688000,695000,14000,15000,1.00,1000.00,800.00,true,false,false,20.00
328688000,329383000,695000,14000,15000,1.00,1000.00,800.00,true,false,false,20.00
329383000,330078000,695000,14000,15000,1.00,1000.00,800.00,true,false,false,20.00
330078000,330773000,695000,14000,15000,1.00,1000.00,800.00,true,false,false,20.00
330773000,331468000,695000,14000,15000,1.00,1000.00,800.00,true,false,false,20.00
331468000,332163000,695000,14000,15000,1.00,1000.00,800.00,true,false,false,20.00
332163000,332858000,695000,14000,15000,1.00,1000.00,800.00,true,false,false,20.00
332858000,333553000,695000,14000,15000,1.00,1000.00,833.33,true,false,false,20.00
333553000,334248000,695000,14000,15000,1.00,1000.00,800.00,true,false,true,20.00
334248000,334943000,695000,14000,15000,1.40,833.33,800.00,true,false,false,20.00
334943000,335638000,695000,14000,15000,1.40,833.33,833.33,true,false,false,20.00
335638000,336333000,695000,14000,15000,1.40,833.33,833.33,true,false,false,20.00
336333000,337074000,741000,14000,30000,1.40,833.33,540.54,true,false,false,20.00
337074000,337808000,734000,10000,28000,1.00,1000.00,869.57,true,false,false,20.00
337808000,338506000,698000,12000,16000,1.00,1000.00,833.33,true,false,false,20.00
338506000,339201000,695000,14000,15000,1.00,1000.00,833.33,true,false,false,20.00
339201000,339896000,695000,13000,15000,1.00,1000.00,833.33,true,false,false,20.00
339896000,340597000,701000,10000,17000,1.00,1000.00,833.33,true,false,false,20.00
340597000,341292000,695000,13000,15000,1.00,1000.00,833.33,true,false,false,20.00
341292000,341987000,695000,14000,15000,1.00,1000.00,833.33,true,false,false,20.00
341987000,342688000,701000,10000,17000,1.00,1000.00,833.33,true,false,false,20.00
342688000,343308000,620000,15000,15000,1.00,1000.00,833.33,false,true,false,20.00
343308000,344006000,698000,12000,16000,1.00,1000.00,833.33,true,false,false,20.00
344006000,344701000,695000,14000,15000,1.00,1000.00,833.33,true,false,false,20.00
344701000,345396000,695000,14000,15000,1.00,1000.00,833.33,true,false,false,20.00
345396000,346092000,696000,14000,15000,1.00,1000.00,833.33,true,false,false,20.00
346092000,346787000,695000,14000,15000,1.00,1000.00,833.33,true,false,false,20.00
346787000,347483000,696000,14000,15000,1.00,1000.00,833.33,true,false,false,20.00
347483000,348178000,695000,14000,15000,1.00,1000.00,833.33,true,false,false,20.00
348178000,348873000,695000,14000,15000,1.00,1000.00,833.33,true,false,false,20.00
348873000,349568000,695000,14000,15000,1.00,1000.00,833.33,true,false,false,20.00
349568000,350263000,695000,14000,15000,1.00,1000.00,833.33,true,false,false,20.00
350263000,350959000,696000,14000,15000,1.00,1000.00,833.33,true,false,false,20.00
350959000,351654000,695000,14000,15000,1.00,1000.00,800.00,true,false,false,20.00
351654000,352349000,695000,14000,15000,1.00,1000.00,800.00,true,false,false,20.00
352349000,353044000,695000,14000,15000,1.00,1000.00,800.00,true,false,false,20.00
353044000,353739000,695000,14000,15000,1.00,1000.00,800.00,true,false,false,20.00
353739000,354435000,696000,14000,15000,1.00,1000.00,800.00,true,false,false,20.00
354435000,355130000,695000,14000,15000,1.00,1000.00,833.33,true,false,true,20.00
355130000,355825000,695000,14000,15000,1.40,833.33,833.33,true,false,false,20.00
355825000,356520000,695000,14000,15000,1.40,833.33,833.33,true,false,false,20.00
356520000,357215000,695000,14000,15000,1.40,833.33,833.33,true,false,false,20.00
357215000,357910000,695000,14000,15000,1.40,833.33,833.33,true,false,false,20.00
357910000,358606000,696000,10000,15000,1.00,1000.00,909.09,true,false,false,20.00
358606000,359307000,701000,12000,17000,1.00,1000.00,833.33,true,false,false,20.00
359307000,360002000,695000,14000,15000,1.00,1000.00,833.33,true,false,false,20.00
360002000,360697000,695000,12000,15000,1.00,1000.00,833.33,true,false,false,20.00
360697000,361398000,701000,10000,17000,1.00,1000.00,869.57,true,false,false,20.00
361398000,362093000,695000,14000,15000,1.00,1000.00,833.33,true,false,false,20.00
362093000,362827000,734000,14000,28000,1.00,1000.00,571.43,true,false,false,20.00
362827000,363555000,728000,10000,26000,1.00,1000.00,833.33,true,false,false,20.00
363555000,364175000,620000,16000,16000,1.00,1000.00,869.57,false,true,false,20.00
364175000,364873000,698000,12000,16000,1.00,1000.00,800.00,true,false,false,20.00
364873000,365568000,695000,14000,15000,1.00,1000.00,800.00,true,false,false,20.00
365568000,366263000,695000,14000,15000,1.00,1000.00,800.00,true,false,false,20.00
366263000,366958000,695000,14000,15000,1.00,1000.00,833.33,true,false,false,20.00
366958000,367654000,696000,14000,15000,1.00,1000.00,833.33,true,false,false,20.00
367654000,368349000,695000,14000,15000,1.00,1000.00,833.33,true,false,false,20.00
368349000,369044000,695000,14000,15000,1.00,1000.00,833.33,true,false,false,20.00
369044000,369739000,695000,14000,15000,1.00,1000.00,833.33,true,false,false,20.00
369739000,370435000,696000,14000,15000,1.00,1000.00,800.00,true,false,false,20.00
370435000,371130000,695000,14000,15000,1.00,1000.00,800.00,true,false,false,20.00
371130000,371826000,696000,14000,15000,1.00,1000.00,800.00,true,false,false,20.00
371826000,372522000,696000,14000,15000,1.00,1000.00,800.00,true,false,false,20.00
372522000,373217000,695000,14000,15000,1.00,1000.00,800.00,true,false,false,20.00
373217000,373912000,695000,14000,15000,1.00,1000.00,800.00,true,false,false,20.00
373912000,374607000,695000,14000,15000,1.00,1000.00,800.00,true,false,false,20.00
374607000,375302000,695000,14000,15000,1.00,1000.00,800.00,true,false,false,20.00
375302000,375997000,695000,14000,15000,1.00,1000.00,800.00,true,false,true,20.00
375997000,376693000,696000,14000,15000,1.40,833.33,800.00,true,false,false,20.00
376693000,377388000,695000,14000,15000,1.40,833.33,800.00,true,false,false,20.00
377388000,378083000,695000,14000,15000,1.40,833.33,800.00,true,false,false,20.00
378083000,378778000,695000,14000,15000,1.40,833.33,800.00,true,false,false,20.00
378778000,379473000,695000,10000,15000,1.00,1000.00,869.57,true,false,false,20.00
379473000,380174000,701000,12000,17000,1.00,1000.00,800.00,true,false,false,20.00
380174000,380869000,695000,14000,15000,1.00,1000.00,800.00,true,false,false,20.00
380869000,381564000,695000,14000,15000,1.00,1000.00,800.00,true,false,false,20.00
381564000,382265000,701000,10000,17000,1.00,1000.00,800.00,true,false,false,20.00
382265000,382960000,695000,14000,15000,1.00,1000.00,800.00,true,false,false,20.00
382960000,383655000,695000,14000,15000,1.00,1000.00,800.00,true,false,false,20.00
383655000,384359000,704000,10000,18000,1.00,1000.00,769.23,true,false,false,20.00
384359000,384981000,622000,15000,15000,1.00,1000.00,833.33,false,true,false,20.00
384981000,385679000,698000,13000,16000,1.00,1000.00,800.00,true,false,false,20.00
385679000,386375000,696000,14000,15000,1.00,1000.00,800.00,true,false,false,20.00
386375000,387071000,696000,14000,15000,1.00,1000.00,800.00,true,false,false,20.00
387071000,387766000,695000,14000,15000,1.00,1000.00,833.33,true,false,false,20.00
387766000,388503000,737000,10000,29000,1.00,1000.00,869.57,true,false,false,20.00
388503000,389201000,698000,14000,16000,1.00,1000.00,800.00,true,false,false,20.00
389201000,389896000,695000,14000,15000,1.00,1000.00,800.00,true,false,false,20.00
389896000,390591000,695000,14000,15000,1.00,1000.00,800.00,true,false,false,20.00
390591000,391286000,695000,14000,15000,1.00,1000.00,833.33,true,false,false,20.00
391286000,391981000,695000,14000,15000,1.00,1000.00,833.33,true,false,false,20.00
391981000,392676000,695000,14000,15000,1.00,1000.00,833.33,true,false,false,20.00
392676000,393371000,695000,14000,15000,1.00,1000.00,833.33,true,false,false,20.00
393371000,394066000,695000,14000,15000,1.00,1000.00,833.33,true,false,false,20.00
394066000,394761000,695000,14000,15000,1.00,1000.00,800.00,true,false,false,20.00
394761000,395456000,695000,14000,15000,1.00,1000.00,800.00,true,false,false,20.00
395456000,396151000,695000,14000,15000,1.00,1000.00,800.00,true,false,false,20.00
396151000,396846000,695000,14000,15000,1.00,1000.00,800.00,true,false,true,20.00
396846000,397541000,695000,14000,15000,1.40,833.33,800.00,true,false,false,20.00
397541000,398237000,696000,14000,15000,1.40,833.33,800.00,true,false,false,20.00
398237000,398932000,695000,14000,15000,1.40,833.33,800.00,true,false,false,20.00
398932000,399627000,695000,14000,15000,1.40,833.33,800.00,true,false,false,20.00
399627000,400322000,695000,10000,15000,1.00,1000.00,869.57,true,false,false,20.00
400322000,401023000,701000,12000,17000,1.00,1000.00,800.00,true,false,false,20.00
401023000,401718000,695000,14000,15000,1.00,1000.00,800.00,true,false,false,20.00
401718000,402413000,695000,14000,15000,1.00,1000.00,800.00,true,false,false,20.00
402413000,403114000,701000,10000,17000,1.00,1000.00,869.57,true,false,false,20.00
403114000,403812000,698000,14000,16000,1.00,1000.00,833.33,true,false,false,20.00
403812000,404508000,696000,14000,15000,1.00,1000.00,833.33,true,false,false,20.00
404508000,405213000,705000,10000,18000,1.00,1000.00,869.57,true,false,false,20.00
405213000,405834000,621000,14000,14000,1.00,1000.00,833.33,false,true,false,20.00
405834000,406533000,699000,12000,16000,1.00,1000.00,800.00,true,false,false,20.00
406533000,407229000,696000,14000,15000,1.00,1000.00,800.00,true,false,false,20.00
407229000,407925000,696000,14000,15000,1.00,1000.00,800.00,true,false,false,20.00
407925000,408620000,695000,14000,15000,1.00,1000.00,800.00,true,false,false,20.00
408620000,409316000,696000,14000,15000,1.00,1000.00,800.00,true,false,false,20.00
409316000,410011000,695000,14000,15000,1.00,1000.00,800.00,true,false,false,20.00
410011000,410706000,695000,14000,15000,1.00,1000.00,800.00,true,false,false,20.00
410706000,411401000,695000,14000,15000,1.00,1000.00,800.00,true,false,false,20.00
411401000,412097000,696000,14000,15000,1.00,1000.00,800.00,true,false,false,20.00
412097000,412793000,696000,14000,15000,1.00,1000.00,800.00,true,false,false,20.00
412793000,413533000,740000,14000,30000,1.00,1000.00,540.54,true,false,false,20.00
413533000,414268000,735000,10000,28000,1.00,1000.00,800.00,true,false,false,20.00
414268000,414963000,695000,14000,15000,1.00,1000.00,833.33,true,false,false,20.00
414963000,415658000,695000,14000,15000,1.00,1000.00,800.00,true,false,false,20.00
415658000,416353000,695000,14000,15000,1.00,1000.00,833.33,true,false,false,20.00
416353000,417048000,695000,14000,15000,1.00,1000.00,833.33,true,false,false,20.00
417048000,417743000,695000,14000,15000,1.00,1000.00,833.33,true,false,true,20.00
417743000,418438000,695000,14000,15000,1.40,833.33,800.00,true,false,false,20.00
418438000,419133000,695000,14000,15000,1.40,833.33,833.33,true,false,false,20.00
419133000,419829000,696000,14000,15000,1.40,833.33,833.33,true,false,false,20.00
419829000,420524000,695000,14000,15000,1.40,833.33,833.33,true,false,false,20.00
420524000,421219000,695000,10000,15000,1.00,952.38,909.09,true,false,false,20.00
421219000,421917000,698000,12000,16000,1.00,952.38,833.33,true,false,false,20.00
421917000,422612000,695000,14000,15000,1.00,952.38,833.33,true,false,false,20.00
422612000,423307000,695000,14000,15000,1.00,952.38,833.33,true,false,false,20.00
423307000,424009000,702000,10000,17000,1.00,952.38,833.33,true,false,false,20.00
424009000,424704000,695000,12000,15000,1.00,952.38,833.33,true,false,false,20.00
424704000,425399000,695000,14000,15000,1.00,952.38,833.33,true,false,false,20.00
425399000,426100000,701000,10000,17000,1.00,1000.00,833.33,true,false,false,20.00
426100000,426719000,619000,13000,13000,1.00,1000.00,869.57,false,true,false,20.00
426719000,427418000,699000,12000,16000,1.00,1000.00,833.33,true,false,false,20.00
427418000,428113000,695000,14000,15000,1.00,1000.00,800.00,true,false,false,20.00
428113000,428808000,695000,14000,15000,1.00,1000.00,833.33,true,false,false,20.00
428808000,429503000,695000,14000,15000,1.00,1000.00,833.33,true,false,false,20.00
429503000,430198000,695000,14000,15000,1.00,1000.00,833.33,true,false,false,20.00
430198000,430893000,695000,14000,15000,1.00,1000.00,833.33,true,false,false,20.00
430893000,431588000,695000,14000,15000,1.00,1000.00,833.33,true,false,false,20.00
431588000,432283000,695000,14000,15000,1.00,1000.00,833.33,true,false,false,20.00
432283000,432978000,695000,14000,15000,1.00,1000.00,833.33,true,false,false,20.00
432978000,433674000,696000,14000,15000,1.00,1000.00,800.00,true,false,false,20.00
433674000,434369000,695000,14000,15000,1.00,1000.00,833.33,true,false,false,20.00
434369000,435064000,695000,14000,15000,1.00,1000.00,800.00,true,false,false,20.00
435064000,435759000,695000,14000,15000,1.00,1000.00,833.33,true,false,false,20.00
435759000,436454000,695000,14000,15000,1.00,1000.00,833.33,true,false,false,20.00
436454000,437149000,695000,14000,15000,1.00,1000.00,833.33,true,false,false,20.00
437149000,437844000,695000,14000,15000,1.00,1000.00,833.33,true,false,false,20.00
437844000,438579000,735000,14000,28000,1.00,1000.00,526.32,true,false,true,20.00
438579000,439313000,734000,10000,28000,1.00,952.38,833.33,true,false,false,20.00
439313000,440008000,695000,14000,15000,1.00,952.38,833.33,true,false,false,20.00
440008000,440703000,695000,14000,15000,1.00,952.38,833.33,true,false,false,20.00
440703000,441398000,695000,14000,15000,1.00,952.38,833.33,true,false,false,20.00
441398000,442093000,695000,10000,15000,1.00,1000.00,869.57,true,false,false,20.00
442093000,442794000,701000,12000,17000,1.00,1000.00,833.33,true,false,false,20.00
442794000,443489000,695000,14000,15000,1.00,1000.00,800.00,true,false,false,20.00
443489000,444184000,695000,14000,15000,1.00,1000.00,833.33,true,false,false,20.00
444184000,444880000,696000,10000,15000,1.00,1000.00,869.57,true,false,false,20.00
444880000,445581000,701000,13000,17000,1.00,1000.00,800.00,true,false,false,20.00
445581000,446276000,695000,14000,15000,1.00,1000.00,833.33,true,false,false,20.00
446276000,446980000,704000,10000,18000,1.00,1000.00,714.29,true,false,false,20.00
446980000,447599000,619000,14000,14000,1.00,1000.00,869.57,false,true,false,20.00
447599000,448297000,698000,13000,16000,1.00,1000.00,800.00,true,false,false,20.00
448297000,448992000,695000,14000,15000,1.00,1000.00,833.33,true,false,false,20.00
448992000,449687000,695000,14000,15000,1.00,1000.00,800.00,true,false,false,20.00
449687000,450382000,695000,14000,15000,1.00,1000.00,833.33,true,false,false,20.00
450382000,451077000,695000,14000,15000,1.00,1000.00,833.33,true,false,false,20.00
451077000,451772000,695000,14000,15000,1.00,1000.00,800.00,true,false,false,20.00
451772000,452467000,695000,14000,15000,1.00,1000.00,833.33,true,false,false,20.00
452467000,453163000,696000,14000,15000,1.00,1000.00,800.00,true,false,false,20.00
453163000,453859000,696000,14000,15000,1.00,1000.00,800.00,true,false,false,20.00
453859000,454554000,695000,14000,15000,1.00,1000.00,800.00,true,false,false,20.00
454554000,455249000,695000,14000,15000,1.00,1000.00,800.00,true,false,false,20.00
455249000,455944000,695000,14000,15000,1.00,1000.00,800.00,true,false,false,20.00
455944000,456640000,696000,14000,15000,1.00,1000.00,800.00,true,false,false,20.00
456640000,457335000,695000,14000,15000,1.00,1000.00,800.00,true,false,false,20.00
457335000,458031000,696000,14000,15000,1.00,1000.00,800.00,true,false,false,20.00
458031000,458727000,696000,14000,15000,1.00,1000.00,800.00,true,false,false,20.00
458727000,459422000,695000,14000,15000,1.00,1000.00,800.00,true,false,true,20.00
459422000,460117000,695000,14000,15000,1.40,833.33,800.00,true,false,false,20.00
460117000,460812000,695000,14000,15000,1.40,833.33,833.33,true,false,false,20.00
460812000,461507000,695000,14000,15000,1.40,833.33,833.33,true,false,false,20.00
461507000,462202000,695000,14000,15000,1.40,833.33,833.33,true,false,false,20.00
462202000,462897000,695000,10000,15000,1.00,1000.00,909.09,true,false,false,20.00
462897000,463598000,701000,12000,17000,1.00,1000.00,800.00,true,false,false,20.00
463598000,464336000,738000,14000,29000,1.00,1000.00,555.56,true,false,false,20.00
464336000,465067000,731000,10000,27000,1.00,1000.00,800.00,true,false,false,20.00
465067000,465762000,695000,10000,15000,1.00,1000.00,869.57,true,false,false,20.00
465762000,466463000,701000,12000,17000,1.00,1000.00,800.00,true,false,false,20.00
466463000,467158000,695000,14000,15000,1.00,1000.00,800.00,true,false,false,20.00
467158000,467862000,704000,10000,18000,1.00,1000.00,714.29,true,false,false,20.00
467862000,468482000,620000,18000,18000,1.00,1000.00,833.33,false,true,false,20.00
468482000,469180000,698000,13000,16000,1.00,1000.00,800.00,true,false,false,20.00
469180000,469876000,696000,14000,15000,1.00,1000.00,800.00,true,false,false,20.00
469876000,470572000,696000,14000,15000,1.00,1000.00,800.00,true,false,false,20.00
470572000,471268000,696000,14000,15000,1.00,1000.00,833.33,true,false,false,20.00
471268000,471963000,695000,14000,15000,1.00,1000.00,833.33,true,false,false,20.00
471963000,472658000,695000,14000,15000,1.00,1000.00,833.33,true,false,false,20.00
472658000,473353000,695000,14000,15000,1.00,1000.00,833.33,true,false,false,20.00
473353000,474049000,696000,14000,15000,1.00,1000.00,833.33,true,false,false,20.00
474049000,474744000,695000,14000,15000,1.00,1000.00,800.00,true,false,false,20.00
474744000,475440000,696000,14000,15000,1.00,1000.00,800.00,true,false,false,20.00
475440000,476135000,695000,14000,15000,1.00,1000.00,800.00,true,false,false,20.00
476135000,476830000,695000,14000,15000,1.00,1000.00,800.00,true,false,false,20.00
476830000,477525000,695000,14000,15000,1.00,1000.00,800.00,true,false,false,20.00
477525000,478220000,695000,14000,15000,1.00,1000.00,800.00,true,false,false,20.00
478220000,478915000,695000,14000,15000,1.00,1000.00,800.00,true,false,false,20.00
478915000,479611000,696000,14000,15000,1.00,1000.00,800.00,true,false,false,20.00
479611000,480307000,696000,14000,15000,1.00,1000.00,800.00,true,false,true,20.00
480307000,481002000,695000,14000,15000,1.40,833.33,833.33,true,false,false,20.00
481002000,481697000,695000,14000,15000,1.40,833.33,833.33,true,false,false,20.00
481697000,482392000,695000,14000,15000,1.40,833.33,833.33,true,false,false,20.00
482392000,483088000,696000,14000,15000,1.40,833.33,833.33,true,false,false,20.00
483088000,483783000,695000,10000,15000,1.00,952.38,869.57,true,false,false,20.00
483783000,484485000,702000,12000,17000,1.00,952.38,800.00,true,false,false,20.00
484485000,485180000,695000,14000,15000,1.00,952.38,800.00,true,false,false,20.00
485180000,485876000,696000,14000,15000,1.00,952.38,800.00,true,false,false,20.00
485876000,486572000,696000,10000,15000,1.00,1000.00,869.57,true,false,false,20.00
486572000,487274000,702000,12000,17000,1.00,1000.00,800.00,true,false,false,20.00
487274000,487969000,695000,14000,15000,1.00,1000.00,800.00,true,false,false,20.00
487969000,488673000,704000,10000,18000,1.00,1000.00,740.74,true,false,false,20.00
488673000,489293000,620000,18000,18000,1.00,1000.00,833.33,false,true,false,20.00
489293000,490015000,722000,12000,24000,1.00,1000.00,645.16,true,false,false,20.00
490015000,490750000,735000,10000,28000,1.00,1000.00,833.33,true,false,false,20.00
490750000,491445000,695000,14000,15000,1.00,1000.00,800.00,true,false,false,20.00
491445000,492140000,695000,14000,15000,1.00,1000.00,833.33,true,false,false,20.00
492140000,492835000,695000,14000,15000,1.00,1000.00,800.00,true,false,false,20.00
492835000,493531000,696000,14000,15000,1.00,1000.00,833.33,true,false,false,20.00
493531000,494226000,695000,14000,15000,1.00,1000.00,833.33,true,false,false,20.00
494226000,494921000,695000,14000,15000,1.00,1000.00,800.00,true,false,false,20.00
494921000,495616000,695000,14000,15000,1.00,1000.00,833.33,true,false,false,20.00
495616000,496311000,695000,14000,15000,1.00,1000.00,800.00,true,false,false,20.00
496311000,497006000,695000,14000,15000,1.00,1000.00,833.33,true,false,false,20.00
497006000,497701000,695000,14000,15000,1.00,1000.00,800.00,true,false,false,20.00
497701000,498396000,695000,14000,15000,1.00,1000.00,833.33,true,false,false,20.00
498396000,499091000,695000,14000,15000,1.00,1000.00,833.33,true,false,false,20.00
499091000,499787000,696000,14000,15000,1.00,1000.00,800.00,true,false,false,20.00
499787000,500482000,695000,14000,15000,1.00,1000.00,833.33,true,false,false,20.00
500482000,501177000,695000,14000,15000,1.00,1000.00,800.00,true,false,true,20.00
501177000,501872000,695000,14000,15000,1.40,833.33,833.33,true,false,false,20.00
501872000,502567000,695000,14000,15000,1.40,833.33,833.33,true,false,false,20.00
502567000,503262000,695000,14000,15000,1.40,833.33,800.00,true,false,false,20.00
503262000,503957000,695000,14000,15000,1.40,833.33,833.33,true,false,false,20.00
503957000,504655000,698000,10000,16000,1.00,952.38,769.23,true,false,false,20.00
504655000,505353000,698000,13000,16000,1.00,952.38,833.33,true,false,false,20.00
505353000,506048000,695000,14000,15000,1.00,952.38,833.33,true,false,false,20.00
506048000,506743000,695000,14000,15000,1.00,952.38,833.33,true,false,false,20.00
506743000,507438000,695000,10000,15000,1.00,952.38,909.09,true,false,false,20.00
507438000,508139000,701000,12000,17000,1.00,952.38,800.00,true,false,false,20.00
508139000,508835000,696000,14000,15000,1.00,952.38,833.33,true,false,false,20.00
508835000,509531000,696000,10000,15000,1.00,1000.00,909.09,true,false,false,20.00
509531000,510150000,619000,15000,15000,1.00,1000.00,869.57,false,true,false,20.00
510150000,510848000,698000,12000,16000,1.00,1000.00,833.33,true,false,false,20.00
510848000,511543000,695000,14000,15000,1.00,1000.00,833.33,true,false,false,20.00
511543000,512238000,695000,14000,15000,1.00,1000.00,833.33,true,false,false,20.00
512238000,512934000,696000,14000,15000,1.00,1000.00,833.33,true,false,false,20.00
512934000,513629000,695000,14000,15000,1.00,1000.00,833.33,true,false,false,20.00
513629000,514324000,695000,14000,15000,1.00,1000.00,833.33,true,false,false,20.00
514324000,515019000,695000,14000,15000,1.00,1000.00,833.33,true,false,false,20.00
515019000,515754000,735000,14000,28000,1.00,1000.00,555.56,true,false,false,20.00
515754000,516482000,728000,10000,26000,1.00,1000.00,833.33,true,false,false,20.00
516482000,517178000,696000,14000,15000,1.00,1000.00,833.33,true,false,false,20.00
517178000,517873000,695000,14000,15000,1.00,1000.00,833.33,true,false,false,20.00
517873000,518568000,695000,14000,15000,1.00,1000.00,800.00,true,false,false,20.00
518568000,519263000,695000,14000,15000,1.00,1000.00,800.00,true,false,false,20.00
519263000,519958000,695000,14000,15000,1.00,1000.00,800.00,true,false,false,20.00
519958000,520654000,696000,14000,15000,1.00,1000.00,800.00,true,false,false,20.00
520654000,521349000,695000,14000,15000,1.00,1000.00,800.00,true,false,false,20.00
521349000,522044000,695000,14000,15000,1.00,1000.00,833.33,true,false,true,20.00
522044000,522739000,695000,14000,15000,1.40,833.33,833.33,true,false,false,20.00
522739000,523434000,695000,14000,15000,1.40,833.33,833.33,true,false,false,20.00
523434000,524129000,695000,14000,15000,1.40,833.33,833.33,true,false,false,20.00
524129000,524824000,695000,14000,15000,1.40,833.33,833.33,true,false,false,20.00
524824000,525522000,698000,10000,16000,1.00,1000.00,833.33,true,false,false,20.00
525522000,526217000,695000,13000,15000,1.00,1000.00,833.33,true,false,false,20.00
526217000,526912000,695000,14000,15000,1.00,1000.00,833.33,true,false,false,20.00
526912000,527607000,695000,14000,15000,1.00,1000.00,833.33,true,false,false,20.00
527607000,528302000,695000,10000,15000,1.00,1000.00,909.09,true,false,false,20.00
528302000,529003000,701000,12000,17000,1.00,1000.00,833.33,true,false,false,20.00
529003000,529698000,695000,14000,15000,1.00,1000.00,833.33,true,false,false,20.00
529698000,530393000,695000,10000,15000,1.00,1000.00,909.09,true,false,false,20.00
530393000,531008000,615000,12000,12000,1.00,1000.00,869.57,false,true,false,20.00
531008000,531706000,698000,12000,16000,1.00,1000.00,833.33,true,false,false,20.00
531706000,532401000,695000,14000,15000,1.00,1000.00,833.33,true,false,false,20.00
532401000,533097000,696000,14000,15000,1.00,1000.00,833.33,true,false,false,20.00
533097000,533792000,695000,14000,15000,1.00,1000.00,833.33,true,false,false,20.00
533792000,534488000,696000,14000,15000,1.00,1000.00,833.33,true,false,false,20.00
534488000,535183000,695000,14000,15000,1.00,1000.00,833.33,true,false,false,20.00
535183000,535878000,695000,14000,15000,1.00,1000.00,833.33,true,false,false,20.00
535878000,536574000,696000,14000,15000,1.00,1000.00,833.33,true,false,false,20.00
536574000,537269000,695000,14000,15000,1.00,1000.00,833.33,true,false,false,20.00
537269000,537964000,695000,14000,15000,1.00,1000.00,833.33,true,false,false,20.00
537964000,538659000,695000,14000,15000,1.00,1000.00,833.33,true,false,false,20.00
538659000,539354000,695000,14000,15000,1.00,1000.00,800.00,true,false,false,20.00
539354000,540049000,695000,14000,15000,1.00,1000.00,800.00,true,false,false,20.00
540049000,540759000,710000,14000,20000,1.00,1000.00,714.29,true,false,false,20.00
540759000,541493000,734000,10000,28000,1.00,1000.00,800.00,true,false,false,20.00
541493000,542189000,696000,13000,15000,1.00,1000.00,833.33,true,false,false,20.00
542189000,542884000,695000,14000,15000,1.00,1000.00,833.33,true,false,true,20.00
542884000,543579000,695000,14000,15000,1.40,833.33,833.33,true,false,false,20.00
543579000,544274000,695000,14000,15000,1.40,833.33,833.33,true,false,false,20.00
544274000,544969000,695000,14000,15000,1.40,833.33,833.33,true,false,false,20.00
544969000,545664000,695000,10000,15000,1.00,1000.00,869.57,true,false,false,20.00
545664000,546362000,698000,11000,16000,1.00,1000.00,833.33,true,false,false,20.00
546362000,547054000,692000,14000,14000,1.00,1000.00,833.33,true,false,false,20.00
547054000,547747000,693000,14000,14000,1.00,1000.00,833.33,true,false,false,20.00
547747000,548439000,692000,14000,14000,1.00,1000.00,833.33,true,false,false,20.00
548439000,549131000,692000,10000,14000,1.00,1000.00,869.57,true,false,false,20.00
549131000,549832000,701000,11000,17000,1.00,1000.00,833.33,true,false,false,20.00
549832000,550524000,692000,14000,14000,1.00,1000.00,833.33,true,false,false,20.00
550524000,551216000,692000,10000,14000,1.00,1000.00,869.57,true,false,false,20.00
551216000,551833000,617000,12000,12000,1.00,1000.00,869.57,false,true,false,20.00
551833000,552532000,699000,12000,16000,1.00,1000.00,833.33,true,false,false,20.00
552532000,553224000,692000,14000,14000,1.00,1000.00,833.33,true,false,false,20.00
553224000,553916000,692000,14000,14000,1.00,1000.00,833.33,true,false,false,20.00
553916000,554609000,693000,14000,14000,1.00,1000.00,833.33,true,false,false,20.00
554609000,555301000,692000,14000,14000,1.00,1000.00,833.33,true,false,false,20.00
555301000,555993000,692000,14000,14000,1.00,1000.00,833.33,true,false,false,20.00
555993000,556685000,692000,14000,14000,1.00,1000.00,833.33,true,false,false,20.00
556685000,557377000,692000,14000,14000,1.00,1000.00,833.33,true,false,false,20.00
557377000,558069000,692000,14000,14000,1.00,1000.00,833.33,true,false,false,20.00
558069000,558761000,692000,14000,14000,1.00,1000.00,833.33,true,false,false,20.00
558761000,559453000,692000,14000,14000,1.00,1000.00,833.33,true,false,false,20.00
559453000,560145000,692000,14000,14000,1.00,1000.00,833.33,true,false,false,20.00
560145000,560837000,692000,14000,14000,1.00,1000.00,833.33,true,false,false,20.00
560837000,561529000,692000,14000,14000,1.00,1000.00,833.33,true,false,false,20.00
561529000,562221000,692000,14000,14000,1.00,1000.00,833.33,true,false,false,20.00
562221000,562913000,692000,14000,14000,1.00,1000.00,833.33,true,false,false,20.00
562913000,563605000,692000,14000,14000,1.00,1000.00,833.33,true,false,true,20.00
563605000,564297000,692000,14000,14000,1.40,833.33,833.33,true,false,false,20.00
564297000,564989000,692000,14000,14000,1.40,833.33,833.33,true,false,false,20.00
564989000,565681000,692000,14000,14000,1.40,833.33,833.33,true,false,false,20.00
565681000,566374000,693000,10000,14000,1.00,1000.00,1000.00,true,false,false,20.00
566374000,567105000,731000,10000,27000,1.00,1000.00,769.23,true,false,false,20.00
567105000,567800000,695000,12000,15000,1.00,1000.00,833.33,true,false,false,20.00
567800000,568493000,693000,13000,14000,1.00,1000.00,833.33,true,false,false,20.00
568493000,569185000,692000,13000,14000,1.00,1000.00,833.33,true,false,false,20.00
569185000,569877000,692000,11000,14000,1.00,1000.00,952.38,true,false,false,20.00
569877000,570575000,698000,10000,16000,1.00,1000.00,833.33,true,false,false,20.00
570575000,571268000,693000,13000,14000,1.00,1000.00,833.33,true,false,false,20.00
571268000,571960000,692000,10000,14000,1.00,1000.00,869.57,true,false,false,20.00
571960000,572573000,613000,12000,12000,1.00,1000.00,869.57,false,true,false,20.00
572573000,573271000,698000,11000,16000,1.00,1000.00,833.33,true,false,false,20.00
573271000,573963000,692000,13000,14000,1.00,1000.00,833.33,true,false,false,20.00
573963000,574655000,692000,13000,14000,1.00,1000.00,833.33,true,false,false,20.00
574655000,575347000,692000,13000,14000,1.00,1000.00,833.33,true,false,false,20.00
575347000,576039000,692000,13000,14000,1.00,1000.00,833.33,true,false,false,20.00
576039000,576731000,692000,13000,14000,1.00,1000.00,833.33,true,false,false,20.00
576731000,577424000,693000,13000,14000,1.00,1000.00,833.33,true,false,false,20.00
577424000,578116000,692000,13000,14000,1.00,1000.00,869.57,true,false,false,20.00
578116000,578808000,692000,13000,14000,1.00,1000.00,833.33,true,false,false,20.00
578808000,579500000,692000,13000,14000,1.00,1000.00,833.33,true,false,false,20.00
579500000,580192000,692000,13000,14000,1.00,1000.00,869.57,true,false,false,20.00
580192000,580884000,692000,13000,14000,1.00,1000.00,833.33,true,false,false,20.00
580884000,581576000,692000,13000,14000,1.00,1000.00,833.33,true,false,false,20.00
581576000,582269000,693000,13000,14000,1.00,1000.00,833.33,true,false,false,20.00
582269000,582961000,692000,13000,14000,1.00,1000.00,833.33,true,false,false,20.00
582961000,583653000,692000,13000,14000,1.00,1000.00,833.33,true,false,false,20.00
583653000,584345000,692000,13000,14000,1.00,1000.00,869.57,true,false,true,20.00
584345000,585037000,692000,13000,14000,1.30,869.57,833.33,true,false,false,20.00
585037000,585729000,692000,13000,14000,1.30,869.57,833.33,true,false,false,20.00
585729000,586422000,693000,13000,14000,1.30,869.57,833.33,true,false,false,20.00
586422000,587114000,692000,10000,14000,1.00,1000.00,909.09,true,false,false,20.00
587114000,587812000,698000,12000,16000,1.00,1000.00,833.33,true,false,false,20.00
587812000,588505000,693000,13000,14000,1.00,1000.00,869.57,true,false,false,20.00
588505000,589197000,692000,13000,14000,1.00,1000.00,833.33,true,false,false,20.00
589197000,589889000,692000,13000,14000,1.00,1000.00,869.57,true,false,false,20.00
589889000,590581000,692000,12000,14000,1.00,1000.00,869.57,true,false,false,20.00
590581000,591279000,698000,10000,16000,1.00,1000.00,833.33,true,false,false,20.00
591279000,592005000,726000,13000,25000,1.00,1000.00,606.06,true,false,false,20.00
592005000,592727000,722000,10000,24000,1.00,1000.00,833.33,true,false,false,20.00
592727000,593341000,614000,12000,12000,1.00,1000.00,689.66,false,true,false,20.00
593341000,594039000,698000,12000,16000,1.00,1000.00,833.33,true,false,false,20.00
594039000,594731000,692000,13000,14000,1.00,1000.00,833.33,true,false,false,20.00
594731000,595423000,692000,13000,14000,1.00,1000.00,869.57,true,false,false,20.00
595423000,596115000,692000,13000,14000,1.00,1000.00,833.33,true,false,false,20.00
596115000,596808000,693000,13000,14000,1.00,1000.00,833.33,true,false,false,20.00
596808000,597500000,692000,13000,14000,1.00,1000.00,833.33,true,false,false,20.00
597500000,598192000,692000,13000,14000,1.00,1000.00,833.33,true,false,false,20.00
598192000,598885000,693000,13000,14000,1.00,1000.00,833.33,true,false,false,20.00
598885000,599577000,692000,13000,14000,1.00,1000.00,833.33,true,false,false,20.00
599577000,600269000,692000,13000,14000,1.00,1000.00,833.33,true,false,false,20.00
600269000,600962000,693000,13000,14000,1.00,1000.00,833.33,true,false,false,20.00
600962000,601654000,692000,13000,14000,1.00,1000.00,833.33,true,false,false,20.00
601654000,602346000,692000,13000,14000,1.00,1000.00,833.33,true,false,false,20.00
602346000,603039000,693000,13000,14000,1.00,1000.00,833.33,true,false,false,20.00
603039000,603731000,692000,13000,14000,1.00,1000.00,833.33,true,false,false,20.00
603731000,604423000,692000,13000,14000,1.00,1000.00,833.33,true,false,false,20.00
604423000,605116000,693000,13000,14000,1.00,1000.00,833.33,true,false,true,20.00
605116000,605808000,692000,13000,14000,1.30,869.57,833.33,true,false,false,20.00
605808000,606500000,692000,13000,14000,1.30,869.57,833.33,true,false,false,20.00
606500000,607193000,693000,13000,14000,1.30,869.57,833.33,true,false,false,20.00
607193000,607885000,692000,10000,14000,1.00,952.38,869.57,true,false,false,20.00
607885000,608583000,698000,11000,16000,1.00,952.38,833.33,true,false,false,20.00
608583000,609275000,692000,13000,14000,1.00,952.38,833.33,true,false,false,20.00
609275000,609968000,693000,13000,14000,1.00,952.38,833.33,true,false,false,20.00
609968000,610660000,692000,13000,14000,1.00,952.38,833.33,true,false,false,20.00
610660000,611352000,692000,13000,14000,1.00,952.38,869.57,true,false,false,20.00
611352000,612044000,692000,10000,14000,1.00,1000.00,909.09,true,false,false,20.00
612044000,612742000,698000,12000,16000,1.00,1000.00,833.33,true,false,false,20.00
612742000,613434000,692000,13000,14000,1.00,1000.00,833.33,true,false,false,20.00
613434000,614048000,614000,14000,14000,1.00,1000.00,869.57,false,true,false,20.00
614048000,614749000,701000,11000,17000,1.00,1000.00,840.00,true,false,false,21.00
614749000,615445000,696000,15000,15000,1.00,1000.00,840.00,true,false,false,21.00
615445000,616140000,695000,15000,15000,1.00,1000.00,840.00,true,false,false,21.00
616140000,616835000,695000,15000,15000,1.00,1000.00,840.00,true,false,false,21.00
616835000,617570000,735000,15000,28000,1.00,1000.00,567.57,true,false,false,21.00
617570000,618304000,734000,11000,28000,1.00,1000.00,840.00,true,false,false,21.00
618304000,619002000,698000,15000,16000,1.00,1000.00,807.69,true,false,false,21.00
619002000,619700000,698000,15000,16000,1.00,1000.00,840.00,true,false,false,21.00
619700000,620398000,698000,15000,16000,1.00,1000.00,840.00,true,false,false,21.00
620398000,621096000,698000,15000,16000,1.00,1000.00,840.00,true,false,false,21.00
621096000,621794000,698000,15000,16000,1.00,1000.00,807.69,true,false,false,21.00
621794000,622492000,698000,15000,16000,1.00,1000.00,840.00,true,false,false,21.00
622492000,623190000,698000,15000,16000,1.00,1000.00,840.00,true,false,false,21.00
623190000,623888000,698000,15000,16000,1.00,1000.00,840.00,true,false,false,21.00
623888000,624586000,698000,15000,16000,1.00,1000.00,840.00,true,false,false,21.00
624586000,625284000,698000,15000,16000,1.00,1000.00,840.00,true,false,false,21.00
625284000,625982000,698000,15000,16000,1.00,1000.00,840.00,true,false,true,21.00
625982000,626680000,698000,15000,16000,1.50,840.00,840.00,true,false,false,21.00
626680000,627378000,698000,15000,16000,1.50,840.00,840.00,true,false,false,21.00
627378000,628076000,698000,15000,16000,1.50,840.00,840.00,true,false,false,21.00
628076000,628774000,698000,11000,16000,1.10,954.55,875.00,true,false,false,21.00
628774000,629476000,702000,13000,17000,1.10,954.55,840.00,true,false,false,21.00
629476000,630175000,699000,15000,16000,1.10,954.55,840.00,true,false,false,21.00
630175000,630873000,698000,15000,16000,1.10,954.55,840.00,true,false,false,21.00
630873000,631571000,698000,15000,16000,1.10,954.55,807.69,true,false,false,21.00
631571000,632269000,698000,15000,16000,1.10,954.55,840.00,true,false,false,21.00
632269000,632968000,699000,11000,16000,1.10,1000.00,913.04,true,false,false,21.00
632968000,633672000,704000,13000,18000,1.10,1000.00,840.00,true,false,false,21.00
633672000,634370000,698000,15000,16000,1.10,1000.00,807.69,true,false,false,21.00
634370000,634993000,623000,16000,16000,1.10,1000.00,700.00,false,true,false,21.00
634993000,635697000,704000,13000,18000,1.10,1000.00,840.00,true,false,false,21.00
635697000,636395000,698000,15000,16000,1.10,1000.00,840.00,true,false,false,21.00
636395000,637093000,698000,15000,16000,1.10,1000.00,840.00,true,false,false,21.00
637093000,637792000,699000,15000,16000,1.10,1000.00,807.69,true,false,false,21.00
637792000,638491000,699000,15000,16000,1.10,1000.00,840.00,true,false,false,21.00
638491000,639189000,698000,15000,16000,1.10,1000.00,807.69,true,false,false,21.00
639189000,639888000,699000,15000,16000,1.10,1000.00,840.00,true,false,false,21.00
639888000,640586000,698000,15000,16000,1.10,1000.00,840.00,true,false,false,21.00
640586000,641285000,699000,15000,16000,1.10,1000.00,840.00,true,false,false,21.00
641285000,641983000,698000,15000,16000,1.10,1000.00,807.69,true,false,false,21.00
641983000,642681000,698000,15000,16000,1.10,1000.00,807.69,true,false,false,21.00
642681000,643421000,740000,15000,30000,1.10,1000.00,552.63,true,false,false,21.00
643421000,644140000,719000,11000,23000,1.10,1000.00,840.00,true,false,false,21.00
644140000,644838000,698000,15000,16000,1.10,1000.00,807.69,true,false,false,21.00
644838000,645536000,698000,15000,16000,1.10,1000.00,840.00,true,false,false,21.00
645536000,646235000,699000,15000,16000,1.10,1000.00,807.69,true,false,false,21.00
646235000,646933000,698000,15000,16000,1.10,1000.00,840.00,true,false,true,21.00
646933000,647632000,699000,15000,16000,1.50,840.00,840.00,true,false,false,21.00
647632000,648330000,698000,15000,16000,1.50,840.00,840.00,true,false,false,21.00
648330000,649029000,699000,15000,16000,1.50,840.00,840.00,true,false,false,21.00
649029000,649730000,701000,11000,17000,1.10,954.55,840.00,true,false,false,21.00
649730000,650428000,698000,14000,16000,1.10,954.55,840.00,true,false,false,21.00
650428000,651127000,699000,15000,16000,1.10,954.55,807.69,true,false,false,21.00
651127000,651825000,698000,15000,16000,1.10,954.55,840.00,true,false,false,21.00
651825000,652523000,698000,15000,16000,1.10,954.55,840.00,true,false,false,21.00
652523000,653221000,698000,15000,16000,1.10,954.55,807.69,true,false,false,21.00
653221000,653919000,698000,11000,16000,1.10,1000.00,913.04,true,false,false,21.00
653919000,654624000,705000,13000,18000,1.10,1000.00,840.00,true,false,false,21.00
654624000,655322000,698000,15000,16000,1.10,1000.00,840.00,true,false,false,21.00
655322000,655945000,623000,15000,15000,1.10,1000.00,677.42,false,true,false,21.00
655945000,656649000,704000,13000,18000,1.10,1000.00,840.00,true,false,false,21.00
656649000,657348000,699000,15000,16000,1.10,1000.00,840.00,true,false,false,21.00
657348000,658046000,698000,15000,16000,1.10,1000.00,840.00,true,false,false,21.00
658046000,658744000,698000,15000,16000,1.10,1000.00,840.00,true,false,false,21.00
658744000,659442000,698000,15000,16000,1.10,1000.00,807.69,true,false,false,21.00
659442000,660140000,698000,15000,16000,1.10,1000.00,840.00,true,false,false,21.00
660140000,660838000,698000,15000,16000,1.10,1000.00,840.00,true,false,false,21.00
660838000,661537000,699000,15000,16000,1.10,1000.00,840.00,true,false,false,21.00
661537000,662235000,698000,15000,16000,1.10,1000.00,840.00,true,false,false,21.00
662235000,662933000,698000,15000,16000,1.10,1000.00,807.69,true,false,false,21.00
662933000,663631000,698000,15000,16000,1.10,1000.00,840.00,true,false,false,21.00
663631000,664329000,698000,15000,16000,1.10,1000.00,840.00,true,false,false,21.00
664329000,665027000,698000,15000,16000,1.10,1000.00,840.00,true,false,false,21.00
665027000,665726000,699000,15000,16000,1.10,1000.00,807.69,true,false,false,21.00
665726000,666424000,698000,15000,16000,1.10,1000.00,840.00,true,false,false,21.00
666424000,667122000,698000,15000,16000,1.10,1000.00,807.69,true,false,false,21.00
667122000,667820000,698000,15000,16000,1.10,1000.00,840.00,true,false,true,21.00
667820000,668552000,732000,15000,27000,1.50,840.00,567.57,true,false,false,21.00
668552000,669292000,740000,11000,30000,1.10,1000.00,840.00,true,false,false,21.00
669292000,669990000,698000,11000,16000,1.10,1000.00,954.55,true,false,false,21.00
669990000,670691000,701000,12000,17000,1.10,1000.00,807.69,true,false,false,21.00
670691000,671390000,699000,15000,16000,1.10,1000.00,840.00,true,false,false,21.00
671390000,672088000,698000,15000,16000,1.10,1000.00,807.69,true,false,false,21.00
672088000,672786000,698000,15000,16000,1.10,1000.00,840.00,true,false,false,21.00
672786000,673484000,698000,15000,16000,1.10,1000.00,840.00,true,false,false,21.00
673484000,674182000,698000,15000,16000,1.10,1000.00,840.00,true,false,false,21.00
674182000,674880000,698000,11000,16000,1.10,1000.00,875.00,true,false,false,21.00
674880000,675585000,705000,12000,18000,1.10,1000.00,840.00,true,false,false,21.00
675585000,676283000,698000,15000,16000,1.10,1000.00,807.69,true,false,false,21.00
676283000,676907000,624000,15000,15000,1.10,1000.00,777.78,false,true,false,21.00
676907000,677608000,701000,12000,17000,1.10,1000.00,807.69,true,false,false,21.00
677608000,678307000,699000,15000,16000,1.10,1000.00,840.00,true,false,false,21.00
678307000,679005000,698000,15000,16000,1.10,1000.00,840.00,true,false,false,21.00
679005000,679703000,698000,15000,16000,1.10,1000.00,840.00,true,false,false,21.00
679703000,680401000,698000,15000,16000,1.10,1000.00,840.00,true,false,false,21.00
680401000,681099000,698000,15000,16000,1.10,1000.00,840.00,true,false,false,21.00
681099000,681797000,698000,15000,16000,1.10,1000.00,840.00,true,false,false,21.00
681797000,682495000,698000,15000,16000,1.10,1000.00,840.00,true,false,false,21.00
682495000,683193000,698000,15000,16000,1.10,1000.00,840.00,true,false,false,21.00
683193000,683891000,698000,15000,16000,1.10,1000.00,807.69,true,false,false,21.00
683891000,684590000,699000,15000,16000,1.10,1000.00,840.00,true,false,false,21.00
684590000,685288000,698000,15000,16000,1.10,1000.00,807.69,true,false,false,21.00
685288000,685987000,699000,15000,16000,1.10,1000.00,807.69,true,false,false,21.00
685987000,686685000,698000,15000,16000,1.10,1000.00,807.69,true,false,false,21.00
686685000,687383000,698000,15000,16000,1.10,1000.00,840.00,true,false,false,21.00
687383000,688081000,698000,15000,16000,1.10,1000.00,840.00,true,false,false,21.00
688081000,688779000,698000,15000,16000,1.10,1000.00,840.00,true,false,true,21.00
688779000,689477000,698000,15000,16000,1.50,840.00,840.00,true,false,false,21.00
689477000,690175000,698000,15000,16000,1.50,840.00,840.00,true,false,false,21.00
690175000,690873000,698000,11000,16000,1.10,1000.00,875.00,true,false,false,21.00
690873000,691577000,704000,12000,18000,1.10,1000.00,840.00,true,false,false,21.00
691577000,692275000,698000,15000,16000,1.10,1000.00,840.00,true,false,false,21.00
692275000,692973000,698000,15000,16000,1.10,1000.00,840.00,true,false,false,21.00
692973000,693671000,698000,15000,16000,1.10,1000.00,840.00,true,false,false,21.00
693671000,694409000,738000,15000,29000,1.10,1000.00,538.46,true,false,false,21.00
694409000,695143000,734000,11000,28000,1.10,1000.00,807.69,true,false,false,21.00
695143000,695842000,699000,11000,16000,1.10,1000.00,875.00,true,false,false,21.00
695842000,696546000,704000,13000,18000,1.10,1000.00,807.69,true,false,false,21.00
696546000,697244000,698000,15000,16000,1.10,1000.00,807.69,true,false,false,21.00
697244000,697871000,627000,15000,15000,1.10,1000.00,750.00,false,true,false,21.00
697871000,698576000,705000,13000,18000,1.10,1000.00,807.69,true,false,false,21.00
698576000,699274000,698000,15000,16000,1.10,1000.00,840.00,true,false,false,21.00
699274000,699973000,699000,15000,16000,1.10,1000.00,840.00,true,false,false,21.00
699973000,700671000,698000,15000,16000,1.10,1000.00,807.69,true,false,false,21.00
700671000,701369000,698000,15000,16000,1.10,1000.00,807.69,true,false,false,21.00
701369000,702068000,699000,15000,16000,1.10,1000.00,840.00,true,false,false,21.00
702068000,702766000,698000,15000,16000,1.10,1000.00,807.69,true,false,false,21.00
702766000,703464000,698000,15000,16000,1.10,1000.00,807.69,true,false,false,21.00
703464000,704162000,698000,15000,16000,1.10,1000.00,840.00,true,false,false,21.00
704162000,704860000,698000,15000,16000,1.10,1000.00,807.69,true,false,false,21.00
704860000,705558000,698000,15000,16000,1.10,1000.00,807.69,true,false,false,21.00
705558000,706257000,699000,15000,16000,1.10,1000.00,840.00,true,false,false,21.00
706257000,706955000,698000,15000,16000,1.10,1000.00,807.69,true,false,false,21.00
706955000,707653000,698000,15000,16000,1.10,1000.00,807.69,true,false,false,21.00
707653000,708351000,698000,15000,16000,1.10,1000.00,807.69,true,false,false,21.00
708351000,709049000,698000,15000,16000,1.10,1000.00,807.69,true,false,false,21.00
709049000,709747000,698000,15000,16000,1.10,1000.00,807.69,true,false,true,21.00
709747000,710446000,699000,15000,16000,1.50,840.00,807.69,true,false,false,21.00
710446000,711144000,698000,15000,16000,1.50,840.00,807.69,true,false,false,21.00
711144000,711842000,698000,12000,16000,1.20,954.55,875.00,true,false,false,21.00
711842000,712547000,705000,13000,18000,1.20,954.55,807.69,true,false,false,21.00
712547000,713245000,698000,15000,16000,1.20,954.55,807.69,true,false,false,21.00
713245000,713943000,698000,15000,16000,1.20,954.55,840.00,true,false,false,21.00
713943000,714641000,698000,15000,16000,1.20,954.55,807.69,true,false,false,21.00
714641000,715339000,698000,15000,16000,1.20,954.55,807.69,true,false,false,21.00
715339000,716037000,698000,15000,16000,1.20,954.55,807.69,true,false,false,21.00
716037000,716735000,698000,11000,16000,1.10,1000.00,875.00,true,false,false,21.00
716735000,717439000,704000,13000,18000,1.10,1000.00,807.69,true,false,false,21.00
717439000,718137000,698000,15000,16000,1.10,1000.00,840.00,true,false,false,21.00
718137000,718763000,626000,15000,15000,1.10,1000.00,677.42,false,true,false,21.00
718763000,719467000,704000,12000,18000,1.10,1000.00,807.69,true,false,false,21.00
719467000,720165000,698000,15000,16000,1.10,1000.00,807.69,true,false,false,21.00
720165000,720903000,738000,15000,29000,1.10,1000.00,583.33,true,false,false,21.00
720903000,721635000,732000,11000,27000,1.10,1000.00,807.69,true,false,false,21.00
721635000,722336000,701000,16000,17000,1.10,1000.00,807.69,true,false,false,21.00
722336000,723037000,701000,16000,17000,1.10,1000.00,807.69,true,false,false,21.00
723037000,723738000,701000,16000,17000,1.10,1000.00,807.69,true,false,false,21.00
723738000,724439000,701000,16000,17000,1.10,1000.00,807.69,true,false,false,21.00
724439000,725140000,701000,16000,17000,1.10,1000.00,807.69,true,false,false,21.00
725140000,725841000,701000,16000,17000,1.10,1000.00,807.69,true,false,false,21.00
725841000,726542000,701000,16000,17000,1.10,1000.00,807.69,true,false,false,21.00
726542000,727243000,701000,16000,17000,1.10,1000.00,807.69,true,false,false,21.00
727243000,727944000,701000,16000,17000,1.10,1000.00,807.69,true,false,false,21.00
727944000,728645000,701000,16000,17000,1.10,1000.00,807.69,true,false,false,21.00
728645000,729346000,701000,16000,17000,1.10,1000.00,807.69,true,false,false,21.00
729346000,730047000,701000,16000,17000,1.10,1000.00,807.69,true,false,false,21.00
730047000,730749000,702000,16000,17000,1.10,1000.00,807.69,true,false,true,21.00
730749000,731450000,701000,16000,17000,1.60,807.69,807.69,true,false,false,21.00
731450000,732151000,701000,16000,17000,1.60,807.69,807.69,true,false,false,21.00
732151000,732858000,707000,11000,19000,1.10,954.55,840.00,true,false,false,21.00
732858000,733559000,701000,15000,17000,1.10,954.55,807.69,true,false,false,21.00
733559000,734261000,702000,16000,17000,1.10,954.55,807.69,true,false,false,21.00
734261000,734962000,701000,16000,17000,1.10,954.55,807.69,true,false,false,21.00
734962000,735663000,701000,16000,17000,1.10,954.55,807.69,true,false,false,21.00
735663000,736364000,701000,16000,17000,1.10,954.55,807.69,true,false,false,21.00
736364000,737065000,701000,16000,17000,1.10,954.55,807.69,true,false,false,21.00
737065000,737766000,701000,11000,17000,1.10,1000.00,875.00,true,false,false,21.00
737766000,738476000,710000,13000,20000,1.10,1000.00,807.69,true,false,false,21.00
738476000,739177000,701000,16000,17000,1.10,1000.00,807.69,true,false,false,21.00
739177000,739806000,629000,17000,17000,1.10,1000.00,750.00,false,true,false,21.00
739806000,740510000,704000,14000,18000,1.10,1000.00,807.69,true,false,false,21.00
740510000,741211000,701000,16000,17000,1.10,1000.00,777.78,true,false,false,21.00
741211000,741912000,701000,16000,17000,1.10,1000.00,777.78,true,false,false,21.00
741912000,742613000,701000,16000,17000,1.10,1000.00,777.78,true,false,false,21.00
742613000,743314000,701000,16000,17000,1.10,1000.00,777.78,true,false,false,21.00
743314000,744015000,701000,16000,17000,1.10,1000.00,777.78,true,false,false,21.00
744015000,744716000,701000,16000,17000,1.10,1000.00,777.78,true,false,false,21.00
744716000,745417000,701000,16000,17000,1.10,1000.00,777.78,true,false,false,21.00
745417000,746118000,701000,16000,17000,1.10,1000.00,777.78,true,false,false,21.00
746118000,746867000,749000,16000,33000,1.10,1000.00,488.37,true,false,false,21.00
746867000,747616000,749000,11000,33000,1.10,1000.00,840.00,true,false,false,21.00
747616000,748314000,698000,15000,16000,1.10,1000.00,807.69,true,false,false,21.00
748314000,749012000,698000,15000,16000,1.10,1000.00,840.00,true,false,false,21.00
749012000,749710000,698000,15000,16000,1.10,1000.00,807.69,true,false,false,21.00
749710000,750408000,698000,15000,16000,1.10,1000.00,807.69,true,false,false,21.00
750408000,751106000,698000,15000,16000,1.10,1000.00,807.69,true,false,false,21.00
751106000,751804000,698000,15000,16000,1.10,1000.00,807.69,true,false,true,21.00
751804000,752502000,698000,15000,16000,1.50,840.00,840.00,true,false,false,21.00
752502000,753200000,698000,11000,16000,1.10,1000.00,913.04,true,false,false,21.00
753200000,753905000,705000,12000,18000,1.10,1000.00,807.69,true,false,false,21.00
753905000,754603000,698000,15000,16000,1.10,1000.00,840.00,true,false,false,21.00
754603000,755301000,698000,15000,16000,1.10,1000.00,807.69,true,false,false,21.00
755301000,755999000,698000,15000,16000,1.10,1000.00,807.69,true,false,false,21.00
755999000,756697000,698000,15000,16000,1.10,1000.00,807.69,true,false,false,21.00
756697000,757395000,698000,15000,16000,1.10,1000.00,807.69,true,false,false,21.00
757395000,758093000,698000,15000,16000,1.10,1000.00,840.00,true,false,false,21.00
758093000,758791000,698000,11000,16000,1.10,1000.00,875.00,true,false,false,21.00
758791000,759495000,704000,13000,18000,1.10,1000.00,807.69,true,false,false,21.00
759495000,760193000,698000,15000,16000,1.10,1000.00,840.00,true,false,false,21.00
760193000,760815000,622000,16000,16000,1.10,1000.00,875.00,false,true,false,21.00
760815000,761516000,701000,14000,17000,1.10,1000.00,807.69,true,false,false,21.00
761516000,762215000,699000,15000,16000,1.10,1000.00,807.69,true,false,false,21.00
762215000,762913000,698000,15000,16000,1.10,1000.00,807.69,true,false,false,21.00
762913000,763612000,699000,15000,16000,1.10,1000.00,840.00,true,false,false,21.00
763612000,764310000,698000,15000,16000,1.10,1000.00,840.00,true,false,false,21.00
764310000,765008000,698000,15000,16000,1.10,1000.00,840.00,true,false,false,21.00
765008000,765706000,698000,15000,16000,1.10,1000.00,807.69,true,false,false,21.00
765706000,766404000,698000,15000,16000,1.10,1000.00,807.69,true,false,false,21.00
766404000,767102000,698000,15000,16000,1.10,1000.00,840.00,true,false,false,21.00
767102000,767800000,698000,15000,16000,1.10,1000.00,840.00,true,false,false,21.00
767800000,768498000,698000,15000,16000,1.10,1000.00,807.69,true,false,false,21.00
768498000,769196000,698000,15000,16000,1.10,1000.00,807.69,true,false,false,21.00
769196000,769894000,698000,15000,16000,1.10,1000.00,840.00,true,false,false,21.00
769894000,770592000,698000,15000,16000,1.10,1000.00,807.69,true,false,false,21.00
770592000,771290000,698000,15000,16000,1.10,1000.00,807.69,true,false,false,21.00
771290000,771988000,698000,15000,16000,1.10,1000.00,807.69,true,false,false,21.00
771988000,772704000,716000,15000,22000,1.10,1000.00,724.14,true,false,true,21.00
772704000,773447000,743000,11000,31000,1.10,1000.00,807.69,true,false,false,21.00
773447000,774149000,702000,11000,17000,1.10,1000.00,954.55,true,false,false,21.00
774149000,774850000,701000,13000,17000,1.10,1000.00,840.00,true,false,false,21.00
774850000,775549000,699000,15000,16000,1.10,1000.00,840.00,true,false,false,21.00
775549000,776247000,698000,15000,16000,1.10,1000.00,807.69,true,false,false,21.00
776247000,776945000,698000,15000,16000,1.10,1000.00,840.00,true,false,false,21.00
776945000,777644000,699000,15000,16000,1.10,1000.00,840.00,true,false,false,21.00
777644000,778342000,698000,15000,16000,1.10,1000.00,840.00,true,false,false,21.00
778342000,779041000,699000,15000,16000,1.10,1000.00,807.69,true,false,false,21.00
779041000,779739000,698000,11000,16000,1.10,1000.00,913.04,true,false,false,21.00
779739000,780443000,704000,12000,18000,1.10,1000.00,840.00,true,false,false,21.00
780443000,781141000,698000,15000,16000,1.10,1000.00,840.00,true,false,false,21.00
781141000,781762000,621000,15000,15000,1.10,1000.00,777.78,false,true,false,21.00
781762000,782472000,710000,11000,20000,1.10,1000.00,840.00,true,false,false,21.00
782472000,783170000,698000,15000,16000,1.10,1000.00,840.00,true,false,false,21.00
783170000,783868000,698000,15000,16000,1.10,1000.00,840.00,true,false,false,21.00
783868000,784566000,698000,15000,16000,1.10,1000.00,840.00,true,false,false,21.00
784566000,785264000,698000,15000,16000,1.10,1000.00,840.00,true,false,false,21.00
785264000,785962000,698000,15000,16000,1.10,1000.00,840.00,true,false,false,21.00
785962000,786660000,698000,15000,16000,1.10,1000.00,840.00,true,false,false,21.00
786660000,787358000,698000,15000,16000,1.10,1000.00,840.00,true,false,false,21.00
787358000,788056000,698000,15000,16000,1.10,1000.00,807.69,true,false,false,21.00
788056000,788754000,698000,15000,16000,1.10,1000.00,840.00,true,false,false,21.00
788754000,789452000,698000,15000,16000,1.10,1000.00,807.69,true,false,false,21.00
789452000,790150000,698000,15000,16000,1.10,1000.00,840.00,true,false,false,21.00
790150000,790848000,698000,15000,16000,1.10,1000.00,807.69,true,false,false,21.00
790848000,791546000,698000,15000,16000,1.10,1000.00,840.00,true,false,false,21.00
791546000,792244000,698000,15000,16000,1.10,1000.00,840.00,true,false,false,21.00
792244000,792942000,698000,15000,16000,1.10,1000.00,840.00,true,false,false,21.00
792942000,793640000,698000,15000,16000,1.10,1000.00,840.00,true,false,true,21.00
793640000,794338000,698000,15000,16000,1.50,840.00,840.00,true,false,false,21.00
794338000,795036000,698000,11000,16000,1.10,1000.00,913.04,true,false,false,21.00
795036000,795740000,704000,12000,18000,1.10,1000.00,840.00,true,false,false,21.00
795740000,796438000,698000,15000,16000,1.10,1000.00,840.00,true,false,false,21.00
796438000,797136000,698000,15000,16000,1.10,1000.00,840.00,true,false,false,21.00
797136000,797834000,698000,15000,16000,1.10,1000.00,840.00,true,false,false,21.00
797834000,798532000,698000,15000,16000,1.10,1000.00,807.69,true,false,false,21.00
798532000,799269000,737000,15000,29000,1.10,1000.00,567.57,true,false,false,21.00
799269000,800000000,731000,11000,27000,1.10,1000.00,807.69,true,false,false,21.00
800000000,800699000,699000,11000,16000,1.10,1000.00,913.04,true,false,false,21.00
800699000,801403000,704000,13000,18000,1.10,1000.00,840.00,true,false,false,21.00
801403000,802101000,698000,15000,16000,1.10,1000.00,807.69,true,false,false,21.00
802101000,802724000,623000,16000,16000,1.10,1000.00,913.04,false,true,false,21.00
802724000,803432000,708000,12000,19000,1.10,1000.00,807.69,true,false,false,21.00
803432000,804130000,698000,15000,16000,1.10,1000.00,840.00,true,false,false,21.00
804130000,804828000,698000,15000,16000,1.10,1000.00,840.00,true,false,false,21.00
804828000,805526000,698000,15000,16000,1.10,1000.00,807.69,true,false,false,21.00
805526000,806224000,698000,15000,16000,1.10,1000.00,840.00,true,false,false,21.00
806224000,806922000,698000,15000,16000,1.10,1000.00,840.00,true,false,false,21.00
806922000,807620000,698000,15000,16000,1.10,1000.00,807.69,true,false,false,21.00
807620000,808318000,698000,15000,16000,1.10,1000.00,807.69,true,false,false,21.00
808318000,809016000,698000,15000,16000,1.10,1000.00,840.00,true,false,false,21.00
809016000,809715000,699000,15000,16000,1.10,1000.00,807.69,true,false,false,21.00
809715000,810413000,698000,15000,16000,1.10,1000.00,840.00,true,false,false,21.00
810413000,811111000,698000,15000,16000,1.10,1000.00,807.69,true,false,false,21.00
811111000,811809000,698000,15000,16000,1.10,1000.00,807.69,true,false,false,21.00
811809000,812507000,698000,15000,16000,1.10,1000.00,807.69,true,false,false,21.00
812507000,813206000,699000,15000,16000,1.10,1000.00,840.00,true,false,false,21.00
813206000,813904000,698000,15000,16000,1.10,1000.00,840.00,true,false,false,21.00
813904000,814602000,698000,15000,16000,1.10,1000.00,807.69,true,false,true,21.00
814602000,815300000,698000,15000,16000,1.50,840.00,807.69,true,false,false,21.00
815300000,815998000,698000,11000,16000,1.10,954.55,875.00,true,false,false,21.00
815998000,816702000,704000,13000,18000,1.10,954.55,840.00,true,false,false,21.00
816702000,817401000,699000,15000,16000,1.10,954.55,807.69,true,false,false,21.00
817401000,818099000,698000,15000,16000,1.10,954.55,807.69,true,false,false,21.00
818099000,818797000,698000,15000,16000,1.10,954.55,807.69,true,false,false,21.00
818797000,819496000,699000,15000,16000,1.10,954.55,807.69,true,false,false,21.00
819496000,820194000,698000,15000,16000,1.10,954.55,807.69,true,false,false,21.00
820194000,820892000,698000,15000,16000,1.10,954.55,807.69,true,false,false,21.00
820892000,821590000,698000,11000,16000,1.10,1000.00,913.04,true,false,false,21.00
821590000,822294000,704000,12000,18000,1.10,1000.00,807.69,true,false,false,21.00
822294000,822993000,699000,15000,16000,1.10,1000.00,807.69,true,false,false,21.00
822993000,823616000,623000,16000,16000,1.10,1000.00,913.04,false,true,false,21.00
823616000,824323000,707000,12000,19000,1.10,1000.00,807.69,true,false,false,21.00
824323000,825064000,741000,15000,30000,1.10,1000.00,552.63,true,false,false,21.00
825064000,825798000,734000,11000,28000,1.10,1000.00,807.69,true,false,false,21.00
825798000,826496000,698000,15000,16000,1.10,1000.00,840.00,true,false,false,21.00
826496000,827194000,698000,15000,16000,1.10,1000.00,807.69,true,false,false,21.00
827194000,827892000,698000,15000,16000,1.10,1000.00,807.69,true,false,false,21.00
827892000,828591000,699000,15000,16000,1.10,1000.00,807.69,true,false,false,21.00
828591000,829289000,698000,15000,16000,1.10,1000.00,840.00,true,false,false,21.00
829289000,829987000,698000,15000,16000,1.10,1000.00,807.69,true,false,false,21.00
829987000,830685000,698000,15000,16000,1.10,1000.00,840.00,true,false,false,21.00
830685000,831383000,698000,15000,16000,1.10,1000.00,807.69,true,false,false,21.00
831383000,832081000,698000,15000,16000,1.10,1000.00,840.00,true,false,false,21.00
832081000,832780000,699000,15000,16000,1.10,1000.00,807.69,true,false,false,21.00
832780000,833478000,698000,15000,16000,1.10,1000.00,807.69,true,false,false,21.00
833478000,834176000,698000,15000,16000,1.10,1000.00,840.00,true,false,false,21.00
834176000,834874000,698000,15000,16000,1.10,1000.00,807.69,true,false,false,21.00
834874000,835572000,698000,15000,16000,1.10,1000.00,807.69,true,false,true,21.00
835572000,836270000,698000,15000,16000,1.50,840.00,807.69,true,false,false,21.00
836270000,836968000,698000,11000,16000,1.10,954.55,875.00,true,false,false,21.00
836968000,837673000,705000,14000,18000,1.10,954.55,807.69,true,false,false,21.00
837673000,838371000,698000,15000,16000,1.10,954.55,807.69,true,false,false,21.00
838371000,839070000,699000,15000,16000,1.10,954.55,840.00,true,false,false,21.00
839070000,839768000,698000,15000,16000,1.10,954.55,807.69,true,false,false,21.00
839768000,840466000,698000,15000,16000,1.10,954.55,840.00,true,false,false,21.00
840466000,841165000,699000,15000,16000,1.10,954.55,840.00,true,false,false,21.00
841165000,841863000,698000,15000,16000,1.10,954.55,807.69,true,false,false,21.00
841863000,842562000,699000,11000,16000,1.10,954.55,875.00,true,false,false,21.00
842562000,843267000,705000,13000,18000,1.10,954.55,807.69,true,false,false,21.00
843267000,843965000,698000,15000,16000,1.10,954.55,807.69,true,false,false,21.00
843965000,844587000,622000,16000,16000,1.10,954.55,777.78,false,true,false,21.00
844587000,845298000,711000,12000,20000,1.10,954.55,807.69,true,false,false,21.00
845298000,845996000,698000,15000,16000,1.10,954.55,840.00,true,false,false,21.00
845996000,846694000,698000,15000,16000,1.10,954.55,807.69,true,false,false,21.00
846694000,847392000,698000,15000,16000,1.10,954.55,840.00,true,false,false,21.00
847392000,848090000,698000,15000,16000,1.10,954.55,807.69,true,false,false,21.00
848090000,848788000,698000,15000,16000,1.10,954.55,807.69,true,false,false,21.00
848788000,849487000,699000,15000,16000,1.10,954.55,807.69,true,false,false,21.00
849487000,850185000,698000,15000,16000,1.10,954.55,807.69,true,false,false,21.00
850185000,850928000,743000,15000,31000,1.10,954.55,538.46,true,false,false,21.00
850928000,851665000,737000,11000,29000,1.10,954.55,840.00,true,false,false,21.00
851665000,852363000,698000,15000,16000,1.10,954.55,807.69,true,false,false,21.00
852363000,853061000,698000,15000,16000,1.10,954.55,840.00,true,false,false,21.00
853061000,853759000,698000,15000,16000,1.10,954.55,840.00,true,false,false,21.00
853759000,854457000,698000,15000,16000,1.10,954.55,840.00,true,false,false,21.00
854457000,855156000,699000,15000,16000,1.10,954.55,807.69,true,false,false,21.00
855156000,855854000,698000,15000,16000,1.10,954.55,840.00,true,false,false,21.00
855854000,856552000,698000,15000,16000,1.10,954.55,807.69,true,false,true,21.00
856552000,857250000,698000,15000,16000,1.50,840.00,840.00,true,false,false,21.00
857250000,857951000,701000,11000,17000,1.10,1000.00,807.69,true,false,false,21.00
857951000,858649000,698000,15000,16000,1.10,1000.00,840.00,true,false,false,21.00
858649000,859347000,698000,15000,16000,1.10,1000.00,807.69,true,false,false,21.00
859347000,860045000,698000,15000,16000,1.10,1000.00,840.00,true,false,false,21.00
860045000,860743000,698000,15000,16000,1.10,1000.00,840.00,true,false,false,21.00
860743000,861441000,698000,15000,16000,1.10,1000.00,840.00,true,false,false,21.00
861441000,862139000,698000,15000,16000,1.10,1000.00,807.69,true,false,false,21.00
862139000,862837000,698000,15000,16000,1.10,1000.00,840.00,true,false,false,21.00
862837000,863536000,699000,11000,16000,1.10,1000.00,875.00,true,false,false,21.00
863536000,864240000,704000,13000,18000,1.10,1000.00,807.69,true,false,false,21.00
864240000,864938000,698000,15000,16000,1.10,1000.00,840.00,true,false,false,21.00
864938000,865560000,622000,15000,15000,1.10,1000.00,777.78,false,true,false,21.00
865560000,866270000,710000,12000,20000,1.10,1000.00,840.00,true,false,false,21.00
866270000,866968000,698000,15000,16000,1.10,1000.00,840.00,true,false,false,21.00
866968000,867666000,698000,15000,16000,1.10,1000.00,840.00,true,false,false,21.00
867666000,868364000,698000,15000,16000,1.10,1000.00,807.69,true,false,false,21.00
868364000,869062000,698000,15000,16000,1.10,1000.00,840.00,true,false,false,21.00
869062000,869760000,698000,15000,16000,1.10,1000.00,807.69,true,false,false,21.00
869760000,870458000,698000,15000,16000,1.10,1000.00,840.00,true,false,false,21.00
870458000,871156000,698000,15000,16000,1.10,1000.00,807.69,true,false,false,21.00
871156000,871854000,698000,15000,16000,1.10,1000.00,840.00,true,false,false,21.00
871854000,872552000,698000,15000,16000,1.10,1000.00,840.00,true,false,false,21.00
872552000,873250000,698000,15000,16000,1.10,1000.00,840.00,true,false,false,21.00
873250000,873949000,699000,15000,16000,1.10,1000.00,807.69,true,false,false,21.00
873949000,874647000,698000,15000,16000,1.10,1000.00,840.00,true,false,false,21.00
874647000,875345000,698000,15000,16000,1.10,1000.00,807.69,true,false,false,21.00
875345000,876086000,741000,15000,30000,1.10,1000.00,552.63,true,false,false,21.00
876086000,876821000,735000,11000,28000,1.10,1000.00,807.69,true,false,false,21.00
876821000,877520000,699000,15000,16000,1.10,1000.00,840.00,true,false,true,21.00
877520000,878218000,698000,11000,16000,1.10,954.55,875.00,true,false,false,21.00
878218000,878919000,701000,12000,17000,1.10,954.55,840.00,true,false,false,21.00
878919000,879617000,698000,15000,16000,1.10,954.55,840.00,true,false,false,21.00
879617000,880315000,698000,15000,16000,1.10,954.55,807.69,true,false,false,21.00
880315000,881013000,698000,15000,16000,1.10,954.55,840.00,true,false,false,21.00
881013000,881711000,698000,15000,16000,1.10,954.55,840.00,true,false,false,21.00
881711000,882410000,699000,15000,16000,1.10,954.55,840.00,true,false,false,21.00
882410000,883108000,698000,15000,16000,1.10,954.55,840.00,true,false,false,21.00
883108000,883806000,698000,15000,16000,1.10,954.55,840.00,true,false,false,21.00
883806000,884504000,698000,11000,16000,1.10,1000.00,913.04,true,false,false,21.00
884504000,885208000,704000,13000,18000,1.10,1000.00,807.69,true,false,false,21.00
885208000,885907000,699000,15000,16000,1.10,1000.00,840.00,true,false,false,21.00
885907000,886528000,621000,16000,16000,1.10,1000.00,913.04,false,true,false,21.00
886528000,887235000,707000,12000,19000,1.10,1000.00,840.00,true,false,false,21.00
887235000,887933000,698000,15000,16000,1.10,1000.00,840.00,true,false,false,21.00
887933000,888631000,698000,15000,16000,1.10,1000.00,840.00,true,false,false,21.00
888631000,889329000,698000,15000,16000,1.10,1000.00,840.00,true,false,false,21.00
889329000,890027000,698000,15000,16000,1.10,1000.00,807.69,true,false,false,21.00
890027000,890725000,698000,15000,16000,1.10,1000.00,807.69,true,false,false,21.00
890725000,891423000,698000,15000,16000,1.10,1000.00,840.00,true,false,false,21.00
891423000,892121000,698000,15000,16000,1.10,1000.00,807.69,true,false,false,21.00
892121000,892819000,698000,15000,16000,1.10,1000.00,840.00,true,false,false,21.00
892819000,893517000,698000,15000,16000,1.10,1000.00,840.00,true,false,false,21.00
893517000,894216000,699000,15000,16000,1.10,1000.00,840.00,true,false,false,21.00
894216000,894914000,698000,15000,16000,1.10,1000.00,840.00,true,false,false,21.00
894914000,895612000,698000,15000,16000,1.10,1000.00,807.69,true,false,false,21.00
895612000,896310000,698000,15000,16000,1.10,1000.00,807.69,true,false,false,21.00
896310000,897008000,698000,15000,16000,1.10,1000.00,840.00,true,false,false,21.00
897008000,897706000,698000,15000,16000,1.10,1000.00,840.00,true,false,false,21.00
897706000,898405000,699000,15000,16000,1.10,1000.00,840.00,true,false,true,21.00
898405000,899103000,698000,11000,16000,1.10,1000.00,875.00,true,false,false,21.00
899103000,899807000,704000,12000,18000,1.10,1000.00,807.69,true,false,false,21.00
899807000,900505000,698000,15000,16000,1.10,1000.00,807.69,true,false,false,21.00
900505000,901203000,698000,15000,16000,1.10,1000.00,807.69,true,false,false,21.00
901203000,901901000,698000,15000,16000,1.10,1000.00,840.00,true,false,false,21.00
901901000,902641000,740000,11000,30000,1.10,1000.00,777.78,true,false,false,21.00
902641000,903345000,704000,14000,18000,1.10,1000.00,807.69,true,false,false,21.00
903345000,904043000,698000,15000,16000,1.10,1000.00,840.00,true,false,false,21.00
904043000,904741000,698000,15000,16000,1.10,1000.00,807.69,true,false,false,21.00
904741000,905439000,698000,11000,16000,1.10,1000.00,875.00,true,false,false,21.00
905439000,906143000,704000,14000,18000,1.10,1000.00,807.69,true,false,false,21.00
906143000,906841000,698000,15000,16000,1.10,1000.00,807.69,true,false,false,21.00
906841000,907464000,623000,15000,15000,1.10,1000.00,875.00,false,true,false,21.00
907464000,908168000,704000,12000,18000,1.10,1000.00,807.69,true,false,false,21.00
908168000,908867000,699000,15000,16000,1.10,1000.00,807.69,true,false,false,21.00
908867000,909565000,698000,15000,16000,1.10,1000.00,807.69,true,false,false,21.00
909565000,910263000,698000,15000,16000,1.10,1000.00,807.69,true,false,false,21.00
910263000,910961000,698000,15000,16000,1.10,1000.00,807.69,true,false,false,21.00
910961000,911659000,698000,15000,16000,1.10,1000.00,807.69,true,false,false,21.00
911659000,912358000,699000,15000,16000,1.10,1000.00,807.69,true,false,false,21.00
912358000,913056000,698000,15000,16000,1.10,1000.00,807.69,true,false,false,21.00
913056000,913754000,698000,15000,16000,1.10,1000.00,807.69,true,false,false,21.00
913754000,914452000,698000,15000,16000,1.10,1000.00,807.69,true,false,false,21.00
914452000,915150000,698000,15000,16000,1.10,1000.00,807.69,true,false,false,21.00
915150000,915848000,698000,15000,16000,1.10,1000.00,807.69,true,false,false,21.00
915848000,916546000,698000,15000,16000,1.10,1000.00,840.00,true,false,false,21.00
916546000,917245000,699000,15000,16000,1.10,1000.00,840.00,true,false,false,21.00
917245000,917943000,698000,15000,16000,1.10,1000.00,840.00,true,false,false,21.00
917943000,918641000,698000,15000,16000,1.10,1000.00,840.00,true,false,false,21.00
918641000,919339000,698000,15000,16000,1.10,1000.00,807.69,true,false,true,21.00
919339000,920037000,698000,11000,16000,1.10,954.55,875.00,true,false,false,21.00
920037000,920741000,704000,13000,18000,1.10,954.55,807.69,true,false,false,21.00
920741000,921439000,698000,15000,16000,1.10,954.55,807.69,true,false,false,21.00
921439000,922137000,698000,15000,16000,1.10,954.55,840.00,true,false,false,21.00
922137000,922835000,698000,15000,16000,1.10,954.55,807.69,true,false,false,21.00
922835000,923533000,698000,15000,16000,1.10,954.55,807.69,true,false,false,21.00
923533000,924232000,699000,15000,16000,1.10,954.55,807.69,true,false,false,21.00
924232000,924930000,698000,15000,16000,1.10,954.55,807.69,true,false,false,21.00
924930000,925628000,698000,15000,16000,1.10,954.55,807.69,true,false,false,21.00
925628000,926332000,704000,11000,18000,1.10,954.55,840.00,true,false,false,21.00
926332000,927033000,701000,15000,17000,1.10,954.55,840.00,true,false,false,21.00
927033000,927731000,698000,15000,16000,1.10,954.55,807.69,true,false,false,21.00
927731000,928396000,665000,15000,15000,1.10,954.55,396.23,false,true,false,21.00
928396000,929142000,746000,11000,32000,1.10,954.55,777.78,true,false,false,21.00
929142000,929846000,704000,17000,18000,1.10,954.55,777.78,true,false,false,21.00
929846000,930547000,701000,17000,17000,1.10,954.55,777.78,true,false,false,21.00
930547000,931249000,702000,17000,17000,1.10,954.55,777.78,true,false,false,21.00
931249000,931951000,702000,17000,17000,1.10,954.55,777.78,true,false,false,21.00
931951000,932653000,702000,17000,17000,1.10,954.55,777.78,true,false,false,21.00
932653000,933355000,702000,17000,17000,1.10,954.55,777.78,true,false,false,21.00
933355000,934057000,702000,17000,17000,1.10,954.55,777.78,true,false,false,21.00
934057000,934759000,702000,17000,17000,1.10,954.55,777.78,true,false,false,21.00
934759000,935461000,702000,17000,17000,1.10,954.55,777.78,true,false,false,21.00
935461000,936163000,702000,17000,17000,1.10,954.55,777.78,true,false,false,21.00
936163000,936865000,702000,17000,17000,1.10,954.55,777.78,true,false,false,21.00
936865000,937567000,702000,17000,17000,1.10,954.55,777.78,true,false,false,21.00
937567000,938269000,702000,17000,17000,1.10,954.55,777.78,true,false,false,21.00
938269000,938971000,702000,17000,17000,1.10,954.55,777.78,true,false,false,21.00
938971000,939673000,702000,17000,17000,1.10,954.55,777.78,true,false,false,21.00
939673000,940375000,702000,17000,17000,1.10,954.55,777.78,true,false,true,21.00
940375000,941077000,702000,11000,17000,1.10,954.55,840.00,true,false,false,21.00
941077000,941788000,711000,14000,20000,1.10,954.55,777.78,true,false,false,21.00
941788000,942492000,704000,17000,18000,1.10,954.55,777.78,true,false,false,21.00
942492000,943196000,704000,17000,18000,1.10,954.55,777.78,true,false,false,21.00
943196000,943900000,704000,17000,18000,1.10,954.55,777.78,true,false,false,21.00
943900000,944604000,704000,17000,18000,1.10,954.55,777.78,true,false,false,21.00
944604000,945308000,704000,17000,18000,1.10,954.55,777.78,true,false,false,21.00
945308000,946013000,705000,17000,18000,1.10,954.55,777.78,true,false,false,21.00
946013000,946717000,704000,11000,18000,1.10,954.55,840.00,true,false,false,21.00
946717000,947427000,710000,12000,20000,1.10,954.55,777.78,true,false,false,21.00
947427000,948131000,704000,17000,18000,1.10,954.55,777.78,true,false,false,21.00
948131000,948835000,704000,17000,18000,1.10,954.55,777.78,true,false,false,21.00
948835000,949462000,627000,17000,17000,1.10,954.55,724.14,false,true,false,21.00
949462000,950169000,707000,14000,19000,1.10,954.55,777.78,true,false,false,21.00
950169000,950873000,704000,17000,18000,1.10,954.55,777.78,true,false,false,21.00
950873000,951577000,704000,17000,18000,1.10,954.55,777.78,true,false,false,21.00
951577000,952282000,705000,17000,18000,1.10,954.55,777.78,true,false,false,21.00
952282000,952986000,704000,17000,18000,1.10,954.55,777.78,true,false,false,21.00
952986000,953691000,705000,17000,18000,1.10,954.55,777.78,true,false,false,21.00
953691000,954395000,704000,17000,18000,1.10,954.55,777.78,true,false,false,21.00
954395000,955154000,759000,17000,36000,1.10,954.55,477.27,true,false,false,21.00
955154000,955909000,755000,11000,35000,1.10,954.55,807.69,true,false,false,21.00
955909000,956610000,701000,16000,17000,1.10,954.55,807.69,true,false,false,21.00
956610000,957311000,701000,16000,17000,1.10,954.55,807.69,true,false,false,21.00
957311000,958012000,701000,16000,17000,1.10,954.55,807.69,true,false,false,21.00
958012000,958713000,701000,16000,17000,1.10,954.55,807.69,true,false,false,21.00
958713000,959414000,701000,16000,17000,1.10,954.55,807.69,true,false,false,21.00
959414000,960115000,701000,16000,17000,1.10,954.55,777.78,true,false,false,21.00
960115000,960817000,702000,16000,17000,1.10,954.55,807.69,true,false,false,21.00
960817000,961518000,701000,12000,17000,1.10,954.55,840.00,true,false,true,21.00
961518000,962223000,705000,12000,18000,1.20,913.04,807.69,true,false,false,21.00
962223000,962921000,698000,16000,16000,1.20,913.04,807.69,true,false,false,21.00
962921000,963619000,698000,16000,16000,1.20,913.04,807.69,true,false,false,21.00
963619000,964317000,698000,16000,16000,1.20,913.04,807.69,true,false,false,21.00
964317000,965015000,698000,16000,16000,1.20,913.04,807.69,true,false,false,21.00
965015000,965713000,698000,16000,16000,1.20,913.04,807.69,true,false,false,21.00
965713000,966411000,698000,16000,16000,1.20,913.04,807.69,true,false,false,21.00
966411000,967109000,698000,16000,16000,1.20,913.04,807.69,true,false,false,21.00
967109000,967807000,698000,11000,16000,1.10,1000.00,840.00,true,false,false,21.00
967807000,968514000,707000,11000,19000,1.10,1000.00,807.69,true,false,false,21.00
968514000,969216000,702000,16000,17000,1.10,1000.00,807.69,true,false,false,21.00
969216000,969917000,701000,16000,17000,1.10,1000.00,807.69,true,false,false,21.00
969917000,970541000,624000,16000,16000,1.10,1000.00,750.00,false,true,false,21.00
970541000,971248000,707000,12000,19000,1.10,1000.00,807.69,true,false,false,21.00
971248000,971950000,702000,16000,17000,1.10,1000.00,807.69,true,false,false,21.00
971950000,972651000,701000,16000,17000,1.10,1000.00,807.69,true,false,false,21.00
972651000,973352000,701000,16000,17000,1.10,1000.00,807.69,true,false,false,21.00
973352000,974054000,702000,16000,17000,1.10,1000.00,807.69,true,false,false,21.00
974054000,974755000,701000,16000,17000,1.10,1000.00,807.69,true,false,false,21.00
974755000,975457000,702000,16000,17000,1.10,1000.00,807.69,true,false,false,21.00
975457000,976158000,701000,16000,17000,1.10,1000.00,807.69,true,false,false,21.00
976158000,976859000,701000,16000,17000,1.10,1000.00,807.69,true,false,false,21.00
976859000,977561000,702000,16000,17000,1.10,1000.00,807.69,true,false,false,21.00
977561000,978262000,701000,16000,17000,1.10,1000.00,807.69,true,false,false,21.00
978262000,978963000,701000,16000,17000,1.10,1000.00,807.69,true,false,false,21.00
978963000,979665000,702000,16000,17000,1.10,1000.00,807.69,true,false,false,21.00
979665000,980412000,747000,16000,32000,1.10,1000.00,500.00,true,false,false,21.00
980412000,981158000,746000,11000,32000,1.10,1000.00,807.69,true,false,false,21.00
981158000,981856000,698000,15000,16000,1.10,1000.00,807.69,true,false,false,21.00
981856000,982554000,698000,11000,16000,1.10,1000.00,913.04,true,false,true,21.00
982554000,983255000,701000,13000,17000,1.30,913.04,807.69,true,false,false,21.00
983255000,983953000,698000,15000,16000,1.30,913.04,807.69,true,false,false,21.00
983953000,984651000,698000,15000,16000,1.30,913.04,807.69,true,false,false,21.00
984651000,985349000,698000,15000,16000,1.30,913.04,840.00,true,false,false,21.00
985349000,986048000,699000,15000,16000,1.30,913.04,840.00,true,false,false,21.00
986048000,986746000,698000,15000,16000,1.30,913.04,840.00,true,false,false,21.00
986746000,987444000,698000,15000,16000,1.30,913.04,840.00,true,false,false,21.00
987444000,988142000,698000,15000,16000,1.30,913.04,840.00,true,false,false,21.00
988142000,988840000,698000,11000,16000,1.10,1000.00,913.04,true,false,false,21.00
988840000,989544000,704000,13000,18000,1.10,1000.00,807.69,true,false,false,21.00
989544000,990242000,698000,15000,16000,1.10,1000.00,840.00,true,false,false,21.00
990242000,990941000,699000,15000,16000,1.10,1000.00,807.69,true,false,false,21.00
990941000,991562000,621000,16000,16000,1.10,1000.00,777.78,false,true,false,21.00
991562000,992272000,710000,12000,20000,1.10,1000.00,840.00,true,false,false,21.00
992272000,992970000,698000,15000,16000,1.10,1000.00,840.00,true,false,false,21.00
992970000,993668000,698000,15000,16000,1.10,1000.00,840.00,true,false,false,21.00
993668000,994366000,698000,15000,16000,1.10,1000.00,840.00,true,false,false,21.00
994366000,995064000,698000,15000,16000,1.10,1000.00,840.00,true,false,false,21.00
995064000,995762000,698000,15000,16000,1.10,1000.00,807.69,true,false,false,21.00
995762000,996460000,698000,15000,16000,1.10,1000.00,840.00,true,false,false,21.00
996460000,997158000,698000,15000,16000,1.10,1000.00,807.69,true,false,false,21.00
997158000,997856000,698000,15000,16000,1.10,1000.00,840.00,true,false,false,21.00
997856000,998554000,698000,15000,16000,1.10,1000.00,807.69,true,false,false,21.00
998554000,999252000,698000,15000,16000,1.10,1000.00,840.00,true,false,false,21.00
999252000,999951000,699000,15000,16000,1.10,1000.00,840.00,true,false,false,21.00
