start_time,start_tot_tx,start_tot_rx,start_tot_ld,start_seq,end_time,end_tot_tx,end_tot_rx,end_tot_ld,end_seq,duration,acked,ack_rate,probe_ongoing
1000000,3,1,0,1,2034000,8,4,0,2,1034000,3,2.90,false
2034000,8,4,0,2,3472000,10,9,0,7,1438000,5,3.48,false
3722000,11,10,0,8,4744000,13,12,0,10,1022000,2,1.96,false
4744000,13,12,0,10,5766000,15,14,0,12,1022000,2,1.96,false
5766000,15,14,0,12,6788000,18,16,0,14,1022000,2,1.96,true
6788000,18,16,0,14,7894000,21,19,0,17,1106000,3,2.71,true
7894000,21,19,0,17,8916000,24,22,0,20,1022000,3,2.94,true
8916000,24,22,0,20,9938000,26,25,0,23,1022000,3,2.94,true
9938000,26,25,0,23,11043000,29,27,0,25,1105000,2,1.81,true
11043000,29,27,0,25,12149000,32,30,0,28,1106000,3,2.71,false
12149000,32,30,0,28,13171000,35,33,0,31,1022000,3,2.94,false
13171000,35,33,0,31,14193000,38,36,0,34,1022000,3,2.94,false
14193000,38,36,0,34,15215000,41,39,0,37,1022000,3,2.94,false
15215000,41,39,0,37,16237000,44,42,0,40,1022000,3,2.94,false
16237000,44,42,0,40,17259000,47,45,0,43,1022000,3,2.94,false
17259000,47,45,0,43,18281000,50,48,0,46,1022000,3,2.94,false
18281000,50,48,0,46,19303000,53,51,0,49,1022000,3,2.94,false
19303000,53,51,0,49,20325000,56,54,0,52,1022000,3,2.94,false
20325000,56,54,0,52,21347000,59,57,0,55,1022000,3,2.94,false
21347000,59,57,0,55,22369000,62,60,0,58,1022000,3,2.94,false
22369000,62,60,0,58,23391000,65,63,0,61,1022000,3,2.94,false
23391000,65,63,0,61,24414000,68,66,0,64,1023000,3,2.93,false
24414000,68,66,0,64,25512000,71,69,0,67,1098000,3,2.73,false
25512000,71,69,0,67,26522000,74,72,0,70,1010000,3,2.97,false
26522000,74,72,0,70,27532000,77,75,0,73,1010000,3,2.97,false
27532000,77,75,0,73,28542000,80,78,0,76,1010000,3,2.97,false
28542000,80,78,0,76,29552000,83,81,0,79,1010000,3,2.97,false
29552000,83,81,0,79,30562000,86,84,0,82,1010000,3,2.97,false
30562000,86,84,0,82,31572000,89,87,0,85,1010000,3,2.97,false
31572000,89,87,0,85,32582000,92,90,0,88,1010000,3,2.97,false
32582000,92,90,0,88,33592000,95,93,0,91,1010000,3,2.97,false
33592000,95,93,0,91,34602000,98,96,0,94,1010000,3,2.97,false
34602000,98,96,0,94,35612000,101,99,0,97,1010000,3,2.97,false
35612000,101,99,0,97,36622000,104,102,0,100,1010000,3,2.97,false
37465000,106,104,0,102,38475000,109,107,0,105,1010000,3,2.97,false
38475000,109,107,0,105,39485000,112,110,0,108,1010000,3,2.97,false
39485000,112,110,0,108,40495000,116,113,0,111,1010000,3,2.97,true
40495000,116,113,0,111,41587000,120,117,0,115,1092000,4,3.66,true
41587000,120,117,0,115,42597000,124,121,0,119,1010000,4,3.96,true
42597000,124,121,0,119,43607000,127,125,0,123,1010000,4,3.96,true
43607000,127,125,0,123,44699000,131,128,0,126,1092000,3,2.75,true
44699000,131,128,0,126,45792000,135,132,0,130,1093000,4,3.66,false
45792000,135,132,0,130,46802000,139,136,0,134,1010000,4,3.96,false
46802000,139,136,0,134,47812000,143,140,0,138,1010000,4,3.96,false
47812000,143,140,0,138,48822000,147,144,0,142,1010000,4,3.96,false
48822000,147,144,0,142,49832000,151,148,0,146,1010000,4,3.96,false
49832000,151,148,0,146,50842000,155,152,0,150,1010000,4,3.96,false
50842000,155,152,0,150,51852000,159,156,0,154,1010000,4,3.96,false
51852000,159,156,0,154,52862000,163,160,0,158,1010000,4,3.96,false
52862000,163,160,0,158,53872000,167,164,0,162,1010000,4,3.96,false
53872000,167,164,0,162,54882000,171,168,0,166,1010000,4,3.96,false
54882000,171,168,0,166,55892000,175,172,0,170,1010000,4,3.96,false
55892000,175,172,0,170,56902000,179,176,0,174,1010000,4,3.96,false
56902000,179,176,0,174,57912000,183,180,0,178,1010000,4,3.96,false
57912000,183,180,0,178,58922000,187,184,0,182,1010000,4,3.96,false
58922000,187,184,0,182,59932000,191,188,0,186,1010000,4,3.96,false
59932000,191,188,0,186,60942000,195,192,0,190,1010000,4,3.96,false
60942000,195,192,0,190,61952000,199,196,0,194,1010000,4,3.96,false
61952000,199,196,0,194,62962000,203,200,0,198,1010000,4,3.96,false
62962000,203,200,0,198,63972000,207,204,0,202,1010000,4,3.96,false
63972000,207,204,0,202,64982000,211,208,0,206,1010000,4,3.96,false
64982000,211,208,0,206,65992000,215,212,0,210,1010000,4,3.96,false
65992000,215,212,0,210,67042000,219,216,0,214,1050000,4,3.81,false
67042000,219,216,0,214,68052000,223,220,0,218,1010000,4,3.96,false
68052000,223,220,0,218,69062000,227,224,0,222,1010000,4,3.96,false
69062000,227,224,0,222,70072000,231,228,0,226,1010000,4,3.96,false
70957000,234,231,0,229,71967000,238,235,0,233,1010000,4,3.96,false
71967000,238,235,0,233,72977000,242,239,0,237,1010000,4,3.96,false
72977000,242,239,0,237,73987000,247,243,0,241,1010000,4,3.96,true
73987000,247,243,0,241,75073000,252,248,0,246,1086000,5,4.60,true
75073000,252,248,0,246,76084000,257,253,0,251,1011000,5,4.95,true
76084000,257,253,0,251,77095000,261,258,0,256,1011000,5,4.95,true
77095000,261,258,0,256,78130000,266,262,0,260,1035000,4,3.86,true
78130000,266,262,0,260,79183000,272,267,0,265,1053000,5,4.75,false
79183000,272,267,0,265,80195000,278,273,0,271,1012000,6,5.93,false
80195000,278,273,0,271,81206000,284,279,0,277,1011000,6,5.93,false
81206000,284,279,0,277,82217000,290,285,0,283,1011000,6,5.93,false
82217000,290,285,0,283,83228000,296,291,0,289,1011000,6,5.93,false
83228000,296,291,0,289,84239000,302,297,0,295,1011000,6,5.93,false
84239000,302,297,0,295,85250000,308,303,0,301,1011000,6,5.93,false
85250000,308,303,0,301,86301000,314,309,0,307,1051000,6,5.71,false
86301000,314,309,0,307,87312000,320,315,0,313,1011000,6,5.93,false
87312000,320,315,0,313,88323000,326,321,0,319,1011000,6,5.93,false
88323000,326,321,0,319,89334000,332,327,0,325,1011000,6,5.93,false
89334000,332,327,0,325,90345000,338,333,0,331,1011000,6,5.93,false
90345000,338,333,0,331,91356000,344,339,0,337,1011000,6,5.93,false
91356000,344,339,0,337,92367000,350,345,0,343,1011000,6,5.93,false
92367000,350,345,0,343,93378000,356,351,0,349,1011000,6,5.93,false
93378000,356,351,0,349,94389000,362,357,0,355,1011000,6,5.93,false
94389000,362,357,0,355,95400000,368,363,0,361,1011000,6,5.93,false
95400000,368,363,0,361,96411000,374,369,0,367,1011000,6,5.93,false
96411000,374,369,0,367,97422000,380,375,0,373,1011000,6,5.93,false
97422000,380,375,0,373,98433000,386,381,0,379,1011000,6,5.93,false
98433000,386,381,0,379,99444000,392,387,0,385,1011000,6,5.93,false
99444000,392,387,0,385,100455000,398,393,0,391,1011000,6,5.93,false
100455000,398,393,0,391,101466000,404,399,0,397,1011000,6,5.93,false
101466000,404,399,0,397,102477000,410,405,0,403,1011000,6,5.93,false
102477000,410,405,0,403,103488000,416,411,0,409,1011000,6,5.93,false
104415000,421,416,0,414,105426000,427,422,0,420,1011000,6,5.93,false
105426000,427,422,0,420,106436000,433,428,0,426,1010000,6,5.94,false
106436000,433,428,0,426,107447000,440,434,0,432,1011000,6,5.93,true
107447000,440,434,0,432,108529000,447,441,0,439,1082000,7,6.47,true
108529000,447,441,0,439,109541000,454,448,0,446,1012000,7,6.92,true
109541000,454,448,0,446,110552000,460,455,0,453,1011000,7,6.92,true
110552000,460,455,0,453,111575000,467,461,0,459,1023000,6,5.87,true
111575000,467,461,0,459,112626000,475,468,0,466,1051000,7,6.66,false
112626000,475,468,0,466,113638000,483,476,0,474,1012000,8,7.91,false
113638000,483,476,0,474,114649000,491,484,0,482,1011000,8,7.91,false
114649000,491,484,0,482,115660000,499,492,0,490,1011000,8,7.91,false
115660000,499,492,0,490,116671000,507,500,0,498,1011000,8,7.91,false
116671000,507,500,0,498,117682000,515,508,0,506,1011000,8,7.91,false
117682000,515,508,0,506,118693000,523,516,0,514,1011000,8,7.91,false
118693000,523,516,0,514,119704000,531,524,0,522,1011000,8,7.91,false
119704000,531,524,0,522,120715000,539,532,0,530,1011000,8,7.91,false
120715000,539,532,0,530,121726000,547,540,0,538,1011000,8,7.91,false
121726000,547,540,0,538,122737000,555,548,0,546,1011000,8,7.91,false
122737000,555,548,0,546,123748000,563,556,0,554,1011000,8,7.91,false
123748000,563,556,0,554,124759000,571,564,0,562,1011000,8,7.91,false
124759000,571,564,0,562,125770000,579,572,0,570,1011000,8,7.91,false
125770000,579,572,0,570,126781000,587,580,0,578,1011000,8,7.91,false
126781000,587,580,0,578,127833000,595,588,0,586,1052000,8,7.60,false
127833000,595,588,0,586,128844000,603,596,0,594,1011000,8,7.91,false
128844000,603,596,0,594,129855000,611,604,0,602,1011000,8,7.91,false
129855000,611,604,0,602,130866000,619,612,0,610,1011000,8,7.91,false
130866000,619,612,0,610,131877000,627,620,0,618,1011000,8,7.91,false
131877000,627,620,0,618,132888000,635,628,0,626,1011000,8,7.91,false
132888000,635,628,0,626,133899000,643,636,0,634,1011000,8,7.91,false
133899000,643,636,0,634,134910000,651,644,0,642,1011000,8,7.91,false
134910000,651,644,0,642,135921000,659,652,0,650,1011000,8,7.91,false
135921000,659,652,0,650,136932000,667,660,0,658,1011000,8,7.91,false
137879000,674,667,0,665,138890000,682,675,0,673,1011000,8,7.91,false
138890000,682,675,0,673,139901000,690,683,0,681,1011000,8,7.91,false
139901000,690,683,0,681,140912000,699,691,0,689,1011000,8,7.91,true
140912000,699,691,0,689,141943000,708,700,0,698,1031000,9,8.73,true
141943000,708,700,0,698,142954000,717,709,0,707,1011000,9,8.90,true
142954000,717,709,0,707,143965000,725,718,0,716,1011000,9,8.90,true
143965000,725,718,0,716,144983000,734,726,0,724,1018000,8,7.86,true
144983000,734,726,0,724,146022000,745,735,0,733,1039000,9,8.66,false
146022000,745,735,0,733,147034000,756,746,0,744,1012000,11,10.87,false
147034000,756,746,0,744,148046000,767,757,0,755,1012000,11,10.87,false
148046000,767,757,0,755,149073000,778,768,0,766,1027000,11,10.71,false
149073000,778,768,0,766,150107000,789,779,0,777,1034000,11,10.64,false
150107000,789,779,0,777,151119000,800,790,0,788,1012000,11,10.87,false
151119000,800,790,0,788,152131000,811,801,0,799,1012000,11,10.87,false
152131000,811,801,0,799,153143000,822,812,0,810,1012000,11,10.87,false
153143000,822,812,0,810,154155000,833,823,0,821,1012000,11,10.87,false
154155000,833,823,0,821,155167000,844,834,0,832,1012000,11,10.87,false
155167000,844,834,0,832,156179000,855,845,0,843,1012000,11,10.87,false
156179000,855,845,0,843,157191000,866,856,0,854,1012000,11,10.87,false
157191000,866,856,0,854,158202000,877,867,0,865,1011000,11,10.88,false
158202000,877,867,0,865,159213000,888,878,0,876,1011000,11,10.88,false
159213000,888,878,0,876,160224000,899,889,0,887,1011000,11,10.88,false
160224000,899,889,0,887,161235000,910,900,0,898,1011000,11,10.88,false
161235000,910,900,0,898,162246000,921,911,0,909,1011000,11,10.88,false
162246000,921,911,0,909,163257000,932,922,0,920,1011000,11,10.88,false
163257000,932,922,0,920,164268000,943,933,0,931,1011000,11,10.88,false
164268000,943,933,0,931,165279000,954,944,0,942,1011000,11,10.88,false
165279000,954,944,0,942,166290000,965,955,0,953,1011000,11,10.88,false
166290000,965,955,0,953,167301000,976,966,0,964,1011000,11,10.88,false
167301000,976,966,0,964,168312000,987,977,0,975,1011000,11,10.88,false
168312000,987,977,0,975,169364000,998,988,0,986,1052000,11,10.46,false
169364000,998,988,0,986,170375000,1009,999,0,997,1011000,11,10.88,false
171331000,1019,1009,0,1007,172342000,1030,1020,0,1018,1011000,11,10.88,false
172342000,1030,1020,0,1018,173353000,1041,1031,0,1029,1011000,11,10.88,false
173353000,1041,1031,0,1029,174364000,1053,1042,0,1040,1011000,11,10.88,true
174364000,1053,1042,0,1040,175385000,1065,1054,0,1052,1021000,12,11.75,true
175385000,1065,1054,0,1052,176397000,1077,1066,0,1064,1012000,12,11.86,true
176397000,1077,1066,0,1064,177409000,1088,1078,0,1076,1012000,12,11.86,true
177409000,1088,1078,0,1076,178422000,1100,1089,0,1087,1013000,11,10.86,true
178422000,1100,1089,0,1087,179442000,1115,1101,0,1099,1020000,12,11.76,false
179442000,1115,1101,0,1099,180455000,1130,1116,0,1114,1013000,15,14.81,false
180455000,1130,1116,0,1114,181468000,1145,1131,0,1129,1013000,15,14.81,false
181468000,1145,1131,0,1129,182481000,1160,1146,0,1144,1013000,15,14.81,false
182481000,1160,1146,0,1144,183493000,1175,1161,0,1159,1012000,15,14.82,false
183493000,1175,1161,0,1159,184505000,1190,1176,0,1174,1012000,15,14.82,false
184505000,1190,1176,0,1174,185517000,1205,1191,0,1189,1012000,15,14.82,false
185517000,1205,1191,0,1189,186529000,1220,1206,0,1204,1012000,15,14.82,false
186529000,1220,1206,0,1204,187541000,1235,1221,0,1219,1012000,15,14.82,false
187541000,1235,1221,0,1219,188553000,1250,1236,0,1234,1012000,15,14.82,false
188553000,1250,1236,0,1234,189565000,1265,1251,0,1249,1012000,15,14.82,false
189565000,1265,1251,0,1249,190618000,1280,1266,0,1264,1053000,15,14.25,false
190618000,1280,1266,0,1264,191630000,1295,1281,0,1279,1012000,15,14.82,false
191630000,1295,1281,0,1279,192642000,1310,1296,0,1294,1012000,15,14.82,false
192642000,1310,1296,0,1294,193654000,1325,1311,0,1309,1012000,15,14.82,false
193654000,1325,1311,0,1309,194666000,1340,1326,0,1324,1012000,15,14.82,false
194666000,1340,1326,0,1324,195678000,1355,1341,0,1339,1012000,15,14.82,false
195678000,1355,1341,0,1339,196690000,1370,1356,0,1354,1012000,15,14.82,false
196690000,1370,1356,0,1354,197702000,1385,1371,0,1369,1012000,15,14.82,false
197702000,1385,1371,0,1369,198714000,1400,1386,0,1384,1012000,15,14.82,false
198714000,1400,1386,0,1384,199726000,1415,1401,0,1399,1012000,15,14.82,false
199726000,1415,1401,0,1399,200738000,1430,1416,0,1414,1012000,15,14.82,false
200738000,1430,1416,0,1414,201750000,1445,1431,0,1429,1012000,15,14.82,false
201750000,1445,1431,0,1429,202762000,1460,1446,0,1444,1012000,15,14.82,false
202762000,1460,1446,0,1444,203774000,1475,1461,0,1459,1012000,15,14.82,false
204689000,1488,1474,0,1472,205700000,1503,1489,0,1487,1011000,15,14.84,false
205700000,1503,1489,0,1487,206711000,1518,1504,0,1502,1011000,15,14.84,false
206711000,1518,1504,0,1502,207722000,1534,1519,0,1517,1011000,15,14.84,true
207722000,1534,1519,0,1517,208734000,1550,1535,0,1533,1012000,16,15.81,true
208734000,1550,1535,0,1533,209746000,1566,1551,0,1549,1012000,16,15.81,true
209746000,1566,1551,0,1549,210758000,1581,1567,0,1565,1012000,16,15.81,true
210758000,1581,1567,0,1565,211810000,1601,1582,0,1580,1052000,15,14.26,true
211810000,1601,1582,0,1580,212822000,1621,1602,0,1600,1012000,20,19.76,false
212822000,1621,1602,0,1600,213834000,1641,1622,0,1620,1012000,20,19.76,false
213834000,1641,1622,0,1620,214846000,1661,1642,0,1640,1012000,20,19.76,false
214846000,1661,1642,0,1640,215858000,1681,1662,0,1660,1012000,20,19.76,false
215858000,1681,1662,0,1660,216870000,1701,1682,0,1680,1012000,20,19.76,false
216870000,1701,1682,0,1680,217882000,1721,1702,0,1700,1012000,20,19.76,false
217882000,1721,1702,0,1700,218894000,1741,1722,0,1720,1012000,20,19.76,false
218894000,1741,1722,0,1720,219906000,1761,1742,0,1740,1012000,20,19.76,false
219906000,1761,1742,0,1740,220918000,1781,1762,0,1760,1012000,20,19.76,false
220918000,1781,1762,0,1760,221930000,1801,1782,0,1780,1012000,20,19.76,false
221930000,1801,1782,0,1780,222942000,1821,1802,0,1800,1012000,20,19.76,false
222942000,1821,1802,0,1800,223954000,1841,1822,0,1820,1012000,20,19.76,false
223954000,1841,1822,0,1820,224966000,1861,1842,0,1840,1012000,20,19.76,false
224966000,1861,1842,0,1840,225978000,1881,1862,0,1860,1012000,20,19.76,false
225978000,1881,1862,0,1860,226990000,1901,1882,0,1880,1012000,20,19.76,false
226990000,1901,1882,0,1880,228002000,1921,1902,0,1900,1012000,20,19.76,false
228002000,1921,1902,0,1900,229014000,1941,1922,0,1920,1012000,20,19.76,false
229014000,1941,1922,0,1920,230026000,1961,1942,0,1940,1012000,20,19.76,false
230026000,1961,1942,0,1940,231038000,1981,1962,0,1960,1012000,20,19.76,false
231094000,1982,1963,0,1961,232127000,2002,1983,0,1981,1033000,20,19.36,false
232127000,2002,1983,0,1981,233138000,2022,2003,0,2001,1011000,20,19.78,false
233138000,2022,2003,0,2001,234149000,2043,2023,0,2021,1011000,20,19.78,true
234149000,2043,2023,0,2021,235160000,2064,2044,0,2042,1011000,21,20.77,true
235160000,2064,2044,0,2042,236171000,2085,2065,0,2063,1011000,21,20.77,true
236171000,2085,2065,0,2063,237182000,2105,2086,0,2084,1011000,21,20.77,true
237182000,2105,2086,0,2084,238193000,2131,2106,0,2104,1011000,20,19.78,true
238193000,2131,2106,0,2104,239204000,2157,2132,0,2130,1011000,26,25.72,false
239204000,2157,2132,0,2130,240215000,2183,2158,0,2156,1011000,26,25.72,false
240215000,2183,2158,0,2156,241226000,2209,2184,0,2182,1011000,26,25.72,false
241226000,2209,2184,0,2182,242237000,2235,2210,0,2208,1011000,26,25.72,false
242237000,2235,2210,0,2208,243248000,2261,2236,0,2234,1011000,26,25.72,false
243248000,2261,2236,0,2234,244259000,2287,2262,0,2260,1011000,26,25.72,false
244259000,2287,2262,0,2260,245270000,2313,2288,0,2286,1011000,26,25.72,false
245270000,2313,2288,0,2286,246281000,2339,2314,0,2312,1011000,26,25.72,false
246281000,2339,2314,0,2312,247292000,2365,2340,0,2338,1011000,26,25.72,false
247292000,2365,2340,0,2338,248303000,2391,2366,0,2364,1011000,26,25.72,false
248303000,2391,2366,0,2364,249314000,2417,2392,0,2390,1011000,26,25.72,false
249314000,2417,2392,0,2390,250325000,2443,2418,0,2416,1011000,26,25.72,false
250325000,2443,2418,0,2416,251336000,2469,2444,0,2442,1011000,26,25.72,false
251336000,2469,2444,0,2442,252347000,2495,2470,0,2468,1011000,26,25.72,false
252347000,2495,2470,0,2468,253403000,2521,2496,0,2494,1056000,26,24.62,false
253403000,2521,2496,0,2494,254414000,2547,2522,0,2520,1011000,26,25.72,false
254414000,2547,2522,0,2520,255425000,2573,2548,0,2546,1011000,26,25.72,false
256358000,2598,2573,0,2571,257369000,2624,2599,0,2597,1011000,26,25.72,false
257369000,2624,2599,0,2597,258380000,2650,2625,0,2623,1011000,26,25.72,false
258380000,2650,2625,0,2623,259391000,2678,2651,0,2649,1011000,26,25.72,true
259391000,2678,2651,0,2649,260402000,2706,2679,0,2677,1011000,28,27.70,true
260402000,2706,2679,0,2677,261413000,2732,2707,0,2705,1011000,28,27.70,true
261413000,2732,2707,0,2705,262424000,2761,2733,0,2731,1011000,26,25.72,true
262424000,2761,2733,0,2731,263435000,2790,2762,0,2760,1011000,29,28.68,false
263435000,2790,2762,0,2760,264446000,2819,2791,0,2789,1011000,29,28.68,false
264446000,2819,2791,0,2789,265457000,2848,2820,0,2818,1011000,29,28.68,false
265457000,2848,2820,0,2818,266468000,2877,2849,0,2847,1011000,29,28.68,false
266468000,2877,2849,0,2847,267479000,2906,2878,0,2876,1011000,29,28.68,false
267479000,2906,2878,0,2876,268490000,2935,2907,0,2905,1011000,29,28.68,false
268490000,2935,2907,0,2905,269501000,2964,2936,0,2934,1011000,29,28.68,false
269501000,2964,2936,0,2934,270512000,2993,2965,0,2963,1011000,29,28.68,false
270512000,2993,2965,0,2963,271523000,3022,2994,0,2992,1011000,29,28.68,false
271523000,3022,2994,0,2992,272534000,3051,3023,0,3021,1011000,29,28.68,false
272534000,3051,3023,0,3021,273545000,3080,3052,0,3050,1011000,29,28.68,false
273545000,3080,3052,0,3050,274601000,3109,3081,0,3079,1056000,29,27.46,false
274601000,3109,3081,0,3079,275612000,3138,3110,0,3108,1011000,29,28.68,false
275612000,3138,3110,0,3108,276623000,3167,3139,0,3137,1011000,29,28.68,false
276623000,3167,3139,0,3137,277634000,3196,3168,0,3166,1011000,29,28.68,false
277634000,3196,3168,0,3166,278645000,3225,3197,0,3195,1011000,29,28.68,false
278645000,3225,3197,0,3195,279656000,3254,3226,0,3224,1011000,29,28.68,false
279656000,3254,3226,0,3224,280667000,3283,3255,0,3253,1011000,29,28.68,false
281028000,3292,3264,0,3262,282041000,3321,3293,0,3291,1013000,29,28.63,false
282041000,3321,3293,0,3291,283054000,3350,3322,0,3320,1013000,29,28.63,false
283054000,3350,3322,0,3320,284067000,3381,3351,0,3349,1013000,29,28.63,true
284067000,3381,3351,0,3349,285080000,3412,3382,0,3380,1013000,31,30.60,true
285080000,3412,3382,0,3380,286092000,3441,3413,0,3411,1012000,31,30.63,true
286092000,3441,3413,0,3411,287104000,3479,3442,0,3440,1012000,29,28.66,true
287104000,3479,3442,0,3440,288119000,3517,3480,0,3478,1015000,38,37.44,false
288119000,3517,3480,0,3478,289134000,3555,3518,0,3516,1015000,38,37.44,false
289134000,3555,3518,0,3516,290149000,3593,3556,0,3554,1015000,38,37.44,false
290149000,3593,3556,0,3554,291164000,3631,3594,0,3592,1015000,38,37.44,false
291164000,3631,3594,0,3592,292180000,3669,3632,0,3630,1016000,38,37.40,false
292180000,3669,3632,0,3630,293196000,3707,3670,0,3668,1016000,38,37.40,false
293196000,3707,3670,0,3668,294212000,3745,3708,0,3706,1016000,38,37.40,false
294212000,3745,3708,0,3706,295228000,3783,3746,0,3744,1016000,38,37.40,false
295228000,3783,3746,0,3744,296286000,3821,3784,0,3782,1058000,38,35.92,false
296286000,3821,3784,0,3782,297303000,3859,3822,0,3820,1017000,38,37.36,false
297303000,3859,3822,0,3820,298320000,3897,3860,0,3858,1017000,38,37.36,false
298320000,3897,3860,0,3858,299337000,3935,3898,0,3896,1017000,38,37.36,false
299337000,3935,3898,0,3896,300354000,3973,3936,0,3934,1017000,38,37.36,false
300354000,3973,3936,0,3934,301371000,4011,3974,0,3972,1017000,38,37.36,false
301371000,4011,3974,0,3972,302388000,4049,4012,0,4010,1017000,38,37.36,false
302388000,4049,4012,0,4010,303404000,4087,4050,0,4048,1016000,38,37.40,false
303404000,4087,4050,0,4048,304420000,4125,4088,0,4086,1016000,38,37.40,false
304420000,4125,4088,0,4086,305436000,4163,4126,0,4124,1016000,38,37.40,false
306084000,4185,4148,0,4146,307095000,4223,4186,0,4184,1011000,38,37.59,false
307095000,4223,4186,0,4184,308106000,4261,4224,0,4222,1011000,38,37.59,false
308106000,4261,4224,0,4222,309117000,4301,4262,0,4260,1011000,38,37.59,true
309117000,4301,4262,0,4260,310128000,4341,4302,0,4300,1011000,40,39.56,true
310128000,4341,4302,0,4300,311139000,4379,4342,0,4340,1011000,40,39.56,true
311139000,4379,4342,0,4340,312150000,4429,4380,0,4378,1011000,38,37.59,true
312150000,4429,4380,0,4378,313161000,4479,4430,0,4428,1011000,50,49.46,false
313161000,4479,4430,0,4428,314172000,4529,4480,0,4478,1011000,50,49.46,false
314172000,4529,4480,0,4478,315183000,4579,4530,0,4528,1011000,50,49.46,false
315183000,4579,4530,0,4528,316195000,4629,4580,0,4578,1012000,50,49.41,false
316195000,4629,4580,0,4578,317255000,4679,4630,0,4628,1060000,50,47.17,false
317255000,4679,4630,0,4628,318266000,4729,4680,0,4678,1011000,50,49.46,false
318266000,4729,4680,0,4678,319277000,4779,4730,0,4728,1011000,50,49.46,false
319277000,4779,4730,0,4728,320288000,4829,4780,0,4778,1011000,50,49.46,false
320288000,4829,4780,0,4778,321299000,4879,4830,0,4828,1011000,50,49.46,false
321299000,4879,4830,0,4828,322310000,4929,4880,0,4878,1011000,50,49.46,false
322310000,4929,4880,0,4878,323321000,4979,4930,0,4928,1011000,50,49.46,false
323321000,4979,4930,0,4928,324333000,5029,4980,0,4978,1012000,50,49.41,false
324333000,5029,4980,0,4978,325345000,5079,5030,0,5028,1012000,50,49.41,false
325345000,5079,5030,0,5028,326357000,5129,5080,0,5078,1012000,50,49.41,false
326357000,5129,5080,0,5078,327370000,5179,5130,0,5128,1013000,50,49.36,false
327370000,5179,5130,0,5128,328383000,5229,5180,0,5178,1013000,50,49.36,false
328383000,5229,5180,0,5178,329396000,5279,5230,0,5228,1013000,50,49.36,false
329396000,5279,5230,0,5228,330410000,5329,5280,0,5278,1014000,50,49.31,false
330853000,5346,5297,0,5295,331868000,5396,5347,0,5345,1015000,50,49.26,false
331868000,5396,5347,0,5345,332882000,5446,5397,0,5395,1014000,50,49.31,false
332882000,5446,5397,0,5395,333896000,5499,5447,0,5445,1014000,50,49.31,true
333896000,5499,5447,0,5445,334910000,5552,5500,0,5498,1014000,53,52.27,true
334910000,5552,5500,0,5498,335924000,5602,5553,0,5551,1014000,53,52.27,true
335924000,5602,5553,0,5551,336938000,5657,5603,0,5601,1014000,50,49.31,true
336938000,5657,5603,0,5601,337952000,5712,5658,0,5656,1014000,55,54.24,false
337952000,5712,5658,0,5656,339024000,5767,5713,0,5711,1072000,55,51.31,false
339024000,5767,5713,0,5711,340035000,5822,5768,0,5766,1011000,55,54.40,false
340035000,5822,5768,0,5766,341046000,5877,5823,0,5821,1011000,55,54.40,false
341046000,5877,5823,0,5821,342057000,5932,5878,0,5876,1011000,55,54.40,false
342057000,5932,5878,0,5876,343068000,5987,5933,0,5931,1011000,55,54.40,false
343068000,5987,5933,0,5931,344079000,6042,5988,0,5986,1011000,55,54.40,false
344079000,6042,5988,0,5986,345090000,6097,6043,0,6041,1011000,55,54.40,false
345090000,6097,6043,0,6041,346101000,6152,6098,0,6096,1011000,55,54.40,false
346101000,6152,6098,0,6096,347112000,6207,6153,0,6151,1011000,55,54.40,false
347112000,6207,6153,0,6151,348123000,6262,6208,0,6206,1011000,55,54.40,false
348123000,6262,6208,0,6206,349135000,6317,6263,0,6261,1012000,55,54.35,false
349135000,6317,6263,0,6261,350147000,6372,6318,0,6316,1012000,55,54.35,false
350147000,6372,6318,0,6316,351159000,6427,6373,0,6371,1012000,55,54.35,false
351159000,6427,6373,0,6371,352171000,6482,6428,0,6426,1012000,55,54.35,false
352171000,6482,6428,0,6426,353183000,6537,6483,0,6481,1012000,55,54.35,false
353183000,6537,6483,0,6481,354195000,6592,6538,0,6536,1012000,55,54.35,false
354195000,6592,6538,0,6536,355207000,6647,6593,0,6591,1012000,55,54.35,false
355442000,6659,6605,0,6603,356455000,6714,6660,0,6658,1013000,55,54.29,false
356455000,6714,6660,0,6658,357468000,6769,6715,0,6713,1013000,55,54.29,false
357468000,6769,6715,0,6713,358481000,6827,6770,0,6768,1013000,55,54.29,true
358481000,6827,6770,0,6768,359494000,6885,6828,0,6826,1013000,58,57.26,true
359494000,6885,6828,0,6826,360555000,6940,6886,0,6884,1061000,58,54.67,true
360555000,6940,6886,0,6884,361566000,7012,6941,0,6939,1011000,55,54.40,true
361566000,7012,6941,0,6939,362577000,7084,7013,0,7011,1011000,72,71.22,false
362577000,7084,7013,0,7011,363589000,7156,7085,0,7083,1012000,72,71.15,false
363589000,7156,7085,0,7083,364601000,7228,7157,0,7155,1012000,72,71.15,false
364601000,7228,7157,0,7155,365613000,7300,7229,0,7227,1012000,72,71.15,false
365613000,7300,7229,0,7227,366626000,7372,7301,0,7299,1013000,72,71.08,false
366626000,7372,7301,0,7299,367639000,7444,7373,0,7371,1013000,72,71.08,false
367639000,7444,7373,0,7371,368652000,7516,7445,0,7443,1013000,72,71.08,false
368652000,7516,7445,0,7443,369665000,7588,7517,0,7515,1013000,72,71.08,false
369665000,7588,7517,0,7515,370679000,7660,7589,0,7587,1014000,72,71.01,false
370679000,7660,7589,0,7587,371693000,7732,7661,0,7659,1014000,72,71.01,false
371693000,7732,7661,0,7659,372707000,7804,7733,0,7731,1014000,72,71.01,false
372707000,7804,7733,0,7731,373721000,7876,7805,0,7803,1014000,72,71.01,false
373721000,7876,7805,0,7803,374735000,7948,7877,0,7875,1014000,72,71.01,false
374735000,7948,7877,0,7875,375750000,8020,7949,0,7947,1015000,72,70.94,false
375750000,8020,7949,0,7947,376765000,8092,8021,0,8019,1015000,72,70.94,false
376765000,8092,8021,0,8019,377780000,8164,8093,0,8091,1015000,72,70.94,false
377780000,8164,8093,0,8091,378795000,8236,8165,0,8163,1015000,72,70.94,false
379674000,8297,8226,0,8224,380689000,8369,8298,0,8296,1015000,72,70.94,false
380689000,8369,8298,0,8296,381754000,8441,8370,0,8368,1065000,72,67.61,false
381754000,8441,8370,0,8368,382768000,8516,8442,0,8440,1014000,72,71.01,true
382768000,8516,8442,0,8440,383782000,8591,8517,0,8515,1014000,75,73.96,true
383782000,8591,8517,0,8515,384796000,8663,8592,0,8590,1014000,75,73.96,true
384796000,8663,8592,0,8590,385810000,8757,8664,0,8662,1014000,72,71.01,true
385810000,8757,8664,0,8662,386829000,8851,8758,0,8756,1019000,94,92.25,false
386829000,8851,8758,0,8756,387848000,8945,8852,0,8850,1019000,94,92.25,false
387848000,8945,8852,0,8850,388868000,9039,8946,0,8944,1020000,94,92.16,false
388868000,9039,8946,0,8944,389888000,9133,9040,0,9038,1020000,94,92.16,false
389888000,9133,9040,0,9038,390908000,9227,9134,0,9132,1020000,94,92.16,false
390908000,9227,9134,0,9132,391928000,9321,9228,0,9226,1020000,94,92.16,false
391928000,9321,9228,0,9226,392948000,9415,9322,0,9320,1020000,94,92.16,false
392948000,9415,9322,0,9320,393968000,9509,9416,0,9414,1020000,94,92.16,false
393968000,9509,9416,0,9414,394988000,9603,9510,0,9508,1020000,94,92.16,false
394988000,9603,9510,0,9508,396007000,9697,9604,0,9602,1019000,94,92.25,false
396007000,9697,9604,0,9602,397026000,9791,9698,0,9696,1019000,94,92.25,false
397026000,9791,9698,0,9696,398045000,9885,9792,0,9790,1019000,94,92.25,false
398045000,9885,9792,0,9790,399064000,9979,9886,0,9884,1019000,94,92.25,false
399064000,9979,9886,0,9884,400082000,10073,9980,0,9978,1018000,94,92.34,false
400082000,10073,9980,0,9978,401100000,10167,10074,0,10072,1018000,94,92.34,false
401100000,10167,10074,0,10072,402118000,10261,10168,0,10166,1018000,94,92.34,false
402118000,10261,10168,0,10166,403182000,10355,10262,0,10260,1064000,94,88.35,false
403182000,10355,10262,0,10260,404199000,10449,10356,0,10354,1017000,94,92.43,false
404431000,10474,10381,0,10379,405448000,10568,10475,0,10473,1017000,94,92.43,false
405448000,10568,10475,0,10473,406465000,10662,10569,0,10567,1017000,94,92.43,false
406465000,10662,10569,0,10567,407482000,10761,10663,0,10661,1017000,94,92.43,true
407482000,10761,10663,0,10661,408499000,10860,10762,0,10760,1017000,99,97.35,true
408499000,10860,10762,0,10760,409516000,10954,10861,0,10859,1017000,99,97.35,true
409516000,10954,10861,0,10859,410533000,11077,10955,0,10953,1017000,94,92.43,true
410533000,11077,10955,0,10953,411551000,11200,11078,0,11076,1018000,123,120.83,false
411551000,11200,11078,0,11076,412571000,11323,11201,0,11199,1020000,123,120.59,false
412571000,11323,11201,0,11199,413592000,11446,11324,0,11322,1021000,123,120.47,false
413592000,11446,11324,0,11322,414614000,11569,11447,0,11445,1022000,123,120.35,false
414614000,11569,11447,0,11445,415637000,11692,11570,0,11568,1023000,123,120.23,false
415637000,11692,11570,0,11568,416661000,11815,11693,0,11691,1024000,123,120.12,false
416661000,11815,11693,0,11691,417686000,11938,11816,0,11814,1025000,123,120.00,false
417686000,11938,11816,0,11814,418710000,12061,11939,0,11937,1024000,123,120.12,false
418710000,12061,11939,0,11937,419734000,12184,12062,0,12060,1024000,123,120.12,false
419734000,12184,12062,0,12060,420758000,12307,12185,0,12183,1024000,123,120.12,false
420758000,12307,12185,0,12183,421782000,12430,12308,0,12306,1024000,123,120.12,false
421782000,12430,12308,0,12306,422806000,12553,12431,0,12429,1024000,123,120.12,false
422806000,12553,12431,0,12429,423830000,12676,12554,0,12552,1024000,123,120.12,false
423830000,12676,12554,0,12552,424901000,12799,12677,0,12675,1071000,123,114.85,false
424901000,12799,12677,0,12675,425915000,12922,12800,0,12798,1014000,123,121.30,false
425915000,12922,12800,0,12798,426930000,13045,12923,0,12921,1015000,123,121.18,false
426930000,13045,12923,0,12921,427946000,13168,13046,0,13044,1016000,123,121.06,false
427946000,13168,13046,0,13044,428963000,13291,13169,0,13167,1017000,123,120.94,false
429448000,13349,13227,0,13225,430461000,13472,13350,0,13348,1013000,123,121.42,false
430461000,13472,13350,0,13348,431475000,13595,13473,0,13471,1014000,123,121.30,false
431475000,13595,13473,0,13471,432489000,13725,13596,0,13594,1014000,123,121.30,true
432489000,13725,13596,0,13594,433504000,13855,13726,0,13724,1015000,130,128.08,true
433504000,13855,13726,0,13724,434519000,13978,13856,0,13854,1015000,130,128.08,true
434519000,13978,13856,0,13854,435534000,14138,13979,0,13977,1015000,123,121.18,true
435534000,14138,13979,0,13977,436553000,14298,14139,0,14137,1019000,160,157.02,false
436553000,14298,14139,0,14137,437575000,14458,14299,0,14297,1022000,160,156.56,false
437575000,14458,14299,0,14297,438600000,14618,14459,0,14457,1025000,160,156.10,false
438600000,14618,14459,0,14457,439628000,14778,14619,0,14617,1028000,160,155.64,false
439628000,14778,14619,0,14617,440656000,14938,14779,0,14777,1028000,160,155.64,false
440656000,14938,14779,0,14777,441685000,15098,14939,0,14937,1029000,160,155.49,false
441685000,15098,14939,0,14937,442714000,15258,15099,0,15097,1029000,160,155.49,false
442714000,15258,15099,0,15097,443742000,15418,15259,0,15257,1028000,160,155.64,false
443742000,15418,15259,0,15257,444770000,15578,15419,0,15417,1028000,160,155.64,false
444770000,15578,15419,0,15417,445797000,15738,15579,0,15577,1027000,160,155.79,false
445797000,15738,15579,0,15577,446823000,15898,15739,0,15737,1026000,160,155.95,false
446823000,15898,15739,0,15737,447904000,16056,15899,0,15897,1081000,160,148.01,false
447904000,16056,15899,0,15897,448925000,16216,16057,0,16055,1021000,158,154.75,false
448925000,16216,16057,0,16055,449943000,16376,16217,0,16215,1018000,160,157.17,false
449943000,16376,16217,0,16215,450960000,16536,16377,0,16375,1017000,160,157.33,false
450960000,16536,16377,0,16375,451977000,16696,16537,0,16535,1017000,160,157.33,false
451977000,16696,16537,0,16535,452994000,16856,16697,0,16695,1017000,160,157.33,false
452994000,16856,16697,0,16695,454011000,17016,16857,0,16855,1017000,160,157.33,false
454727000,17129,16970,0,16968,455739000,17289,17130,0,17128,1012000,160,158.10,false
455739000,17289,17130,0,17128,456751000,17449,17290,0,17288,1012000,160,158.10,false
456751000,17449,17290,0,17288,457763000,17616,17450,0,17448,1012000,160,158.10,true
457763000,17616,17450,0,17448,458775000,17783,17617,0,17615,1012000,167,165.02,true
458775000,17783,17617,0,17615,459787000,17943,17784,0,17782,1012000,167,165.02,true
459787000,17943,17784,0,17782,460799000,18151,17944,0,17942,1012000,160,158.10,true
460799000,18151,17944,0,17942,461816000,18359,18152,0,18150,1017000,208,204.52,false
461816000,18359,18152,0,18150,462837000,18567,18360,0,18358,1021000,208,203.72,false
462837000,18567,18360,0,18358,463863000,18775,18568,0,18566,1026000,208,202.73,false
463863000,18775,18568,0,18566,464891000,18983,18776,0,18774,1028000,208,202.33,false
464891000,18983,18776,0,18774,465920000,19191,18984,0,18982,1029000,208,202.14,false
465920000,19191,18984,0,18982,466949000,19399,19192,0,19190,1029000,208,202.14,false
466949000,19399,19192,0,19190,467977000,19607,19400,0,19398,1028000,208,202.33,false
467977000,19607,19400,0,19398,469005000,19815,19608,0,19606,1028000,208,202.33,false
469005000,19815,19608,0,19606,470101000,20023,19816,0,19814,1096000,208,189.78,false
470101000,20023,19816,0,19814,471120000,20231,20024,0,20022,1019000,208,204.12,false
471120000,20231,20024,0,20022,472139000,20439,20232,0,20230,1019000,208,204.12,false
472139000,20439,20232,0,20230,473157000,20647,20440,0,20438,1018000,208,204.32,false
473157000,20647,20440,0,20438,474175000,20855,20648,0,20646,1018000,208,204.32,false
474175000,20855,20648,0,20646,475192000,21063,20856,0,20854,1017000,208,204.52,false
475192000,21063,20856,0,20854,476209000,21271,21064,0,21062,1017000,208,204.52,false
476209000,21271,21064,0,21062,477225000,21479,21272,0,21270,1016000,208,204.72,false
477225000,21479,21272,0,21270,478241000,21687,21480,0,21478,1016000,208,204.72,false
478241000,21687,21480,0,21478,479257000,21895,21688,0,21686,1016000,208,204.72,false
479922000,22035,21828,0,21826,480935000,22243,22036,0,22034,1013000,208,205.33,false
480935000,22243,22036,0,22034,481948000,22451,22244,0,22242,1013000,208,205.33,false
481948000,22451,22244,0,22242,482961000,22669,22452,0,22450,1013000,208,205.33,true
482961000,22669,22452,0,22450,483975000,22887,22670,0,22668,1014000,218,214.99,true
483975000,22887,22670,0,22668,484989000,23095,22888,0,22886,1014000,218,214.99,true
484989000,23095,22888,0,22886,486004000,23366,23096,0,23094,1015000,208,204.93,true
486004000,23366,23096,0,23094,487027000,23637,23367,0,23365,1023000,271,264.91,false
487027000,23637,23367,0,23365,488058000,23908,23638,0,23636,1031000,271,262.85,false
488058000,23908,23638,0,23636,489094000,24179,23909,0,23907,1036000,271,261.58,false
489094000,24179,23909,0,23907,490130000,24450,24180,0,24178,1036000,271,261.58,false
490130000,24450,24180,0,24178,491165000,24721,24451,0,24449,1035000,271,261.84,false
491165000,24721,24451,0,24449,492280000,24992,24722,0,24720,1115000,271,243.05,false
492280000,24992,24722,0,24720,493302000,25263,24993,0,24991,1022000,271,265.17,false
493302000,25263,24993,0,24991,494323000,25534,25264,0,25262,1021000,271,265.43,false
494323000,25534,25264,0,25262,495343000,25805,25535,0,25533,1020000,271,265.69,false
495343000,25805,25535,0,25533,496362000,26076,25806,0,25804,1019000,271,265.95,false
496362000,26076,25806,0,25804,497380000,26347,26077,0,26075,1018000,271,266.21,false
497380000,26347,26077,0,26075,498397000,26618,26348,0,26346,1017000,271,266.47,false
498397000,26618,26348,0,26346,499413000,26889,26619,0,26617,1016000,271,266.73,false
499413000,26889,26619,0,26617,500429000,27160,26890,0,26888,1016000,271,266.73,false
500429000,27160,26890,0,26888,501444000,27431,27161,0,27159,1015000,271,267.00,false
501444000,27431,27161,0,27159,502459000,27702,27432,0,27430,1015000,271,267.00,false
502459000,27702,27432,0,27430,503474000,27973,27703,0,27701,1015000,271,267.00,false
503474000,27973,27703,0,27701,504489000,28244,27974,0,27972,1015000,271,267.00,false
505210000,28440,28170,0,28168,506228000,28711,28441,0,28439,1018000,271,266.21,false
506228000,28711,28441,0,28439,507246000,28982,28712,0,28710,1018000,271,266.21,false
507246000,28982,28712,0,28710,508264000,29269,28983,0,28981,1018000,271,266.21,true
508264000,29269,28983,0,28981,509282000,29556,29270,0,29268,1018000,287,281.93,true
509282000,29556,29270,0,29268,510300000,29827,29557,0,29555,1018000,287,281.93,true
510300000,29827,29557,0,29555,511318000,30121,29828,0,29826,1018000,271,266.21,true
511318000,30121,29828,0,29826,512336000,30415,30122,0,30120,1018000,294,288.80,false
512336000,30415,30122,0,30120,513355000,30709,30416,0,30414,1019000,294,288.52,false
513355000,30709,30416,0,30414,514417000,31003,30710,0,30708,1062000,294,276.84,false
514417000,31003,30710,0,30708,515439000,31297,31004,0,31002,1022000,294,287.67,false
515439000,31297,31004,0,31002,516461000,31591,31298,0,31296,1022000,294,287.67,false
516461000,31591,31298,0,31296,517482000,31885,31592,0,31590,1021000,294,287.95,false
517482000,31885,31592,0,31590,518503000,32179,31886,0,31884,1021000,294,287.95,false
518503000,32179,31886,0,31884,519524000,32473,32180,0,32178,1021000,294,287.95,false
519524000,32473,32180,0,32178,520544000,32767,32474,0,32472,1020000,294,288.24,false
520544000,32767,32474,0,32472,521564000,33061,32768,0,32766,1020000,294,288.24,false
521564000,33061,32768,0,32766,522584000,33355,33062,0,33060,1020000,294,288.24,false
522584000,33355,33062,0,33060,523604000,33649,33356,0,33354,1020000,294,288.24,false
523604000,33649,33356,0,33354,524624000,33943,33650,0,33648,1020000,294,288.24,false
524624000,33943,33650,0,33648,525645000,34237,33944,0,33942,1021000,294,287.95,false
525645000,34237,33944,0,33942,526666000,34531,34238,0,34236,1021000,294,287.95,false
526666000,34531,34238,0,34236,527687000,34825,34532,0,34530,1021000,294,287.95,false
527687000,34825,34532,0,34530,528708000,35119,34826,0,34824,1021000,294,287.95,false
528708000,35119,34826,0,34824,529730000,35413,35120,0,35118,1022000,294,287.67,false
530092000,35516,35223,0,35221,531113000,35810,35517,0,35515,1021000,294,287.95,false
531113000,35810,35517,0,35515,532134000,36104,35811,0,35809,1021000,294,287.95,false
532134000,36104,35811,0,35809,533156000,36423,36105,0,36103,1022000,294,287.67,true
533156000,36423,36105,0,36103,534178000,36742,36424,0,36422,1022000,319,312.13,true
534178000,36742,36424,0,36422,535200000,37036,36743,0,36741,1022000,319,312.13,true
535200000,37036,36743,0,36741,536303000,37353,37037,0,37035,1103000,294,266.55,true
536303000,37353,37037,0,37035,537311000,37670,37354,0,37352,1008000,317,314.48,false
537311000,37670,37354,0,37352,538319000,37987,37671,0,37669,1008000,317,314.48,false
538319000,37987,37671,0,37669,539328000,38304,37988,0,37986,1009000,317,314.17,false
539328000,38304,37988,0,37986,540339000,38621,38305,0,38303,1011000,317,313.55,false
540339000,38621,38305,0,38303,541353000,38938,38622,0,38620,1014000,317,312.62,false
541353000,38938,38622,0,38620,542369000,39255,38939,0,38937,1016000,317,312.01,false
542369000,39255,38939,0,38937,543386000,39572,39256,0,39254,1017000,317,311.70,false
543386000,39572,39256,0,39254,544403000,39889,39573,0,39571,1017000,317,311.70,false
544403000,39889,39573,0,39571,545420000,40206,39890,0,39888,1017000,317,311.70,false
545420000,40206,39890,0,39888,546438000,40523,40207,0,40205,1018000,317,311.39,false
546438000,40523,40207,0,40205,547456000,40840,40524,0,40522,1018000,317,311.39,false
547456000,40840,40524,0,40522,548474000,41157,40841,0,40839,1018000,317,311.39,false
548474000,41157,40841,0,40839,549492000,41474,41158,0,41156,1018000,317,311.39,false
549492000,41474,41158,0,41156,550509000,41791,41475,0,41473,1017000,317,311.70,false
550509000,41791,41475,0,41473,551526000,42108,41792,0,41790,1017000,317,311.70,false
551526000,42108,41792,0,41790,552543000,42425,42109,0,42107,1017000,317,311.70,false
552543000,42425,42109,0,42107,553559000,42742,42426,0,42424,1016000,317,312.01,false
553559000,42742,42426,0,42424,554575000,43059,42743,0,42741,1016000,317,312.01,false
554846000,43145,42829,0,42827,555862000,43462,43146,0,43144,1016000,317,312.01,false
555862000,43462,43146,0,43144,556878000,43779,43463,0,43461,1016000,317,312.01,false
556878000,43779,43463,0,43461,557946000,44115,43780,0,43778,1068000,317,296.82,true
557946000,44115,43780,0,43778,558951000,44451,44116,0,44114,1005000,336,334.33,true
558951000,44451,44116,0,44114,559958000,44768,44452,0,44450,1007000,336,333.66,true
559958000,44768,44452,0,44450,560967000,45181,44769,0,44767,1009000,317,314.17,true
560967000,45181,44769,0,44767,562003000,45594,45182,0,45180,1036000,413,398.65,false
562003000,45594,45182,0,45180,563053000,46007,45595,0,45593,1050000,413,393.33,false
563053000,46007,45595,0,45593,564099000,46420,46008,0,46006,1046000,413,394.84,false
564099000,46420,46008,0,46006,565140000,46833,46421,0,46419,1041000,413,396.73,false
565140000,46833,46421,0,46419,566177000,47246,46834,0,46832,1037000,413,398.26,false
566177000,47246,46834,0,46832,567210000,47659,47247,0,47245,1033000,413,399.81,false
567210000,47659,47247,0,47245,568241000,48072,47660,0,47658,1031000,413,400.58,false
568241000,48072,47660,0,47658,569269000,48485,48073,0,48071,1028000,413,401.75,false
569269000,48485,48073,0,48071,570296000,48898,48486,0,48484,1027000,413,402.14,false
570296000,48898,48486,0,48484,571322000,49311,48899,0,48897,1026000,413,402.53,false
571322000,49311,48899,0,48897,572348000,49724,49312,0,49310,1026000,413,402.53,false
572348000,49724,49312,0,49310,573375000,50137,49725,0,49723,1027000,413,402.14,false
573375000,50137,49725,0,49723,574402000,50550,50138,0,50136,1027000,413,402.14,false
574402000,50550,50138,0,50136,575429000,50963,50551,0,50549,1027000,413,402.14,false
575429000,50963,50551,0,50549,576457000,51376,50964,0,50962,1028000,413,401.75,false
576457000,51376,50964,0,50962,577485000,51789,51377,0,51375,1028000,413,401.75,false
577485000,51789,51377,0,51375,578514000,52202,51790,0,51788,1029000,413,401.36,false
578514000,52202,51790,0,51788,579542000,52615,52203,0,52201,1028000,413,401.75,false
580334000,52933,52521,0,52519,581473000,53346,52934,0,52932,1139000,413,362.60,false
581473000,53346,52934,0,52932,582484000,53759,53347,0,53345,1011000,413,408.51,false
582484000,53759,53347,0,53345,583495000,54189,53760,0,53758,1011000,413,408.51,true
583495000,54189,53760,0,53758,584509000,54619,54190,0,54188,1014000,430,424.06,true
584509000,54619,54190,0,54188,585526000,55049,54620,0,54618,1017000,430,422.81,true
585526000,55049,54620,0,54618,586543000,55462,55050,0,55048,1017000,430,422.81,true
586543000,55462,55050,0,55048,587560000,55903,55463,0,55461,1017000,413,406.10,true
587560000,55903,55463,0,55461,588577000,56344,55904,0,55902,1017000,441,433.63,false
588577000,56344,55904,0,55902,589594000,56785,56345,0,56343,1017000,441,433.63,false
589594000,56785,56345,0,56343,590612000,57226,56786,0,56784,1018000,441,433.20,false
590612000,57226,56786,0,56784,591631000,57667,57227,0,57225,1019000,441,432.78,false
591631000,57667,57227,0,57225,592650000,58108,57668,0,57666,1019000,441,432.78,false
592650000,58108,57668,0,57666,593670000,58549,58109,0,58107,1020000,441,432.35,false
593670000,58549,58109,0,58107,594690000,58990,58550,0,58548,1020000,441,432.35,false
594690000,58990,58550,0,58548,595710000,59431,58991,0,58989,1020000,441,432.35,false
595710000,59431,58991,0,58989,596730000,59872,59432,0,59430,1020000,441,432.35,false
596730000,59872,59432,0,59430,597749000,60313,59873,0,59871,1019000,441,432.78,false
597749000,60313,59873,0,59871,598768000,60754,60314,0,60312,1019000,441,432.78,false
598768000,60754,60314,0,60312,599787000,61195,60755,0,60753,1019000,441,432.78,false
599787000,61195,60755,0,60753,600806000,61636,61196,0,61194,1019000,441,432.78,false
600806000,61636,61196,0,61194,601825000,62077,61637,0,61635,1019000,441,432.78,false
601825000,62077,61637,0,61635,602867000,62518,62078,0,62076,1042000,441,423.22,false
602867000,62518,62078,0,62076,603888000,62959,62519,0,62517,1021000,441,431.93,false
603888000,62959,62519,0,62517,604913000,63400,62960,0,62958,1025000,441,430.24,false
605918000,63833,63393,0,63391,606941000,64274,63834,0,63832,1023000,441,431.09,false
606941000,64274,63834,0,63832,607961000,64715,64275,0,64273,1020000,441,432.35,false
607961000,64715,64275,0,64273,608978000,65174,64716,0,64714,1017000,441,433.63,true
608978000,65174,64716,0,64714,609994000,65633,65175,0,65173,1016000,459,451.77,true
609994000,65633,65175,0,65173,611008000,66074,65634,0,65632,1014000,459,452.66,true
611008000,66074,65634,0,65632,612021000,66542,66075,0,66073,1013000,441,435.34,true
612021000,66542,66075,0,66073,613037000,67010,66543,0,66541,1016000,468,460.63,false
613037000,67010,66543,0,66541,614055000,67478,67011,0,67009,1018000,468,459.72,false
614055000,67478,67011,0,67009,615075000,67946,67479,0,67477,1020000,468,458.82,false
615075000,67946,67479,0,67477,616096000,68414,67947,0,67945,1021000,468,458.37,false
616096000,68414,67947,0,67945,617117000,68882,68415,0,68413,1021000,468,458.37,false
617117000,68882,68415,0,68413,618138000,69350,68883,0,68881,1021000,468,458.37,false
618138000,69350,68883,0,68881,619159000,69818,69351,0,69349,1021000,468,458.37,false
619159000,69818,69351,0,69349,620179000,70286,69819,0,69817,1020000,468,458.82,false
620179000,70286,69819,0,69817,621198000,70754,70287,0,70285,1019000,468,459.27,false
621198000,70754,70287,0,70285,622217000,71222,70755,0,70753,1019000,468,459.27,false
622217000,71222,70755,0,70753,623237000,71690,71223,0,71221,1020000,468,458.82,false
623237000,71690,71223,0,71221,624257000,72158,71691,0,71689,1020000,468,458.82,false
624257000,72158,71691,0,71689,625350000,72626,72159,0,72157,1093000,468,428.18,false
625350000,72626,72159,0,72157,626356000,73094,72627,0,72625,1006000,468,465.21,false
626356000,73094,72627,0,72625,627363000,73562,73095,0,73093,1007000,468,464.75,false
627363000,73562,73095,0,73093,628372000,74030,73563,0,73561,1009000,468,463.83,false
628372000,74030,73563,0,73561,629383000,74498,74031,0,74029,1011000,468,462.91,false
629383000,74498,74031,0,74029,630396000,74966,74499,0,74497,1013000,468,461.99,false
630821000,75157,74690,0,74688,631831000,75625,75158,0,75156,1010000,468,463.37,false
631831000,75625,75158,0,75156,632842000,76093,75626,0,75624,1011000,468,462.91,false
632842000,76093,75626,0,75624,633854000,76580,76094,0,76092,1012000,468,462.45,true
633854000,76580,76094,0,76092,634866000,77067,76581,0,76579,1012000,487,481.23,true
634866000,77067,76581,0,76579,635879000,77535,77068,0,77066,1013000,487,480.75,true
635879000,77535,77068,0,77066,636892000,78046,77536,0,77534,1013000,468,461.99,true
636892000,78046,77536,0,77534,637912000,78557,78047,0,78045,1020000,511,500.98,false
637912000,78557,78047,0,78045,638936000,79068,78558,0,78556,1024000,511,499.02,false
638936000,79068,78558,0,78556,639961000,79579,79069,0,79067,1025000,511,498.54,false
639961000,79579,79069,0,79067,640986000,80090,79580,0,79578,1025000,511,498.54,false
640986000,80090,79580,0,79578,642010000,80601,80091,0,80089,1024000,511,499.02,false
642010000,80601,80091,0,80089,643032000,81112,80602,0,80600,1022000,511,500.00,false
643032000,81112,80602,0,80600,644054000,81623,81113,0,81111,1022000,511,500.00,false
644054000,81623,81113,0,81111,645075000,82134,81624,0,81622,1021000,511,500.49,false
645075000,82134,81624,0,81622,646096000,82645,82135,0,82133,1021000,511,500.49,false
646096000,82645,82135,0,82133,647161000,83156,82646,0,82644,1065000,511,479.81,false
647161000,83156,82646,0,82644,648169000,83667,83157,0,83155,1008000,511,506.94,false
648169000,83667,83157,0,83155,649194000,84178,83668,0,83666,1025000,511,498.54,false
649194000,84178,83668,0,83666,650217000,84689,84179,0,84177,1023000,511,499.51,false
650217000,84689,84179,0,84177,651238000,85200,84690,0,84688,1021000,511,500.49,false
651238000,85200,84690,0,84688,652256000,85711,85201,0,85199,1018000,511,501.96,false
652256000,85711,85201,0,85199,653272000,86222,85712,0,85710,1016000,511,502.95,false
653272000,86222,85712,0,85710,654287000,86733,86223,0,86221,1015000,511,503.45,false
654287000,86733,86223,0,86221,655301000,87244,86734,0,86732,1014000,511,503.94,false
655797000,87496,86986,0,86984,656812000,88007,87497,0,87495,1015000,511,503.45,false
656812000,88007,87497,0,87495,657827000,88518,88008,0,88006,1015000,511,503.45,false
657827000,88518,88008,0,88006,658842000,89056,88519,0,88517,1015000,511,503.45,true
658842000,89056,88519,0,88517,659857000,89594,89057,0,89055,1015000,538,530.05,true
659857000,89594,89057,0,89055,660872000,90105,89595,0,89593,1015000,538,530.05,true
660872000,90105,89595,0,89593,661886000,90660,90106,0,90104,1014000,511,503.94,true
661886000,90660,90106,0,90104,662908000,91215,90661,0,90659,1022000,555,543.05,false
662908000,91215,90661,0,90659,663935000,91770,91216,0,91214,1027000,555,540.41,false
663935000,91770,91216,0,91214,664962000,92325,91771,0,91769,1027000,555,540.41,false
664962000,92325,91771,0,91769,665988000,92880,92326,0,92324,1026000,555,540.94,false
665988000,92880,92326,0,92324,667012000,93435,92881,0,92879,1024000,555,541.99,false
667012000,93435,92881,0,92879,668036000,93990,93436,0,93434,1024000,555,541.99,false
668036000,93990,93436,0,93434,669060000,94545,93991,0,93989,1024000,555,541.99,false
669060000,94545,93991,0,93989,670144000,95100,94546,0,94544,1084000,555,511.99,false
670144000,95100,94546,0,94544,671171000,95655,95101,0,95099,1027000,555,540.41,false
671171000,95655,95101,0,95099,672189000,96210,95656,0,95654,1018000,555,545.19,false
672189000,96210,95656,0,95654,673204000,96765,96211,0,96209,1015000,555,546.80,false
673204000,96765,96211,0,96209,674217000,97320,96766,0,96764,1013000,555,547.88,false
674217000,97320,96766,0,96764,675230000,97875,97321,0,97319,1013000,555,547.88,false
675230000,97875,97321,0,97319,676244000,98430,97876,0,97874,1014000,555,547.34,false
676244000,98430,97876,0,97874,677259000,98985,98431,0,98429,1015000,555,546.80,false
677259000,98985,98431,0,98429,678276000,99540,98986,0,98984,1017000,555,545.72,false
678276000,99540,98986,0,98984,679293000,100095,99541,0,99539,1017000,555,545.72,false
679293000,100095,99541,0,99539,680310000,100650,100096,0,100094,1017000,555,545.72,false
680840000,100939,100385,0,100383,681856000,101494,100940,0,100938,1016000,555,546.26,false
681856000,101494,100940,0,100938,682872000,102049,101495,0,101493,1016000,555,546.26,false
682872000,102049,101495,0,101493,683888000,102639,102050,0,102048,1016000,555,546.26,true
683888000,102639,102050,0,102048,684905000,103229,102640,0,102638,1017000,590,580.14,true
684905000,103229,102640,0,102638,685923000,103784,103230,0,103228,1018000,590,579.57,true
685923000,103784,103230,0,103228,686939000,104385,103785,0,103783,1016000,555,546.26,true
686939000,104385,103785,0,103783,687968000,104986,104386,0,104384,1029000,601,584.06,false
687968000,104986,104386,0,104384,688999000,105587,104987,0,104985,1031000,601,582.93,false
688999000,105587,104987,0,104985,690029000,106188,105588,0,105586,1030000,601,583.50,false
690029000,106188,105588,0,105586,691057000,106789,106189,0,106187,1028000,601,584.63,false
691057000,106789,106189,0,106187,692168000,107390,106790,0,106788,1111000,601,540.95,false
692168000,107390,106790,0,106788,693176000,107991,107391,0,107389,1008000,601,596.23,false
693176000,107991,107391,0,107389,694189000,108592,107992,0,107990,1013000,601,593.29,false
694189000,108592,107992,0,107990,695208000,109193,108593,0,108591,1019000,601,589.79,false
695208000,109193,108593,0,108591,696229000,109794,109194,0,109192,1021000,601,588.64,false
696229000,109794,109194,0,109192,697251000,110395,109795,0,109793,1022000,601,588.06,false
697251000,110395,109795,0,109793,698271000,110996,110396,0,110394,1020000,601,589.22,false
698271000,110996,110396,0,110394,699291000,111597,110997,0,110995,1020000,601,589.22,false
699291000,111597,110997,0,110995,700310000,112198,111598,0,111596,1019000,601,589.79,false
700310000,112198,111598,0,111596,701328000,112799,112199,0,112197,1018000,601,590.37,false
701328000,112799,112199,0,112197,702347000,113400,112800,0,112798,1019000,601,589.79,false
702347000,113400,112800,0,112798,703366000,114001,113401,0,113399,1019000,601,589.79,false
703366000,114001,113401,0,113399,704385000,114602,114002,0,114000,1019000,601,589.79,false
704385000,114602,114002,0,114000,705404000,115203,114603,0,114601,1019000,601,589.79,false
706011000,115561,114961,0,114959,707030000,116162,115562,0,115560,1019000,601,589.79,false
707030000,116162,115562,0,115560,708049000,116763,116163,0,116161,1019000,601,589.79,false
708049000,116763,116163,0,116161,709068000,117409,116764,0,116762,1019000,601,589.79,true
709068000,117409,116764,0,116762,710089000,118055,117410,0,117408,1021000,646,632.71,true
710089000,118055,117410,0,117408,711113000,118656,118056,0,118054,1024000,646,630.86,true
711113000,118656,118056,0,118054,712133000,119305,118657,0,118655,1020000,601,589.22,true
712133000,119305,118657,0,118655,713165000,119954,119306,0,119304,1032000,649,628.88,false
713165000,119954,119306,0,119304,714200000,120603,119955,0,119953,1035000,649,627.05,false
714200000,120603,119955,0,119953,715283000,121252,120604,0,120602,1083000,649,599.26,false
715283000,121252,120604,0,120602,716316000,121901,121253,0,121251,1033000,649,628.27,false
716316000,121901,121253,0,121251,717344000,122550,121902,0,121900,1028000,649,631.32,false
717344000,122550,121902,0,121900,718368000,123199,122551,0,122549,1024000,649,633.79,false
718368000,123199,122551,0,122549,719391000,123848,123200,0,123198,1023000,649,634.41,false
719391000,123848,123200,0,123198,720415000,124497,123849,0,123847,1024000,649,633.79,false
720415000,124497,123849,0,123847,721439000,125146,124498,0,124496,1024000,649,633.79,false
721439000,125146,124498,0,124496,722464000,125795,125147,0,125145,1025000,649,633.17,false
722464000,125795,125147,0,125145,723489000,126444,125796,0,125794,1025000,649,633.17,false
723489000,126444,125796,0,125794,724514000,127093,126445,0,126443,1025000,649,633.17,false
724514000,127093,126445,0,126443,725539000,127742,127094,0,127092,1025000,649,633.17,false
725539000,127742,127094,0,127092,726564000,128391,127743,0,127741,1025000,649,633.17,false
726564000,128391,127743,0,127741,727589000,129040,128392,0,128390,1025000,649,633.17,false
727589000,129040,128392,0,128390,728614000,129689,129041,0,129039,1025000,649,633.17,false
728614000,129689,129041,0,129039,729639000,130338,129690,0,129688,1025000,649,633.17,false
729639000,130338,129690,0,129688,730664000,130987,130339,0,130337,1025000,649,633.17,false
731399000,131452,130804,0,130802,732424000,132101,131453,0,131451,1025000,649,633.17,false
732424000,132101,131453,0,131451,733449000,132750,132102,0,132100,1025000,649,633.17,false
733449000,132750,132102,0,132100,734474000,133463,132751,0,132749,1025000,649,633.17,true
734474000,133463,132751,0,132749,735506000,134176,133464,0,133462,1032000,713,690.89,true
735506000,134176,133464,0,133462,736546000,134825,134177,0,134175,1040000,713,685.58,true
736546000,134825,134177,0,134175,737669000,135517,134826,0,134824,1123000,649,577.92,true
737669000,135517,134826,0,134824,738687000,136209,135518,0,135516,1018000,692,679.76,false
738687000,136209,135518,0,135516,739720000,136901,136210,0,136208,1033000,692,669.89,false
739720000,136901,136210,0,136208,740761000,137593,136902,0,136900,1041000,692,664.75,false
740761000,137593,136902,0,136900,741800000,138285,137594,0,137592,1039000,692,666.03,false
741800000,138285,137594,0,137592,742837000,138977,138286,0,138284,1037000,692,667.31,false
742837000,138977,138286,0,138284,743873000,139669,138978,0,138976,1036000,692,667.95,false
743873000,139669,138978,0,138976,744908000,140361,139670,0,139668,1035000,692,668.60,false
744908000,140361,139670,0,139668,745943000,141053,140362,0,140360,1035000,692,668.60,false
745943000,141053,140362,0,140360,746978000,141745,141054,0,141052,1035000,692,668.60,false
746978000,141745,141054,0,141052,748013000,142437,141746,0,141744,1035000,692,668.60,false
748013000,142437,141746,0,141744,749048000,143129,142438,0,142436,1035000,692,668.60,false
749048000,143129,142438,0,142436,750083000,143821,143130,0,143128,1035000,692,668.60,false
750083000,143821,143130,0,143128,751118000,144513,143822,0,143820,1035000,692,668.60,false
751118000,144513,143822,0,143820,752153000,145205,144514,0,144512,1035000,692,668.60,false
752153000,145205,144514,0,144512,753188000,145897,145206,0,145204,1035000,692,668.60,false
753188000,145897,145206,0,145204,754223000,146589,145898,0,145896,1035000,692,668.60,false
754223000,146589,145898,0,145896,755258000,147281,146590,0,146588,1035000,692,668.60,false
755258000,147281,146590,0,146588,756293000,147973,147282,0,147280,1035000,692,668.60,false
756293000,147973,147282,0,147280,757328000,148665,147974,0,147972,1035000,692,668.60,false
757502000,148782,148091,0,148089,758537000,149474,148783,0,148781,1035000,692,668.60,false
758537000,149474,148783,0,148781,759572000,150166,149475,0,149473,1035000,692,668.60,false
759572000,150166,149475,0,149473,760607000,150952,150167,0,150165,1035000,692,668.60,true
760607000,150952,150167,0,150165,761757000,151738,150953,0,150951,1150000,786,683.48,true
761757000,151738,150953,0,150951,762812000,152430,151739,0,151737,1055000,786,745.02,true
762812000,152430,151739,0,151737,763837000,153166,152431,0,152429,1025000,692,675.12,true
763837000,153166,152431,0,152429,764874000,153902,153167,0,153165,1037000,736,709.74,false
764874000,153902,153167,0,153165,765898000,154638,153903,0,153901,1024000,736,718.75,false
765898000,154638,153903,0,153901,766925000,155374,154639,0,154637,1027000,736,716.65,false
766925000,155374,154639,0,154637,767954000,156110,155375,0,155373,1029000,736,715.26,false
767954000,156110,155375,0,155373,768984000,156846,156111,0,156109,1030000,736,714.56,false
768984000,156846,156111,0,156109,770014000,157582,156847,0,156845,1030000,736,714.56,false
770014000,157582,156847,0,156845,771043000,158318,157583,0,157581,1029000,736,715.26,false
771043000,158318,157583,0,157581,772072000,159054,158319,0,158317,1029000,736,715.26,false
772072000,159054,158319,0,158317,773101000,159790,159055,0,159053,1029000,736,715.26,false
773101000,159790,159055,0,159053,774130000,160526,159791,0,159789,1029000,736,715.26,false
774130000,160526,159791,0,159789,775159000,161262,160527,0,160525,1029000,736,715.26,false
775159000,161262,160527,0,160525,776188000,161998,161263,0,161261,1029000,736,715.26,false
776188000,161998,161263,0,161261,777217000,162734,161999,0,161997,1029000,736,715.26,false
777217000,162734,161999,0,161997,778246000,163470,162735,0,162733,1029000,736,715.26,false
778246000,163470,162735,0,162733,779275000,164206,163471,0,163469,1029000,736,715.26,false
779275000,164206,163471,0,163469,780304000,164942,164207,0,164205,1029000,736,715.26,false
780304000,164942,164207,0,164205,781333000,165678,164943,0,164941,1029000,736,715.26,false
781333000,165678,164943,0,164941,782362000,166414,165679,0,165677,1029000,736,715.26,false
782942000,166829,166094,0,166092,783971000,167565,166830,0,166828,1029000,736,715.26,false
783971000,167565,166830,0,166828,785067000,168301,167566,0,167564,1096000,736,671.53,false
785067000,168301,167566,0,167564,786097000,169066,168302,0,168300,1030000,736,714.56,true
786097000,169066,168302,0,168300,787135000,169831,169067,0,169065,1038000,765,736.99,true
787135000,169831,169067,0,169065,788170000,170596,169832,0,169830,1035000,765,739.13,true
788170000,170596,169832,0,169830,789204000,171332,170597,0,170595,1034000,765,739.85,true
789204000,171332,170597,0,170595,790234000,172075,171333,0,171331,1030000,736,714.56,true
790234000,172075,171333,0,171331,791261000,172818,172076,0,172074,1027000,743,723.47,false
791261000,172818,172076,0,172074,792286000,173561,172819,0,172817,1025000,743,724.88,false
792286000,173561,172819,0,172817,793312000,174304,173562,0,173560,1026000,743,724.17,false
793312000,174304,173562,0,173560,794338000,175047,174305,0,174303,1026000,743,724.17,false
794338000,175047,174305,0,174303,795364000,175790,175048,0,175046,1026000,743,724.17,false
795364000,175790,175048,0,175046,796390000,176533,175791,0,175789,1026000,743,724.17,false
796390000,176533,175791,0,175789,797416000,177276,176534,0,176532,1026000,743,724.17,false
797416000,177276,176534,0,176532,798442000,178019,177277,0,177275,1026000,743,724.17,false
798442000,178019,177277,0,177275,799468000,178762,178020,0,178018,1026000,743,724.17,false
799468000,178762,178020,0,178018,800494000,179505,178763,0,178761,1026000,743,724.17,false
800494000,179505,178763,0,178761,801520000,180248,179506,0,179504,1026000,743,724.17,false
801520000,180248,179506,0,179504,802546000,180991,180249,0,180247,1026000,743,724.17,false
802546000,180991,180249,0,180247,803572000,181734,180992,0,180990,1026000,743,724.17,false
803572000,181734,180992,0,180990,804598000,182477,181735,0,181733,1026000,743,724.17,false
804598000,182477,181735,0,181733,805624000,183220,182478,0,182476,1026000,743,724.17,false
805624000,183220,182478,0,182476,806650000,183963,183221,0,183219,1026000,743,724.17,false
806650000,183963,183221,0,183219,807735000,184706,183964,0,183962,1085000,743,684.79,false
808749000,185436,184694,0,184692,809770000,186179,185437,0,185435,1021000,743,727.72,false
809770000,186179,185437,0,185435,810790000,186922,186180,0,186178,1020000,743,728.43,false
810790000,186922,186180,0,186178,811813000,187709,186923,0,186921,1023000,743,726.30,true
811813000,187709,186923,0,186921,812846000,188496,187710,0,187708,1033000,787,761.86,true
812846000,188496,187710,0,187708,813886000,189239,188497,0,188495,1040000,787,756.73,true
813886000,189239,188497,0,188495,814904000,189999,189240,0,189238,1018000,743,729.86,true
814904000,189999,189240,0,189238,815932000,190759,190000,0,189998,1028000,760,739.30,false
815932000,190759,190000,0,189998,816962000,191519,190760,0,190758,1030000,760,737.86,false
816962000,191519,190760,0,190758,817992000,192279,191520,0,191518,1030000,760,737.86,false
817992000,192279,191520,0,191518,819022000,193039,192280,0,192278,1030000,760,737.86,false
819022000,193039,192280,0,192278,820052000,193799,193040,0,193038,1030000,760,737.86,false
820052000,193799,193040,0,193038,821082000,194559,193800,0,193798,1030000,760,737.86,false
821082000,194559,193800,0,193798,822112000,195319,194560,0,194558,1030000,760,737.86,false
822112000,195319,194560,0,194558,823141000,196079,195320,0,195318,1029000,760,738.58,false
823141000,196079,195320,0,195318,824170000,196839,196080,0,196078,1029000,760,738.58,false
824170000,196839,196080,0,196078,825199000,197599,196840,0,196838,1029000,760,738.58,false
825199000,197599,196840,0,196838,826228000,198359,197600,0,197598,1029000,760,738.58,false
826228000,198359,197600,0,197598,827257000,199119,198360,0,198358,1029000,760,738.58,false
827257000,199119,198360,0,198358,828286000,199879,199120,0,199118,1029000,760,738.58,false
828286000,199879,199120,0,199118,829315000,200639,199880,0,199878,1029000,760,738.58,false
829315000,200639,199880,0,199878,830422000,201399,200640,0,200638,1107000,760,686.54,false
830422000,201399,200640,0,200638,831436000,202159,201400,0,201398,1014000,760,749.51,false
831436000,202159,201400,0,201398,832460000,202919,202160,0,202158,1024000,760,742.19,false
832460000,202919,202160,0,202158,833486000,203679,202920,0,202918,1026000,760,740.74,false
834428000,204377,203618,0,203616,835451000,205137,204378,0,204376,1023000,760,742.91,false
835451000,205137,204378,0,204376,836474000,205897,205138,0,205136,1023000,760,742.91,false
836474000,205897,205138,0,205136,837498000,206723,205898,0,205896,1024000,760,742.19,true
837498000,206723,205898,0,205896,838537000,207549,206724,0,206722,1039000,826,795.00,true
838537000,207549,206724,0,206722,839586000,208309,207550,0,207548,1049000,826,787.42,true
839586000,208309,207550,0,207548,840613000,209082,208310,0,208308,1027000,760,740.02,true
840613000,209082,208310,0,208308,841638000,209855,209083,0,209081,1025000,773,754.15,false
841638000,209855,209083,0,209081,842664000,210628,209856,0,209854,1026000,773,753.41,false
842664000,210628,209856,0,209854,843692000,211401,210629,0,210627,1028000,773,751.95,false
843692000,211401,210629,0,210627,844721000,212174,211402,0,211400,1029000,773,751.21,false
844721000,212174,211402,0,211400,845750000,212947,212175,0,212173,1029000,773,751.21,false
845750000,212947,212175,0,212173,846778000,213720,212948,0,212946,1028000,773,751.95,false
846778000,213720,212948,0,212946,847806000,214493,213721,0,213719,1028000,773,751.95,false
847806000,214493,213721,0,213719,848834000,215266,214494,0,214492,1028000,773,751.95,false
848834000,215266,214494,0,214492,849862000,216039,215267,0,215265,1028000,773,751.95,false
849862000,216039,215267,0,215265,850890000,216812,216040,0,216038,1028000,773,751.95,false
850890000,216812,216040,0,216038,851918000,217585,216813,0,216811,1028000,773,751.95,false
851918000,217585,216813,0,216811,852946000,218358,217586,0,217584,1028000,773,751.95,false
852946000,218358,217586,0,217584,854055000,219131,218359,0,218357,1109000,773,697.02,false
854055000,219131,218359,0,218357,855070000,219904,219132,0,219130,1015000,773,761.58,false
855070000,219904,219132,0,219130,856088000,220677,219905,0,219903,1018000,773,759.33,false
856088000,220677,219905,0,219903,857111000,221450,220678,0,220676,1023000,773,755.62,false
857111000,221450,220678,0,220676,858137000,222223,221451,0,221449,1026000,773,753.41,false
858137000,222223,221451,0,221449,859163000,222996,222224,0,222222,1026000,773,753.41,false
860010000,223634,222862,0,222860,861035000,224407,223635,0,223633,1025000,773,754.15,false
861035000,224407,223635,0,223633,862060000,225180,224408,0,224406,1025000,773,754.15,false
862060000,225180,224408,0,224406,863086000,226029,225181,0,225179,1026000,773,753.41,true
863086000,226029,225181,0,225179,864132000,226878,226030,0,226028,1046000,849,811.66,true
864132000,226878,226030,0,226028,865190000,227651,226879,0,226877,1058000,849,802.46,true
865190000,227651,226879,0,226877,866218000,228432,227652,0,227650,1028000,773,751.95,true
866218000,228432,227652,0,227650,867241000,229213,228433,0,228431,1023000,781,763.44,false
867241000,229213,228433,0,228431,868266000,229994,229214,0,229212,1025000,781,761.95,false
868266000,229994,229214,0,229212,869294000,230775,229995,0,229993,1028000,781,759.73,false
869294000,230775,229995,0,229993,870323000,231556,230776,0,230774,1029000,781,758.99,false
870323000,231556,230776,0,230774,871352000,232337,231557,0,231555,1029000,781,758.99,false
871352000,232337,231557,0,231555,872380000,233118,232338,0,232336,1028000,781,759.73,false
872380000,233118,232338,0,232336,873408000,233899,233119,0,233117,1028000,781,759.73,false
873408000,233899,233119,0,233117,874436000,234680,233900,0,233898,1028000,781,759.73,false
874436000,234680,233900,0,233898,875464000,235461,234681,0,234679,1028000,781,759.73,false
875464000,235461,234681,0,234679,876519000,236242,235462,0,235460,1055000,781,740.28,false
876519000,236242,235462,0,235460,877571000,237023,236243,0,236241,1052000,781,742.40,false
877571000,237023,236243,0,236241,878608000,237804,237024,0,237022,1037000,781,753.13,false
878608000,237804,237024,0,237022,879634000,238585,237805,0,237803,1026000,781,761.21,false
879634000,238585,237805,0,237803,880657000,239366,238586,0,238584,1023000,781,763.44,false
880657000,239366,238586,0,238584,881682000,240147,239367,0,239365,1025000,781,761.95,false
881682000,240147,239367,0,239365,882708000,240928,240148,0,240146,1026000,781,761.21,false
882708000,240928,240148,0,240146,883733000,241709,240929,0,240927,1025000,781,761.95,false
883733000,241709,240929,0,240927,884758000,242490,241710,0,241708,1025000,781,761.95,false
885627000,243152,242372,0,242370,886652000,243933,243153,0,243151,1025000,781,761.95,false
886652000,243933,243153,0,243151,887677000,244714,243934,0,243932,1025000,781,761.95,false
887677000,244714,243934,0,243932,888702000,245572,244715,0,244713,1025000,781,761.95,true
888702000,245572,244715,0,244713,889751000,246430,245573,0,245571,1049000,858,817.92,true
889751000,246430,245573,0,245571,890810000,247211,246431,0,246429,1059000,858,810.20,true
890810000,247211,246431,0,246429,891837000,247999,247212,0,247210,1027000,781,760.47,true
891837000,247999,247212,0,247210,892859000,248787,248000,0,247998,1022000,788,771.04,false
892859000,248787,248000,0,247998,893884000,249575,248788,0,248786,1025000,788,768.78,false
893884000,249575,248788,0,248786,894912000,250363,249576,0,249574,1028000,788,766.54,false
894912000,250363,249576,0,249574,895941000,251151,250364,0,250362,1029000,788,765.79,false
895941000,251151,250364,0,250362,896969000,251939,251152,0,251150,1028000,788,766.54,false
896969000,251939,251152,0,251150,897997000,252727,251940,0,251938,1028000,788,766.54,false
897997000,252727,251940,0,251938,899025000,253515,252728,0,252726,1028000,788,766.54,false
899025000,253515,252728,0,252726,900114000,254303,253516,0,253514,1089000,788,723.60,false
900114000,254303,253516,0,253514,901134000,255091,254304,0,254302,1020000,788,772.55,false
901134000,255091,254304,0,254302,902164000,255879,255092,0,255090,1030000,788,765.05,false
902164000,255879,255092,0,255090,903191000,256667,255880,0,255878,1027000,788,767.28,false
903191000,256667,255880,0,255878,904217000,257455,256668,0,256666,1026000,788,768.03,false
904217000,257455,256668,0,256666,905241000,258243,257456,0,257454,1024000,788,769.53,false
905241000,258243,257456,0,257454,906266000,259031,258244,0,258242,1025000,788,768.78,false
906266000,259031,258244,0,258242,907291000,259819,259032,0,259030,1025000,788,768.78,false
907291000,259819,259032,0,259030,908316000,260607,259820,0,259818,1025000,788,768.78,false
908316000,260607,259820,0,259818,909341000,261395,260608,0,260606,1025000,788,768.78,false
909341000,261395,260608,0,260606,910366000,262183,261396,0,261394,1025000,788,768.78,false
911118000,262761,261974,0,261972,912143000,263549,262762,0,262760,1025000,788,768.78,false
912143000,263549,262762,0,262760,913168000,264337,263550,0,263548,1025000,788,768.78,false
913168000,264337,263550,0,263548,914193000,265202,264338,0,264336,1025000,788,768.78,true
914193000,265202,264338,0,264336,915241000,266067,265203,0,265201,1048000,865,825.38,true
915241000,266067,265203,0,265201,916300000,266855,266068,0,266066,1059000,865,816.81,true
916300000,266855,266068,0,266066,917328000,267649,266856,0,266854,1028000,788,766.54,true
917328000,267649,266856,0,266854,918350000,268443,267650,0,267648,1022000,794,776.91,false
918350000,268443,267650,0,267648,919375000,269237,268444,0,268442,1025000,794,774.63,false
919375000,269237,268444,0,268442,920402000,270031,269238,0,269236,1027000,794,773.13,false
920402000,270031,269238,0,269236,921430000,270825,270032,0,270030,1028000,794,772.37,false
921430000,270825,270032,0,270030,922457000,271619,270826,0,270824,1027000,794,773.13,false
922457000,271619,270826,0,270824,923554000,272413,271620,0,271618,1097000,794,723.79,false
923554000,272413,271620,0,271618,924568000,273207,272414,0,272412,1014000,794,783.04,false
924568000,273207,272414,0,272412,925594000,274001,273208,0,273206,1026000,794,773.88,false
925594000,274001,273208,0,273206,926623000,274795,274002,0,274000,1029000,794,771.62,false
926623000,274795,274002,0,274000,927651000,275589,274796,0,274794,1028000,794,772.37,false
927651000,275589,274796,0,274794,928678000,276383,275590,0,275588,1027000,794,773.13,false
928678000,276383,275590,0,275588,929705000,277177,276384,0,276382,1027000,794,773.13,false
929705000,277177,276384,0,276382,930732000,277971,277178,0,277176,1027000,794,773.13,false
930732000,277971,277178,0,277176,931759000,278765,277972,0,277970,1027000,794,773.13,false
931759000,278765,277972,0,277970,932786000,279559,278766,0,278764,1027000,794,773.13,false
932786000,279559,278766,0,278764,933813000,280353,279560,0,279558,1027000,794,773.13,false
933813000,280353,279560,0,279558,934840000,281147,280354,0,280352,1027000,794,773.13,false
934840000,281147,280354,0,280352,935867000,281941,281148,0,281146,1027000,794,773.13,false
936613000,282518,281725,0,281723,937640000,283312,282519,0,282517,1027000,794,773.13,false
937640000,283312,282519,0,282517,938667000,284106,283313,0,283311,1027000,794,773.13,false
938667000,284106,283313,0,283311,939694000,284984,284107,0,284105,1027000,794,773.13,true
939694000,284984,284107,0,284105,940751000,285862,284985,0,284983,1057000,878,830.65,true
940751000,285862,284985,0,284983,941817000,286656,285863,0,285861,1066000,878,823.64,true
941817000,286656,285863,0,285861,942846000,287454,286657,0,286655,1029000,794,771.62,true
942846000,287454,286657,0,286655,943867000,288252,287455,0,287453,1021000,798,781.59,false
943867000,288252,287455,0,287453,944892000,289050,288253,0,288251,1025000,798,778.54,false
944892000,289050,288253,0,288251,945921000,289848,289051,0,289049,1029000,798,775.51,false
945921000,289848,289051,0,289049,947025000,290646,289849,0,289847,1104000,798,722.83,false
947025000,290646,289849,0,289847,948041000,291444,290647,0,290645,1016000,798,785.43,false
948041000,291444,290647,0,290645,949068000,292242,291445,0,291443,1027000,798,777.02,false
949068000,292242,291445,0,291443,950098000,293040,292243,0,292241,1030000,798,774.76,false
950098000,293040,292243,0,292241,951127000,293838,293041,0,293039,1029000,798,775.51,false
951127000,293838,293041,0,293039,952156000,294636,293839,0,293837,1029000,798,775.51,false
952156000,294636,293839,0,293837,953185000,295434,294637,0,294635,1029000,798,775.51,false
953185000,295434,294637,0,294635,954214000,296232,295435,0,295433,1029000,798,775.51,false
954214000,296232,295435,0,295433,955243000,297030,296233,0,296231,1029000,798,775.51,false
955243000,297030,296233,0,296231,956272000,297828,297031,0,297029,1029000,798,775.51,false
956272000,297828,297031,0,297029,957301000,298626,297829,0,297827,1029000,798,775.51,false
957301000,298626,297829,0,297827,958330000,299424,298627,0,298625,1029000,798,775.51,false
958330000,299424,298627,0,298625,959359000,300222,299425,0,299423,1029000,798,775.51,false
959359000,300222,299425,0,299423,960388000,301020,300223,0,300221,1029000,798,775.51,false
960388000,301020,300223,0,300221,961417000,301818,301021,0,301019,1029000,798,775.51,false
962366000,302554,301757,0,301755,963395000,303352,302555,0,302553,1029000,798,775.51,false
963395000,303352,302555,0,302553,964424000,304150,303353,0,303351,1029000,798,775.51,false
964424000,304150,303353,0,303351,965453000,305038,304151,0,304149,1029000,798,775.51,true
965453000,305038,304151,0,304149,966514000,305926,305039,0,305037,1061000,888,836.95,true
966514000,305926,305039,0,305037,967586000,306724,305927,0,305925,1072000,888,828.36,true
967586000,306724,305927,0,305925,968616000,307523,306725,0,306723,1030000,798,774.76,true
968616000,307523,306725,0,306723,969636000,308322,307524,0,307522,1020000,799,783.33,false
969636000,308322,307524,0,307522,970696000,309121,308323,0,308321,1060000,799,753.77,false
970696000,309121,308323,0,308321,971726000,309920,309122,0,309120,1030000,799,775.73,false
971726000,309920,309122,0,309120,972753000,310719,309921,0,309919,1027000,799,777.99,false
972753000,310719,309921,0,309919,973782000,311518,310720,0,310718,1029000,799,776.48,false
973782000,311518,310720,0,310718,974811000,312317,311519,0,311517,1029000,799,776.48,false
974811000,312317,311519,0,311517,975840000,313116,312318,0,312316,1029000,799,776.48,false
975840000,313116,312318,0,312316,976869000,313915,313117,0,313115,1029000,799,776.48,false
976869000,313915,313117,0,313115,977898000,314714,313916,0,313914,1029000,799,776.48,false
977898000,314714,313916,0,313914,978927000,315513,314715,0,314713,1029000,799,776.48,false
978927000,315513,314715,0,314713,979956000,316312,315514,0,315512,1029000,799,776.48,false
979956000,316312,315514,0,315512,980985000,317111,316313,0,316311,1029000,799,776.48,false
980985000,317111,316313,0,316311,982014000,317910,317112,0,317110,1029000,799,776.48,false
982014000,317910,317112,0,317110,983043000,318709,317911,0,317909,1029000,799,776.48,false
983043000,318709,317911,0,317909,984072000,319508,318710,0,318708,1029000,799,776.48,false
984072000,319508,318710,0,318708,985101000,320307,319509,0,319507,1029000,799,776.48,false
985101000,320307,319509,0,319507,986130000,321106,320308,0,320306,1029000,799,776.48,false
986130000,321106,320308,0,320306,987159000,321905,321107,0,321105,1029000,799,776.48,false
987831000,322427,321629,0,321627,988860000,323226,322428,0,322426,1029000,799,776.48,false
988860000,323226,322428,0,322426,989889000,324025,323227,0,323225,1029000,799,776.48,false
989889000,324025,323227,0,323225,990918000,324915,324026,0,324024,1029000,799,776.48,true
990918000,324915,324026,0,324024,991980000,325805,324916,0,324914,1062000,890,838.04,true
991980000,325805,324916,0,324914,993094000,326604,325806,0,325804,1114000,890,798.92,true
993094000,326604,325806,0,325804,994141000,327389,326605,0,326603,1047000,799,763.13,true
994141000,327389,326605,0,326603,995173000,328174,327390,0,327388,1032000,785,760.66,false
995173000,328174,327390,0,327388,996188000,328959,328175,0,328173,1015000,785,773.40,false
996188000,328959,328175,0,328173,997204000,329744,328960,0,328958,1016000,785,772.64,false
997204000,329744,328960,0,328958,998221000,330529,329745,0,329743,1017000,785,771.88,false
998221000,330529,329745,0,329743,999239000,331314,330530,0,330528,1018000,785,771.12,false
999239000,331314,330530,0,330528,1000257000,332099,331315,0,331313,1018000,785,771.12,false
1000257000,332099,331315,0,331313,1001275000,332884,332100,0,332098,1018000,785,771.12,false
1001275000,332884,332100,0,332098,1002293000,333669,332885,0,332883,1018000,785,771.12,false
1002293000,333669,332885,0,332883,1003310000,334454,333670,0,333668,1017000,785,771.88,false
1003310000,334454,333670,0,333668,1004328000,335239,334455,0,334453,1018000,785,771.12,false
1004328000,335239,334455,0,334453,1005346000,336024,335240,0,335238,1018000,785,771.12,false
1005346000,336024,335240,0,335238,1006364000,336809,336025,0,336023,1018000,785,771.12,false
1006364000,336809,336025,0,336023,1007382000,337594,336810,0,336808,1018000,785,771.12,false
1007382000,337594,336810,0,336808,1008400000,338379,337595,0,337593,1018000,785,771.12,false
1008400000,338379,337595,0,337593,1009418000,339164,338380,0,338378,1018000,785,771.12,false
1009418000,339164,338380,0,338378,1010436000,339949,339165,0,339163,1018000,785,771.12,false
1010436000,339949,339165,0,339163,1011453000,340734,339950,0,339948,1017000,785,771.88,false
1011453000,340734,339950,0,339948,1012471000,341519,340735,0,340733,1018000,785,771.12,false
1012538000,341570,340786,0,340784,1013556000,342355,341571,0,341569,1018000,785,771.12,false
1013556000,342355,341571,0,341569,1014574000,343140,342356,0,342354,1018000,785,771.12,false
1014574000,343140,342356,0,342354,1015645000,343978,343141,0,343139,1071000,785,732.96,true
1015645000,343978,343141,0,343139,1016672000,344816,343979,0,343977,1027000,838,815.97,true
1016672000,344816,343979,0,343977,1017715000,345601,344817,0,344815,1043000,838,803.45,true
1017715000,345601,344817,0,344815,1018737000,346397,345602,0,345600,1022000,785,768.10,true
1018737000,346397,345602,0,345600,1019762000,347193,346398,0,346396,1025000,796,776.59,false
1019762000,347193,346398,0,346396,1020790000,347989,347194,0,347192,1028000,796,774.32,false
1020790000,347989,347194,0,347192,1021818000,348785,347990,0,347988,1028000,796,774.32,false
1021818000,348785,347990,0,347988,1022846000,349581,348786,0,348784,1028000,796,774.32,false
1022846000,349581,348786,0,348784,1023874000,350377,349582,0,349580,1028000,796,774.32,false
1023874000,350377,349582,0,349580,1024902000,351173,350378,0,350376,1028000,796,774.32,false
1024902000,351173,350378,0,350376,1025930000,351969,351174,0,351172,1028000,796,774.32,false
1025930000,351969,351174,0,351172,1026958000,352765,351970,0,351968,1028000,796,774.32,false
1026958000,352765,351970,0,351968,1027986000,353561,352766,0,352764,1028000,796,774.32,false
1027986000,353561,352766,0,352764,1029014000,354357,353562,0,353560,1028000,796,774.32,false
1029014000,354357,353562,0,353560,1030042000,355153,354358,0,354356,1028000,796,774.32,false
1030042000,355153,354358,0,354356,1031070000,355949,355154,0,355152,1028000,796,774.32,false
1031070000,355949,355154,0,355152,1032098000,356745,355950,0,355948,1028000,796,774.32,false
1032098000,356745,355950,0,355948,1033126000,357541,356746,0,356744,1028000,796,774.32,false
1033126000,357541,356746,0,356744,1034154000,358337,357542,0,357540,1028000,796,774.32,false
1034154000,358337,357542,0,357540,1035182000,359133,358338,0,358336,1028000,796,774.32,false
1035182000,359133,358338,0,358336,1036210000,359929,359134,0,359132,1028000,796,774.32,false
1036210000,359929,359134,0,359132,1037238000,360725,359930,0,359928,1028000,796,774.32,false
1037464000,360898,360103,0,360101,1038565000,361694,360899,0,360897,1101000,796,722.98,false
1038565000,361694,360899,0,360897,1039578000,362490,361695,0,361693,1013000,796,785.78,false
1039578000,362490,361695,0,361693,1040606000,363318,362491,0,362489,1028000,796,774.32,true
1040606000,363318,362491,0,362489,1041653000,364146,363319,0,363317,1047000,828,790.83,true
1041653000,364146,363319,0,363317,1042697000,364974,364147,0,364145,1044000,828,793.10,true
1042697000,364974,364147,0,364145,1043738000,365770,364975,0,364973,1041000,828,795.39,true
1043738000,365770,364975,0,364973,1044773000,366570,365771,0,365769,1035000,796,769.08,true
1044773000,366570,365771,0,365769,1045805000,367370,366571,0,366569,1032000,800,775.19,false
1045805000,367370,366571,0,366569,1046834000,368170,367371,0,367369,1029000,800,777.45,false
1046834000,368170,367371,0,367369,1047863000,368970,368171,0,368169,1029000,800,777.45,false
1047863000,368970,368171,0,368169,1048893000,369770,368971,0,368969,1030000,800,776.70,false
1048893000,369770,368971,0,368969,1049922000,370570,369771,0,369769,1029000,800,777.45,false
1049922000,370570,369771,0,369769,1050951000,371370,370571,0,370569,1029000,800,777.45,false
1050951000,371370,370571,0,370569,1051981000,372170,371371,0,371369,1030000,800,776.70,false
1051981000,372170,371371,0,371369,1053011000,372970,372171,0,372169,1030000,800,776.70,false
1053011000,372970,372171,0,372169,1054041000,373770,372971,0,372969,1030000,800,776.70,false
1054041000,373770,372971,0,372969,1055071000,374570,373771,0,373769,1030000,800,776.70,false
1055071000,374570,373771,0,373769,1056101000,375370,374571,0,374569,1030000,800,776.70,false
1056101000,375370,374571,0,374569,1057131000,376170,375371,0,375369,1030000,800,776.70,false
1057131000,376170,375371,0,375369,1058161000,376970,376171,0,376169,1030000,800,776.70,false
1058161000,376970,376171,0,376169,1059191000,377770,376971,0,376969,1030000,800,776.70,false
1059191000,377770,376971,0,376969,1060220000,378570,377771,0,377769,1029000,800,777.45,false
1060220000,378570,377771,0,377769,1061297000,379370,378571,0,378569,1077000,800,742.80,false
1061297000,379370,378571,0,378569,1062335000,380170,379371,0,379369,1038000,800,770.71,false
1062335000,380170,379371,0,379369,1063371000,380970,380171,0,380169,1036000,800,772.20,false
1063578000,381132,380333,0,380331,1064610000,381932,381133,0,381131,1032000,800,775.19,false
1064610000,381932,381133,0,381131,1065640000,382732,381933,0,381931,1030000,800,776.70,false
1065640000,382732,381933,0,381931,1066669000,383601,382733,0,382731,1029000,800,777.45,true
1066669000,383601,382733,0,382731,1067724000,384470,383602,0,383600,1055000,869,823.70,true
1067724000,384470,383602,0,383600,1068785000,385270,384471,0,384469,1061000,869,819.04,true
1068785000,385270,384471,0,384469,1069808000,386076,385271,0,385269,1023000,800,782.01,true
1069808000,386076,385271,0,385269,1070834000,386882,386077,0,386075,1026000,806,785.58,false
1070834000,386882,386077,0,386075,1071866000,387688,386883,0,386881,1032000,806,781.01,false
1071866000,387688,386883,0,386881,1072899000,388494,387689,0,387687,1033000,806,780.25,false
1072899000,388494,387689,0,387687,1073931000,389300,388495,0,388493,1032000,806,781.01,false
1073931000,389300,388495,0,388493,1074963000,390106,389301,0,389299,1032000,806,781.01,false
1074963000,390106,389301,0,389299,1075995000,390912,390107,0,390105,1032000,806,781.01,false
1075995000,390912,390107,0,390105,1077027000,391718,390913,0,390911,1032000,806,781.01,false
1077027000,391718,390913,0,390911,1078059000,392524,391719,0,391717,1032000,806,781.01,false
1078059000,392524,391719,0,391717,1079091000,393330,392525,0,392523,1032000,806,781.01,false
1079091000,393330,392525,0,392523,1080123000,394136,393331,0,393329,1032000,806,781.01,false
1080123000,394136,393331,0,393329,1081155000,394942,394137,0,394135,1032000,806,781.01,false
1081155000,394942,394137,0,394135,1082187000,395748,394943,0,394941,1032000,806,781.01,false
1082187000,395748,394943,0,394941,1083219000,396554,395749,0,395747,1032000,806,781.01,false
1083219000,396554,395749,0,395747,1084251000,397360,396555,0,396553,1032000,806,781.01,false
1084251000,397360,396555,0,396553,1085366000,398166,397361,0,397359,1115000,806,722.87,false
1085366000,398166,397361,0,397359,1086380000,398972,398167,0,398165,1014000,806,794.87,false
1086380000,398972,398167,0,398165,1087405000,399778,398973,0,398971,1025000,806,786.34,false
1087405000,399778,398973,0,398971,1088435000,400584,399779,0,399777,1030000,806,782.52,false
1088435000,400584,399779,0,399777,1089465000,401390,400585,0,400583,1030000,806,782.52,false
1089494000,401413,400608,0,400606,1090523000,402219,401414,0,401412,1029000,806,783.28,false
1090523000,402219,401414,0,401412,1091552000,403025,402220,0,402218,1029000,806,783.28,false
1091552000,403025,402220,0,402218,1092581000,403919,403026,0,403024,1029000,806,783.28,true
1092581000,403919,403026,0,403024,1093643000,404813,403920,0,403918,1062000,894,841.81,true
1093643000,404813,403920,0,403918,1094715000,405619,404814,0,404812,1072000,894,833.96,true
1094715000,405619,404814,0,404812,1095743000,406426,405620,0,405618,1028000,806,784.05,true
1095743000,406426,405620,0,405618,1096763000,407233,406427,0,406425,1020000,807,791.18,false
1096763000,407233,406427,0,406425,1097790000,408040,407234,0,407232,1027000,807,785.78,false
1097790000,408040,407234,0,407232,1098820000,408847,408041,0,408039,1030000,807,783.50,false
1098820000,408847,408041,0,408039,1099850000,409654,408848,0,408846,1030000,807,783.50,false
1099850000,409654,408848,0,408846,1100879000,410461,409655,0,409653,1029000,807,784.26,false
1100879000,410461,409655,0,409653,1101908000,411268,410462,0,410460,1029000,807,784.26,false
1101908000,411268,410462,0,410460,1102937000,412075,411269,0,411267,1029000,807,784.26,false
1102937000,412075,411269,0,411267,1103966000,412882,412076,0,412074,1029000,807,784.26,false
1103966000,412882,412076,0,412074,1104995000,413689,412883,0,412881,1029000,807,784.26,false
1104995000,413689,412883,0,412881,1106024000,414496,413690,0,413688,1029000,807,784.26,false
1106024000,414496,413690,0,413688,1107053000,415303,414497,0,414495,1029000,807,784.26,false
1107053000,415303,414497,0,414495,1108082000,416110,415304,0,415302,1029000,807,784.26,false
1108082000,416110,415304,0,415302,1109175000,416917,416111,0,416109,1093000,807,738.33,false
1109175000,416917,416111,0,416109,1110207000,417724,416918,0,416916,1032000,807,781.98,false
1110207000,417724,416918,0,416916,1111234000,418531,417725,0,417723,1027000,807,785.78,false
1111234000,418531,417725,0,417723,1112262000,419338,418532,0,418530,1028000,807,785.02,false
1112262000,419338,418532,0,418530,1113291000,420145,419339,0,419337,1029000,807,784.26,false
1113291000,420145,419339,0,419337,1114320000,420952,420146,0,420144,1029000,807,784.26,false
1115312000,421730,420924,0,420922,1116341000,422537,421731,0,421729,1029000,807,784.26,false
1116341000,422537,421731,0,421729,1117370000,423344,422538,0,422536,1029000,807,784.26,false
1117370000,423344,422538,0,422536,1118399000,424242,423345,0,423343,1029000,807,784.26,true
1118399000,424242,423345,0,423343,1119462000,425140,424243,0,424241,1063000,898,844.78,true
1119462000,425140,424243,0,424241,1120537000,425947,425141,0,425139,1075000,898,835.35,true
1120537000,425947,425141,0,425139,1121566000,426754,425948,0,425946,1029000,807,784.26,true
1121566000,426754,425948,0,425946,1122586000,427561,426755,0,426753,1020000,807,791.18,false
1122586000,427561,426755,0,426753,1123613000,428368,427562,0,427560,1027000,807,785.78,false
1123613000,428368,427562,0,427560,1124643000,429175,428369,0,428367,1030000,807,783.50,false
1124643000,429175,428369,0,428367,1125672000,429982,429176,0,429174,1029000,807,784.26,false
1125672000,429982,429176,0,429174,1126701000,430789,429983,0,429981,1029000,807,784.26,false
1126701000,430789,429983,0,429981,1127730000,431596,430790,0,430788,1029000,807,784.26,false
1127730000,431596,430790,0,430788,1128759000,432403,431597,0,431595,1029000,807,784.26,false
1128759000,432403,431597,0,431595,1129788000,433210,432404,0,432402,1029000,807,784.26,false
1129788000,433210,432404,0,432402,1130817000,434017,433211,0,433209,1029000,807,784.26,false
1130817000,434017,433211,0,433209,1131846000,434824,434018,0,434016,1029000,807,784.26,false
1131846000,434824,434018,0,434016,1132939000,435631,434825,0,434823,1093000,807,738.33,false
1132939000,435631,434825,0,434823,1133970000,436438,435632,0,435630,1031000,807,782.74,false
1133970000,436438,435632,0,435630,1134996000,437245,436439,0,436437,1026000,807,786.55,false
1134996000,437245,436439,0,436437,1136024000,438052,437246,0,437244,1028000,807,785.02,false
1136024000,438052,437246,0,437244,1137054000,438859,438053,0,438051,1030000,807,783.50,false
1137054000,438859,438053,0,438051,1138083000,439666,438860,0,438858,1029000,807,784.26,false
1138083000,439666,438860,0,438858,1139112000,440473,439667,0,439665,1029000,807,784.26,false
1139112000,440473,439667,0,439665,1140141000,441280,440474,0,440472,1029000,807,784.26,false
1141139000,442063,441257,0,441255,1142168000,442870,442064,0,442062,1029000,807,784.26,false
1142168000,442870,442064,0,442062,1143197000,443677,442871,0,442869,1029000,807,784.26,false
1143197000,443677,442871,0,442869,1144226000,444575,443678,0,443676,1029000,807,784.26,true
1144226000,444575,443678,0,443676,1145289000,445473,444576,0,444574,1063000,898,844.78,true
1145289000,445473,444576,0,444574,1146363000,446280,445474,0,445472,1074000,898,836.13,true
1146363000,446280,445474,0,445472,1147393000,447087,446281,0,446279,1030000,807,783.50,true
1147393000,447087,446281,0,446279,1148413000,447894,447088,0,447086,1020000,807,791.18,false
1148413000,447894,447088,0,447086,1149439000,448701,447895,0,447893,1026000,807,786.55,false
1149439000,448701,447895,0,447893,1150469000,449508,448702,0,448700,1030000,807,783.50,false
1150469000,449508,448702,0,448700,1151499000,450315,449509,0,449507,1030000,807,783.50,false
1151499000,450315,449509,0,449507,1152528000,451122,450316,0,450314,1029000,807,784.26,false
1152528000,451122,450316,0,450314,1153557000,451929,451123,0,451121,1029000,807,784.26,false
1153557000,451929,451123,0,451121,1154586000,452736,451930,0,451928,1029000,807,784.26,false
1154586000,452736,451930,0,451928,1155640000,453543,452737,0,452735,1054000,807,765.65,false
1155640000,453543,452737,0,452735,1156701000,454350,453544,0,453542,1061000,807,760.60,false
1156701000,454350,453544,0,453542,1157737000,455157,454351,0,454349,1036000,807,778.96,false
1157737000,455157,454351,0,454349,1158765000,455964,455158,0,455156,1028000,807,785.02,false
1158765000,455964,455158,0,455156,1159793000,456771,455965,0,455963,1028000,807,785.02,false
1159793000,456771,455965,0,455963,1160822000,457578,456772,0,456770,1029000,807,784.26,false
1160822000,457578,456772,0,456770,1161851000,458385,457579,0,457577,1029000,807,784.26,false
1161851000,458385,457579,0,457577,1162880000,459192,458386,0,458384,1029000,807,784.26,false
1162880000,459192,458386,0,458384,1163909000,459999,459193,0,459191,1029000,807,784.26,false
1163909000,459999,459193,0,459191,1164938000,460806,460000,0,459998,1029000,807,784.26,false
1164938000,460806,460000,0,459998,1165967000,461613,460807,0,460805,1029000,807,784.26,false
1166948000,462383,461577,0,461575,1167977000,463190,462384,0,462382,1029000,807,784.26,false
1167977000,463190,462384,0,462382,1169006000,463997,463191,0,463189,1029000,807,784.26,false
1169006000,463997,463191,0,463189,1170035000,464895,463998,0,463996,1029000,807,784.26,true
1170035000,464895,463998,0,463996,1171099000,465793,464896,0,464894,1064000,898,843.98,true
1171099000,465793,464896,0,464894,1172173000,466600,465794,0,465792,1074000,898,836.13,true
1172173000,466600,465794,0,465792,1173204000,467407,466601,0,466599,1031000,807,782.74,true
1173204000,467407,466601,0,466599,1174224000,468214,467408,0,467406,1020000,807,791.18,false
1174224000,468214,467408,0,467406,1175250000,469021,468215,0,468213,1026000,807,786.55,false
1175250000,469021,468215,0,468213,1176280000,469828,469022,0,469020,1030000,807,783.50,false
1176280000,469828,469022,0,469020,1177310000,470635,469829,0,469827,1030000,807,783.50,false
1177310000,470635,469829,0,469827,1178339000,471442,470636,0,470634,1029000,807,784.26,false
1178339000,471442,470636,0,470634,1179416000,472249,471443,0,471441,1077000,807,749.30,false
1179416000,472249,471443,0,471441,1180451000,473056,472250,0,472248,1035000,807,779.71,false
1180451000,473056,472250,0,472248,1181487000,473863,473057,0,473055,1036000,807,778.96,false
1181487000,473863,473057,0,473055,1182518000,474670,473864,0,473862,1031000,807,782.74,false
1182518000,474670,473864,0,473862,1183547000,475477,474671,0,474669,1029000,807,784.26,false
1183547000,475477,474671,0,474669,1184576000,476284,475478,0,475476,1029000,807,784.26,false
1184576000,476284,475478,0,475476,1185605000,477091,476285,0,476283,1029000,807,784.26,false
1185605000,477091,476285,0,476283,1186634000,477898,477092,0,477090,1029000,807,784.26,false
1186634000,477898,477092,0,477090,1187663000,478705,477899,0,477897,1029000,807,784.26,false
1187663000,478705,477899,0,477897,1188692000,479512,478706,0,478704,1029000,807,784.26,false
1188692000,479512,478706,0,478704,1189721000,480319,479513,0,479511,1029000,807,784.26,false
1189721000,480319,479513,0,479511,1190750000,481126,480320,0,480318,1029000,807,784.26,false
1190750000,481126,480320,0,480318,1191779000,481933,481127,0,481125,1029000,807,784.26,false
1192780000,482717,481911,0,481909,1193809000,483524,482718,0,482716,1029000,807,784.26,false
1193809000,483524,482718,0,482716,1194838000,484331,483525,0,483523,1029000,807,784.26,false
1194838000,484331,483525,0,483523,1195867000,485229,484332,0,484330,1029000,807,784.26,true
1195867000,485229,484332,0,484330,1196931000,486127,485230,0,485228,1064000,898,843.98,true
1196931000,486127,485230,0,485228,1198004000,486934,486128,0,486126,1073000,898,836.91,true
1198004000,486934,486128,0,486126,1199034000,487741,486935,0,486933,1030000,807,783.50,true
1199034000,487741,486935,0,486933,1200054000,488548,487742,0,487740,1020000,807,791.18,false
1200054000,488548,487742,0,487740,1201080000,489355,488549,0,488547,1026000,807,786.55,false
1201080000,489355,488549,0,488547,1202110000,490162,489356,0,489354,1030000,807,783.50,false
1202110000,490162,489356,0,489354,1203201000,490969,490163,0,490161,1091000,807,739.69,false
1203201000,490969,490163,0,490161,1204221000,491776,490970,0,490968,1020000,807,791.18,false
1204221000,491776,490970,0,490968,1205256000,492583,491777,0,491775,1035000,807,779.71,false
1205256000,492583,491777,0,491775,1206287000,493390,492584,0,492582,1031000,807,782.74,false
1206287000,493390,492584,0,492582,1207317000,494197,493391,0,493389,1030000,807,783.50,false
1207317000,494197,493391,0,493389,1208346000,495004,494198,0,494196,1029000,807,784.26,false
1208346000,495004,494198,0,494196,1209375000,495811,495005,0,495003,1029000,807,784.26,false
1209375000,495811,495005,0,495003,1210404000,496618,495812,0,495810,1029000,807,784.26,false
1210404000,496618,495812,0,495810,1211433000,497425,496619,0,496617,1029000,807,784.26,false
1211433000,497425,496619,0,496617,1212462000,498232,497426,0,497424,1029000,807,784.26,false
1212462000,498232,497426,0,497424,1213491000,499039,498233,0,498231,1029000,807,784.26,false
1213491000,499039,498233,0,498231,1214520000,499846,499040,0,499038,1029000,807,784.26,false
1214520000,499846,499040,0,499038,1215549000,500653,499847,0,499845,1029000,807,784.26,false
1215549000,500653,499847,0,499845,1216578000,501460,500654,0,500652,1029000,807,784.26,false
1216578000,501460,500654,0,500652,1217607000,502267,501461,0,501459,1029000,807,784.26,false
1218578000,503027,502221,0,502219,1219607000,503834,503028,0,503026,1029000,807,784.26,false
1219607000,503834,503028,0,503026,1220636000,504641,503835,0,503833,1029000,807,784.26,false
1220636000,504641,503835,0,503833,1221665000,505539,504642,0,504640,1029000,807,784.26,true
1221665000,505539,504642,0,504640,1222728000,506437,505540,0,505538,1063000,898,844.78,true
1222728000,506437,505540,0,505538,1223802000,507244,506438,0,506436,1074000,898,836.13,true
1223802000,507244,506438,0,506436,1224831000,508051,507245,0,507243,1029000,807,784.26,true
1224831000,508051,507245,0,507243,1225851000,508858,508052,0,508050,1020000,807,791.18,false
1225851000,508858,508052,0,508050,1226923000,509665,508859,0,508857,1072000,807,752.80,false
1226923000,509665,508859,0,508857,1227942000,510472,509666,0,509664,1019000,807,791.95,false
1227942000,510472,509666,0,509664,1228968000,511279,510473,0,510471,1026000,807,786.55,false
1228968000,511279,510473,0,510471,1229998000,512086,511280,0,511278,1030000,807,783.50,false
1229998000,512086,511280,0,511278,1231028000,512893,512087,0,512085,1030000,807,783.50,false
1231028000,512893,512087,0,512085,1232057000,513700,512894,0,512892,1029000,807,784.26,false
1232057000,513700,512894,0,512892,1233086000,514507,513701,0,513699,1029000,807,784.26,false
1233086000,514507,513701,0,513699,1234115000,515314,514508,0,514506,1029000,807,784.26,false
1234115000,515314,514508,0,514506,1235144000,516121,515315,0,515313,1029000,807,784.26,false
1235144000,516121,515315,0,515313,1236173000,516928,516122,0,516120,1029000,807,784.26,false
1236173000,516928,516122,0,516120,1237202000,517735,516929,0,516927,1029000,807,784.26,false
1237202000,517735,516929,0,516927,1238231000,518542,517736,0,517734,1029000,807,784.26,false
1238231000,518542,517736,0,517734,1239260000,519349,518543,0,518541,1029000,807,784.26,false
1239260000,519349,518543,0,518541,1240289000,520156,519350,0,519348,1029000,807,784.26,false
1240289000,520156,519350,0,519348,1241318000,520963,520157,0,520155,1029000,807,784.26,false
1241318000,520963,520157,0,520155,1242347000,521770,520964,0,520962,1029000,807,784.26,false
1242347000,521770,520964,0,520962,1243376000,522577,521771,0,521769,1029000,807,784.26,false
1244122000,523162,522356,0,522354,1245151000,523969,523163,0,523161,1029000,807,784.26,false
1245151000,523969,523163,0,523161,1246180000,524776,523970,0,523968,1029000,807,784.26,false
1246180000,524776,523970,0,523968,1247209000,525674,524777,0,524775,1029000,807,784.26,true
1247209000,525674,524777,0,524775,1248273000,526572,525675,0,525673,1064000,898,843.98,true
1248273000,526572,525675,0,525673,1249374000,527379,526573,0,526571,1101000,898,815.62,true
1249374000,527379,526573,0,526571,1250451000,528175,527380,0,527378,1077000,807,749.30,true
1250451000,528175,527380,0,527378,1251475000,528971,528176,0,528174,1024000,796,777.34,false
1251475000,528971,528176,0,528174,1252491000,529767,528972,0,528970,1016000,796,783.46,false
1252491000,529767,528972,0,528970,1253506000,530563,529768,0,529766,1015000,796,784.24,false
1253506000,530563,529768,0,529766,1254524000,531359,530564,0,530562,1018000,796,781.93,false
1254524000,531359,530564,0,530562,1255542000,532155,531360,0,531358,1018000,796,781.93,false
1255542000,532155,531360,0,531358,1256561000,532951,532156,0,532154,1019000,796,781.16,false
1256561000,532951,532156,0,532154,1257580000,533747,532952,0,532950,1019000,796,781.16,false
1257580000,533747,532952,0,532950,1258599000,534543,533748,0,533746,1019000,796,781.16,false
1258599000,534543,533748,0,533746,1259617000,535339,534544,0,534542,1018000,796,781.93,false
1259617000,535339,534544,0,534542,1260635000,536135,535340,0,535338,1018000,796,781.93,false
1260635000,536135,535340,0,535338,1261654000,536931,536136,0,536134,1019000,796,781.16,false
1261654000,536931,536136,0,536134,1262672000,537727,536932,0,536930,1018000,796,781.93,false
1262672000,537727,536932,0,536930,1263691000,538523,537728,0,537726,1019000,796,781.16,false
1263691000,538523,537728,0,537726,1264710000,539319,538524,0,538522,1019000,796,781.16,false
1264710000,539319,538524,0,538522,1265728000,540115,539320,0,539318,1018000,796,781.93,false
1265728000,540115,539320,0,539318,1266747000,540911,540116,0,540114,1019000,796,781.16,false
1266747000,540911,540116,0,540114,1267765000,541707,540912,0,540910,1018000,796,781.93,false
1267765000,541707,540912,0,540910,1268784000,542503,541708,0,541706,1019000,796,781.16,false
1268931000,542618,541823,0,541821,1269950000,543414,542619,0,542617,1019000,796,781.16,false
1269950000,543414,542619,0,542617,1270968000,544210,543415,0,543413,1018000,796,781.93,false
1270968000,544210,543415,0,543413,1272038000,545063,544211,0,544209,1070000,796,743.93,true
1272038000,545063,544211,0,544209,1273069000,545916,545064,0,545062,1031000,853,827.35,true
1273069000,545916,545064,0,545062,1274118000,546712,545917,0,545915,1049000,853,813.16,true
1274118000,546712,545917,0,545915,1275142000,547516,546713,0,546711,1024000,796,777.34,true
1275142000,547516,546713,0,546711,1276167000,548320,547517,0,547515,1025000,804,784.39,false
1276167000,548320,547517,0,547515,1277195000,549124,548321,0,548319,1028000,804,782.10,false
1277195000,549124,548321,0,548319,1278223000,549928,549125,0,549123,1028000,804,782.10,false
1278223000,549928,549125,0,549123,1279251000,550732,549929,0,549927,1028000,804,782.10,false
1279251000,550732,549929,0,549927,1280279000,551536,550733,0,550731,1028000,804,782.10,false
1280279000,551536,550733,0,550731,1281307000,552340,551537,0,551535,1028000,804,782.10,false
1281307000,552340,551537,0,551535,1282335000,553144,552341,0,552339,1028000,804,782.10,false
1282335000,553144,552341,0,552339,1283363000,553948,553145,0,553143,1028000,804,782.10,false
1283363000,553948,553145,0,553143,1284391000,554752,553949,0,553947,1028000,804,782.10,false
1284391000,554752,553949,0,553947,1285419000,555556,554753,0,554751,1028000,804,782.10,false
1285419000,555556,554753,0,554751,1286447000,556360,555557,0,555555,1028000,804,782.10,false
1286447000,556360,555557,0,555555,1287475000,557164,556361,0,556359,1028000,804,782.10,false
1287475000,557164,556361,0,556359,1288503000,557968,557165,0,557163,1028000,804,782.10,false
1288503000,557968,557165,0,557163,1289531000,558772,557969,0,557967,1028000,804,782.10,false
1289531000,558772,557969,0,557967,1290559000,559576,558773,0,558771,1028000,804,782.10,false
1290559000,559576,558773,0,558771,1291587000,560380,559577,0,559575,1028000,804,782.10,false
1291587000,560380,559577,0,559575,1292615000,561184,560381,0,560379,1028000,804,782.10,false
1292615000,561184,560381,0,560379,1293643000,561988,561185,0,561183,1028000,804,782.10,false
1293894000,562184,561381,0,561379,1294994000,562988,562185,0,562183,1100000,804,730.91,false
1294994000,562988,562185,0,562183,1296008000,563792,562989,0,562987,1014000,804,792.90,false
1296008000,563792,562989,0,562987,1297035000,564631,563793,0,563791,1027000,804,782.86,true
1297035000,564631,563793,0,563791,1298085000,565470,564632,0,564630,1050000,839,799.05,true
1298085000,565470,564632,0,564630,1299130000,566298,565471,0,565469,1045000,839,802.87,true
1299130000,566298,565471,0,565469,1300168000,567102,566299,0,566297,1038000,828,797.69,true
1300168000,567102,566299,0,566297,1301198000,567910,567103,0,567101,1030000,804,780.58,true
1301198000,567910,567103,0,567101,1302228000,568718,567911,0,567909,1030000,808,784.47,false
1302228000,568718,567911,0,567909,1303257000,569526,568719,0,568717,1029000,808,785.23,false
1303257000,569526,568719,0,568717,1304286000,570334,569527,0,569525,1029000,808,785.23,false
1304286000,570334,569527,0,569525,1305316000,571142,570335,0,570333,1030000,808,784.47,false
1305316000,571142,570335,0,570333,1306345000,571950,571143,0,571141,1029000,808,785.23,false
1306345000,571950,571143,0,571141,1307375000,572758,571951,0,571949,1030000,808,784.47,false
1307375000,572758,571951,0,571949,1308404000,573566,572759,0,572757,1029000,808,785.23,false
1308404000,573566,572759,0,572757,1309434000,574374,573567,0,573565,1030000,808,784.47,false
1309434000,574374,573567,0,573565,1310464000,575182,574375,0,574373,1030000,808,784.47,false
1310464000,575182,574375,0,574373,1311494000,575990,575183,0,575181,1030000,808,784.47,false
1311494000,575990,575183,0,575181,1312524000,576798,575991,0,575989,1030000,808,784.47,false
1312524000,576798,575991,0,575989,1313554000,577606,576799,0,576797,1030000,808,784.47,false
1313554000,577606,576799,0,576797,1314584000,578414,577607,0,577605,1030000,808,784.47,false
1314584000,578414,577607,0,577605,1315614000,579222,578415,0,578413,1030000,808,784.47,false
1315614000,579222,578415,0,578413,1316644000,580030,579223,0,579221,1030000,808,784.47,false
1316644000,580030,579223,0,579221,1317707000,580838,580031,0,580029,1063000,808,760.11,false
1317707000,580838,580031,0,580029,1318759000,581646,580839,0,580837,1052000,808,768.06,false
1318759000,581646,580839,0,580837,1319795000,582454,581647,0,581645,1036000,808,779.92,false
1319963000,582588,581781,0,581779,1320996000,583396,582589,0,582587,1033000,808,782.19,false
1320996000,583396,582589,0,582587,1322025000,584204,583397,0,583395,1029000,808,785.23,false
1322025000,584204,583397,0,583395,1323054000,585085,584205,0,584203,1029000,808,785.23,true
1323054000,585085,584205,0,584203,1324112000,585966,585086,0,585084,1058000,881,832.70,true
1324112000,585966,585086,0,585084,1325176000,586774,585967,0,585965,1064000,881,828.01,true
1325176000,586774,585967,0,585965,1326197000,587586,586775,0,586773,1021000,808,791.38,true
1326197000,587586,586775,0,586773,1327224000,588398,587587,0,587585,1027000,812,790.65,false
1327224000,588398,587587,0,587585,1328256000,589210,588399,0,588397,1032000,812,786.82,false
1328256000,589210,588399,0,588397,1329288000,590022,589211,0,589209,1032000,812,786.82,false
1329288000,590022,589211,0,589209,1330320000,590834,590023,0,590021,1032000,812,786.82,false
1330320000,590834,590023,0,590021,1331351000,591646,590835,0,590833,1031000,812,787.58,false
1331351000,591646,590835,0,590833,1332382000,592458,591647,0,591645,1031000,812,787.58,false
1332382000,592458,591647,0,591645,1333413000,593270,592459,0,592457,1031000,812,787.58,false
1333413000,593270,592459,0,592457,1334444000,594082,593271,0,593269,1031000,812,787.58,false
1334444000,594082,593271,0,593269,1335475000,594894,594083,0,594081,1031000,812,787.58,false
1335475000,594894,594083,0,594081,1336506000,595706,594895,0,594893,1031000,812,787.58,false
1336506000,595706,594895,0,594893,1337537000,596518,595707,0,595705,1031000,812,787.58,false
1337537000,596518,595707,0,595705,1338568000,597330,596519,0,596517,1031000,812,787.58,false
1338568000,597330,596519,0,596517,1339599000,598142,597331,0,597329,1031000,812,787.58,false
1339599000,598142,597331,0,597329,1340630000,598954,598143,0,598141,1031000,812,787.58,false
1340630000,598954,598143,0,598141,1341736000,599766,598955,0,598953,1106000,812,734.18,false
1341736000,599766,598955,0,598953,1342750000,600578,599767,0,599765,1014000,812,800.79,false
1342750000,600578,599767,0,599765,1343781000,601390,600579,0,600577,1031000,812,787.58,false
1343781000,601390,600579,0,600577,1344811000,602202,601391,0,601389,1030000,812,788.35,false
1344811000,602202,601391,0,601389,1345839000,603014,602203,0,602201,1028000,812,789.88,false
1345880000,603047,602236,0,602234,1346908000,603859,603048,0,603046,1028000,812,789.88,false
1346908000,603859,603048,0,603046,1347936000,604671,603860,0,603858,1028000,812,789.88,false
1347936000,604671,603860,0,603858,1348964000,605569,604672,0,604670,1028000,812,789.88,true
1348964000,605569,604672,0,604670,1350026000,606467,605570,0,605568,1062000,898,845.57,true
1350026000,606467,605570,0,605568,1351096000,607279,606468,0,606466,1070000,898,839.25,true
1351096000,607279,606468,0,606466,1352124000,608092,607280,0,607278,1028000,812,789.88,true
1352124000,608092,607280,0,607278,1353144000,608905,608093,0,608091,1020000,813,797.06,false
1353144000,608905,608093,0,608091,1354170000,609718,608906,0,608904,1026000,813,792.40,false
1354170000,609718,608906,0,608904,1355199000,610531,609719,0,609717,1029000,813,790.09,false
1355199000,610531,609719,0,609717,1356228000,611344,610532,0,610530,1029000,813,790.09,false
1356228000,611344,610532,0,610530,1357256000,612157,611345,0,611343,1028000,813,790.86,false
1357256000,612157,611345,0,611343,1358284000,612970,612158,0,612156,1028000,813,790.86,false
1358284000,612970,612158,0,612156,1359312000,613783,612971,0,612969,1028000,813,790.86,false
1359312000,613783,612971,0,612969,1360340000,614596,613784,0,613782,1028000,813,790.86,false
1360340000,614596,613784,0,613782,1361368000,615409,614597,0,614595,1028000,813,790.86,false
1361368000,615409,614597,0,614595,1362397000,616222,615410,0,615408,1029000,813,790.09,false
1362397000,616222,615410,0,615408,1363425000,617035,616223,0,616221,1028000,813,790.86,false
1363425000,617035,616223,0,616221,1364453000,617848,617036,0,617034,1028000,813,790.86,false
1364453000,617848,617036,0,617034,1365543000,618661,617849,0,617847,1090000,813,745.87,false
1365543000,618661,617849,0,617847,1366575000,619474,618662,0,618660,1032000,813,787.79,false
1366575000,619474,618662,0,618660,1367601000,620287,619475,0,619473,1026000,813,792.40,false
1367601000,620287,619475,0,619473,1368629000,621100,620288,0,620286,1028000,813,790.86,false
1368629000,621100,620288,0,620286,1369657000,621913,621101,0,621099,1028000,813,790.86,false
1369657000,621913,621101,0,621099,1370686000,622726,621914,0,621912,1029000,813,790.09,false
1371649000,623488,622676,0,622674,1372677000,624301,623489,0,623487,1028000,813,790.86,false
1372677000,624301,623489,0,623487,1373705000,625114,624302,0,624300,1028000,813,790.86,false
1373705000,625114,624302,0,624300,1374733000,626016,625115,0,625113,1028000,813,790.86,true
1374733000,626016,625115,0,625113,1375796000,626918,626017,0,626015,1063000,902,848.54,true
1375796000,626918,626017,0,626015,1376869000,627731,626919,0,626917,1073000,902,840.63,true
1376869000,627731,626919,0,626917,1377897000,628544,627732,0,627730,1028000,813,790.86,true
1377897000,628544,627732,0,627730,1378917000,629357,628545,0,628543,1020000,813,797.06,false
1378917000,629357,628545,0,628543,1379943000,630170,629358,0,629356,1026000,813,792.40,false
1379943000,630170,629358,0,629356,1380972000,630983,630171,0,630169,1029000,813,790.09,false
1380972000,630983,630171,0,630169,1382001000,631796,630984,0,630982,1029000,813,790.09,false
1382001000,631796,630984,0,630982,1383030000,632609,631797,0,631795,1029000,813,790.09,false
1383030000,632609,631797,0,631795,1384058000,633422,632610,0,632608,1028000,813,790.86,false
1384058000,633422,632610,0,632608,1385086000,634235,633423,0,633421,1028000,813,790.86,false
1385086000,634235,633423,0,633421,1386114000,635048,634236,0,634234,1028000,813,790.86,false
1386114000,635048,634236,0,634234,1387142000,635861,635049,0,635047,1028000,813,790.86,false
1387142000,635861,635049,0,635047,1388195000,636674,635862,0,635860,1053000,813,772.08,false
1388195000,636674,635862,0,635860,1389253000,637487,636675,0,636673,1058000,813,768.43,false
1389253000,637487,636675,0,636673,1390291000,638300,637488,0,637486,1038000,813,783.24,false
1390291000,638300,637488,0,637486,1391318000,639113,638301,0,638299,1027000,813,791.63,false
1391318000,639113,638301,0,638299,1392345000,639926,639114,0,639112,1027000,813,791.63,false
1392345000,639926,639114,0,639112,1393373000,640739,639927,0,639925,1028000,813,790.86,false
1393373000,640739,639927,0,639925,1394402000,641552,640740,0,640738,1029000,813,790.09,false
1394402000,641552,640740,0,640738,1395430000,642365,641553,0,641551,1028000,813,790.86,false
1395430000,642365,641553,0,641551,1396458000,643178,642366,0,642364,1028000,813,790.86,false
1397405000,643926,643114,0,643112,1398433000,644739,643927,0,643925,1028000,813,790.86,false
1398433000,644739,643927,0,643925,1399461000,645552,644740,0,644738,1028000,813,790.86,false
1399461000,645552,644740,0,644738,1400490000,646454,645553,0,645551,1029000,813,790.09,true
1400490000,646454,645553,0,645551,1401553000,647356,646455,0,646453,1063000,902,848.54,true
1401553000,647356,646455,0,646453,1402626000,648169,647357,0,647355,1073000,902,840.63,true
1402626000,648169,647357,0,647355,1403654000,648982,648170,0,648168,1028000,813,790.86,true
1403654000,648982,648170,0,648168,1404673000,649795,648983,0,648981,1019000,813,797.84,false
1404673000,649795,648983,0,648981,1405699000,650608,649796,0,649794,1026000,813,792.40,false
1405699000,650608,649796,0,649794,1406728000,651421,650609,0,650607,1029000,813,790.09,false
1406728000,651421,650609,0,650607,1407757000,652234,651422,0,651420,1029000,813,790.09,false
1407757000,652234,651422,0,651420,1408785000,653047,652235,0,652233,1028000,813,790.86,false
1408785000,653047,652235,0,652233,1409813000,653860,653048,0,653046,1028000,813,790.86,false
1409813000,653860,653048,0,653046,1410842000,654673,653861,0,653859,1029000,813,790.09,false
1410842000,654673,653861,0,653859,1411913000,655486,654674,0,654672,1071000,813,759.10,false
1411913000,655486,654674,0,654672,1412950000,656299,655487,0,655485,1037000,813,783.99,false
1412950000,656299,655487,0,655485,1413987000,657112,656300,0,656298,1037000,813,783.99,false
1413987000,657112,656300,0,656298,1415016000,657925,657113,0,657111,1029000,813,790.09,false
1415016000,657925,657113,0,657111,1416043000,658738,657926,0,657924,1027000,813,791.63,false
1416043000,658738,657926,0,657924,1417071000,659551,658739,0,658737,1028000,813,790.86,false
1417071000,659551,658739,0,658737,1418099000,660364,659552,0,659550,1028000,813,790.86,false
1418099000,660364,659552,0,659550,1419128000,661177,660365,0,660363,1029000,813,790.09,false
1419128000,661177,660365,0,660363,1420156000,661990,661178,0,661176,1028000,813,790.86,false
1420156000,661990,661178,0,661176,1421184000,662803,661991,0,661989,1028000,813,790.86,false
1421184000,662803,661991,0,661989,1422212000,663616,662804,0,662802,1028000,813,790.86,false
1423150000,664357,663545,0,663543,1424178000,665170,664358,0,664356,1028000,813,790.86,false
1424178000,665170,664358,0,664356,1425206000,665983,665171,0,665169,1028000,813,790.86,false
1425206000,665983,665171,0,665169,1426234000,666885,665984,0,665982,1028000,813,790.86,true
1426234000,666885,665984,0,665982,1427297000,667787,666886,0,666884,1063000,902,848.54,true
1427297000,667787,666886,0,666884,1428370000,668600,667788,0,667786,1073000,902,840.63,true
1428370000,668600,667788,0,667786,1429398000,669413,668601,0,668599,1028000,813,790.86,true
1429398000,669413,668601,0,668599,1430418000,670226,669414,0,669412,1020000,813,797.06,false
1430418000,670226,669414,0,669412,1431444000,671039,670227,0,670225,1026000,813,792.40,false
1431444000,671039,670227,0,670225,1432473000,671852,671040,0,671038,1029000,813,790.09,false
1432473000,671852,671040,0,671038,1433502000,672665,671853,0,671851,1029000,813,790.09,false
1433502000,672665,671853,0,671851,1434530000,673478,672666,0,672664,1028000,813,790.86,false
1434530000,673478,672666,0,672664,1435619000,674291,673479,0,673477,1089000,813,746.56,false
1435619000,674291,673479,0,673477,1436642000,675104,674292,0,674290,1023000,813,794.72,false
1436642000,675104,674292,0,674290,1437676000,675917,675105,0,675103,1034000,813,786.27,false
1437676000,675917,675105,0,675103,1438706000,676730,675918,0,675916,1030000,813,789.32,false
1438706000,676730,675918,0,675916,1439734000,677543,676731,0,676729,1028000,813,790.86,false
1439734000,677543,676731,0,676729,1440763000,678356,677544,0,677542,1029000,813,790.09,false
1440763000,678356,677544,0,677542,1441791000,679169,678357,0,678355,1028000,813,790.86,false
1441791000,679169,678357,0,678355,1442819000,679982,679170,0,679168,1028000,813,790.86,false
1442819000,679982,679170,0,679168,1443847000,680795,679983,0,679981,1028000,813,790.86,false
1443847000,680795,679983,0,679981,1444875000,681608,680796,0,680794,1028000,813,790.86,false
1444875000,681608,680796,0,680794,1445903000,682421,681609,0,681607,1028000,813,790.86,false
1445903000,682421,681609,0,681607,1446931000,683234,682422,0,682420,1028000,813,790.86,false
1446931000,683234,682422,0,682420,1447959000,684047,683235,0,683233,1028000,813,790.86,false
1448898000,684789,683977,0,683975,1449926000,685602,684790,0,684788,1028000,813,790.86,false
1449926000,685602,684790,0,684788,1450955000,686415,685603,0,685601,1029000,813,790.09,false
1450955000,686415,685603,0,685601,1451983000,687317,686416,0,686414,1028000,813,790.86,true
1451983000,687317,686416,0,686414,1453046000,688219,687318,0,687316,1063000,902,848.54,true
1453046000,688219,687318,0,687316,1454118000,689032,688220,0,688218,1072000,902,841.42,true
1454118000,689032,688220,0,688218,1455146000,689845,689033,0,689031,1028000,813,790.86,true
1455146000,689845,689033,0,689031,1456165000,690658,689846,0,689844,1019000,813,797.84,false
1456165000,690658,689846,0,689844,1457192000,691471,690659,0,690657,1027000,813,791.63,false
1457192000,691471,690659,0,690657,1458221000,692284,691472,0,691470,1029000,813,790.09,false
1458221000,692284,691472,0,691470,1459316000,693097,692285,0,692283,1095000,813,742.47,false
1459316000,693097,692285,0,692283,1460334000,693910,693098,0,693096,1018000,813,798.62,false
1460334000,693910,693098,0,693096,1461364000,694723,693911,0,693909,1030000,813,789.32,false
1461364000,694723,693911,0,693909,1462394000,695536,694724,0,694722,1030000,813,789.32,false
1462394000,695536,694724,0,694722,1463422000,696349,695537,0,695535,1028000,813,790.86,false
1463422000,696349,695537,0,695535,1464451000,697162,696350,0,696348,1029000,813,790.09,false
1464451000,697162,696350,0,696348,1465479000,697975,697163,0,697161,1028000,813,790.86,false
1465479000,697975,697163,0,697161,1466507000,698788,697976,0,697974,1028000,813,790.86,false
1466507000,698788,697976,0,697974,1467535000,699601,698789,0,698787,1028000,813,790.86,false
1467535000,699601,698789,0,698787,1468564000,700414,699602,0,699600,1029000,813,790.09,false
1468564000,700414,699602,0,699600,1469592000,701227,700415,0,700413,1028000,813,790.86,false
1469592000,701227,700415,0,700413,1470621000,702040,701228,0,701226,1029000,813,790.09,false
1470621000,702040,701228,0,701226,1471649000,702853,702041,0,702039,1028000,813,790.86,false
1471649000,702853,702041,0,702039,1472677000,703666,702854,0,702852,1028000,813,790.86,false
1472677000,703666,702854,0,702852,1473705000,704479,703667,0,703665,1028000,813,790.86,false
1474639000,705218,704406,0,704404,1475667000,706031,705219,0,705217,1028000,813,790.86,false
1475667000,706031,705219,0,705217,1476696000,706844,706032,0,706030,1029000,813,790.09,false
1476696000,706844,706032,0,706030,1477724000,707746,706845,0,706843,1028000,813,790.86,true
1477724000,707746,706845,0,706843,1478787000,708648,707747,0,707745,1063000,902,848.54,true
1478787000,708648,707747,0,707745,1479860000,709461,708649,0,708647,1073000,902,840.63,true
1479860000,709461,708649,0,708647,1480888000,710274,709462,0,709460,1028000,813,790.86,true
1480888000,710274,709462,0,709460,1481908000,711087,710275,0,710273,1020000,813,797.06,false
1481908000,711087,710275,0,710273,1482978000,711900,711088,0,711086,1070000,813,759.81,false
1482978000,711900,711088,0,711086,1483996000,712713,711901,0,711899,1018000,813,798.62,false
1483996000,712713,711901,0,711899,1485022000,713526,712714,0,712712,1026000,813,792.40,false
1485022000,713526,712714,0,712712,1486051000,714339,713527,0,713525,1029000,813,790.09,false
1486051000,714339,713527,0,713525,1487079000,715152,714340,0,714338,1028000,813,790.86,false
1487079000,715152,714340,0,714338,1488107000,715965,715153,0,715151,1028000,813,790.86,false
1488107000,715965,715153,0,715151,1489136000,716778,715966,0,715964,1029000,813,790.09,false
1489136000,716778,715966,0,715964,1490165000,717591,716779,0,716777,1029000,813,790.09,false
1490165000,717591,716779,0,716777,1491193000,718404,717592,0,717590,1028000,813,790.86,false
1491193000,718404,717592,0,717590,1492221000,719217,718405,0,718403,1028000,813,790.86,false
1492221000,719217,718405,0,718403,1493250000,720030,719218,0,719216,1029000,813,790.09,false
1493250000,720030,719218,0,719216,1494278000,720843,720031,0,720029,1028000,813,790.86,false
1494278000,720843,720031,0,720029,1495306000,721656,720844,0,720842,1028000,813,790.86,false
1495306000,721656,720844,0,720842,1496335000,722469,721657,0,721655,1029000,813,790.09,false
1496335000,722469,721657,0,721655,1497363000,723282,722470,0,722468,1028000,813,790.86,false
1497363000,723282,722470,0,722468,1498391000,724095,723283,0,723281,1028000,813,790.86,false
1498391000,724095,723283,0,723281,1499420000,724908,724096,0,724094,1029000,813,790.09,false
1500104000,725451,724639,0,724637,1501133000,726264,725452,0,725450,1029000,813,790.09,false
1501133000,726264,725452,0,725450,1502162000,727077,726265,0,726263,1029000,813,790.09,false
1502162000,727077,726265,0,726263,1503190000,727979,727078,0,727076,1028000,813,790.86,true
1503190000,727979,727078,0,727076,1504253000,728881,727980,0,727978,1063000,902,848.54,true
1504253000,728881,727980,0,727978,1505365000,729694,728882,0,728880,1112000,902,811.15,true
1505365000,729694,728882,0,728880,1506415000,730493,729695,0,729693,1050000,813,774.29,true
1506415000,730493,729695,0,729693,1507450000,731292,730494,0,730492,1035000,799,771.98,false
1507450000,731292,730494,0,730492,1508467000,732091,731293,0,731291,1017000,799,785.64,false
1508467000,732091,731293,0,731291,1509484000,732890,732092,0,732090,1017000,799,785.64,false
1509484000,732890,732092,0,732090,1510504000,733689,732891,0,732889,1020000,799,783.33,false
1510504000,733689,732891,0,732889,1511524000,734488,733690,0,733688,1020000,799,783.33,false
1511524000,734488,733690,0,733688,1512544000,735287,734489,0,734487,1020000,799,783.33,false
1512544000,735287,734489,0,734487,1513564000,736086,735288,0,735286,1020000,799,783.33,false
1513564000,736086,735288,0,735286,1514584000,736885,736087,0,736085,1020000,799,783.33,false
1514584000,736885,736087,0,736085,1515604000,737684,736886,0,736884,1020000,799,783.33,false
1515604000,737684,736886,0,736884,1516624000,738483,737685,0,737683,1020000,799,783.33,false
1516624000,738483,737685,0,737683,1517644000,739282,738484,0,738482,1020000,799,783.33,false
1517644000,739282,738484,0,738482,1518664000,740081,739283,0,739281,1020000,799,783.33,false
1518664000,740081,739283,0,739281,1519684000,740880,740082,0,740080,1020000,799,783.33,false
1519684000,740880,740082,0,740080,1520704000,741679,740881,0,740879,1020000,799,783.33,false
1520704000,741679,740881,0,740879,1521724000,742478,741680,0,741678,1020000,799,783.33,false
1521724000,742478,741680,0,741678,1522744000,743277,742479,0,742477,1020000,799,783.33,false
1522744000,743277,742479,0,742477,1523764000,744076,743278,0,743276,1020000,799,783.33,false
1523764000,744076,743278,0,743276,1524784000,744875,744077,0,744075,1020000,799,783.33,false
1524965000,745017,744219,0,744217,1525985000,745816,745018,0,745016,1020000,799,783.33,false
1525985000,745816,745018,0,745016,1527005000,746615,745817,0,745815,1020000,799,783.33,false
1527005000,746615,745817,0,745815,1528083000,747477,746616,0,746614,1078000,799,741.19,true
1528083000,747477,746616,0,746614,1529115000,748339,747478,0,747476,1032000,862,835.27,true
1529115000,748339,747478,0,747476,1530165000,749138,748340,0,748338,1050000,862,820.95,true
1530165000,749138,748340,0,748338,1531192000,749944,749139,0,749137,1027000,799,777.99,true
1531192000,749944,749139,0,749137,1532218000,750750,749945,0,749943,1026000,806,785.58,false
1532218000,750750,749945,0,749943,1533246000,751556,750751,0,750749,1028000,806,784.05,false
1533246000,751556,750751,0,750749,1534275000,752362,751557,0,751555,1029000,806,783.28,false
1534275000,752362,751557,0,751555,1535304000,753168,752363,0,752361,1029000,806,783.28,false
1535304000,753168,752363,0,752361,1536333000,753974,753169,0,753167,1029000,806,783.28,false
1536333000,753974,753169,0,753167,1537362000,754780,753975,0,753973,1029000,806,783.28,false
1537362000,754780,753975,0,753973,1538391000,755586,754781,0,754779,1029000,806,783.28,false
1538391000,755586,754781,0,754779,1539420000,756392,755587,0,755585,1029000,806,783.28,false
1539420000,756392,755587,0,755585,1540449000,757198,756393,0,756391,1029000,806,783.28,false
1540449000,757198,756393,0,756391,1541478000,758004,757199,0,757197,1029000,806,783.28,false
1541478000,758004,757199,0,757197,1542507000,758810,758005,0,758003,1029000,806,783.28,false
1542507000,758810,758005,0,758003,1543536000,759616,758811,0,758809,1029000,806,783.28,false
1543536000,759616,758811,0,758809,1544565000,760422,759617,0,759615,1029000,806,783.28,false
1544565000,760422,759617,0,759615,1545594000,761228,760423,0,760421,1029000,806,783.28,false
1545594000,761228,760423,0,760421,1546623000,762034,761229,0,761227,1029000,806,783.28,false
1546623000,762034,761229,0,761227,1547652000,762840,762035,0,762033,1029000,806,783.28,false
1547652000,762840,762035,0,762033,1548681000,763646,762841,0,762839,1029000,806,783.28,false
1548681000,763646,762841,0,762839,1549710000,764452,763647,0,763645,1029000,806,783.28,false
1550036000,764708,763903,0,763901,1551140000,765514,764709,0,764707,1104000,806,730.07,false
1551140000,765514,764709,0,764707,1552154000,766320,765515,0,765513,1014000,806,794.87,false
1552154000,766320,765515,0,765513,1553181000,767158,766321,0,766319,1027000,806,784.81,true
1553181000,767158,766321,0,766319,1554232000,767996,767159,0,767157,1051000,838,797.34,true
1554232000,767996,767159,0,767157,1555276000,768834,767997,0,767995,1044000,838,802.68,true
1555276000,768834,767997,0,767995,1556318000,769640,768835,0,768833,1042000,838,804.22,true
1556318000,769640,768835,0,768833,1557354000,770449,769641,0,769639,1036000,806,777.99,true
1557354000,770449,769641,0,769639,1558386000,771258,770450,0,770448,1032000,809,783.91,false
1558386000,771258,770450,0,770448,1559416000,772067,771259,0,771257,1030000,809,785.44,false
1559416000,772067,771259,0,771257,1560446000,772876,772068,0,772066,1030000,809,785.44,false
1560446000,772876,772068,0,772066,1561476000,773685,772877,0,772875,1030000,809,785.44,false
1561476000,773685,772877,0,772875,1562506000,774494,773686,0,773684,1030000,809,785.44,false
1562506000,774494,773686,0,773684,1563536000,775303,774495,0,774493,1030000,809,785.44,false
1563536000,775303,774495,0,774493,1564566000,776112,775304,0,775302,1030000,809,785.44,false
1564566000,776112,775304,0,775302,1565596000,776921,776113,0,776111,1030000,809,785.44,false
1565596000,776921,776113,0,776111,1566626000,777730,776922,0,776920,1030000,809,785.44,false
1566626000,777730,776922,0,776920,1567656000,778539,777731,0,777729,1030000,809,785.44,false
1567656000,778539,777731,0,777729,1568686000,779348,778540,0,778538,1030000,809,785.44,false
1568686000,779348,778540,0,778538,1569716000,780157,779349,0,779347,1030000,809,785.44,false
1569716000,780157,779349,0,779347,1570746000,780966,780158,0,780156,1030000,809,785.44,false
1570746000,780966,780158,0,780156,1571776000,781775,780967,0,780965,1030000,809,785.44,false
1571776000,781775,780967,0,780965,1572806000,782584,781776,0,781774,1030000,809,785.44,false
1572806000,782584,781776,0,781774,1573863000,783393,782585,0,782583,1057000,809,765.37,false
1573863000,783393,782585,0,782583,1574925000,784202,783394,0,783392,1062000,809,761.77,false
1574925000,784202,783394,0,783392,1575960000,785011,784203,0,784201,1035000,809,781.64,false
1576150000,785163,784355,0,784353,1577182000,785972,785164,0,785162,1032000,809,783.91,false
1577182000,785972,785164,0,785162,1578212000,786781,785973,0,785971,1030000,809,785.44,false
1578212000,786781,785973,0,785971,1579242000,787666,786782,0,786780,1030000,809,785.44,true
1579242000,787666,786782,0,786780,1580301000,788551,787667,0,787665,1059000,885,835.69,true
1580301000,788551,787667,0,787665,1581368000,789360,788552,0,788550,1067000,885,829.43,true
1581368000,789360,788552,0,788550,1582390000,790172,789361,0,789359,1022000,809,791.59,true
1582390000,790172,789361,0,789359,1583416000,790984,790173,0,790171,1026000,812,791.42,false
1583416000,790984,790173,0,790171,1584448000,791796,790985,0,790983,1032000,812,786.82,false
1584448000,791796,790985,0,790983,1585480000,792608,791797,0,791795,1032000,812,786.82,false
1585480000,792608,791797,0,791795,1586512000,793420,792609,0,792607,1032000,812,786.82,false
1586512000,793420,792609,0,792607,1587543000,794232,793421,0,793419,1031000,812,787.58,false
1587543000,794232,793421,0,793419,1588574000,795044,794233,0,794231,1031000,812,787.58,false
1588574000,795044,794233,0,794231,1589605000,795856,795045,0,795043,1031000,812,787.58,false
1589605000,795856,795045,0,795043,1590636000,796668,795857,0,795855,1031000,812,787.58,false
1590636000,796668,795857,0,795855,1591667000,797480,796669,0,796667,1031000,812,787.58,false
1591667000,797480,796669,0,796667,1592698000,798292,797481,0,797479,1031000,812,787.58,false
1592698000,798292,797481,0,797479,1593729000,799104,798293,0,798291,1031000,812,787.58,false
1593729000,799104,798293,0,798291,1594760000,799916,799105,0,799103,1031000,812,787.58,false
1594760000,799916,799105,0,799103,1595791000,800728,799917,0,799915,1031000,812,787.58,false
1595791000,800728,799917,0,799915,1596822000,801540,800729,0,800727,1031000,812,787.58,false
1596822000,801540,800729,0,800727,1597931000,802352,801541,0,801539,1109000,812,732.19,false
1597931000,802352,801541,0,801539,1598944000,803164,802353,0,802351,1013000,812,801.58,false
1598944000,803164,802353,0,802351,1599971000,803976,803165,0,803163,1027000,812,790.65,false
1599971000,803976,803165,0,803163,1601001000,804788,803977,0,803975,1030000,812,788.35,false
1601001000,804788,803977,0,803975,1602030000,805600,804789,0,804787,1029000,812,789.12,false
1602084000,805642,804831,0,804829,1603112000,806454,805643,0,805641,1028000,812,789.88,false
1603112000,806454,805643,0,805641,1604140000,807266,806455,0,806453,1028000,812,789.88,false
1604140000,807266,806455,0,806453,1605168000,808164,807267,0,807265,1028000,812,789.88,true
1605168000,808164,807267,0,807265,1606229000,809062,808165,0,808163,1061000,898,846.37,true
1606229000,809062,808165,0,808163,1607299000,809874,809063,0,809061,1070000,898,839.25,true
1607299000,809874,809063,0,809061,1608327000,810687,809875,0,809873,1028000,812,789.88,true
1608327000,810687,809875,0,809873,1609346000,811500,810688,0,810686,1019000,813,797.84,false
1609346000,811500,810688,0,810686,1610373000,812313,811501,0,811499,1027000,813,791.63,false
1610373000,812313,811501,0,811499,1611402000,813126,812314,0,812312,1029000,813,790.09,false
1611402000,813126,812314,0,812312,1612431000,813939,813127,0,813125,1029000,813,790.09,false
1612431000,813939,813127,0,813125,1613459000,814752,813940,0,813938,1028000,813,790.86,false
1613459000,814752,813940,0,813938,1614487000,815565,814753,0,814751,1028000,813,790.86,false
1614487000,815565,814753,0,814751,1615515000,816378,815566,0,815564,1028000,813,790.86,false
1615515000,816378,815566,0,815564,1616543000,817191,816379,0,816377,1028000,813,790.86,false
1616543000,817191,816379,0,816377,1617572000,818004,817192,0,817190,1029000,813,790.09,false
1617572000,818004,817192,0,817190,1618600000,818817,818005,0,818003,1028000,813,790.86,false
1618600000,818817,818005,0,818003,1619628000,819630,818818,0,818816,1028000,813,790.86,false
1619628000,819630,818818,0,818816,1620656000,820443,819631,0,819629,1028000,813,790.86,false
1620656000,820443,819631,0,819629,1621749000,821256,820444,0,820442,1093000,813,743.82,false
1621749000,821256,820444,0,820442,1622778000,822069,821257,0,821255,1029000,813,790.09,false
1622778000,822069,821257,0,821255,1623804000,822882,822070,0,822068,1026000,813,792.40,false
1623804000,822882,822070,0,822068,1624832000,823695,822883,0,822881,1028000,813,790.86,false
1624832000,823695,822883,0,822881,1625861000,824508,823696,0,823694,1029000,813,790.09,false
1625861000,824508,823696,0,823694,1626889000,825321,824509,0,824507,1028000,813,790.86,false
1627838000,826072,825260,0,825258,1628866000,826885,826073,0,826071,1028000,813,790.86,false
1628866000,826885,826073,0,826071,1629895000,827698,826886,0,826884,1029000,813,790.09,false
1629895000,827698,826886,0,826884,1630923000,828600,827699,0,827697,1028000,813,790.86,true
1630923000,828600,827699,0,827697,1631986000,829502,828601,0,828599,1063000,902,848.54,true
1631986000,829502,828601,0,828599,1633059000,830315,829503,0,829501,1073000,902,840.63,true
1633059000,830315,829503,0,829501,1634087000,831128,830316,0,830314,1028000,813,790.86,true
1634087000,831128,830316,0,830314,1635106000,831941,831129,0,831127,1019000,813,797.84,false
1635106000,831941,831129,0,831127,1636132000,832754,831942,0,831940,1026000,813,792.40,false
1636132000,832754,831942,0,831940,1637162000,833567,832755,0,832753,1030000,813,789.32,false
1637162000,833567,832755,0,832753,1638191000,834380,833568,0,833566,1029000,813,790.09,false
1638191000,834380,833568,0,833566,1639219000,835193,834381,0,834379,1028000,813,790.86,false
1639219000,835193,834381,0,834379,1640247000,836006,835194,0,835192,1028000,813,790.86,false
1640247000,836006,835194,0,835192,1641275000,836819,836007,0,836005,1028000,813,790.86,false
1641275000,836819,836007,0,836005,1642303000,837632,836820,0,836818,1028000,813,790.86,false
1642303000,837632,836820,0,836818,1643332000,838445,837633,0,837631,1029000,813,790.09,false
1643332000,838445,837633,0,837631,1644374000,839258,838446,0,838444,1042000,813,780.23,false
1644374000,839258,838446,0,838444,1645444000,840071,839259,0,839257,1070000,813,759.81,false
1645444000,840071,839259,0,839257,1646480000,840884,840072,0,840070,1036000,813,784.75,false
1646480000,840884,840072,0,840070,1647507000,841697,840885,0,840883,1027000,813,791.63,false
1647507000,841697,840885,0,840883,1648535000,842510,841698,0,841696,1028000,813,790.86,false
1648535000,842510,841698,0,841696,1649563000,843323,842511,0,842509,1028000,813,790.86,false
1649563000,843323,842511,0,842509,1650592000,844136,843324,0,843322,1029000,813,790.09,false
1650592000,844136,843324,0,843322,1651620000,844949,844137,0,844135,1028000,813,790.86,false
1651620000,844949,844137,0,844135,1652648000,845762,844950,0,844948,1028000,813,790.86,false
1653619000,846529,845717,0,845715,1654647000,847342,846530,0,846528,1028000,813,790.86,false
1654647000,847342,846530,0,846528,1655675000,848155,847343,0,847341,1028000,813,790.86,false
1655675000,848155,847343,0,847341,1656703000,849057,848156,0,848154,1028000,813,790.86,true
1656703000,849057,848156,0,848154,1657766000,849959,849058,0,849056,1063000,902,848.54,true
1657766000,849959,849058,0,849056,1658839000,850772,849960,0,849958,1073000,902,840.63,true
1658839000,850772,849960,0,849958,1659867000,851585,850773,0,850771,1028000,813,790.86,true
1659867000,851585,850773,0,850771,1660887000,852398,851586,0,851584,1020000,813,797.06,false
1660887000,852398,851586,0,851584,1661913000,853211,852399,0,852397,1026000,813,792.40,false
1661913000,853211,852399,0,852397,1662942000,854024,853212,0,853210,1029000,813,790.09,false
1662942000,854024,853212,0,853210,1663971000,854837,854025,0,854023,1029000,813,790.09,false
1663971000,854837,854025,0,854023,1664999000,855650,854838,0,854836,1028000,813,790.86,false
1664999000,855650,854838,0,854836,1666027000,856463,855651,0,855649,1028000,813,790.86,false
1666027000,856463,855651,0,855649,1667055000,857276,856464,0,856462,1028000,813,790.86,false
1667055000,857276,856464,0,856462,1668126000,858089,857277,0,857275,1071000,813,759.10,false
1668126000,858089,857277,0,857275,1669163000,858902,858090,0,858088,1037000,813,783.99,false
1669163000,858902,858090,0,858088,1670201000,859715,858903,0,858901,1038000,813,783.24,false
1670201000,859715,858903,0,858901,1671231000,860528,859716,0,859714,1030000,813,789.32,false
1671231000,860528,859716,0,859714,1672259000,861341,860529,0,860527,1028000,813,790.86,false
1672259000,861341,860529,0,860527,1673287000,862154,861342,0,861340,1028000,813,790.86,false
1673287000,862154,861342,0,861340,1674315000,862967,862155,0,862153,1028000,813,790.86,false
1674315000,862967,862155,0,862153,1675343000,863780,862968,0,862966,1028000,813,790.86,false
1675343000,863780,862968,0,862966,1676371000,864593,863781,0,863779,1028000,813,790.86,false
1676371000,864593,863781,0,863779,1677399000,865406,864594,0,864592,1028000,813,790.86,false
1677399000,865406,864594,0,864592,1678428000,866219,865407,0,865405,1029000,813,790.09,false
1679393000,866981,866169,0,866167,1680421000,867794,866982,0,866980,1028000,813,790.86,false
1680421000,867794,866982,0,866980,1681449000,868607,867795,0,867793,1028000,813,790.86,false
1681449000,868607,867795,0,867793,1682477000,869509,868608,0,868606,1028000,813,790.86,true
1682477000,869509,868608,0,868606,1683540000,870411,869510,0,869508,1063000,902,848.54,true
1683540000,870411,869510,0,869508,1684613000,871224,870412,0,870410,1073000,902,840.63,true
1684613000,871224,870412,0,870410,1685641000,872037,871225,0,871223,1028000,813,790.86,true
1685641000,872037,871225,0,871223,1686660000,872850,872038,0,872036,1019000,813,797.84,false
1686660000,872850,872038,0,872036,1687686000,873663,872851,0,872849,1026000,813,792.40,false
1687686000,873663,872851,0,872849,1688715000,874476,873664,0,873662,1029000,813,790.09,false
1688715000,874476,873664,0,873662,1689744000,875289,874477,0,874475,1029000,813,790.09,false
1689744000,875289,874477,0,874475,1690772000,876102,875290,0,875288,1028000,813,790.86,false
1690772000,876102,875290,0,875288,1691860000,876915,876103,0,876101,1088000,813,747.24,false
1691860000,876915,876103,0,876101,1692884000,877728,876916,0,876914,1024000,813,793.95,false
1692884000,877728,876916,0,876914,1693918000,878541,877729,0,877727,1034000,813,786.27,false
1693918000,878541,877729,0,877727,1694949000,879354,878542,0,878540,1031000,813,788.55,false
1694949000,879354,878542,0,878540,1695977000,880167,879355,0,879353,1028000,813,790.86,false
1695977000,880167,879355,0,879353,1697005000,880980,880168,0,880166,1028000,813,790.86,false
1697005000,880980,880168,0,880166,1698033000,881793,880981,0,880979,1028000,813,790.86,false
1698033000,881793,880981,0,880979,1699061000,882606,881794,0,881792,1028000,813,790.86,false
1699061000,882606,881794,0,881792,1700089000,883419,882607,0,882605,1028000,813,790.86,false
1700089000,883419,882607,0,882605,1701117000,884232,883420,0,883418,1028000,813,790.86,false
1701117000,884232,883420,0,883418,1702145000,885045,884233,0,884231,1028000,813,790.86,false
1702145000,885045,884233,0,884231,1703174000,885858,885046,0,885044,1029000,813,790.09,false
1703174000,885858,885046,0,885044,1704202000,886671,885859,0,885857,1028000,813,790.86,false
1705156000,887425,886613,0,886611,1706184000,888238,887426,0,887424,1028000,813,790.86,false
1706184000,888238,887426,0,887424,1707212000,889051,888239,0,888237,1028000,813,790.86,false
1707212000,889051,888239,0,888237,1708241000,889953,889052,0,889050,1029000,813,790.09,true
1708241000,889953,889052,0,889050,1709304000,890855,889954,0,889952,1063000,902,848.54,true
1709304000,890855,889954,0,889952,1710376000,891668,890856,0,890854,1072000,902,841.42,true
1710376000,891668,890856,0,890854,1711404000,892481,891669,0,891667,1028000,813,790.86,true
1711404000,892481,891669,0,891667,1712423000,893294,892482,0,892480,1019000,813,797.84,false
1712423000,893294,892482,0,892480,1713450000,894107,893295,0,893293,1027000,813,791.63,false
1713450000,894107,893295,0,893293,1714479000,894920,894108,0,894106,1029000,813,790.09,false
1714479000,894920,894108,0,894106,1715576000,895733,894921,0,894919,1097000,813,741.11,false
1715576000,895733,894921,0,894919,1716590000,896546,895734,0,895732,1014000,813,801.78,false
1716590000,896546,895734,0,895732,1717621000,897359,896547,0,896545,1031000,813,788.55,false
1717621000,897359,896547,0,896545,1718651000,898172,897360,0,897358,1030000,813,789.32,false
1718651000,898172,897360,0,897358,1719680000,898985,898173,0,898171,1029000,813,790.09,false
1719680000,898985,898173,0,898171,1720708000,899798,898986,0,898984,1028000,813,790.86,false
1720708000,899798,898986,0,898984,1721737000,900611,899799,0,899797,1029000,813,790.09,false
1721737000,900611,899799,0,899797,1722765000,901424,900612,0,900610,1028000,813,790.86,false
1722765000,901424,900612,0,900610,1723793000,902237,901425,0,901423,1028000,813,790.86,false
1723793000,902237,901425,0,901423,1724821000,903050,902238,0,902236,1028000,813,790.86,false
1724821000,903050,902238,0,902236,1725850000,903863,903051,0,903049,1029000,813,790.09,false
1725850000,903863,903051,0,903049,1726878000,904676,903864,0,903862,1028000,813,790.86,false
1726878000,904676,903864,0,903862,1727907000,905489,904677,0,904675,1029000,813,790.09,false
1727907000,905489,904677,0,904675,1728935000,906302,905490,0,905488,1028000,813,790.86,false
1728935000,906302,905490,0,905488,1729963000,907115,906303,0,906301,1028000,813,790.86,false
1730883000,907843,907031,0,907029,1731912000,908656,907844,0,907842,1029000,813,790.09,false
1731912000,908656,907844,0,907842,1732940000,909469,908657,0,908655,1028000,813,790.86,false
1732940000,909469,908657,0,908655,1733968000,910371,909470,0,909468,1028000,813,790.86,true
1733968000,910371,909470,0,909468,1735032000,911273,910372,0,910370,1064000,902,847.74,true
1735032000,911273,910372,0,910370,1736104000,912086,911274,0,911272,1072000,902,841.42,true
1736104000,912086,911274,0,911272,1737132000,912899,912087,0,912085,1028000,813,790.86,true
1737132000,912899,912087,0,912085,1738151000,913712,912900,0,912898,1019000,813,797.84,false
1738151000,913712,912900,0,912898,1739222000,914525,913713,0,913711,1071000,813,759.10,false
1739222000,914525,913713,0,913711,1740240000,915338,914526,0,914524,1018000,813,798.62,false
1740240000,915338,914526,0,914524,1741266000,916151,915339,0,915337,1026000,813,792.40,false
1741266000,916151,915339,0,915337,1742295000,916964,916152,0,916150,1029000,813,790.09,false
1742295000,916964,916152,0,916150,1743323000,917777,916965,0,916963,1028000,813,790.86,false
1743323000,917777,916965,0,916963,1744352000,918590,917778,0,917776,1029000,813,790.09,false
1744352000,918590,917778,0,917776,1745380000,919403,918591,0,918589,1028000,813,790.86,false
1745380000,919403,918591,0,918589,1746409000,920216,919404,0,919402,1029000,813,790.09,false
1746409000,920216,919404,0,919402,1747437000,921029,920217,0,920215,1028000,813,790.86,false
1747437000,921029,920217,0,920215,1748465000,921842,921030,0,921028,1028000,813,790.86,false
1748465000,921842,921030,0,921028,1749494000,922655,921843,0,921841,1029000,813,790.09,false
1749494000,922655,921843,0,921841,1750522000,923468,922656,0,922654,1028000,813,790.86,false
1750522000,923468,922656,0,922654,1751550000,924281,923469,0,923467,1028000,813,790.86,false
1751550000,924281,923469,0,923467,1752579000,925094,924282,0,924280,1029000,813,790.09,false
1752579000,925094,924282,0,924280,1753607000,925907,925095,0,925093,1028000,813,790.86,false
1753607000,925907,925095,0,925093,1754635000,926720,925908,0,925906,1028000,813,790.86,false
1754635000,926720,925908,0,925906,1755664000,927533,926721,0,926719,1029000,813,790.09,false
1756352000,928079,927267,0,927265,1757381000,928892,928080,0,928078,1029000,813,790.09,false
1757381000,928892,928080,0,928078,1758409000,929705,928893,0,928891,1028000,813,790.86,false
1758409000,929705,928893,0,928891,1759438000,930607,929706,0,929704,1029000,813,790.09,true
1759438000,930607,929706,0,929704,1760501000,931509,930608,0,930606,1063000,902,848.54,true
1760501000,931509,930608,0,930606,1761613000,932322,931510,0,931508,1112000,902,811.15,true
1761613000,932322,931510,0,931508,1762662000,933121,932323,0,932321,1049000,813,775.02,true
1762662000,933121,932323,0,932321,1763697000,933920,933122,0,933120,1035000,799,771.98,false
1763697000,933920,933122,0,933120,1764714000,934719,933921,0,933919,1017000,799,785.64,false
1764714000,934719,933921,0,933919,1765731000,935518,934720,0,934718,1017000,799,785.64,false
1765731000,935518,934720,0,934718,1766751000,936317,935519,0,935517,1020000,799,783.33,false
1766751000,936317,935519,0,935517,1767771000,937116,936318,0,936316,1020000,799,783.33,false
1767771000,937116,936318,0,936316,1768791000,937915,937117,0,937115,1020000,799,783.33,false
1768791000,937915,937117,0,937115,1769811000,938714,937916,0,937914,1020000,799,783.33,false
1769811000,938714,937916,0,937914,1770831000,939513,938715,0,938713,1020000,799,783.33,false
1770831000,939513,938715,0,938713,1771851000,940312,939514,0,939512,1020000,799,783.33,false
1771851000,940312,939514,0,939512,1772871000,941111,940313,0,940311,1020000,799,783.33,false
1772871000,941111,940313,0,940311,1773891000,941910,941112,0,941110,1020000,799,783.33,false
1773891000,941910,941112,0,941110,1774911000,942709,941911,0,941909,1020000,799,783.33,false
1774911000,942709,941911,0,941909,1775931000,943508,942710,0,942708,1020000,799,783.33,false
1775931000,943508,942710,0,942708,1776951000,944307,943509,0,943507,1020000,799,783.33,false
1776951000,944307,943509,0,943507,1777971000,945106,944308,0,944306,1020000,799,783.33,false
1777971000,945106,944308,0,944306,1778991000,945905,945107,0,945105,1020000,799,783.33,false
1778991000,945905,945107,0,945105,1780011000,946704,945906,0,945904,1020000,799,783.33,false
1780011000,946704,945906,0,945904,1781031000,947503,946705,0,946703,1020000,799,783.33,false
1781210000,947643,946845,0,946843,1782230000,948442,947644,0,947642,1020000,799,783.33,false
1782230000,948442,947644,0,947642,1783250000,949241,948443,0,948441,1020000,799,783.33,false
1783250000,949241,948443,0,948441,1784328000,950103,949242,0,949240,1078000,799,741.19,true
1784328000,950103,949242,0,949240,1785360000,950965,950104,0,950102,1032000,862,835.27,true
1785360000,950965,950104,0,950102,1786411000,951764,950966,0,950964,1051000,862,820.17,true
1786411000,951764,950966,0,950964,1787437000,952570,951765,0,951763,1026000,799,778.75,true
1787437000,952570,951765,0,951763,1788463000,953376,952571,0,952569,1026000,806,785.58,false
1788463000,953376,952571,0,952569,1789491000,954182,953377,0,953375,1028000,806,784.05,false
1789491000,954182,953377,0,953375,1790520000,954988,954183,0,954181,1029000,806,783.28,false
1790520000,954988,954183,0,954181,1791549000,955794,954989,0,954987,1029000,806,783.28,false
1791549000,955794,954989,0,954987,1792578000,956600,955795,0,955793,1029000,806,783.28,false
1792578000,956600,955795,0,955793,1793607000,957406,956601,0,956599,1029000,806,783.28,false
1793607000,957406,956601,0,956599,1794636000,958212,957407,0,957405,1029000,806,783.28,false
1794636000,958212,957407,0,957405,1795665000,959018,958213,0,958211,1029000,806,783.28,false
1795665000,959018,958213,0,958211,1796694000,959824,959019,0,959017,1029000,806,783.28,false
1796694000,959824,959019,0,959017,1797723000,960630,959825,0,959823,1029000,806,783.28,false
1797723000,960630,959825,0,959823,1798752000,961436,960631,0,960629,1029000,806,783.28,false
1798752000,961436,960631,0,960629,1799781000,962242,961437,0,961435,1029000,806,783.28,false
1799781000,962242,961437,0,961435,1800810000,963048,962243,0,962241,1029000,806,783.28,false
1800810000,963048,962243,0,962241,1801839000,963854,963049,0,963047,1029000,806,783.28,false
1801839000,963854,963049,0,963047,1802868000,964660,963855,0,963853,1029000,806,783.28,false
1802868000,964660,963855,0,963853,1803897000,965466,964661,0,964659,1029000,806,783.28,false
1803897000,965466,964661,0,964659,1804926000,966272,965467,0,965465,1029000,806,783.28,false
1804926000,966272,965467,0,965465,1805955000,967078,966273,0,966271,1029000,806,783.28,false
1806293000,967343,966538,0,966536,1807397000,968149,967344,0,967342,1104000,806,730.07,false
1807397000,968149,967344,0,967342,1808412000,968955,968150,0,968148,1015000,806,794.09,false
1808412000,968955,968150,0,968148,1809439000,969793,968956,0,968954,1027000,806,784.81,true
1809439000,969793,968956,0,968954,1810489000,970631,969794,0,969792,1050000,838,798.10,true
1810489000,970631,969794,0,969792,1811533000,971469,970632,0,970630,1044000,838,802.68,true
1811533000,971469,970632,0,970630,1812575000,972275,971470,0,971468,1042000,838,804.22,true
1812575000,972275,971470,0,971468,1813611000,973084,972276,0,972274,1036000,806,777.99,true
1813611000,973084,972276,0,972274,1814643000,973893,973085,0,973083,1032000,809,783.91,false
1814643000,973893,973085,0,973083,1815673000,974702,973894,0,973892,1030000,809,785.44,false
1815673000,974702,973894,0,973892,1816702000,975511,974703,0,974701,1029000,809,786.20,false
1816702000,975511,974703,0,974701,1817732000,976320,975512,0,975510,1030000,809,785.44,false
1817732000,976320,975512,0,975510,1818762000,977129,976321,0,976319,1030000,809,785.44,false
1818762000,977129,976321,0,976319,1819792000,977938,977130,0,977128,1030000,809,785.44,false
1819792000,977938,977130,0,977128,1820822000,978747,977939,0,977937,1030000,809,785.44,false
1820822000,978747,977939,0,977937,1821852000,979556,978748,0,978746,1030000,809,785.44,false
1821852000,979556,978748,0,978746,1822882000,980365,979557,0,979555,1030000,809,785.44,false
1822882000,980365,979557,0,979555,1823912000,981174,980366,0,980364,1030000,809,785.44,false
1823912000,981174,980366,0,980364,1824942000,981983,981175,0,981173,1030000,809,785.44,false
1824942000,981983,981175,0,981173,1825972000,982792,981984,0,981982,1030000,809,785.44,false
1825972000,982792,981984,0,981982,1827002000,983601,982793,0,982791,1030000,809,785.44,false
1827002000,983601,982793,0,982791,1828032000,984410,983602,0,983600,1030000,809,785.44,false
1828032000,984410,983602,0,983600,1829062000,985219,984411,0,984409,1030000,809,785.44,false
1829062000,985219,984411,0,984409,1830123000,986028,985220,0,985218,1061000,809,762.49,false
1830123000,986028,985220,0,985218,1831181000,986837,986029,0,986027,1058000,809,764.65,false
1831181000,986837,986029,0,986027,1832216000,987646,986838,0,986836,1035000,809,781.64,false
1832414000,987803,986995,0,986993,1833446000,988612,987804,0,987802,1032000,809,783.91,false
1833446000,988612,987804,0,987802,1834476000,989421,988613,0,988611,1030000,809,785.44,false
1834476000,989421,988613,0,988611,1835506000,990303,989422,0,989420,1030000,809,785.44,true
1835506000,990303,989422,0,989420,1836563000,991185,990304,0,990302,1057000,882,834.44,true
1836563000,991185,990304,0,990302,1837628000,991994,991186,0,991184,1065000,882,828.17,true
1837628000,991994,991186,0,991184,1838650000,992808,991995,0,991993,1022000,809,791.59,true
1838650000,992808,991995,0,991993,1839677000,993622,992809,0,992807,1027000,814,792.60,false
1839677000,993622,992809,0,992807,1840710000,994436,993623,0,993621,1033000,814,788.00,false
1840710000,994436,993623,0,993621,1841743000,995250,994437,0,994435,1033000,814,788.00,false
1841743000,995250,994437,0,994435,1842775000,996064,995251,0,995249,1032000,814,788.76,false
1842775000,996064,995251,0,995249,1843807000,996878,996065,0,996063,1032000,814,788.76,false
1843807000,996878,996065,0,996063,1844839000,997692,996879,0,996877,1032000,814,788.76,false
1844839000,997692,996879,0,996877,1845871000,998506,997693,0,997691,1032000,814,788.76,false
1845871000,998506,997693,0,997691,1846903000,999320,998507,0,998505,1032000,814,788.76,false
1846903000,999320,998507,0,998505,1847935000,1000134,999321,0,999319,1032000,814,788.76,false
1847935000,1000134,999321,0,999319,1848967000,1000948,1000135,0,1000133,1032000,814,788.76,false
1848967000,1000948,1000135,0,1000133,1849999000,1001762,1000949,0,1000947,1032000,814,788.76,false
1849999000,1001762,1000949,0,1000947,1851031000,1002576,1001763,0,1001761,1032000,814,788.76,false
1851031000,1002576,1001763,0,1001761,1852063000,1003390,1002577,0,1002575,1032000,814,788.76,false
1852063000,1003390,1002577,0,1002575,1853095000,1004204,1003391,0,1003389,1032000,814,788.76,false
1853095000,1004204,1003391,0,1003389,1854201000,1005018,1004205,0,1004203,1106000,814,735.99,false
1854201000,1005018,1004205,0,1004203,1855220000,1005832,1005019,0,1005017,1019000,814,798.82,false
1855220000,1005832,1005019,0,1005017,1856250000,1006646,1005833,0,1005831,1030000,814,790.29,false
1856250000,1006646,1005833,0,1005831,1857280000,1007460,1006647,0,1006645,1030000,814,790.29,false
1857280000,1007460,1006647,0,1006645,1858309000,1008274,1007461,0,1007459,1029000,814,791.06,false
1858375000,1008327,1007514,0,1007512,1859404000,1009141,1008328,0,1008326,1029000,814,791.06,false
1859404000,1009141,1008328,0,1008326,1860433000,1009955,1009142,0,1009140,1029000,814,791.06,false
1860433000,1009955,1009142,0,1009140,1861462000,1010858,1009956,0,1009954,1029000,814,791.06,true
1861462000,1010858,1009956,0,1009954,1862526000,1011761,1010859,0,1010857,1064000,903,848.68,true
1862526000,1011761,1010859,0,1010857,1863599000,1012575,1011762,0,1011760,1073000,903,841.57,true
1863599000,1012575,1011762,0,1011760,1864627000,1013390,1012576,0,1012574,1028000,814,791.83,true
1864627000,1013390,1012576,0,1012574,1865647000,1014205,1013391,0,1013389,1020000,815,799.02,false
1865647000,1014205,1013391,0,1013389,1866675000,1015020,1014206,0,1014204,1028000,815,792.80,false
1866675000,1015020,1014206,0,1014204,1867705000,1015835,1015021,0,1015019,1030000,815,791.26,false
1867705000,1015835,1015021,0,1015019,1868735000,1016650,1015836,0,1015834,1030000,815,791.26,false
1868735000,1016650,1015836,0,1015834,1869764000,1017465,1016651,0,1016649,1029000,815,792.03,false
1869764000,1017465,1016651,0,1016649,1870793000,1018280,1017466,0,1017464,1029000,815,792.03,false
1870793000,1018280,1017466,0,1017464,1871822000,1019095,1018281,0,1018279,1029000,815,792.03,false
1871822000,1019095,1018281,0,1018279,1872851000,1019910,1019096,0,1019094,1029000,815,792.03,false
1872851000,1019910,1019096,0,1019094,1873880000,1020725,1019911,0,1019909,1029000,815,792.03,false
1873880000,1020725,1019911,0,1019909,1874909000,1021540,1020726,0,1020724,1029000,815,792.03,false
1874909000,1021540,1020726,0,1020724,1875938000,1022355,1021541,0,1021539,1029000,815,792.03,false
1875938000,1022355,1021541,0,1021539,1876967000,1023170,1022356,0,1022354,1029000,815,792.03,false
1876967000,1023170,1022356,0,1022354,1878074000,1023985,1023171,0,1023169,1107000,815,736.22,false
1878074000,1023985,1023171,0,1023169,1879092000,1024800,1023986,0,1023984,1018000,815,800.59,false
1879092000,1024800,1023986,0,1023984,1880116000,1025615,1024801,0,1024799,1024000,815,795.90,false
1880116000,1025615,1024801,0,1024799,1881144000,1026430,1025616,0,1025614,1028000,815,792.80,false
1881144000,1026430,1025616,0,1025614,1882174000,1027245,1026431,0,1026429,1030000,815,791.26,false
1882174000,1027245,1026431,0,1026429,1883203000,1028060,1027246,0,1027244,1029000,815,792.03,false
1884196000,1028846,1028032,0,1028030,1885225000,1029661,1028847,0,1028845,1029000,815,792.03,false
1885225000,1029661,1028847,0,1028845,1886254000,1030476,1029662,0,1029660,1029000,815,792.03,false
1886254000,1030476,1029662,0,1029660,1887283000,1031383,1030477,0,1030475,1029000,815,792.03,true
1887283000,1031383,1030477,0,1030475,1888349000,1032290,1031384,0,1031382,1066000,907,850.84,true
1888349000,1032290,1031384,0,1031382,1889425000,1033105,1032291,0,1032289,1076000,907,842.94,true
1889425000,1033105,1032291,0,1032289,1890454000,1033919,1033106,0,1033104,1029000,815,792.03,true
1890454000,1033919,1033106,0,1033104,1891473000,1034733,1033920,0,1033918,1019000,814,798.82,false
1891473000,1034733,1033920,0,1033918,1892499000,1035547,1034734,0,1034732,1026000,814,793.37,false
1892499000,1035547,1034734,0,1034732,1893529000,1036361,1035548,0,1035546,1030000,814,790.29,false
1893529000,1036361,1035548,0,1035546,1894558000,1037175,1036362,0,1036360,1029000,814,791.06,false
1894558000,1037175,1036362,0,1036360,1895587000,1037989,1037176,0,1037174,1029000,814,791.06,false
1895587000,1037989,1037176,0,1037174,1896616000,1038803,1037990,0,1037988,1029000,814,791.06,false
1896616000,1038803,1037990,0,1037988,1897645000,1039617,1038804,0,1038802,1029000,814,791.06,false
1897645000,1039617,1038804,0,1038802,1898674000,1040431,1039618,0,1039616,1029000,814,791.06,false
1898674000,1040431,1039618,0,1039616,1899703000,1041245,1040432,0,1040430,1029000,814,791.06,false
1899703000,1041245,1040432,0,1040430,1900732000,1042059,1041246,0,1041244,1029000,814,791.06,false
1900732000,1042059,1041246,0,1041244,1901827000,1042873,1042060,0,1042058,1095000,814,743.38,false
1901827000,1042873,1042060,0,1042058,1902856000,1043687,1042874,0,1042872,1029000,814,791.06,false
1902856000,1043687,1042874,0,1042872,1903882000,1044501,1043688,0,1043686,1026000,814,793.37,false
1903882000,1044501,1043688,0,1043686,1904909000,1045315,1044502,0,1044500,1027000,814,792.60,false
1904909000,1045315,1044502,0,1044500,1905938000,1046129,1045316,0,1045314,1029000,814,791.06,false
1905938000,1046129,1045316,0,1045314,1906967000,1046943,1046130,0,1046128,1029000,814,791.06,false
1906967000,1046943,1046130,0,1046128,1907996000,1047757,1046944,0,1046942,1029000,814,791.06,false
1907996000,1047757,1046944,0,1046942,1909025000,1048571,1047758,0,1047756,1029000,814,791.06,false
1909991000,1049335,1048522,0,1048520,1911020000,1050149,1049336,0,1049334,1029000,814,791.06,false
1911020000,1050149,1049336,0,1049334,1912049000,1050963,1050150,0,1050148,1029000,814,791.06,false
1912049000,1050963,1050150,0,1050148,1913078000,1051869,1050964,0,1050962,1029000,814,791.06,true
1913078000,1051869,1050964,0,1050962,1914143000,1052775,1051870,0,1051868,1065000,906,850.70,true
1914143000,1052775,1051870,0,1051868,1915218000,1053589,1052776,0,1052774,1075000,906,842.79,true
1915218000,1053589,1052776,0,1052774,1916247000,1054402,1053590,0,1053588,1029000,814,791.06,true
1916247000,1054402,1053590,0,1053588,1917266000,1055215,1054403,0,1054401,1019000,813,797.84,false
1917266000,1055215,1054403,0,1054401,1918292000,1056028,1055216,0,1055214,1026000,813,792.40,false
1918292000,1056028,1055216,0,1055214,1919321000,1056841,1056029,0,1056027,1029000,813,790.09,false
1919321000,1056841,1056029,0,1056027,1920350000,1057654,1056842,0,1056840,1029000,813,790.09,false
1920350000,1057654,1056842,0,1056840,1921378000,1058467,1057655,0,1057653,1028000,813,790.86,false
1921378000,1058467,1057655,0,1057653,1922406000,1059280,1058468,0,1058466,1028000,813,790.86,false
1922406000,1059280,1058468,0,1058466,1923435000,1060093,1059281,0,1059279,1029000,813,790.09,false
1923435000,1060093,1059281,0,1059279,1924495000,1060906,1060094,0,1060092,1060000,813,766.98,false
1924495000,1060906,1060094,0,1060092,1925547000,1061719,1060907,0,1060905,1052000,813,772.81,false
1925547000,1061719,1060907,0,1060905,1926582000,1062532,1061720,0,1061718,1035000,813,785.51,false
1926582000,1062532,1061720,0,1061718,1927611000,1063345,1062533,0,1062531,1029000,813,790.09,false
1927611000,1063345,1062533,0,1062531,1928638000,1064158,1063346,0,1063344,1027000,813,791.63,false
1928638000,1064158,1063346,0,1063344,1929666000,1064971,1064159,0,1064157,1028000,813,790.86,false
1929666000,1064971,1064159,0,1064157,1930695000,1065784,1064972,0,1064970,1029000,813,790.09,false
1930695000,1065784,1064972,0,1064970,1931723000,1066597,1065785,0,1065783,1028000,813,790.86,false
1931723000,1066597,1065785,0,1065783,1932751000,1067410,1066598,0,1066596,1028000,813,790.86,false
1932751000,1067410,1066598,0,1066596,1933780000,1068223,1067411,0,1067409,1029000,813,790.09,false
1933780000,1068223,1067411,0,1067409,1934808000,1069036,1068224,0,1068222,1028000,813,790.86,false
1935787000,1069810,1068998,0,1068996,1936815000,1070623,1069811,0,1069809,1028000,813,790.86,false
1936815000,1070623,1069811,0,1069809,1937843000,1071436,1070624,0,1070622,1028000,813,790.86,false
1937843000,1071436,1070624,0,1070622,1938872000,1072338,1071437,0,1071435,1029000,813,790.09,true
1938872000,1072338,1071437,0,1071435,1939935000,1073240,1072339,0,1072337,1063000,902,848.54,true
1939935000,1073240,1072339,0,1072337,1941007000,1074053,1073241,0,1073239,1072000,902,841.42,true
1941007000,1074053,1073241,0,1073239,1942036000,1074866,1074054,0,1074052,1029000,813,790.09,true
1942036000,1074866,1074054,0,1074052,1943055000,1075679,1074867,0,1074865,1019000,813,797.84,false
1943055000,1075679,1074867,0,1074865,1944081000,1076492,1075680,0,1075678,1026000,813,792.40,false
1944081000,1076492,1075680,0,1075678,1945110000,1077305,1076493,0,1076491,1029000,813,790.09,false
1945110000,1077305,1076493,0,1076491,1946139000,1078118,1077306,0,1077304,1029000,813,790.09,false
1946139000,1078118,1077306,0,1077304,1947167000,1078931,1078119,0,1078117,1028000,813,790.86,false
1947167000,1078931,1078119,0,1078117,1948250000,1079744,1078932,0,1078930,1083000,813,750.69,false
1948250000,1079744,1078932,0,1078930,1949277000,1080557,1079745,0,1079743,1027000,813,791.63,false
1949277000,1080557,1079745,0,1079743,1950312000,1081370,1080558,0,1080556,1035000,813,785.51,false
1950312000,1081370,1080558,0,1080556,1951343000,1082183,1081371,0,1081369,1031000,813,788.55,false
1951343000,1082183,1081371,0,1081369,1952371000,1082996,1082184,0,1082182,1028000,813,790.86,false
1952371000,1082996,1082184,0,1082182,1953399000,1083809,1082997,0,1082995,1028000,813,790.86,false
1953399000,1083809,1082997,0,1082995,1954427000,1084622,1083810,0,1083808,1028000,813,790.86,false
1954427000,1084622,1083810,0,1083808,1955456000,1085435,1084623,0,1084621,1029000,813,790.09,false
1955456000,1085435,1084623,0,1084621,1956484000,1086248,1085436,0,1085434,1028000,813,790.86,false
1956484000,1086248,1085436,0,1085434,1957512000,1087061,1086249,0,1086247,1028000,813,790.86,false
1957512000,1087061,1086249,0,1086247,1958540000,1087874,1087062,0,1087060,1028000,813,790.86,false
1958540000,1087874,1087062,0,1087060,1959568000,1088687,1087875,0,1087873,1028000,813,790.86,false
1959568000,1088687,1087875,0,1087873,1960596000,1089500,1088688,0,1088686,1028000,813,790.86,false
1961552000,1090255,1089443,0,1089441,1962580000,1091068,1090256,0,1090254,1028000,813,790.86,false
1962580000,1091068,1090256,0,1090254,1963609000,1091881,1091069,0,1091067,1029000,813,790.09,false
1963609000,1091881,1091069,0,1091067,1964637000,1092783,1091882,0,1091880,1028000,813,790.86,true
1964637000,1092783,1091882,0,1091880,1965700000,1093685,1092784,0,1092782,1063000,902,848.54,true
1965700000,1093685,1092784,0,1092782,1966772000,1094498,1093686,0,1093684,1072000,902,841.42,true
1966772000,1094498,1093686,0,1093684,1967800000,1095311,1094499,0,1094497,1028000,813,790.86,true
1967800000,1095311,1094499,0,1094497,1968819000,1096124,1095312,0,1095310,1019000,813,797.84,false
1968819000,1096124,1095312,0,1095310,1969846000,1096937,1096125,0,1096123,1027000,813,791.63,false
1969846000,1096937,1096125,0,1096123,1970875000,1097750,1096938,0,1096936,1029000,813,790.09,false
1970875000,1097750,1096938,0,1096936,1971968000,1098563,1097751,0,1097749,1093000,813,743.82,false
1971968000,1098563,1097751,0,1097749,1972988000,1099376,1098564,0,1098562,1020000,813,797.06,false
1972988000,1099376,1098564,0,1098562,1974018000,1100189,1099377,0,1099375,1030000,813,789.32,false
1974018000,1100189,1099377,0,1099375,1975048000,1101002,1100190,0,1100188,1030000,813,789.32,false
1975048000,1101002,1100190,0,1100188,1976077000,1101815,1101003,0,1101001,1029000,813,790.09,false
1976077000,1101815,1101003,0,1101001,1977105000,1102628,1101816,0,1101814,1028000,813,790.86,false
1977105000,1102628,1101816,0,1101814,1978133000,1103441,1102629,0,1102627,1028000,813,790.86,false
1978133000,1103441,1102629,0,1102627,1979162000,1104254,1103442,0,1103440,1029000,813,790.09,false
1979162000,1104254,1103442,0,1103440,1980190000,1105067,1104255,0,1104253,1028000,813,790.86,false
1980190000,1105067,1104255,0,1104253,1981218000,1105880,1105068,0,1105066,1028000,813,790.86,false
1981218000,1105880,1105068,0,1105066,1982246000,1106693,1105881,0,1105879,1028000,813,790.86,false
1982246000,1106693,1105881,0,1105879,1983275000,1107506,1106694,0,1106692,1029000,813,790.09,false
1983275000,1107506,1106694,0,1106692,1984303000,1108319,1107507,0,1107505,1028000,813,790.86,false
1984303000,1108319,1107507,0,1107505,1985331000,1109132,1108320,0,1108318,1028000,813,790.86,false
1985331000,1109132,1108320,0,1108318,1986359000,1109945,1109133,0,1109131,1028000,813,790.86,false
1987295000,1110685,1109873,0,1109871,1988323000,1111498,1110686,0,1110684,1028000,813,790.86,false
1988323000,1111498,1110686,0,1110684,1989352000,1112311,1111499,0,1111497,1029000,813,790.09,false
1989352000,1112311,1111499,0,1111497,1990380000,1113213,1112312,0,1112310,1028000,813,790.86,true
1990380000,1113213,1112312,0,1112310,1991443000,1114115,1113214,0,1113212,1063000,902,848.54,true
1991443000,1114115,1113214,0,1113212,1992515000,1114928,1114116,0,1114114,1072000,902,841.42,true
1992515000,1114928,1114116,0,1114114,1993543000,1115741,1114929,0,1114927,1028000,813,790.86,true
1993543000,1115741,1114929,0,1114927,1994562000,1116554,1115742,0,1115740,1019000,813,797.84,false
1994562000,1116554,1115742,0,1115740,1995633000,1117367,1116555,0,1116553,1071000,813,759.10,false
1995633000,1117367,1116555,0,1116553,1996651000,1118180,1117368,0,1117366,1018000,813,798.62,false
1996651000,1118180,1117368,0,1117366,1997678000,1118993,1118181,0,1118179,1027000,813,791.63,false
1997678000,1118993,1118181,0,1118179,1998707000,1119806,1118994,0,1118992,1029000,813,790.09,false
1998707000,1119806,1118994,0,1118992,1999735000,1120619,1119807,0,1119805,1028000,813,790.86,false
1999735000,1120619,1119807,0,1119805,2000763000,1121432,1120620,0,1120618,1028000,813,790.86,false
2000763000,1121432,1120620,0,1120618,2001792000,1122245,1121433,0,1121431,1029000,813,790.09,false
2001792000,1122245,1121433,0,1121431,2002820000,1123058,1122246,0,1122244,1028000,813,790.86,false
2002820000,1123058,1122246,0,1122244,2003849000,1123871,1123059,0,1123057,1029000,813,790.09,false
2003849000,1123871,1123059,0,1123057,2004877000,1124684,1123872,0,1123870,1028000,813,790.86,false
2004877000,1124684,1123872,0,1123870,2005905000,1125497,1124685,0,1124683,1028000,813,790.86,false
2005905000,1125497,1124685,0,1124683,2006933000,1126310,1125498,0,1125496,1028000,813,790.86,false
2006933000,1126310,1125498,0,1125496,2007962000,1127123,1126311,0,1126309,1029000,813,790.09,false
2007962000,1127123,1126311,0,1126309,2008990000,1127936,1127124,0,1127122,1028000,813,790.86,false
2008990000,1127936,1127124,0,1127122,2010018000,1128749,1127937,0,1127935,1028000,813,790.86,false
2010018000,1128749,1127937,0,1127935,2011046000,1129562,1128750,0,1128748,1028000,813,790.86,false
2011046000,1129562,1128750,0,1128748,2012074000,1130375,1129563,0,1129561,1028000,813,790.86,false
2012764000,1130921,1130109,0,1130107,2013792000,1131734,1130922,0,1130920,1028000,813,790.86,false
2013792000,1131734,1130922,0,1130920,2014821000,1132547,1131735,0,1131733,1029000,813,790.09,false
2014821000,1132547,1131735,0,1131733,2015849000,1133449,1132548,0,1132546,1028000,813,790.86,true
2015849000,1133449,1132548,0,1132546,2016912000,1134351,1133450,0,1133448,1063000,902,848.54,true
2016912000,1134351,1133450,0,1133448,2018023000,1135164,1134352,0,1134350,1111000,902,811.88,true
2018023000,1135164,1134352,0,1134350,2019071000,1135963,1135165,0,1135163,1048000,813,775.76,true
2019071000,1135963,1135165,0,1135163,2020106000,1136762,1135964,0,1135962,1035000,799,771.98,false
2020106000,1136762,1135964,0,1135962,2021123000,1137561,1136763,0,1136761,1017000,799,785.64,false
2021123000,1137561,1136763,0,1136761,2022140000,1138360,1137562,0,1137560,1017000,799,785.64,false
2022140000,1138360,1137562,0,1137560,2023160000,1139159,1138361,0,1138359,1020000,799,783.33,false
2023160000,1139159,1138361,0,1138359,2024180000,1139958,1139160,0,1139158,1020000,799,783.33,false
2024180000,1139958,1139160,0,1139158,2025200000,1140757,1139959,0,1139957,1020000,799,783.33,false
2025200000,1140757,1139959,0,1139957,2026220000,1141556,1140758,0,1140756,1020000,799,783.33,false
2026220000,1141556,1140758,0,1140756,2027240000,1142355,1141557,0,1141555,1020000,799,783.33,false
2027240000,1142355,1141557,0,1141555,2028260000,1143154,1142356,0,1142354,1020000,799,783.33,false
2028260000,1143154,1142356,0,1142354,2029280000,1143953,1143155,0,1143153,1020000,799,783.33,false
2029280000,1143953,1143155,0,1143153,2030300000,1144752,1143954,0,1143952,1020000,799,783.33,false
2030300000,1144752,1143954,0,1143952,2031320000,1145551,1144753,0,1144751,1020000,799,783.33,false
2031320000,1145551,1144753,0,1144751,2032340000,1146350,1145552,0,1145550,1020000,799,783.33,false
2032340000,1146350,1145552,0,1145550,2033360000,1147149,1146351,0,1146349,1020000,799,783.33,false
2033360000,1147149,1146351,0,1146349,2034380000,1147948,1147150,0,1147148,1020000,799,783.33,false
2034380000,1147948,1147150,0,1147148,2035400000,1148747,1147949,0,1147947,1020000,799,783.33,false
2035400000,1148747,1147949,0,1147947,2036420000,1149546,1148748,0,1148746,1020000,799,783.33,false
2036420000,1149546,1148748,0,1148746,2037440000,1150345,1149547,0,1149545,1020000,799,783.33,false
2037611000,1150479,1149681,0,1149679,2038631000,1151278,1150480,0,1150478,1020000,799,783.33,false
2038631000,1151278,1150480,0,1150478,2039651000,1152077,1151279,0,1151277,1020000,799,783.33,false
2039651000,1152077,1151279,0,1151277,2040729000,1152939,1152078,0,1152076,1078000,799,741.19,true
2040729000,1152939,1152078,0,1152076,2041761000,1153801,1152940,0,1152938,1032000,862,835.27,true
2041761000,1153801,1152940,0,1152938,2042812000,1154600,1153802,0,1153800,1051000,862,820.17,true
2042812000,1154600,1153802,0,1153800,2043839000,1155406,1154601,0,1154599,1027000,799,777.99,true
2043839000,1155406,1154601,0,1154599,2044864000,1156212,1155407,0,1155405,1025000,806,786.34,false
2044864000,1156212,1155407,0,1155405,2045893000,1157018,1156213,0,1156211,1029000,806,783.28,false
2045893000,1157018,1156213,0,1156211,2046922000,1157824,1157019,0,1157017,1029000,806,783.28,false
2046922000,1157824,1157019,0,1157017,2047951000,1158630,1157825,0,1157823,1029000,806,783.28,false
2047951000,1158630,1157825,0,1157823,2048980000,1159436,1158631,0,1158629,1029000,806,783.28,false
2048980000,1159436,1158631,0,1158629,2050009000,1160242,1159437,0,1159435,1029000,806,783.28,false
2050009000,1160242,1159437,0,1159435,2051038000,1161048,1160243,0,1160241,1029000,806,783.28,false
2051038000,1161048,1160243,0,1160241,2052067000,1161854,1161049,0,1161047,1029000,806,783.28,false
2052067000,1161854,1161049,0,1161047,2053096000,1162660,1161855,0,1161853,1029000,806,783.28,false
2053096000,1162660,1161855,0,1161853,2054125000,1163466,1162661,0,1162659,1029000,806,783.28,false
2054125000,1163466,1162661,0,1162659,2055154000,1164272,1163467,0,1163465,1029000,806,783.28,false
2055154000,1164272,1163467,0,1163465,2056183000,1165078,1164273,0,1164271,1029000,806,783.28,false
2056183000,1165078,1164273,0,1164271,2057212000,1165884,1165079,0,1165077,1029000,806,783.28,false
2057212000,1165884,1165079,0,1165077,2058241000,1166690,1165885,0,1165883,1029000,806,783.28,false
2058241000,1166690,1165885,0,1165883,2059270000,1167496,1166691,0,1166689,1029000,806,783.28,false
2059270000,1167496,1166691,0,1166689,2060299000,1168302,1167497,0,1167495,1029000,806,783.28,false
2060299000,1168302,1167497,0,1167495,2061328000,1169108,1168303,0,1168301,1029000,806,783.28,false
2061328000,1169108,1168303,0,1168301,2062357000,1169914,1169109,0,1169107,1029000,806,783.28,false
2062693000,1170178,1169373,0,1169371,2063797000,1170984,1170179,0,1170177,1104000,806,730.07,false
2063797000,1170984,1170179,0,1170177,2064811000,1171790,1170985,0,1170983,1014000,806,794.87,false
2064811000,1171790,1170985,0,1170983,2065839000,1172628,1171791,0,1171789,1028000,806,784.05,true
2065839000,1172628,1171791,0,1171789,2066891000,1173466,1172629,0,1172627,1052000,838,796.58,true
2066891000,1173466,1172629,0,1172627,2067934000,1174304,1173467,0,1173465,1043000,838,803.45,true
2067934000,1174304,1173467,0,1173465,2068976000,1175110,1174305,0,1174303,1042000,838,804.22,true
2068976000,1175110,1174305,0,1174303,2070011000,1175919,1175111,0,1175109,1035000,806,778.74,true
2070011000,1175919,1175111,0,1175109,2071043000,1176728,1175920,0,1175918,1032000,809,783.91,false
2071043000,1176728,1175920,0,1175918,2072073000,1177537,1176729,0,1176727,1030000,809,785.44,false
2072073000,1177537,1176729,0,1176727,2073103000,1178346,1177538,0,1177536,1030000,809,785.44,false
2073103000,1178346,1177538,0,1177536,2074133000,1179155,1178347,0,1178345,1030000,809,785.44,false
2074133000,1179155,1178347,0,1178345,2075163000,1179964,1179156,0,1179154,1030000,809,785.44,false
2075163000,1179964,1179156,0,1179154,2076193000,1180773,1179965,0,1179963,1030000,809,785.44,false
2076193000,1180773,1179965,0,1179963,2077223000,1181582,1180774,0,1180772,1030000,809,785.44,false
2077223000,1181582,1180774,0,1180772,2078253000,1182391,1181583,0,1181581,1030000,809,785.44,false
2078253000,1182391,1181583,0,1181581,2079283000,1183200,1182392,0,1182390,1030000,809,785.44,false
2079283000,1183200,1182392,0,1182390,2080313000,1184009,1183201,0,1183199,1030000,809,785.44,false
2080313000,1184009,1183201,0,1183199,2081343000,1184818,1184010,0,1184008,1030000,809,785.44,false
2081343000,1184818,1184010,0,1184008,2082373000,1185627,1184819,0,1184817,1030000,809,785.44,false
2082373000,1185627,1184819,0,1184817,2083403000,1186436,1185628,0,1185626,1030000,809,785.44,false
2083403000,1186436,1185628,0,1185626,2084433000,1187245,1186437,0,1186435,1030000,809,785.44,false
2084433000,1187245,1186437,0,1186435,2085463000,1188054,1187246,0,1187244,1030000,809,785.44,false
2085463000,1188054,1187246,0,1187244,2086519000,1188863,1188055,0,1188053,1056000,809,766.10,false
2086519000,1188863,1188055,0,1188053,2087581000,1189672,1188864,0,1188862,1062000,809,761.77,false
2087581000,1189672,1188864,0,1188862,2088617000,1190481,1189673,0,1189671,1036000,809,780.89,false
2088814000,1190638,1189830,0,1189828,2089846000,1191447,1190639,0,1190637,1032000,809,783.91,false
2089846000,1191447,1190639,0,1190637,2090876000,1192256,1191448,0,1191446,1030000,809,785.44,false
2090876000,1192256,1191448,0,1191446,2091906000,1193141,1192257,0,1192255,1030000,809,785.44,true
2091906000,1193141,1192257,0,1192255,2092965000,1194026,1193142,0,1193140,1059000,885,835.69,true
2092965000,1194026,1193142,0,1193140,2094032000,1194835,1194027,0,1194025,1067000,885,829.43,true
2094032000,1194835,1194027,0,1194025,2095054000,1195647,1194836,0,1194834,1022000,809,791.59,true
2095054000,1195647,1194836,0,1194834,2096080000,1196459,1195648,0,1195646,1026000,812,791.42,false
2096080000,1196459,1195648,0,1195646,2097112000,1197271,1196460,0,1196458,1032000,812,786.82,false
2097112000,1197271,1196460,0,1196458,2098144000,1198083,1197272,0,1197270,1032000,812,786.82,false
2098144000,1198083,1197272,0,1197270,2099175000,1198895,1198084,0,1198082,1031000,812,787.58,false
2099175000,1198895,1198084,0,1198082,2100206000,1199707,1198896,0,1198894,1031000,812,787.58,false
2100206000,1199707,1198896,0,1198894,2101237000,1200519,1199708,0,1199706,1031000,812,787.58,false
2101237000,1200519,1199708,0,1199706,2102268000,1201331,1200520,0,1200518,1031000,812,787.58,false
2102268000,1201331,1200520,0,1200518,2103299000,1202143,1201332,0,1201330,1031000,812,787.58,false
2103299000,1202143,1201332,0,1201330,2104330000,1202955,1202144,0,1202142,1031000,812,787.58,false
2104330000,1202955,1202144,0,1202142,2105361000,1203767,1202956,0,1202954,1031000,812,787.58,false
2105361000,1203767,1202956,0,1202954,2106392000,1204579,1203768,0,1203766,1031000,812,787.58,false
2106392000,1204579,1203768,0,1203766,2107423000,1205391,1204580,0,1204578,1031000,812,787.58,false
2107423000,1205391,1204580,0,1204578,2108454000,1206203,1205392,0,1205390,1031000,812,787.58,false
2108454000,1206203,1205392,0,1205390,2109485000,1207015,1206204,0,1206202,1031000,812,787.58,false
2109485000,1207015,1206204,0,1206202,2110595000,1207827,1207016,0,1207014,1110000,812,731.53,false
2110595000,1207827,1207016,0,1207014,2111609000,1208639,1207828,0,1207826,1014000,812,800.79,false
2111609000,1208639,1207828,0,1207826,2112636000,1209451,1208640,0,1208638,1027000,812,790.65,false
2112636000,1209451,1208640,0,1208638,2113666000,1210263,1209452,0,1209450,1030000,812,788.35,false
2113666000,1210263,1209452,0,1209450,2114695000,1211075,1210264,0,1210262,1029000,812,789.12,false
2114755000,1211123,1210312,0,1210310,2115783000,1211935,1211124,0,1211122,1028000,812,789.88,false
2115783000,1211935,1211124,0,1211122,2116811000,1212747,1211936,0,1211934,1028000,812,789.88,false
2116811000,1212747,1211936,0,1211934,2117839000,1213645,1212748,0,1212746,1028000,812,789.88,true
2117839000,1213645,1212748,0,1212746,2118900000,1214543,1213646,0,1213644,1061000,898,846.37,true
2118900000,1214543,1213646,0,1213644,2119970000,1215355,1214544,0,1214542,1070000,898,839.25,true
2119970000,1215355,1214544,0,1214542,2120998000,1216168,1215356,0,1215354,1028000,812,789.88,true
2120998000,1216168,1215356,0,1215354,2122018000,1216981,1216169,0,1216167,1020000,813,797.06,false
2122018000,1216981,1216169,0,1216167,2123044000,1217794,1216982,0,1216980,1026000,813,792.40,false
2123044000,1217794,1216982,0,1216980,2124073000,1218607,1217795,0,1217793,1029000,813,790.09,false
2124073000,1218607,1217795,0,1217793,2125102000,1219420,1218608,0,1218606,1029000,813,790.09,false
2125102000,1219420,1218608,0,1218606,2126130000,1220233,1219421,0,1219419,1028000,813,790.86,false
2126130000,1220233,1219421,0,1219419,2127158000,1221046,1220234,0,1220232,1028000,813,790.86,false
2127158000,1221046,1220234,0,1220232,2128186000,1221859,1221047,0,1221045,1028000,813,790.86,false
2128186000,1221859,1221047,0,1221045,2129214000,1222672,1221860,0,1221858,1028000,813,790.86,false
2129214000,1222672,1221860,0,1221858,2130243000,1223485,1222673,0,1222671,1029000,813,790.09,false
2130243000,1223485,1222673,0,1222671,2131271000,1224298,1223486,0,1223484,1028000,813,790.86,false
2131271000,1224298,1223486,0,1223484,2132299000,1225111,1224299,0,1224297,1028000,813,790.86,false
2132299000,1225111,1224299,0,1224297,2133327000,1225924,1225112,0,1225110,1028000,813,790.86,false
2133327000,1225924,1225112,0,1225110,2134417000,1226737,1225925,0,1225923,1090000,813,745.87,false
2134417000,1226737,1225925,0,1225923,2135449000,1227550,1226738,0,1226736,1032000,813,787.79,false
2135449000,1227550,1226738,0,1226736,2136475000,1228363,1227551,0,1227549,1026000,813,792.40,false
2136475000,1228363,1227551,0,1227549,2137503000,1229176,1228364,0,1228362,1028000,813,790.86,false
2137503000,1229176,1228364,0,1228362,2138531000,1229989,1229177,0,1229175,1028000,813,790.86,false
2138531000,1229989,1229177,0,1229175,2139560000,1230802,1229990,0,1229988,1029000,813,790.09,false
2140519000,1231561,1230749,0,1230747,2141547000,1232374,1231562,0,1231560,1028000,813,790.86,false
2141547000,1232374,1231562,0,1231560,2142575000,1233187,1232375,0,1232373,1028000,813,790.86,false
2142575000,1233187,1232375,0,1232373,2143603000,1234089,1233188,0,1233186,1028000,813,790.86,true
2143603000,1234089,1233188,0,1233186,2144667000,1234991,1234090,0,1234088,1064000,902,847.74,true
2144667000,1234991,1234090,0,1234088,2145740000,1235804,1234992,0,1234990,1073000,902,840.63,true
2145740000,1235804,1234992,0,1234990,2146768000,1236617,1235805,0,1235803,1028000,813,790.86,true
2146768000,1236617,1235805,0,1235803,2147788000,1237430,1236618,0,1236616,1020000,813,797.06,false
2147788000,1237430,1236618,0,1236616,2148814000,1238243,1237431,0,1237429,1026000,813,792.40,false
2148814000,1238243,1237431,0,1237429,2149843000,1239056,1238244,0,1238242,1029000,813,790.09,false
2149843000,1239056,1238244,0,1238242,2150872000,1239869,1239057,0,1239055,1029000,813,790.09,false
2150872000,1239869,1239057,0,1239055,2151900000,1240682,1239870,0,1239868,1028000,813,790.86,false
2151900000,1240682,1239870,0,1239868,2152928000,1241495,1240683,0,1240681,1028000,813,790.86,false
2152928000,1241495,1240683,0,1240681,2153956000,1242308,1241496,0,1241494,1028000,813,790.86,false
2153956000,1242308,1241496,0,1241494,2154984000,1243121,1242309,0,1242307,1028000,813,790.86,false
2154984000,1243121,1242309,0,1242307,2156013000,1243934,1243122,0,1243120,1029000,813,790.09,false
2156013000,1243934,1243122,0,1243120,2157066000,1244747,1243935,0,1243933,1053000,813,772.08,false
2157066000,1244747,1243935,0,1243933,2158124000,1245560,1244748,0,1244746,1058000,813,768.43,false
2158124000,1245560,1244748,0,1244746,2159161000,1246373,1245561,0,1245559,1037000,813,783.99,false
2159161000,1246373,1245561,0,1245559,2160189000,1247186,1246374,0,1246372,1028000,813,790.86,false
2160189000,1247186,1246374,0,1246372,2161216000,1247999,1247187,0,1247185,1027000,813,791.63,false
2161216000,1247999,1247187,0,1247185,2162244000,1248812,1248000,0,1247998,1028000,813,790.86,false
2162244000,1248812,1248000,0,1247998,2163272000,1249625,1248813,0,1248811,1028000,813,790.86,false
2163272000,1249625,1248813,0,1248811,2164300000,1250438,1249626,0,1249624,1028000,813,790.86,false
2164300000,1250438,1249626,0,1249624,2165329000,1251251,1250439,0,1250437,1029000,813,790.09,false
2166278000,1252001,1251189,0,1251187,2167306000,1252814,1252002,0,1252000,1028000,813,790.86,false
2167306000,1252814,1252002,0,1252000,2168334000,1253627,1252815,0,1252813,1028000,813,790.86,false
2168334000,1253627,1252815,0,1252813,2169363000,1254529,1253628,0,1253626,1029000,813,790.09,true
2169363000,1254529,1253628,0,1253626,2170426000,1255431,1254530,0,1254528,1063000,902,848.54,true
2170426000,1255431,1254530,0,1254528,2171499000,1256244,1255432,0,1255430,1073000,902,840.63,true
2171499000,1256244,1255432,0,1255430,2172527000,1257057,1256245,0,1256243,1028000,813,790.86,true
2172527000,1257057,1256245,0,1256243,2173546000,1257870,1257058,0,1257056,1019000,813,797.84,false
2173546000,1257870,1257058,0,1257056,2174572000,1258683,1257871,0,1257869,1026000,813,792.40,false
2174572000,1258683,1257871,0,1257869,2175601000,1259496,1258684,0,1258682,1029000,813,790.09,false
2175601000,1259496,1258684,0,1258682,2176630000,1260309,1259497,0,1259495,1029000,813,790.09,false
2176630000,1260309,1259497,0,1259495,2177658000,1261122,1260310,0,1260308,1028000,813,790.86,false
2177658000,1261122,1260310,0,1260308,2178686000,1261935,1261123,0,1261121,1028000,813,790.86,false
2178686000,1261935,1261123,0,1261121,2179715000,1262748,1261936,0,1261934,1029000,813,790.09,false
2179715000,1262748,1261936,0,1261934,2180788000,1263561,1262749,0,1262747,1073000,813,757.69,false
2180788000,1263561,1262749,0,1262747,2181824000,1264374,1263562,0,1263560,1036000,813,784.75,false
2181824000,1264374,1263562,0,1263560,2182861000,1265187,1264375,0,1264373,1037000,813,783.99,false
2182861000,1265187,1264375,0,1264373,2183891000,1266000,1265188,0,1265186,1030000,813,789.32,false
2183891000,1266000,1265188,0,1265186,2184918000,1266813,1266001,0,1265999,1027000,813,791.63,false
2184918000,1266813,1266001,0,1265999,2185946000,1267626,1266814,0,1266812,1028000,813,790.86,false
2185946000,1267626,1266814,0,1266812,2186974000,1268439,1267627,0,1267625,1028000,813,790.86,false
2186974000,1268439,1267627,0,1267625,2188002000,1269252,1268440,0,1268438,1028000,813,790.86,false
2188002000,1269252,1268440,0,1268438,2189031000,1270065,1269253,0,1269251,1029000,813,790.09,false
2189031000,1270065,1269253,0,1269251,2190059000,1270878,1270066,0,1270064,1028000,813,790.86,false
2190059000,1270878,1270066,0,1270064,2191087000,1271691,1270879,0,1270877,1028000,813,790.86,false
2192046000,1272448,1271636,0,1271634,2193074000,1273261,1272449,0,1272447,1028000,813,790.86,false
2193074000,1273261,1272449,0,1272447,2194102000,1274074,1273262,0,1273260,1028000,813,790.86,false
2194102000,1274074,1273262,0,1273260,2195130000,1274976,1274075,0,1274073,1028000,813,790.86,true
2195130000,1274976,1274075,0,1274073,2196193000,1275878,1274977,0,1274975,1063000,902,848.54,true
2196193000,1275878,1274977,0,1274975,2197266000,1276691,1275879,0,1275877,1073000,902,840.63,true
2197266000,1276691,1275879,0,1275877,2198294000,1277504,1276692,0,1276690,1028000,813,790.86,true
2198294000,1277504,1276692,0,1276690,2199313000,1278317,1277505,0,1277503,1019000,813,797.84,false
2199313000,1278317,1277505,0,1277503,2200339000,1279130,1278318,0,1278316,1026000,813,792.40,false
2200339000,1279130,1278318,0,1278316,2201368000,1279943,1279131,0,1279129,1029000,813,790.09,false
2201368000,1279943,1279131,0,1279129,2202397000,1280756,1279944,0,1279942,1029000,813,790.09,false
2202397000,1280756,1279944,0,1279942,2203425000,1281569,1280757,0,1280755,1028000,813,790.86,false
2203425000,1281569,1280757,0,1280755,2204513000,1282382,1281570,0,1281568,1088000,813,747.24,false
2204513000,1282382,1281570,0,1281568,2205537000,1283195,1282383,0,1282381,1024000,813,793.95,false
2205537000,1283195,1282383,0,1282381,2206571000,1284008,1283196,0,1283194,1034000,813,786.27,false
2206571000,1284008,1283196,0,1283194,2207602000,1284821,1284009,0,1284007,1031000,813,788.55,false
2207602000,1284821,1284009,0,1284007,2208630000,1285634,1284822,0,1284820,1028000,813,790.86,false
2208630000,1285634,1284822,0,1284820,2209658000,1286447,1285635,0,1285633,1028000,813,790.86,false
2209658000,1286447,1285635,0,1285633,2210686000,1287260,1286448,0,1286446,1028000,813,790.86,false
2210686000,1287260,1286448,0,1286446,2211714000,1288073,1287261,0,1287259,1028000,813,790.86,false
2211714000,1288073,1287261,0,1287259,2212742000,1288886,1288074,0,1288072,1028000,813,790.86,false
2212742000,1288886,1288074,0,1288072,2213770000,1289699,1288887,0,1288885,1028000,813,790.86,false
2213770000,1289699,1288887,0,1288885,2214798000,1290512,1289700,0,1289698,1028000,813,790.86,false
2214798000,1290512,1289700,0,1289698,2215827000,1291325,1290513,0,1290511,1029000,813,790.09,false
2215827000,1291325,1290513,0,1290511,2216855000,1292138,1291326,0,1291324,1028000,813,790.86,false
2217801000,1292886,1292074,0,1292072,2218830000,1293699,1292887,0,1292885,1029000,813,790.09,false
2218830000,1293699,1292887,0,1292885,2219858000,1294512,1293700,0,1293698,1028000,813,790.86,false
2219858000,1294512,1293700,0,1293698,2220886000,1295414,1294513,0,1294511,1028000,813,790.86,true
2220886000,1295414,1294513,0,1294511,2221949000,1296316,1295415,0,1295413,1063000,902,848.54,true
2221949000,1296316,1295415,0,1295413,2223022000,1297129,1296317,0,1296315,1073000,902,840.63,true
2223022000,1297129,1296317,0,1296315,2224049000,1297942,1297130,0,1297128,1027000,813,791.63,true
2224049000,1297942,1297130,0,1297128,2225068000,1298755,1297943,0,1297941,1019000,813,797.84,false
2225068000,1298755,1297943,0,1297941,2226095000,1299568,1298756,0,1298754,1027000,813,791.63,false
2226095000,1299568,1298756,0,1298754,2227124000,1300381,1299569,0,1299567,1029000,813,790.09,false
2227124000,1300381,1299569,0,1299567,2228219000,1301194,1300382,0,1300380,1095000,813,742.47,false
2228219000,1301194,1300382,0,1300380,2229237000,1302007,1301195,0,1301193,1018000,813,798.62,false
2229237000,1302007,1301195,0,1301193,2230267000,1302820,1302008,0,1302006,1030000,813,789.32,false
2230267000,1302820,1302008,0,1302006,2231297000,1303633,1302821,0,1302819,1030000,813,789.32,false
2231297000,1303633,1302821,0,1302819,2232326000,1304446,1303634,0,1303632,1029000,813,790.09,false
2232326000,1304446,1303634,0,1303632,2233354000,1305259,1304447,0,1304445,1028000,813,790.86,false
2233354000,1305259,1304447,0,1304445,2234382000,1306072,1305260,0,1305258,1028000,813,790.86,false
2234382000,1306072,1305260,0,1305258,2235410000,1306885,1306073,0,1306071,1028000,813,790.86,false
2235410000,1306885,1306073,0,1306071,2236439000,1307698,1306886,0,1306884,1029000,813,790.09,false
2236439000,1307698,1306886,0,1306884,2237467000,1308511,1307699,0,1307697,1028000,813,790.86,false
2237467000,1308511,1307699,0,1307697,2238495000,1309324,1308512,0,1308510,1028000,813,790.86,false
2238495000,1309324,1308512,0,1308510,2239524000,1310137,1309325,0,1309323,1029000,813,790.09,false
2239524000,1310137,1309325,0,1309323,2240552000,1310950,1310138,0,1310136,1028000,813,790.86,false
2240552000,1310950,1310138,0,1310136,2241580000,1311763,1310951,0,1310949,1028000,813,790.86,false
2241580000,1311763,1310951,0,1310949,2242609000,1312576,1311764,0,1311762,1029000,813,790.09,false
2243534000,1313308,1312496,0,1312494,2244562000,1314121,1313309,0,1313307,1028000,813,790.86,false
2244562000,1314121,1313309,0,1313307,2245590000,1314934,1314122,0,1314120,1028000,813,790.86,false
2245590000,1314934,1314122,0,1314120,2246619000,1315836,1314935,0,1314933,1029000,813,790.09,true
2246619000,1315836,1314935,0,1314933,2247682000,1316738,1315837,0,1315835,1063000,902,848.54,true
2247682000,1316738,1315837,0,1315835,2248754000,1317551,1316739,0,1316737,1072000,902,841.42,true
2248754000,1317551,1316739,0,1316737,2249782000,1318364,1317552,0,1317550,1028000,813,790.86,true
2249782000,1318364,1317552,0,1317550,2250801000,1319177,1318365,0,1318363,1019000,813,797.84,false
2250801000,1319177,1318365,0,1318363,2251872000,1319990,1319178,0,1319176,1071000,813,759.10,false
2251872000,1319990,1319178,0,1319176,2252890000,1320803,1319991,0,1319989,1018000,813,798.62,false
2252890000,1320803,1319991,0,1319989,2253917000,1321616,1320804,0,1320802,1027000,813,791.63,false
2253917000,1321616,1320804,0,1320802,2254946000,1322429,1321617,0,1321615,1029000,813,790.09,false
2254946000,1322429,1321617,0,1321615,2255974000,1323242,1322430,0,1322428,1028000,813,790.86,false
2255974000,1323242,1322430,0,1322428,2257003000,1324055,1323243,0,1323241,1029000,813,790.09,false
2257003000,1324055,1323243,0,1323241,2258031000,1324868,1324056,0,1324054,1028000,813,790.86,false
2258031000,1324868,1324056,0,1324054,2259060000,1325681,1324869,0,1324867,1029000,813,790.09,false
2259060000,1325681,1324869,0,1324867,2260088000,1326494,1325682,0,1325680,1028000,813,790.86,false
2260088000,1326494,1325682,0,1325680,2261116000,1327307,1326495,0,1326493,1028000,813,790.86,false
2261116000,1327307,1326495,0,1326493,2262144000,1328120,1327308,0,1327306,1028000,813,790.86,false
2262144000,1328120,1327308,0,1327306,2263172000,1328933,1328121,0,1328119,1028000,813,790.86,false
2263172000,1328933,1328121,0,1328119,2264200000,1329746,1328934,0,1328932,1028000,813,790.86,false
2264200000,1329746,1328934,0,1328932,2265228000,1330559,1329747,0,1329745,1028000,813,790.86,false
2265228000,1330559,1329747,0,1329745,2266257000,1331372,1330560,0,1330558,1029000,813,790.09,false
2266257000,1331372,1330560,0,1330558,2267285000,1332185,1331373,0,1331371,1028000,813,790.86,false
2267285000,1332185,1331373,0,1331371,2268313000,1332998,1332186,0,1332184,1028000,813,790.86,false
2269006000,1333546,1332734,0,1332732,2270034000,1334359,1333547,0,1333545,1028000,813,790.86,false
2270034000,1334359,1333547,0,1333545,2271063000,1335172,1334360,0,1334358,1029000,813,790.09,false
2271063000,1335172,1334360,0,1334358,2272091000,1336074,1335173,0,1335171,1028000,813,790.86,true
2272091000,1336074,1335173,0,1335171,2273154000,1336976,1336075,0,1336073,1063000,902,848.54,true
2273154000,1336976,1336075,0,1336073,2274265000,1337789,1336977,0,1336975,1111000,902,811.88,true
2274265000,1337789,1336977,0,1336975,2275317000,1338589,1337790,0,1337788,1052000,813,772.81,true
2275317000,1338589,1337790,0,1337788,2276348000,1339389,1338590,0,1338588,1031000,800,775.95,false
2276348000,1339389,1338590,0,1338588,2277364000,1340189,1339390,0,1339388,1016000,800,787.40,false
2277364000,1340189,1339390,0,1339388,2278382000,1340989,1340190,0,1340188,1018000,800,785.85,false
2278382000,1340989,1340190,0,1340188,2279403000,1341789,1340990,0,1340988,1021000,800,783.55,false
2279403000,1341789,1340990,0,1340988,2280423000,1342589,1341790,0,1341788,1020000,800,784.31,false
2280423000,1342589,1341790,0,1341788,2281443000,1343389,1342590,0,1342588,1020000,800,784.31,false
2281443000,1343389,1342590,0,1342588,2282463000,1344189,1343390,0,1343388,1020000,800,784.31,false
2282463000,1344189,1343390,0,1343388,2283483000,1344989,1344190,0,1344188,1020000,800,784.31,false
2283483000,1344989,1344190,0,1344188,2284503000,1345789,1344990,0,1344988,1020000,800,784.31,false
2284503000,1345789,1344990,0,1344988,2285523000,1346589,1345790,0,1345788,1020000,800,784.31,false
2285523000,1346589,1345790,0,1345788,2286543000,1347389,1346590,0,1346588,1020000,800,784.31,false
2286543000,1347389,1346590,0,1346588,2287563000,1348189,1347390,0,1347388,1020000,800,784.31,false
2287563000,1348189,1347390,0,1347388,2288583000,1348989,1348190,0,1348188,1020000,800,784.31,false
2288583000,1348989,1348190,0,1348188,2289603000,1349789,1348990,0,1348988,1020000,800,784.31,false
2289603000,1349789,1348990,0,1348988,2290623000,1350589,1349790,0,1349788,1020000,800,784.31,false
2290623000,1350589,1349790,0,1349788,2291643000,1351389,1350590,0,1350588,1020000,800,784.31,false
2291643000,1351389,1350590,0,1350588,2292663000,1352189,1351390,0,1351388,1020000,800,784.31,false
2292663000,1352189,1351390,0,1351388,2293683000,1352989,1352190,0,1352188,1020000,800,784.31,false
2293857000,1353125,1352326,0,1352324,2294877000,1353925,1353126,0,1353124,1020000,800,784.31,false
2294877000,1353925,1353126,0,1353124,2295897000,1354725,1353926,0,1353924,1020000,800,784.31,false
2295897000,1354725,1353926,0,1353924,2296969000,1355588,1354726,0,1354724,1072000,800,746.27,true
2296969000,1355588,1354726,0,1354724,2298006000,1356451,1355589,0,1355587,1037000,863,832.21,true
2298006000,1356451,1355589,0,1355587,2299061000,1357251,1356452,0,1356450,1055000,863,818.01,true
2299061000,1357251,1356452,0,1356450,2300087000,1358058,1357252,0,1357250,1026000,800,779.73,true
2300087000,1358058,1357252,0,1357250,2301113000,1358865,1358059,0,1358057,1026000,807,786.55,false
2301113000,1358865,1358059,0,1358057,2302142000,1359672,1358866,0,1358864,1029000,807,784.26,false
2302142000,1359672,1358866,0,1358864,2303172000,1360479,1359673,0,1359671,1030000,807,783.50,false
2303172000,1360479,1359673,0,1359671,2304201000,1361286,1360480,0,1360478,1029000,807,784.26,false
2304201000,1361286,1360480,0,1360478,2305230000,1362093,1361287,0,1361285,1029000,807,784.26,false
2305230000,1362093,1361287,0,1361285,2306259000,1362900,1362094,0,1362092,1029000,807,784.26,false
2306259000,1362900,1362094,0,1362092,2307288000,1363707,1362901,0,1362899,1029000,807,784.26,false
2307288000,1363707,1362901,0,1362899,2308317000,1364514,1363708,0,1363706,1029000,807,784.26,false
2308317000,1364514,1363708,0,1363706,2309346000,1365321,1364515,0,1364513,1029000,807,784.26,false
2309346000,1365321,1364515,0,1364513,2310375000,1366128,1365322,0,1365320,1029000,807,784.26,false
2310375000,1366128,1365322,0,1365320,2311404000,1366935,1366129,0,1366127,1029000,807,784.26,false
2311404000,1366935,1366129,0,1366127,2312433000,1367742,1366936,0,1366934,1029000,807,784.26,false
2312433000,1367742,1366936,0,1366934,2313462000,1368549,1367743,0,1367741,1029000,807,784.26,false
2313462000,1368549,1367743,0,1367741,2314491000,1369356,1368550,0,1368548,1029000,807,784.26,false
2314491000,1369356,1368550,0,1368548,2315520000,1370163,1369357,0,1369355,1029000,807,784.26,false
2315520000,1370163,1369357,0,1369355,2316549000,1370970,1370164,0,1370162,1029000,807,784.26,false
2316549000,1370970,1370164,0,1370162,2317578000,1371777,1370971,0,1370969,1029000,807,784.26,false
2317578000,1371777,1370971,0,1370969,2318607000,1372584,1371778,0,1371776,1029000,807,784.26,false
2318954000,1372856,1372050,0,1372048,2320056000,1373663,1372857,0,1372855,1102000,807,732.30,false
2320056000,1373663,1372857,0,1372855,2321070000,1374470,1373664,0,1373662,1014000,807,795.86,false
2321070000,1374470,1373664,0,1373662,2322101000,1375313,1374471,0,1374469,1031000,807,782.74,true
2322101000,1375313,1374471,0,1374469,2323155000,1376156,1375314,0,1375312,1054000,843,799.81,true
2323155000,1376156,1375314,0,1375312,2324201000,1376999,1376157,0,1376155,1046000,843,805.93,true
2324201000,1376999,1376157,0,1376155,2325245000,1377806,1377000,0,1376998,1044000,843,807.47,true
2325245000,1377806,1377000,0,1376998,2326282000,1378616,1377807,0,1377805,1037000,807,778.21,true
2326282000,1378616,1377807,0,1377805,2327314000,1379426,1378617,0,1378615,1032000,810,784.88,false
2327314000,1379426,1378617,0,1378615,2328345000,1380236,1379427,0,1379425,1031000,810,785.65,false
2328345000,1380236,1379427,0,1379425,2329375000,1381046,1380237,0,1380235,1030000,810,786.41,false
2329375000,1381046,1380237,0,1380235,2330405000,1381856,1381047,0,1381045,1030000,810,786.41,false
2330405000,1381856,1381047,0,1381045,2331435000,1382666,1381857,0,1381855,1030000,810,786.41,false
2331435000,1382666,1381857,0,1381855,2332466000,1383476,1382667,0,1382665,1031000,810,785.65,false
2332466000,1383476,1382667,0,1382665,2333497000,1384286,1383477,0,1383475,1031000,810,785.65,false
2333497000,1384286,1383477,0,1383475,2334527000,1385096,1384287,0,1384285,1030000,810,786.41,false
2334527000,1385096,1384287,0,1384285,2335557000,1385906,1385097,0,1385095,1030000,810,786.41,false
2335557000,1385906,1385097,0,1385095,2336587000,1386716,1385907,0,1385905,1030000,810,786.41,false
2336587000,1386716,1385907,0,1385905,2337617000,1387526,1386717,0,1386715,1030000,810,786.41,false
2337617000,1387526,1386717,0,1386715,2338647000,1388336,1387527,0,1387525,1030000,810,786.41,false
2338647000,1388336,1387527,0,1387525,2339677000,1389146,1388337,0,1388335,1030000,810,786.41,false
2339677000,1389146,1388337,0,1388335,2340708000,1389956,1389147,0,1389145,1031000,810,785.65,false
2340708000,1389956,1389147,0,1389145,2341738000,1390766,1389957,0,1389955,1030000,810,786.41,false
2341738000,1390766,1389957,0,1389955,2342795000,1391576,1390767,0,1390765,1057000,810,766.32,false
2342795000,1391576,1390767,0,1390765,2343854000,1392386,1391577,0,1391575,1059000,810,764.87,false
2343854000,1392386,1391577,0,1391575,2344892000,1393196,1392387,0,1392385,1038000,810,780.35,false
2345145000,1393400,1392591,0,1392589,2346175000,1394210,1393401,0,1393399,1030000,810,786.41,false
2346175000,1394210,1393401,0,1393399,2347203000,1395020,1394211,0,1394209,1028000,810,787.94,false
2347203000,1395020,1394211,0,1394209,2348230000,1395894,1395021,0,1395019,1027000,810,788.70,true
2348230000,1395894,1395021,0,1395019,2349280000,1396768,1395895,0,1395893,1050000,874,832.38,true
2349280000,1396768,1395895,0,1395893,2350337000,1397578,1396769,0,1396767,1057000,874,826.87,true
2350337000,1397578,1396769,0,1396767,2351359000,1398395,1397579,0,1397577,1022000,810,792.56,true
2351359000,1398395,1397579,0,1397577,2352383000,1399212,1398396,0,1398394,1024000,817,797.85,false
2352383000,1399212,1398396,0,1398394,2353413000,1400029,1399213,0,1399211,1030000,817,793.20,false
2353413000,1400029,1399213,0,1399211,2354444000,1400846,1400030,0,1400028,1031000,817,792.43,false
2354444000,1400846,1400030,0,1400028,2355474000,1401663,1400847,0,1400845,1030000,817,793.20,false
2355474000,1401663,1400847,0,1400845,2356504000,1402480,1401664,0,1401662,1030000,817,793.20,false
2356504000,1402480,1401664,0,1401662,2357534000,1403297,1402481,0,1402479,1030000,817,793.20,false
2357534000,1403297,1402481,0,1402479,2358564000,1404114,1403298,0,1403296,1030000,817,793.20,false
2358564000,1404114,1403298,0,1403296,2359594000,1404931,1404115,0,1404113,1030000,817,793.20,false
2359594000,1404931,1404115,0,1404113,2360624000,1405748,1404932,0,1404930,1030000,817,793.20,false
2360624000,1405748,1404932,0,1404930,2361654000,1406565,1405749,0,1405747,1030000,817,793.20,false
2361654000,1406565,1405749,0,1405747,2362684000,1407382,1406566,0,1406564,1030000,817,793.20,false
2362684000,1407382,1406566,0,1406564,2363714000,1408199,1407383,0,1407381,1030000,817,793.20,false
2363714000,1408199,1407383,0,1407381,2364744000,1409016,1408200,0,1408198,1030000,817,793.20,false
2364744000,1409016,1408200,0,1408198,2365774000,1409833,1409017,0,1409015,1030000,817,793.20,false
2365774000,1409833,1409017,0,1409015,2366882000,1410650,1409834,0,1409832,1108000,817,737.36,false
2366882000,1410650,1409834,0,1409832,2367898000,1411467,1410651,0,1410649,1016000,817,804.13,false
2367898000,1411467,1410651,0,1410649,2368924000,1412284,1411468,0,1411466,1026000,817,796.30,false
2368924000,1412284,1411468,0,1411466,2369955000,1413101,1412285,0,1412283,1031000,817,792.43,false
2370908000,1413855,1413039,0,1413037,2371938000,1414672,1413856,0,1413854,1030000,817,793.20,false
2371938000,1414672,1413856,0,1413854,2372968000,1415489,1414673,0,1414671,1030000,817,793.20,false
2372968000,1415489,1414673,0,1414671,2373998000,1416399,1415490,0,1415488,1030000,817,793.20,true
2373998000,1416399,1415490,0,1415488,2375065000,1417309,1416400,0,1416398,1067000,910,852.86,true
2375065000,1417309,1416400,0,1416398,2376142000,1418126,1417310,0,1417308,1077000,910,844.94,true
2376142000,1418126,1417310,0,1417308,2377171000,1418942,1418127,0,1418125,1029000,817,793.97,true
2377171000,1418942,1418127,0,1418125,2378191000,1419758,1418943,0,1418941,1020000,816,800.00,false
2378191000,1419758,1418943,0,1418941,2379219000,1420574,1419759,0,1419757,1028000,816,793.77,false
2379219000,1420574,1419759,0,1419757,2380250000,1421390,1420575,0,1420573,1031000,816,791.46,false
2380250000,1421390,1420575,0,1420573,2381280000,1422206,1421391,0,1421389,1030000,816,792.23,false
2381280000,1422206,1421391,0,1421389,2382310000,1423022,1422207,0,1422205,1030000,816,792.23,false
2382310000,1423022,1422207,0,1422205,2383340000,1423838,1423023,0,1423021,1030000,816,792.23,false
2383340000,1423838,1423023,0,1423021,2384370000,1424654,1423839,0,1423837,1030000,816,792.23,false
2384370000,1424654,1423839,0,1423837,2385400000,1425470,1424655,0,1424653,1030000,816,792.23,false
2385400000,1425470,1424655,0,1424653,2386430000,1426286,1425471,0,1425469,1030000,816,792.23,false
2386430000,1426286,1425471,0,1425469,2387460000,1427102,1426287,0,1426285,1030000,816,792.23,false
2387460000,1427102,1426287,0,1426285,2388490000,1427918,1427103,0,1427101,1030000,816,792.23,false
2388490000,1427918,1427103,0,1427101,2389520000,1428734,1427919,0,1427917,1030000,816,792.23,false
2389520000,1428734,1427919,0,1427917,2390631000,1429550,1428735,0,1428733,1111000,816,734.47,false
2390631000,1429550,1428735,0,1428733,2391644000,1430366,1429551,0,1429549,1013000,816,805.53,false
2391644000,1430366,1429551,0,1429549,2392669000,1431182,1430367,0,1430365,1025000,816,796.10,false
2392669000,1431182,1430367,0,1430365,2393699000,1431998,1431183,0,1431181,1030000,816,792.23,false
2393699000,1431998,1431183,0,1431181,2394729000,1432814,1431999,0,1431997,1030000,816,792.23,false
2394729000,1432814,1431999,0,1431997,2395759000,1433630,1432815,0,1432813,1030000,816,792.23,false
2396784000,1434442,1433627,0,1433625,2397814000,1435258,1434443,0,1434441,1030000,816,792.23,false
2397814000,1435258,1434443,0,1434441,2398843000,1436074,1435259,0,1435257,1029000,816,793.00,false
2398843000,1436074,1435259,0,1435257,2399873000,1436982,1436075,0,1436073,1030000,816,792.23,true
2399873000,1436982,1436075,0,1436073,2400939000,1437890,1436983,0,1436981,1066000,908,851.78,true
2400939000,1437890,1436983,0,1436981,2402015000,1438706,1437891,0,1437889,1076000,908,843.87,true
2402015000,1438706,1437891,0,1437889,2403043000,1439521,1438707,0,1438705,1028000,816,793.77,true
2403043000,1439521,1438707,0,1438705,2404063000,1440336,1439522,0,1439520,1020000,815,799.02,false
2404063000,1440336,1439522,0,1439520,2405091000,1441151,1440337,0,1440335,1028000,815,792.80,false
2405091000,1441151,1440337,0,1440335,2406121000,1441966,1441152,0,1441150,1030000,815,791.26,false
2406121000,1441966,1441152,0,1441150,2407151000,1442781,1441967,0,1441965,1030000,815,791.26,false
2407151000,1442781,1441967,0,1441965,2408180000,1443596,1442782,0,1442780,1029000,815,792.03,false
2408180000,1443596,1442782,0,1442780,2409209000,1444411,1443597,0,1443595,1029000,815,792.03,false
2409209000,1444411,1443597,0,1443595,2410238000,1445226,1444412,0,1444410,1029000,815,792.03,false
2410238000,1445226,1444412,0,1444410,2411267000,1446041,1445227,0,1445225,1029000,815,792.03,false
2411267000,1446041,1445227,0,1445225,2412296000,1446856,1446042,0,1446040,1029000,815,792.03,false
2412296000,1446856,1446042,0,1446040,2413325000,1447671,1446857,0,1446855,1029000,815,792.03,false
2413325000,1447671,1446857,0,1446855,2414420000,1448486,1447672,0,1447670,1095000,815,744.29,false
2414420000,1448486,1447672,0,1447670,2415449000,1449301,1448487,0,1448485,1029000,815,792.03,false
2415449000,1449301,1448487,0,1448485,2416476000,1450116,1449302,0,1449300,1027000,815,793.57,false
2416476000,1450116,1449302,0,1449300,2417504000,1450931,1450117,0,1450115,1028000,815,792.80,false
2417504000,1450931,1450117,0,1450115,2418533000,1451746,1450932,0,1450930,1029000,815,792.03,false
2418533000,1451746,1450932,0,1450930,2419562000,1452561,1451747,0,1451745,1029000,815,792.03,false
2419562000,1452561,1451747,0,1451745,2420591000,1453376,1452562,0,1452560,1029000,815,792.03,false
2420591000,1453376,1452562,0,1452560,2421620000,1454191,1453377,0,1453375,1029000,815,792.03,false
2422632000,1454993,1454179,0,1454177,2423661000,1455808,1454994,0,1454992,1029000,815,792.03,false
2423661000,1455808,1454994,0,1454992,2424690000,1456623,1455809,0,1455807,1029000,815,792.03,false
2424690000,1456623,1455809,0,1455807,2425719000,1457530,1456624,0,1456622,1029000,815,792.03,true
2425719000,1457530,1456624,0,1456622,2426784000,1458437,1457531,0,1457529,1065000,907,851.64,true
2426784000,1458437,1457531,0,1457529,2427861000,1459252,1458438,0,1458436,1077000,907,842.15,true
2427861000,1459252,1458438,0,1458436,2428890000,1460066,1459253,0,1459251,1029000,815,792.03,true
2428890000,1460066,1459253,0,1459251,2429909000,1460880,1460067,0,1460065,1019000,814,798.82,false
2429909000,1460880,1460067,0,1460065,2430935000,1461694,1460881,0,1460879,1026000,814,793.37,false
2430935000,1461694,1460881,0,1460879,2431965000,1462508,1461695,0,1461693,1030000,814,790.29,false
2431965000,1462508,1461695,0,1461693,2432994000,1463322,1462509,0,1462507,1029000,814,791.06,false
2432994000,1463322,1462509,0,1462507,2434023000,1464136,1463323,0,1463321,1029000,814,791.06,false
2434023000,1464136,1463323,0,1463321,2435052000,1464950,1464137,0,1464135,1029000,814,791.06,false
2435052000,1464950,1464137,0,1464135,2436081000,1465764,1464951,0,1464949,1029000,814,791.06,false
2436081000,1465764,1464951,0,1464949,2437135000,1466578,1465765,0,1465763,1054000,814,772.30,false
2437135000,1466578,1465765,0,1465763,2438197000,1467392,1466579,0,1466577,1062000,814,766.48,false
2438197000,1467392,1466579,0,1466577,2439231000,1468206,1467393,0,1467391,1034000,814,787.23,false
2439231000,1468206,1467393,0,1467391,2440260000,1469020,1468207,0,1468205,1029000,814,791.06,false
2440260000,1469020,1468207,0,1468205,2441288000,1469834,1469021,0,1469019,1028000,814,791.83,false
2441288000,1469834,1469021,0,1469019,2442317000,1470648,1469835,0,1469833,1029000,814,791.06,false
2442317000,1470648,1469835,0,1469833,2443346000,1471462,1470649,0,1470647,1029000,814,791.06,false
2443346000,1471462,1470649,0,1470647,2444375000,1472276,1471463,0,1471461,1029000,814,791.06,false
2444375000,1472276,1471463,0,1471461,2445404000,1473090,1472277,0,1472275,1029000,814,791.06,false
2445404000,1473090,1472277,0,1472275,2446433000,1473904,1473091,0,1473089,1029000,814,791.06,false
2446433000,1473904,1473091,0,1473089,2447462000,1474718,1473905,0,1473903,1029000,814,791.06,false
2448437000,1475490,1474677,0,1474675,2449466000,1476304,1475491,0,1475489,1029000,814,791.06,false
2449466000,1476304,1475491,0,1475489,2450495000,1477118,1476305,0,1476303,1029000,814,791.06,false
2450495000,1477118,1476305,0,1476303,2451524000,1478024,1477119,0,1477117,1029000,814,791.06,true
2451524000,1478024,1477119,0,1477117,2452589000,1478930,1478025,0,1478023,1065000,906,850.70,true
2452589000,1478930,1478025,0,1478023,2453664000,1479744,1478931,0,1478929,1075000,906,842.79,true
2453664000,1479744,1478931,0,1478929,2454694000,1480557,1479745,0,1479743,1030000,814,790.29,true
2454694000,1480557,1479745,0,1479743,2455713000,1481370,1480558,0,1480556,1019000,813,797.84,false
2455713000,1481370,1480558,0,1480556,2456738000,1482183,1481371,0,1481369,1025000,813,793.17,false
2456738000,1482183,1481371,0,1481369,2457767000,1482996,1482184,0,1482182,1029000,813,790.09,false
2457767000,1482996,1482184,0,1482182,2458796000,1483809,1482997,0,1482995,1029000,813,790.09,false
2458796000,1483809,1482997,0,1482995,2459825000,1484622,1483810,0,1483808,1029000,813,790.09,false
2459825000,1484622,1483810,0,1483808,2460908000,1485435,1484623,0,1484621,1083000,813,750.69,false
2460908000,1485435,1484623,0,1484621,2461934000,1486248,1485436,0,1485434,1026000,813,792.40,false
2461934000,1486248,1485436,0,1485434,2462968000,1487061,1486249,0,1486247,1034000,813,786.27,false
2462968000,1487061,1486249,0,1486247,2463998000,1487874,1487062,0,1487060,1030000,813,789.32,false
2463998000,1487874,1487062,0,1487060,2465027000,1488687,1487875,0,1487873,1029000,813,790.09,false
2465027000,1488687,1487875,0,1487873,2466055000,1489500,1488688,0,1488686,1028000,813,790.86,false
2466055000,1489500,1488688,0,1488686,2467083000,1490313,1489501,0,1489499,1028000,813,790.86,false
2467083000,1490313,1489501,0,1489499,2468111000,1491126,1490314,0,1490312,1028000,813,790.86,false
2468111000,1491126,1490314,0,1490312,2469139000,1491939,1491127,0,1491125,1028000,813,790.86,false
2469139000,1491939,1491127,0,1491125,2470167000,1492752,1491940,0,1491938,1028000,813,790.86,false
2470167000,1492752,1491940,0,1491938,2471195000,1493565,1492753,0,1492751,1028000,813,790.86,false
2471195000,1493565,1492753,0,1492751,2472223000,1494378,1493566,0,1493564,1028000,813,790.86,false
2472223000,1494378,1493566,0,1493564,2473251000,1495191,1494379,0,1494377,1028000,813,790.86,false
2474200000,1495940,1495128,0,1495126,2475228000,1496753,1495941,0,1495939,1028000,813,790.86,false
2475228000,1496753,1495941,0,1495939,2476256000,1497566,1496754,0,1496752,1028000,813,790.86,false
2476256000,1497566,1496754,0,1496752,2477284000,1498468,1497567,0,1497565,1028000,813,790.86,true
2477284000,1498468,1497567,0,1497565,2478347000,1499370,1498469,0,1498467,1063000,902,848.54,true
2478347000,1499370,1498469,0,1498467,2479419000,1500183,1499371,0,1499369,1072000,902,841.42,true
2479419000,1500183,1499371,0,1499369,2480447000,1500996,1500184,0,1500182,1028000,813,790.86,true
2480447000,1500996,1500184,0,1500182,2481466000,1501809,1500997,0,1500995,1019000,813,797.84,false
2481466000,1501809,1500997,0,1500995,2482493000,1502622,1501810,0,1501808,1027000,813,791.63,false
2482493000,1502622,1501810,0,1501808,2483522000,1503435,1502623,0,1502621,1029000,813,790.09,false
2483522000,1503435,1502623,0,1502621,2484617000,1504248,1503436,0,1503434,1095000,813,742.47,false
2484617000,1504248,1503436,0,1503434,2485635000,1505061,1504249,0,1504247,1018000,813,798.62,false
2485635000,1505061,1504249,0,1504247,2486665000,1505874,1505062,0,1505060,1030000,813,789.32,false
2486665000,1505874,1505062,0,1505060,2487695000,1506687,1505875,0,1505873,1030000,813,789.32,false
2487695000,1506687,1505875,0,1505873,2488723000,1507500,1506688,0,1506686,1028000,813,790.86,false
2488723000,1507500,1506688,0,1506686,2489752000,1508313,1507501,0,1507499,1029000,813,790.09,false
2489752000,1508313,1507501,0,1507499,2490780000,1509126,1508314,0,1508312,1028000,813,790.86,false
2490780000,1509126,1508314,0,1508312,2491808000,1509939,1509127,0,1509125,1028000,813,790.86,false
2491808000,1509939,1509127,0,1509125,2492836000,1510752,1509940,0,1509938,1028000,813,790.86,false
2492836000,1510752,1509940,0,1509938,2493865000,1511565,1510753,0,1510751,1029000,813,790.09,false
2493865000,1511565,1510753,0,1510751,2494893000,1512378,1511566,0,1511564,1028000,813,790.86,false
2494893000,1512378,1511566,0,1511564,2495922000,1513191,1512379,0,1512377,1029000,813,790.09,false
2495922000,1513191,1512379,0,1512377,2496950000,1514004,1513192,0,1513190,1028000,813,790.86,false
2496950000,1514004,1513192,0,1513190,2497978000,1514817,1514005,0,1514003,1028000,813,790.86,false
2497978000,1514817,1514005,0,1514003,2499006000,1515630,1514818,0,1514816,1028000,813,790.86,false
2499934000,1516364,1515552,0,1515550,2500962000,1517177,1516365,0,1516363,1028000,813,790.86,false
2500962000,1517177,1516365,0,1516363,2501991000,1517990,1517178,0,1517176,1029000,813,790.09,false
2501991000,1517990,1517178,0,1517176,2503019000,1518892,1517991,0,1517989,1028000,813,790.86,true
2503019000,1518892,1517991,0,1517989,2504082000,1519794,1518893,0,1518891,1063000,902,848.54,true
2504082000,1519794,1518893,0,1518891,2505154000,1520607,1519795,0,1519793,1072000,902,841.42,true
2505154000,1520607,1519795,0,1519793,2506182000,1521420,1520608,0,1520606,1028000,813,790.86,true
2506182000,1521420,1520608,0,1520606,2507201000,1522233,1521421,0,1521419,1019000,813,797.84,false
2507201000,1522233,1521421,0,1521419,2508272000,1523046,1522234,0,1522232,1071000,813,759.10,false
2508272000,1523046,1522234,0,1522232,2509290000,1523859,1523047,0,1523045,1018000,813,798.62,false
2509290000,1523859,1523047,0,1523045,2510317000,1524672,1523860,0,1523858,1027000,813,791.63,false
2510317000,1524672,1523860,0,1523858,2511346000,1525485,1524673,0,1524671,1029000,813,790.09,false
2511346000,1525485,1524673,0,1524671,2512374000,1526298,1525486,0,1525484,1028000,813,790.86,false
2512374000,1526298,1525486,0,1525484,2513403000,1527111,1526299,0,1526297,1029000,813,790.09,false
2513403000,1527111,1526299,0,1526297,2514431000,1527924,1527112,0,1527110,1028000,813,790.86,false
2514431000,1527924,1527112,0,1527110,2515459000,1528737,1527925,0,1527923,1028000,813,790.86,false
2515459000,1528737,1527925,0,1527923,2516488000,1529550,1528738,0,1528736,1029000,813,790.09,false
2516488000,1529550,1528738,0,1528736,2517516000,1530363,1529551,0,1529549,1028000,813,790.86,false
2517516000,1530363,1529551,0,1529549,2518544000,1531176,1530364,0,1530362,1028000,813,790.86,false
2518544000,1531176,1530364,0,1530362,2519573000,1531989,1531177,0,1531175,1029000,813,790.09,false
2519573000,1531989,1531177,0,1531175,2520601000,1532802,1531990,0,1531988,1028000,813,790.86,false
2520601000,1532802,1531990,0,1531988,2521629000,1533615,1532803,0,1532801,1028000,813,790.86,false
2521629000,1533615,1532803,0,1532801,2522658000,1534428,1533616,0,1533614,1029000,813,790.09,false
2522658000,1534428,1533616,0,1533614,2523686000,1535241,1534429,0,1534427,1028000,813,790.86,false
2523686000,1535241,1534429,0,1534427,2524714000,1536054,1535242,0,1535240,1028000,813,790.86,false
2525402000,1536599,1535787,0,1535785,2526431000,1537412,1536600,0,1536598,1029000,813,790.09,false
2526431000,1537412,1536600,0,1536598,2527459000,1538225,1537413,0,1537411,1028000,813,790.86,false
2527459000,1538225,1537413,0,1537411,2528487000,1539127,1538226,0,1538224,1028000,813,790.86,true
2528487000,1539127,1538226,0,1538224,2529550000,1540029,1539128,0,1539126,1063000,902,848.54,true
2529550000,1540029,1539128,0,1539126,2530663000,1540842,1540030,0,1540028,1113000,902,810.42,true
2530663000,1540842,1540030,0,1540028,2531712000,1541641,1540843,0,1540841,1049000,813,775.02,true
2531712000,1541641,1540843,0,1540841,2532747000,1542440,1541642,0,1541640,1035000,799,771.98,false
2532747000,1542440,1541642,0,1541640,2533764000,1543239,1542441,0,1542439,1017000,799,785.64,false
2533764000,1543239,1542441,0,1542439,2534781000,1544038,1543240,0,1543238,1017000,799,785.64,false
2534781000,1544038,1543240,0,1543238,2535801000,1544837,1544039,0,1544037,1020000,799,783.33,false
2535801000,1544837,1544039,0,1544037,2536821000,1545636,1544838,0,1544836,1020000,799,783.33,false
2536821000,1545636,1544838,0,1544836,2537841000,1546435,1545637,0,1545635,1020000,799,783.33,false
2537841000,1546435,1545637,0,1545635,2538861000,1547234,1546436,0,1546434,1020000,799,783.33,false
2538861000,1547234,1546436,0,1546434,2539881000,1548033,1547235,0,1547233,1020000,799,783.33,false
2539881000,1548033,1547235,0,1547233,2540901000,1548832,1548034,0,1548032,1020000,799,783.33,false
2540901000,1548832,1548034,0,1548032,2541921000,1549631,1548833,0,1548831,1020000,799,783.33,false
2541921000,1549631,1548833,0,1548831,2542941000,1550430,1549632,0,1549630,1020000,799,783.33,false
2542941000,1550430,1549632,0,1549630,2543961000,1551229,1550431,0,1550429,1020000,799,783.33,false
2543961000,1551229,1550431,0,1550429,2544981000,1552028,1551230,0,1551228,1020000,799,783.33,false
2544981000,1552028,1551230,0,1551228,2546001000,1552827,1552029,0,1552027,1020000,799,783.33,false
2546001000,1552827,1552029,0,1552027,2547021000,1553626,1552828,0,1552826,1020000,799,783.33,false
2547021000,1553626,1552828,0,1552826,2548041000,1554425,1553627,0,1553625,1020000,799,783.33,false
2548041000,1554425,1553627,0,1553625,2549061000,1555224,1554426,0,1554424,1020000,799,783.33,false
2549061000,1555224,1554426,0,1554424,2550081000,1556023,1555225,0,1555223,1020000,799,783.33,false
2550262000,1556165,1555367,0,1555365,2551282000,1556964,1556166,0,1556164,1020000,799,783.33,false
2551282000,1556964,1556166,0,1556164,2552302000,1557763,1556965,0,1556963,1020000,799,783.33,false
2552302000,1557763,1556965,0,1556963,2553380000,1558625,1557764,0,1557762,1078000,799,741.19,true
2553380000,1558625,1557764,0,1557762,2554412000,1559487,1558626,0,1558624,1032000,862,835.27,true
2554412000,1559487,1558626,0,1558624,2555463000,1560286,1559488,0,1559486,1051000,862,820.17,true
2555463000,1560286,1559488,0,1559486,2556490000,1561092,1560287,0,1560285,1027000,799,777.99,true
2556490000,1561092,1560287,0,1560285,2557515000,1561898,1561093,0,1561091,1025000,806,786.34,false
2557515000,1561898,1561093,0,1561091,2558544000,1562704,1561899,0,1561897,1029000,806,783.28,false
2558544000,1562704,1561899,0,1561897,2559573000,1563510,1562705,0,1562703,1029000,806,783.28,false
2559573000,1563510,1562705,0,1562703,2560602000,1564316,1563511,0,1563509,1029000,806,783.28,false
2560602000,1564316,1563511,0,1563509,2561631000,1565122,1564317,0,1564315,1029000,806,783.28,false
2561631000,1565122,1564317,0,1564315,2562660000,1565928,1565123,0,1565121,1029000,806,783.28,false
2562660000,1565928,1565123,0,1565121,2563689000,1566734,1565929,0,1565927,1029000,806,783.28,false
2563689000,1566734,1565929,0,1565927,2564718000,1567540,1566735,0,1566733,1029000,806,783.28,false
2564718000,1567540,1566735,0,1566733,2565747000,1568346,1567541,0,1567539,1029000,806,783.28,false
2565747000,1568346,1567541,0,1567539,2566776000,1569152,1568347,0,1568345,1029000,806,783.28,false
2566776000,1569152,1568347,0,1568345,2567805000,1569958,1569153,0,1569151,1029000,806,783.28,false
2567805000,1569958,1569153,0,1569151,2568834000,1570764,1569959,0,1569957,1029000,806,783.28,false
2568834000,1570764,1569959,0,1569957,2569863000,1571570,1570765,0,1570763,1029000,806,783.28,false
2569863000,1571570,1570765,0,1570763,2570892000,1572376,1571571,0,1571569,1029000,806,783.28,false
2570892000,1572376,1571571,0,1571569,2571921000,1573182,1572377,0,1572375,1029000,806,783.28,false
2571921000,1573182,1572377,0,1572375,2572950000,1573988,1573183,0,1573181,1029000,806,783.28,false
2572950000,1573988,1573183,0,1573181,2573979000,1574794,1573989,0,1573987,1029000,806,783.28,false
2573979000,1574794,1573989,0,1573987,2575008000,1575600,1574795,0,1574793,1029000,806,783.28,false
2575341000,1575861,1575056,0,1575054,2576444000,1576667,1575862,0,1575860,1103000,806,730.73,false
2576444000,1576667,1575862,0,1575860,2577458000,1577473,1576668,0,1576666,1014000,806,794.87,false
2577458000,1577473,1576668,0,1576666,2578486000,1578311,1577474,0,1577472,1028000,806,784.05,true
2578486000,1578311,1577474,0,1577472,2579538000,1579149,1578312,0,1578310,1052000,838,796.58,true
2579538000,1579149,1578312,0,1578310,2580581000,1579987,1579150,0,1579148,1043000,838,803.45,true
2580581000,1579987,1579150,0,1579148,2581623000,1580793,1579988,0,1579986,1042000,838,804.22,true
2581623000,1580793,1579988,0,1579986,2582659000,1581602,1580794,0,1580792,1036000,806,777.99,true
2582659000,1581602,1580794,0,1580792,2583690000,1582411,1581603,0,1581601,1031000,809,784.68,false
2583690000,1582411,1581603,0,1581601,2584720000,1583220,1582412,0,1582410,1030000,809,785.44,false
2584720000,1583220,1582412,0,1582410,2585750000,1584029,1583221,0,1583219,1030000,809,785.44,false
2585750000,1584029,1583221,0,1583219,2586780000,1584838,1584030,0,1584028,1030000,809,785.44,false
2586780000,1584838,1584030,0,1584028,2587810000,1585647,1584839,0,1584837,1030000,809,785.44,false
2587810000,1585647,1584839,0,1584837,2588840000,1586456,1585648,0,1585646,1030000,809,785.44,false
2588840000,1586456,1585648,0,1585646,2589870000,1587265,1586457,0,1586455,1030000,809,785.44,false
2589870000,1587265,1586457,0,1586455,2590900000,1588074,1587266,0,1587264,1030000,809,785.44,false
2590900000,1588074,1587266,0,1587264,2591930000,1588883,1588075,0,1588073,1030000,809,785.44,false
2591930000,1588883,1588075,0,1588073,2592960000,1589692,1588884,0,1588882,1030000,809,785.44,false
2592960000,1589692,1588884,0,1588882,2593990000,1590501,1589693,0,1589691,1030000,809,785.44,false
2593990000,1590501,1589693,0,1589691,2595020000,1591310,1590502,0,1590500,1030000,809,785.44,false
2595020000,1591310,1590502,0,1590500,2596050000,1592119,1591311,0,1591309,1030000,809,785.44,false
2596050000,1592119,1591311,0,1591309,2597080000,1592928,1592120,0,1592118,1030000,809,785.44,false
2597080000,1592928,1592120,0,1592118,2598110000,1593737,1592929,0,1592927,1030000,809,785.44,false
2598110000,1593737,1592929,0,1592927,2599166000,1594546,1593738,0,1593736,1056000,809,766.10,false
2599166000,1594546,1593738,0,1593736,2600228000,1595355,1594547,0,1594545,1062000,809,761.77,false
2600228000,1595355,1594547,0,1594545,2601265000,1596164,1595356,0,1595354,1037000,809,780.14,false
2601464000,1596324,1595516,0,1595514,2602496000,1597133,1596325,0,1596323,1032000,809,783.91,false
2602496000,1597133,1596325,0,1596323,2603526000,1597942,1597134,0,1597132,1030000,809,785.44,false
2603526000,1597942,1597134,0,1597132,2604556000,1598827,1597943,0,1597941,1030000,809,785.44,true
2604556000,1598827,1597943,0,1597941,2605616000,1599712,1598828,0,1598826,1060000,885,834.91,true
2605616000,1599712,1598828,0,1598826,2606683000,1600521,1599713,0,1599711,1067000,885,829.43,true
2606683000,1600521,1599713,0,1599711,2607705000,1601333,1600522,0,1600520,1022000,809,791.59,true
2607705000,1601333,1600522,0,1600520,2608731000,1602145,1601334,0,1601332,1026000,812,791.42,false
2608731000,1602145,1601334,0,1601332,2609763000,1602957,1602146,0,1602144,1032000,812,786.82,false
2609763000,1602957,1602146,0,1602144,2610795000,1603769,1602958,0,1602956,1032000,812,786.82,false
2610795000,1603769,1602958,0,1602956,2611826000,1604581,1603770,0,1603768,1031000,812,787.58,false
2611826000,1604581,1603770,0,1603768,2612858000,1605393,1604582,0,1604580,1032000,812,786.82,false
2612858000,1605393,1604582,0,1604580,2613889000,1606205,1605394,0,1605392,1031000,812,787.58,false
2613889000,1606205,1605394,0,1605392,2614920000,1607017,1606206,0,1606204,1031000,812,787.58,false
2614920000,1607017,1606206,0,1606204,2615951000,1607829,1607018,0,1607016,1031000,812,787.58,false
2615951000,1607829,1607018,0,1607016,2616982000,1608641,1607830,0,1607828,1031000,812,787.58,false
2616982000,1608641,1607830,0,1607828,2618013000,1609453,1608642,0,1608640,1031000,812,787.58,false
2618013000,1609453,1608642,0,1608640,2619044000,1610265,1609454,0,1609452,1031000,812,787.58,false
2619044000,1610265,1609454,0,1609452,2620075000,1611077,1610266,0,1610264,1031000,812,787.58,false
2620075000,1611077,1610266,0,1610264,2621106000,1611889,1611078,0,1611076,1031000,812,787.58,false
2621106000,1611889,1611078,0,1611076,2622137000,1612701,1611890,0,1611888,1031000,812,787.58,false
2622137000,1612701,1611890,0,1611888,2623246000,1613513,1612702,0,1612700,1109000,812,732.19,false
2623246000,1613513,1612702,0,1612700,2624261000,1614325,1613514,0,1613512,1015000,812,800.00,false
2624261000,1614325,1613514,0,1613512,2625292000,1615137,1614326,0,1614324,1031000,812,787.58,false
2625292000,1615137,1614326,0,1614324,2626325000,1615949,1615138,0,1615136,1033000,812,786.06,false
2626325000,1615949,1615138,0,1615136,2627358000,1616761,1615950,0,1615948,1033000,812,786.06,false
2627441000,1616826,1616015,0,1616013,2628472000,1617638,1616827,0,1616825,1031000,812,787.58,false
2628472000,1617638,1616827,0,1616825,2629503000,1618450,1617639,0,1617637,1031000,812,787.58,false
2629503000,1618450,1617639,0,1617637,2630534000,1619357,1618451,0,1618449,1031000,812,787.58,true
2630534000,1619357,1618451,0,1618449,2631604000,1620264,1619358,0,1619356,1070000,907,847.66,true
2631604000,1620264,1619358,0,1619356,2632683000,1621076,1620265,0,1620263,1079000,907,840.59,true
2632683000,1621076,1620265,0,1620263,2633710000,1621886,1621077,0,1621075,1027000,812,790.65,true
2633710000,1621886,1621077,0,1621075,2634732000,1622696,1621887,0,1621885,1022000,810,792.56,false
2634732000,1622696,1621887,0,1621885,2635761000,1623506,1622697,0,1622695,1029000,810,787.17,false
2635761000,1623506,1622697,0,1622695,2636792000,1624316,1623507,0,1623505,1031000,810,785.65,false
2636792000,1624316,1623507,0,1623505,2637823000,1625126,1624317,0,1624315,1031000,810,785.65,false
2637823000,1625126,1624317,0,1624315,2638854000,1625936,1625127,0,1625125,1031000,810,785.65,false
2638854000,1625936,1625127,0,1625125,2639884000,1626746,1625937,0,1625935,1030000,810,786.41,false
2639884000,1626746,1625937,0,1625935,2640915000,1627556,1626747,0,1626745,1031000,810,785.65,false
2640915000,1627556,1626747,0,1626745,2641945000,1628366,1627557,0,1627555,1030000,810,786.41,false
2641945000,1628366,1627557,0,1627555,2642975000,1629176,1628367,0,1628365,1030000,810,786.41,false
2642975000,1629176,1628367,0,1628365,2644005000,1629986,1629177,0,1629175,1030000,810,786.41,false
2644005000,1629986,1629177,0,1629175,2645035000,1630796,1629987,0,1629985,1030000,810,786.41,false
2645035000,1630796,1629987,0,1629985,2646065000,1631606,1630797,0,1630795,1030000,810,786.41,false
2646065000,1631606,1630797,0,1630795,2647180000,1632416,1631607,0,1631605,1115000,810,726.46,false
2647180000,1632416,1631607,0,1631605,2648192000,1633226,1632417,0,1632415,1012000,810,800.40,false
2648192000,1633226,1632417,0,1632415,2649214000,1634036,1633227,0,1633225,1022000,810,792.56,false
2649214000,1634036,1633227,0,1633225,2650241000,1634846,1634037,0,1634035,1027000,810,788.70,false
2650241000,1634846,1634037,0,1634035,2651269000,1635656,1634847,0,1634845,1028000,810,787.94,false
2651269000,1635656,1634847,0,1634845,2652297000,1636466,1635657,0,1635655,1028000,810,787.94,false
2652297000,1636466,1635657,0,1635655,2653324000,1637276,1636467,0,1636465,1027000,810,788.70,false
2653380000,1637320,1636511,0,1636509,2654407000,1638130,1637321,0,1637319,1027000,810,788.70,false
2654407000,1638130,1637321,0,1637319,2655434000,1638940,1638131,0,1638129,1027000,810,788.70,false
2655434000,1638940,1638131,0,1638129,2656461000,1639836,1638941,0,1638939,1027000,810,788.70,true
2656461000,1639836,1638941,0,1638939,2657521000,1640732,1639837,0,1639835,1060000,896,845.28,true
2657521000,1640732,1639837,0,1639835,2658589000,1641542,1640733,0,1640731,1068000,896,838.95,true
2658589000,1641542,1640733,0,1640731,2659617000,1642354,1641543,0,1641541,1028000,810,787.94,true
2659617000,1642354,1641543,0,1641541,2660638000,1643166,1642355,0,1642353,1021000,812,795.30,false
2660638000,1643166,1642355,0,1642353,2661663000,1643978,1643167,0,1643165,1025000,812,792.20,false
2661663000,1643978,1643167,0,1643165,2662691000,1644790,1643979,0,1643977,1028000,812,789.88,false
2662691000,1644790,1643979,0,1643977,2663720000,1645602,1644791,0,1644789,1029000,812,789.12,false
2663720000,1645602,1644791,0,1644789,2664748000,1646414,1645603,0,1645601,1028000,812,789.88,false
2664748000,1646414,1645603,0,1645601,2665776000,1647226,1646415,0,1646413,1028000,812,789.88,false
2665776000,1647226,1646415,0,1646413,2666804000,1648038,1647227,0,1647225,1028000,812,789.88,false
2666804000,1648038,1647227,0,1647225,2667832000,1648850,1648039,0,1648037,1028000,812,789.88,false
2667832000,1648850,1648039,0,1648037,2668860000,1649662,1648851,0,1648849,1028000,812,789.88,false
2668860000,1649662,1648851,0,1648849,2669910000,1650474,1649663,0,1649661,1050000,812,773.33,false
2669910000,1650474,1649663,0,1649661,2670967000,1651286,1650475,0,1650473,1057000,812,768.21,false
2670967000,1651286,1650475,0,1650473,2672005000,1652098,1651287,0,1651285,1038000,812,782.27,false
2672005000,1652098,1651287,0,1651285,2673031000,1652910,1652099,0,1652097,1026000,812,791.42,false
2673031000,1652910,1652099,0,1652097,2674058000,1653722,1652911,0,1652909,1027000,812,790.65,false
2674058000,1653722,1652911,0,1652909,2675085000,1654534,1653723,0,1653721,1027000,812,790.65,false
2675085000,1654534,1653723,0,1653721,2676113000,1655346,1654535,0,1654533,1028000,812,789.88,false
2676113000,1655346,1654535,0,1654533,2677141000,1656158,1655347,0,1655345,1028000,812,789.88,false
2677141000,1656158,1655347,0,1655345,2678169000,1656970,1656159,0,1656157,1028000,812,789.88,false
2679048000,1657664,1656853,0,1656851,2680076000,1658476,1657665,0,1657663,1028000,812,789.88,false
2680076000,1658476,1657665,0,1657663,2681104000,1659288,1658477,0,1658475,1028000,812,789.88,false
2681104000,1659288,1658477,0,1658475,2682132000,1660189,1659289,0,1659287,1028000,812,789.88,true
2682132000,1660189,1659289,0,1659287,2683195000,1661090,1660190,0,1660188,1063000,901,847.60,true
2683195000,1661090,1660190,0,1660188,2684267000,1661902,1661091,0,1661089,1072000,901,840.49,true
2684267000,1661902,1661091,0,1661089,2685296000,1662715,1661903,0,1661901,1029000,812,789.12,true
2685296000,1662715,1661903,0,1661901,2686316000,1663528,1662716,0,1662714,1020000,813,797.06,false
2686316000,1663528,1662716,0,1662714,2687341000,1664341,1663529,0,1663527,1025000,813,793.17,false
2687341000,1664341,1663529,0,1663527,2688370000,1665154,1664342,0,1664340,1029000,813,790.09,false
2688370000,1665154,1664342,0,1664340,2689399000,1665967,1665155,0,1665153,1029000,813,790.09,false
2689399000,1665967,1665155,0,1665153,2690427000,1666780,1665968,0,1665966,1028000,813,790.86,false
2690427000,1666780,1665968,0,1665966,2691455000,1667593,1666781,0,1666779,1028000,813,790.86,false
2691455000,1667593,1666781,0,1666779,2692484000,1668406,1667594,0,1667592,1029000,813,790.09,false
2692484000,1668406,1667594,0,1667592,2693547000,1669219,1668407,0,1668405,1063000,813,764.82,false
2693547000,1669219,1668407,0,1668405,2694590000,1670032,1669220,0,1669218,1043000,813,779.48,false
2694590000,1670032,1669220,0,1669218,2695627000,1670845,1670033,0,1670031,1037000,813,783.99,false
2695627000,1670845,1670033,0,1670031,2696657000,1671658,1670846,0,1670844,1030000,813,789.32,false
2696657000,1671658,1670846,0,1670844,2697685000,1672471,1671659,0,1671657,1028000,813,790.86,false
2697685000,1672471,1671659,0,1671657,2698713000,1673284,1672472,0,1672470,1028000,813,790.86,false
2698713000,1673284,1672472,0,1672470,2699741000,1674097,1673285,0,1673283,1028000,813,790.86,false
2699741000,1674097,1673285,0,1673283,2700769000,1674910,1674098,0,1674096,1028000,813,790.86,false
2700769000,1674910,1674098,0,1674096,2701797000,1675723,1674911,0,1674909,1028000,813,790.86,false
2701797000,1675723,1674911,0,1674909,2702826000,1676536,1675724,0,1675722,1029000,813,790.09,false
2702826000,1676536,1675724,0,1675722,2703854000,1677349,1676537,0,1676535,1028000,813,790.86,false
2704799000,1678096,1677284,0,1677282,2705827000,1678909,1678097,0,1678095,1028000,813,790.86,false
2705827000,1678909,1678097,0,1678095,2706855000,1679722,1678910,0,1678908,1028000,813,790.86,false
2706855000,1679722,1678910,0,1678908,2707883000,1680624,1679723,0,1679721,1028000,813,790.86,true
2707883000,1680624,1679723,0,1679721,2708946000,1681526,1680625,0,1680623,1063000,902,848.54,true
2708946000,1681526,1680625,0,1680623,2710019000,1682339,1681527,0,1681525,1073000,902,840.63,true
2710019000,1682339,1681527,0,1681525,2711048000,1683152,1682340,0,1682338,1029000,813,790.09,true
2711048000,1683152,1682340,0,1682338,2712067000,1683965,1683153,0,1683151,1019000,813,797.84,false
2712067000,1683965,1683153,0,1683151,2713093000,1684778,1683966,0,1683964,1026000,813,792.40,false
2713093000,1684778,1683966,0,1683964,2714122000,1685591,1684779,0,1684777,1029000,813,790.09,false
2714122000,1685591,1684779,0,1684777,2715151000,1686404,1685592,0,1685590,1029000,813,790.09,false
2715151000,1686404,1685592,0,1685590,2716180000,1687217,1686405,0,1686403,1029000,813,790.09,false
2716180000,1687217,1686405,0,1686403,2717263000,1688030,1687218,0,1687216,1083000,813,750.69,false
2717263000,1688030,1687218,0,1687216,2718290000,1688843,1688031,0,1688029,1027000,813,791.63,false
2718290000,1688843,1688031,0,1688029,2719325000,1689656,1688844,0,1688842,1035000,813,785.51,false
2719325000,1689656,1688844,0,1688842,2720355000,1690469,1689657,0,1689655,1030000,813,789.32,false
2720355000,1690469,1689657,0,1689655,2721384000,1691282,1690470,0,1690468,1029000,813,790.09,false
2721384000,1691282,1690470,0,1690468,2722412000,1692095,1691283,0,1691281,1028000,813,790.86,false
2722412000,1692095,1691283,0,1691281,2723440000,1692908,1692096,0,1692094,1028000,813,790.86,false
2723440000,1692908,1692096,0,1692094,2724468000,1693721,1692909,0,1692907,1028000,813,790.86,false
2724468000,1693721,1692909,0,1692907,2725496000,1694534,1693722,0,1693720,1028000,813,790.86,false
2725496000,1694534,1693722,0,1693720,2726524000,1695347,1694535,0,1694533,1028000,813,790.86,false
2726524000,1695347,1694535,0,1694533,2727552000,1696160,1695348,0,1695346,1028000,813,790.86,false
2727552000,1696160,1695348,0,1695346,2728580000,1696973,1696161,0,1696159,1028000,813,790.86,false
2728580000,1696973,1696161,0,1696159,2729608000,1697786,1696974,0,1696972,1028000,813,790.86,false
2730558000,1698536,1697724,0,1697722,2731586000,1699349,1698537,0,1698535,1028000,813,790.86,false
2731586000,1699349,1698537,0,1698535,2732614000,1700162,1699350,0,1699348,1028000,813,790.86,false
2732614000,1700162,1699350,0,1699348,2733643000,1701064,1700163,0,1700161,1029000,813,790.09,true
2733643000,1701064,1700163,0,1700161,2734705000,1701966,1701065,0,1701063,1062000,902,849.34,true
2734705000,1701966,1701065,0,1701063,2735778000,1702779,1701967,0,1701965,1073000,902,840.63,true
2735778000,1702779,1701967,0,1701965,2736806000,1703593,1702780,0,1702778,1028000,813,790.86,true
2736806000,1703593,1702780,0,1702778,2737826000,1704407,1703594,0,1703592,1020000,814,798.04,false
2737826000,1704407,1703594,0,1703592,2738853000,1705221,1704408,0,1704406,1027000,814,792.60,false
2738853000,1705221,1704408,0,1704406,2739882000,1706035,1705222,0,1705220,1029000,814,791.06,false
2739882000,1706035,1705222,0,1705220,2740975000,1706849,1706036,0,1706034,1093000,814,744.74,false
2740975000,1706849,1706036,0,1706034,2741996000,1707663,1706850,0,1706848,1021000,814,797.26,false
2741996000,1707663,1706850,0,1706848,2743027000,1708477,1707664,0,1707662,1031000,814,789.52,false
2743027000,1708477,1707664,0,1707662,2744058000,1709291,1708478,0,1708476,1031000,814,789.52,false
2744058000,1709291,1708478,0,1708476,2745087000,1710105,1709292,0,1709290,1029000,814,791.06,false
2745087000,1710105,1709292,0,1709290,2746116000,1710919,1710106,0,1710104,1029000,814,791.06,false
2746116000,1710919,1710106,0,1710104,2747145000,1711733,1710920,0,1710918,1029000,814,791.06,false
2747145000,1711733,1710920,0,1710918,2748174000,1712547,1711734,0,1711732,1029000,814,791.06,false
2748174000,1712547,1711734,0,1711732,2749203000,1713361,1712548,0,1712546,1029000,814,791.06,false
2749203000,1713361,1712548,0,1712546,2750232000,1714175,1713362,0,1713360,1029000,814,791.06,false
2750232000,1714175,1713362,0,1713360,2751261000,1714989,1714176,0,1714174,1029000,814,791.06,false
2751261000,1714989,1714176,0,1714174,2752290000,1715803,1714990,0,1714988,1029000,814,791.06,false
2752290000,1715803,1714990,0,1714988,2753319000,1716617,1715804,0,1715802,1029000,814,791.06,false
2753319000,1716617,1715804,0,1715802,2754348000,1717431,1716618,0,1716616,1029000,814,791.06,false
2754348000,1717431,1716618,0,1716616,2755377000,1718245,1717432,0,1717430,1029000,814,791.06,false
2756314000,1718987,1718174,0,1718172,2757343000,1719801,1718988,0,1718986,1029000,814,791.06,false
2757343000,1719801,1718988,0,1718986,2758372000,1720615,1719802,0,1719800,1029000,814,791.06,false
2758372000,1720615,1719802,0,1719800,2759401000,1721521,1720616,0,1720614,1029000,814,791.06,true
2759401000,1721521,1720616,0,1720614,2760466000,1722427,1721522,0,1721520,1065000,906,850.70,true
2760466000,1722427,1721522,0,1721520,2761541000,1723241,1722428,0,1722426,1075000,906,842.79,true
2761541000,1723241,1722428,0,1722426,2762570000,1724054,1723242,0,1723240,1029000,814,791.06,true
2762570000,1724054,1723242,0,1723240,2763589000,1724867,1724055,0,1724053,1019000,813,797.84,false
2763589000,1724867,1724055,0,1724053,2764657000,1725680,1724868,0,1724866,1068000,813,761.24,false
2764657000,1725680,1724868,0,1724866,2765676000,1726493,1725681,0,1725679,1019000,813,797.84,false
2765676000,1726493,1725681,0,1725679,2766702000,1727306,1726494,0,1726492,1026000,813,792.40,false
2766702000,1727306,1726494,0,1726492,2767731000,1728119,1727307,0,1727305,1029000,813,790.09,false
2767731000,1728119,1727307,0,1727305,2768760000,1728932,1728120,0,1728118,1029000,813,790.09,false
2768760000,1728932,1728120,0,1728118,2769789000,1729745,1728933,0,1728931,1029000,813,790.09,false
2769789000,1729745,1728933,0,1728931,2770817000,1730558,1729746,0,1729744,1028000,813,790.86,false
2770817000,1730558,1729746,0,1729744,2771845000,1731371,1730559,0,1730557,1028000,813,790.86,false
2771845000,1731371,1730559,0,1730557,2772873000,1732184,1731372,0,1731370,1028000,813,790.86,false
2772873000,1732184,1731372,0,1731370,2773901000,1732997,1732185,0,1732183,1028000,813,790.86,false
2773901000,1732997,1732185,0,1732183,2774930000,1733810,1732998,0,1732996,1029000,813,790.09,false
2774930000,1733810,1732998,0,1732996,2775958000,1734623,1733811,0,1733809,1028000,813,790.86,false
2775958000,1734623,1733811,0,1733809,2776987000,1735436,1734624,0,1734622,1029000,813,790.09,false
2776987000,1735436,1734624,0,1734622,2778015000,1736249,1735437,0,1735435,1028000,813,790.86,false
2778015000,1736249,1735437,0,1735435,2779044000,1737062,1736250,0,1736248,1029000,813,790.09,false
2779044000,1737062,1736250,0,1736248,2780072000,1737875,1737063,0,1737061,1028000,813,790.86,false
2780072000,1737875,1737063,0,1737061,2781101000,1738688,1737876,0,1737874,1029000,813,790.09,false
2781797000,1739240,1738428,0,1738426,2782825000,1740053,1739241,0,1739239,1028000,813,790.86,false
2782825000,1740053,1739241,0,1739239,2783853000,1740866,1740054,0,1740052,1028000,813,790.86,false
2783853000,1740866,1740054,0,1740052,2784882000,1741768,1740867,0,1740865,1029000,813,790.09,true
2784882000,1741768,1740867,0,1740865,2785945000,1742670,1741769,0,1741767,1063000,902,848.54,true
2785945000,1742670,1741769,0,1741767,2787032000,1743483,1742671,0,1742669,1087000,902,829.81,true
2787032000,1743483,1742671,0,1742669,2788119000,1744285,1743484,0,1743482,1087000,813,747.93,true
2788119000,1744285,1743484,0,1743482,2789144000,1745087,1744286,0,1744284,1025000,802,782.44,false
2789144000,1745087,1744286,0,1744284,2790161000,1745889,1745088,0,1745086,1017000,802,788.59,false
2790161000,1745889,1745088,0,1745086,2791179000,1746691,1745890,0,1745888,1018000,802,787.82,false
2791179000,1746691,1745890,0,1745888,2792200000,1747493,1746692,0,1746690,1021000,802,785.50,false
2792200000,1747493,1746692,0,1746690,2793221000,1748295,1747494,0,1747492,1021000,802,785.50,false
2793221000,1748295,1747494,0,1747492,2794242000,1749097,1748296,0,1748294,1021000,802,785.50,false
2794242000,1749097,1748296,0,1748294,2795263000,1749899,1749098,0,1749096,1021000,802,785.50,false
2795263000,1749899,1749098,0,1749096,2796284000,1750701,1749900,0,1749898,1021000,802,785.50,false
2796284000,1750701,1749900,0,1749898,2797305000,1751503,1750702,0,1750700,1021000,802,785.50,false
2797305000,1751503,1750702,0,1750700,2798326000,1752305,1751504,0,1751502,1021000,802,785.50,false
2798326000,1752305,1751504,0,1751502,2799347000,1753107,1752306,0,1752304,1021000,802,785.50,false
2799347000,1753107,1752306,0,1752304,2800368000,1753909,1753108,0,1753106,1021000,802,785.50,false
2800368000,1753909,1753108,0,1753106,2801389000,1754711,1753910,0,1753908,1021000,802,785.50,false
2801389000,1754711,1753910,0,1753908,2802410000,1755513,1754712,0,1754710,1021000,802,785.50,false
2802410000,1755513,1754712,0,1754710,2803431000,1756315,1755514,0,1755512,1021000,802,785.50,false
2803431000,1756315,1755514,0,1755512,2804452000,1757117,1756316,0,1756314,1021000,802,785.50,false
2804452000,1757117,1756316,0,1756314,2805473000,1757919,1757118,0,1757116,1021000,802,785.50,false
2805473000,1757919,1757118,0,1757116,2806494000,1758721,1757920,0,1757918,1021000,802,785.50,false
2806723000,1758901,1758100,0,1758098,2807744000,1759703,1758902,0,1758900,1021000,802,785.50,false
2807744000,1759703,1758902,0,1758900,2808765000,1760505,1759704,0,1759702,1021000,802,785.50,false
2808765000,1760505,1759704,0,1759702,2809841000,1761373,1760506,0,1760504,1076000,802,745.35,true
2809841000,1761373,1760506,0,1760504,2810878000,1762241,1761374,0,1761372,1037000,868,837.03,true
2810878000,1762241,1761374,0,1761372,2811940000,1763043,1762242,0,1762240,1062000,868,817.33,true
2811940000,1763043,1762242,0,1762240,2812966000,1763851,1763044,0,1763042,1026000,802,781.68,true
2812966000,1763851,1763044,0,1763042,2813992000,1764659,1763852,0,1763850,1026000,808,787.52,false
2813992000,1764659,1763852,0,1763850,2815021000,1765467,1764660,0,1764658,1029000,808,785.23,false
2815021000,1765467,1764660,0,1764658,2816051000,1766275,1765468,0,1765466,1030000,808,784.47,false
2816051000,1766275,1765468,0,1765466,2817081000,1767083,1766276,0,1766274,1030000,808,784.47,false
2817081000,1767083,1766276,0,1766274,2818110000,1767891,1767084,0,1767082,1029000,808,785.23,false
2818110000,1767891,1767084,0,1767082,2819140000,1768699,1767892,0,1767890,1030000,808,784.47,false
2819140000,1768699,1767892,0,1767890,2820169000,1769507,1768700,0,1768698,1029000,808,785.23,false
2820169000,1769507,1768700,0,1768698,2821199000,1770315,1769508,0,1769506,1030000,808,784.47,false
2821199000,1770315,1769508,0,1769506,2822228000,1771123,1770316,0,1770314,1029000,808,785.23,false
2822228000,1771123,1770316,0,1770314,2823258000,1771931,1771124,0,1771122,1030000,808,784.47,false
2823258000,1771931,1771124,0,1771122,2824288000,1772739,1771932,0,1771930,1030000,808,784.47,false
2824288000,1772739,1771932,0,1771930,2825318000,1773547,1772740,0,1772738,1030000,808,784.47,false
2825318000,1773547,1772740,0,1772738,2826348000,1774355,1773548,0,1773546,1030000,808,784.47,false
2826348000,1774355,1773548,0,1773546,2827378000,1775163,1774356,0,1774354,1030000,808,784.47,false
2827378000,1775163,1774356,0,1774354,2828408000,1775971,1775164,0,1775162,1030000,808,784.47,false
2828408000,1775971,1775164,0,1775162,2829438000,1776779,1775972,0,1775970,1030000,808,784.47,false
2829438000,1776779,1775972,0,1775970,2830468000,1777587,1776780,0,1776778,1030000,808,784.47,false
2830468000,1777587,1776780,0,1776778,2831498000,1778395,1777588,0,1777586,1030000,808,784.47,false
2831889000,1778702,1777895,0,1777893,2832980000,1779510,1778703,0,1778701,1091000,808,740.60,false
2832980000,1779510,1778703,0,1778701,2834004000,1780318,1779511,0,1779509,1024000,808,789.06,false
2834004000,1780318,1779511,0,1779509,2835036000,1781161,1780319,0,1780317,1032000,808,782.95,true
2835036000,1781161,1780319,0,1780317,2836087000,1782004,1781162,0,1781160,1051000,843,802.09,true
2836087000,1782004,1781162,0,1781160,2837134000,1782817,1782005,0,1782003,1047000,843,805.16,true
2837134000,1782817,1782005,0,1782003,2838150000,1783625,1782818,0,1782816,1016000,813,800.20,true
2838150000,1783625,1782818,0,1782816,2839181000,1784436,1783626,0,1783624,1031000,808,783.71,true
2839181000,1784436,1783626,0,1783624,2840213000,1785247,1784437,0,1784435,1032000,811,785.85,false
2840213000,1785247,1784437,0,1784435,2841244000,1786058,1785248,0,1785246,1031000,811,786.61,false
2841244000,1786058,1785248,0,1785246,2842274000,1786869,1786059,0,1786057,1030000,811,787.38,false
2842274000,1786869,1786059,0,1786057,2843305000,1787680,1786870,0,1786868,1031000,811,786.61,false
2843305000,1787680,1786870,0,1786868,2844336000,1788491,1787681,0,1787679,1031000,811,786.61,false
2844336000,1788491,1787681,0,1787679,2845367000,1789302,1788492,0,1788490,1031000,811,786.61,false
2845367000,1789302,1788492,0,1788490,2846398000,1790113,1789303,0,1789301,1031000,811,786.61,false
2846398000,1790113,1789303,0,1789301,2847429000,1790924,1790114,0,1790112,1031000,811,786.61,false
2847429000,1790924,1790114,0,1790112,2848460000,1791735,1790925,0,1790923,1031000,811,786.61,false
2848460000,1791735,1790925,0,1790923,2849491000,1792546,1791736,0,1791734,1031000,811,786.61,false
2849491000,1792546,1791736,0,1791734,2850522000,1793357,1792547,0,1792545,1031000,811,786.61,false
2850522000,1793357,1792547,0,1792545,2851553000,1794168,1793358,0,1793356,1031000,811,786.61,false
2851553000,1794168,1793358,0,1793356,2852584000,1794979,1794169,0,1794167,1031000,811,786.61,false
2852584000,1794979,1794169,0,1794167,2853615000,1795790,1794980,0,1794978,1031000,811,786.61,false
2853615000,1795790,1794980,0,1794978,2854646000,1796601,1795791,0,1795789,1031000,811,786.61,false
2854646000,1796601,1795791,0,1795789,2855677000,1797412,1796602,0,1796600,1031000,811,786.61,false
2855677000,1797412,1796602,0,1796600,2856775000,1798223,1797413,0,1797411,1098000,811,738.62,false
2856775000,1798223,1797413,0,1797411,2857805000,1799034,1798224,0,1798222,1030000,811,787.38,false
2858008000,1799197,1798387,0,1798385,2859035000,1800008,1799198,0,1799196,1027000,811,789.68,false
2859035000,1800008,1799198,0,1799196,2860062000,1800819,1800009,0,1800007,1027000,811,789.68,false
2860062000,1800819,1800009,0,1800007,2861089000,1801697,1800820,0,1800818,1027000,811,789.68,true
2861089000,1801697,1800820,0,1800818,2862142000,1802575,1801698,0,1801696,1053000,878,833.81,true
2862142000,1802575,1801698,0,1801696,2863201000,1803386,1802576,0,1802574,1059000,878,829.08,true
2863201000,1803386,1802576,0,1802574,2864221000,1804203,1803387,0,1803385,1020000,811,795.10,true
2864221000,1804203,1803387,0,1803385,2865247000,1805020,1804204,0,1804202,1026000,817,796.30,false
2865247000,1805020,1804204,0,1804202,2866278000,1805837,1805021,0,1805019,1031000,817,792.43,false
2866278000,1805837,1805021,0,1805019,2867309000,1806654,1805838,0,1805836,1031000,817,792.43,false
2867309000,1806654,1805838,0,1805836,2868339000,1807471,1806655,0,1806653,1030000,817,793.20,false
2868339000,1807471,1806655,0,1806653,2869369000,1808288,1807472,0,1807470,1030000,817,793.20,false
2869369000,1808288,1807472,0,1807470,2870399000,1809105,1808289,0,1808287,1030000,817,793.20,false
2870399000,1809105,1808289,0,1808287,2871429000,1809922,1809106,0,1809104,1030000,817,793.20,false
2871429000,1809922,1809106,0,1809104,2872459000,1810739,1809923,0,1809921,1030000,817,793.20,false
2872459000,1810739,1809923,0,1809921,2873489000,1811556,1810740,0,1810738,1030000,817,793.20,false
2873489000,1811556,1810740,0,1810738,2874519000,1812373,1811557,0,1811555,1030000,817,793.20,false
2874519000,1812373,1811557,0,1811555,2875549000,1813190,1812374,0,1812372,1030000,817,793.20,false
2875549000,1813190,1812374,0,1812372,2876579000,1814007,1813191,0,1813189,1030000,817,793.20,false
2876579000,1814007,1813191,0,1813189,2877609000,1814824,1814008,0,1814006,1030000,817,793.20,false
2877609000,1814824,1814008,0,1814006,2878639000,1815641,1814825,0,1814823,1030000,817,793.20,false
2878639000,1815641,1814825,0,1814823,2879730000,1816458,1815642,0,1815640,1091000,817,748.85,false
2879730000,1816458,1815642,0,1815640,2880754000,1817275,1816459,0,1816457,1024000,817,797.85,false
2880754000,1817275,1816459,0,1816457,2881788000,1818092,1817276,0,1817274,1034000,817,790.14,false
2881788000,1818092,1817276,0,1817274,2882820000,1818909,1818093,0,1818091,1032000,817,791.67,false
2883765000,1819658,1818842,0,1818840,2884794000,1820475,1819659,0,1819657,1029000,817,793.97,false
2884794000,1820475,1819659,0,1819657,2885824000,1821292,1820476,0,1820474,1030000,817,793.20,false
2885824000,1821292,1820476,0,1820474,2886854000,1822202,1821293,0,1821291,1030000,817,793.20,true
2886854000,1822202,1821293,0,1821291,2887923000,1823112,1822203,0,1822201,1069000,910,851.26,true
2887923000,1823112,1822203,0,1822201,2889000000,1823929,1823113,0,1823111,1077000,910,844.94,true
2889000000,1823929,1823113,0,1823111,2890029000,1824745,1823930,0,1823928,1029000,817,793.97,true
2890029000,1824745,1823930,0,1823928,2891049000,1825561,1824746,0,1824744,1020000,816,800.00,false
2891049000,1825561,1824746,0,1824744,2892077000,1826377,1825562,0,1825560,1028000,816,793.77,false
2892077000,1826377,1825562,0,1825560,2893108000,1827193,1826378,0,1826376,1031000,816,791.46,false
2893108000,1827193,1826378,0,1826376,2894138000,1828009,1827194,0,1827192,1030000,816,792.23,false
2894138000,1828009,1827194,0,1827192,2895168000,1828825,1828010,0,1828008,1030000,816,792.23,false
2895168000,1828825,1828010,0,1828008,2896198000,1829641,1828826,0,1828824,1030000,816,792.23,false
2896198000,1829641,1828826,0,1828824,2897228000,1830457,1829642,0,1829640,1030000,816,792.23,false
2897228000,1830457,1829642,0,1829640,2898258000,1831273,1830458,0,1830456,1030000,816,792.23,false
2898258000,1831273,1830458,0,1830456,2899288000,1832089,1831274,0,1831272,1030000,816,792.23,false
2899288000,1832089,1831274,0,1831272,2900318000,1832905,1832090,0,1832088,1030000,816,792.23,false
2900318000,1832905,1832090,0,1832088,2901348000,1833721,1832906,0,1832904,1030000,816,792.23,false
2901348000,1833721,1832906,0,1832904,2902378000,1834537,1833722,0,1833720,1030000,816,792.23,false
2902378000,1834537,1833722,0,1833720,2903460000,1835353,1834538,0,1834536,1082000,816,754.16,false
2903460000,1835353,1834538,0,1834536,2904489000,1836169,1835354,0,1835352,1029000,816,793.00,false
2904489000,1836169,1835354,0,1835352,2905525000,1836985,1836170,0,1836168,1036000,816,787.64,false
2905525000,1836985,1836170,0,1836168,2906557000,1837801,1836986,0,1836984,1032000,816,790.70,false
2906557000,1837801,1836986,0,1836984,2907587000,1838617,1837802,0,1837800,1030000,816,792.23,false
2907587000,1838617,1837802,0,1837800,2908616000,1839433,1838618,0,1838616,1029000,816,793.00,false
2909604000,1840215,1839400,0,1839398,2910634000,1841031,1840216,0,1840214,1030000,816,792.23,false
2910634000,1841031,1840216,0,1840214,2911664000,1841847,1841032,0,1841030,1030000,816,792.23,false
2911664000,1841847,1841032,0,1841030,2912694000,1842755,1841848,0,1841846,1030000,816,792.23,true
2912694000,1842755,1841848,0,1841846,2913760000,1843663,1842756,0,1842754,1066000,908,851.78,true
2913760000,1843663,1842756,0,1842754,2914836000,1844479,1843664,0,1843662,1076000,908,843.87,true
2914836000,1844479,1843664,0,1843662,2915864000,1845294,1844480,0,1844478,1028000,816,793.77,true
2915864000,1845294,1844480,0,1844478,2916884000,1846109,1845295,0,1845293,1020000,815,799.02,false
2916884000,1846109,1845295,0,1845293,2917911000,1846924,1846110,0,1846108,1027000,815,793.57,false
2917911000,1846924,1846110,0,1846108,2918941000,1847739,1846925,0,1846923,1030000,815,791.26,false
2918941000,1847739,1846925,0,1846923,2919971000,1848554,1847740,0,1847738,1030000,815,791.26,false
2919971000,1848554,1847740,0,1847738,2921000000,1849369,1848555,0,1848553,1029000,815,792.03,false
2921000000,1849369,1848555,0,1848553,2922029000,1850184,1849370,0,1849368,1029000,815,792.03,false
2922029000,1850184,1849370,0,1849368,2923058000,1850999,1850185,0,1850183,1029000,815,792.03,false
2923058000,1850999,1850185,0,1850183,2924087000,1851814,1851000,0,1850998,1029000,815,792.03,false
2924087000,1851814,1851000,0,1850998,2925116000,1852629,1851815,0,1851813,1029000,815,792.03,false
2925116000,1852629,1851815,0,1851813,2926145000,1853444,1852630,0,1852628,1029000,815,792.03,false
2926145000,1853444,1852630,0,1852628,2927236000,1854259,1853445,0,1853443,1091000,815,747.02,false
2927236000,1854259,1853445,0,1853443,2928260000,1855074,1854260,0,1854258,1024000,815,795.90,false
2928260000,1855074,1854260,0,1854258,2929293000,1855889,1855075,0,1855073,1033000,815,788.96,false
2929293000,1855889,1855075,0,1855073,2930324000,1856704,1855890,0,1855888,1031000,815,790.49,false
2930324000,1856704,1855890,0,1855888,2931353000,1857519,1856705,0,1856703,1029000,815,792.03,false
2931353000,1857519,1856705,0,1856703,2932382000,1858334,1857520,0,1857518,1029000,815,792.03,false
2932382000,1858334,1857520,0,1857518,2933411000,1859149,1858335,0,1858333,1029000,815,792.03,false
2933411000,1859149,1858335,0,1858333,2934440000,1859964,1859150,0,1859148,1029000,815,792.03,false
2934440000,1859964,1859150,0,1859148,2935469000,1860779,1859965,0,1859963,1029000,815,792.03,false
2935477000,1860785,1859971,0,1859969,2936506000,1861600,1860786,0,1860784,1029000,815,792.03,false
2936506000,1861600,1860786,0,1860784,2937535000,1862415,1861601,0,1861599,1029000,815,792.03,false
2937535000,1862415,1861601,0,1861599,2938564000,1863322,1862416,0,1862414,1029000,815,792.03,true
2938564000,1863322,1862416,0,1862414,2939629000,1864229,1863323,0,1863321,1065000,907,851.64,true
2939629000,1864229,1863323,0,1863321,2940705000,1865044,1864230,0,1864228,1076000,907,842.94,true
2940705000,1865044,1864230,0,1864228,2941734000,1865858,1865045,0,1865043,1029000,815,792.03,true
2941734000,1865858,1865045,0,1865043,2942754000,1866672,1865859,0,1865857,1020000,814,798.04,false
2942754000,1866672,1865859,0,1865857,2943780000,1867486,1866673,0,1866671,1026000,814,793.37,false
2943780000,1867486,1866673,0,1866671,2944809000,1868300,1867487,0,1867485,1029000,814,791.06,false
2944809000,1868300,1867487,0,1867485,2945839000,1869114,1868301,0,1868299,1030000,814,790.29,false
2945839000,1869114,1868301,0,1868299,2946868000,1869928,1869115,0,1869113,1029000,814,791.06,false
2946868000,1869928,1869115,0,1869113,2947897000,1870742,1869929,0,1869927,1029000,814,791.06,false
2947897000,1870742,1869929,0,1869927,2948926000,1871556,1870743,0,1870741,1029000,814,791.06,false
2948926000,1871556,1870743,0,1870741,2949955000,1872370,1871557,0,1871555,1029000,814,791.06,false
2949955000,1872370,1871557,0,1871555,2951056000,1873184,1872371,0,1872369,1101000,814,739.33,false
2951056000,1873184,1872371,0,1872369,2952070000,1873998,1873185,0,1873183,1014000,814,802.76,false
2952070000,1873998,1873185,0,1873183,2953100000,1874812,1873999,0,1873997,1030000,814,790.29,false
2953100000,1874812,1873999,0,1873997,2954131000,1875626,1874813,0,1874811,1031000,814,789.52,false
2954131000,1875626,1874813,0,1874811,2955160000,1876440,1875627,0,1875625,1029000,814,791.06,false
2955160000,1876440,1875627,0,1875625,2956189000,1877254,1876441,0,1876439,1029000,814,791.06,false
2956189000,1877254,1876441,0,1876439,2957218000,1878068,1877255,0,1877253,1029000,814,791.06,false
2957218000,1878068,1877255,0,1877253,2958247000,1878882,1878069,0,1878067,1029000,814,791.06,false
2958247000,1878882,1878069,0,1878067,2959276000,1879696,1878883,0,1878881,1029000,814,791.06,false
2959276000,1879696,1878883,0,1878881,2960305000,1880510,1879697,0,1879695,1029000,814,791.06,false
2961225000,1881238,1880425,0,1880423,2962254000,1882052,1881239,0,1881237,1029000,814,791.06,false
2962254000,1882052,1881239,0,1881237,2963283000,1882866,1882053,0,1882051,1029000,814,791.06,false
2963283000,1882866,1882053,0,1882051,2964312000,1883772,1882867,0,1882865,1029000,814,791.06,true
2964312000,1883772,1882867,0,1882865,2965378000,1884678,1883773,0,1883771,1066000,906,849.91,true
2965378000,1884678,1883773,0,1883771,2966453000,1885492,1884679,0,1884677,1075000,906,842.79,true
2966453000,1885492,1884679,0,1884677,2967482000,1886305,1885493,0,1885491,1029000,814,791.06,true
2967482000,1886305,1885493,0,1885491,2968501000,1887118,1886306,0,1886304,1019000,813,797.84,false
2968501000,1887118,1886306,0,1886304,2969527000,1887931,1887119,0,1887117,1026000,813,792.40,false
2969527000,1887931,1887119,0,1887117,2970556000,1888744,1887932,0,1887930,1029000,813,790.09,false
2970556000,1888744,1887932,0,1887930,2971585000,1889557,1888745,0,1888743,1029000,813,790.09,false
2971585000,1889557,1888745,0,1888743,2972614000,1890370,1889558,0,1889556,1029000,813,790.09,false
2972614000,1890370,1889558,0,1889556,2973642000,1891183,1890371,0,1890369,1028000,813,790.86,false
2973642000,1891183,1890371,0,1890369,2974743000,1891996,1891184,0,1891182,1101000,813,738.42,false
2974743000,1891996,1891184,0,1891182,2975760000,1892809,1891997,0,1891995,1017000,813,799.41,false
2975760000,1892809,1891997,0,1891995,2976787000,1893622,1892810,0,1892808,1027000,813,791.63,false
2976787000,1893622,1892810,0,1892808,2977817000,1894435,1893623,0,1893621,1030000,813,789.32,false
2977817000,1894435,1893623,0,1893621,2978846000,1895248,1894436,0,1894434,1029000,813,790.09,false
2978846000,1895248,1894436,0,1894434,2979875000,1896061,1895249,0,1895247,1029000,813,790.09,false
2979875000,1896061,1895249,0,1895247,2980903000,1896874,1896062,0,1896060,1028000,813,790.86,false
2980903000,1896874,1896062,0,1896060,2981931000,1897687,1896875,0,1896873,1028000,813,790.86,false
2981931000,1897687,1896875,0,1896873,2982959000,1898500,1897688,0,1897686,1028000,813,790.86,false
2982959000,1898500,1897688,0,1897686,2983987000,1899313,1898501,0,1898499,1028000,813,790.86,false
2983987000,1899313,1898501,0,1898499,2985015000,1900126,1899314,0,1899312,1028000,813,790.86,false
2985015000,1900126,1899314,0,1899312,2986043000,1900939,1900127,0,1900125,1028000,813,790.86,false
2987018000,1901710,1900898,0,1900896,2988046000,1902523,1901711,0,1901709,1028000,813,790.86,false
2988046000,1902523,1901711,0,1901709,2989074000,1903336,1902524,0,1902522,1028000,813,790.86,false
2989074000,1903336,1902524,0,1902522,2990103000,1904238,1903337,0,1903335,1029000,813,790.09,true
2990103000,1904238,1903337,0,1903335,2991166000,1905140,1904239,0,1904237,1063000,902,848.54,true
2991166000,1905140,1904239,0,1904237,2992238000,1905953,1905141,0,1905139,1072000,902,841.42,true
2992238000,1905953,1905141,0,1905139,2993267000,1906766,1905954,0,1905952,1029000,813,790.09,true
2993267000,1906766,1905954,0,1905952,2994286000,1907579,1906767,0,1906765,1019000,813,797.84,false
2994286000,1907579,1906767,0,1906765,2995312000,1908392,1907580,0,1907578,1026000,813,792.40,false
2995312000,1908392,1907580,0,1907578,2996341000,1909205,1908393,0,1908391,1029000,813,790.09,false
2996341000,1909205,1908393,0,1908391,2997370000,1910018,1909206,0,1909204,1029000,813,790.09,false
2997370000,1910018,1909206,0,1909204,2998473000,1910831,1910019,0,1910017,1103000,813,737.08,false
2998473000,1910831,1910019,0,1910017,2999492000,1911644,1910832,0,1910830,1019000,813,797.84,false
2999492000,1911644,1910832,0,1910830,3000514000,1912457,1911645,0,1911643,1022000,813,795.50,false
3000514000,1912457,1911645,0,1911643,3001542000,1913270,1912458,0,1912456,1028000,813,790.86,false
3001542000,1913270,1912458,0,1912456,3002571000,1914083,1913271,0,1913269,1029000,813,790.09,false
3002571000,1914083,1913271,0,1913269,3003599000,1914896,1914084,0,1914082,1028000,813,790.86,false
3003599000,1914896,1914084,0,1914082,3004627000,1915709,1914897,0,1914895,1028000,813,790.86,false
3004627000,1915709,1914897,0,1914895,3005655000,1916522,1915710,0,1915708,1028000,813,790.86,false
3005655000,1916522,1915710,0,1915708,3006684000,1917335,1916523,0,1916521,1029000,813,790.09,false
3006684000,1917335,1916523,0,1916521,3007712000,1918148,1917336,0,1917334,1028000,813,790.86,false
3007712000,1918148,1917336,0,1917334,3008740000,1918961,1918149,0,1918147,1028000,813,790.86,false
3008740000,1918961,1918149,0,1918147,3009769000,1919774,1918962,0,1918960,1029000,813,790.09,false
3009769000,1919774,1918962,0,1918960,3010797000,1920587,1919775,0,1919773,1028000,813,790.86,false
3010797000,1920587,1919775,0,1919773,3011825000,1921400,1920588,0,1920586,1028000,813,790.86,false
3012753000,1922134,1921322,0,1921320,3013781000,1922947,1922135,0,1922133,1028000,813,790.86,false
3013781000,1922947,1922135,0,1922133,3014809000,1923760,1922948,0,1922946,1028000,813,790.86,false
3014809000,1923760,1922948,0,1922946,3015838000,1924662,1923761,0,1923759,1029000,813,790.09,true
3015838000,1924662,1923761,0,1923759,3016902000,1925564,1924663,0,1924661,1064000,902,847.74,true
3016902000,1925564,1924663,0,1924661,3017974000,1926377,1925565,0,1925563,1072000,902,841.42,true
3017974000,1926377,1925565,0,1925563,3019002000,1927190,1926378,0,1926376,1028000,813,790.86,true
3019002000,1927190,1926378,0,1926376,3020022000,1928003,1927191,0,1927189,1020000,813,797.06,false
3020022000,1928003,1927191,0,1927189,3021048000,1928816,1928004,0,1928002,1026000,813,792.40,false
3021048000,1928816,1928004,0,1928002,3022135000,1929629,1928817,0,1928815,1087000,813,747.93,false
3022135000,1929629,1928817,0,1928815,3023164000,1930442,1929630,0,1929628,1029000,813,790.09,false
3023164000,1930442,1929630,0,1929628,3024190000,1931255,1930443,0,1930441,1026000,813,792.40,false
3024190000,1931255,1930443,0,1930441,3025218000,1932068,1931256,0,1931254,1028000,813,790.86,false
3025218000,1932068,1931256,0,1931254,3026246000,1932881,1932069,0,1932067,1028000,813,790.86,false
3026246000,1932881,1932069,0,1932067,3027275000,1933694,1932882,0,1932880,1029000,813,790.09,false
3027275000,1933694,1932882,0,1932880,3028303000,1934507,1933695,0,1933693,1028000,813,790.86,false
3028303000,1934507,1933695,0,1933693,3029331000,1935320,1934508,0,1934506,1028000,813,790.86,false
3029331000,1935320,1934508,0,1934506,3030359000,1936133,1935321,0,1935319,1028000,813,790.86,false
3030359000,1936133,1935321,0,1935319,3031387000,1936946,1936134,0,1936132,1028000,813,790.86,false
3031387000,1936946,1936134,0,1936132,3032415000,1937759,1936947,0,1936945,1028000,813,790.86,false
3032415000,1937759,1936947,0,1936945,3033443000,1938572,1937760,0,1937758,1028000,813,790.86,false
3033443000,1938572,1937760,0,1937758,3034472000,1939385,1938573,0,1938571,1029000,813,790.09,false
3034472000,1939385,1938573,0,1938571,3035500000,1940198,1939386,0,1939384,1028000,813,790.86,false
3035500000,1940198,1939386,0,1939384,3036528000,1941011,1940199,0,1940197,1028000,813,790.86,false
3036528000,1941011,1940199,0,1940197,3037556000,1941824,1941012,0,1941010,1028000,813,790.86,false
3038447000,1942529,1941717,0,1941715,3039475000,1943342,1942530,0,1942528,1028000,813,790.86,false
3039475000,1943342,1942530,0,1942528,3040503000,1944155,1943343,0,1943341,1028000,813,790.86,false
3040503000,1944155,1943343,0,1943341,3041531000,1945057,1944156,0,1944154,1028000,813,790.86,true
3041531000,1945057,1944156,0,1944154,3042595000,1945959,1945058,0,1945056,1064000,902,847.74,true
3042595000,1945959,1945058,0,1945056,3043668000,1946772,1945960,0,1945958,1073000,902,840.63,true
3043668000,1946772,1945960,0,1945958,3044789000,1947585,1946773,0,1946771,1121000,813,725.25,true
3044789000,1947585,1946773,0,1946771,3045820000,1948398,1947586,0,1947584,1031000,813,788.55,false
3045820000,1948398,1947586,0,1947584,3046864000,1949211,1948399,0,1948397,1044000,813,778.74,false
3046864000,1949211,1948399,0,1948397,3047900000,1950024,1949212,0,1949210,1036000,813,784.75,false
3047900000,1950024,1949212,0,1949210,3048934000,1950837,1950025,0,1950023,1034000,813,786.27,false
3048934000,1950837,1950025,0,1950023,3049968000,1951650,1950838,0,1950836,1034000,813,786.27,false
3049968000,1951650,1950838,0,1950836,3051003000,1952463,1951651,0,1951649,1035000,813,785.51,false
3051003000,1952463,1951651,0,1951649,3052038000,1953276,1952464,0,1952462,1035000,813,785.51,false
3052038000,1953276,1952464,0,1952462,3053073000,1954089,1953277,0,1953275,1035000,813,785.51,false
3053073000,1954089,1953277,0,1953275,3054108000,1954902,1954090,0,1954088,1035000,813,785.51,false
3054108000,1954902,1954090,0,1954088,3055143000,1955715,1954903,0,1954901,1035000,813,785.51,false
3055143000,1955715,1954903,0,1954901,3056178000,1956528,1955716,0,1955714,1035000,813,785.51,false
3056178000,1956528,1955716,0,1955714,3057213000,1957341,1956529,0,1956527,1035000,813,785.51,false
3057213000,1957341,1956529,0,1956527,3058248000,1958154,1957342,0,1957340,1035000,813,785.51,false
3058248000,1958154,1957342,0,1957340,3059283000,1958967,1958155,0,1958153,1035000,813,785.51,false
3059283000,1958967,1958155,0,1958153,3060318000,1959780,1958968,0,1958966,1035000,813,785.51,false
3060318000,1959780,1958968,0,1958966,3061353000,1960593,1959781,0,1959779,1035000,813,785.51,false
3061353000,1960593,1959781,0,1959779,3062388000,1961406,1960594,0,1960592,1035000,813,785.51,false
3062388000,1961406,1960594,0,1960592,3063423000,1962219,1961407,0,1961405,1035000,813,785.51,false
3063423000,1962219,1961407,0,1961405,3064458000,1963032,1962220,0,1962218,1035000,813,785.51,false
3064673000,1963201,1962389,0,1962387,3065708000,1964014,1963202,0,1963200,1035000,813,785.51,false
3065708000,1964014,1963202,0,1963200,3066743000,1964827,1964015,0,1964013,1035000,813,785.51,false
3066743000,1964827,1964015,0,1964013,3067778000,1965750,1964828,0,1964826,1035000,813,785.51,true
3067778000,1965750,1964828,0,1964826,3068942000,1966673,1965751,0,1965749,1164000,923,792.96,true
3068942000,1966673,1965751,0,1965749,3070022000,1967486,1966674,0,1966672,1080000,923,854.63,true
3070022000,1967486,1966674,0,1966672,3071040000,1968341,1967487,0,1967485,1018000,813,798.62,true
3071040000,1968341,1967487,0,1967485,3072080000,1969196,1968342,0,1968340,1040000,855,822.12,false
3072080000,1969196,1968342,0,1968340,3073116000,1970051,1969197,0,1969195,1036000,855,825.29,false
3073116000,1970051,1969197,0,1969195,3074152000,1970906,1970052,0,1970050,1036000,855,825.29,false
3074152000,1970906,1970052,0,1970050,3075188000,1971761,1970907,0,1970905,1036000,855,825.29,false
3075188000,1971761,1970907,0,1970905,3076225000,1972616,1971762,0,1971760,1037000,855,824.49,false
3076225000,1972616,1971762,0,1971760,3077261000,1973471,1972617,0,1972615,1036000,855,825.29,false
3077261000,1973471,1972617,0,1972615,3078298000,1974326,1973472,0,1973470,1037000,855,824.49,false
3078298000,1974326,1973472,0,1973470,3079335000,1975181,1974327,0,1974325,1037000,855,824.49,false
3079335000,1975181,1974327,0,1974325,3080372000,1976036,1975182,0,1975180,1037000,855,824.49,false
3080372000,1976036,1975182,0,1975180,3081408000,1976891,1976037,0,1976035,1036000,855,825.29,false
3081408000,1976891,1976037,0,1976035,3082444000,1977746,1976892,0,1976890,1036000,855,825.29,false
3082444000,1977746,1976892,0,1976890,3083481000,1978601,1977747,0,1977745,1037000,855,824.49,false
3083481000,1978601,1977747,0,1977745,3084517000,1979456,1978602,0,1978600,1036000,855,825.29,false
3084517000,1979456,1978602,0,1978600,3085554000,1980311,1979457,0,1979455,1037000,855,824.49,false
3085554000,1980311,1979457,0,1979455,3086591000,1981166,1980312,0,1980310,1037000,855,824.49,false
3086591000,1981166,1980312,0,1980310,3087628000,1982021,1981167,0,1981165,1037000,855,824.49,false
3087628000,1982021,1981167,0,1981165,3088664000,1982876,1982022,0,1982020,1036000,855,825.29,false
3088664000,1982876,1982022,0,1982020,3089701000,1983731,1982877,0,1982875,1037000,855,824.49,false
3090610000,1984481,1983627,0,1983625,3091646000,1985336,1984482,0,1984480,1036000,855,825.29,false
3091646000,1985336,1984482,0,1984480,3092748000,1986191,1985337,0,1985335,1102000,855,775.86,false
3092748000,1986191,1985337,0,1985335,3093779000,1987165,1986192,0,1986190,1031000,855,829.29,true
3093779000,1987165,1986192,0,1986190,3094900000,1988139,1987166,0,1987164,1121000,974,868.87,true
3094900000,1988139,1987166,0,1987164,3096003000,1988994,1988140,0,1988138,1103000,974,883.05,true
3096003000,1988994,1988140,0,1988138,3097012000,1989839,1988995,0,1988993,1009000,855,847.37,true
3097012000,1989839,1988995,0,1988993,3098026000,1990684,1989840,0,1989838,1014000,845,833.33,false
3098026000,1990684,1989840,0,1989838,3099059000,1991529,1990685,0,1990683,1033000,845,818.01,false
3099059000,1991529,1990685,0,1990683,3100088000,1992374,1991530,0,1991528,1029000,845,821.19,false
3100088000,1992374,1991530,0,1991528,3101117000,1993219,1992375,0,1992373,1029000,845,821.19,false
3101117000,1993219,1992375,0,1992373,3102145000,1994064,1993220,0,1993218,1028000,845,821.98,false
3102145000,1994064,1993220,0,1993218,3103173000,1994909,1994065,0,1994063,1028000,845,821.98,false
3103173000,1994909,1994065,0,1994063,3104202000,1995754,1994910,0,1994908,1029000,845,821.19,false
3104202000,1995754,1994910,0,1994908,3105230000,1996599,1995755,0,1995753,1028000,845,821.98,false
3105230000,1996599,1995755,0,1995753,3106258000,1997444,1996600,0,1996598,1028000,845,821.98,false
3106258000,1997444,1996600,0,1996598,3107287000,1998289,1997445,0,1997443,1029000,845,821.19,false
3107287000,1998289,1997445,0,1997443,3108315000,1999134,1998290,0,1998288,1028000,845,821.98,false
3108315000,1999134,1998290,0,1998288,3109343000,1999979,1999135,0,1999133,1028000,845,821.98,false
3109343000,1999979,1999135,0,1999133,3110372000,2000824,1999980,0,1999978,1029000,845,821.19,false
3110372000,2000824,1999980,0,1999978,3111400000,2001669,2000825,0,2000823,1028000,845,821.98,false
3111400000,2001669,2000825,0,2000823,3112429000,2002514,2001670,0,2001668,1029000,845,821.19,false
3112429000,2002514,2001670,0,2001668,3113457000,2003359,2002515,0,2002513,1028000,845,821.98,false
3113457000,2003359,2002515,0,2002513,3114485000,2004204,2003360,0,2003358,1028000,845,821.98,false
3114485000,2004204,2003360,0,2003358,3115514000,2005049,2004205,0,2004203,1029000,845,821.19,false
3116434000,2005762,2004918,0,2004916,3117464000,2006607,2005763,0,2005761,1030000,845,820.39,false
3117464000,2006607,2005763,0,2005761,3118500000,2007452,2006608,0,2006606,1036000,845,815.64,false
3118500000,2007452,2006608,0,2006606,3119533000,2008347,2007453,0,2007451,1033000,845,818.01,true
3119533000,2008347,2007453,0,2007451,3120592000,2009242,2008348,0,2008346,1059000,895,845.14,true
3120592000,2009242,2008348,0,2008346,3121650000,2010087,2009243,0,2009241,1058000,895,845.94,true
3121650000,2010087,2009243,0,2009241,3122656000,2010939,2010088,0,2010086,1006000,845,839.96,true
3122656000,2010939,2010088,0,2010086,3123699000,2011791,2010940,0,2010938,1043000,852,816.87,false
3123699000,2011791,2010940,0,2010938,3124736000,2012643,2011792,0,2011790,1037000,852,821.60,false
3124736000,2012643,2011792,0,2011790,3125771000,2013495,2012644,0,2012642,1035000,852,823.19,false
3125771000,2013495,2012644,0,2012642,3126806000,2014347,2013496,0,2013494,1035000,852,823.19,false
3126806000,2014347,2013496,0,2013494,3127841000,2015199,2014348,0,2014346,1035000,852,823.19,false
3127841000,2015199,2014348,0,2014346,3128876000,2016051,2015200,0,2015198,1035000,852,823.19,false
3128876000,2016051,2015200,0,2015198,3129911000,2016903,2016052,0,2016050,1035000,852,823.19,false
3129911000,2016903,2016052,0,2016050,3130946000,2017755,2016904,0,2016902,1035000,852,823.19,false
3130946000,2017755,2016904,0,2016902,3131981000,2018607,2017756,0,2017754,1035000,852,823.19,false
3131981000,2018607,2017756,0,2017754,3133016000,2019459,2018608,0,2018606,1035000,852,823.19,false
3133016000,2019459,2018608,0,2018606,3134051000,2020311,2019460,0,2019458,1035000,852,823.19,false
3134051000,2020311,2019460,0,2019458,3135086000,2021163,2020312,0,2020310,1035000,852,823.19,false
3135086000,2021163,2020312,0,2020310,3136121000,2022015,2021164,0,2021162,1035000,852,823.19,false
3136121000,2022015,2021164,0,2021162,3137156000,2022867,2022016,0,2022014,1035000,852,823.19,false
3137156000,2022867,2022016,0,2022014,3138191000,2023719,2022868,0,2022866,1035000,852,823.19,false
3138191000,2023719,2022868,0,2022866,3139226000,2024571,2023720,0,2023718,1035000,852,823.19,false
3139226000,2024571,2023720,0,2023718,3140327000,2025423,2024572,0,2024570,1101000,852,773.84,false
3140327000,2025423,2024572,0,2024570,3141356000,2026275,2025424,0,2025422,1029000,852,827.99,false
3141356000,2026275,2025424,0,2025422,3142394000,2027127,2026276,0,2026274,1038000,852,820.81,false
3142779000,2027442,2026591,0,2026589,3143815000,2028294,2027443,0,2027441,1036000,852,822.39,false
3143815000,2028294,2027443,0,2027441,3144850000,2029146,2028295,0,2028293,1035000,852,823.19,false
3144850000,2029146,2028295,0,2028293,3145885000,2030101,2029147,0,2029145,1035000,852,823.19,true
3145885000,2030101,2029147,0,2029145,3146977000,2031056,2030102,0,2030100,1092000,955,874.54,true
3146977000,2031056,2030102,0,2030100,3148069000,2031908,2031057,0,2031055,1092000,955,874.54,true
3148069000,2031908,2031057,0,2031055,3149091000,2032753,2031909,0,2031907,1022000,852,833.66,true
3149091000,2032753,2031909,0,2031907,3150117000,2033598,2032754,0,2032752,1026000,845,823.59,false
3150117000,2033598,2032754,0,2032752,3151149000,2034443,2033599,0,2033597,1032000,845,818.80,false
3151149000,2034443,2033599,0,2033597,3152182000,2035288,2034444,0,2034442,1033000,845,818.01,false
3152182000,2035288,2034444,0,2034442,3153213000,2036133,2035289,0,2035287,1031000,845,819.59,false
3153213000,2036133,2035289,0,2035287,3154245000,2036978,2036134,0,2036132,1032000,845,818.80,false
3154245000,2036978,2036134,0,2036132,3155277000,2037823,2036979,0,2036977,1032000,845,818.80,false
3155277000,2037823,2036979,0,2036977,3156309000,2038668,2037824,0,2037822,1032000,845,818.80,false
3156309000,2038668,2037824,0,2037822,3157341000,2039513,2038669,0,2038667,1032000,845,818.80,false
3157341000,2039513,2038669,0,2038667,3158373000,2040358,2039514,0,2039512,1032000,845,818.80,false
3158373000,2040358,2039514,0,2039512,3159405000,2041203,2040359,0,2040357,1032000,845,818.80,false
3159405000,2041203,2040359,0,2040357,3160437000,2042048,2041204,0,2041202,1032000,845,818.80,false
3160437000,2042048,2041204,0,2041202,3161469000,2042893,2042049,0,2042047,1032000,845,818.80,false
3161469000,2042893,2042049,0,2042047,3162501000,2043738,2042894,0,2042892,1032000,845,818.80,false
3162501000,2043738,2042894,0,2042892,3163533000,2044583,2043739,0,2043737,1032000,845,818.80,false
3163533000,2044583,2043739,0,2043737,3164638000,2045428,2044584,0,2044582,1105000,845,764.71,false
3164638000,2045428,2044584,0,2044582,3165656000,2046273,2045429,0,2045427,1018000,845,830.06,false
3165656000,2046273,2045429,0,2045427,3166691000,2047118,2046274,0,2046272,1035000,845,816.43,false
3166691000,2047118,2046274,0,2046272,3167724000,2047963,2047119,0,2047117,1033000,845,818.01,false
3167724000,2047963,2047119,0,2047117,3168756000,2048808,2047964,0,2047962,1032000,845,818.80,false
3168917000,2048940,2048096,0,2048094,3169949000,2049785,2048941,0,2048939,1032000,845,818.80,false
3169949000,2049785,2048941,0,2048939,3170981000,2050630,2049786,0,2049784,1032000,845,818.80,false
3170981000,2050630,2049786,0,2049784,3172013000,2051577,2050631,0,2050629,1032000,845,818.80,true
3172013000,2051577,2050631,0,2050629,3173096000,2052524,2051578,0,2051576,1083000,947,874.42,true
3173096000,2052524,2051578,0,2051576,3174184000,2053369,2052525,0,2052523,1088000,947,870.40,true
3174184000,2053369,2052525,0,2052523,3175209000,2054208,2053370,0,2053368,1025000,845,824.39,true
3175209000,2054208,2053370,0,2053368,3176230000,2055047,2054209,0,2054207,1021000,839,821.74,false
3176230000,2055047,2054209,0,2054207,3177259000,2055886,2055048,0,2055046,1029000,839,815.35,false
3177259000,2055886,2055048,0,2055046,3178289000,2056725,2055887,0,2055885,1030000,839,814.56,false
3178289000,2056725,2055887,0,2055885,3179318000,2057564,2056726,0,2056724,1029000,839,815.35,false
3179318000,2057564,2056726,0,2056724,3180347000,2058403,2057565,0,2057563,1029000,839,815.35,false
3180347000,2058403,2057565,0,2057563,3181377000,2059242,2058404,0,2058402,1030000,839,814.56,false
3181377000,2059242,2058404,0,2058402,3182406000,2060081,2059243,0,2059241,1029000,839,815.35,false
3182406000,2060081,2059243,0,2059241,3183435000,2060920,2060082,0,2060080,1029000,839,815.35,false
3183435000,2060920,2060082,0,2060080,3184464000,2061759,2060921,0,2060919,1029000,839,815.35,false
3184464000,2061759,2060921,0,2060919,3185493000,2062598,2061760,0,2061758,1029000,839,815.35,false
3185493000,2062598,2061760,0,2061758,3186522000,2063437,2062599,0,2062597,1029000,839,815.35,false
3186522000,2063437,2062599,0,2062597,3187551000,2064276,2063438,0,2063436,1029000,839,815.35,false
3187551000,2064276,2063438,0,2063436,3188657000,2065115,2064277,0,2064275,1106000,839,758.59,false
3188657000,2065115,2064277,0,2064275,3189673000,2065954,2065116,0,2065114,1016000,839,825.79,false
3189673000,2065954,2065116,0,2065114,3190703000,2066793,2065955,0,2065953,1030000,839,814.56,false
3190703000,2066793,2065955,0,2065953,3191736000,2067632,2066794,0,2066792,1033000,839,812.20,false
3191736000,2067632,2066794,0,2066792,3192769000,2068471,2067633,0,2067631,1033000,839,812.20,false
3192769000,2068471,2067633,0,2067631,3193802000,2069310,2068472,0,2068470,1033000,839,812.20,false
3193802000,2069310,2068472,0,2068470,3194835000,2070149,2069311,0,2069309,1033000,839,812.20,false
3194878000,2070184,2069346,0,2069344,3195911000,2071023,2070185,0,2070183,1033000,839,812.20,false
3195911000,2071023,2070185,0,2070183,3196944000,2071862,2071024,0,2071022,1033000,839,812.20,false
3196944000,2071862,2071024,0,2071022,3197977000,2072805,2071863,0,2071861,1033000,839,812.20,true
3197977000,2072805,2071863,0,2071861,3199061000,2073748,2072806,0,2072804,1084000,943,869.93,true
3199061000,2073748,2072806,0,2072804,3200150000,2074587,2073749,0,2073747,1089000,943,865.93,true
3200150000,2074587,2073749,0,2073747,3201176000,2075420,2074588,0,2074586,1026000,839,817.74,true
3201176000,2075420,2074588,0,2074586,3202197000,2076253,2075421,0,2075419,1021000,833,815.87,false
3202197000,2076253,2075421,0,2075419,3203227000,2077086,2076254,0,2076252,1030000,833,808.74,false
3203227000,2077086,2076254,0,2076252,3204258000,2077919,2077087,0,2077085,1031000,833,807.95,false
3204258000,2077919,2077087,0,2077085,3205288000,2078752,2077920,0,2077918,1030000,833,808.74,false
3205288000,2078752,2077920,0,2077918,3206318000,2079585,2078753,0,2078751,1030000,833,808.74,false
3206318000,2079585,2078753,0,2078751,3207348000,2080418,2079586,0,2079584,1030000,833,808.74,false
3207348000,2080418,2079586,0,2079584,3208378000,2081251,2080419,0,2080417,1030000,833,808.74,false
3208378000,2081251,2080419,0,2080417,3209408000,2082084,2081252,0,2081250,1030000,833,808.74,false
3209408000,2082084,2081252,0,2081250,3210438000,2082917,2082085,0,2082083,1030000,833,808.74,false
3210438000,2082917,2082085,0,2082083,3211468000,2083750,2082918,0,2082916,1030000,833,808.74,false
3211468000,2083750,2082918,0,2082916,3212568000,2084583,2083751,0,2083749,1100000,833,757.27,false
3212568000,2084583,2083751,0,2083749,3213591000,2085416,2084584,0,2084582,1023000,833,814.27,false
3213591000,2085416,2084584,0,2084582,3214617000,2086249,2085417,0,2085415,1026000,833,811.89,false
3214617000,2086249,2085417,0,2085415,3215647000,2087082,2086250,0,2086248,1030000,833,808.74,false
3215647000,2087082,2086250,0,2086248,3216677000,2087915,2087083,0,2087081,1030000,833,808.74,false
3216677000,2087915,2087083,0,2087081,3217707000,2088748,2087916,0,2087914,1030000,833,808.74,false
3217707000,2088748,2087916,0,2087914,3218737000,2089581,2088749,0,2088747,1030000,833,808.74,false
3218737000,2089581,2088749,0,2088747,3219767000,2090414,2089582,0,2089580,1030000,833,808.74,false
3219767000,2090414,2089582,0,2089580,3220797000,2091247,2090415,0,2090413,1030000,833,808.74,false
3220802000,2091251,2090419,0,2090417,3221832000,2092084,2091252,0,2091250,1030000,833,808.74,false
3221832000,2092084,2091252,0,2091250,3222862000,2092917,2092085,0,2092083,1030000,833,808.74,false
3222862000,2092917,2092085,0,2092083,3223892000,2093848,2092918,0,2092916,1030000,833,808.74,true
3223892000,2093848,2092918,0,2092916,3224967000,2094779,2093849,0,2093847,1075000,931,866.05,true
3224967000,2094779,2093849,0,2093847,3226049000,2095612,2094780,0,2094778,1082000,931,860.44,true
3226049000,2095612,2094780,0,2094778,3227077000,2096442,2095613,0,2095611,1028000,833,810.31,true
3227077000,2096442,2095613,0,2095611,3228096000,2097272,2096443,0,2096441,1019000,830,814.52,false
3228096000,2097272,2096443,0,2096441,3229124000,2098102,2097273,0,2097271,1028000,830,807.39,false
3229124000,2098102,2097273,0,2097271,3230154000,2098932,2098103,0,2098101,1030000,830,805.83,false
3230154000,2098932,2098103,0,2098101,3231183000,2099762,2098933,0,2098931,1029000,830,806.61,false
3231183000,2099762,2098933,0,2098931,3232212000,2100592,2099763,0,2099761,1029000,830,806.61,false
3232212000,2100592,2099763,0,2099761,3233241000,2101422,2100593,0,2100591,1029000,830,806.61,false
3233241000,2101422,2100593,0,2100591,3234270000,2102252,2101423,0,2101421,1029000,830,806.61,false
3234270000,2102252,2101423,0,2101421,3235299000,2103082,2102253,0,2102251,1029000,830,806.61,false
3235299000,2103082,2102253,0,2102251,3236391000,2103912,2103083,0,2103081,1092000,830,760.07,false
3236391000,2103912,2103083,0,2103081,3237419000,2104742,2103913,0,2103911,1028000,830,807.39,false
3237419000,2104742,2103913,0,2103911,3238446000,2105572,2104743,0,2104741,1027000,830,808.18,false
3238446000,2105572,2104743,0,2104741,3239474000,2106402,2105573,0,2105571,1028000,830,807.39,false
3239474000,2106402,2105573,0,2105571,3240502000,2107232,2106403,0,2106401,1028000,830,807.39,false
3240502000,2107232,2106403,0,2106401,3241531000,2108062,2107233,0,2107231,1029000,830,806.61,false
3241531000,2108062,2107233,0,2107231,3242560000,2108892,2108063,0,2108061,1029000,830,806.61,false
3242560000,2108892,2108063,0,2108061,3243589000,2109722,2108893,0,2108891,1029000,830,806.61,false
3243589000,2109722,2108893,0,2108891,3244618000,2110552,2109723,0,2109721,1029000,830,806.61,false
3244618000,2110552,2109723,0,2109721,3245647000,2111382,2110553,0,2110551,1029000,830,806.61,false
3246585000,2112138,2111309,0,2111307,3247614000,2112968,2112139,0,2112137,1029000,830,806.61,false
3247614000,2112968,2112139,0,2112137,3248643000,2113798,2112969,0,2112967,1029000,830,806.61,false
3248643000,2113798,2112969,0,2112967,3249672000,2114722,2113799,0,2113797,1029000,830,806.61,true
3249672000,2114722,2113799,0,2113797,3250741000,2115646,2114723,0,2114721,1069000,924,864.36,true
3250741000,2115646,2114723,0,2114721,3251819000,2116476,2115647,0,2115645,1078000,924,857.14,true
3251819000,2116476,2115647,0,2115645,3252847000,2117304,2116477,0,2116475,1028000,830,807.39,true
3252847000,2117304,2116477,0,2116475,3253866000,2118132,2117305,0,2117303,1019000,828,812.56,false
3253866000,2118132,2117305,0,2117303,3254892000,2118960,2118133,0,2118131,1026000,828,807.02,false
3254892000,2118960,2118133,0,2118131,3255921000,2119788,2118961,0,2118959,1029000,828,804.66,false
3255921000,2119788,2118961,0,2118959,3256949000,2120616,2119789,0,2119787,1028000,828,805.45,false
3256949000,2120616,2119789,0,2119787,3257977000,2121444,2120617,0,2120615,1028000,828,805.45,false
3257977000,2121444,2120617,0,2120615,3259005000,2122272,2121445,0,2121443,1028000,828,805.45,false
3259005000,2122272,2121445,0,2121443,3260094000,2123100,2122273,0,2122271,1089000,828,760.33,false
3260094000,2123100,2122273,0,2122271,3261126000,2123928,2123101,0,2123099,1032000,828,802.33,false
3261126000,2123928,2123101,0,2123099,3262153000,2124756,2123929,0,2123927,1027000,828,806.23,false
3262153000,2124756,2123929,0,2123927,3263183000,2125584,2124757,0,2124755,1030000,828,803.88,false
3263183000,2125584,2124757,0,2124755,3264215000,2126412,2125585,0,2125583,1032000,828,802.33,false
3264215000,2126412,2125585,0,2125583,3265247000,2127240,2126413,0,2126411,1032000,828,802.33,false
3265247000,2127240,2126413,0,2126411,3266279000,2128068,2127241,0,2127239,1032000,828,802.33,false
3266279000,2128068,2127241,0,2127239,3267310000,2128896,2128069,0,2128067,1031000,828,803.10,false
3267310000,2128896,2128069,0,2128067,3268341000,2129724,2128897,0,2128895,1031000,828,803.10,false
3268341000,2129724,2128897,0,2128895,3269372000,2130552,2129725,0,2129723,1031000,828,803.10,false
3269372000,2130552,2129725,0,2129723,3270403000,2131380,2130553,0,2130551,1031000,828,803.10,false
3270403000,2131380,2130553,0,2130551,3271434000,2132208,2131381,0,2131379,1031000,828,803.10,false
3272377000,2132965,2132138,0,2132136,3273408000,2133793,2132966,0,2132964,1031000,828,803.10,false
3273408000,2133793,2132966,0,2132964,3274439000,2134621,2133794,0,2133792,1031000,828,803.10,false
3274439000,2134621,2133794,0,2133792,3275470000,2135549,2134622,0,2134620,1031000,828,803.10,true
3275470000,2135549,2134622,0,2134620,3276548000,2136477,2135550,0,2135548,1078000,928,860.85,true
3276548000,2136477,2135550,0,2135548,3277631000,2137305,2136478,0,2136476,1083000,928,856.88,true
3277631000,2137305,2136478,0,2136476,3278658000,2138129,2137306,0,2137304,1027000,828,806.23,true
3278658000,2138129,2137306,0,2137304,3279679000,2138953,2138130,0,2138128,1021000,824,807.05,false
3279679000,2138953,2138130,0,2138128,3280707000,2139777,2138954,0,2138952,1028000,824,801.56,false
3280707000,2139777,2138954,0,2138952,3281738000,2140601,2139778,0,2139776,1031000,824,799.22,false
3281738000,2140601,2139778,0,2139776,3282768000,2141425,2140602,0,2140600,1030000,824,800.00,false
3282768000,2141425,2140602,0,2140600,3283869000,2142249,2141426,0,2141424,1101000,824,748.41,false
3283869000,2142249,2141426,0,2141424,3284892000,2143073,2142250,0,2142248,1023000,824,805.47,false
3284892000,2143073,2142250,0,2142248,3285917000,2143897,2143074,0,2143072,1025000,824,803.90,false
3285917000,2143897,2143074,0,2143072,3286945000,2144721,2143898,0,2143896,1028000,824,801.56,false
3286945000,2144721,2143898,0,2143896,3287975000,2145545,2144722,0,2144720,1030000,824,800.00,false
3287975000,2145545,2144722,0,2144720,3289005000,2146369,2145546,0,2145544,1030000,824,800.00,false
3289005000,2146369,2145546,0,2145544,3290035000,2147193,2146370,0,2146368,1030000,824,800.00,false
3290035000,2147193,2146370,0,2146368,3291065000,2148017,2147194,0,2147192,1030000,824,800.00,false
3291065000,2148017,2147194,0,2147192,3292095000,2148841,2148018,0,2148016,1030000,824,800.00,false
3292095000,2148841,2148018,0,2148016,3293125000,2149665,2148842,0,2148840,1030000,824,800.00,false
3293125000,2149665,2148842,0,2148840,3294155000,2150489,2149666,0,2149664,1030000,824,800.00,false
3294155000,2150489,2149666,0,2149664,3295185000,2151313,2150490,0,2150488,1030000,824,800.00,false
3295185000,2151313,2150490,0,2150488,3296215000,2152137,2151314,0,2151312,1030000,824,800.00,false
3296215000,2152137,2151314,0,2151312,3297245000,2152961,2152138,0,2152136,1030000,824,800.00,false
3298235000,2153753,2152930,0,2152928,3299265000,2154577,2153754,0,2153752,1030000,824,800.00,false
3299265000,2154577,2153754,0,2153752,3300295000,2155401,2154578,0,2154576,1030000,824,800.00,false
3300295000,2155401,2154578,0,2154576,3301325000,2156318,2155402,0,2155400,1030000,824,800.00,true
3301325000,2156318,2155402,0,2155400,3302394000,2157235,2156319,0,2156317,1069000,917,857.81,true
3302394000,2157235,2156319,0,2156317,3303472000,2158059,2157236,0,2157234,1078000,917,850.65,true
3303472000,2158059,2157236,0,2157234,3304500000,2158881,2158060,0,2158058,1028000,824,801.56,true
3304500000,2158881,2158060,0,2158058,3305519000,2159703,2158882,0,2158880,1019000,822,806.67,false
3305519000,2159703,2158882,0,2158880,3306547000,2160525,2159704,0,2159702,1028000,822,799.61,false
3306547000,2160525,2159704,0,2159702,3307636000,2161347,2160526,0,2160524,1089000,822,754.82,false
3307636000,2161347,2160526,0,2160524,3308669000,2162169,2161348,0,2161346,1033000,822,795.74,false
3308669000,2162169,2161348,0,2161346,3309697000,2162991,2162170,0,2162168,1028000,822,799.61,false
3309697000,2162991,2162170,0,2162168,3310729000,2163813,2162992,0,2162990,1032000,822,796.51,false
3310729000,2163813,2162992,0,2162990,3311761000,2164635,2163814,0,2163812,1032000,822,796.51,false
3311761000,2164635,2163814,0,2163812,3312793000,2165457,2164636,0,2164634,1032000,822,796.51,false
3312793000,2165457,2164636,0,2164634,3313825000,2166279,2165458,0,2165456,1032000,822,796.51,false
3313825000,2166279,2165458,0,2165456,3314857000,2167101,2166280,0,2166278,1032000,822,796.51,false
3314857000,2167101,2166280,0,2166278,3315889000,2167923,2167102,0,2167100,1032000,822,796.51,false
3315889000,2167923,2167102,0,2167100,3316921000,2168745,2167924,0,2167922,1032000,822,796.51,false
3316921000,2168745,2167924,0,2167922,3317953000,2169567,2168746,0,2168744,1032000,822,796.51,false
3317953000,2169567,2168746,0,2168744,3318985000,2170389,2169568,0,2169566,1032000,822,796.51,false
3318985000,2170389,2169568,0,2169566,3320017000,2171211,2170390,0,2170388,1032000,822,796.51,false
3320017000,2171211,2170390,0,2170388,3321049000,2172033,2171212,0,2171210,1032000,822,796.51,false
3321049000,2172033,2171212,0,2171210,3322081000,2172855,2172034,0,2172032,1032000,822,796.51,false
3322081000,2172855,2172034,0,2172032,3323113000,2173677,2172856,0,2172854,1032000,822,796.51,false
3323113000,2173677,2172856,0,2172854,3324145000,2174499,2173678,0,2173676,1032000,822,796.51,false
3324186000,2174532,2173711,0,2173709,3325218000,2175354,2174533,0,2174531,1032000,822,796.51,false
3325218000,2175354,2174533,0,2174531,3326250000,2176176,2175355,0,2175353,1032000,822,796.51,false
3326250000,2176176,2175355,0,2175353,3327282000,2177100,2176177,0,2176175,1032000,822,796.51,true
3327282000,2177100,2176177,0,2176175,3328361000,2178024,2177101,0,2177099,1079000,924,856.35,true
3328361000,2178024,2177101,0,2177099,3329446000,2178846,2178025,0,2178023,1085000,924,851.61,true
3329446000,2178846,2178025,0,2178023,3330487000,2179664,2178847,0,2178845,1041000,822,789.63,true
3330487000,2179664,2178847,0,2178845,3331534000,2180482,2179665,0,2179663,1047000,818,781.28,false
3331534000,2180482,2179665,0,2179663,3332593000,2181300,2180483,0,2180481,1059000,818,772.43,false
3332593000,2181300,2180483,0,2180481,3333652000,2182118,2181301,0,2181299,1059000,818,772.43,false
3333652000,2182118,2181301,0,2181299,3334710000,2182936,2182119,0,2182117,1058000,818,773.16,false
3334710000,2182936,2182119,0,2182117,3335768000,2183754,2182937,0,2182935,1058000,818,773.16,false
3335768000,2183754,2182937,0,2182935,3336827000,2184572,2183755,0,2183753,1059000,818,772.43,false
3336827000,2184572,2183755,0,2183753,3337885000,2185390,2184573,0,2184571,1058000,818,773.16,false
3337885000,2185390,2184573,0,2184571,3338943000,2186208,2185391,0,2185389,1058000,818,773.16,false
3338943000,2186208,2185391,0,2185389,3340001000,2187026,2186209,0,2186207,1058000,818,773.16,false
3340001000,2187026,2186209,0,2186207,3341059000,2187844,2187027,0,2187025,1058000,818,773.16,false
3341059000,2187844,2187027,0,2187025,3342117000,2188662,2187845,0,2187843,1058000,818,773.16,false
3342117000,2188662,2187845,0,2187843,3343175000,2189480,2188663,0,2188661,1058000,818,773.16,false
3343175000,2189480,2188663,0,2188661,3344233000,2190298,2189481,0,2189479,1058000,818,773.16,false
3344233000,2190298,2189481,0,2189479,3345291000,2191116,2190299,0,2190297,1058000,818,773.16,false
3345291000,2191116,2190299,0,2190297,3346349000,2191934,2191117,0,2191115,1058000,818,773.16,false
3346349000,2191934,2191117,0,2191115,3347407000,2192752,2191935,0,2191933,1058000,818,773.16,false
3347407000,2192752,2191935,0,2191933,3348465000,2193570,2192753,0,2192751,1058000,818,773.16,false
3348465000,2193570,2192753,0,2192751,3349523000,2194388,2193571,0,2193569,1058000,818,773.16,false
3349523000,2194388,2193571,0,2193569,3350581000,2195206,2194389,0,2194387,1058000,818,773.16,false
3350581000,2195206,2194389,0,2194387,3351639000,2196024,2195207,0,2195205,1058000,818,773.16,false
3351864000,2196197,2195380,0,2195378,3352922000,2197015,2196198,0,2196196,1058000,818,773.16,false
3352922000,2197015,2196198,0,2196196,3353980000,2197833,2197016,0,2197014,1058000,818,773.16,false
3353980000,2197833,2197016,0,2197014,3355038000,2198831,2197834,0,2197832,1058000,818,773.16,true
3355038000,2198831,2197834,0,2197832,3356312000,2199829,2198832,0,2198830,1274000,998,783.36,true
3356312000,2199829,2198832,0,2198830,3357505000,2200647,2199830,0,2199828,1193000,998,836.55,true
3357505000,2200647,2199830,0,2199828,3358513000,2201451,2200648,0,2200646,1008000,818,811.51,true
3358513000,2201451,2200648,0,2200646,3359528000,2202255,2201452,0,2201450,1015000,804,792.12,false
3359528000,2202255,2201452,0,2201450,3360553000,2203059,2202256,0,2202254,1025000,804,784.39,false
3360553000,2203059,2202256,0,2202254,3361583000,2203863,2203060,0,2203058,1030000,804,780.58,false
3361583000,2203863,2203060,0,2203058,3362612000,2204667,2203864,0,2203862,1029000,804,781.34,false
3362612000,2204667,2203864,0,2203862,3363640000,2205471,2204668,0,2204666,1028000,804,782.10,false
3363640000,2205471,2204668,0,2204666,3364668000,2206275,2205472,0,2205470,1028000,804,782.10,false
3364668000,2206275,2205472,0,2205470,3365696000,2207079,2206276,0,2206274,1028000,804,782.10,false
3365696000,2207079,2206276,0,2206274,3366724000,2207883,2207080,0,2207078,1028000,804,782.10,false
3366724000,2207883,2207080,0,2207078,3367752000,2208687,2207884,0,2207882,1028000,804,782.10,false
3367752000,2208687,2207884,0,2207882,3368780000,2209491,2208688,0,2208686,1028000,804,782.10,false
3368780000,2209491,2208688,0,2208686,3369808000,2210295,2209492,0,2209490,1028000,804,782.10,false
3369808000,2210295,2209492,0,2209490,3370836000,2211099,2210296,0,2210294,1028000,804,782.10,false
3370836000,2211099,2210296,0,2210294,3371864000,2211903,2211100,0,2211098,1028000,804,782.10,false
3371864000,2211903,2211100,0,2211098,3372892000,2212707,2211904,0,2211902,1028000,804,782.10,false
3372892000,2212707,2211904,0,2211902,3373920000,2213511,2212708,0,2212706,1028000,804,782.10,false
3373920000,2213511,2212708,0,2212706,3374948000,2214315,2213512,0,2213510,1028000,804,782.10,false
3374948000,2214315,2213512,0,2213510,3375976000,2215119,2214316,0,2214314,1028000,804,782.10,false
3375976000,2215119,2214316,0,2214314,3377004000,2215923,2215120,0,2215118,1028000,804,782.10,false
3377837000,2216575,2215772,0,2215770,3378865000,2217379,2216576,0,2216574,1028000,804,782.10,false
3378865000,2217379,2216576,0,2216574,3379943000,2218183,2217380,0,2217378,1078000,804,745.83,false
3379943000,2218183,2217380,0,2217378,3380971000,2219075,2218184,0,2218182,1028000,804,782.10,true
3380971000,2219075,2218184,0,2218182,3382050000,2219967,2219076,0,2219074,1079000,892,826.69,true
3382050000,2219967,2219076,0,2219074,3383121000,2220771,2219968,0,2219966,1071000,892,832.87,true
3383121000,2220771,2219968,0,2219966,3384140000,2221577,2220772,0,2220770,1019000,804,789.01,true
3384140000,2221577,2220772,0,2220770,3385157000,2222383,2221578,0,2221576,1017000,806,792.53,false
3385157000,2222383,2221578,0,2221576,3386186000,2223189,2222384,0,2222382,1029000,806,783.28,false
3386186000,2223189,2222384,0,2222382,3387216000,2223995,2223190,0,2223188,1030000,806,782.52,false
3387216000,2223995,2223190,0,2223188,3388245000,2224801,2223996,0,2223994,1029000,806,783.28,false
3388245000,2224801,2223996,0,2223994,3389274000,2225607,2224802,0,2224800,1029000,806,783.28,false
3389274000,2225607,2224802,0,2224800,3390303000,2226413,2225608,0,2225606,1029000,806,783.28,false
3390303000,2226413,2225608,0,2225606,3391332000,2227219,2226414,0,2226412,1029000,806,783.28,false
3391332000,2227219,2226414,0,2226412,3392361000,2228025,2227220,0,2227218,1029000,806,783.28,false
3392361000,2228025,2227220,0,2227218,3393390000,2228831,2228026,0,2228024,1029000,806,783.28,false
3393390000,2228831,2228026,0,2228024,3394419000,2229637,2228832,0,2228830,1029000,806,783.28,false
3394419000,2229637,2228832,0,2228830,3395448000,2230443,2229638,0,2229636,1029000,806,783.28,false
3395448000,2230443,2229638,0,2229636,3396477000,2231249,2230444,0,2230442,1029000,806,783.28,false
3396477000,2231249,2230444,0,2230442,3397506000,2232055,2231250,0,2231248,1029000,806,783.28,false
3397506000,2232055,2231250,0,2231248,3398535000,2232861,2232056,0,2232054,1029000,806,783.28,false
3398535000,2232861,2232056,0,2232054,3399564000,2233667,2232862,0,2232860,1029000,806,783.28,false
3399564000,2233667,2232862,0,2232860,3400593000,2234473,2233668,0,2233666,1029000,806,783.28,false
3400593000,2234473,2233668,0,2233666,3401622000,2235279,2234474,0,2234472,1029000,806,783.28,false
3401622000,2235279,2234474,0,2234472,3402651000,2236085,2235280,0,2235278,1029000,806,783.28,false
3403449000,2236661,2235856,0,2235854,3404470000,2237467,2236662,0,2236660,1021000,806,789.42,false
3404470000,2237467,2236662,0,2236660,3405504000,2238273,2237468,0,2237466,1034000,806,779.50,false
3405504000,2238273,2237468,0,2237466,3406535000,2239114,2238274,0,2238272,1031000,806,781.77,true
3406535000,2239114,2238274,0,2238272,3407582000,2239955,2239115,0,2239113,1047000,841,803.25,true
3407582000,2239955,2239115,0,2239113,3408628000,2240761,2239956,0,2239954,1046000,841,804.02,true
3408628000,2240761,2239956,0,2239954,3409637000,2241576,2240762,0,2240760,1009000,806,798.81,true
3409637000,2241576,2240762,0,2240760,3410676000,2242391,2241577,0,2241575,1039000,815,784.41,false
3410676000,2242391,2241577,0,2241575,3411710000,2243206,2242392,0,2242390,1034000,815,788.20,false
3411710000,2243206,2242392,0,2242390,3412742000,2244021,2243207,0,2243205,1032000,815,789.73,false
3412742000,2244021,2243207,0,2243205,3413775000,2244836,2244022,0,2244020,1033000,815,788.96,false
3413775000,2244836,2244022,0,2244020,3414807000,2245651,2244837,0,2244835,1032000,815,789.73,false
3414807000,2245651,2244837,0,2244835,3415839000,2246466,2245652,0,2245650,1032000,815,789.73,false
3415839000,2246466,2245652,0,2245650,3416871000,2247281,2246467,0,2246465,1032000,815,789.73,false
3416871000,2247281,2246467,0,2246465,3417904000,2248096,2247282,0,2247280,1033000,815,788.96,false
3417904000,2248096,2247282,0,2247280,3418937000,2248911,2248097,0,2248095,1033000,815,788.96,false
3418937000,2248911,2248097,0,2248095,3419969000,2249726,2248912,0,2248910,1032000,815,789.73,false
3419969000,2249726,2248912,0,2248910,3421001000,2250541,2249727,0,2249725,1032000,815,789.73,false
3421001000,2250541,2249727,0,2249725,3422033000,2251356,2250542,0,2250540,1032000,815,789.73,false
3422033000,2251356,2250542,0,2250540,3423066000,2252171,2251357,0,2251355,1033000,815,788.96,false
3423066000,2252171,2251357,0,2251355,3424098000,2252986,2252172,0,2252170,1032000,815,789.73,false
3424098000,2252986,2252172,0,2252170,3425130000,2253801,2252987,0,2252985,1032000,815,789.73,false
3425130000,2253801,2252987,0,2252985,3426162000,2254616,2253802,0,2253800,1032000,815,789.73,false
3426162000,2254616,2253802,0,2253800,3427272000,2255431,2254617,0,2254615,1110000,815,734.23,false
3427272000,2255431,2254617,0,2254615,3428296000,2256246,2255432,0,2255430,1024000,815,795.90,false
3428296000,2256246,2255432,0,2255430,3429320000,2257061,2256247,0,2256245,1024000,815,795.90,false
3429661000,2257330,2256516,0,2256514,3430690000,2258145,2257331,0,2257329,1029000,815,792.03,false
3430690000,2258145,2257331,0,2257329,3431719000,2258960,2258146,0,2258144,1029000,815,792.03,false
3431719000,2258960,2258146,0,2258144,3432748000,2259861,2258961,0,2258959,1029000,815,792.03,true
3432748000,2259861,2258961,0,2258959,3433811000,2260762,2259862,0,2259860,1063000,901,847.60,true
3433811000,2260762,2259862,0,2259860,3434883000,2261577,2260763,0,2260761,1072000,901,840.49,true
3434883000,2261577,2260763,0,2260761,3435909000,2262393,2261578,0,2261576,1026000,815,794.35,true
3435909000,2262393,2261578,0,2261576,3436931000,2263209,2262394,0,2262392,1022000,816,798.43,false
3436931000,2263209,2262394,0,2262392,3437959000,2264025,2263210,0,2263208,1028000,816,793.77,false
3437959000,2264025,2263210,0,2263208,3438990000,2264841,2264026,0,2264024,1031000,816,791.46,false
3438990000,2264841,2264026,0,2264024,3440020000,2265657,2264842,0,2264840,1030000,816,792.23,false
3440020000,2265657,2264842,0,2264840,3441050000,2266473,2265658,0,2265656,1030000,816,792.23,false
3441050000,2266473,2265658,0,2265656,3442080000,2267289,2266474,0,2266472,1030000,816,792.23,false
3442080000,2267289,2266474,0,2266472,3443110000,2268105,2267290,0,2267288,1030000,816,792.23,false
3443110000,2268105,2267290,0,2267288,3444140000,2268921,2268106,0,2268104,1030000,816,792.23,false
3444140000,2268921,2268106,0,2268104,3445170000,2269737,2268922,0,2268920,1030000,816,792.23,false
3445170000,2269737,2268922,0,2268920,3446200000,2270553,2269738,0,2269736,1030000,816,792.23,false
3446200000,2270553,2269738,0,2269736,3447230000,2271369,2270554,0,2270552,1030000,816,792.23,false
3447230000,2271369,2270554,0,2270552,3448260000,2272185,2271370,0,2271368,1030000,816,792.23,false
3448260000,2272185,2271370,0,2271368,3449290000,2273001,2272186,0,2272184,1030000,816,792.23,false
3449290000,2273001,2272186,0,2272184,3450367000,2273817,2273002,0,2273000,1077000,816,757.66,false
3450367000,2273817,2273002,0,2273000,3451400000,2274633,2273818,0,2273816,1033000,816,789.93,false
3451400000,2274633,2273818,0,2273816,3452437000,2275449,2274634,0,2274632,1037000,816,786.89,false
3452437000,2275449,2274634,0,2274632,3453469000,2276265,2275450,0,2275448,1032000,816,790.70,false
3453469000,2276265,2275450,0,2275448,3454499000,2277081,2276266,0,2276264,1030000,816,792.23,false
3455499000,2277873,2277058,0,2277056,3456529000,2278689,2277874,0,2277872,1030000,816,792.23,false
3456529000,2278689,2277874,0,2277872,3457559000,2279505,2278690,0,2278688,1030000,816,792.23,false
3457559000,2279505,2278690,0,2278688,3458589000,2280413,2279506,0,2279504,1030000,816,792.23,true
3458589000,2280413,2279506,0,2279504,3459655000,2281321,2280414,0,2280412,1066000,908,851.78,true
3459655000,2281321,2280414,0,2280412,3460731000,2282137,2281322,0,2281320,1076000,908,843.87,true
3460731000,2282137,2281322,0,2281320,3461759000,2282952,2282138,0,2282136,1028000,816,793.77,true
3461759000,2282952,2282138,0,2282136,3462778000,2283767,2282953,0,2282951,1019000,815,799.80,false
3462778000,2283767,2282953,0,2282951,3463806000,2284582,2283768,0,2283766,1028000,815,792.80,false
3463806000,2284582,2283768,0,2283766,3464836000,2285397,2284583,0,2284581,1030000,815,791.26,false
3464836000,2285397,2284583,0,2284581,3465866000,2286212,2285398,0,2285396,1030000,815,791.26,false
3465866000,2286212,2285398,0,2285396,3466895000,2287027,2286213,0,2286211,1029000,815,792.03,false
3466895000,2287027,2286213,0,2286211,3467924000,2287842,2287028,0,2287026,1029000,815,792.03,false
3467924000,2287842,2287028,0,2287026,3468953000,2288657,2287843,0,2287841,1029000,815,792.03,false
3468953000,2288657,2287843,0,2287841,3469982000,2289472,2288658,0,2288656,1029000,815,792.03,false
3469982000,2289472,2288658,0,2288656,3471011000,2290287,2289473,0,2289471,1029000,815,792.03,false
3471011000,2290287,2289473,0,2289471,3472040000,2291102,2290288,0,2290286,1029000,815,792.03,false
3472040000,2291102,2290288,0,2290286,3473069000,2291917,2291103,0,2291101,1029000,815,792.03,false
3473069000,2291917,2291103,0,2291101,3474163000,2292732,2291918,0,2291916,1094000,815,744.97,false
3474163000,2292732,2291918,0,2291916,3475185000,2293547,2292733,0,2292731,1022000,815,797.46,false
3475185000,2293547,2292733,0,2292731,3476217000,2294362,2293548,0,2293546,1032000,815,789.73,false
3476217000,2294362,2293548,0,2293546,3477248000,2295177,2294363,0,2294361,1031000,815,790.49,false
3477248000,2295177,2294363,0,2294361,3478277000,2295992,2295178,0,2295176,1029000,815,792.03,false
3478277000,2295992,2295178,0,2295176,3479306000,2296807,2295993,0,2295991,1029000,815,792.03,false
3479306000,2296807,2295993,0,2295991,3480335000,2297622,2296808,0,2296806,1029000,815,792.03,false
3481335000,2298414,2297600,0,2297598,3482364000,2299229,2298415,0,2298413,1029000,815,792.03,false
3482364000,2299229,2298415,0,2298413,3483393000,2300044,2299230,0,2299228,1029000,815,792.03,false
3483393000,2300044,2299230,0,2299228,3484422000,2300951,2300045,0,2300043,1029000,815,792.03,true
3484422000,2300951,2300045,0,2300043,3485487000,2301858,2300952,0,2300950,1065000,907,851.64,true
3485487000,2301858,2300952,0,2300950,3486563000,2302673,2301859,0,2301857,1076000,907,842.94,true
3486563000,2302673,2301859,0,2301857,3487592000,2303487,2302674,0,2302672,1029000,815,792.03,true
3487592000,2303487,2302674,0,2302672,3488612000,2304301,2303488,0,2303486,1020000,814,798.04,false
3488612000,2304301,2303488,0,2303486,3489638000,2305115,2304302,0,2304300,1026000,814,793.37,false
3489638000,2305115,2304302,0,2304300,3490667000,2305929,2305116,0,2305114,1029000,814,791.06,false
3490667000,2305929,2305116,0,2305114,3491697000,2306743,2305930,0,2305928,1030000,814,790.29,false
3491697000,2306743,2305930,0,2305928,3492726000,2307557,2306744,0,2306742,1029000,814,791.06,false
3492726000,2307557,2306744,0,2306742,3493755000,2308371,2307558,0,2307556,1029000,814,791.06,false
3493755000,2308371,2307558,0,2307556,3494784000,2309185,2308372,0,2308370,1029000,814,791.06,false
3494784000,2309185,2308372,0,2308370,3495813000,2309999,2309186,0,2309184,1029000,814,791.06,false
3495813000,2309999,2309186,0,2309184,3496842000,2310813,2310000,0,2309998,1029000,814,791.06,false
3496842000,2310813,2310000,0,2309998,3497948000,2311627,2310814,0,2310812,1106000,814,735.99,false
3497948000,2311627,2310814,0,2310812,3498963000,2312441,2311628,0,2311626,1015000,814,801.97,false
3498963000,2312441,2311628,0,2311626,3499987000,2313255,2312442,0,2312440,1024000,814,794.92,false
3499987000,2313255,2312442,0,2312440,3501017000,2314069,2313256,0,2313254,1030000,814,790.29,false
3501017000,2314069,2313256,0,2313254,3502047000,2314883,2314070,0,2314068,1030000,814,790.29,false
3502047000,2314883,2314070,0,2314068,3503076000,2315697,2314884,0,2314882,1029000,814,791.06,false
3503076000,2315697,2314884,0,2314882,3504105000,2316511,2315698,0,2315696,1029000,814,791.06,false
3504105000,2316511,2315698,0,2315696,3505134000,2317325,2316512,0,2316510,1029000,814,791.06,false
3505134000,2317325,2316512,0,2316510,3506163000,2318139,2317326,0,2317324,1029000,814,791.06,false
3507128000,2318901,2318088,0,2318086,3508157000,2319715,2318902,0,2318900,1029000,814,791.06,false
3508157000,2319715,2318902,0,2318900,3509186000,2320529,2319716,0,2319714,1029000,814,791.06,false
3509186000,2320529,2319716,0,2319714,3510215000,2321435,2320530,0,2320528,1029000,814,791.06,true
3510215000,2321435,2320530,0,2320528,3511279000,2322341,2321436,0,2321434,1064000,906,851.50,true
3511279000,2322341,2321436,0,2321434,3512354000,2323155,2322342,0,2322340,1075000,906,842.79,true
3512354000,2323155,2322342,0,2322340,3513383000,2323968,2323156,0,2323154,1029000,814,791.06,true
3513383000,2323968,2323156,0,2323154,3514402000,2324781,2323969,0,2323967,1019000,813,797.84,false
3514402000,2324781,2323969,0,2323967,3515428000,2325594,2324782,0,2324780,1026000,813,792.40,false
3515428000,2325594,2324782,0,2324780,3516457000,2326407,2325595,0,2325593,1029000,813,790.09,false
3516457000,2326407,2325595,0,2325593,3517486000,2327220,2326408,0,2326406,1029000,813,790.09,false
3517486000,2327220,2326408,0,2326406,3518514000,2328033,2327221,0,2327219,1028000,813,790.86,false
3518514000,2328033,2327221,0,2327219,3519542000,2328846,2328034,0,2328032,1028000,813,790.86,false
3519542000,2328846,2328034,0,2328032,3520571000,2329659,2328847,0,2328845,1029000,813,790.09,false
3520571000,2329659,2328847,0,2328845,3521663000,2330472,2329660,0,2329658,1092000,813,744.51,false
3521663000,2330472,2329660,0,2329658,3522692000,2331285,2330473,0,2330471,1029000,813,790.09,false
3522692000,2331285,2330473,0,2330471,3523718000,2332098,2331286,0,2331284,1026000,813,792.40,false
3523718000,2332098,2331286,0,2331284,3524746000,2332911,2332099,0,2332097,1028000,813,790.86,false
3524746000,2332911,2332099,0,2332097,3525775000,2333724,2332912,0,2332910,1029000,813,790.09,false
3525775000,2333724,2332912,0,2332910,3526803000,2334537,2333725,0,2333723,1028000,813,790.86,false
3526803000,2334537,2333725,0,2333723,3527831000,2335350,2334538,0,2334536,1028000,813,790.86,false
3527831000,2335350,2334538,0,2334536,3528860000,2336163,2335351,0,2335349,1029000,813,790.09,false
3528860000,2336163,2335351,0,2335349,3529888000,2336976,2336164,0,2336162,1028000,813,790.86,false
3529888000,2336976,2336164,0,2336162,3530916000,2337789,2336977,0,2336975,1028000,813,790.86,false
3530916000,2337789,2336977,0,2336975,3531944000,2338602,2337790,0,2337788,1028000,813,790.86,false
3532917000,2339372,2338560,0,2338558,3533945000,2340185,2339373,0,2339371,1028000,813,790.86,false
3533945000,2340185,2339373,0,2339371,3534974000,2340998,2340186,0,2340184,1029000,813,790.09,false
3534974000,2340998,2340186,0,2340184,3536002000,2341900,2340999,0,2340997,1028000,813,790.86,true
3536002000,2341900,2340999,0,2340997,3537065000,2342802,2341901,0,2341899,1063000,902,848.54,true
3537065000,2342802,2341901,0,2341899,3538138000,2343615,2342803,0,2342801,1073000,902,840.63,true
3538138000,2343615,2342803,0,2342801,3539166000,2344428,2343616,0,2343614,1028000,813,790.86,true
3539166000,2344428,2343616,0,2343614,3540186000,2345241,2344429,0,2344427,1020000,813,797.06,false
3540186000,2345241,2344429,0,2344427,3541212000,2346054,2345242,0,2345240,1026000,813,792.40,false
3541212000,2346054,2345242,0,2345240,3542241000,2346867,2346055,0,2346053,1029000,813,790.09,false
3542241000,2346867,2346055,0,2346053,3543270000,2347680,2346868,0,2346866,1029000,813,790.09,false
3543270000,2347680,2346868,0,2346866,3544322000,2348493,2347681,0,2347679,1052000,813,772.81,false
3544322000,2348493,2347681,0,2347679,3545379000,2349306,2348494,0,2348492,1057000,813,769.16,false
3545379000,2349306,2348494,0,2348492,3546417000,2350119,2349307,0,2349305,1038000,813,783.24,false
3546417000,2350119,2349307,0,2349305,3547444000,2350932,2350120,0,2350118,1027000,813,791.63,false
3547444000,2350932,2350120,0,2350118,3548471000,2351745,2350933,0,2350931,1027000,813,791.63,false
3548471000,2351745,2350933,0,2350931,3549499000,2352558,2351746,0,2351744,1028000,813,790.86,false
3549499000,2352558,2351746,0,2351744,3550527000,2353371,2352559,0,2352557,1028000,813,790.86,false
3550527000,2353371,2352559,0,2352557,3551555000,2354184,2353372,0,2353370,1028000,813,790.86,false
3551555000,2354184,2353372,0,2353370,3552583000,2354997,2354185,0,2354183,1028000,813,790.86,false
3552583000,2354997,2354185,0,2354183,3553612000,2355810,2354998,0,2354996,1029000,813,790.09,false
3553612000,2355810,2354998,0,2354996,3554640000,2356623,2355811,0,2355809,1028000,813,790.86,false
3554640000,2356623,2355811,0,2355809,3555668000,2357436,2356624,0,2356622,1028000,813,790.86,false
3555668000,2357436,2356624,0,2356622,3556696000,2358249,2357437,0,2357435,1028000,813,790.86,false
3556696000,2358249,2357437,0,2357435,3557725000,2359062,2358250,0,2358248,1029000,813,790.09,false
3558679000,2359816,2359004,0,2359002,3559707000,2360629,2359817,0,2359815,1028000,813,790.86,false
3559707000,2360629,2359817,0,2359815,3560735000,2361442,2360630,0,2360628,1028000,813,790.86,false
3560735000,2361442,2360630,0,2360628,3561763000,2362344,2361443,0,2361441,1028000,813,790.86,true
3561763000,2362344,2361443,0,2361441,3562826000,2363246,2362345,0,2362343,1063000,902,848.54,true
3562826000,2363246,2362345,0,2362343,3563899000,2364059,2363247,0,2363245,1073000,902,840.63,true
3563899000,2364059,2363247,0,2363245,3564928000,2364872,2364060,0,2364058,1029000,813,790.09,true
3564928000,2364872,2364060,0,2364058,3565947000,2365685,2364873,0,2364871,1019000,813,797.84,false
3565947000,2365685,2364873,0,2364871,3566973000,2366498,2365686,0,2365684,1026000,813,792.40,false
3566973000,2366498,2365686,0,2365684,3568042000,2367311,2366499,0,2366497,1069000,813,760.52,false
3568042000,2367311,2366499,0,2366497,3569079000,2368124,2367312,0,2367310,1037000,813,783.99,false
3569079000,2368124,2367312,0,2367310,3570114000,2368937,2368125,0,2368123,1035000,813,785.51,false
3570114000,2368937,2368125,0,2368123,3571144000,2369750,2368938,0,2368936,1030000,813,789.32,false
3571144000,2369750,2368938,0,2368936,3572172000,2370563,2369751,0,2369749,1028000,813,790.86,false
3572172000,2370563,2369751,0,2369749,3573200000,2371376,2370564,0,2370562,1028000,813,790.86,false
3573200000,2371376,2370564,0,2370562,3574228000,2372189,2371377,0,2371375,1028000,813,790.86,false
3574228000,2372189,2371377,0,2371375,3575256000,2373002,2372190,0,2372188,1028000,813,790.86,false
3575256000,2373002,2372190,0,2372188,3576284000,2373815,2373003,0,2373001,1028000,813,790.86,false
3576284000,2373815,2373003,0,2373001,3577313000,2374628,2373816,0,2373814,1029000,813,790.09,false
3577313000,2374628,2373816,0,2373814,3578341000,2375441,2374629,0,2374627,1028000,813,790.86,false
3578341000,2375441,2374629,0,2374627,3579369000,2376254,2375442,0,2375440,1028000,813,790.86,false
3579369000,2376254,2375442,0,2375440,3580397000,2377067,2376255,0,2376253,1028000,813,790.86,false
3580397000,2377067,2376255,0,2376253,3581425000,2377880,2377068,0,2377066,1028000,813,790.86,false
3581425000,2377880,2377068,0,2377066,3582453000,2378693,2377881,0,2377879,1028000,813,790.86,false
3582453000,2378693,2377881,0,2377879,3583481000,2379506,2378694,0,2378692,1028000,813,790.86,false
3584377000,2380215,2379403,0,2379401,3585406000,2381028,2380216,0,2380214,1029000,813,790.09,false
3585406000,2381028,2380216,0,2380214,3586434000,2381841,2381029,0,2381027,1028000,813,790.86,false
3586434000,2381841,2381029,0,2381027,3587462000,2382743,2381842,0,2381840,1028000,813,790.86,true
3587462000,2382743,2381842,0,2381840,3588525000,2383645,2382744,0,2382742,1063000,902,848.54,true
3588525000,2383645,2382744,0,2382742,3589598000,2384458,2383646,0,2383644,1073000,902,840.63,true
3589598000,2384458,2383646,0,2383644,3590626000,2385271,2384459,0,2384457,1028000,813,790.86,true
3590626000,2385271,2384459,0,2384457,3591677000,2386084,2385272,0,2385270,1051000,813,773.55,false
3591677000,2386084,2385272,0,2385270,3592725000,2386897,2386085,0,2386083,1048000,813,775.76,false
3592725000,2386897,2386085,0,2386083,3593778000,2387710,2386898,0,2386896,1053000,813,772.08,false
3593778000,2387710,2386898,0,2386896,3594834000,2388523,2387711,0,2387709,1056000,813,769.89,false
3594834000,2388523,2387711,0,2387709,3595890000,2389336,2388524,0,2388522,1056000,813,769.89,false
3595890000,2389336,2388524,0,2388522,3596946000,2390149,2389337,0,2389335,1056000,813,769.89,false
3596946000,2390149,2389337,0,2389335,3598002000,2390962,2390150,0,2390148,1056000,813,769.89,false
3598002000,2390962,2390150,0,2390148,3599058000,2391775,2390963,0,2390961,1056000,813,769.89,false
3599058000,2391775,2390963,0,2390961,3600114000,2392588,2391776,0,2391774,1056000,813,769.89,false
3600114000,2392588,2391776,0,2391774,3601170000,2393401,2392589,0,2392587,1056000,813,769.89,false
3601170000,2393401,2392589,0,2392587,3602226000,2394214,2393402,0,2393400,1056000,813,769.89,false
3602226000,2394214,2393402,0,2393400,3603282000,2395027,2394215,0,2394213,1056000,813,769.89,false
3603282000,2395027,2394215,0,2394213,3604338000,2395840,2395028,0,2395026,1056000,813,769.89,false
3604338000,2395840,2395028,0,2395026,3605394000,2396653,2395841,0,2395839,1056000,813,769.89,false
3605394000,2396653,2395841,0,2395839,3606450000,2397466,2396654,0,2396652,1056000,813,769.89,false
3606450000,2397466,2396654,0,2396652,3607506000,2398279,2397467,0,2397465,1056000,813,769.89,false
3607506000,2398279,2397467,0,2397465,3608562000,2399092,2398280,0,2398278,1056000,813,769.89,false
3608562000,2399092,2398280,0,2398278,3609618000,2399905,2399093,0,2399091,1056000,813,769.89,false
3609618000,2399905,2399093,0,2399091,3610674000,2400718,2399906,0,2399904,1056000,813,769.89,false
3611650000,2401468,2400656,0,2400654,3612706000,2402281,2401469,0,2401467,1056000,813,769.89,false
3612706000,2402281,2401469,0,2401467,3613762000,2403094,2402282,0,2402280,1056000,813,769.89,false
3613762000,2403094,2402282,0,2402280,3614818000,2404080,2403095,0,2403093,1056000,813,769.89,true
3614818000,2404080,2403095,0,2403093,3615982000,2405066,2404081,0,2404079,1164000,986,847.08,true
3615982000,2405066,2404081,0,2404079,3617135000,2405879,2405067,0,2405065,1153000,986,855.16,true
3617135000,2405879,2405067,0,2405065,3618294000,2406661,2405880,0,2405878,1159000,813,701.47,true
3618294000,2406661,2405880,0,2405878,3619308000,2407443,2406662,0,2406660,1014000,782,771.20,false
3619308000,2407443,2406662,0,2406660,3620340000,2408225,2407444,0,2407442,1032000,782,757.75,false
3620340000,2408225,2407444,0,2407442,3621385000,2409007,2408226,0,2408224,1045000,782,748.33,false
3621385000,2409007,2408226,0,2408224,3622429000,2409789,2409008,0,2409006,1044000,782,749.04,false
3622429000,2409789,2409008,0,2409006,3623472000,2410571,2409790,0,2409788,1043000,782,749.76,false
3623472000,2410571,2409790,0,2409788,3624515000,2411353,2410572,0,2410570,1043000,782,749.76,false
3624515000,2411353,2410572,0,2410570,3625558000,2412135,2411354,0,2411352,1043000,782,749.76,false
3625558000,2412135,2411354,0,2411352,3626601000,2412917,2412136,0,2412134,1043000,782,749.76,false
3626601000,2412917,2412136,0,2412134,3627645000,2413699,2412918,0,2412916,1044000,782,749.04,false
3627645000,2413699,2412918,0,2412916,3628688000,2414481,2413700,0,2413698,1043000,782,749.76,false
3628688000,2414481,2413700,0,2413698,3629731000,2415263,2414482,0,2414480,1043000,782,749.76,false
3629731000,2415263,2414482,0,2414480,3630774000,2416045,2415264,0,2415262,1043000,782,749.76,false
3630774000,2416045,2415264,0,2415262,3631817000,2416827,2416046,0,2416044,1043000,782,749.76,false
3631817000,2416827,2416046,0,2416044,3632860000,2417609,2416828,0,2416826,1043000,782,749.76,false
3632860000,2417609,2416828,0,2416826,3633903000,2418391,2417610,0,2417608,1043000,782,749.76,false
3633903000,2418391,2417610,0,2417608,3634946000,2419173,2418392,0,2418390,1043000,782,749.76,false
3634946000,2419173,2418392,0,2418390,3635989000,2419955,2419174,0,2419172,1043000,782,749.76,false
3635989000,2419955,2419174,0,2419172,3637032000,2420737,2419956,0,2419954,1043000,782,749.76,false
3637032000,2420737,2419956,0,2419954,3638075000,2421519,2420738,0,2420736,1043000,782,749.76,false
3638923000,2422154,2421373,0,2421371,3639966000,2422936,2422155,0,2422153,1043000,782,749.76,false
3639966000,2422936,2422155,0,2422153,3641009000,2423718,2422937,0,2422935,1043000,782,749.76,false
3641009000,2423718,2422937,0,2422935,3642151000,2424629,2423719,0,2423717,1142000,782,684.76,true
3642151000,2424629,2423719,0,2423717,3643245000,2425540,2424630,0,2424628,1094000,911,832.72,true
3643245000,2425540,2424630,0,2424628,3644343000,2426322,2425541,0,2425539,1098000,911,829.69,true
3644343000,2426322,2425541,0,2425539,3645372000,2427104,2426323,0,2426321,1029000,782,759.96,true
3645372000,2427104,2426323,0,2426321,3646386000,2427886,2427105,0,2427103,1014000,782,771.20,false
3646386000,2427886,2427105,0,2427103,3647410000,2428668,2427887,0,2427885,1024000,782,763.67,false
3647410000,2428668,2427887,0,2427885,3648441000,2429450,2428669,0,2428667,1031000,782,758.49,false
3648441000,2429450,2428669,0,2428667,3649471000,2430232,2429451,0,2429449,1030000,782,759.22,false
3649471000,2430232,2429451,0,2429449,3650500000,2431014,2430233,0,2430231,1029000,782,759.96,false
3650500000,2431014,2430233,0,2430231,3651529000,2431796,2431015,0,2431013,1029000,782,759.96,false
3651529000,2431796,2431015,0,2431013,3652558000,2432578,2431797,0,2431795,1029000,782,759.96,false
3652558000,2432578,2431797,0,2431795,3653587000,2433360,2432579,0,2432577,1029000,782,759.96,false
3653587000,2433360,2432579,0,2432577,3654616000,2434142,2433361,0,2433359,1029000,782,759.96,false
3654616000,2434142,2433361,0,2433359,3655645000,2434924,2434143,0,2434141,1029000,782,759.96,false
3655645000,2434924,2434143,0,2434141,3656674000,2435706,2434925,0,2434923,1029000,782,759.96,false
3656674000,2435706,2434925,0,2434923,3657703000,2436488,2435707,0,2435705,1029000,782,759.96,false
3657703000,2436488,2435707,0,2435705,3658732000,2437270,2436489,0,2436487,1029000,782,759.96,false
3658732000,2437270,2436489,0,2436487,3659761000,2438052,2437271,0,2437269,1029000,782,759.96,false
3659761000,2438052,2437271,0,2437269,3660790000,2438834,2438053,0,2438051,1029000,782,759.96,false
3660790000,2438834,2438053,0,2438051,3661819000,2439616,2438835,0,2438833,1029000,782,759.96,false
3661819000,2439616,2438835,0,2438833,3662848000,2440398,2439617,0,2439615,1029000,782,759.96,false
3662848000,2440398,2439617,0,2439615,3663877000,2441180,2440399,0,2440397,1029000,782,759.96,false
3664579000,2441714,2440933,0,2440931,3665636000,2442496,2441715,0,2441713,1057000,782,739.83,false
3665636000,2442496,2441715,0,2441713,3666690000,2443278,2442497,0,2442495,1054000,782,741.94,false
3666690000,2443278,2442497,0,2442495,3667727000,2444090,2443279,0,2443277,1037000,782,754.10,true
3667727000,2444090,2443279,0,2443277,3668767000,2444902,2444091,0,2444089,1040000,812,780.77,true
3668767000,2444902,2444091,0,2444089,3669806000,2445714,2444903,0,2444901,1039000,812,781.52,true
3669806000,2445714,2444903,0,2444901,3670843000,2446496,2445715,0,2445713,1037000,812,783.03,true
3670843000,2446496,2445715,0,2445713,3671876000,2447283,2446497,0,2446495,1033000,782,757.02,true
3671876000,2447283,2446497,0,2446495,3672905000,2448070,2447284,0,2447282,1029000,787,764.82,false
3672905000,2448070,2447284,0,2447282,3673932000,2448857,2448071,0,2448069,1027000,787,766.31,false
3673932000,2448857,2448071,0,2448069,3674959000,2449644,2448858,0,2448856,1027000,787,766.31,false
3674959000,2449644,2448858,0,2448856,3675987000,2450431,2449645,0,2449643,1028000,787,765.56,false
3675987000,2450431,2449645,0,2449643,3677015000,2451218,2450432,0,2450430,1028000,787,765.56,false
3677015000,2451218,2450432,0,2450430,3678043000,2452005,2451219,0,2451217,1028000,787,765.56,false
3678043000,2452005,2451219,0,2451217,3679071000,2452792,2452006,0,2452004,1028000,787,765.56,false
3679071000,2452792,2452006,0,2452004,3680099000,2453579,2452793,0,2452791,1028000,787,765.56,false
3680099000,2453579,2452793,0,2452791,3681127000,2454366,2453580,0,2453578,1028000,787,765.56,false
3681127000,2454366,2453580,0,2453578,3682155000,2455153,2454367,0,2454365,1028000,787,765.56,false
3682155000,2455153,2454367,0,2454365,3683183000,2455940,2455154,0,2455152,1028000,787,765.56,false
3683183000,2455940,2455154,0,2455152,3684211000,2456727,2455941,0,2455939,1028000,787,765.56,false
3684211000,2456727,2455941,0,2455939,3685239000,2457514,2456728,0,2456726,1028000,787,765.56,false
3685239000,2457514,2456728,0,2456726,3686267000,2458301,2457515,0,2457513,1028000,787,765.56,false
3686267000,2458301,2457515,0,2457513,3687295000,2459088,2458302,0,2458300,1028000,787,765.56,false
3687295000,2459088,2458302,0,2458300,3688323000,2459875,2459089,0,2459087,1028000,787,765.56,false
3688323000,2459875,2459089,0,2459087,3689414000,2460662,2459876,0,2459874,1091000,787,721.36,false
3690437000,2461446,2460660,0,2460658,3691458000,2462233,2461447,0,2461445,1021000,787,770.81,false
3691458000,2462233,2461447,0,2461445,3692481000,2463020,2462234,0,2462232,1023000,787,769.31,false
3692481000,2463020,2462234,0,2462232,3693506000,2463860,2463021,0,2463019,1025000,787,767.80,true
3693506000,2463860,2463021,0,2463019,3694546000,2464700,2463861,0,2463859,1040000,840,807.69,true
3694546000,2464700,2463861,0,2463859,3695593000,2465487,2464701,0,2464699,1047000,840,802.29,true
3695593000,2465487,2464701,0,2464699,3696612000,2466286,2465488,0,2465486,1019000,787,772.33,true
3696612000,2466286,2465488,0,2465486,3697639000,2467085,2466287,0,2466285,1027000,799,777.99,false
3697639000,2467085,2466287,0,2466285,3698668000,2467884,2467086,0,2467084,1029000,799,776.48,false
3698668000,2467884,2467086,0,2467084,3699698000,2468683,2467885,0,2467883,1030000,799,775.73,false
3699698000,2468683,2467885,0,2467883,3700727000,2469482,2468684,0,2468682,1029000,799,776.48,false
3700727000,2469482,2468684,0,2468682,3701756000,2470281,2469483,0,2469481,1029000,799,776.48,false
3701756000,2470281,2469483,0,2469481,3702785000,2471080,2470282,0,2470280,1029000,799,776.48,false
3702785000,2471080,2470282,0,2470280,3703814000,2471879,2471081,0,2471079,1029000,799,776.48,false
3703814000,2471879,2471081,0,2471079,3704843000,2472678,2471880,0,2471878,1029000,799,776.48,false
3704843000,2472678,2471880,0,2471878,3705872000,2473477,2472679,0,2472677,1029000,799,776.48,false
3705872000,2473477,2472679,0,2472677,3706901000,2474276,2473478,0,2473476,1029000,799,776.48,false
3706901000,2474276,2473478,0,2473476,3707930000,2475075,2474277,0,2474275,1029000,799,776.48,false
3707930000,2475075,2474277,0,2474275,3708959000,2475874,2475076,0,2475074,1029000,799,776.48,false
3708959000,2475874,2475076,0,2475074,3709988000,2476673,2475875,0,2475873,1029000,799,776.48,false
3709988000,2476673,2475875,0,2475873,3711017000,2477472,2476674,0,2476672,1029000,799,776.48,false
3711017000,2477472,2476674,0,2476672,3712112000,2478271,2477473,0,2477471,1095000,799,729.68,false
3712112000,2478271,2477473,0,2477471,3713132000,2479070,2478272,0,2478270,1020000,799,783.33,false
3713132000,2479070,2478272,0,2478270,3714162000,2479869,2479071,0,2479069,1030000,799,775.73,false
3714162000,2479869,2479071,0,2479069,3715190000,2480668,2479870,0,2479868,1028000,799,777.24,false
3716004000,2481301,2480503,0,2480501,3717029000,2482100,2481302,0,2481300,1025000,799,779.51,false
3717029000,2482100,2481302,0,2481300,3718055000,2482899,2482101,0,2482099,1026000,799,778.75,false
3718055000,2482899,2482101,0,2482099,3719081000,2483776,2482900,0,2482898,1026000,799,778.75,true
3719081000,2483776,2482900,0,2482898,3720135000,2484653,2483777,0,2483775,1054000,877,832.07,true
3720135000,2484653,2483777,0,2483775,3721196000,2485452,2484654,0,2484652,1061000,877,826.58,true
3721196000,2485452,2484654,0,2484652,3722223000,2486256,2485453,0,2485451,1027000,799,777.99,true
3722223000,2486256,2485453,0,2485451,3723244000,2487060,2486257,0,2486255,1021000,804,787.46,false
3723244000,2487060,2486257,0,2486255,3724269000,2487864,2487061,0,2487059,1025000,804,784.39,false
3724269000,2487864,2487061,0,2487059,3725298000,2488668,2487865,0,2487863,1029000,804,781.34,false
3725298000,2488668,2487865,0,2487863,3726327000,2489472,2488669,0,2488667,1029000,804,781.34,false
3726327000,2489472,2488669,0,2488667,3727355000,2490276,2489473,0,2489471,1028000,804,782.10,false
3727355000,2490276,2489473,0,2489471,3728383000,2491080,2490277,0,2490275,1028000,804,782.10,false
3728383000,2491080,2490277,0,2490275,3729411000,2491884,2491081,0,2491079,1028000,804,782.10,false
3729411000,2491884,2491081,0,2491079,3730439000,2492688,2491885,0,2491883,1028000,804,782.10,false
3730439000,2492688,2491885,0,2491883,3731467000,2493492,2492689,0,2492687,1028000,804,782.10,false
3731467000,2493492,2492689,0,2492687,3732495000,2494296,2493493,0,2493491,1028000,804,782.10,false
3732495000,2494296,2493493,0,2493491,3733523000,2495100,2494297,0,2494295,1028000,804,782.10,false
3733523000,2495100,2494297,0,2494295,3734551000,2495904,2495101,0,2495099,1028000,804,782.10,false
3734551000,2495904,2495101,0,2495099,3735648000,2496708,2495905,0,2495903,1097000,804,732.91,false
3735648000,2496708,2495905,0,2495903,3736662000,2497512,2496709,0,2496707,1014000,804,792.90,false
3736662000,2497512,2496709,0,2496707,3737692000,2498316,2497513,0,2497511,1030000,804,780.58,false
3737692000,2498316,2497513,0,2497511,3738722000,2499120,2498317,0,2498315,1030000,804,780.58,false
3738722000,2499120,2498317,0,2498315,3739751000,2499924,2499121,0,2499119,1029000,804,781.34,false
3739751000,2499924,2499121,0,2499119,3740779000,2500728,2499925,0,2499923,1028000,804,782.10,false
3741575000,2501351,2500548,0,2500546,3742603000,2502155,2501352,0,2501350,1028000,804,782.10,false
3742603000,2502155,2501352,0,2501350,3743631000,2502959,2502156,0,2502154,1028000,804,782.10,false
3743631000,2502959,2502156,0,2502154,3744659000,2503851,2502960,0,2502958,1028000,804,782.10,true
3744659000,2503851,2502960,0,2502958,3745720000,2504743,2503852,0,2503850,1061000,892,840.72,true
3745720000,2504743,2503852,0,2503850,3746790000,2505547,2504744,0,2504742,1070000,892,833.64,true
3746790000,2505547,2504744,0,2504742,3747820000,2506353,2505548,0,2505546,1030000,804,780.58,true
3747820000,2506353,2505548,0,2505546,3748840000,2507159,2506354,0,2506352,1020000,806,790.20,false
3748840000,2507159,2506354,0,2506352,3749866000,2507965,2507160,0,2507158,1026000,806,785.58,false
3749866000,2507965,2507160,0,2507158,3750895000,2508771,2507966,0,2507964,1029000,806,783.28,false
3750895000,2508771,2507966,0,2507964,3751924000,2509577,2508772,0,2508770,1029000,806,783.28,false
3751924000,2509577,2508772,0,2508770,3752953000,2510383,2509578,0,2509576,1029000,806,783.28,false
3752953000,2510383,2509578,0,2509576,3753982000,2511189,2510384,0,2510382,1029000,806,783.28,false
3753982000,2511189,2510384,0,2510382,3755011000,2511995,2511190,0,2511188,1029000,806,783.28,false
3755011000,2511995,2511190,0,2511188,3756040000,2512801,2511996,0,2511994,1029000,806,783.28,false
3756040000,2512801,2511996,0,2511994,3757069000,2513607,2512802,0,2512800,1029000,806,783.28,false
3757069000,2513607,2512802,0,2512800,3758098000,2514413,2513608,0,2513606,1029000,806,783.28,false
3758098000,2514413,2513608,0,2513606,3759196000,2515219,2514414,0,2514412,1098000,806,734.06,false
3759196000,2515219,2514414,0,2514412,3760216000,2516025,2515220,0,2515218,1020000,806,790.20,false
3760216000,2516025,2515220,0,2515218,3761246000,2516831,2516026,0,2516024,1030000,806,782.52,false
3761246000,2516831,2516026,0,2516024,3762276000,2517637,2516832,0,2516830,1030000,806,782.52,false
3762276000,2517637,2516832,0,2516830,3763305000,2518443,2517638,0,2517636,1029000,806,783.28,false
3763305000,2518443,2517638,0,2517636,3764334000,2519249,2518444,0,2518442,1029000,806,783.28,false
3764334000,2519249,2518444,0,2518442,3765363000,2520055,2519250,0,2519248,1029000,806,783.28,false
3765363000,2520055,2519250,0,2519248,3766392000,2520861,2520056,0,2520054,1029000,806,783.28,false
3767284000,2521559,2520754,0,2520752,3768313000,2522365,2521560,0,2521558,1029000,806,783.28,false
3768313000,2522365,2521560,0,2521558,3769342000,2523171,2522366,0,2522364,1029000,806,783.28,false
3769342000,2523171,2522366,0,2522364,3770371000,2524068,2523172,0,2523170,1029000,806,783.28,true
3770371000,2524068,2523172,0,2523170,3771433000,2524965,2524069,0,2524067,1062000,897,844.63,true
3771433000,2524965,2524069,0,2524067,3772507000,2525771,2524966,0,2524964,1074000,897,835.20,true
3772507000,2525771,2524966,0,2524964,3773536000,2526578,2525772,0,2525770,1029000,806,783.28,true
3773536000,2526578,2525772,0,2525770,3774556000,2527385,2526579,0,2526577,1020000,807,791.18,false
3774556000,2527385,2526579,0,2526577,3775583000,2528192,2527386,0,2527384,1027000,807,785.78,false
3775583000,2528192,2527386,0,2527384,3776612000,2528999,2528193,0,2528191,1029000,807,784.26,false
3776612000,2528999,2528193,0,2528191,3777642000,2529806,2529000,0,2528998,1030000,807,783.50,false
3777642000,2529806,2529000,0,2528998,3778671000,2530613,2529807,0,2529805,1029000,807,784.26,false
3778671000,2530613,2529807,0,2529805,3779700000,2531420,2530614,0,2530612,1029000,807,784.26,false
3779700000,2531420,2530614,0,2530612,3780729000,2532227,2531421,0,2531419,1029000,807,784.26,false
3780729000,2532227,2531421,0,2531419,3781758000,2533034,2532228,0,2532226,1029000,807,784.26,false
3781758000,2533034,2532228,0,2532226,3782859000,2533841,2533035,0,2533033,1101000,807,732.97,false
3782859000,2533841,2533035,0,2533033,3783874000,2534648,2533842,0,2533840,1015000,807,795.07,false
3783874000,2534648,2533842,0,2533840,3784903000,2535455,2534649,0,2534647,1029000,807,784.26,false
3784903000,2535455,2534649,0,2534647,3785934000,2536262,2535456,0,2535454,1031000,807,782.74,false
3785934000,2536262,2535456,0,2535454,3786964000,2537069,2536263,0,2536261,1030000,807,783.50,false
3786964000,2537069,2536263,0,2536261,3787993000,2537876,2537070,0,2537068,1029000,807,784.26,false
3787993000,2537876,2537070,0,2537068,3789022000,2538683,2537877,0,2537875,1029000,807,784.26,false
3789022000,2538683,2537877,0,2537875,3790051000,2539490,2538684,0,2538682,1029000,807,784.26,false
3790051000,2539490,2538684,0,2538682,3791080000,2540297,2539491,0,2539489,1029000,807,784.26,false
3791080000,2540297,2539491,0,2539489,3792109000,2541104,2540298,0,2540296,1029000,807,784.26,false
3793036000,2541831,2541025,0,2541023,3794065000,2542638,2541832,0,2541830,1029000,807,784.26,false
3794065000,2542638,2541832,0,2541830,3795094000,2543445,2542639,0,2542637,1029000,807,784.26,false
3795094000,2543445,2542639,0,2542637,3796123000,2544343,2543446,0,2543444,1029000,807,784.26,true
3796123000,2544343,2543446,0,2543444,3797187000,2545241,2544344,0,2544342,1064000,898,843.98,true
3797187000,2545241,2544344,0,2544342,3798261000,2546048,2545242,0,2545240,1074000,898,836.13,true
3798261000,2546048,2545242,0,2545240,3799292000,2546855,2546049,0,2546047,1031000,807,782.74,true
3799292000,2546855,2546049,0,2546047,3800312000,2547662,2546856,0,2546854,1020000,807,791.18,false
3800312000,2547662,2546856,0,2546854,3801338000,2548469,2547663,0,2547661,1026000,807,786.55,false
3801338000,2548469,2547663,0,2547661,3802368000,2549276,2548470,0,2548468,1030000,807,783.50,false
3802368000,2549276,2548470,0,2548468,3803398000,2550083,2549277,0,2549275,1030000,807,783.50,false
3803398000,2550083,2549277,0,2549275,3804427000,2550890,2550084,0,2550082,1029000,807,784.26,false
3804427000,2550890,2550084,0,2550082,3805456000,2551697,2550891,0,2550889,1029000,807,784.26,false
3805456000,2551697,2550891,0,2550889,3806557000,2552504,2551698,0,2551696,1101000,807,732.97,false
3806557000,2552504,2551698,0,2551696,3807575000,2553311,2552505,0,2552503,1018000,807,792.73,false
3807575000,2553311,2552505,0,2552503,3808603000,2554118,2553312,0,2553310,1028000,807,785.02,false
3808603000,2554118,2553312,0,2553310,3809633000,2554925,2554119,0,2554117,1030000,807,783.50,false
3809633000,2554925,2554119,0,2554117,3810663000,2555732,2554926,0,2554924,1030000,807,783.50,false
3810663000,2555732,2554926,0,2554924,3811692000,2556539,2555733,0,2555731,1029000,807,784.26,false
3811692000,2556539,2555733,0,2555731,3812721000,2557346,2556540,0,2556538,1029000,807,784.26,false
3812721000,2557346,2556540,0,2556538,3813750000,2558153,2557347,0,2557345,1029000,807,784.26,false
3813750000,2558153,2557347,0,2557345,3814779000,2558960,2558154,0,2558152,1029000,807,784.26,false
3814779000,2558960,2558154,0,2558152,3815808000,2559767,2558961,0,2558959,1029000,807,784.26,false
3815808000,2559767,2558961,0,2558959,3816837000,2560574,2559768,0,2559766,1029000,807,784.26,false
3816837000,2560574,2559768,0,2559766,3817866000,2561381,2560575,0,2560573,1029000,807,784.26,false
3818838000,2562144,2561338,0,2561336,3819867000,2562951,2562145,0,2562143,1029000,807,784.26,false
3819867000,2562951,2562145,0,2562143,3820896000,2563758,2562952,0,2562950,1029000,807,784.26,false
3820896000,2563758,2562952,0,2562950,3821925000,2564656,2563759,0,2563757,1029000,807,784.26,true
3821925000,2564656,2563759,0,2563757,3822989000,2565554,2564657,0,2564655,1064000,898,843.98,true
3822989000,2565554,2564657,0,2564655,3824063000,2566361,2565555,0,2565553,1074000,898,836.13,true
3824063000,2566361,2565555,0,2565553,3825093000,2567168,2566362,0,2566360,1030000,807,783.50,true
3825093000,2567168,2566362,0,2566360,3826113000,2567975,2567169,0,2567167,1020000,807,791.18,false
3826113000,2567975,2567169,0,2567167,3827139000,2568782,2567976,0,2567974,1026000,807,786.55,false
3827139000,2568782,2567976,0,2567974,3828169000,2569589,2568783,0,2568781,1030000,807,783.50,false
3828169000,2569589,2568783,0,2568781,3829199000,2570396,2569590,0,2569588,1030000,807,783.50,false
3829199000,2570396,2569590,0,2569588,3830308000,2571203,2570397,0,2570395,1109000,807,727.68,false
3830308000,2571203,2570397,0,2570395,3831322000,2572010,2571204,0,2571202,1014000,807,795.86,false
3831322000,2572010,2571204,0,2571202,3832347000,2572817,2572011,0,2572009,1025000,807,787.32,false
3832347000,2572817,2572011,0,2572009,3833376000,2573624,2572818,0,2572816,1029000,807,784.26,false
3833376000,2573624,2572818,0,2572816,3834406000,2574431,2573625,0,2573623,1030000,807,783.50,false
3834406000,2574431,2573625,0,2573623,3835435000,2575238,2574432,0,2574430,1029000,807,784.26,false
3835435000,2575238,2574432,0,2574430,3836464000,2576045,2575239,0,2575237,1029000,807,784.26,false
3836464000,2576045,2575239,0,2575237,3837493000,2576852,2576046,0,2576044,1029000,807,784.26,false
3837493000,2576852,2576046,0,2576044,3838522000,2577659,2576853,0,2576851,1029000,807,784.26,false
3838522000,2577659,2576853,0,2576851,3839551000,2578466,2577660,0,2577658,1029000,807,784.26,false
3839551000,2578466,2577660,0,2577658,3840580000,2579273,2578467,0,2578465,1029000,807,784.26,false
3840580000,2579273,2578467,0,2578465,3841609000,2580080,2579274,0,2579272,1029000,807,784.26,false
3841609000,2580080,2579274,0,2579272,3842638000,2580887,2580081,0,2580079,1029000,807,784.26,false
3842638000,2580887,2580081,0,2580079,3843667000,2581694,2580888,0,2580886,1029000,807,784.26,false
3844648000,2582464,2581658,0,2581656,3845677000,2583271,2582465,0,2582463,1029000,807,784.26,false
3845677000,2583271,2582465,0,2582463,3846706000,2584078,2583272,0,2583270,1029000,807,784.26,false
3846706000,2584078,2583272,0,2583270,3847735000,2584976,2584079,0,2584077,1029000,807,784.26,true
3847735000,2584976,2584079,0,2584077,3848799000,2585874,2584977,0,2584975,1064000,898,843.98,true
3848799000,2585874,2584977,0,2584975,3849873000,2586681,2585875,0,2585873,1074000,898,836.13,true
3849873000,2586681,2585875,0,2585873,3850903000,2587488,2586682,0,2586680,1030000,807,783.50,true
3850903000,2587488,2586682,0,2586680,3851923000,2588295,2587489,0,2587487,1020000,807,791.18,false
3851923000,2588295,2587489,0,2587487,3852949000,2589102,2588296,0,2588294,1026000,807,786.55,false
3852949000,2589102,2588296,0,2588294,3854041000,2589909,2589103,0,2589101,1092000,807,739.01,false
3854041000,2589909,2589103,0,2589101,3855073000,2590716,2589910,0,2589908,1032000,807,781.98,false
3855073000,2590716,2589910,0,2589908,3856098000,2591523,2590717,0,2590715,1025000,807,787.32,false
3856098000,2591523,2590717,0,2590715,3857125000,2592330,2591524,0,2591522,1027000,807,785.78,false
3857125000,2592330,2591524,0,2591522,3858154000,2593137,2592331,0,2592329,1029000,807,784.26,false
3858154000,2593137,2592331,0,2592329,3859183000,2593944,2593138,0,2593136,1029000,807,784.26,false
3859183000,2593944,2593138,0,2593136,3860212000,2594751,2593945,0,2593943,1029000,807,784.26,false
3860212000,2594751,2593945,0,2593943,3861241000,2595558,2594752,0,2594750,1029000,807,784.26,false
3861241000,2595558,2594752,0,2594750,3862270000,2596365,2595559,0,2595557,1029000,807,784.26,false
3862270000,2596365,2595559,0,2595557,3863299000,2597172,2596366,0,2596364,1029000,807,784.26,false
3863299000,2597172,2596366,0,2596364,3864328000,2597979,2597173,0,2597171,1029000,807,784.26,false
3864328000,2597979,2597173,0,2597171,3865357000,2598786,2597980,0,2597978,1029000,807,784.26,false
3865357000,2598786,2597980,0,2597978,3866386000,2599593,2598787,0,2598785,1029000,807,784.26,false
3866386000,2599593,2598787,0,2598785,3867415000,2600400,2599594,0,2599592,1029000,807,784.26,false
3867415000,2600400,2599594,0,2599592,3868444000,2601207,2600401,0,2600399,1029000,807,784.26,false
3868444000,2601207,2600401,0,2600399,3869473000,2602014,2601208,0,2601206,1029000,807,784.26,false
3870429000,2602762,2601956,0,2601954,3871458000,2603569,2602763,0,2602761,1029000,807,784.26,false
3871458000,2603569,2602763,0,2602761,3872487000,2604376,2603570,0,2603568,1029000,807,784.26,false
3872487000,2604376,2603570,0,2603568,3873516000,2605274,2604377,0,2604375,1029000,807,784.26,true
3873516000,2605274,2604377,0,2604375,3874579000,2606172,2605275,0,2605273,1063000,898,844.78,true
3874579000,2606172,2605275,0,2605273,3875653000,2606979,2606173,0,2606171,1074000,898,836.13,true
3875653000,2606979,2606173,0,2606171,3876763000,2607786,2606980,0,2606978,1110000,807,727.03,true
3876763000,2607786,2606980,0,2606978,3877798000,2608593,2607787,0,2607785,1035000,807,779.71,false
3877798000,2608593,2607787,0,2607785,3878842000,2609400,2608594,0,2608592,1044000,807,772.99,false
3878842000,2609400,2608594,0,2608592,3879878000,2610207,2609401,0,2609399,1036000,807,778.96,false
3879878000,2610207,2609401,0,2609399,3880910000,2611014,2610208,0,2610206,1032000,807,781.98,false
3880910000,2611014,2610208,0,2610206,3881941000,2611821,2611015,0,2611013,1031000,807,782.74,false
3881941000,2611821,2611015,0,2611013,3882973000,2612628,2611822,0,2611820,1032000,807,781.98,false
3882973000,2612628,2611822,0,2611820,3884006000,2613435,2612629,0,2612627,1033000,807,781.22,false
3884006000,2613435,2612629,0,2612627,3885038000,2614242,2613436,0,2613434,1032000,807,781.98,false
3885038000,2614242,2613436,0,2613434,3886070000,2615049,2614243,0,2614241,1032000,807,781.98,false
3886070000,2615049,2614243,0,2614241,3887102000,2615856,2615050,0,2615048,1032000,807,781.98,false
3887102000,2615856,2615050,0,2615048,3888134000,2616663,2615857,0,2615855,1032000,807,781.98,false
3888134000,2616663,2615857,0,2615855,3889167000,2617470,2616664,0,2616662,1033000,807,781.22,false
3889167000,2617470,2616664,0,2616662,3890199000,2618277,2617471,0,2617469,1032000,807,781.98,false
3890199000,2618277,2617471,0,2617469,3891231000,2619084,2618278,0,2618276,1032000,807,781.98,false
3891231000,2619084,2618278,0,2618276,3892263000,2619891,2619085,0,2619083,1032000,807,781.98,false
3892263000,2619891,2619085,0,2619083,3893295000,2620698,2619892,0,2619890,1032000,807,781.98,false
3893295000,2620698,2619892,0,2619890,3894327000,2621505,2620699,0,2620697,1032000,807,781.98,false
3894327000,2621505,2620699,0,2620697,3895359000,2622312,2621506,0,2621504,1032000,807,781.98,false
3895359000,2622312,2621506,0,2621504,3896391000,2623119,2622313,0,2622311,1032000,807,781.98,false
3896589000,2623274,2622468,0,2622466,3897621000,2624081,2623275,0,2623273,1032000,807,781.98,false
3897621000,2624081,2623275,0,2623273,3898653000,2624888,2624082,0,2624080,1032000,807,781.98,false
3898653000,2624888,2624082,0,2624080,3899685000,2625796,2624889,0,2624887,1032000,807,781.98,true
3899685000,2625796,2624889,0,2624887,3900852000,2626704,2625797,0,2625795,1167000,908,778.06,true
3900852000,2626704,2625797,0,2625795,3901905000,2627511,2626705,0,2626703,1053000,908,862.30,true
3901905000,2627511,2626705,0,2626703,3902923000,2628332,2627512,0,2627510,1018000,807,792.73,true
3902923000,2628332,2627512,0,2627510,3903941000,2629153,2628333,0,2628331,1018000,821,806.48,false
3903941000,2629153,2628333,0,2628331,3904966000,2629974,2629154,0,2629152,1025000,821,800.98,false
3904966000,2629974,2629154,0,2629152,3905992000,2630795,2629975,0,2629973,1026000,821,800.19,false
3905992000,2630795,2629975,0,2629973,3907017000,2631616,2630796,0,2630794,1025000,821,800.98,false
3907017000,2631616,2630796,0,2630794,3908042000,2632437,2631617,0,2631615,1025000,821,800.98,false
3908042000,2632437,2631617,0,2631615,3909067000,2633258,2632438,0,2632436,1025000,821,800.98,false
3909067000,2633258,2632438,0,2632436,3910092000,2634079,2633259,0,2633257,1025000,821,800.98,false
3910092000,2634079,2633259,0,2633257,3911117000,2634900,2634080,0,2634078,1025000,821,800.98,false
3911117000,2634900,2634080,0,2634078,3912142000,2635721,2634901,0,2634899,1025000,821,800.98,false
3912142000,2635721,2634901,0,2634899,3913167000,2636542,2635722,0,2635720,1025000,821,800.98,false
3913167000,2636542,2635722,0,2635720,3914192000,2637363,2636543,0,2636541,1025000,821,800.98,false
3914192000,2637363,2636543,0,2636541,3915217000,2638184,2637364,0,2637362,1025000,821,800.98,false
3915217000,2638184,2637364,0,2637362,3916242000,2639005,2638185,0,2638183,1025000,821,800.98,false
3916242000,2639005,2638185,0,2638183,3917267000,2639826,2639006,0,2639004,1025000,821,800.98,false
3917267000,2639826,2639006,0,2639004,3918292000,2640647,2639827,0,2639825,1025000,821,800.98,false
3918292000,2640647,2639827,0,2639825,3919317000,2641468,2640648,0,2640646,1025000,821,800.98,false
3919317000,2641468,2640648,0,2640646,3920342000,2642289,2641469,0,2641467,1025000,821,800.98,false
3920342000,2642289,2641469,0,2641467,3921367000,2643110,2642290,0,2642288,1025000,821,800.98,false
3921662000,2643345,2642525,0,2642523,3922687000,2644166,2643346,0,2643344,1025000,821,800.98,false
3922687000,2644166,2643346,0,2643344,3923765000,2644987,2644167,0,2644165,1078000,821,761.60,false
3923765000,2644987,2644167,0,2644165,3924793000,2645889,2644988,0,2644986,1028000,821,798.64,true
3924793000,2645889,2644988,0,2644986,3925864000,2646791,2645890,0,2645888,1071000,902,842.20,true
3925864000,2646791,2645890,0,2645888,3926935000,2647612,2646792,0,2646790,1071000,902,842.20,true
3926935000,2647612,2646792,0,2646790,3927936000,2648440,2647613,0,2647611,1001000,821,820.18,true
3927936000,2648440,2647613,0,2647611,3928968000,2649268,2648441,0,2648439,1032000,828,802.33,false
3928968000,2649268,2648441,0,2648439,3930002000,2650096,2649269,0,2649267,1034000,828,800.77,false
3930002000,2650096,2649269,0,2649267,3931034000,2650924,2650097,0,2650095,1032000,828,802.33,false
3931034000,2650924,2650097,0,2650095,3932066000,2651752,2650925,0,2650923,1032000,828,802.33,false
3932066000,2651752,2650925,0,2650923,3933098000,2652580,2651753,0,2651751,1032000,828,802.33,false
3933098000,2652580,2651753,0,2651751,3934129000,2653408,2652581,0,2652579,1031000,828,803.10,false
3934129000,2653408,2652581,0,2652579,3935160000,2654236,2653409,0,2653407,1031000,828,803.10,false
3935160000,2654236,2653409,0,2653407,3936191000,2655064,2654237,0,2654235,1031000,828,803.10,false
3936191000,2655064,2654237,0,2654235,3937222000,2655892,2655065,0,2655063,1031000,828,803.10,false
3937222000,2655892,2655065,0,2655063,3938253000,2656720,2655893,0,2655891,1031000,828,803.10,false
3938253000,2656720,2655893,0,2655891,3939285000,2657548,2656721,0,2656719,1032000,828,802.33,false
3939285000,2657548,2656721,0,2656719,3940316000,2658376,2657549,0,2657547,1031000,828,803.10,false
3940316000,2658376,2657549,0,2657547,3941347000,2659204,2658377,0,2658375,1031000,828,803.10,false
3941347000,2659204,2658377,0,2658375,3942378000,2660032,2659205,0,2659203,1031000,828,803.10,false
3942378000,2660032,2659205,0,2659203,3943409000,2660860,2660033,0,2660031,1031000,828,803.10,false
3943409000,2660860,2660033,0,2660031,3944440000,2661688,2660861,0,2660859,1031000,828,803.10,false
3944440000,2661688,2660861,0,2660859,3945471000,2662516,2661689,0,2661687,1031000,828,803.10,false
3945471000,2662516,2661689,0,2661687,3946527000,2663344,2662517,0,2662515,1056000,828,784.09,false
3946527000,2663344,2662517,0,2662515,3947594000,2664172,2663345,0,2663343,1067000,828,776.01,false
3947779000,2664324,2663497,0,2663495,3948819000,2665152,2664325,0,2664323,1040000,828,796.15,false
3948819000,2665152,2664325,0,2664323,3949851000,2665980,2665153,0,2665151,1032000,828,802.33,false
3949851000,2665980,2665153,0,2665151,3950882000,2666847,2665981,0,2665979,1031000,828,803.10,true
3950882000,2666847,2665981,0,2665979,3951928000,2667714,2666848,0,2666846,1046000,867,828.87,true
3951928000,2667714,2666848,0,2666846,3952978000,2668542,2667715,0,2667713,1050000,867,825.71,true
3952978000,2668542,2667715,0,2667713,3954001000,2669380,2668543,0,2668541,1023000,828,809.38,true
3954001000,2669380,2668543,0,2668541,3955038000,2670218,2669381,0,2669379,1037000,838,808.10,false
3955038000,2670218,2669381,0,2669379,3956074000,2671056,2670219,0,2670217,1036000,838,808.88,false
3956074000,2671056,2670219,0,2670217,3957110000,2671894,2671057,0,2671055,1036000,838,808.88,false
3957110000,2671894,2671057,0,2671055,3958145000,2672732,2671895,0,2671893,1035000,838,809.66,false
3958145000,2672732,2671895,0,2671893,3959181000,2673570,2672733,0,2672731,1036000,838,808.88,false
3959181000,2673570,2672733,0,2672731,3960217000,2674408,2673571,0,2673569,1036000,838,808.88,false
3960217000,2674408,2673571,0,2673569,3961253000,2675246,2674409,0,2674407,1036000,838,808.88,false
3961253000,2675246,2674409,0,2674407,3962289000,2676084,2675247,0,2675245,1036000,838,808.88,false
3962289000,2676084,2675247,0,2675245,3963325000,2676922,2676085,0,2676083,1036000,838,808.88,false
3963325000,2676922,2676085,0,2676083,3964361000,2677760,2676923,0,2676921,1036000,838,808.88,false
3964361000,2677760,2676923,0,2676921,3965397000,2678598,2677761,0,2677759,1036000,838,808.88,false
3965397000,2678598,2677761,0,2677759,3966433000,2679436,2678599,0,2678597,1036000,838,808.88,false
3966433000,2679436,2678599,0,2678597,3967469000,2680274,2679437,0,2679435,1036000,838,808.88,false
3967469000,2680274,2679437,0,2679435,3968505000,2681112,2680275,0,2680273,1036000,838,808.88,false
3968505000,2681112,2680275,0,2680273,3969541000,2681950,2681113,0,2681111,1036000,838,808.88,false
3969541000,2681950,2681113,0,2681111,3970641000,2682788,2681951,0,2681949,1100000,838,761.82,false
3970641000,2682788,2681951,0,2681949,3971671000,2683626,2682789,0,2682787,1030000,838,813.59,false
3971671000,2683626,2682789,0,2682787,3972711000,2684464,2683627,0,2683625,1040000,838,805.77,false
3972711000,2684464,2683627,0,2683625,3973746000,2685302,2684465,0,2684463,1035000,838,809.66,false
3973960000,2685475,2684638,0,2684636,3974992000,2686313,2685476,0,2685474,1032000,838,812.02,false
3974992000,2686313,2685476,0,2685474,3976024000,2687151,2686314,0,2686312,1032000,838,812.02,false
3976024000,2687151,2686314,0,2686312,3977056000,2688087,2687152,0,2687150,1032000,838,812.02,true
3977056000,2688087,2687152,0,2687150,3978136000,2689023,2688088,0,2688086,1080000,936,866.67,true
3978136000,2689023,2688088,0,2688086,3979221000,2689861,2689024,0,2689022,1085000,936,862.67,true
3979221000,2689861,2689024,0,2689022,3980244000,2690695,2689862,0,2689860,1023000,838,819.16,true
3980244000,2690695,2689862,0,2689860,3981268000,2691529,2690696,0,2690694,1024000,834,814.45,false
3981268000,2691529,2690696,0,2690694,3982299000,2692363,2691530,0,2691528,1031000,834,808.92,false
3982299000,2692363,2691530,0,2691528,3983330000,2693197,2692364,0,2692362,1031000,834,808.92,false
3983330000,2693197,2692364,0,2692362,3984361000,2694031,2693198,0,2693196,1031000,834,808.92,false
3984361000,2694031,2693198,0,2693196,3985392000,2694865,2694032,0,2694030,1031000,834,808.92,false
3985392000,2694865,2694032,0,2694030,3986423000,2695699,2694866,0,2694864,1031000,834,808.92,false
3986423000,2695699,2694866,0,2694864,3987453000,2696533,2695700,0,2695698,1030000,834,809.71,false
3987453000,2696533,2695700,0,2695698,3988483000,2697367,2696534,0,2696532,1030000,834,809.71,false
3988483000,2697367,2696534,0,2696532,3989514000,2698201,2697368,0,2697366,1031000,834,808.92,false
3989514000,2698201,2697368,0,2697366,3990545000,2699035,2698202,0,2698200,1031000,834,808.92,false
3990545000,2699035,2698202,0,2698200,3991576000,2699869,2699036,0,2699034,1031000,834,808.92,false
3991576000,2699869,2699036,0,2699034,3992607000,2700703,2699870,0,2699868,1031000,834,808.92,false
3992607000,2700703,2699870,0,2699868,3993638000,2701537,2700704,0,2700702,1031000,834,808.92,false
3993638000,2701537,2700704,0,2700702,3994727000,2702371,2701538,0,2701536,1089000,834,765.84,false
3994727000,2702371,2701538,0,2701536,3995755000,2703205,2702372,0,2702370,1028000,834,811.28,false
3995755000,2703205,2702372,0,2702370,3996790000,2704039,2703206,0,2703204,1035000,834,805.80,false
3996790000,2704039,2703206,0,2703204,3997821000,2704873,2704040,0,2704038,1031000,834,808.92,false
3997821000,2704873,2704040,0,2704038,3998852000,2705707,2704874,0,2704872,1031000,834,808.92,false
3998852000,2705707,2704874,0,2704872,3999883000,2706541,2705708,0,2705706,1031000,834,808.92,false
3999914000,2706567,2705734,0,2705732,4000945000,2707401,2706568,0,2706566,1031000,834,808.92,false
4000945000,2707401,2706568,0,2706566,4001976000,2708235,2707402,0,2707400,1031000,834,808.92,false
4001976000,2708235,2707402,0,2707400,4003006000,2709167,2708236,0,2708234,1030000,834,809.71,true
4003006000,2709167,2708236,0,2708234,4004082000,2710099,2709168,0,2709166,1076000,932,866.17,true
4004082000,2710099,2709168,0,2709166,4005164000,2710933,2710100,0,2710098,1082000,932,861.37,true
4005164000,2710933,2710100,0,2710098,4006190000,2711763,2710934,0,2710932,1026000,834,812.87,true
4006190000,2711763,2710934,0,2710932,4007210000,2712593,2711764,0,2711762,1020000,830,813.73,false
4007210000,2712593,2711764,0,2711762,4008238000,2713423,2712594,0,2712592,1028000,830,807.39,false
4008238000,2713423,2712594,0,2712592,4009268000,2714253,2713424,0,2713422,1030000,830,805.83,false
4009268000,2714253,2713424,0,2713422,4010297000,2715083,2714254,0,2714252,1029000,830,806.61,false
4010297000,2715083,2714254,0,2714252,4011326000,2715913,2715084,0,2715082,1029000,830,806.61,false
4011326000,2715913,2715084,0,2715082,4012355000,2716743,2715914,0,2715912,1029000,830,806.61,false
4012355000,2716743,2715914,0,2715912,4013384000,2717573,2716744,0,2716742,1029000,830,806.61,false
4013384000,2717573,2716744,0,2716742,4014413000,2718403,2717574,0,2717572,1029000,830,806.61,false
4014413000,2718403,2717574,0,2717572,4015442000,2719233,2718404,0,2718402,1029000,830,806.61,false
4015442000,2719233,2718404,0,2718402,4016471000,2720063,2719234,0,2719232,1029000,830,806.61,false
4016471000,2720063,2719234,0,2719232,4017500000,2720893,2720064,0,2720062,1029000,830,806.61,false
4017500000,2720893,2720064,0,2720062,4018589000,2721723,2720894,0,2720892,1089000,830,762.17,false
4018589000,2721723,2720894,0,2720892,4019613000,2722553,2721724,0,2721722,1024000,830,810.55,false
4019613000,2722553,2721724,0,2721722,4020645000,2723383,2722554,0,2722552,1032000,830,804.26,false
4020645000,2723383,2722554,0,2722552,4021675000,2724213,2723384,0,2723382,1030000,830,805.83,false
4021675000,2724213,2723384,0,2723382,4022704000,2725043,2724214,0,2724212,1029000,830,806.61,false
4022704000,2725043,2724214,0,2724212,4023733000,2725873,2725044,0,2725042,1029000,830,806.61,false
4023733000,2725873,2725044,0,2725042,4024762000,2726703,2725874,0,2725872,1029000,830,806.61,false
4025703000,2727462,2726633,0,2726631,4026732000,2728292,2727463,0,2727461,1029000,830,806.61,false
4026732000,2728292,2727463,0,2727461,4027761000,2729122,2728293,0,2728291,1029000,830,806.61,false
4027761000,2729122,2728293,0,2728291,4028790000,2730046,2729123,0,2729121,1029000,830,806.61,true
4028790000,2730046,2729123,0,2729121,4029859000,2730970,2730047,0,2730045,1069000,924,864.36,true
4029859000,2730970,2730047,0,2730045,4030937000,2731800,2730971,0,2730969,1078000,924,857.14,true
4030937000,2731800,2730971,0,2730969,4031965000,2732628,2731801,0,2731799,1028000,830,807.39,true
4031965000,2732628,2731801,0,2731799,4032984000,2733456,2732629,0,2732627,1019000,828,812.56,false
4032984000,2733456,2732629,0,2732627,4034010000,2734284,2733457,0,2733455,1026000,828,807.02,false
4034010000,2734284,2733457,0,2733455,4035039000,2735112,2734285,0,2734283,1029000,828,804.66,false
4035039000,2735112,2734285,0,2734283,4036067000,2735940,2735113,0,2735111,1028000,828,805.45,false
4036067000,2735940,2735113,0,2735111,4037095000,2736768,2735941,0,2735939,1028000,828,805.45,false
4037095000,2736768,2735941,0,2735939,4038123000,2737596,2736769,0,2736767,1028000,828,805.45,false
4038123000,2737596,2736769,0,2736767,4039151000,2738424,2737597,0,2737595,1028000,828,805.45,false
4039151000,2738424,2737597,0,2737595,4040179000,2739252,2738425,0,2738423,1028000,828,805.45,false
4040179000,2739252,2738425,0,2738423,4041207000,2740080,2739253,0,2739251,1028000,828,805.45,false
4041207000,2740080,2739253,0,2739251,4042303000,2740908,2740081,0,2740079,1096000,828,755.47,false
4042303000,2740908,2740081,0,2740079,4043321000,2741736,2740909,0,2740907,1018000,828,813.36,false
4043321000,2741736,2740909,0,2740907,4044353000,2742564,2741737,0,2741735,1032000,828,802.33,false
4044353000,2742564,2741737,0,2741735,4045385000,2743392,2742565,0,2742563,1032000,828,802.33,false
4045385000,2743392,2742565,0,2742563,4046417000,2744220,2743393,0,2743391,1032000,828,802.33,false
4046417000,2744220,2743393,0,2743391,4047449000,2745048,2744221,0,2744219,1032000,828,802.33,false
4047449000,2745048,2744221,0,2744219,4048480000,2745876,2745049,0,2745047,1031000,828,803.10,false
4048480000,2745876,2745049,0,2745047,4049511000,2746704,2745877,0,2745875,1031000,828,803.10,false
4049511000,2746704,2745877,0,2745875,4050542000,2747532,2746705,0,2746703,1031000,828,803.10,false
4051491000,2748294,2747467,0,2747465,4052522000,2749122,2748295,0,2748293,1031000,828,803.10,false
4052522000,2749122,2748295,0,2748293,4053553000,2749950,2749123,0,2749121,1031000,828,803.10,false
4053553000,2749950,2749123,0,2749121,4054584000,2750878,2749951,0,2749949,1031000,828,803.10,true
4054584000,2750878,2749951,0,2749949,4055662000,2751806,2750879,0,2750877,1078000,928,860.85,true
4055662000,2751806,2750879,0,2750877,4056746000,2752634,2751807,0,2751805,1084000,928,856.09,true
4056746000,2752634,2751807,0,2751805,4057772000,2753458,2752635,0,2752633,1026000,828,807.02,true
4057772000,2753458,2752635,0,2752633,4058793000,2754282,2753459,0,2753457,1021000,824,807.05,false
4058793000,2754282,2753459,0,2753457,4059821000,2755106,2754283,0,2754281,1028000,824,801.56,false
4059821000,2755106,2754283,0,2754281,4060852000,2755930,2755107,0,2755105,1031000,824,799.22,false
4060852000,2755930,2755107,0,2755105,4061882000,2756754,2755931,0,2755929,1030000,824,800.00,false
4061882000,2756754,2755931,0,2755929,4062912000,2757578,2756755,0,2756753,1030000,824,800.00,false
4062912000,2757578,2756755,0,2756753,4063942000,2758402,2757579,0,2757577,1030000,824,800.00,false
4063942000,2758402,2757579,0,2757577,4064972000,2759226,2758403,0,2758401,1030000,824,800.00,false
4064972000,2759226,2758403,0,2758401,4066074000,2760050,2759227,0,2759225,1102000,824,747.73,false
4066074000,2760050,2759227,0,2759225,4067091000,2760874,2760051,0,2760049,1017000,824,810.23,false
4067091000,2760874,2760051,0,2760049,4068119000,2761698,2760875,0,2760873,1028000,824,801.56,false
4068119000,2761698,2760875,0,2760873,4069150000,2762522,2761699,0,2761697,1031000,824,799.22,false
4069150000,2762522,2761699,0,2761697,4070180000,2763346,2762523,0,2762521,1030000,824,800.00,false
4070180000,2763346,2762523,0,2762521,4071210000,2764170,2763347,0,2763345,1030000,824,800.00,false
4071210000,2764170,2763347,0,2763345,4072240000,2764994,2764171,0,2764169,1030000,824,800.00,false
4072240000,2764994,2764171,0,2764169,4073270000,2765818,2764995,0,2764993,1030000,824,800.00,false
4073270000,2765818,2764995,0,2764993,4074300000,2766642,2765819,0,2765817,1030000,824,800.00,false
4074300000,2766642,2765819,0,2765817,4075330000,2767466,2766643,0,2766641,1030000,824,800.00,false
4075330000,2767466,2766643,0,2766641,4076360000,2768290,2767467,0,2767465,1030000,824,800.00,false
4077385000,2769110,2768287,0,2768285,4078414000,2769934,2769111,0,2769109,1029000,824,800.78,false
4078414000,2769934,2769111,0,2769109,4079444000,2770758,2769935,0,2769933,1030000,824,800.00,false
4079444000,2770758,2769935,0,2769933,4080474000,2771675,2770759,0,2770757,1030000,824,800.00,true
4080474000,2771675,2770759,0,2770757,4081543000,2772592,2771676,0,2771674,1069000,917,857.81,true
4081543000,2772592,2771676,0,2771674,4082620000,2773416,2772593,0,2772591,1077000,917,851.44,true
4082620000,2773416,2772593,0,2772591,4083648000,2774238,2773417,0,2773415,1028000,824,801.56,true
4083648000,2774238,2773417,0,2773415,4084667000,2775060,2774239,0,2774237,1019000,822,806.67,false
4084667000,2775060,2774239,0,2774237,4085695000,2775882,2775061,0,2775059,1028000,822,799.61,false
4085695000,2775882,2775061,0,2775059,4086725000,2776704,2775883,0,2775881,1030000,822,798.06,false
4086725000,2776704,2775883,0,2775881,4087754000,2777526,2776705,0,2776703,1029000,822,798.83,false
4087754000,2777526,2776705,0,2776703,4088783000,2778348,2777527,0,2777525,1029000,822,798.83,false
4088783000,2778348,2777527,0,2777525,4089883000,2779170,2778349,0,2778347,1100000,822,747.27,false
4089883000,2779170,2778349,0,2778347,4090899000,2779992,2779171,0,2779169,1016000,822,809.06,false
4090899000,2779992,2779171,0,2779169,4091929000,2780814,2779993,0,2779991,1030000,822,798.06,false
4091929000,2780814,2779993,0,2779991,4092959000,2781636,2780815,0,2780813,1030000,822,798.06,false
4092959000,2781636,2780815,0,2780813,4093988000,2782458,2781637,0,2781635,1029000,822,798.83,false
4093988000,2782458,2781637,0,2781635,4095017000,2783280,2782459,0,2782457,1029000,822,798.83,false
4095017000,2783280,2782459,0,2782457,4096046000,2784102,2783281,0,2783279,1029000,822,798.83,false
4096046000,2784102,2783281,0,2783279,4097075000,2784924,2784103,0,2784101,1029000,822,798.83,false
4097075000,2784924,2784103,0,2784101,4098104000,2785746,2784925,0,2784923,1029000,822,798.83,false
4098104000,2785746,2784925,0,2784923,4099133000,2786568,2785747,0,2785745,1029000,822,798.83,false
4099133000,2786568,2785747,0,2785745,4100162000,2787390,2786569,0,2786567,1029000,822,798.83,false
4100162000,2787390,2786569,0,2786567,4101191000,2788212,2787391,0,2787389,1029000,822,798.83,false
4101191000,2788212,2787391,0,2787389,4102220000,2789034,2788213,0,2788211,1029000,822,798.83,false
4103105000,2789741,2788920,0,2788918,4104134000,2790563,2789742,0,2789740,1029000,822,798.83,false
4104134000,2790563,2789742,0,2789740,4105163000,2791385,2790564,0,2790562,1029000,822,798.83,false
4105163000,2791385,2790564,0,2790562,4106192000,2792300,2791386,0,2791384,1029000,822,798.83,true
4106192000,2792300,2791386,0,2791384,4107259000,2793215,2792301,0,2792299,1067000,915,857.54,true
4107259000,2793215,2792301,0,2792299,4108336000,2794037,2793216,0,2793214,1077000,915,849.58,true
4108336000,2794037,2793216,0,2793214,4109364000,2794857,2794038,0,2794036,1028000,822,799.61,true
4109364000,2794857,2794038,0,2794036,4110383000,2795677,2794858,0,2794856,1019000,820,804.71,false
4110383000,2795677,2794858,0,2794856,4111409000,2796497,2795678,0,2795676,1026000,820,799.22,false
4111409000,2796497,2795678,0,2795676,4112437000,2797317,2796498,0,2796496,1028000,820,797.67,false
4112437000,2797317,2796498,0,2796496,4113535000,2798137,2797318,0,2797316,1098000,820,746.81,false
4113535000,2798137,2797318,0,2797316,4114551000,2798957,2798138,0,2798136,1016000,820,807.09,false
4114551000,2798957,2798138,0,2798136,4115578000,2799777,2798958,0,2798956,1027000,820,798.44,false
4115578000,2799777,2798958,0,2798956,4116607000,2800597,2799778,0,2799776,1029000,820,796.89,false
4116607000,2800597,2799778,0,2799776,4117635000,2801417,2800598,0,2800596,1028000,820,797.67,false
4117635000,2801417,2800598,0,2800596,4118663000,2802237,2801418,0,2801416,1028000,820,797.67,false
4118663000,2802237,2801418,0,2801416,4119691000,2803057,2802238,0,2802236,1028000,820,797.67,false
4119691000,2803057,2802238,0,2802236,4120719000,2803877,2803058,0,2803056,1028000,820,797.67,false
4120719000,2803877,2803058,0,2803056,4121747000,2804697,2803878,0,2803876,1028000,820,797.67,false
4121747000,2804697,2803878,0,2803876,4122775000,2805517,2804698,0,2804696,1028000,820,797.67,false
4122775000,2805517,2804698,0,2804696,4123803000,2806337,2805518,0,2805516,1028000,820,797.67,false
4123803000,2806337,2805518,0,2805516,4124831000,2807157,2806338,0,2806336,1028000,820,797.67,false
4124831000,2807157,2806338,0,2806336,4125859000,2807977,2807158,0,2807156,1028000,820,797.67,false
4125859000,2807977,2807158,0,2807156,4126887000,2808797,2807978,0,2807976,1028000,820,797.67,false
4126887000,2808797,2807978,0,2807976,4127915000,2809617,2808798,0,2808796,1028000,820,797.67,false
4128795000,2810319,2809500,0,2809498,4129823000,2811139,2810320,0,2810318,1028000,820,797.67,false
4129823000,2811139,2810320,0,2810318,4130851000,2811959,2811140,0,2811138,1028000,820,797.67,false
4130851000,2811959,2811140,0,2811138,4131879000,2812869,2811960,0,2811958,1028000,820,797.67,true
4131879000,2812869,2811960,0,2811958,4132944000,2813779,2812870,0,2812868,1065000,910,854.46,true
4132944000,2813779,2812870,0,2812868,4134018000,2814599,2813780,0,2813778,1074000,910,847.30,true
4134018000,2814599,2813780,0,2813778,4135047000,2815419,2814600,0,2814598,1029000,820,796.89,true
4135047000,2815419,2814600,0,2814598,4136066000,2816239,2815420,0,2815418,1019000,820,804.71,false
4136066000,2816239,2815420,0,2815418,4137133000,2817059,2816240,0,2816238,1067000,820,768.51,false
4137133000,2817059,2816240,0,2816238,4138155000,2817879,2817060,0,2817058,1022000,820,802.35,false
4138155000,2817879,2817060,0,2817058,4139180000,2818699,2817880,0,2817878,1025000,820,800.00,false
4139180000,2818699,2817880,0,2817878,4140208000,2819519,2818700,0,2818698,1028000,820,797.67,false
4140208000,2819519,2818700,0,2818698,4141236000,2820339,2819520,0,2819518,1028000,820,797.67,false
4141236000,2820339,2819520,0,2819518,4142264000,2821159,2820340,0,2820338,1028000,820,797.67,false
4142264000,2821159,2820340,0,2820338,4143292000,2821979,2821160,0,2821158,1028000,820,797.67,false
4143292000,2821979,2821160,0,2821158,4144320000,2822799,2821980,0,2821978,1028000,820,797.67,false
4144320000,2822799,2821980,0,2821978,4145348000,2823619,2822800,0,2822798,1028000,820,797.67,false
4145348000,2823619,2822800,0,2822798,4146376000,2824439,2823620,0,2823618,1028000,820,797.67,false
4146376000,2824439,2823620,0,2823618,4147404000,2825259,2824440,0,2824438,1028000,820,797.67,false
4147404000,2825259,2824440,0,2824438,4148432000,2826079,2825260,0,2825258,1028000,820,797.67,false
4148432000,2826079,2825260,0,2825258,4149460000,2826899,2826080,0,2826078,1028000,820,797.67,false
4149460000,2826899,2826080,0,2826078,4150488000,2827719,2826900,0,2826898,1028000,820,797.67,false
4150488000,2827719,2826900,0,2826898,4151516000,2828539,2827720,0,2827718,1028000,820,797.67,false
4151516000,2828539,2827720,0,2827718,4152544000,2829359,2828540,0,2828538,1028000,820,797.67,false
4152544000,2829359,2828540,0,2828538,4153572000,2830179,2829360,0,2829358,1028000,820,797.67,false
4154183000,2830667,2829848,0,2829846,4155211000,2831487,2830668,0,2830666,1028000,820,797.67,false
4155211000,2831487,2830668,0,2830666,4156239000,2832307,2831488,0,2831486,1028000,820,797.67,false
4156239000,2832307,2831488,0,2831486,4157267000,2833217,2832308,0,2832306,1028000,820,797.67,true
4157267000,2833217,2832308,0,2832306,4158332000,2834127,2833218,0,2833216,1065000,910,854.46,true
4158332000,2834127,2833218,0,2833216,4159443000,2834947,2834128,0,2834126,1111000,910,819.08,true
4159443000,2834947,2834128,0,2834126,4160492000,2835753,2834948,0,2834946,1049000,820,781.70,true
4160492000,2835753,2834948,0,2834946,4161527000,2836559,2835754,0,2835752,1035000,806,778.74,false
4161527000,2836559,2835754,0,2835752,4162547000,2837365,2836560,0,2836558,1020000,806,790.20,false
4162547000,2837365,2836560,0,2836558,4163567000,2838171,2837366,0,2837364,1020000,806,790.20,false
4163567000,2838171,2837366,0,2837364,4164590000,2838977,2838172,0,2838170,1023000,806,787.88,false
4164590000,2838977,2838172,0,2838170,4165614000,2839783,2838978,0,2838976,1024000,806,787.11,false
4165614000,2839783,2838978,0,2838976,4166636000,2840589,2839784,0,2839782,1022000,806,788.65,false
4166636000,2840589,2839784,0,2839782,4167658000,2841395,2840590,0,2840588,1022000,806,788.65,false
4167658000,2841395,2840590,0,2840588,4168680000,2842201,2841396,0,2841394,1022000,806,788.65,false
4168680000,2842201,2841396,0,2841394,4169702000,2843007,2842202,0,2842200,1022000,806,788.65,false
4169702000,2843007,2842202,0,2842200,4170725000,2843813,2843008,0,2843006,1023000,806,787.88,false
4170725000,2843813,2843008,0,2843006,4171747000,2844619,2843814,0,2843812,1022000,806,788.65,false
4171747000,2844619,2843814,0,2843812,4172769000,2845425,2844620,0,2844618,1022000,806,788.65,false
4172769000,2845425,2844620,0,2844618,4173791000,2846231,2845426,0,2845424,1022000,806,788.65,false
4173791000,2846231,2845426,0,2845424,4174813000,2847037,2846232,0,2846230,1022000,806,788.65,false
4174813000,2847037,2846232,0,2846230,4175835000,2847843,2847038,0,2847036,1022000,806,788.65,false
4175835000,2847843,2847038,0,2847036,4176857000,2848649,2847844,0,2847842,1022000,806,788.65,false
4176857000,2848649,2847844,0,2847842,4177879000,2849455,2848650,0,2848648,1022000,806,788.65,false
4177879000,2849455,2848650,0,2848648,4178901000,2850261,2849456,0,2849454,1022000,806,788.65,false
4179214000,2850508,2849703,0,2849701,4180236000,2851314,2850509,0,2850507,1022000,806,788.65,false
4180236000,2851314,2850509,0,2850507,4181258000,2852120,2851315,0,2851313,1022000,806,788.65,false
4181258000,2852120,2851315,0,2851313,4182339000,2852996,2852121,0,2852119,1081000,806,745.61,true
4182339000,2852996,2852121,0,2852119,4183381000,2853872,2852997,0,2852995,1042000,876,840.69,true
4183381000,2853872,2852997,0,2852995,4184439000,2854678,2853873,0,2853871,1058000,876,827.98,true
4184439000,2854678,2853873,0,2853871,4185465000,2855490,2854679,0,2854677,1026000,806,785.58,true
4185465000,2855490,2854679,0,2854677,4186488000,2856302,2855491,0,2855489,1023000,812,793.74,false
4186488000,2856302,2855491,0,2855489,4187516000,2857114,2856303,0,2856301,1028000,812,789.88,false
4187516000,2857114,2856303,0,2856301,4188544000,2857926,2857115,0,2857113,1028000,812,789.88,false
4188544000,2857926,2857115,0,2857113,4189572000,2858738,2857927,0,2857925,1028000,812,789.88,false
4189572000,2858738,2857927,0,2857925,4190600000,2859550,2858739,0,2858737,1028000,812,789.88,false
4190600000,2859550,2858739,0,2858737,4191628000,2860362,2859551,0,2859549,1028000,812,789.88,false
4191628000,2860362,2859551,0,2859549,4192656000,2861174,2860363,0,2860361,1028000,812,789.88,false
4192656000,2861174,2860363,0,2860361,4193684000,2861986,2861175,0,2861173,1028000,812,789.88,false
4193684000,2861986,2861175,0,2861173,4194712000,2862798,2861987,0,2861985,1028000,812,789.88,false
4194712000,2862798,2861987,0,2861985,4195740000,2863610,2862799,0,2862797,1028000,812,789.88,false
4195740000,2863610,2862799,0,2862797,4196768000,2864422,2863611,0,2863609,1028000,812,789.88,false
4196768000,2864422,2863611,0,2863609,4197796000,2865234,2864423,0,2864421,1028000,812,789.88,false
4197796000,2865234,2864423,0,2864421,4198824000,2866046,2865235,0,2865233,1028000,812,789.88,false
4198824000,2866046,2865235,0,2865233,4199852000,2866858,2866047,0,2866045,1028000,812,789.88,false
4199852000,2866858,2866047,0,2866045,4200880000,2867670,2866859,0,2866857,1028000,812,789.88,false
4200880000,2867670,2866859,0,2866857,4201908000,2868482,2867671,0,2867669,1028000,812,789.88,false
4201908000,2868482,2867671,0,2867669,4202936000,2869294,2868483,0,2868481,1028000,812,789.88,false
4202936000,2869294,2868483,0,2868481,4203964000,2870106,2869295,0,2869293,1028000,812,789.88,false
4204269000,2870348,2869537,0,2869535,4205359000,2871160,2870349,0,2870347,1090000,812,744.95,false
4205359000,2871160,2870349,0,2870347,4206381000,2871972,2871161,0,2871159,1022000,812,794.52,false
4206381000,2871972,2871161,0,2871159,4207411000,2872816,2871973,0,2871971,1030000,812,788.35,true
4207411000,2872816,2871973,0,2871971,4208456000,2873660,2872817,0,2872815,1045000,844,807.66,true
4208456000,2873660,2872817,0,2872815,4209501000,2874472,2873661,0,2873659,1045000,844,807.66,true
4209501000,2874472,2873661,0,2873659,4210511000,2875287,2874473,0,2874471,1010000,812,803.96,true
4210511000,2875287,2874473,0,2874471,4211543000,2876102,2875288,0,2875286,1032000,815,789.73,false
4211543000,2876102,2875288,0,2875286,4212573000,2876917,2876103,0,2876101,1030000,815,791.26,false
4212573000,2876917,2876103,0,2876101,4213603000,2877732,2876918,0,2876916,1030000,815,791.26,false
4213603000,2877732,2876918,0,2876916,4214632000,2878547,2877733,0,2877731,1029000,815,792.03,false
4214632000,2878547,2877733,0,2877731,4215661000,2879362,2878548,0,2878546,1029000,815,792.03,false
4215661000,2879362,2878548,0,2878546,4216690000,2880177,2879363,0,2879361,1029000,815,792.03,false
4216690000,2880177,2879363,0,2879361,4217719000,2880992,2880178,0,2880176,1029000,815,792.03,false
4217719000,2880992,2880178,0,2880176,4218748000,2881807,2880993,0,2880991,1029000,815,792.03,false
4218748000,2881807,2880993,0,2880991,4219777000,2882622,2881808,0,2881806,1029000,815,792.03,false
4219777000,2882622,2881808,0,2881806,4220806000,2883437,2882623,0,2882621,1029000,815,792.03,false
4220806000,2883437,2882623,0,2882621,4221835000,2884252,2883438,0,2883436,1029000,815,792.03,false
4221835000,2884252,2883438,0,2883436,4222864000,2885067,2884253,0,2884251,1029000,815,792.03,false
4222864000,2885067,2884253,0,2884251,4223893000,2885882,2885068,0,2885066,1029000,815,792.03,false
4223893000,2885882,2885068,0,2885066,4224922000,2886697,2885883,0,2885881,1029000,815,792.03,false
4224922000,2886697,2885883,0,2885881,4225951000,2887512,2886698,0,2886696,1029000,815,792.03,false
4225951000,2887512,2886698,0,2886696,4226980000,2888327,2887513,0,2887511,1029000,815,792.03,false
4226980000,2888327,2887513,0,2887511,4228034000,2889142,2888328,0,2888326,1054000,815,773.24,false
4228034000,2889142,2888328,0,2888326,4229094000,2889957,2889143,0,2889141,1060000,815,768.87,false
4229094000,2889957,2889143,0,2889141,4230130000,2890772,2889958,0,2889956,1036000,815,786.68,false
4230176000,2890810,2889996,0,2889994,4231205000,2891625,2890811,0,2890809,1029000,815,792.03,false
4231205000,2891625,2890811,0,2890809,4232234000,2892440,2891626,0,2891624,1029000,815,792.03,false
4232234000,2892440,2891626,0,2891624,4233263000,2893328,2892441,0,2892439,1029000,815,792.03,true
4233263000,2893328,2892441,0,2892439,4234321000,2894216,2893329,0,2893327,1058000,888,839.32,true
4234321000,2894216,2893329,0,2893327,4235386000,2895031,2894217,0,2894215,1065000,888,833.80,true
4235386000,2895031,2894217,0,2894215,4236407000,2895850,2895032,0,2895030,1021000,815,798.24,true
4236407000,2895850,2895032,0,2895030,4237434000,2896669,2895851,0,2895849,1027000,819,797.47,false
4237434000,2896669,2895851,0,2895849,4238465000,2897488,2896670,0,2896668,1031000,819,794.37,false
4238465000,2897488,2896670,0,2896668,4239497000,2898307,2897489,0,2897487,1032000,819,793.60,false
4239497000,2898307,2897489,0,2897487,4240528000,2899126,2898308,0,2898306,1031000,819,794.37,false
4240528000,2899126,2898308,0,2898306,4241559000,2899945,2899127,0,2899125,1031000,819,794.37,false
4241559000,2899945,2899127,0,2899125,4242590000,2900764,2899946,0,2899944,1031000,819,794.37,false
4242590000,2900764,2899946,0,2899944,4243621000,2901583,2900765,0,2900763,1031000,819,794.37,false
4243621000,2901583,2900765,0,2900763,4244652000,2902402,2901584,0,2901582,1031000,819,794.37,false
4244652000,2902402,2901584,0,2901582,4245683000,2903221,2902403,0,2902401,1031000,819,794.37,false
4245683000,2903221,2902403,0,2902401,4246714000,2904040,2903222,0,2903220,1031000,819,794.37,false
4246714000,2904040,2903222,0,2903220,4247745000,2904859,2904041,0,2904039,1031000,819,794.37,false
4247745000,2904859,2904041,0,2904039,4248776000,2905678,2904860,0,2904858,1031000,819,794.37,false
4248776000,2905678,2904860,0,2904858,4249807000,2906497,2905679,0,2905677,1031000,819,794.37,false
4249807000,2906497,2905679,0,2905677,4250838000,2907316,2906498,0,2906496,1031000,819,794.37,false
4250838000,2907316,2906498,0,2906496,4251925000,2908135,2907317,0,2907315,1087000,819,753.45,false
4251925000,2908135,2907317,0,2907315,4252955000,2908954,2908136,0,2908134,1030000,819,795.15,false
4252955000,2908954,2908136,0,2908134,4253992000,2909773,2908955,0,2908953,1037000,819,789.78,false
4253992000,2909773,2908955,0,2908953,4255025000,2910592,2909774,0,2909772,1033000,819,792.84,false
4255025000,2910592,2909774,0,2909772,4256056000,2911411,2910593,0,2910591,1031000,819,794.37,false
4256059000,2911413,2910595,0,2910593,4257089000,2912232,2911414,0,2911412,1030000,819,795.15,false
4257089000,2912232,2911414,0,2911412,4258120000,2913051,2912233,0,2912231,1031000,819,794.37,false
4258120000,2913051,2912233,0,2912231,4259151000,2913966,2913052,0,2913050,1031000,819,794.37,true
4259151000,2913966,2913052,0,2913050,4260223000,2914881,2913967,0,2913965,1072000,915,853.54,true
4260223000,2914881,2913967,0,2913965,4261303000,2915700,2914882,0,2914880,1080000,915,847.22,true
4261303000,2915700,2914882,0,2914880,4262331000,2916517,2915701,0,2915699,1028000,819,796.69,true
4262331000,2916517,2915701,0,2915699,4263352000,2917334,2916518,0,2916516,1021000,817,800.20,false
4263352000,2917334,2916518,0,2916516,4264381000,2918151,2917335,0,2917333,1029000,817,793.97,false
4264381000,2918151,2917335,0,2917333,4265412000,2918968,2918152,0,2918150,1031000,817,792.43,false
4265412000,2918968,2918152,0,2918150,4266442000,2919785,2918969,0,2918967,1030000,817,793.20,false
4266442000,2919785,2918969,0,2918967,4267472000,2920602,2919786,0,2919784,1030000,817,793.20,false
4267472000,2920602,2919786,0,2919784,4268502000,2921419,2920603,0,2920601,1030000,817,793.20,false
4268502000,2921419,2920603,0,2920601,4269532000,2922236,2921420,0,2921418,1030000,817,793.20,false
4269532000,2922236,2921420,0,2921418,4270562000,2923053,2922237,0,2922235,1030000,817,793.20,false
4270562000,2923053,2922237,0,2922235,4271592000,2923870,2923054,0,2923052,1030000,817,793.20,false
4271592000,2923870,2923054,0,2923052,4272622000,2924687,2923871,0,2923869,1030000,817,793.20,false
4272622000,2924687,2923871,0,2923869,4273652000,2925504,2924688,0,2924686,1030000,817,793.20,false
4273652000,2925504,2924688,0,2924686,4274682000,2926321,2925505,0,2925503,1030000,817,793.20,false
4274682000,2926321,2925505,0,2925503,4275758000,2927138,2926322,0,2926320,1076000,817,759.29,false
4275758000,2927138,2926322,0,2926320,4276798000,2927955,2927139,0,2927137,1040000,817,785.58,false
4276798000,2927955,2927139,0,2927137,4277835000,2928772,2927956,0,2927954,1037000,817,787.85,false
4277835000,2928772,2927956,0,2927954,4278865000,2929589,2928773,0,2928771,1030000,817,793.20,false
4278865000,2929589,2928773,0,2928771,4279895000,2930406,2929590,0,2929588,1030000,817,793.20,false
4279895000,2930406,2929590,0,2929588,4280925000,2931223,2930407,0,2930405,1030000,817,793.20,false
4281912000,2932006,2931190,0,2931188,4282942000,2932823,2932007,0,2932005,1030000,817,793.20,false
4282942000,2932823,2932007,0,2932005,4283972000,2933640,2932824,0,2932822,1030000,817,793.20,false
4283972000,2933640,2932824,0,2932822,4285002000,2934553,2933641,0,2933639,1030000,817,793.20,true
4285002000,2934553,2933641,0,2933639,4286071000,2935466,2934554,0,2934552,1069000,913,854.07,true
4286071000,2935466,2934554,0,2934552,4287150000,2936283,2935467,0,2935465,1079000,913,846.15,true
4287150000,2936283,2935467,0,2935465,4288179000,2937098,2936284,0,2936282,1029000,817,793.97,true
4288179000,2937098,2936284,0,2936282,4289199000,2937913,2937099,0,2937097,1020000,815,799.02,false
4289199000,2937913,2937099,0,2937097,4290226000,2938728,2937914,0,2937912,1027000,815,793.57,false
4290226000,2938728,2937914,0,2937912,4291256000,2939543,2938729,0,2938727,1030000,815,791.26,false
4291256000,2939543,2938729,0,2938727,4292286000,2940358,2939544,0,2939542,1030000,815,791.26,false
4292286000,2940358,2939544,0,2939542,4293315000,2941173,2940359,0,2940357,1029000,815,792.03,false
4293315000,2941173,2940359,0,2940357,4294344000,2941988,2941174,0,2941172,1029000,815,792.03,false
4294344000,2941988,2941174,0,2941172,4295373000,2942803,2941989,0,2941987,1029000,815,792.03,false
4295373000,2942803,2941989,0,2941987,4296402000,2943618,2942804,0,2942802,1029000,815,792.03,false
4296402000,2943618,2942804,0,2942802,4297431000,2944433,2943619,0,2943617,1029000,815,792.03,false
4297431000,2944433,2943619,0,2943617,4298460000,2945248,2944434,0,2944432,1029000,815,792.03,false
4298460000,2945248,2944434,0,2944432,4299540000,2946063,2945249,0,2945247,1080000,815,754.63,false
4299540000,2946063,2945249,0,2945247,4300570000,2946878,2946064,0,2946062,1030000,815,791.26,false
4300570000,2946878,2946064,0,2946062,4301607000,2947693,2946879,0,2946877,1037000,815,785.92,false
4301607000,2947693,2946879,0,2946877,4302638000,2948508,2947694,0,2947692,1031000,815,790.49,false
4302638000,2948508,2947694,0,2947692,4303667000,2949323,2948509,0,2948507,1029000,815,792.03,false
4303667000,2949323,2948509,0,2948507,4304696000,2950138,2949324,0,2949322,1029000,815,792.03,false
4304696000,2950138,2949324,0,2949322,4305725000,2950953,2950139,0,2950137,1029000,815,792.03,false
4305725000,2950953,2950139,0,2950137,4306754000,2951768,2950954,0,2950952,1029000,815,792.03,false
4307735000,2952544,2951730,0,2951728,4308764000,2953359,2952545,0,2952543,1029000,815,792.03,false
4308764000,2953359,2952545,0,2952543,4309793000,2954174,2953360,0,2953358,1029000,815,792.03,false
4309793000,2954174,2953360,0,2953358,4310822000,2955081,2954175,0,2954173,1029000,815,792.03,true
4310822000,2955081,2954175,0,2954173,4311888000,2955988,2955082,0,2955080,1066000,907,850.84,true
4311888000,2955988,2955082,0,2955080,4312963000,2956803,2955989,0,2955987,1075000,907,843.72,true
4312963000,2956803,2955989,0,2955987,4313992000,2957617,2956804,0,2956802,1029000,815,792.03,true
4313992000,2957617,2956804,0,2956802,4315012000,2958431,2957618,0,2957616,1020000,814,798.04,false
4315012000,2958431,2957618,0,2957616,4316038000,2959245,2958432,0,2958430,1026000,814,793.37,false
4316038000,2959245,2958432,0,2958430,4317068000,2960059,2959246,0,2959244,1030000,814,790.29,false
4317068000,2960059,2959246,0,2959244,4318097000,2960873,2960060,0,2960058,1029000,814,791.06,false
4318097000,2960873,2960060,0,2960058,4319126000,2961687,2960874,0,2960872,1029000,814,791.06,false
4319126000,2961687,2960874,0,2960872,4320155000,2962501,2961688,0,2961686,1029000,814,791.06,false
4320155000,2962501,2961688,0,2961686,4321184000,2963315,2962502,0,2962500,1029000,814,791.06,false
4321184000,2963315,2962502,0,2962500,4322213000,2964129,2963316,0,2963314,1029000,814,791.06,false
4322213000,2964129,2963316,0,2963314,4323304000,2964943,2964130,0,2964128,1091000,814,746.10,false
4323304000,2964943,2964130,0,2964128,4324326000,2965757,2964944,0,2964942,1022000,814,796.48,false
4324326000,2965757,2964944,0,2964942,4325359000,2966571,2965758,0,2965756,1033000,814,788.00,false
4325359000,2966571,2965758,0,2965756,4326390000,2967385,2966572,0,2966570,1031000,814,789.52,false
4326390000,2967385,2966572,0,2966570,4327419000,2968199,2967386,0,2967384,1029000,814,791.06,false
4327419000,2968199,2967386,0,2967384,4328447000,2969013,2968200,0,2968198,1028000,814,791.83,false
4328447000,2969013,2968200,0,2968198,4329476000,2969827,2969014,0,2969012,1029000,814,791.06,false
4329476000,2969827,2969014,0,2969012,4330505000,2970641,2969828,0,2969826,1029000,814,791.06,false
4330505000,2970641,2969828,0,2969826,4331534000,2971455,2970642,0,2970640,1029000,814,791.06,false
4331534000,2971455,2970642,0,2970640,4332563000,2972269,2971456,0,2971454,1029000,814,791.06,false
4333526000,2973030,2972217,0,2972215,4334555000,2973844,2973031,0,2973029,1029000,814,791.06,false
4334555000,2973844,2973031,0,2973029,4335584000,2974658,2973845,0,2973843,1029000,814,791.06,false
4335584000,2974658,2973845,0,2973843,4336613000,2975564,2974659,0,2974657,1029000,814,791.06,true
4336613000,2975564,2974659,0,2974657,4337678000,2976470,2975565,0,2975563,1065000,906,850.70,true
4337678000,2976470,2975565,0,2975563,4338753000,2977284,2976471,0,2976469,1075000,906,842.79,true
4338753000,2977284,2976471,0,2976469,4339782000,2978097,2977285,0,2977283,1029000,814,791.06,true
4339782000,2978097,2977285,0,2977283,4340801000,2978910,2978098,0,2978096,1019000,813,797.84,false
4340801000,2978910,2978098,0,2978096,4341827000,2979723,2978911,0,2978909,1026000,813,792.40,false
4341827000,2979723,2978911,0,2978909,4342856000,2980536,2979724,0,2979722,1029000,813,790.09,false
4342856000,2980536,2979724,0,2979722,4343885000,2981349,2980537,0,2980535,1029000,813,790.09,false
4343885000,2981349,2980537,0,2980535,4344913000,2982162,2981350,0,2981348,1028000,813,790.86,false
4344913000,2982162,2981350,0,2981348,4345941000,2982975,2982163,0,2982161,1028000,813,790.86,false
4345941000,2982975,2982163,0,2982161,4347043000,2983788,2982976,0,2982974,1102000,813,737.75,false
4347043000,2983788,2982976,0,2982974,4348058000,2984601,2983789,0,2983787,1015000,813,800.99,false
4348058000,2984601,2983789,0,2983787,4349085000,2985414,2984602,0,2984600,1027000,813,791.63,false
4349085000,2985414,2984602,0,2984600,4350116000,2986227,2985415,0,2985413,1031000,813,788.55,false
4350116000,2986227,2985415,0,2985413,4351145000,2987040,2986228,0,2986226,1029000,813,790.09,false
4351145000,2987040,2986228,0,2986226,4352173000,2987853,2987041,0,2987039,1028000,813,790.86,false
4352173000,2987853,2987041,0,2987039,4353202000,2988666,2987854,0,2987852,1029000,813,790.09,false
4353202000,2988666,2987854,0,2987852,4354230000,2989479,2988667,0,2988665,1028000,813,790.86,false
4354230000,2989479,2988667,0,2988665,4355258000,2990292,2989480,0,2989478,1028000,813,790.86,false
4355258000,2990292,2989480,0,2989478,4356286000,2991105,2990293,0,2990291,1028000,813,790.86,false
4356286000,2991105,2990293,0,2990291,4357314000,2991918,2991106,0,2991104,1028000,813,790.86,false
4357314000,2991918,2991106,0,2991104,4358342000,2992731,2991919,0,2991917,1028000,813,790.86,false
4359307000,2993493,2992681,0,2992679,4360335000,2994306,2993494,0,2993492,1028000,813,790.86,false
4360335000,2994306,2993494,0,2993492,4361363000,2995119,2994307,0,2994305,1028000,813,790.86,false
4361363000,2995119,2994307,0,2994305,4362392000,2996021,2995120,0,2995118,1029000,813,790.09,true
4362392000,2996021,2995120,0,2995118,4363454000,2996923,2996022,0,2996020,1062000,902,849.34,true
4363454000,2996923,2996022,0,2996020,4364527000,2997736,2996924,0,2996922,1073000,902,840.63,true
4364527000,2997736,2996924,0,2996922,4365555000,2998549,2997737,0,2997735,1028000,813,790.86,true
4365555000,2998549,2997737,0,2997735,4366574000,2999362,2998550,0,2998548,1019000,813,797.84,false
4366574000,2999362,2998550,0,2998548,4367600000,3000175,2999363,0,2999361,1026000,813,792.40,false
4367600000,3000175,2999363,0,2999361,4368629000,3000988,3000176,0,3000174,1029000,813,790.09,false
4368629000,3000988,3000176,0,3000174,4369658000,3001801,3000989,0,3000987,1029000,813,790.09,false
4369658000,3001801,3000989,0,3000987,4370767000,3002614,3001802,0,3001800,1109000,813,733.09,false
4370767000,3002614,3001802,0,3001800,4371778000,3003427,3002615,0,3002613,1011000,813,804.15,false
4371778000,3003427,3002615,0,3002613,4372803000,3004240,3003428,0,3003426,1025000,813,793.17,false
4372803000,3004240,3003428,0,3003426,4373831000,3005053,3004241,0,3004239,1028000,813,790.86,false
4373831000,3005053,3004241,0,3004239,4374860000,3005866,3005054,0,3005052,1029000,813,790.09,false
4374860000,3005866,3005054,0,3005052,4375888000,3006679,3005867,0,3005865,1028000,813,790.86,false
4375888000,3006679,3005867,0,3005865,4376916000,3007492,3006680,0,3006678,1028000,813,790.86,false
4376916000,3007492,3006680,0,3006678,4377945000,3008305,3007493,0,3007491,1029000,813,790.09,false
4377945000,3008305,3007493,0,3007491,4378973000,3009118,3008306,0,3008304,1028000,813,790.86,false
4378973000,3009118,3008306,0,3008304,4380001000,3009931,3009119,0,3009117,1028000,813,790.86,false
4380001000,3009931,3009119,0,3009117,4381029000,3010744,3009932,0,3009930,1028000,813,790.86,false
4381029000,3010744,3009932,0,3009930,4382058000,3011557,3010745,0,3010743,1029000,813,790.09,false
4382058000,3011557,3010745,0,3010743,4383086000,3012370,3011558,0,3011556,1028000,813,790.86,false
4383086000,3012370,3011558,0,3011556,4384114000,3013183,3012371,0,3012369,1028000,813,790.86,false
4385064000,3013935,3013123,0,3013121,4386092000,3014748,3013936,0,3013934,1028000,813,790.86,false
4386092000,3014748,3013936,0,3013934,4387121000,3015561,3014749,0,3014747,1029000,813,790.09,false
4387121000,3015561,3014749,0,3014747,4388149000,3016463,3015562,0,3015560,1028000,813,790.86,true
4388149000,3016463,3015562,0,3015560,4389212000,3017365,3016464,0,3016462,1063000,902,848.54,true
4389212000,3017365,3016464,0,3016462,4390285000,3018178,3017366,0,3017364,1073000,902,840.63,true
4390285000,3018178,3017366,0,3017364,4391313000,3018991,3018179,0,3018177,1028000,813,790.86,true
4391313000,3018991,3018179,0,3018177,4392333000,3019804,3018992,0,3018990,1020000,813,797.06,false
4392333000,3019804,3018992,0,3018990,4393359000,3020617,3019805,0,3019803,1026000,813,792.40,false
4393359000,3020617,3019805,0,3019803,4394446000,3021430,3020618,0,3020616,1087000,813,747.93,false
4394446000,3021430,3020618,0,3020616,4395475000,3022243,3021431,0,3021429,1029000,813,790.09,false
4395475000,3022243,3021431,0,3021429,4396501000,3023056,3022244,0,3022242,1026000,813,792.40,false
4396501000,3023056,3022244,0,3022242,4397528000,3023869,3023057,0,3023055,1027000,813,791.63,false
4397528000,3023869,3023057,0,3023055,4398556000,3024682,3023870,0,3023868,1028000,813,790.86,false
4398556000,3024682,3023870,0,3023868,4399585000,3025495,3024683,0,3024681,1029000,813,790.09,false
4399585000,3025495,3024683,0,3024681,4400613000,3026308,3025496,0,3025494,1028000,813,790.86,false
4400613000,3026308,3025496,0,3025494,4401641000,3027121,3026309,0,3026307,1028000,813,790.86,false
4401641000,3027121,3026309,0,3026307,4402669000,3027934,3027122,0,3027120,1028000,813,790.86,false
4402669000,3027934,3027122,0,3027120,4403697000,3028747,3027935,0,3027933,1028000,813,790.86,false
4403697000,3028747,3027935,0,3027933,4404725000,3029560,3028748,0,3028746,1028000,813,790.86,false
4404725000,3029560,3028748,0,3028746,4405753000,3030373,3029561,0,3029559,1028000,813,790.86,false
4405753000,3030373,3029561,0,3029559,4406781000,3031186,3030374,0,3030372,1028000,813,790.86,false
4406781000,3031186,3030374,0,3030372,4407809000,3031999,3031187,0,3031185,1028000,813,790.86,false
4407809000,3031999,3031187,0,3031185,4408838000,3032812,3032000,0,3031998,1029000,813,790.09,false
4408838000,3032812,3032000,0,3031998,4409866000,3033625,3032813,0,3032811,1028000,813,790.86,false
4410767000,3034338,3033526,0,3033524,4411796000,3035151,3034339,0,3034337,1029000,813,790.09,false
4411796000,3035151,3034339,0,3034337,4412824000,3035964,3035152,0,3035150,1028000,813,790.86,false
4412824000,3035964,3035152,0,3035150,4413852000,3036866,3035965,0,3035963,1028000,813,790.86,true
4413852000,3036866,3035965,0,3035963,4414916000,3037768,3036867,0,3036865,1064000,902,847.74,true
4414916000,3037768,3036867,0,3036865,4415989000,3038581,3037769,0,3037767,1073000,902,840.63,true
4415989000,3038581,3037769,0,3037767,4417108000,3039394,3038582,0,3038580,1119000,813,726.54,true
4417108000,3039394,3038582,0,3038580,4418142000,3040207,3039395,0,3039393,1034000,813,786.27,false
4418142000,3040207,3039395,0,3039393,4419185000,3041020,3040208,0,3040206,1043000,813,779.48,false
4419185000,3041020,3040208,0,3040206,4420221000,3041833,3041021,0,3041019,1036000,813,784.75,false
4420221000,3041833,3041021,0,3041019,4421255000,3042646,3041834,0,3041832,1034000,813,786.27,false
4421255000,3042646,3041834,0,3041832,4422289000,3043459,3042647,0,3042645,1034000,813,786.27,false
4422289000,3043459,3042647,0,3042645,4423323000,3044272,3043460,0,3043458,1034000,813,786.27,false
4423323000,3044272,3043460,0,3043458,4424358000,3045085,3044273,0,3044271,1035000,813,785.51,false
4424358000,3045085,3044273,0,3044271,4425393000,3045898,3045086,0,3045084,1035000,813,785.51,false
4425393000,3045898,3045086,0,3045084,4426428000,3046711,3045899,0,3045897,1035000,813,785.51,false
4426428000,3046711,3045899,0,3045897,4427463000,3047524,3046712,0,3046710,1035000,813,785.51,false
4427463000,3047524,3046712,0,3046710,4428498000,3048337,3047525,0,3047523,1035000,813,785.51,false
4428498000,3048337,3047525,0,3047523,4429533000,3049150,3048338,0,3048336,1035000,813,785.51,false
4429533000,3049150,3048338,0,3048336,4430568000,3049963,3049151,0,3049149,1035000,813,785.51,false
4430568000,3049963,3049151,0,3049149,4431603000,3050776,3049964,0,3049962,1035000,813,785.51,false
4431603000,3050776,3049964,0,3049962,4432638000,3051589,3050777,0,3050775,1035000,813,785.51,false
4432638000,3051589,3050777,0,3050775,4433673000,3052402,3051590,0,3051588,1035000,813,785.51,false
4433673000,3052402,3051590,0,3051588,4434708000,3053215,3052403,0,3052401,1035000,813,785.51,false
4434708000,3053215,3052403,0,3052401,4435743000,3054028,3053216,0,3053214,1035000,813,785.51,false
4435743000,3054028,3053216,0,3053214,4436778000,3054841,3054029,0,3054027,1035000,813,785.51,false
4437006000,3055020,3054208,0,3054206,4438041000,3055833,3055021,0,3055019,1035000,813,785.51,false
4438041000,3055833,3055021,0,3055019,4439076000,3056646,3055834,0,3055832,1035000,813,785.51,false
4439076000,3056646,3055834,0,3055832,4440111000,3057569,3056647,0,3056645,1035000,813,785.51,true
4440111000,3057569,3056647,0,3056645,4441282000,3058492,3057570,0,3057568,1171000,923,788.22,true
4441282000,3058492,3057570,0,3057568,4442350000,3059305,3058493,0,3058491,1068000,923,864.23,true
4442350000,3059305,3058493,0,3058491,4443374000,3060164,3059306,0,3059304,1024000,813,793.95,true
4443374000,3060164,3059306,0,3059304,4444419000,3061023,3060165,0,3060163,1045000,859,822.01,false
4444419000,3061023,3060165,0,3060163,4445456000,3061882,3061024,0,3061022,1037000,859,828.35,false
4445456000,3061882,3061024,0,3061022,4446493000,3062741,3061883,0,3061881,1037000,859,828.35,false
4446493000,3062741,3061883,0,3061881,4447531000,3063600,3062742,0,3062740,1038000,859,827.55,false
4447531000,3063600,3062742,0,3062740,4448570000,3064459,3063601,0,3063599,1039000,859,826.76,false
4448570000,3064459,3063601,0,3063599,4449608000,3065318,3064460,0,3064458,1038000,859,827.55,false
4449608000,3065318,3064460,0,3064458,4450646000,3066177,3065319,0,3065317,1038000,859,827.55,false
4450646000,3066177,3065319,0,3065317,4451685000,3067036,3066178,0,3066176,1039000,859,826.76,false
4451685000,3067036,3066178,0,3066176,4452723000,3067895,3067037,0,3067035,1038000,859,827.55,false
4452723000,3067895,3067037,0,3067035,4453761000,3068754,3067896,0,3067894,1038000,859,827.55,false
4453761000,3068754,3067896,0,3067894,4454799000,3069613,3068755,0,3068753,1038000,859,827.55,false
4454799000,3069613,3068755,0,3068753,4455838000,3070472,3069614,0,3069612,1039000,859,826.76,false
4455838000,3070472,3069614,0,3069612,4456876000,3071331,3070473,0,3070471,1038000,859,827.55,false
4456876000,3071331,3070473,0,3070471,4457914000,3072190,3071332,0,3071330,1038000,859,827.55,false
4457914000,3072190,3071332,0,3071330,4458952000,3073049,3072191,0,3072189,1038000,859,827.55,false
4458952000,3073049,3072191,0,3072189,4459991000,3073908,3073050,0,3073048,1039000,859,826.76,false
4459991000,3073908,3073050,0,3073048,4461029000,3074767,3073909,0,3073907,1038000,859,827.55,false
4461029000,3074767,3073909,0,3073907,4462067000,3075626,3074768,0,3074766,1038000,859,827.55,false
4462067000,3075626,3074768,0,3074766,4463106000,3076485,3075627,0,3075625,1039000,859,826.76,false
4463126000,3076502,3075644,0,3075642,4464165000,3077361,3076503,0,3076501,1039000,859,826.76,false
4464165000,3077361,3076503,0,3076501,4465284000,3078220,3077362,0,3077360,1119000,859,767.65,false
4465284000,3078220,3077362,0,3077360,4466308000,3079205,3078221,0,3078219,1024000,859,838.87,true
4466308000,3079205,3078221,0,3078219,4467440000,3080190,3079206,0,3079204,1132000,985,870.14,true
4467440000,3080190,3079206,0,3079204,4468549000,3081067,3080191,0,3080189,1109000,985,888.19,true
4468549000,3081067,3080191,0,3080189,4469570000,3081926,3081068,0,3081066,1021000,877,858.96,true
4469570000,3081926,3081068,0,3081066,4470601000,3082785,3081927,0,3081925,1031000,859,833.17,true
4470601000,3082785,3081927,0,3081925,4471638000,3083644,3082786,0,3082784,1037000,859,828.35,false
4471638000,3083644,3082786,0,3082784,4472673000,3084503,3083645,0,3083643,1035000,859,829.95,false
4472673000,3084503,3083645,0,3083643,4473708000,3085362,3084504,0,3084502,1035000,859,829.95,false
4473708000,3085362,3084504,0,3084502,4474743000,3086221,3085363,0,3085361,1035000,859,829.95,false
4474743000,3086221,3085363,0,3085361,4475778000,3087080,3086222,0,3086220,1035000,859,829.95,false
4475778000,3087080,3086222,0,3086220,4476813000,3087939,3087081,0,3087079,1035000,859,829.95,false
4476813000,3087939,3087081,0,3087079,4477848000,3088798,3087940,0,3087938,1035000,859,829.95,false
4477848000,3088798,3087940,0,3087938,4478883000,3089657,3088799,0,3088797,1035000,859,829.95,false
4478883000,3089657,3088799,0,3088797,4479918000,3090516,3089658,0,3089656,1035000,859,829.95,false
4479918000,3090516,3089658,0,3089656,4480953000,3091375,3090517,0,3090515,1035000,859,829.95,false
4480953000,3091375,3090517,0,3090515,4481988000,3092234,3091376,0,3091374,1035000,859,829.95,false
4481988000,3092234,3091376,0,3091374,4483023000,3093093,3092235,0,3092233,1035000,859,829.95,false
4483023000,3093093,3092235,0,3092233,4484058000,3093952,3093094,0,3093092,1035000,859,829.95,false
4484058000,3093952,3093094,0,3093092,4485093000,3094811,3093953,0,3093951,1035000,859,829.95,false
4485093000,3094811,3093953,0,3093951,4486128000,3095670,3094812,0,3094810,1035000,859,829.95,false
4486128000,3095670,3094812,0,3094810,4487163000,3096529,3095671,0,3095669,1035000,859,829.95,false
4487163000,3096529,3095671,0,3095669,4488198000,3097388,3096530,0,3096528,1035000,859,829.95,false
4488198000,3097388,3096530,0,3096528,4489277000,3098247,3097389,0,3097387,1079000,859,796.11,false
4489564000,3098469,3097611,0,3097609,4490593000,3099328,3098470,0,3098468,1029000,859,834.79,false
4490593000,3099328,3098470,0,3098468,4491631000,3100187,3099329,0,3099327,1038000,859,827.55,false
4491631000,3100187,3099329,0,3099327,4492668000,3101100,3100188,0,3100186,1037000,859,828.35,true
4492668000,3101100,3100188,0,3100186,4493739000,3102013,3101101,0,3101099,1071000,913,852.47,true
4493739000,3102013,3101101,0,3101099,4494803000,3102872,3102014,0,3102012,1064000,913,858.08,true
4494803000,3102872,3102014,0,3102012,4495811000,3103736,3102873,0,3102871,1008000,859,852.18,true
4495811000,3103736,3102873,0,3102871,4496854000,3104600,3103737,0,3103735,1043000,864,828.38,false
4496854000,3104600,3103737,0,3103735,4497893000,3105464,3104601,0,3104599,1039000,864,831.57,false
4497893000,3105464,3104601,0,3104599,4498930000,3106328,3105465,0,3105463,1037000,864,833.17,false
4498930000,3106328,3105465,0,3105463,4499967000,3107192,3106329,0,3106327,1037000,864,833.17,false
4499967000,3107192,3106329,0,3106327,4501004000,3108056,3107193,0,3107191,1037000,864,833.17,false
4501004000,3108056,3107193,0,3107191,4502041000,3108920,3108057,0,3108055,1037000,864,833.17,false
4502041000,3108920,3108057,0,3108055,4503078000,3109784,3108921,0,3108919,1037000,864,833.17,false
4503078000,3109784,3108921,0,3108919,4504115000,3110648,3109785,0,3109783,1037000,864,833.17,false
4504115000,3110648,3109785,0,3109783,4505152000,3111512,3110649,0,3110647,1037000,864,833.17,false
4505152000,3111512,3110649,0,3110647,4506189000,3112376,3111513,0,3111511,1037000,864,833.17,false
4506189000,3112376,3111513,0,3111511,4507226000,3113240,3112377,0,3112375,1037000,864,833.17,false
4507226000,3113240,3112377,0,3112375,4508263000,3114104,3113241,0,3113239,1037000,864,833.17,false
4508263000,3114104,3113241,0,3113239,4509300000,3114968,3114105,0,3114103,1037000,864,833.17,false
4509300000,3114968,3114105,0,3114103,4510337000,3115832,3114969,0,3114967,1037000,864,833.17,false
4510337000,3115832,3114969,0,3114967,4511374000,3116696,3115833,0,3115831,1037000,864,833.17,false
4511374000,3116696,3115833,0,3115831,4512411000,3117560,3116697,0,3116695,1037000,864,833.17,false
4512411000,3117560,3116697,0,3116695,4513508000,3118424,3117561,0,3117559,1097000,864,787.60,false
4513508000,3118424,3117561,0,3117559,4514543000,3119288,3118425,0,3118423,1035000,864,834.78,false
4514543000,3119288,3118425,0,3118423,4515588000,3120152,3119289,0,3119287,1045000,864,826.79,false
4516159000,3120627,3119764,0,3119762,4517196000,3121491,3120628,0,3120626,1037000,864,833.17,false
4517196000,3121491,3120628,0,3120626,4518234000,3122355,3121492,0,3121490,1038000,864,832.37,false
4518234000,3122355,3121492,0,3121490,4519271000,3123329,3122356,0,3122354,1037000,864,833.17,true
4519271000,3123329,3122356,0,3122354,4520372000,3124303,3123330,0,3123328,1101000,974,884.65,true
4520372000,3124303,3123330,0,3123328,4521473000,3125167,3124304,0,3124302,1101000,974,884.65,true
4521473000,3125167,3124304,0,3124302,4522496000,3126021,3125168,0,3125166,1023000,864,844.57,true
4522496000,3126021,3125168,0,3125166,4523522000,3126875,3126022,0,3126020,1026000,854,832.36,false
4523522000,3126875,3126022,0,3126020,4524554000,3127729,3126876,0,3126874,1032000,854,827.52,false
4524554000,3127729,3126876,0,3126874,4525587000,3128583,3127730,0,3127728,1033000,854,826.72,false
4525587000,3128583,3127730,0,3127728,4526620000,3129437,3128584,0,3128582,1033000,854,826.72,false
4526620000,3129437,3128584,0,3128582,4527652000,3130291,3129438,0,3129436,1032000,854,827.52,false
4527652000,3130291,3129438,0,3129436,4528685000,3131145,3130292,0,3130290,1033000,854,826.72,false
4528685000,3131145,3130292,0,3130290,4529718000,3131999,3131146,0,3131144,1033000,854,826.72,false
4529718000,3131999,3131146,0,3131144,4530750000,3132853,3132000,0,3131998,1032000,854,827.52,false
4530750000,3132853,3132000,0,3131998,4531782000,3133707,3132854,0,3132852,1032000,854,827.52,false
4531782000,3133707,3132854,0,3132852,4532815000,3134561,3133708,0,3133706,1033000,854,826.72,false
4532815000,3134561,3133708,0,3133706,4533848000,3135415,3134562,0,3134560,1033000,854,826.72,false
4533848000,3135415,3134562,0,3134560,4534880000,3136269,3135416,0,3135414,1032000,854,827.52,false
4534880000,3136269,3135416,0,3135414,4535912000,3137123,3136270,0,3136268,1032000,854,827.52,false
4535912000,3137123,3136270,0,3136268,4536945000,3137977,3137124,0,3137122,1033000,854,826.72,false
4536945000,3137977,3137124,0,3137122,4538039000,3138831,3137978,0,3137976,1094000,854,780.62,false
4538039000,3138831,3137978,0,3137976,4539067000,3139685,3138832,0,3138830,1028000,854,830.74,false
4539067000,3139685,3138832,0,3138830,4540102000,3140539,3139686,0,3139684,1035000,854,825.12,false
4540102000,3140539,3139686,0,3139684,4541136000,3141393,3140540,0,3140538,1034000,854,825.92,false
4541136000,3141393,3140540,0,3140538,4542168000,3142247,3141394,0,3141392,1032000,854,827.52,false
4542385000,3142425,3141572,0,3141570,4543417000,3143279,3142426,0,3142424,1032000,854,827.52,false
4543417000,3143279,3142426,0,3142424,4544449000,3144133,3143280,0,3143278,1032000,854,827.52,false
4544449000,3144133,3143280,0,3143278,4545481000,3145093,3144134,0,3144132,1032000,854,827.52,true
4545481000,3145093,3144134,0,3144132,4546571000,3146053,3145094,0,3145092,1090000,960,880.73,true
4546571000,3146053,3145094,0,3145092,4547664000,3146907,3146054,0,3146052,1093000,960,878.32,true
4547664000,3146907,3146054,0,3146052,4548687000,3147753,3146908,0,3146906,1023000,854,834.80,true
4548687000,3147753,3146908,0,3146906,4549708000,3148599,3147754,0,3147752,1021000,846,828.60,false
4549708000,3148599,3147754,0,3147752,4550737000,3149445,3148600,0,3148598,1029000,846,822.16,false
4550737000,3149445,3148600,0,3148598,4551766000,3150291,3149446,0,3149444,1029000,846,822.16,false
4551766000,3150291,3149446,0,3149444,4552795000,3151137,3150292,0,3150290,1029000,846,822.16,false
4552795000,3151137,3150292,0,3150290,4553824000,3151983,3151138,0,3151136,1029000,846,822.16,false
4553824000,3151983,3151138,0,3151136,4554853000,3152829,3151984,0,3151982,1029000,846,822.16,false
4554853000,3152829,3151984,0,3151982,4555882000,3153675,3152830,0,3152828,1029000,846,822.16,false
4555882000,3153675,3152830,0,3152828,4556911000,3154521,3153676,0,3153674,1029000,846,822.16,false
4556911000,3154521,3153676,0,3153674,4557940000,3155367,3154522,0,3154520,1029000,846,822.16,false
4557940000,3155367,3154522,0,3154520,4558969000,3156213,3155368,0,3155366,1029000,846,822.16,false
4558969000,3156213,3155368,0,3155366,4559998000,3157059,3156214,0,3156212,1029000,846,822.16,false
4559998000,3157059,3156214,0,3156212,4561027000,3157905,3157060,0,3157058,1029000,846,822.16,false
4561027000,3157905,3157060,0,3157058,4562130000,3158751,3157906,0,3157904,1103000,846,767.00,false
4562130000,3158751,3157906,0,3157904,4563147000,3159597,3158752,0,3158750,1017000,846,831.86,false
4563147000,3159597,3158752,0,3158750,4564176000,3160443,3159598,0,3159596,1029000,846,822.16,false
4564176000,3160443,3159598,0,3159596,4565209000,3161289,3160444,0,3160442,1033000,846,818.97,false
4565209000,3161289,3160444,0,3160442,4566241000,3162135,3161290,0,3161288,1032000,846,819.77,false
4566241000,3162135,3161290,0,3161288,4567273000,3162981,3162136,0,3162134,1032000,846,819.77,false
4568278000,3163804,3162959,0,3162957,4569311000,3164650,3163805,0,3163803,1033000,846,818.97,false
4569311000,3164650,3163805,0,3163803,4570343000,3165496,3164651,0,3164649,1032000,846,819.77,false
4570343000,3165496,3164651,0,3164649,4571375000,3166447,3165497,0,3165495,1032000,846,819.77,true
4571375000,3166447,3165497,0,3165495,4572461000,3167398,3166448,0,3166446,1086000,951,875.69,true
4572461000,3167398,3166448,0,3166446,4573552000,3168244,3167399,0,3167397,1091000,951,871.68,true
4573552000,3168244,3167399,0,3167397,4574576000,3169083,3168245,0,3168243,1024000,846,826.17,true
4574576000,3169083,3168245,0,3168243,4575597000,3169922,3169084,0,3169082,1021000,839,821.74,false
4575597000,3169922,3169084,0,3169082,4576626000,3170761,3169923,0,3169921,1029000,839,815.35,false
4576626000,3170761,3169923,0,3169921,4577656000,3171600,3170762,0,3170760,1030000,839,814.56,false
4577656000,3171600,3170762,0,3170760,4578686000,3172439,3171601,0,3171599,1030000,839,814.56,false
4578686000,3172439,3171601,0,3171599,4579715000,3173278,3172440,0,3172438,1029000,839,815.35,false
4579715000,3173278,3172440,0,3172438,4580744000,3174117,3173279,0,3173277,1029000,839,815.35,false
4580744000,3174117,3173279,0,3173277,4581773000,3174956,3174118,0,3174116,1029000,839,815.35,false
4581773000,3174956,3174118,0,3174116,4582803000,3175795,3174957,0,3174955,1030000,839,814.56,false
4582803000,3175795,3174957,0,3174955,4583832000,3176634,3175796,0,3175794,1029000,839,815.35,false
4583832000,3176634,3175796,0,3175794,4584861000,3177473,3176635,0,3176633,1029000,839,815.35,false
4584861000,3177473,3176635,0,3176633,4585966000,3178312,3177474,0,3177472,1105000,839,759.28,false
4585966000,3178312,3177474,0,3177472,4586979000,3179151,3178313,0,3178311,1013000,839,828.23,false
4586979000,3179151,3178313,0,3178311,4588005000,3179990,3179152,0,3179150,1026000,839,817.74,false
4588005000,3179990,3179152,0,3179150,4589035000,3180829,3179991,0,3179989,1030000,839,814.56,false
4589035000,3180829,3179991,0,3179989,4590065000,3181668,3180830,0,3180828,1030000,839,814.56,false
4590065000,3181668,3180830,0,3180828,4591094000,3182507,3181669,0,3181667,1029000,839,815.35,false
4591094000,3182507,3181669,0,3181667,4592123000,3183346,3182508,0,3182506,1029000,839,815.35,false
4592123000,3183346,3182508,0,3182506,4593152000,3184185,3183347,0,3183345,1029000,839,815.35,false
4594147000,3184997,3184159,0,3184157,4595176000,3185836,3184998,0,3184996,1029000,839,815.35,false
4595176000,3185836,3184998,0,3184996,4596205000,3186675,3185837,0,3185835,1029000,839,815.35,false
4596205000,3186675,3185837,0,3185835,4597234000,3187609,3186676,0,3186674,1029000,839,815.35,true
4597234000,3187609,3186676,0,3186674,4598308000,3188543,3187610,0,3187608,1074000,934,869.65,true
4598308000,3188543,3187610,0,3187608,4599388000,3189382,3188544,0,3188542,1080000,934,864.81,true
4599388000,3189382,3188544,0,3188542,4600414000,3190218,3189383,0,3189381,1026000,839,817.74,true
4600414000,3190218,3189383,0,3189381,4601433000,3191054,3190219,0,3190217,1019000,836,820.41,false
4601433000,3191054,3190219,0,3190217,4602460000,3191890,3191055,0,3191053,1027000,836,814.02,false
4602460000,3191890,3191055,0,3191053,4603489000,3192726,3191891,0,3191889,1029000,836,812.44,false
4603489000,3192726,3191891,0,3191889,4604517000,3193562,3192727,0,3192725,1028000,836,813.23,false
4604517000,3193562,3192727,0,3192725,4605545000,3194398,3193563,0,3193561,1028000,836,813.23,false
4605545000,3194398,3193563,0,3193561,4606573000,3195234,3194399,0,3194397,1028000,836,813.23,false
4606573000,3195234,3194399,0,3194397,4607601000,3196070,3195235,0,3195233,1028000,836,813.23,false
4607601000,3196070,3195235,0,3195233,4608629000,3196906,3196071,0,3196069,1028000,836,813.23,false
4608629000,3196906,3196071,0,3196069,4609730000,3197742,3196907,0,3196905,1101000,836,759.31,false
4609730000,3197742,3196907,0,3196905,4610746000,3198578,3197743,0,3197741,1016000,836,822.83,false
4610746000,3198578,3197743,0,3197741,4611775000,3199414,3198579,0,3198577,1029000,836,812.44,false
4611775000,3199414,3198579,0,3198577,4612807000,3200250,3199415,0,3199413,1032000,836,810.08,false
4612807000,3200250,3199415,0,3199413,4613839000,3201086,3200251,0,3200249,1032000,836,810.08,false
4613839000,3201086,3200251,0,3200249,4614870000,3201922,3201087,0,3201085,1031000,836,810.86,false
4614870000,3201922,3201087,0,3201085,4615901000,3202758,3201923,0,3201921,1031000,836,810.86,false
4615901000,3202758,3201923,0,3201921,4616932000,3203594,3202759,0,3202757,1031000,836,810.86,false
4616932000,3203594,3202759,0,3202757,4617963000,3204430,3203595,0,3203593,1031000,836,810.86,false
4617963000,3204430,3203595,0,3203593,4618994000,3205266,3204431,0,3204429,1031000,836,810.86,false
4619900000,3206000,3205165,0,3205163,4620932000,3206836,3206001,0,3205999,1032000,836,810.08,false
4620932000,3206836,3206001,0,3205999,4621963000,3207672,3206837,0,3206835,1031000,836,810.86,false
4621963000,3207672,3206837,0,3206835,4622994000,3208609,3207673,0,3207671,1031000,836,810.86,true
4622994000,3208609,3207673,0,3207671,4624074000,3209546,3208610,0,3208608,1080000,937,867.59,true
4624074000,3209546,3208610,0,3208608,4625160000,3210382,3209547,0,3209545,1086000,937,862.80,true
4625160000,3210382,3209547,0,3209545,4626186000,3211213,3210383,0,3210381,1026000,836,814.81,true
4626186000,3211213,3210383,0,3210381,4627206000,3212044,3211214,0,3211212,1020000,831,814.71,false
4627206000,3212044,3211214,0,3211212,4628235000,3212875,3212045,0,3212043,1029000,831,807.58,false
4628235000,3212875,3212045,0,3212043,4629265000,3213706,3212876,0,3212874,1030000,831,806.80,false
4629265000,3213706,3212876,0,3212874,4630294000,3214537,3213707,0,3213705,1029000,831,807.58,false
4630294000,3214537,3213707,0,3213705,4631323000,3215368,3214538,0,3214536,1029000,831,807.58,false
4631323000,3215368,3214538,0,3214536,4632352000,3216199,3215369,0,3215367,1029000,831,807.58,false
4632352000,3216199,3215369,0,3215367,4633450000,3217030,3216200,0,3216198,1098000,831,756.83,false
4633450000,3217030,3216200,0,3216198,4634469000,3217861,3217031,0,3217029,1019000,831,815.51,false
4634469000,3217861,3217031,0,3217029,4635498000,3218692,3217862,0,3217860,1029000,831,807.58,false
4635498000,3218692,3217862,0,3217860,4636529000,3219523,3218693,0,3218691,1031000,831,806.01,false
4636529000,3219523,3218693,0,3218691,4637558000,3220354,3219524,0,3219522,1029000,831,807.58,false
4637558000,3220354,3219524,0,3219522,4638587000,3221185,3220355,0,3220353,1029000,831,807.58,false
4638587000,3221185,3220355,0,3220353,4639616000,3222016,3221186,0,3221184,1029000,831,807.58,false
4639616000,3222016,3221186,0,3221184,4640645000,3222847,3222017,0,3222015,1029000,831,807.58,false
4640645000,3222847,3222017,0,3222015,4641674000,3223678,3222848,0,3222846,1029000,831,807.58,false
4641674000,3223678,3222848,0,3222846,4642703000,3224509,3223679,0,3223677,1029000,831,807.58,false
4642703000,3224509,3223679,0,3223677,4643732000,3225340,3224510,0,3224508,1029000,831,807.58,false
4643732000,3225340,3224510,0,3224508,4644761000,3226171,3225341,0,3225339,1029000,831,807.58,false
4645748000,3226968,3226138,0,3226136,4646777000,3227799,3226969,0,3226967,1029000,831,807.58,false
4646777000,3227799,3226969,0,3226967,4647806000,3228630,3227800,0,3227798,1029000,831,807.58,false
4647806000,3228630,3227800,0,3227798,4648835000,3229555,3228631,0,3228629,1029000,831,807.58,true
4648835000,3229555,3228631,0,3228629,4649905000,3230480,3229556,0,3229554,1070000,925,864.49,true
4649905000,3230480,3229556,0,3229554,4650984000,3231311,3230481,0,3230479,1079000,925,857.28,true
4650984000,3231311,3230481,0,3230479,4652012000,3232140,3231312,0,3231310,1028000,831,808.37,true
4652012000,3232140,3231312,0,3231310,4653031000,3232969,3232141,0,3232139,1019000,829,813.54,false
4653031000,3232969,3232141,0,3232139,4654058000,3233798,3232970,0,3232968,1027000,829,807.21,false
4654058000,3233798,3232970,0,3232968,4655087000,3234627,3233799,0,3233797,1029000,829,805.64,false
4655087000,3234627,3233799,0,3233797,4656116000,3235456,3234628,0,3234626,1029000,829,805.64,false
4656116000,3235456,3234628,0,3234626,4657220000,3236285,3235457,0,3235455,1104000,829,750.91,false
4657220000,3236285,3235457,0,3235455,4658235000,3237114,3236286,0,3236284,1015000,829,816.75,false
4658235000,3237114,3236286,0,3236284,4659264000,3237943,3237115,0,3237113,1029000,829,805.64,false
4659264000,3237943,3237115,0,3237113,4660296000,3238772,3237944,0,3237942,1032000,829,803.29,false
4660296000,3238772,3237944,0,3237942,4661328000,3239601,3238773,0,3238771,1032000,829,803.29,false
4661328000,3239601,3238773,0,3238771,4662360000,3240430,3239602,0,3239600,1032000,829,803.29,false
4662360000,3240430,3239602,0,3239600,4663392000,3241259,3240431,0,3240429,1032000,829,803.29,false
4663392000,3241259,3240431,0,3240429,4664424000,3242088,3241260,0,3241258,1032000,829,803.29,false
4664424000,3242088,3241260,0,3241258,4665456000,3242917,3242089,0,3242087,1032000,829,803.29,false
4665456000,3242917,3242089,0,3242087,4666488000,3243746,3242918,0,3242916,1032000,829,803.29,false
4666488000,3243746,3242918,0,3242916,4667520000,3244575,3243747,0,3243745,1032000,829,803.29,false
4667520000,3244575,3243747,0,3243745,4668552000,3245404,3244576,0,3244574,1032000,829,803.29,false
4668552000,3245404,3244576,0,3244574,4669584000,3246233,3245405,0,3245403,1032000,829,803.29,false
4669584000,3246233,3245405,0,3245403,4670616000,3247062,3246234,0,3246232,1032000,829,803.29,false
4670616000,3247062,3246234,0,3246232,4671648000,3247891,3247063,0,3247061,1032000,829,803.29,false
4671664000,3247904,3247076,0,3247074,4672696000,3248733,3247905,0,3247903,1032000,829,803.29,false
4672696000,3248733,3247905,0,3247903,4673728000,3249562,3248734,0,3248732,1032000,829,803.29,false
4673728000,3249562,3248734,0,3248732,4674760000,3250494,3249563,0,3249561,1032000,829,803.29,true
4674760000,3250494,3249563,0,3249561,4675840000,3251426,3250495,0,3250493,1080000,932,862.96,true
4675840000,3251426,3250495,0,3250493,4676926000,3252255,3251427,0,3251425,1086000,932,858.20,true
4676926000,3252255,3251427,0,3251425,4677953000,3253079,3252256,0,3252254,1027000,829,807.21,true
4677953000,3253079,3252256,0,3252254,4678973000,3253903,3253080,0,3253078,1020000,824,807.84,false
4678973000,3253903,3253080,0,3253078,4680002000,3254727,3253904,0,3253902,1029000,824,800.78,false
4680002000,3254727,3253904,0,3253902,4681094000,3255551,3254728,0,3254726,1092000,824,754.58,false
4681094000,3255551,3254728,0,3254726,4682119000,3256375,3255552,0,3255550,1025000,824,803.90,false
4682119000,3256375,3255552,0,3255550,4683145000,3257199,3256376,0,3256374,1026000,824,803.12,false
4683145000,3257199,3256376,0,3256374,4684174000,3258023,3257200,0,3257198,1029000,824,800.78,false
4684174000,3258023,3257200,0,3257198,4685204000,3258847,3258024,0,3258022,1030000,824,800.00,false
4685204000,3258847,3258024,0,3258022,4686233000,3259671,3258848,0,3258846,1029000,824,800.78,false
4686233000,3259671,3258848,0,3258846,4687263000,3260495,3259672,0,3259670,1030000,824,800.00,false
4687263000,3260495,3259672,0,3259670,4688293000,3261319,3260496,0,3260494,1030000,824,800.00,false
4688293000,3261319,3260496,0,3260494,4689323000,3262143,3261320,0,3261318,1030000,824,800.00,false
4689323000,3262143,3261320,0,3261318,4690353000,3262967,3262144,0,3262142,1030000,824,800.00,false
4690353000,3262967,3262144,0,3262142,4691383000,3263791,3262968,0,3262966,1030000,824,800.00,false
4691383000,3263791,3262968,0,3262966,4692413000,3264615,3263792,0,3263790,1030000,824,800.00,false
4692413000,3264615,3263792,0,3263790,4693443000,3265439,3264616,0,3264614,1030000,824,800.00,false
4693443000,3265439,3264616,0,3264614,4694473000,3266263,3265440,0,3265438,1030000,824,800.00,false
4694473000,3266263,3265440,0,3265438,4695503000,3267087,3266264,0,3266262,1030000,824,800.00,false
4695503000,3267087,3266264,0,3266262,4696533000,3267911,3267088,0,3267086,1030000,824,800.00,false
4697530000,3268709,3267886,0,3267884,4698560000,3269533,3268710,0,3268708,1030000,824,800.00,false
4698560000,3269533,3268710,0,3268708,4699590000,3270357,3269534,0,3269532,1030000,824,800.00,false
4699590000,3270357,3269534,0,3269532,4700620000,3271274,3270358,0,3270356,1030000,824,800.00,true
4700620000,3271274,3270358,0,3270356,4701689000,3272191,3271275,0,3271273,1069000,917,857.81,true
4701689000,3272191,3271275,0,3271273,4702767000,3273015,3272192,0,3272190,1078000,917,850.65,true
4702767000,3273015,3272192,0,3272190,4703810000,3273837,3273016,0,3273014,1043000,824,790.03,true
4703810000,3273837,3273016,0,3273014,4704850000,3274659,3273838,0,3273836,1040000,822,790.38,false
4704850000,3274659,3273838,0,3273836,4705905000,3275481,3274660,0,3274658,1055000,822,779.15,false
4705905000,3275481,3274660,0,3274658,4706961000,3276303,3275482,0,3275480,1056000,822,778.41,false
4706961000,3276303,3275482,0,3275480,4708015000,3277125,3276304,0,3276302,1054000,822,779.89,false
4708015000,3277125,3276304,0,3276302,4709069000,3277947,3277126,0,3277124,1054000,822,779.89,false
4709069000,3277947,3277126,0,3277124,4710123000,3278769,3277948,0,3277946,1054000,822,779.89,false
4710123000,3278769,3277948,0,3277946,4711177000,3279591,3278770,0,3278768,1054000,822,779.89,false
4711177000,3279591,3278770,0,3278768,4712231000,3280413,3279592,0,3279590,1054000,822,779.89,false
4712231000,3280413,3279592,0,3279590,4713285000,3281235,3280414,0,3280412,1054000,822,779.89,false
4713285000,3281235,3280414,0,3280412,4714339000,3282057,3281236,0,3281234,1054000,822,779.89,false
4714339000,3282057,3281236,0,3281234,4715393000,3282879,3282058,0,3282056,1054000,822,779.89,false
4715393000,3282879,3282058,0,3282056,4716447000,3283701,3282880,0,3282878,1054000,822,779.89,false
4716447000,3283701,3282880,0,3282878,4717501000,3284523,3283702,0,3283700,1054000,822,779.89,false
4717501000,3284523,3283702,0,3283700,4718555000,3285345,3284524,0,3284522,1054000,822,779.89,false
4718555000,3285345,3284524,0,3284522,4719609000,3286167,3285346,0,3285344,1054000,822,779.89,false
4719609000,3286167,3285346,0,3285344,4720663000,3286989,3286168,0,3286166,1054000,822,779.89,false
4720663000,3286989,3286168,0,3286166,4721717000,3287811,3286990,0,3286988,1054000,822,779.89,false
4721717000,3287811,3286990,0,3286988,4722771000,3288633,3287812,0,3287810,1054000,822,779.89,false
4722771000,3288633,3287812,0,3287810,4723825000,3289455,3288634,0,3288632,1054000,822,779.89,false
4724794000,3290212,3289391,0,3289389,4725848000,3291034,3290213,0,3290211,1054000,822,779.89,false
4725848000,3291034,3290213,0,3290211,4726902000,3291856,3291035,0,3291033,1054000,822,779.89,false
4726902000,3291856,3291035,0,3291033,4727956000,3292847,3291857,0,3291855,1054000,822,779.89,true
4727956000,3292847,3291857,0,3291855,4729206000,3293838,3292848,0,3292846,1250000,991,792.80,true
4729206000,3293838,3292848,0,3292846,4730389000,3294660,3293839,0,3293837,1183000,991,837.70,true
4730389000,3294660,3293839,0,3293837,4731410000,3295473,3294661,0,3294659,1021000,822,805.09,true
4731410000,3295473,3294661,0,3294659,4732421000,3296286,3295474,0,3295472,1011000,813,804.15,false
4732421000,3296286,3295474,0,3295472,4733448000,3297099,3296287,0,3296285,1027000,813,791.63,false
4733448000,3297099,3296287,0,3296285,4734479000,3297912,3297100,0,3297098,1031000,813,788.55,false
4734479000,3297912,3297100,0,3297098,4735508000,3298725,3297913,0,3297911,1029000,813,790.09,false
4735508000,3298725,3297913,0,3297911,4736536000,3299538,3298726,0,3298724,1028000,813,790.86,false
4736536000,3299538,3298726,0,3298724,4737565000,3300351,3299539,0,3299537,1029000,813,790.09,false
4737565000,3300351,3299539,0,3299537,4738593000,3301164,3300352,0,3300350,1028000,813,790.86,false
4738593000,3301164,3300352,0,3300350,4739621000,3301977,3301165,0,3301163,1028000,813,790.86,false
4739621000,3301977,3301165,0,3301163,4740650000,3302790,3301978,0,3301976,1029000,813,790.09,false
4740650000,3302790,3301978,0,3301976,4741678000,3303603,3302791,0,3302789,1028000,813,790.86,false
4741678000,3303603,3302791,0,3302789,4742706000,3304416,3303604,0,3303602,1028000,813,790.86,false
4742706000,3304416,3303604,0,3303602,4743735000,3305229,3304417,0,3304415,1029000,813,790.09,false
4743735000,3305229,3304417,0,3304415,4744763000,3306042,3305230,0,3305228,1028000,813,790.86,false
4744763000,3306042,3305230,0,3305228,4745791000,3306855,3306043,0,3306041,1028000,813,790.86,false
4745791000,3306855,3306043,0,3306041,4746819000,3307668,3306856,0,3306854,1028000,813,790.86,false
4746819000,3307668,3306856,0,3306854,4747847000,3308481,3307669,0,3307667,1028000,813,790.86,false
4747847000,3308481,3307669,0,3307667,4748876000,3309294,3308482,0,3308480,1029000,813,790.09,false
4748876000,3309294,3308482,0,3308480,4749904000,3310107,3309295,0,3309293,1028000,813,790.86,false
4750739000,3310768,3309956,0,3309954,4751767000,3311581,3310769,0,3310767,1028000,813,790.86,false
4751767000,3311581,3310769,0,3310767,4752853000,3312394,3311582,0,3311580,1086000,813,748.62,false
4752853000,3312394,3311582,0,3311580,4753878000,3313296,3312395,0,3312393,1025000,813,793.17,true
4753878000,3313296,3312395,0,3312393,4754957000,3314198,3313297,0,3313295,1079000,902,835.96,true
4754957000,3314198,3313297,0,3313295,4756031000,3315011,3314199,0,3314197,1074000,902,839.85,true
4756031000,3315011,3314199,0,3314197,4757047000,3315824,3315012,0,3315010,1016000,813,800.20,true
4757047000,3315824,3315012,0,3315010,4758065000,3316637,3315825,0,3315823,1018000,813,798.62,false
4758065000,3316637,3315825,0,3315823,4759094000,3317450,3316638,0,3316636,1029000,813,790.09,false
4759094000,3317450,3316638,0,3316636,4760124000,3318263,3317451,0,3317449,1030000,813,789.32,false
4760124000,3318263,3317451,0,3317449,4761153000,3319076,3318264,0,3318262,1029000,813,790.09,false
4761153000,3319076,3318264,0,3318262,4762181000,3319889,3319077,0,3319075,1028000,813,790.86,false
4762181000,3319889,3319077,0,3319075,4763209000,3320702,3319890,0,3319888,1028000,813,790.86,false
4763209000,3320702,3319890,0,3319888,4764238000,3321515,3320703,0,3320701,1029000,813,790.09,false
4764238000,3321515,3320703,0,3320701,4765266000,3322328,3321516,0,3321514,1028000,813,790.86,false
4765266000,3322328,3321516,0,3321514,4766294000,3323141,3322329,0,3322327,1028000,813,790.86,false
4766294000,3323141,3322329,0,3322327,4767322000,3323954,3323142,0,3323140,1028000,813,790.86,false
4767322000,3323954,3323142,0,3323140,4768350000,3324767,3323955,0,3323953,1028000,813,790.86,false
4768350000,3324767,3323955,0,3323953,4769379000,3325580,3324768,0,3324766,1029000,813,790.09,false
4769379000,3325580,3324768,0,3324766,4770407000,3326393,3325581,0,3325579,1028000,813,790.86,false
4770407000,3326393,3325581,0,3325579,4771435000,3327206,3326394,0,3326392,1028000,813,790.86,false
4771435000,3327206,3326394,0,3326392,4772464000,3328019,3327207,0,3327205,1029000,813,790.09,false
4772464000,3328019,3327207,0,3327205,4773492000,3328832,3328020,0,3328018,1028000,813,790.86,false
4773492000,3328832,3328020,0,3328018,4774521000,3329645,3328833,0,3328831,1029000,813,790.09,false
4774521000,3329645,3328833,0,3328831,4775549000,3330458,3329646,0,3329644,1028000,813,790.86,false
4776354000,3331045,3330233,0,3330231,4777376000,3331858,3331046,0,3331044,1022000,813,795.50,false
4777376000,3331858,3331046,0,3331044,4778407000,3332671,3331859,0,3331857,1031000,813,788.55,false
4778407000,3332671,3331859,0,3331857,4779438000,3333516,3332672,0,3332670,1031000,813,788.55,true
4779438000,3333516,3332672,0,3332670,4780482000,3334361,3333517,0,3333515,1044000,845,809.39,true
4780482000,3334361,3333517,0,3333515,4781525000,3335174,3334362,0,3334360,1043000,845,810.16,true
4781525000,3335174,3334362,0,3334360,4782535000,3335996,3335175,0,3335173,1010000,813,804.95,true
4782535000,3335996,3335175,0,3335173,4783574000,3336818,3335997,0,3335995,1039000,822,791.15,false
4783574000,3336818,3335997,0,3335995,4784608000,3337640,3336819,0,3336817,1034000,822,794.97,false
4784608000,3337640,3336819,0,3336817,4785640000,3338462,3337641,0,3337639,1032000,822,796.51,false
4785640000,3338462,3337641,0,3337639,4786672000,3339284,3338463,0,3338461,1032000,822,796.51,false
4786672000,3339284,3338463,0,3338461,4787704000,3340106,3339285,0,3339283,1032000,822,796.51,false
4787704000,3340106,3339285,0,3339283,4788736000,3340928,3340107,0,3340105,1032000,822,796.51,false
4788736000,3340928,3340107,0,3340105,4789768000,3341750,3340929,0,3340927,1032000,822,796.51,false
4789768000,3341750,3340929,0,3340927,4790800000,3342572,3341751,0,3341749,1032000,822,796.51,false
4790800000,3342572,3341751,0,3341749,4791832000,3343394,3342573,0,3342571,1032000,822,796.51,false
4791832000,3343394,3342573,0,3342571,4792864000,3344216,3343395,0,3343393,1032000,822,796.51,false
4792864000,3344216,3343395,0,3343393,4793896000,3345038,3344217,0,3344215,1032000,822,796.51,false
4793896000,3345038,3344217,0,3344215,4794928000,3345860,3345039,0,3345037,1032000,822,796.51,false
4794928000,3345860,3345039,0,3345037,4795960000,3346682,3345861,0,3345859,1032000,822,796.51,false
4795960000,3346682,3345861,0,3345859,4796992000,3347504,3346683,0,3346681,1032000,822,796.51,false
4796992000,3347504,3346683,0,3346681,4798024000,3348326,3347505,0,3347503,1032000,822,796.51,false
4798024000,3348326,3347505,0,3347503,4799056000,3349148,3348327,0,3348325,1032000,822,796.51,false
4799056000,3349148,3348327,0,3348325,4800153000,3349970,3349149,0,3349147,1097000,822,749.32,false
4800153000,3349970,3349149,0,3349147,4801184000,3350792,3349971,0,3349969,1031000,822,797.28,false
4801184000,3350792,3349971,0,3349969,4802210000,3351614,3350793,0,3350791,1026000,822,801.17,false
4802475000,3351826,3351005,0,3351003,4803503000,3352648,3351827,0,3351825,1028000,822,799.61,false
4803503000,3352648,3351827,0,3351825,4804532000,3353470,3352649,0,3352647,1029000,822,798.83,false
4804532000,3353470,3352649,0,3352647,4805561000,3354379,3353471,0,3353469,1029000,822,798.83,true
4805561000,3354379,3353471,0,3353469,4806625000,3355288,3354380,0,3354378,1064000,909,854.32,true
4806625000,3355288,3354380,0,3354378,4807699000,3356110,3355289,0,3355287,1074000,909,846.37,true
4807699000,3356110,3355289,0,3355287,4808725000,3356932,3356111,0,3356109,1026000,822,801.17,true
4808725000,3356932,3356111,0,3356109,4809745000,3357754,3356933,0,3356931,1020000,822,805.88,false
4809745000,3357754,3356933,0,3356931,4810773000,3358576,3357755,0,3357753,1028000,822,799.61,false
4810773000,3358576,3357755,0,3357753,4811803000,3359398,3358577,0,3358575,1030000,822,798.06,false
4811803000,3359398,3358577,0,3358575,4812832000,3360220,3359399,0,3359397,1029000,822,798.83,false
4812832000,3360220,3359399,0,3359397,4813861000,3361042,3360221,0,3360219,1029000,822,798.83,false
4813861000,3361042,3360221,0,3360219,4814890000,3361864,3361043,0,3361041,1029000,822,798.83,false
4814890000,3361864,3361043,0,3361041,4815919000,3362686,3361865,0,3361863,1029000,822,798.83,false
4815919000,3362686,3361865,0,3361863,4816948000,3363508,3362687,0,3362685,1029000,822,798.83,false
4816948000,3363508,3362687,0,3362685,4817977000,3364330,3363509,0,3363507,1029000,822,798.83,false
4817977000,3364330,3363509,0,3363507,4819006000,3365152,3364331,0,3364329,1029000,822,798.83,false
4819006000,3365152,3364331,0,3364329,4820035000,3365974,3365153,0,3365151,1029000,822,798.83,false
4820035000,3365974,3365153,0,3365151,4821064000,3366796,3365975,0,3365973,1029000,822,798.83,false
4821064000,3366796,3365975,0,3365973,4822093000,3367618,3366797,0,3366795,1029000,822,798.83,false
4822093000,3367618,3366797,0,3366795,4823176000,3368440,3367619,0,3367617,1083000,822,759.00,false
4823176000,3368440,3367619,0,3367617,4824204000,3369262,3368441,0,3368439,1028000,822,799.61,false
4824204000,3369262,3368441,0,3368439,4825239000,3370084,3369263,0,3369261,1035000,822,794.20,false
4825239000,3370084,3369263,0,3369261,4826270000,3370906,3370085,0,3370083,1031000,822,797.28,false
4826270000,3370906,3370085,0,3370083,4827298000,3371728,3370907,0,3370905,1028000,822,799.61,false
4828234000,3372476,3371655,0,3371653,4829263000,3373298,3372477,0,3372475,1029000,822,798.83,false
4829263000,3373298,3372477,0,3372475,4830292000,3374120,3373299,0,3373297,1029000,822,798.83,false
4830292000,3374120,3373299,0,3373297,4831321000,3375032,3374121,0,3374119,1029000,822,798.83,true
4831321000,3375032,3374121,0,3374119,4832386000,3375944,3375033,0,3375031,1065000,912,856.34,true
4832386000,3375944,3375033,0,3375031,4833461000,3376766,3375945,0,3375943,1075000,912,848.37,true
4833461000,3376766,3375945,0,3375943,4834490000,3377588,3376767,0,3376765,1029000,822,798.83,true
4834490000,3377588,3376767,0,3376765,4835509000,3378410,3377589,0,3377587,1019000,822,806.67,false
4835509000,3378410,3377589,0,3377587,4836536000,3379232,3378411,0,3378409,1027000,822,800.39,false
4836536000,3379232,3378411,0,3378409,4837565000,3380054,3379233,0,3379231,1029000,822,798.83,false
4837565000,3380054,3379233,0,3379231,4838594000,3380876,3380055,0,3380053,1029000,822,798.83,false
4838594000,3380876,3380055,0,3380053,4839623000,3381698,3380877,0,3380875,1029000,822,798.83,false
4839623000,3381698,3380877,0,3380875,4840652000,3382520,3381699,0,3381697,1029000,822,798.83,false
4840652000,3382520,3381699,0,3381697,4841681000,3383342,3382521,0,3382519,1029000,822,798.83,false
4841681000,3383342,3382521,0,3382519,4842710000,3384164,3383343,0,3383341,1029000,822,798.83,false
4842710000,3384164,3383343,0,3383341,4843739000,3384986,3384165,0,3384163,1029000,822,798.83,false
4843739000,3384986,3384165,0,3384163,4844768000,3385808,3384987,0,3384985,1029000,822,798.83,false
4844768000,3385808,3384987,0,3384985,4845797000,3386630,3385809,0,3385807,1029000,822,798.83,false
4845797000,3386630,3385809,0,3385807,4846892000,3387452,3386631,0,3386629,1095000,822,750.68,false
4846892000,3387452,3386631,0,3386629,4847913000,3388274,3387453,0,3387451,1021000,822,805.09,false
4847913000,3388274,3387453,0,3387451,4848944000,3389096,3388275,0,3388273,1031000,822,797.28,false
4848944000,3389096,3388275,0,3388273,4849974000,3389918,3389097,0,3389095,1030000,822,798.06,false
4849974000,3389918,3389097,0,3389095,4851003000,3390740,3389919,0,3389917,1029000,822,798.83,false
4851003000,3390740,3389919,0,3389917,4852032000,3391562,3390741,0,3390739,1029000,822,798.83,false
4852032000,3391562,3390741,0,3390739,4853061000,3392384,3391563,0,3391561,1029000,822,798.83,false
4853990000,3393127,3392306,0,3392304,4855019000,3393949,3393128,0,3393126,1029000,822,798.83,false
4855019000,3393949,3393128,0,3393126,4856048000,3394771,3393950,0,3393948,1029000,822,798.83,false
4856048000,3394771,3393950,0,3393948,4857077000,3395686,3394772,0,3394770,1029000,822,798.83,true
4857077000,3395686,3394772,0,3394770,4858145000,3396601,3395687,0,3395685,1068000,915,856.74,true
4858145000,3396601,3395687,0,3395685,4859221000,3397423,3396602,0,3396600,1076000,915,850.37,true
4859221000,3397423,3396602,0,3396600,4860250000,3398243,3397424,0,3397422,1029000,822,798.83,true
4860250000,3398243,3397424,0,3397422,4861268000,3399063,3398244,0,3398242,1018000,820,805.50,false
4861268000,3399063,3398244,0,3398242,4862294000,3399883,3399064,0,3399062,1026000,820,799.22,false
4862294000,3399883,3399064,0,3399062,4863323000,3400703,3399884,0,3399882,1029000,820,796.89,false
4863323000,3400703,3399884,0,3399882,4864351000,3401523,3400704,0,3400702,1028000,820,797.67,false
4864351000,3401523,3400704,0,3400702,4865379000,3402343,3401524,0,3401522,1028000,820,797.67,false
4865379000,3402343,3401524,0,3401522,4866407000,3403163,3402344,0,3402342,1028000,820,797.67,false
4866407000,3403163,3402344,0,3402342,4867435000,3403983,3403164,0,3403162,1028000,820,797.67,false
4867435000,3403983,3403164,0,3403162,4868463000,3404803,3403984,0,3403982,1028000,820,797.67,false
4868463000,3404803,3403984,0,3403982,4869491000,3405623,3404804,0,3404802,1028000,820,797.67,false
4869491000,3405623,3404804,0,3404802,4870592000,3406443,3405624,0,3405622,1101000,820,744.78,false
4870592000,3406443,3405624,0,3405622,4871607000,3407263,3406444,0,3406442,1015000,820,807.88,false
4871607000,3407263,3406444,0,3406442,4872631000,3408083,3407264,0,3407262,1024000,820,800.78,false
4872631000,3408083,3407264,0,3407262,4873659000,3408903,3408084,0,3408082,1028000,820,797.67,false
4873659000,3408903,3408084,0,3408082,4874688000,3409723,3408904,0,3408902,1029000,820,796.89,false
4874688000,3409723,3408904,0,3408902,4875716000,3410543,3409724,0,3409722,1028000,820,797.67,false
4875716000,3410543,3409724,0,3409722,4876744000,3411363,3410544,0,3410542,1028000,820,797.67,false
4876744000,3411363,3410544,0,3410542,4877772000,3412183,3411364,0,3411362,1028000,820,797.67,false
4877772000,3412183,3411364,0,3411362,4878800000,3413003,3412184,0,3412182,1028000,820,797.67,false
4879682000,3413706,3412887,0,3412885,4880710000,3414526,3413707,0,3413705,1028000,820,797.67,false
4880710000,3414526,3413707,0,3413705,4881738000,3415346,3414527,0,3414525,1028000,820,797.67,false
4881738000,3415346,3414527,0,3414525,4882766000,3416256,3415347,0,3415345,1028000,820,797.67,true
4882766000,3416256,3415347,0,3415345,4883830000,3417166,3416257,0,3416255,1064000,910,855.26,true
4883830000,3417166,3416257,0,3416255,4884904000,3417986,3417167,0,3417165,1074000,910,847.30,true
4884904000,3417986,3417167,0,3417165,4885933000,3418806,3417987,0,3417985,1029000,820,796.89,true
4885933000,3418806,3417987,0,3417985,4886952000,3419626,3418807,0,3418805,1019000,820,804.71,false
4886952000,3419626,3418807,0,3418805,4887977000,3420446,3419627,0,3419625,1025000,820,800.00,false
4887977000,3420446,3419627,0,3419625,4889006000,3421266,3420447,0,3420445,1029000,820,796.89,false
4889006000,3421266,3420447,0,3420445,4890035000,3422086,3421267,0,3421265,1029000,820,796.89,false
4890035000,3422086,3421267,0,3421265,4891063000,3422906,3422087,0,3422085,1028000,820,797.67,false
4891063000,3422906,3422087,0,3422085,4892091000,3423726,3422907,0,3422905,1028000,820,797.67,false
4892091000,3423726,3422907,0,3422905,4893119000,3424546,3423727,0,3423725,1028000,820,797.67,false
4893119000,3424546,3423727,0,3423725,4894208000,3425366,3424547,0,3424545,1089000,820,752.98,false
4894208000,3425366,3424547,0,3424545,4895236000,3426186,3425367,0,3425365,1028000,820,797.67,false
4895236000,3426186,3425367,0,3425365,4896261000,3427006,3426187,0,3426185,1025000,820,800.00,false
4896261000,3427006,3426187,0,3426185,4897288000,3427826,3427007,0,3427005,1027000,820,798.44,false
4897288000,3427826,3427007,0,3427005,4898316000,3428646,3427827,0,3427825,1028000,820,797.67,false
4898316000,3428646,3427827,0,3427825,4899344000,3429466,3428647,0,3428645,1028000,820,797.67,false
4899344000,3429466,3428647,0,3428645,4900372000,3430286,3429467,0,3429465,1028000,820,797.67,false
4900372000,3430286,3429467,0,3429465,4901400000,3431106,3430287,0,3430285,1028000,820,797.67,false
4901400000,3431106,3430287,0,3430285,4902428000,3431926,3431107,0,3431105,1028000,820,797.67,false
4902428000,3431926,3431107,0,3431105,4903456000,3432746,3431927,0,3431925,1028000,820,797.67,false
4903456000,3432746,3431927,0,3431925,4904484000,3433566,3432747,0,3432745,1028000,820,797.67,false
4905357000,3434262,3433443,0,3433441,4906385000,3435082,3434263,0,3434261,1028000,820,797.67,false
4906385000,3435082,3434263,0,3434261,4907413000,3435902,3435083,0,3435081,1028000,820,797.67,false
4907413000,3435902,3435083,0,3435081,4908441000,3436812,3435903,0,3435901,1028000,820,797.67,true
4908441000,3436812,3435903,0,3435901,4909505000,3437722,3436813,0,3436811,1064000,910,855.26,true
4909505000,3437722,3436813,0,3436811,4910578000,3438542,3437723,0,3437721,1073000,910,848.09,true
4910578000,3438542,3437723,0,3437721,4911607000,3439362,3438543,0,3438541,1029000,820,796.89,true
4911607000,3439362,3438543,0,3438541,4912626000,3440182,3439363,0,3439361,1019000,820,804.71,false
4912626000,3440182,3439363,0,3439361,4913651000,3441002,3440183,0,3440181,1025000,820,800.00,false
4913651000,3441002,3440183,0,3440181,4914680000,3441822,3441003,0,3441001,1029000,820,796.89,false
4914680000,3441822,3441003,0,3441001,4915709000,3442642,3441823,0,3441821,1029000,820,796.89,false
4915709000,3442642,3441823,0,3441821,4916737000,3443462,3442643,0,3442641,1028000,820,797.67,false
4916737000,3443462,3442643,0,3442641,4917821000,3444282,3443463,0,3443461,1084000,820,756.46,false
4917821000,3444282,3443463,0,3443461,4918852000,3445102,3444283,0,3444281,1031000,820,795.34,false
4918852000,3445102,3444283,0,3444281,4919878000,3445922,3445103,0,3445101,1026000,820,799.22,false
4919878000,3445922,3445103,0,3445101,4920906000,3446742,3445923,0,3445921,1028000,820,797.67,false
4920906000,3446742,3445923,0,3445921,4921934000,3447562,3446743,0,3446741,1028000,820,797.67,false
4921934000,3447562,3446743,0,3446741,4922962000,3448382,3447563,0,3447561,1028000,820,797.67,false
4922962000,3448382,3447563,0,3447561,4923990000,3449202,3448383,0,3448381,1028000,820,797.67,false
4923990000,3449202,3448383,0,3448381,4925018000,3450022,3449203,0,3449201,1028000,820,797.67,false
4925018000,3450022,3449203,0,3449201,4926046000,3450842,3450023,0,3450021,1028000,820,797.67,false
4926046000,3450842,3450023,0,3450021,4927074000,3451662,3450843,0,3450841,1028000,820,797.67,false
4927074000,3451662,3450843,0,3450841,4928102000,3452482,3451663,0,3451661,1028000,820,797.67,false
4928102000,3452482,3451663,0,3451661,4929130000,3453302,3452483,0,3452481,1028000,820,797.67,false
4929130000,3453302,3452483,0,3452481,4930158000,3454122,3453303,0,3453301,1028000,820,797.67,false
4931017000,3454807,3453988,0,3453986,4932045000,3455627,3454808,0,3454806,1028000,820,797.67,false
4932045000,3455627,3454808,0,3454806,4933073000,3456447,3455628,0,3455626,1028000,820,797.67,false
4933073000,3456447,3455628,0,3455626,4934101000,3457357,3456448,0,3456446,1028000,820,797.67,true
4934101000,3457357,3456448,0,3456446,4935165000,3458267,3457358,0,3457356,1064000,910,855.26,true
4935165000,3458267,3457358,0,3457356,4936239000,3459087,3458268,0,3458266,1074000,910,847.30,true
4936239000,3459087,3458268,0,3458266,4937267000,3459907,3459088,0,3459086,1028000,820,797.67,true
4937267000,3459907,3459088,0,3459086,4938286000,3460727,3459908,0,3459906,1019000,820,804.71,false
4938286000,3460727,3459908,0,3459906,4939311000,3461547,3460728,0,3460726,1025000,820,800.00,false
4939311000,3461547,3460728,0,3460726,4940370000,3462367,3461548,0,3461546,1059000,820,774.32,false
4940370000,3462367,3461548,0,3461546,4941410000,3463187,3462368,0,3462366,1040000,820,788.46,false
4941410000,3463187,3462368,0,3462366,4942448000,3464007,3463188,0,3463186,1038000,820,789.98,false
4942448000,3464007,3463188,0,3463186,4943478000,3464827,3464008,0,3464006,1030000,820,796.12,false
4943478000,3464827,3464008,0,3464006,4944505000,3465647,3464828,0,3464826,1027000,820,798.44,false
4944505000,3465647,3464828,0,3464826,4945532000,3466467,3465648,0,3465646,1027000,820,798.44,false
4945532000,3466467,3465648,0,3465646,4946560000,3467287,3466468,0,3466466,1028000,820,797.67,false
4946560000,3467287,3466468,0,3466466,4947588000,3468107,3467288,0,3467286,1028000,820,797.67,false
4947588000,3468107,3467288,0,3467286,4948616000,3468927,3468108,0,3468106,1028000,820,797.67,false
4948616000,3468927,3468108,0,3468106,4949644000,3469747,3468928,0,3468926,1028000,820,797.67,false
4949644000,3469747,3468928,0,3468926,4950672000,3470567,3469748,0,3469746,1028000,820,797.67,false
4950672000,3470567,3469748,0,3469746,4951700000,3471387,3470568,0,3470566,1028000,820,797.67,false
4951700000,3471387,3470568,0,3470566,4952728000,3472207,3471388,0,3471386,1028000,820,797.67,false
4952728000,3472207,3471388,0,3471386,4953756000,3473027,3472208,0,3472206,1028000,820,797.67,false
4953756000,3473027,3472208,0,3472206,4954784000,3473847,3473028,0,3473026,1028000,820,797.67,false
4954784000,3473847,3473028,0,3473026,4955812000,3474667,3473848,0,3473846,1028000,820,797.67,false
4956639000,3475325,3474506,0,3474504,4957667000,3476145,3475326,0,3475324,1028000,820,797.67,false
4957667000,3476145,3475326,0,3475324,4958695000,3476965,3476146,0,3476144,1028000,820,797.67,false
4958695000,3476965,3476146,0,3476144,4959723000,3477875,3476966,0,3476964,1028000,820,797.67,true
4959723000,3477875,3476966,0,3476964,4960787000,3478785,3477876,0,3477874,1064000,910,855.26,true
4960787000,3478785,3477876,0,3477874,4961860000,3479605,3478786,0,3478784,1073000,910,848.09,true
4961860000,3479605,3478786,0,3478784,4962889000,3480425,3479606,0,3479604,1029000,820,796.89,true
4962889000,3480425,3479606,0,3479604,4963933000,3481245,3480426,0,3480424,1044000,820,785.44,false
4963933000,3481245,3480426,0,3480424,4964964000,3482065,3481246,0,3481244,1031000,820,795.34,false
4964964000,3482065,3481246,0,3481244,4966003000,3482885,3482066,0,3482064,1039000,820,789.22,false
4966003000,3482885,3482066,0,3482064,4967042000,3483705,3482886,0,3482884,1039000,820,789.22,false
4967042000,3483705,3482886,0,3482884,4968080000,3484525,3483706,0,3483704,1038000,820,789.98,false
4968080000,3484525,3483706,0,3483704,4969118000,3485345,3484526,0,3484524,1038000,820,789.98,false
4969118000,3485345,3484526,0,3484524,4970156000,3486165,3485346,0,3485344,1038000,820,789.98,false
4970156000,3486165,3485346,0,3485344,4971194000,3486985,3486166,0,3486164,1038000,820,789.98,false
4971194000,3486985,3486166,0,3486164,4972232000,3487805,3486986,0,3486984,1038000,820,789.98,false
4972232000,3487805,3486986,0,3486984,4973270000,3488625,3487806,0,3487804,1038000,820,789.98,false
4973270000,3488625,3487806,0,3487804,4974308000,3489445,3488626,0,3488624,1038000,820,789.98,false
4974308000,3489445,3488626,0,3488624,4975346000,3490265,3489446,0,3489444,1038000,820,789.98,false
4975346000,3490265,3489446,0,3489444,4976384000,3491085,3490266,0,3490264,1038000,820,789.98,false
4976384000,3491085,3490266,0,3490264,4977422000,3491905,3491086,0,3491084,1038000,820,789.98,false
4977422000,3491905,3491086,0,3491084,4978460000,3492725,3491906,0,3491904,1038000,820,789.98,false
4978460000,3492725,3491906,0,3491904,4979498000,3493545,3492726,0,3492724,1038000,820,789.98,false
4979498000,3493545,3492726,0,3492724,4980536000,3494365,3493546,0,3493544,1038000,820,789.98,false
4980536000,3494365,3493546,0,3493544,4981574000,3495185,3494366,0,3494364,1038000,820,789.98,false
4981574000,3495185,3494366,0,3494364,4982612000,3496005,3495186,0,3495184,1038000,820,789.98,false
4982625000,3496016,3495197,0,3495195,4983663000,3496836,3496017,0,3496015,1038000,820,789.98,false
4983663000,3496836,3496017,0,3496015,4984701000,3497656,3496837,0,3496835,1038000,820,789.98,false
4984701000,3497656,3496837,0,3496835,4985739000,3498597,3497657,0,3497655,1038000,820,789.98,true
4985739000,3498597,3497657,0,3497655,4986837000,3499538,3498598,0,3498596,1098000,941,857.01,true
4986837000,3499538,3498598,0,3498596,4988008000,3500358,3499539,0,3499537,1171000,941,803.59,true
4988008000,3500358,3499539,0,3499537,4989025000,3501162,3500359,0,3500357,1017000,820,806.29,true
4989025000,3501162,3500359,0,3500357,4990031000,3501966,3501163,0,3501161,1006000,804,799.20,false
4990031000,3501966,3501163,0,3501161,4991043000,3502770,3501967,0,3501965,1012000,804,794.47,false
4991043000,3502770,3501967,0,3501965,4992060000,3503574,3502771,0,3502769,1017000,804,790.56,false
4992060000,3503574,3502771,0,3502769,4993076000,3504378,3503575,0,3503573,1016000,804,791.34,false
4993076000,3504378,3503575,0,3503573,4994091000,3505182,3504379,0,3504377,1015000,804,792.12,false
4994091000,3505182,3504379,0,3504377,4995106000,3505986,3505183,0,3505181,1015000,804,792.12,false
4995106000,3505986,3505183,0,3505181,4996121000,3506790,3505987,0,3505985,1015000,804,792.12,false
4996121000,3506790,3505987,0,3505985,4997136000,3507594,3506791,0,3506789,1015000,804,792.12,false
4997136000,3507594,3506791,0,3506789,4998151000,3508398,3507595,0,3507593,1015000,804,792.12,false
4998151000,3508398,3507595,0,3507593,4999166000,3509202,3508399,0,3508397,1015000,804,792.12,false
4999166000,3509202,3508399,0,3508397,5000181000,3510006,3509203,0,3509201,1015000,804,792.12,false
5000181000,3510006,3509203,0,3509201,5001196000,3510810,3510007,0,3510005,1015000,804,792.12,false
5001196000,3510810,3510007,0,3510005,5002211000,3511614,3510811,0,3510809,1015000,804,792.12,false
5002211000,3511614,3510811,0,3510809,5003226000,3512418,3511615,0,3511613,1015000,804,792.12,false
5003226000,3512418,3511615,0,3511613,5004241000,3513222,3512419,0,3512417,1015000,804,792.12,false
5004241000,3513222,3512419,0,3512417,5005256000,3514026,3513223,0,3513221,1015000,804,792.12,false
5005256000,3514026,3513223,0,3513221,5006271000,3514830,3514027,0,3514025,1015000,804,792.12,false
5007027000,3515429,3514626,0,3514624,5008042000,3516233,3515430,0,3515428,1015000,804,792.12,false
5008042000,3516233,3515430,0,3515428,5009057000,3517037,3516234,0,3516232,1015000,804,792.12,false
5009057000,3517037,3516234,0,3516232,5010115000,3517889,3517038,0,3517036,1058000,804,759.92,true
5010115000,3517889,3517038,0,3517036,5011144000,3518741,3517890,0,3517888,1029000,852,827.99,true
5011144000,3518741,3517890,0,3517888,5012188000,3519545,3518742,0,3518740,1044000,852,816.09,true
5012188000,3519545,3518742,0,3518740,5013211000,3520357,3519546,0,3519544,1023000,804,785.92,true
5013211000,3520357,3519546,0,3519544,5014235000,3521169,3520358,0,3520356,1024000,812,792.97,false
5014235000,3521169,3520358,0,3520356,5015263000,3521981,3521170,0,3521168,1028000,812,789.88,false
5015263000,3521981,3521170,0,3521168,5016292000,3522793,3521982,0,3521980,1029000,812,789.12,false
5016292000,3522793,3521982,0,3521980,5017320000,3523605,3522794,0,3522792,1028000,812,789.88,false
5017320000,3523605,3522794,0,3522792,5018348000,3524417,3523606,0,3523604,1028000,812,789.88,false
5018348000,3524417,3523606,0,3523604,5019376000,3525229,3524418,0,3524416,1028000,812,789.88,false
5019376000,3525229,3524418,0,3524416,5020404000,3526041,3525230,0,3525228,1028000,812,789.88,false
5020404000,3526041,3525230,0,3525228,5021432000,3526853,3526042,0,3526040,1028000,812,789.88,false
5021432000,3526853,3526042,0,3526040,5022460000,3527665,3526854,0,3526852,1028000,812,789.88,false
5022460000,3527665,3526854,0,3526852,5023488000,3528477,3527666,0,3527664,1028000,812,789.88,false
5023488000,3528477,3527666,0,3527664,5024516000,3529289,3528478,0,3528476,1028000,812,789.88,false
5024516000,3529289,3528478,0,3528476,5025544000,3530101,3529290,0,3529288,1028000,812,789.88,false
5025544000,3530101,3529290,0,3529288,5026572000,3530913,3530102,0,3530100,1028000,812,789.88,false
5026572000,3530913,3530102,0,3530100,5027600000,3531725,3530914,0,3530912,1028000,812,789.88,false
5027600000,3531725,3530914,0,3530912,5028628000,3532537,3531726,0,3531724,1028000,812,789.88,false
5028628000,3532537,3531726,0,3531724,5029656000,3533349,3532538,0,3532536,1028000,812,789.88,false
5029656000,3533349,3532538,0,3532536,5030684000,3534161,3533350,0,3533348,1028000,812,789.88,false
5030684000,3534161,3533350,0,3533348,5031712000,3534973,3534162,0,3534160,1028000,812,789.88,false
5031907000,3535125,3534314,0,3534312,5033006000,3535937,3535126,0,3535124,1099000,812,738.85,false
5033006000,3535937,3535126,0,3535124,5034021000,3536749,3535938,0,3535936,1015000,812,800.00,false
5034021000,3536749,3535938,0,3535936,5035046000,3537594,3536750,0,3536748,1025000,812,792.20,true
5035046000,3537594,3536750,0,3536748,5036094000,3538439,3537595,0,3537593,1048000,845,806.30,true
5036094000,3538439,3537595,0,3537593,5037138000,3539282,3538440,0,3538438,1044000,845,809.39,true
5037138000,3539282,3538440,0,3538438,5038186000,3540094,3539283,0,3539281,1048000,843,804.39,true
5038186000,3540094,3539283,0,3539281,5039216000,3540910,3540095,0,3540093,1030000,812,788.35,true
5039216000,3540910,3540095,0,3540093,5040246000,3541726,3540911,0,3540909,1030000,816,792.23,false
5040246000,3541726,3540911,0,3540909,5041275000,3542542,3541727,0,3541725,1029000,816,793.00,false
5041275000,3542542,3541727,0,3541725,5042304000,3543358,3542543,0,3542541,1029000,816,793.00,false
5042304000,3543358,3542543,0,3542541,5043334000,3544174,3543359,0,3543357,1030000,816,792.23,false
5043334000,3544174,3543359,0,3543357,5044363000,3544990,3544175,0,3544173,1029000,816,793.00,false
5044363000,3544990,3544175,0,3544173,5045393000,3545806,3544991,0,3544989,1030000,816,792.23,false
5045393000,3545806,3544991,0,3544989,5046423000,3546622,3545807,0,3545805,1030000,816,792.23,false
5046423000,3546622,3545807,0,3545805,5047453000,3547438,3546623,0,3546621,1030000,816,792.23,false
5047453000,3547438,3546623,0,3546621,5048483000,3548254,3547439,0,3547437,1030000,816,792.23,false
5048483000,3548254,3547439,0,3547437,5049513000,3549070,3548255,0,3548253,1030000,816,792.23,false
5049513000,3549070,3548255,0,3548253,5050543000,3549886,3549071,0,3549069,1030000,816,792.23,false
5050543000,3549886,3549071,0,3549069,5051573000,3550702,3549887,0,3549885,1030000,816,792.23,false
5051573000,3550702,3549887,0,3549885,5052603000,3551518,3550703,0,3550701,1030000,816,792.23,false
5052603000,3551518,3550703,0,3550701,5053633000,3552334,3551519,0,3551517,1030000,816,792.23,false
5053633000,3552334,3551519,0,3551517,5054663000,3553150,3552335,0,3552333,1030000,816,792.23,false
5054663000,3553150,3552335,0,3552333,5055737000,3553966,3553151,0,3553149,1074000,816,759.78,false
5055737000,3553966,3553151,0,3553149,5056775000,3554782,3553967,0,3553965,1038000,816,786.13,false
5056775000,3554782,3553967,0,3553965,5057813000,3555598,3554783,0,3554781,1038000,816,786.13,false
5057967000,3555721,3554906,0,3554904,5058998000,3556537,3555722,0,3555720,1031000,816,791.46,false
5058998000,3556537,3555722,0,3555720,5060028000,3557353,3556538,0,3556536,1030000,816,792.23,false
5060028000,3557353,3556538,0,3556536,5061057000,3558242,3557354,0,3557352,1029000,816,793.00,true
5061057000,3558242,3557354,0,3557352,5062115000,3559131,3558243,0,3558241,1058000,889,840.26,true
5062115000,3559131,3558243,0,3558241,5063180000,3559947,3559132,0,3559130,1065000,889,834.74,true
5063180000,3559947,3559132,0,3559130,5064201000,3560766,3559948,0,3559946,1021000,816,799.22,true
5064201000,3560766,3559948,0,3559946,5065227000,3561585,3560767,0,3560765,1026000,819,798.25,false
5065227000,3561585,3560767,0,3560765,5066259000,3562404,3561586,0,3561584,1032000,819,793.60,false
5066259000,3562404,3561586,0,3561584,5067291000,3563223,3562405,0,3562403,1032000,819,793.60,false
5067291000,3563223,3562405,0,3562403,5068322000,3564042,3563224,0,3563222,1031000,819,794.37,false
5068322000,3564042,3563224,0,3563222,5069353000,3564861,3564043,0,3564041,1031000,819,794.37,false
5069353000,3564861,3564043,0,3564041,5070384000,3565680,3564862,0,3564860,1031000,819,794.37,false
5070384000,3565680,3564862,0,3564860,5071415000,3566499,3565681,0,3565679,1031000,819,794.37,false
5071415000,3566499,3565681,0,3565679,5072446000,3567318,3566500,0,3566498,1031000,819,794.37,false
5072446000,3567318,3566500,0,3566498,5073477000,3568137,3567319,0,3567317,1031000,819,794.37,false
5073477000,3568137,3567319,0,3567317,5074508000,3568956,3568138,0,3568136,1031000,819,794.37,false
5074508000,3568956,3568138,0,3568136,5075539000,3569775,3568957,0,3568955,1031000,819,794.37,false
5075539000,3569775,3568957,0,3568955,5076570000,3570594,3569776,0,3569774,1031000,819,794.37,false
5076570000,3570594,3569776,0,3569774,5077601000,3571413,3570595,0,3570593,1031000,819,794.37,false
5077601000,3571413,3570595,0,3570593,5078632000,3572232,3571414,0,3571412,1031000,819,794.37,false
5078632000,3572232,3571414,0,3571412,5079739000,3573051,3572233,0,3572231,1107000,819,739.84,false
5079739000,3573051,3572233,0,3572231,5080757000,3573870,3573052,0,3573050,1018000,819,804.52,false
5080757000,3573870,3573052,0,3573050,5081787000,3574689,3573871,0,3573869,1030000,819,795.15,false
5081787000,3574689,3573871,0,3573869,5082819000,3575508,3574690,0,3574688,1032000,819,793.60,false
5082819000,3575508,3574690,0,3574688,5083850000,3576327,3575509,0,3575507,1031000,819,794.37,false
5083877000,3576348,3575530,0,3575528,5084908000,3577167,3576349,0,3576347,1031000,819,794.37,false
5084908000,3577167,3576349,0,3576347,5085939000,3577986,3577168,0,3577166,1031000,819,794.37,false
5085939000,3577986,3577168,0,3577166,5086970000,3578901,3577987,0,3577985,1031000,819,794.37,true
5086970000,3578901,3577987,0,3577985,5088041000,3579816,3578902,0,3578900,1071000,915,854.34,true
5088041000,3579816,3578902,0,3578900,5089121000,3580635,3579817,0,3579815,1080000,915,847.22,true
5089121000,3580635,3579817,0,3579815,5090148000,3581452,3580636,0,3580634,1027000,819,797.47,true
5090148000,3581452,3580636,0,3580634,5091169000,3582269,3581453,0,3581451,1021000,817,800.20,false
5091169000,3582269,3581453,0,3581451,5092198000,3583086,3582270,0,3582268,1029000,817,793.97,false
5092198000,3583086,3582270,0,3582268,5093229000,3583903,3583087,0,3583085,1031000,817,792.43,false
5093229000,3583903,3583087,0,3583085,5094260000,3584720,3583904,0,3583902,1031000,817,792.43,false
5094260000,3584720,3583904,0,3583902,5095290000,3585537,3584721,0,3584719,1030000,817,793.20,false
5095290000,3585537,3584721,0,3584719,5096320000,3586354,3585538,0,3585536,1030000,817,793.20,false
5096320000,3586354,3585538,0,3585536,5097350000,3587171,3586355,0,3586353,1030000,817,793.20,false
5097350000,3587171,3586355,0,3586353,5098380000,3587988,3587172,0,3587170,1030000,817,793.20,false
5098380000,3587988,3587172,0,3587170,5099410000,3588805,3587989,0,3587987,1030000,817,793.20,false
5099410000,3588805,3587989,0,3587987,5100440000,3589622,3588806,0,3588804,1030000,817,793.20,false
5100440000,3589622,3588806,0,3588804,5101470000,3590439,3589623,0,3589621,1030000,817,793.20,false
5101470000,3590439,3589623,0,3589621,5102500000,3591256,3590440,0,3590438,1030000,817,793.20,false
5102500000,3591256,3590440,0,3590438,5103613000,3592073,3591257,0,3591255,1113000,817,734.05,false
5103613000,3592073,3591257,0,3591255,5104626000,3592890,3592074,0,3592072,1013000,817,806.52,false
5104626000,3592890,3592074,0,3592072,5105652000,3593707,3592891,0,3592889,1026000,817,796.30,false
5105652000,3593707,3592891,0,3592889,5106682000,3594524,3593708,0,3593706,1030000,817,793.20,false
5106682000,3594524,3593708,0,3593706,5107712000,3595341,3594525,0,3594523,1030000,817,793.20,false
5107712000,3595341,3594525,0,3594523,5108742000,3596158,3595342,0,3595340,1030000,817,793.20,false
5108742000,3596158,3595342,0,3595340,5109772000,3596975,3596159,0,3596157,1030000,817,793.20,false
5109795000,3596993,3596177,0,3596175,5110825000,3597810,3596994,0,3596992,1030000,817,793.20,false
5110825000,3597810,3596994,0,3596992,5111855000,3598627,3597811,0,3597809,1030000,817,793.20,false
5111855000,3598627,3597811,0,3597809,5112885000,3599540,3598628,0,3598626,1030000,817,793.20,true
5112885000,3599540,3598628,0,3598626,5113955000,3600453,3599541,0,3599539,1070000,913,853.27,true
5113955000,3600453,3599541,0,3599539,5115033000,3601270,3600454,0,3600452,1078000,913,846.94,true
5115033000,3601270,3600454,0,3600452,5116062000,3602085,3601271,0,3601269,1029000,817,793.97,true
5116062000,3602085,3601271,0,3601269,5117081000,3602900,3602086,0,3602084,1019000,815,799.80,false
5117081000,3602900,3602086,0,3602084,5118109000,3603715,3602901,0,3602899,1028000,815,792.80,false
5118109000,3603715,3602901,0,3602899,5119139000,3604530,3603716,0,3603714,1030000,815,791.26,false
5119139000,3604530,3603716,0,3603714,5120169000,3605345,3604531,0,3604529,1030000,815,791.26,false
5120169000,3605345,3604531,0,3604529,5121198000,3606160,3605346,0,3605344,1029000,815,792.03,false
5121198000,3606160,3605346,0,3605344,5122227000,3606975,3606161,0,3606159,1029000,815,792.03,false
5122227000,3606975,3606161,0,3606159,5123256000,3607790,3606976,0,3606974,1029000,815,792.03,false
5123256000,3607790,3606976,0,3606974,5124285000,3608605,3607791,0,3607789,1029000,815,792.03,false
5124285000,3608605,3607791,0,3607789,5125314000,3609420,3608606,0,3608604,1029000,815,792.03,false
5125314000,3609420,3608606,0,3608604,5126343000,3610235,3609421,0,3609419,1029000,815,792.03,false
5126343000,3610235,3609421,0,3609419,5127437000,3611050,3610236,0,3610234,1094000,815,744.97,false
5127437000,3611050,3610236,0,3610234,5128468000,3611865,3611051,0,3611049,1031000,815,790.49,false
5128468000,3611865,3611051,0,3611049,5129493000,3612680,3611866,0,3611864,1025000,815,795.12,false
5129493000,3612680,3611866,0,3611864,5130520000,3613495,3612681,0,3612679,1027000,815,793.57,false
5130520000,3613495,3612681,0,3612679,5131550000,3614310,3613496,0,3613494,1030000,815,791.26,false
5131550000,3614310,3613496,0,3613494,5132579000,3615125,3614311,0,3614309,1029000,815,792.03,false
5132579000,3615125,3614311,0,3614309,5133608000,3615940,3615126,0,3615124,1029000,815,792.03,false
5133608000,3615940,3615126,0,3615124,5134637000,3616755,3615941,0,3615939,1029000,815,792.03,false
5135634000,3617544,3616730,0,3616728,5136663000,3618359,3617545,0,3617543,1029000,815,792.03,false
5136663000,3618359,3617545,0,3617543,5137692000,3619174,3618360,0,3618358,1029000,815,792.03,false
5137692000,3619174,3618360,0,3618358,5138721000,3620081,3619175,0,3619173,1029000,815,792.03,true
5138721000,3620081,3619175,0,3619173,5139786000,3620988,3620082,0,3620080,1065000,907,851.64,true
5139786000,3620988,3620082,0,3620080,5140862000,3621803,3620989,0,3620987,1076000,907,842.94,true
5140862000,3621803,3620989,0,3620987,5141891000,3622617,3621804,0,3621802,1029000,815,792.03,true
5141891000,3622617,3621804,0,3621802,5142911000,3623431,3622618,0,3622616,1020000,814,798.04,false
5142911000,3623431,3622618,0,3622616,5143937000,3624245,3623432,0,3623430,1026000,814,793.37,false
5143937000,3624245,3623432,0,3623430,5144966000,3625059,3624246,0,3624244,1029000,814,791.06,false
5144966000,3625059,3624246,0,3624244,5145996000,3625873,3625060,0,3625058,1030000,814,790.29,false
5145996000,3625873,3625060,0,3625058,5147025000,3626687,3625874,0,3625872,1029000,814,791.06,false
5147025000,3626687,3625874,0,3625872,5148054000,3627501,3626688,0,3626686,1029000,814,791.06,false
5148054000,3627501,3626688,0,3626686,5149083000,3628315,3627502,0,3627500,1029000,814,791.06,false
5149083000,3628315,3627502,0,3627500,5150137000,3629129,3628316,0,3628314,1054000,814,772.30,false
5150137000,3629129,3628316,0,3628314,5151198000,3629943,3629130,0,3629128,1061000,814,767.20,false
5151198000,3629943,3629130,0,3629128,5152232000,3630757,3629944,0,3629942,1034000,814,787.23,false
5152232000,3630757,3629944,0,3629942,5153261000,3631571,3630758,0,3630756,1029000,814,791.06,false
5153261000,3631571,3630758,0,3630756,5154289000,3632385,3631572,0,3631570,1028000,814,791.83,false
5154289000,3632385,3631572,0,3631570,5155318000,3633199,3632386,0,3632384,1029000,814,791.06,false
5155318000,3633199,3632386,0,3632384,5156347000,3634013,3633200,0,3633198,1029000,814,791.06,false
5156347000,3634013,3633200,0,3633198,5157376000,3634827,3634014,0,3634012,1029000,814,791.06,false
5157376000,3634827,3634014,0,3634012,5158405000,3635641,3634828,0,3634826,1029000,814,791.06,false
5158405000,3635641,3634828,0,3634826,5159434000,3636455,3635642,0,3635640,1029000,814,791.06,false
5159434000,3636455,3635642,0,3635640,5160463000,3637269,3636456,0,3636454,1029000,814,791.06,false
5161429000,3638034,3637221,0,3637219,5162458000,3638848,3638035,0,3638033,1029000,814,791.06,false
5162458000,3638848,3638035,0,3638033,5163487000,3639662,3638849,0,3638847,1029000,814,791.06,false
5163487000,3639662,3638849,0,3638847,5164516000,3640568,3639663,0,3639661,1029000,814,791.06,true
5164516000,3640568,3639663,0,3639661,5165581000,3641474,3640569,0,3640567,1065000,906,850.70,true
5165581000,3641474,3640569,0,3640567,5166657000,3642288,3641475,0,3641473,1076000,906,842.01,true
5166657000,3642288,3641475,0,3641473,5167686000,3643101,3642289,0,3642287,1029000,814,791.06,true
5167686000,3643101,3642289,0,3642287,5168705000,3643914,3643102,0,3643100,1019000,813,797.84,false
5168705000,3643914,3643102,0,3643100,5169731000,3644727,3643915,0,3643913,1026000,813,792.40,false
5169731000,3644727,3643915,0,3643913,5170760000,3645540,3644728,0,3644726,1029000,813,790.09,false
5170760000,3645540,3644728,0,3644726,5171789000,3646353,3645541,0,3645539,1029000,813,790.09,false
5171789000,3646353,3645541,0,3645539,5172817000,3647166,3646354,0,3646352,1028000,813,790.86,false
5172817000,3647166,3646354,0,3646352,5173897000,3647979,3647167,0,3647165,1080000,813,752.78,false
5173897000,3647979,3647167,0,3647165,5174926000,3648792,3647980,0,3647978,1029000,813,790.09,false
5174926000,3648792,3647980,0,3647978,5175961000,3649605,3648793,0,3648791,1035000,813,785.51,false
5175961000,3649605,3648793,0,3648791,5176992000,3650418,3649606,0,3649604,1031000,813,788.55,false
5176992000,3650418,3649606,0,3649604,5178021000,3651231,3650419,0,3650417,1029000,813,790.09,false
5178021000,3651231,3650419,0,3650417,5179049000,3652044,3651232,0,3651230,1028000,813,790.86,false
5179049000,3652044,3651232,0,3651230,5180077000,3652857,3652045,0,3652043,1028000,813,790.86,false
5180077000,3652857,3652045,0,3652043,5181105000,3653670,3652858,0,3652856,1028000,813,790.86,false
5181105000,3653670,3652858,0,3652856,5182133000,3654483,3653671,0,3653669,1028000,813,790.86,false
5182133000,3654483,3653671,0,3653669,5183161000,3655296,3654484,0,3654482,1028000,813,790.86,false
5183161000,3655296,3654484,0,3654482,5184189000,3656109,3655297,0,3655295,1028000,813,790.86,false
5184189000,3656109,3655297,0,3655295,5185218000,3656922,3656110,0,3656108,1029000,813,790.09,false
5185218000,3656922,3656110,0,3656108,5186246000,3657735,3656923,0,3656921,1028000,813,790.86,false
5187210000,3658496,3657684,0,3657682,5188238000,3659309,3658497,0,3658495,1028000,813,790.86,false
5188238000,3659309,3658497,0,3658495,5189266000,3660122,3659310,0,3659308,1028000,813,790.86,false
5189266000,3660122,3659310,0,3659308,5190294000,3661024,3660123,0,3660121,1028000,813,790.86,true
5190294000,3661024,3660123,0,3660121,5191357000,3661926,3661025,0,3661023,1063000,902,848.54,true
5191357000,3661926,3661025,0,3661023,5192430000,3662739,3661927,0,3661925,1073000,902,840.63,true
5192430000,3662739,3661927,0,3661925,5193458000,3663552,3662740,0,3662738,1028000,813,790.86,true
5193458000,3663552,3662740,0,3662738,5194477000,3664365,3663553,0,3663551,1019000,813,797.84,false
5194477000,3664365,3663553,0,3663551,5195503000,3665178,3664366,0,3664364,1026000,813,792.40,false
5195503000,3665178,3664366,0,3664364,5196532000,3665991,3665179,0,3665177,1029000,813,790.09,false
5196532000,3665991,3665179,0,3665177,5197621000,3666804,3665992,0,3665990,1089000,813,746.56,false
5197621000,3666804,3665992,0,3665990,5198643000,3667617,3666805,0,3666803,1022000,813,795.50,false
5198643000,3667617,3666805,0,3666803,5199673000,3668430,3667618,0,3667616,1030000,813,789.32,false
5199673000,3668430,3667618,0,3667616,5200703000,3669243,3668431,0,3668429,1030000,813,789.32,false
5200703000,3669243,3668431,0,3668429,5201732000,3670056,3669244,0,3669242,1029000,813,790.09,false
5201732000,3670056,3669244,0,3669242,5202761000,3670869,3670057,0,3670055,1029000,813,790.09,false
5202761000,3670869,3670057,0,3670055,5203789000,3671682,3670870,0,3670868,1028000,813,790.86,false
5203789000,3671682,3670870,0,3670868,5204817000,3672495,3671683,0,3671681,1028000,813,790.86,false
5204817000,3672495,3671683,0,3671681,5205845000,3673308,3672496,0,3672494,1028000,813,790.86,false
5205845000,3673308,3672496,0,3672494,5206873000,3674121,3673309,0,3673307,1028000,813,790.86,false
5206873000,3674121,3673309,0,3673307,5207901000,3674934,3674122,0,3674120,1028000,813,790.86,false
5207901000,3674934,3674122,0,3674120,5208929000,3675747,3674935,0,3674933,1028000,813,790.86,false
5208929000,3675747,3674935,0,3674933,5209958000,3676560,3675748,0,3675746,1029000,813,790.09,false
5209958000,3676560,3675748,0,3675746,5210986000,3677373,3676561,0,3676559,1028000,813,790.86,false
5210986000,3677373,3676561,0,3676559,5212014000,3678186,3677374,0,3677372,1028000,813,790.86,false
5212944000,3678921,3678109,0,3678107,5213972000,3679734,3678922,0,3678920,1028000,813,790.86,false
5213972000,3679734,3678922,0,3678920,5215000000,3680547,3679735,0,3679733,1028000,813,790.86,false
5215000000,3680547,3679735,0,3679733,5216028000,3681449,3680548,0,3680546,1028000,813,790.86,true
5216028000,3681449,3680548,0,3680546,5217091000,3682351,3681450,0,3681448,1063000,902,848.54,true
5217091000,3682351,3681450,0,3681448,5218164000,3683164,3682352,0,3682350,1073000,902,840.63,true
5218164000,3683164,3682352,0,3682350,5219191000,3683977,3683165,0,3683163,1027000,813,791.63,true
5219191000,3683977,3683165,0,3683163,5220210000,3684790,3683978,0,3683976,1019000,813,797.84,false
5220210000,3684790,3683978,0,3683976,5221281000,3685603,3684791,0,3684789,1071000,813,759.10,false
5221281000,3685603,3684791,0,3684789,5222300000,3686416,3685604,0,3685602,1019000,813,797.84,false
5222300000,3686416,3685604,0,3685602,5223326000,3687229,3686417,0,3686415,1026000,813,792.40,false
5223326000,3687229,3686417,0,3686415,5224355000,3688042,3687230,0,3687228,1029000,813,790.09,false
5224355000,3688042,3687230,0,3687228,5225384000,3688855,3688043,0,3688041,1029000,813,790.09,false
5225384000,3688855,3688043,0,3688041,5226412000,3689668,3688856,0,3688854,1028000,813,790.86,false
5226412000,3689668,3688856,0,3688854,5227440000,3690481,3689669,0,3689667,1028000,813,790.86,false
5227440000,3690481,3689669,0,3689667,5228468000,3691294,3690482,0,3690480,1028000,813,790.86,false
5228468000,3691294,3690482,0,3690480,5229497000,3692107,3691295,0,3691293,1029000,813,790.09,false
5229497000,3692107,3691295,0,3691293,5230525000,3692920,3692108,0,3692106,1028000,813,790.86,false
5230525000,3692920,3692108,0,3692106,5231553000,3693733,3692921,0,3692919,1028000,813,790.86,false
5231553000,3693733,3692921,0,3692919,5232581000,3694546,3693734,0,3693732,1028000,813,790.86,false
5232581000,3694546,3693734,0,3693732,5233609000,3695359,3694547,0,3694545,1028000,813,790.86,false
5233609000,3695359,3694547,0,3694545,5234637000,3696172,3695360,0,3695358,1028000,813,790.86,false
5234637000,3696172,3695360,0,3695358,5235665000,3696985,3696173,0,3696171,1028000,813,790.86,false
5235665000,3696985,3696173,0,3696171,5236693000,3697798,3696986,0,3696984,1028000,813,790.86,false
5236693000,3697798,3696986,0,3696984,5237721000,3698611,3697799,0,3697797,1028000,813,790.86,false
5238426000,3699167,3698355,0,3698353,5239454000,3699980,3699168,0,3699166,1028000,813,790.86,false
5239454000,3699980,3699168,0,3699166,5240482000,3700793,3699981,0,3699979,1028000,813,790.86,false
5240482000,3700793,3699981,0,3699979,5241510000,3701695,3700794,0,3700792,1028000,813,790.86,true
5241510000,3701695,3700794,0,3700792,5242573000,3702597,3701696,0,3701694,1063000,902,848.54,true
5242573000,3702597,3701696,0,3701694,5243684000,3703410,3702598,0,3702596,1111000,902,811.88,true
5243684000,3703410,3702598,0,3702596,5244738000,3704210,3703411,0,3703409,1054000,813,771.35,true
5244738000,3704210,3703411,0,3703409,5245768000,3705010,3704211,0,3704209,1030000,800,776.70,false
5245768000,3705010,3704211,0,3704209,5246784000,3705810,3705011,0,3705009,1016000,800,787.40,false
5246784000,3705810,3705011,0,3705009,5247802000,3706610,3705811,0,3705809,1018000,800,785.85,false
5247802000,3706610,3705811,0,3705809,5248822000,3707410,3706611,0,3706609,1020000,800,784.31,false
5248822000,3707410,3706611,0,3706609,5249843000,3708210,3707411,0,3707409,1021000,800,783.55,false
5249843000,3708210,3707411,0,3707409,5250863000,3709010,3708211,0,3708209,1020000,800,784.31,false
5250863000,3709010,3708211,0,3708209,5251883000,3709810,3709011,0,3709009,1020000,800,784.31,false
5251883000,3709810,3709011,0,3709009,5252903000,3710610,3709811,0,3709809,1020000,800,784.31,false
5252903000,3710610,3709811,0,3709809,5253923000,3711410,3710611,0,3710609,1020000,800,784.31,false
5253923000,3711410,3710611,0,3710609,5254943000,3712210,3711411,0,3711409,1020000,800,784.31,false
5254943000,3712210,3711411,0,3711409,5255963000,3713010,3712211,0,3712209,1020000,800,784.31,false
5255963000,3713010,3712211,0,3712209,5256983000,3713810,3713011,0,3713009,1020000,800,784.31,false
5256983000,3713810,3713011,0,3713009,5258003000,3714610,3713811,0,3713809,1020000,800,784.31,false
5258003000,3714610,3713811,0,3713809,5259023000,3715410,3714611,0,3714609,1020000,800,784.31,false
5259023000,3715410,3714611,0,3714609,5260043000,3716210,3715411,0,3715409,1020000,800,784.31,false
5260043000,3716210,3715411,0,3715409,5261063000,3717010,3716211,0,3716209,1020000,800,784.31,false
5261063000,3717010,3716211,0,3716209,5262083000,3717810,3717011,0,3717009,1020000,800,784.31,false
5262083000,3717810,3717011,0,3717009,5263103000,3718610,3717811,0,3717809,1020000,800,784.31,false
5263278000,3718747,3717948,0,3717946,5264298000,3719547,3718748,0,3718746,1020000,800,784.31,false
5264298000,3719547,3718748,0,3718746,5265318000,3720347,3719548,0,3719546,1020000,800,784.31,false
5265318000,3720347,3719548,0,3719546,5266390000,3721210,3720348,0,3720346,1072000,800,746.27,true
5266390000,3721210,3720348,0,3720346,5267426000,3722073,3721211,0,3721209,1036000,863,833.01,true
5267426000,3722073,3721211,0,3721209,5268482000,3722873,3722074,0,3722072,1056000,863,817.23,true
5268482000,3722873,3722074,0,3722072,5269509000,3723680,3722874,0,3722872,1027000,800,778.97,true
5269509000,3723680,3722874,0,3722872,5270535000,3724487,3723681,0,3723679,1026000,807,786.55,false
5270535000,3724487,3723681,0,3723679,5271564000,3725294,3724488,0,3724486,1029000,807,784.26,false
5271564000,3725294,3724488,0,3724486,5272593000,3726101,3725295,0,3725293,1029000,807,784.26,false
5272593000,3726101,3725295,0,3725293,5273622000,3726908,3726102,0,3726100,1029000,807,784.26,false
5273622000,3726908,3726102,0,3726100,5274651000,3727715,3726909,0,3726907,1029000,807,784.26,false
5274651000,3727715,3726909,0,3726907,5275680000,3728522,3727716,0,3727714,1029000,807,784.26,false
5275680000,3728522,3727716,0,3727714,5276709000,3729329,3728523,0,3728521,1029000,807,784.26,false
5276709000,3729329,3728523,0,3728521,5277738000,3730136,3729330,0,3729328,1029000,807,784.26,false
5277738000,3730136,3729330,0,3729328,5278767000,3730943,3730137,0,3730135,1029000,807,784.26,false
5278767000,3730943,3730137,0,3730135,5279796000,3731750,3730944,0,3730942,1029000,807,784.26,false
5279796000,3731750,3730944,0,3730942,5280825000,3732557,3731751,0,3731749,1029000,807,784.26,false
5280825000,3732557,3731751,0,3731749,5281854000,3733364,3732558,0,3732556,1029000,807,784.26,false
5281854000,3733364,3732558,0,3732556,5282883000,3734171,3733365,0,3733363,1029000,807,784.26,false
5282883000,3734171,3733365,0,3733363,5283912000,3734978,3734172,0,3734170,1029000,807,784.26,false
5283912000,3734978,3734172,0,3734170,5284941000,3735785,3734979,0,3734977,1029000,807,784.26,false
5284941000,3735785,3734979,0,3734977,5285970000,3736592,3735786,0,3735784,1029000,807,784.26,false
5285970000,3736592,3735786,0,3735784,5286999000,3737399,3736593,0,3736591,1029000,807,784.26,false
5286999000,3737399,3736593,0,3736591,5288028000,3738206,3737400,0,3737398,1029000,807,784.26,false
5288368000,3738473,3737667,0,3737665,5289463000,3739280,3738474,0,3738472,1095000,807,736.99,false
5289463000,3739280,3738474,0,3738472,5290483000,3740087,3739281,0,3739279,1020000,807,791.18,false
5290483000,3740087,3739281,0,3739279,5291514000,3740929,3740088,0,3740086,1031000,807,782.74,true
5291514000,3740929,3740088,0,3740086,5292562000,3741771,3740930,0,3740928,1048000,842,803.44,true
5292562000,3741771,3740930,0,3740928,5293609000,3742580,3741772,0,3741770,1047000,842,804.20,true
5293609000,3742580,3741772,0,3741770,5294621000,3743387,3742581,0,3742579,1012000,809,799.41,true
5294621000,3743387,3742581,0,3742579,5295652000,3744197,3743388,0,3743386,1031000,807,782.74,true
5295652000,3744197,3743388,0,3743386,5296683000,3745007,3744198,0,3744196,1031000,810,785.65,false
5296683000,3745007,3744198,0,3744196,5297714000,3745817,3745008,0,3745006,1031000,810,785.65,false
5297714000,3745817,3745008,0,3745006,5298744000,3746627,3745818,0,3745816,1030000,810,786.41,false
5298744000,3746627,3745818,0,3745816,5299774000,3747437,3746628,0,3746626,1030000,810,786.41,false
5299774000,3747437,3746628,0,3746626,5300804000,3748247,3747438,0,3747436,1030000,810,786.41,false
5300804000,3748247,3747438,0,3747436,5301834000,3749057,3748248,0,3748246,1030000,810,786.41,false
5301834000,3749057,3748248,0,3748246,5302864000,3749867,3749058,0,3749056,1030000,810,786.41,false
5302864000,3749867,3749058,0,3749056,5303895000,3750677,3749868,0,3749866,1031000,810,785.65,false
5303895000,3750677,3749868,0,3749866,5304925000,3751487,3750678,0,3750676,1030000,810,786.41,false
5304925000,3751487,3750678,0,3750676,5305955000,3752297,3751488,0,3751486,1030000,810,786.41,false
5305955000,3752297,3751488,0,3751486,5306985000,3753107,3752298,0,3752296,1030000,810,786.41,false
5306985000,3753107,3752298,0,3752296,5308015000,3753917,3753108,0,3753106,1030000,810,786.41,false
5308015000,3753917,3753108,0,3753106,5309045000,3754727,3753918,0,3753916,1030000,810,786.41,false
5309045000,3754727,3753918,0,3753916,5310076000,3755537,3754728,0,3754726,1031000,810,785.65,false
5310076000,3755537,3754728,0,3754726,5311106000,3756347,3755538,0,3755536,1030000,810,786.41,false
5311106000,3756347,3755538,0,3755536,5312157000,3757157,3756348,0,3756346,1051000,810,770.69,false
5312157000,3757157,3756348,0,3756346,5313227000,3757967,3757158,0,3757156,1070000,810,757.01,false
5313227000,3757967,3757158,0,3757156,5314260000,3758777,3757968,0,3757966,1033000,810,784.12,false
5314485000,3758956,3758147,0,3758145,5315513000,3759766,3758957,0,3758955,1028000,810,787.94,false
5315513000,3759766,3758957,0,3758955,5316540000,3760576,3759767,0,3759765,1027000,810,788.70,false
5316540000,3760576,3759767,0,3759765,5317567000,3761453,3760577,0,3760575,1027000,810,788.70,true
5317567000,3761453,3760577,0,3760575,5318619000,3762330,3761454,0,3761452,1052000,877,833.65,true
5318619000,3762330,3761454,0,3761452,5319677000,3763140,3762331,0,3762329,1058000,877,828.92,true
5319677000,3763140,3762331,0,3762329,5320698000,3763956,3763141,0,3763139,1021000,810,793.34,true
5320698000,3763956,3763141,0,3763139,5321722000,3764772,3763957,0,3763955,1024000,816,796.88,false
5321722000,3764772,3763957,0,3763955,5322752000,3765588,3764773,0,3764771,1030000,816,792.23,false
5322752000,3765588,3764773,0,3764771,5323782000,3766404,3765589,0,3765587,1030000,816,792.23,false
5323782000,3766404,3765589,0,3765587,5324812000,3767220,3766405,0,3766403,1030000,816,792.23,false
5324812000,3767220,3766405,0,3766403,5325842000,3768036,3767221,0,3767219,1030000,816,792.23,false
5325842000,3768036,3767221,0,3767219,5326872000,3768852,3768037,0,3768035,1030000,816,792.23,false
5326872000,3768852,3768037,0,3768035,5327902000,3769668,3768853,0,3768851,1030000,816,792.23,false
5327902000,3769668,3768853,0,3768851,5328932000,3770484,3769669,0,3769667,1030000,816,792.23,false
5328932000,3770484,3769669,0,3769667,5329962000,3771300,3770485,0,3770483,1030000,816,792.23,false
5329962000,3771300,3770485,0,3770483,5330992000,3772116,3771301,0,3771299,1030000,816,792.23,false
5330992000,3772116,3771301,0,3771299,5332022000,3772932,3772117,0,3772115,1030000,816,792.23,false
5332022000,3772932,3772117,0,3772115,5333052000,3773748,3772933,0,3772931,1030000,816,792.23,false
5333052000,3773748,3772933,0,3772931,5334082000,3774564,3773749,0,3773747,1030000,816,792.23,false
5334082000,3774564,3773749,0,3773747,5335112000,3775380,3774565,0,3774563,1030000,816,792.23,false
5335112000,3775380,3774565,0,3774563,5336202000,3776196,3775381,0,3775379,1090000,816,748.62,false
5336202000,3776196,3775381,0,3775379,5337226000,3777012,3776197,0,3776195,1024000,816,796.88,false
5337226000,3777012,3776197,0,3776195,5338259000,3777828,3777013,0,3777011,1033000,816,789.93,false
5338259000,3777828,3777013,0,3777011,5339291000,3778644,3777829,0,3777827,1032000,816,790.70,false
5340209000,3779371,3778556,0,3778554,5341238000,3780187,3779372,0,3779370,1029000,816,793.00,false
5341238000,3780187,3779372,0,3779370,5342268000,3781003,3780188,0,3780186,1030000,816,792.23,false
5342268000,3781003,3780188,0,3780186,5343298000,3781911,3781004,0,3781002,1030000,816,792.23,true
5343298000,3781911,3781004,0,3781002,5344365000,3782819,3781912,0,3781910,1067000,908,850.98,true
5344365000,3782819,3781912,0,3781910,5345441000,3783635,3782820,0,3782818,1076000,908,843.87,true
5345441000,3783635,3782820,0,3782818,5346469000,3784450,3783636,0,3783634,1028000,816,793.77,true
5346469000,3784450,3783636,0,3783634,5347489000,3785265,3784451,0,3784449,1020000,815,799.02,false
5347489000,3785265,3784451,0,3784449,5348517000,3786080,3785266,0,3785264,1028000,815,792.80,false
5348517000,3786080,3785266,0,3785264,5349547000,3786895,3786081,0,3786079,1030000,815,791.26,false
5349547000,3786895,3786081,0,3786079,5350577000,3787710,3786896,0,3786894,1030000,815,791.26,false
5350577000,3787710,3786896,0,3786894,5351606000,3788525,3787711,0,3787709,1029000,815,792.03,false
5351606000,3788525,3787711,0,3787709,5352635000,3789340,3788526,0,3788524,1029000,815,792.03,false
5352635000,3789340,3788526,0,3788524,5353664000,3790155,3789341,0,3789339,1029000,815,792.03,false
5353664000,3790155,3789341,0,3789339,5354693000,3790970,3790156,0,3790154,1029000,815,792.03,false
5354693000,3790970,3790156,0,3790154,5355722000,3791785,3790971,0,3790969,1029000,815,792.03,false
5355722000,3791785,3790971,0,3790969,5356751000,3792600,3791786,0,3791784,1029000,815,792.03,false
5356751000,3792600,3791786,0,3791784,5357780000,3793415,3792601,0,3792599,1029000,815,792.03,false
5357780000,3793415,3792601,0,3792599,5358809000,3794230,3793416,0,3793414,1029000,815,792.03,false
5358809000,3794230,3793416,0,3793414,5359900000,3795045,3794231,0,3794229,1091000,815,747.02,false
5359900000,3795045,3794231,0,3794229,5360924000,3795860,3795046,0,3795044,1024000,815,795.90,false
5360924000,3795860,3795046,0,3795044,5361957000,3796675,3795861,0,3795859,1033000,815,788.96,false
5361957000,3796675,3795861,0,3795859,5362988000,3797490,3796676,0,3796674,1031000,815,790.49,false
5362988000,3797490,3796676,0,3796674,5364017000,3798305,3797491,0,3797489,1029000,815,792.03,false
5364017000,3798305,3797491,0,3797489,5365046000,3799120,3798306,0,3798304,1029000,815,792.03,false
5365975000,3799856,3799042,0,3799040,5367004000,3800671,3799857,0,3799855,1029000,815,792.03,false
5367004000,3800671,3799857,0,3799855,5368033000,3801486,3800672,0,3800670,1029000,815,792.03,false
5368033000,3801486,3800672,0,3800670,5369062000,3802393,3801487,0,3801485,1029000,815,792.03,true
5369062000,3802393,3801487,0,3801485,5370127000,3803300,3802394,0,3802392,1065000,907,851.64,true
5370127000,3803300,3802394,0,3802392,5371203000,3804115,3803301,0,3803299,1076000,907,842.94,true
5371203000,3804115,3803301,0,3803299,5372232000,3804929,3804116,0,3804114,1029000,815,792.03,true
5372232000,3804929,3804116,0,3804114,5373252000,3805743,3804930,0,3804928,1020000,814,798.04,false
5373252000,3805743,3804930,0,3804928,5374278000,3806557,3805744,0,3805742,1026000,814,793.37,false
5374278000,3806557,3805744,0,3805742,5375308000,3807371,3806558,0,3806556,1030000,814,790.29,false
5375308000,3807371,3806558,0,3806556,5376337000,3808185,3807372,0,3807370,1029000,814,791.06,false
5376337000,3808185,3807372,0,3807370,5377366000,3808999,3808186,0,3808184,1029000,814,791.06,false
5377366000,3808999,3808186,0,3808184,5378395000,3809813,3809000,0,3808998,1029000,814,791.06,false
5378395000,3809813,3809000,0,3808998,5379424000,3810627,3809814,0,3809812,1029000,814,791.06,false
5379424000,3810627,3809814,0,3809812,5380453000,3811441,3810628,0,3810626,1029000,814,791.06,false
5380453000,3811441,3810628,0,3810626,5381482000,3812255,3811442,0,3811440,1029000,814,791.06,false
5381482000,3812255,3811442,0,3811440,5382511000,3813069,3812256,0,3812254,1029000,814,791.06,false
5382511000,3813069,3812256,0,3812254,5383602000,3813883,3813070,0,3813068,1091000,814,746.10,false
5383602000,3813883,3813070,0,3813068,5384622000,3814697,3813884,0,3813882,1020000,814,798.04,false
5384622000,3814697,3813884,0,3813882,5385656000,3815511,3814698,0,3814696,1034000,814,787.23,false
5385656000,3815511,3814698,0,3814696,5386687000,3816325,3815512,0,3815510,1031000,814,789.52,false
5386687000,3816325,3815512,0,3815510,5387716000,3817139,3816326,0,3816324,1029000,814,791.06,false
5387716000,3817139,3816326,0,3816324,5388745000,3817953,3817140,0,3817138,1029000,814,791.06,false
5388745000,3817953,3817140,0,3817138,5389774000,3818767,3817954,0,3817952,1029000,814,791.06,false
5389774000,3818767,3817954,0,3817952,5390803000,3819581,3818768,0,3818766,1029000,814,791.06,false
5391793000,3820363,3819550,0,3819548,5392822000,3821177,3820364,0,3820362,1029000,814,791.06,false
5392822000,3821177,3820364,0,3820362,5393851000,3821991,3821178,0,3821176,1029000,814,791.06,false
5393851000,3821991,3821178,0,3821176,5394880000,3822897,3821992,0,3821990,1029000,814,791.06,true
5394880000,3822897,3821992,0,3821990,5395945000,3823803,3822898,0,3822896,1065000,906,850.70,true
5395945000,3823803,3822898,0,3822896,5397020000,3824617,3823804,0,3823802,1075000,906,842.79,true
5397020000,3824617,3823804,0,3823802,5398049000,3825430,3824618,0,3824616,1029000,814,791.06,true
5398049000,3825430,3824618,0,3824616,5399068000,3826243,3825431,0,3825429,1019000,813,797.84,false
5399068000,3826243,3825431,0,3825429,5400094000,3827056,3826244,0,3826242,1026000,813,792.40,false
5400094000,3827056,3826244,0,3826242,5401123000,3827869,3827057,0,3827055,1029000,813,790.09,false
5401123000,3827869,3827057,0,3827055,5402152000,3828682,3827870,0,3827868,1029000,813,790.09,false
5402152000,3828682,3827870,0,3827868,5403180000,3829495,3828683,0,3828681,1028000,813,790.86,false
5403180000,3829495,3828683,0,3828681,5404208000,3830308,3829496,0,3829494,1028000,813,790.86,false
5404208000,3830308,3829496,0,3829494,5405236000,3831121,3830309,0,3830307,1028000,813,790.86,false
5405236000,3831121,3830309,0,3830307,5406264000,3831934,3831122,0,3831120,1028000,813,790.86,false
5406264000,3831934,3831122,0,3831120,5407366000,3832747,3831935,0,3831933,1102000,813,737.75,false
5407366000,3832747,3831935,0,3831933,5408380000,3833560,3832748,0,3832746,1014000,813,801.78,false
5408380000,3833560,3832748,0,3832746,5409408000,3834373,3833561,0,3833559,1028000,813,790.86,false
5409408000,3834373,3833561,0,3833559,5410438000,3835186,3834374,0,3834372,1030000,813,789.32,false
5410438000,3835186,3834374,0,3834372,5411467000,3835999,3835187,0,3835185,1029000,813,790.09,false
5411467000,3835999,3835187,0,3835185,5412496000,3836812,3836000,0,3835998,1029000,813,790.09,false
5412496000,3836812,3836000,0,3835998,5413524000,3837625,3836813,0,3836811,1028000,813,790.86,false
5413524000,3837625,3836813,0,3836811,5414552000,3838438,3837626,0,3837624,1028000,813,790.86,false
5414552000,3838438,3837626,0,3837624,5415580000,3839251,3838439,0,3838437,1028000,813,790.86,false
5415580000,3839251,3838439,0,3838437,5416609000,3840064,3839252,0,3839250,1029000,813,790.09,false
5417523000,3840787,3839975,0,3839973,5418551000,3841600,3840788,0,3840786,1028000,813,790.86,false
5418551000,3841600,3840788,0,3840786,5419579000,3842413,3841601,0,3841599,1028000,813,790.86,false
5419579000,3842413,3841601,0,3841599,5420608000,3843315,3842414,0,3842412,1029000,813,790.09,true
5420608000,3843315,3842414,0,3842412,5421671000,3844217,3843316,0,3843314,1063000,902,848.54,true
5421671000,3844217,3843316,0,3843314,5422744000,3845030,3844218,0,3844216,1073000,902,840.63,true
5422744000,3845030,3844218,0,3844216,5423772000,3845843,3845031,0,3845029,1028000,813,790.86,true
5423772000,3845843,3845031,0,3845029,5424792000,3846656,3845844,0,3845842,1020000,813,797.06,false
5424792000,3846656,3845844,0,3845842,5425818000,3847469,3846657,0,3846655,1026000,813,792.40,false
5425818000,3847469,3846657,0,3846655,5426847000,3848282,3847470,0,3847468,1029000,813,790.09,false
5426847000,3848282,3847470,0,3847468,5427876000,3849095,3848283,0,3848281,1029000,813,790.09,false
5427876000,3849095,3848283,0,3848281,5428904000,3849908,3849096,0,3849094,1028000,813,790.86,false
5428904000,3849908,3849096,0,3849094,5429932000,3850721,3849909,0,3849907,1028000,813,790.86,false
5429932000,3850721,3849909,0,3849907,5431039000,3851534,3850722,0,3850720,1107000,813,734.42,false
5431039000,3851534,3850722,0,3850720,5432053000,3852347,3851535,0,3851533,1014000,813,801.78,false
5432053000,3852347,3851535,0,3851533,5433077000,3853160,3852348,0,3852346,1024000,813,793.95,false
5433077000,3853160,3852348,0,3852346,5434106000,3853973,3853161,0,3853159,1029000,813,790.09,false
5434106000,3853973,3853161,0,3853159,5435135000,3854786,3853974,0,3853972,1029000,813,790.09,false
5435135000,3854786,3853974,0,3853972,5436164000,3855599,3854787,0,3854785,1029000,813,790.09,false
5436164000,3855599,3854787,0,3854785,5437192000,3856412,3855600,0,3855598,1028000,813,790.86,false
5437192000,3856412,3855600,0,3855598,5438220000,3857225,3856413,0,3856411,1028000,813,790.86,false
5438220000,3857225,3856413,0,3856411,5439248000,3858038,3857226,0,3857224,1028000,813,790.86,false
5439248000,3858038,3857226,0,3857224,5440276000,3858851,3858039,0,3858037,1028000,813,790.86,false
5440276000,3858851,3858039,0,3858037,5441305000,3859664,3858852,0,3858850,1029000,813,790.09,false
5441305000,3859664,3858852,0,3858850,5442333000,3860477,3859665,0,3859663,1028000,813,790.86,false
5443246000,3861199,3860387,0,3860385,5444274000,3862012,3861200,0,3861198,1028000,813,790.86,false
5444274000,3862012,3861200,0,3861198,5445302000,3862825,3862013,0,3862011,1028000,813,790.86,false
5445302000,3862825,3862013,0,3862011,5446331000,3863727,3862826,0,3862824,1029000,813,790.09,true
5446331000,3863727,3862826,0,3862824,5447394000,3864629,3863728,0,3863726,1063000,902,848.54,true
5447394000,3864629,3863728,0,3863726,5448467000,3865442,3864630,0,3864628,1073000,902,840.63,true
5448467000,3865442,3864630,0,3864628,5449495000,3866255,3865443,0,3865441,1028000,813,790.86,true
5449495000,3866255,3865443,0,3865441,5450515000,3867068,3866256,0,3866254,1020000,813,797.06,false
5450515000,3867068,3866256,0,3866254,5451541000,3867881,3867069,0,3867067,1026000,813,792.40,false
5451541000,3867881,3867069,0,3867067,5452570000,3868694,3867882,0,3867880,1029000,813,790.09,false
5452570000,3868694,3867882,0,3867880,5453599000,3869507,3868695,0,3868693,1029000,813,790.09,false
5453599000,3869507,3868695,0,3868693,5454696000,3870320,3869508,0,3869506,1097000,813,741.11,false
5454696000,3870320,3869508,0,3869506,5455718000,3871133,3870321,0,3870319,1022000,813,795.50,false
5455718000,3871133,3870321,0,3870319,5456741000,3871946,3871134,0,3871132,1023000,813,794.72,false
5456741000,3871946,3871134,0,3871132,5457768000,3872759,3871947,0,3871945,1027000,813,791.63,false
5457768000,3872759,3871947,0,3871945,5458797000,3873572,3872760,0,3872758,1029000,813,790.09,false
5458797000,3873572,3872760,0,3872758,5459826000,3874385,3873573,0,3873571,1029000,813,790.09,false
5459826000,3874385,3873573,0,3873571,5460854000,3875198,3874386,0,3874384,1028000,813,790.86,false
5460854000,3875198,3874386,0,3874384,5461882000,3876011,3875199,0,3875197,1028000,813,790.86,false
5461882000,3876011,3875199,0,3875197,5462910000,3876824,3876012,0,3876010,1028000,813,790.86,false
5462910000,3876824,3876012,0,3876010,5463938000,3877637,3876825,0,3876823,1028000,813,790.86,false
5463938000,3877637,3876825,0,3876823,5464966000,3878450,3877638,0,3877636,1028000,813,790.86,false
5464966000,3878450,3877638,0,3877636,5465995000,3879263,3878451,0,3878449,1029000,813,790.09,false
5465995000,3879263,3878451,0,3878449,5467023000,3880076,3879264,0,3879262,1028000,813,790.86,false
5467023000,3880076,3879264,0,3879262,5468051000,3880889,3880077,0,3880075,1028000,813,790.86,false
5468963000,3881610,3880798,0,3880796,5469991000,3882423,3881611,0,3881609,1028000,813,790.86,false
5469991000,3882423,3881611,0,3881609,5471019000,3883236,3882424,0,3882422,1028000,813,790.86,false
5471019000,3883236,3882424,0,3882422,5472048000,3884138,3883237,0,3883235,1029000,813,790.09,true
5472048000,3884138,3883237,0,3883235,5473111000,3885040,3884139,0,3884137,1063000,902,848.54,true
5473111000,3885040,3884139,0,3884137,5474184000,3885853,3885041,0,3885039,1073000,902,840.63,true
5474184000,3885853,3885041,0,3885039,5475212000,3886666,3885854,0,3885852,1028000,813,790.86,true
5475212000,3886666,3885854,0,3885852,5476232000,3887479,3886667,0,3886665,1020000,813,797.06,false
5476232000,3887479,3886667,0,3886665,5477258000,3888292,3887480,0,3887478,1026000,813,792.40,false
5477258000,3888292,3887480,0,3887478,5478345000,3889105,3888293,0,3888291,1087000,813,747.93,false
5478345000,3889105,3888293,0,3888291,5479374000,3889918,3889106,0,3889104,1029000,813,790.09,false
5479374000,3889918,3889106,0,3889104,5480400000,3890731,3889919,0,3889917,1026000,813,792.40,false
5480400000,3890731,3889919,0,3889917,5481428000,3891544,3890732,0,3890730,1028000,813,790.86,false
5481428000,3891544,3890732,0,3890730,5482456000,3892357,3891545,0,3891543,1028000,813,790.86,false
5482456000,3892357,3891545,0,3891543,5483484000,3893170,3892358,0,3892356,1028000,813,790.86,false
5483484000,3893170,3892358,0,3892356,5484513000,3893983,3893171,0,3893169,1029000,813,790.09,false
5484513000,3893983,3893171,0,3893169,5485541000,3894796,3893984,0,3893982,1028000,813,790.86,false
5485541000,3894796,3893984,0,3893982,5486569000,3895609,3894797,0,3894795,1028000,813,790.86,false
5486569000,3895609,3894797,0,3894795,5487597000,3896422,3895610,0,3895608,1028000,813,790.86,false
5487597000,3896422,3895610,0,3895608,5488625000,3897235,3896423,0,3896421,1028000,813,790.86,false
5488625000,3897235,3896423,0,3896421,5489653000,3898048,3897236,0,3897234,1028000,813,790.86,false
5489653000,3898048,3897236,0,3897234,5490681000,3898861,3898049,0,3898047,1028000,813,790.86,false
5490681000,3898861,3898049,0,3898047,5491709000,3899674,3898862,0,3898860,1028000,813,790.86,false
5491709000,3899674,3898862,0,3898860,5492737000,3900487,3899675,0,3899673,1028000,813,790.86,false
5492737000,3900487,3899675,0,3899673,5493766000,3901300,3900488,0,3900486,1029000,813,790.09,false
5494655000,3902004,3901192,0,3901190,5495684000,3902817,3902005,0,3902003,1029000,813,790.09,false
5495684000,3902817,3902005,0,3902003,5496712000,3903630,3902818,0,3902816,1028000,813,790.86,false
5496712000,3903630,3902818,0,3902816,5497740000,3904532,3903631,0,3903629,1028000,813,790.86,true
5497740000,3904532,3903631,0,3903629,5498803000,3905434,3904533,0,3904531,1063000,902,848.54,true
5498803000,3905434,3904533,0,3904531,5499876000,3906247,3905435,0,3905433,1073000,902,840.63,true
5499876000,3906247,3905435,0,3905433,5500998000,3907060,3906248,0,3906246,1122000,813,724.60,true
5500998000,3907060,3906248,0,3906246,5502029000,3907873,3907061,0,3907059,1031000,813,788.55,false
5502029000,3907873,3907061,0,3907059,5503082000,3908686,3907874,0,3907872,1053000,813,772.08,false
5503082000,3908686,3907874,0,3907872,5504129000,3909499,3908687,0,3908685,1047000,813,776.50,false
5504129000,3909499,3908687,0,3908685,5505173000,3910312,3909500,0,3909498,1044000,813,778.74,false
5505173000,3910312,3909500,0,3909498,5506216000,3911125,3910313,0,3910311,1043000,813,779.48,false
5506216000,3911125,3910313,0,3910311,5507260000,3911938,3911126,0,3911124,1044000,813,778.74,false
5507260000,3911938,3911126,0,3911124,5508304000,3912751,3911939,0,3911937,1044000,813,778.74,false
5508304000,3912751,3911939,0,3911937,5509348000,3913564,3912752,0,3912750,1044000,813,778.74,false
5509348000,3913564,3912752,0,3912750,5510392000,3914377,3913565,0,3913563,1044000,813,778.74,false
5510392000,3914377,3913565,0,3913563,5511436000,3915190,3914378,0,3914376,1044000,813,778.74,false
5511436000,3915190,3914378,0,3914376,5512480000,3916003,3915191,0,3915189,1044000,813,778.74,false
5512480000,3916003,3915191,0,3915189,5513524000,3916816,3916004,0,3916002,1044000,813,778.74,false
5513524000,3916816,3916004,0,3916002,5514568000,3917629,3916817,0,3916815,1044000,813,778.74,false
5514568000,3917629,3916817,0,3916815,5515612000,3918442,3917630,0,3917628,1044000,813,778.74,false
5515612000,3918442,3917630,0,3917628,5516656000,3919255,3918443,0,3918441,1044000,813,778.74,false
5516656000,3919255,3918443,0,3918441,5517700000,3920068,3919256,0,3919254,1044000,813,778.74,false
5517700000,3920068,3919256,0,3919254,5518744000,3920881,3920069,0,3920067,1044000,813,778.74,false
5518744000,3920881,3920069,0,3920067,5519788000,3921694,3920882,0,3920880,1044000,813,778.74,false
5519788000,3921694,3920882,0,3920880,5520832000,3922507,3921695,0,3921693,1044000,813,778.74,false
5521547000,3923063,3922251,0,3922249,5522591000,3923876,3923064,0,3923062,1044000,813,778.74,false
5522591000,3923876,3923064,0,3923062,5523635000,3924689,3923877,0,3923875,1044000,813,778.74,false
5523635000,3924689,3923877,0,3923875,5524679000,3925640,3924690,0,3924688,1044000,813,778.74,true
5524679000,3925640,3924690,0,3924688,5525902000,3926591,3925641,0,3925639,1223000,951,777.60,true
5525902000,3926591,3925641,0,3925639,5527012000,3927404,3926592,0,3926590,1110000,951,856.76,true
5527012000,3927404,3926592,0,3926590,5528032000,3928236,3927405,0,3927403,1020000,813,797.06,true
5528032000,3928236,3927405,0,3927403,5529049000,3929068,3928237,0,3928235,1017000,832,818.09,false
5529049000,3929068,3928237,0,3928235,5530078000,3929900,3929069,0,3929067,1029000,832,808.55,false
5530078000,3929900,3929069,0,3929067,5531109000,3930732,3929901,0,3929899,1031000,832,806.98,false
5531109000,3930732,3929901,0,3929899,5532139000,3931564,3930733,0,3930731,1030000,832,807.77,false
5532139000,3931564,3930733,0,3930731,5533169000,3932396,3931565,0,3931563,1030000,832,807.77,false
5533169000,3932396,3931565,0,3931563,5534199000,3933228,3932397,0,3932395,1030000,832,807.77,false
5534199000,3933228,3932397,0,3932395,5535229000,3934060,3933229,0,3933227,1030000,832,807.77,false
5535229000,3934060,3933229,0,3933227,5536259000,3934892,3934061,0,3934059,1030000,832,807.77,false
5536259000,3934892,3934061,0,3934059,5537289000,3935724,3934893,0,3934891,1030000,832,807.77,false
5537289000,3935724,3934893,0,3934891,5538319000,3936556,3935725,0,3935723,1030000,832,807.77,false
5538319000,3936556,3935725,0,3935723,5539349000,3937388,3936557,0,3936555,1030000,832,807.77,false
5539349000,3937388,3936557,0,3936555,5540379000,3938220,3937389,0,3937387,1030000,832,807.77,false
5540379000,3938220,3937389,0,3937387,5541409000,3939052,3938221,0,3938219,1030000,832,807.77,false
5541409000,3939052,3938221,0,3938219,5542439000,3939884,3939053,0,3939051,1030000,832,807.77,false
5542439000,3939884,3939053,0,3939051,5543469000,3940716,3939885,0,3939883,1030000,832,807.77,false
5543469000,3940716,3939885,0,3939883,5544499000,3941548,3940717,0,3940715,1030000,832,807.77,false
5544499000,3941548,3940717,0,3940715,5545529000,3942380,3941549,0,3941547,1030000,832,807.77,false
5545529000,3942380,3941549,0,3941547,5546559000,3943212,3942381,0,3942379,1030000,832,807.77,false
5547257000,3943776,3942945,0,3942943,5548287000,3944608,3943777,0,3943775,1030000,832,807.77,false
5548287000,3944608,3943777,0,3943775,5549376000,3945440,3944609,0,3944607,1089000,832,764.00,false
5549376000,3945440,3944609,0,3944607,5550403000,3946369,3945441,0,3945439,1027000,832,810.13,true
5550403000,3946369,3945441,0,3945439,5551489000,3947298,3946370,0,3946368,1086000,929,855.43,true
5551489000,3947298,3946370,0,3946368,5552572000,3948130,3947299,0,3947297,1083000,929,857.80,true
5552572000,3948130,3947299,0,3947297,5553586000,3948959,3948131,0,3948129,1014000,832,820.51,true
5553586000,3948959,3948131,0,3948129,5554606000,3949788,3948960,0,3948958,1020000,829,812.75,false
5554606000,3949788,3948960,0,3948958,5555636000,3950617,3949789,0,3949787,1030000,829,804.85,false
5555636000,3950617,3949789,0,3949787,5556666000,3951446,3950618,0,3950616,1030000,829,804.85,false
5556666000,3951446,3950618,0,3950616,5557694000,3952275,3951447,0,3951445,1028000,829,806.42,false
5557694000,3952275,3951447,0,3951445,5558722000,3953104,3952276,0,3952274,1028000,829,806.42,false
5558722000,3953104,3952276,0,3952274,5559751000,3953933,3953105,0,3953103,1029000,829,805.64,false
5559751000,3953933,3953105,0,3953103,5560779000,3954762,3953934,0,3953932,1028000,829,806.42,false
5560779000,3954762,3953934,0,3953932,5561807000,3955591,3954763,0,3954761,1028000,829,806.42,false
5561807000,3955591,3954763,0,3954761,5562836000,3956420,3955592,0,3955590,1029000,829,805.64,false
5562836000,3956420,3955592,0,3955590,5563864000,3957249,3956421,0,3956419,1028000,829,806.42,false
5563864000,3957249,3956421,0,3956419,5564893000,3958078,3957250,0,3957248,1029000,829,805.64,false
5564893000,3958078,3957250,0,3957248,5565921000,3958907,3958079,0,3958077,1028000,829,806.42,false
5565921000,3958907,3958079,0,3958077,5566949000,3959736,3958908,0,3958906,1028000,829,806.42,false
5566949000,3959736,3958908,0,3958906,5567978000,3960565,3959737,0,3959735,1029000,829,805.64,false
5567978000,3960565,3959737,0,3959735,5569006000,3961394,3960566,0,3960564,1028000,829,806.42,false
5569006000,3961394,3960566,0,3960564,5570035000,3962223,3961395,0,3961393,1029000,829,805.64,false
5570035000,3962223,3961395,0,3961393,5571063000,3963052,3962224,0,3962222,1028000,829,806.42,false
5571063000,3963052,3962224,0,3962222,5572091000,3963881,3963053,0,3963051,1028000,829,806.42,false
5572901000,3964489,3963661,0,3963659,5573925000,3965318,3964490,0,3964488,1024000,829,809.57,false
5573925000,3965318,3964490,0,3964488,5574957000,3966147,3965319,0,3965317,1032000,829,803.29,false
5574957000,3966147,3965319,0,3965317,5575988000,3967009,3966148,0,3966146,1031000,829,804.07,true
5575988000,3967009,3966148,0,3966146,5577034000,3967871,3967010,0,3967008,1046000,862,824.09,true
5577034000,3967871,3967010,0,3967008,5578079000,3968700,3967872,0,3967870,1045000,862,824.88,true
5578079000,3968700,3967872,0,3967870,5579089000,3969539,3968701,0,3968699,1010000,829,820.79,true
5579089000,3969539,3968701,0,3968699,5580129000,3970378,3969540,0,3969538,1040000,839,806.73,false
5580129000,3970378,3969540,0,3969538,5581163000,3971217,3970379,0,3970377,1034000,839,811.41,false
5581163000,3971217,3970379,0,3970377,5582196000,3972056,3971218,0,3971216,1033000,839,812.20,false
5582196000,3972056,3971218,0,3971216,5583229000,3972895,3972057,0,3972055,1033000,839,812.20,false
5583229000,3972895,3972057,0,3972055,5584262000,3973734,3972896,0,3972894,1033000,839,812.20,false
5584262000,3973734,3972896,0,3972894,5585295000,3974573,3973735,0,3973733,1033000,839,812.20,false
5585295000,3974573,3973735,0,3973733,5586327000,3975412,3974574,0,3974572,1032000,839,812.98,false
5586327000,3975412,3974574,0,3974572,5587360000,3976251,3975413,0,3975411,1033000,839,812.20,false
5587360000,3976251,3975413,0,3975411,5588393000,3977090,3976252,0,3976250,1033000,839,812.20,false
5588393000,3977090,3976252,0,3976250,5589426000,3977929,3977091,0,3977089,1033000,839,812.20,false
5589426000,3977929,3977091,0,3977089,5590459000,3978768,3977930,0,3977928,1033000,839,812.20,false
5590459000,3978768,3977930,0,3977928,5591492000,3979607,3978769,0,3978767,1033000,839,812.20,false
5591492000,3979607,3978769,0,3978767,5592525000,3980446,3979608,0,3979606,1033000,839,812.20,false
5592525000,3980446,3979608,0,3979606,5593558000,3981285,3980447,0,3980445,1033000,839,812.20,false
5593558000,3981285,3980447,0,3980445,5594591000,3982124,3981286,0,3981284,1033000,839,812.20,false
5594591000,3982124,3981286,0,3981284,5595624000,3982963,3982125,0,3982123,1033000,839,812.20,false
5595624000,3982963,3982125,0,3982123,5596728000,3983802,3982964,0,3982962,1104000,839,759.96,false
5596728000,3983802,3982964,0,3982962,5597757000,3984641,3983803,0,3983801,1029000,839,815.35,false
5597757000,3984641,3983803,0,3983801,5598785000,3985480,3984642,0,3984640,1028000,839,816.15,false
5599069000,3985709,3984871,0,3984869,5600100000,3986548,3985710,0,3985708,1031000,839,813.77,false
5600100000,3986548,3985710,0,3985708,5601133000,3987387,3986549,0,3986547,1033000,839,812.20,false
5601133000,3987387,3986549,0,3986547,5602166000,3988327,3987388,0,3987386,1033000,839,812.20,true
5602166000,3988327,3987388,0,3987386,5603249000,3989267,3988328,0,3988326,1083000,940,867.96,true
5603249000,3989267,3988328,0,3988326,5604337000,3990106,3989268,0,3989266,1088000,940,863.97,true
5604337000,3990106,3989268,0,3989266,5605360000,3990940,3990107,0,3990105,1023000,839,820.14,true
5605360000,3990940,3990107,0,3990105,5606383000,3991774,3990941,0,3990939,1023000,834,815.25,false
5606383000,3991774,3990941,0,3990939,5607414000,3992608,3991775,0,3991773,1031000,834,808.92,false
5607414000,3992608,3991775,0,3991773,5608446000,3993442,3992609,0,3992607,1032000,834,808.14,false
5608446000,3993442,3992609,0,3992607,5609477000,3994276,3993443,0,3993441,1031000,834,808.92,false
5609477000,3994276,3993443,0,3993441,5610507000,3995110,3994277,0,3994275,1030000,834,809.71,false
5610507000,3995110,3994277,0,3994275,5611538000,3995944,3995111,0,3995109,1031000,834,808.92,false
5611538000,3995944,3995111,0,3995109,5612568000,3996778,3995945,0,3995943,1030000,834,809.71,false
5612568000,3996778,3995945,0,3995943,5613598000,3997612,3996779,0,3996777,1030000,834,809.71,false
5613598000,3997612,3996779,0,3996777,5614629000,3998446,3997613,0,3997611,1031000,834,808.92,false
5614629000,3998446,3997613,0,3997611,5615660000,3999280,3998447,0,3998445,1031000,834,808.92,false
5615660000,3999280,3998447,0,3998445,5616691000,4000114,3999281,0,3999279,1031000,834,808.92,false
5616691000,4000114,3999281,0,3999279,5617722000,4000948,4000115,0,4000113,1031000,834,808.92,false
5617722000,4000948,4000115,0,4000113,5618753000,4001782,4000949,0,4000947,1031000,834,808.92,false
5618753000,4001782,4000949,0,4000947,5619807000,4002616,4001783,0,4001781,1054000,834,791.27,false
5619807000,4002616,4001783,0,4001781,5620872000,4003450,4002617,0,4002615,1065000,834,783.10,false
5620872000,4003450,4002617,0,4002615,5621908000,4004284,4003451,0,4003449,1036000,834,805.02,false
5621908000,4004284,4003451,0,4003449,5622937000,4005118,4004285,0,4004283,1029000,834,810.50,false
5622937000,4005118,4004285,0,4004283,5623967000,4005952,4005119,0,4005117,1030000,834,809.71,false
5623967000,4005952,4005119,0,4005117,5624998000,4006786,4005953,0,4005951,1031000,834,808.92,false
5625069000,4006845,4006012,0,4006010,5626100000,4007679,4006846,0,4006844,1031000,834,808.92,false
5626100000,4007679,4006846,0,4006844,5627131000,4008513,4007680,0,4007678,1031000,834,808.92,false
5627131000,4008513,4007680,0,4007678,5628162000,4009445,4008514,0,4008512,1031000,834,808.92,true
5628162000,4009445,4008514,0,4008512,5629238000,4010377,4009446,0,4009444,1076000,932,866.17,true
5629238000,4010377,4009446,0,4009444,5630320000,4011211,4010378,0,4010376,1082000,932,861.37,true
5630320000,4011211,4010378,0,4010376,5631347000,4012041,4011212,0,4011210,1027000,834,812.07,true
5631347000,4012041,4011212,0,4011210,5632367000,4012871,4012042,0,4012040,1020000,830,813.73,false
5632367000,4012871,4012042,0,4012040,5633394000,4013701,4012872,0,4012870,1027000,830,808.18,false
5633394000,4013701,4012872,0,4012870,5634424000,4014531,4013702,0,4013700,1030000,830,805.83,false
5634424000,4014531,4013702,0,4013700,5635453000,4015361,4014532,0,4014530,1029000,830,806.61,false
5635453000,4015361,4014532,0,4014530,5636482000,4016191,4015362,0,4015360,1029000,830,806.61,false
5636482000,4016191,4015362,0,4015360,5637511000,4017021,4016192,0,4016190,1029000,830,806.61,false
5637511000,4017021,4016192,0,4016190,5638540000,4017851,4017022,0,4017020,1029000,830,806.61,false
5638540000,4017851,4017022,0,4017020,5639569000,4018681,4017852,0,4017850,1029000,830,806.61,false
5639569000,4018681,4017852,0,4017850,5640598000,4019511,4018682,0,4018680,1029000,830,806.61,false
5640598000,4019511,4018682,0,4018680,5641627000,4020341,4019512,0,4019510,1029000,830,806.61,false
5641627000,4020341,4019512,0,4019510,5642656000,4021171,4020342,0,4020340,1029000,830,806.61,false
5642656000,4021171,4020342,0,4020340,5643708000,4022001,4021172,0,4021170,1052000,830,788.97,false
5643708000,4022001,4021172,0,4021170,5644770000,4022831,4022002,0,4022000,1062000,830,781.54,false
5644770000,4022831,4022002,0,4022000,5645804000,4023661,4022832,0,4022830,1034000,830,802.71,false
5645804000,4023661,4022832,0,4022830,5646832000,4024491,4023662,0,4023660,1028000,830,807.39,false
5646832000,4024491,4023662,0,4023660,5647860000,4025321,4024492,0,4024490,1028000,830,807.39,false
5647860000,4025321,4024492,0,4024490,5648889000,4026151,4025322,0,4025320,1029000,830,806.61,false
5648889000,4026151,4025322,0,4025320,5649918000,4026981,4026152,0,4026150,1029000,830,806.61,false
5650806000,4027697,4026868,0,4026866,5651835000,4028527,4027698,0,4027696,1029000,830,806.61,false
5651835000,4028527,4027698,0,4027696,5652864000,4029357,4028528,0,4028526,1029000,830,806.61,false
5652864000,4029357,4028528,0,4028526,5653893000,4030281,4029358,0,4029356,1029000,830,806.61,true
5653893000,4030281,4029358,0,4029356,5654962000,4031205,4030282,0,4030280,1069000,924,864.36,true
5654962000,4031205,4030282,0,4030280,5656040000,4032035,4031206,0,4031204,1078000,924,857.14,true
5656040000,4032035,4031206,0,4031204,5657068000,4032863,4032036,0,4032034,1028000,830,807.39,true
5657068000,4032863,4032036,0,4032034,5658087000,4033691,4032864,0,4032862,1019000,828,812.56,false
5658087000,4033691,4032864,0,4032862,5659113000,4034519,4033692,0,4033690,1026000,828,807.02,false
5659113000,4034519,4033692,0,4033690,5660142000,4035347,4034520,0,4034518,1029000,828,804.66,false
5660142000,4035347,4034520,0,4034518,5661170000,4036175,4035348,0,4035346,1028000,828,805.45,false
5661170000,4036175,4035348,0,4035346,5662198000,4037003,4036176,0,4036174,1028000,828,805.45,false
5662198000,4037003,4036176,0,4036174,5663226000,4037831,4037004,0,4037002,1028000,828,805.45,false
5663226000,4037831,4037004,0,4037002,5664254000,4038659,4037832,0,4037830,1028000,828,805.45,false
5664254000,4038659,4037832,0,4037830,5665282000,4039487,4038660,0,4038658,1028000,828,805.45,false
5665282000,4039487,4038660,0,4038658,5666310000,4040315,4039488,0,4039486,1028000,828,805.45,false
5666310000,4040315,4039488,0,4039486,5667360000,4041143,4040316,0,4040314,1050000,828,788.57,false
5667360000,4041143,4040316,0,4040314,5668420000,4041971,4041144,0,4041142,1060000,828,781.13,false
5668420000,4041971,4041144,0,4041142,5669456000,4042799,4041972,0,4041970,1036000,828,799.23,false
5669456000,4042799,4041972,0,4041970,5670487000,4043627,4042800,0,4042798,1031000,828,803.10,false
5670487000,4043627,4042800,0,4042798,5671519000,4044455,4043628,0,4043626,1032000,828,802.33,false
5671519000,4044455,4043628,0,4043626,5672550000,4045283,4044456,0,4044454,1031000,828,803.10,false
5672550000,4045283,4044456,0,4044454,5673581000,4046111,4045284,0,4045282,1031000,828,803.10,false
5673581000,4046111,4045284,0,4045282,5674612000,4046939,4046112,0,4046110,1031000,828,803.10,false
5674612000,4046939,4046112,0,4046110,5675643000,4047767,4046940,0,4046938,1031000,828,803.10,false
5676560000,4048503,4047676,0,4047674,5677591000,4049331,4048504,0,4048502,1031000,828,803.10,false
5677591000,4049331,4048504,0,4048502,5678622000,4050159,4049332,0,4049330,1031000,828,803.10,false
5678622000,4050159,4049332,0,4049330,5679653000,4051087,4050160,0,4050158,1031000,828,803.10,true
5679653000,4051087,4050160,0,4050158,5680731000,4052015,4051088,0,4051086,1078000,928,860.85,true
5680731000,4052015,4051088,0,4051086,5681815000,4052843,4052016,0,4052014,1084000,928,856.09,true
5681815000,4052843,4052016,0,4052014,5682841000,4053667,4052844,0,4052842,1026000,828,807.02,true
5682841000,4053667,4052844,0,4052842,5683862000,4054491,4053668,0,4053666,1021000,824,807.05,false
5683862000,4054491,4053668,0,4053666,5684890000,4055315,4054492,0,4054490,1028000,824,801.56,false
5684890000,4055315,4054492,0,4054490,5685921000,4056139,4055316,0,4055314,1031000,824,799.22,false
5685921000,4056139,4055316,0,4055314,5686951000,4056963,4056140,0,4056138,1030000,824,800.00,false
5686951000,4056963,4056140,0,4056138,5687981000,4057787,4056964,0,4056962,1030000,824,800.00,false
5687981000,4057787,4056964,0,4056962,5689011000,4058611,4057788,0,4057786,1030000,824,800.00,false
5689011000,4058611,4057788,0,4057786,5690041000,4059435,4058612,0,4058610,1030000,824,800.00,false
5690041000,4059435,4058612,0,4058610,5691095000,4060259,4059436,0,4059434,1054000,824,781.78,false
5691095000,4060259,4059436,0,4059434,5692154000,4061083,4060260,0,4060258,1059000,824,778.09,false
5692154000,4061083,4060260,0,4060258,5693192000,4061907,4061084,0,4061082,1038000,824,793.83,false
5693192000,4061907,4061084,0,4061082,5694220000,4062731,4061908,0,4061906,1028000,824,801.56,false
5694220000,4062731,4061908,0,4061906,5695249000,4063555,4062732,0,4062730,1029000,824,800.78,false
5695249000,4063555,4062732,0,4062730,5696279000,4064379,4063556,0,4063554,1030000,824,800.00,false
5696279000,4064379,4063556,0,4063554,5697309000,4065203,4064380,0,4064378,1030000,824,800.00,false
5697309000,4065203,4064380,0,4064378,5698339000,4066027,4065204,0,4065202,1030000,824,800.00,false
5698339000,4066027,4065204,0,4065202,5699369000,4066851,4066028,0,4066026,1030000,824,800.00,false
5699369000,4066851,4066028,0,4066026,5700399000,4067675,4066852,0,4066850,1030000,824,800.00,false
5700399000,4067675,4066852,0,4066850,5701429000,4068499,4067676,0,4067674,1030000,824,800.00,false
5701429000,4068499,4067676,0,4067674,5702459000,4069323,4068500,0,4068498,1030000,824,800.00,false
5702465000,4069328,4068505,0,4068503,5703495000,4070152,4069329,0,4069327,1030000,824,800.00,false
5703495000,4070152,4069329,0,4069327,5704525000,4070976,4070153,0,4070151,1030000,824,800.00,false
5704525000,4070976,4070153,0,4070151,5705555000,4071893,4070977,0,4070975,1030000,824,800.00,true
5705555000,4071893,4070977,0,4070975,5706623000,4072810,4071894,0,4071892,1068000,917,858.61,true
5706623000,4072810,4071894,0,4071892,5707701000,4073634,4072811,0,4072809,1078000,917,850.65,true
5707701000,4073634,4072811,0,4072809,5708728000,4074456,4073635,0,4073633,1027000,824,802.34,true
5708728000,4074456,4073635,0,4073633,5709748000,4075278,4074457,0,4074455,1020000,822,805.88,false
5709748000,4075278,4074457,0,4074455,5710776000,4076100,4075279,0,4075277,1028000,822,799.61,false
5710776000,4076100,4075279,0,4075277,5711805000,4076922,4076101,0,4076099,1029000,822,798.83,false
5711805000,4076922,4076101,0,4076099,5712834000,4077744,4076923,0,4076921,1029000,822,798.83,false
5712834000,4077744,4076923,0,4076921,5713863000,4078566,4077745,0,4077743,1029000,822,798.83,false
5713863000,4078566,4077745,0,4077743,5714935000,4079388,4078567,0,4078565,1072000,822,766.79,false
5714935000,4079388,4078567,0,4078565,5715974000,4080210,4079389,0,4079387,1039000,822,791.15,false
5715974000,4080210,4079389,0,4079387,5717011000,4081032,4080211,0,4080209,1037000,822,792.67,false
5717011000,4081032,4080211,0,4080209,5718041000,4081854,4081033,0,4081031,1030000,822,798.06,false
5718041000,4081854,4081033,0,4081031,5719069000,4082676,4081855,0,4081853,1028000,822,799.61,false
5719069000,4082676,4081855,0,4081853,5720097000,4083498,4082677,0,4082675,1028000,822,799.61,false
5720097000,4083498,4082677,0,4082675,5721126000,4084320,4083499,0,4083497,1029000,822,798.83,false
5721126000,4084320,4083499,0,4083497,5722155000,4085142,4084321,0,4084319,1029000,822,798.83,false
5722155000,4085142,4084321,0,4084319,5723184000,4085964,4085143,0,4085141,1029000,822,798.83,false
5723184000,4085964,4085143,0,4085141,5724213000,4086786,4085965,0,4085963,1029000,822,798.83,false
5724213000,4086786,4085965,0,4085963,5725242000,4087608,4086787,0,4086785,1029000,822,798.83,false
5725242000,4087608,4086787,0,4086785,5726271000,4088430,4087609,0,4087607,1029000,822,798.83,false
5726271000,4088430,4087609,0,4087607,5727300000,4089252,4088431,0,4088429,1029000,822,798.83,false
5728243000,4090005,4089184,0,4089182,5729272000,4090827,4090006,0,4090004,1029000,822,798.83,false
5729272000,4090827,4090006,0,4090004,5730301000,4091649,4090828,0,4090826,1029000,822,798.83,false
5730301000,4091649,4090828,0,4090826,5731330000,4092564,4091650,0,4091648,1029000,822,798.83,true
5731330000,4092564,4091650,0,4091648,5732397000,4093479,4092565,0,4092563,1067000,915,857.54,true
5732397000,4093479,4092565,0,4092563,5733473000,4094301,4093480,0,4093478,1076000,915,850.37,true
5733473000,4094301,4093480,0,4093478,5734502000,4095121,4094302,0,4094300,1029000,822,798.83,true
5734502000,4095121,4094302,0,4094300,5735520000,4095941,4095122,0,4095120,1018000,820,805.50,false
5735520000,4095941,4095122,0,4095120,5736546000,4096761,4095942,0,4095940,1026000,820,799.22,false
5736546000,4096761,4095942,0,4095940,5737575000,4097581,4096762,0,4096760,1029000,820,796.89,false
5737575000,4097581,4096762,0,4096760,5738658000,4098401,4097582,0,4097580,1083000,820,757.16,false
5738658000,4098401,4097582,0,4097580,5739682000,4099221,4098402,0,4098400,1024000,820,800.78,false
5739682000,4099221,4098402,0,4098400,5740713000,4100041,4099222,0,4099220,1031000,820,795.34,false
5740713000,4100041,4099222,0,4099220,5741742000,4100861,4100042,0,4100040,1029000,820,796.89,false
5741742000,4100861,4100042,0,4100040,5742770000,4101681,4100862,0,4100860,1028000,820,797.67,false
5742770000,4101681,4100862,0,4100860,5743798000,4102501,4101682,0,4101680,1028000,820,797.67,false
5743798000,4102501,4101682,0,4101680,5744826000,4103321,4102502,0,4102500,1028000,820,797.67,false
5744826000,4103321,4102502,0,4102500,5745854000,4104141,4103322,0,4103320,1028000,820,797.67,false
5745854000,4104141,4103322,0,4103320,5746882000,4104961,4104142,0,4104140,1028000,820,797.67,false
5746882000,4104961,4104142,0,4104140,5747910000,4105781,4104962,0,4104960,1028000,820,797.67,false
5747910000,4105781,4104962,0,4104960,5748938000,4106601,4105782,0,4105780,1028000,820,797.67,false
5748938000,4106601,4105782,0,4105780,5749966000,4107421,4106602,0,4106600,1028000,820,797.67,false
5749966000,4107421,4106602,0,4106600,5750994000,4108241,4107422,0,4107420,1028000,820,797.67,false
5750994000,4108241,4107422,0,4107420,5752022000,4109061,4108242,0,4108240,1028000,820,797.67,false
5752022000,4109061,4108242,0,4108240,5753050000,4109881,4109062,0,4109060,1028000,820,797.67,false
5753906000,4110563,4109744,0,4109742,5754934000,4111383,4110564,0,4110562,1028000,820,797.67,false
5754934000,4111383,4110564,0,4110562,5755962000,4112203,4111384,0,4111382,1028000,820,797.67,false
5755962000,4112203,4111384,0,4111382,5756990000,4113113,4112204,0,4112202,1028000,820,797.67,true
5756990000,4113113,4112204,0,4112202,5758054000,4114023,4113114,0,4113112,1064000,910,855.26,true
5758054000,4114023,4113114,0,4113112,5759128000,4114843,4114024,0,4114022,1074000,910,847.30,true
5759128000,4114843,4114024,0,4114022,5760157000,4115663,4114844,0,4114842,1029000,820,796.89,true
5760157000,4115663,4114844,0,4114842,5761176000,4116483,4115664,0,4115662,1019000,820,804.71,false
5761176000,4116483,4115664,0,4115662,5762240000,4117303,4116484,0,4116482,1064000,820,770.68,false
5762240000,4117303,4116484,0,4116482,5763266000,4118123,4117304,0,4117302,1026000,820,799.22,false
5763266000,4118123,4117304,0,4117302,5764297000,4118943,4118124,0,4118122,1031000,820,795.34,false
5764297000,4118943,4118124,0,4118122,5765328000,4119763,4118944,0,4118942,1031000,820,795.34,false
5765328000,4119763,4118944,0,4118942,5766360000,4120583,4119764,0,4119762,1032000,820,794.57,false
5766360000,4120583,4119764,0,4119762,5767391000,4121403,4120584,0,4120582,1031000,820,795.34,false
5767391000,4121403,4120584,0,4120582,5768422000,4122223,4121404,0,4121402,1031000,820,795.34,false
5768422000,4122223,4121404,0,4121402,5769453000,4123043,4122224,0,4122222,1031000,820,795.34,false
5769453000,4123043,4122224,0,4122222,5770484000,4123863,4123044,0,4123042,1031000,820,795.34,false
5770484000,4123863,4123044,0,4123042,5771515000,4124683,4123864,0,4123862,1031000,820,795.34,false
5771515000,4124683,4123864,0,4123862,5772546000,4125503,4124684,0,4124682,1031000,820,795.34,false
5772546000,4125503,4124684,0,4124682,5773577000,4126323,4125504,0,4125502,1031000,820,795.34,false
5773577000,4126323,4125504,0,4125502,5774608000,4127143,4126324,0,4126322,1031000,820,795.34,false
5774608000,4127143,4126324,0,4126322,5775639000,4127963,4127144,0,4127142,1031000,820,795.34,false
5775639000,4127963,4127144,0,4127142,5776670000,4128783,4127964,0,4127962,1031000,820,795.34,false
5776670000,4128783,4127964,0,4127962,5777701000,4129603,4128784,0,4128782,1031000,820,795.34,false
5777701000,4129603,4128784,0,4128782,5778732000,4130423,4129604,0,4129602,1031000,820,795.34,false
5779527000,4131056,4130237,0,4130235,5780558000,4131876,4131057,0,4131055,1031000,820,795.34,false
5780558000,4131876,4131057,0,4131055,5781589000,4132696,4131877,0,4131875,1031000,820,795.34,false
5781589000,4132696,4131877,0,4131875,5782620000,4133615,4132697,0,4132695,1031000,820,795.34,true
5782620000,4133615,4132697,0,4132695,5783695000,4134534,4133616,0,4133614,1075000,919,854.88,true
5783695000,4134534,4133616,0,4133614,5784777000,4135354,4134535,0,4134533,1082000,919,849.35,true
5784777000,4135354,4134535,0,4134533,5785908000,4136171,4135355,0,4135353,1131000,820,725.02,true
5785908000,4136171,4135355,0,4135353,5786942000,4136988,4136172,0,4136170,1034000,817,790.14,false
5786942000,4136988,4136172,0,4136170,5788008000,4137805,4136989,0,4136987,1066000,817,766.42,false
5788008000,4137805,4136989,0,4136987,5789068000,4138622,4137806,0,4137804,1060000,817,770.75,false
5789068000,4138622,4137806,0,4137804,5790125000,4139439,4138623,0,4138621,1057000,817,772.94,false
5790125000,4139439,4138623,0,4138621,5791182000,4140256,4139440,0,4139438,1057000,817,772.94,false
5791182000,4140256,4139440,0,4139438,5792239000,4141073,4140257,0,4140255,1057000,817,772.94,false
5792239000,4141073,4140257,0,4140255,5793297000,4141890,4141074,0,4141072,1058000,817,772.21,false
5793297000,4141890,4141074,0,4141072,5794355000,4142707,4141891,0,4141889,1058000,817,772.21,false
5794355000,4142707,4141891,0,4141889,5795413000,4143524,4142708,0,4142706,1058000,817,772.21,false
5795413000,4143524,4142708,0,4142706,5796471000,4144341,4143525,0,4143523,1058000,817,772.21,false
5796471000,4144341,4143525,0,4143523,5797529000,4145158,4144342,0,4144340,1058000,817,772.21,false
5797529000,4145158,4144342,0,4144340,5798587000,4145975,4145159,0,4145157,1058000,817,772.21,false
5798587000,4145975,4145159,0,4145157,5799645000,4146792,4145976,0,4145974,1058000,817,772.21,false
5799645000,4146792,4145976,0,4145974,5800703000,4147609,4146793,0,4146791,1058000,817,772.21,false
5800703000,4147609,4146793,0,4146791,5801761000,4148426,4147610,0,4147608,1058000,817,772.21,false
5801761000,4148426,4147610,0,4147608,5802819000,4149243,4148427,0,4148425,1058000,817,772.21,false
5802819000,4149243,4148427,0,4148425,5803877000,4150060,4149244,0,4149242,1058000,817,772.21,false
5803877000,4150060,4149244,0,4149242,5804935000,4150877,4150061,0,4150059,1058000,817,772.21,false
5804935000,4150877,4150061,0,4150059,5805993000,4151694,4150878,0,4150876,1058000,817,772.21,false
5805993000,4151694,4150878,0,4150876,5807051000,4152511,4151695,0,4151693,1058000,817,772.21,false
5807509000,4152865,4152049,0,4152047,5808567000,4153682,4152866,0,4152864,1058000,817,772.21,false
5808567000,4153682,4152866,0,4152864,5809625000,4154499,4153683,0,4153681,1058000,817,772.21,false
5809625000,4154499,4153683,0,4153681,5810683000,4155496,4154500,0,4154498,1058000,817,772.21,true
5810683000,4155496,4154500,0,4154498,5811999000,4156493,4155497,0,4155495,1316000,997,757.60,true
5811999000,4156493,4155497,0,4155495,5813126000,4157310,4156494,0,4156492,1127000,997,884.65,true
5813126000,4157310,4156494,0,4156492,5814140000,4158112,4157311,0,4157309,1014000,817,805.72,true
5814140000,4158112,4157311,0,4157309,5815149000,4158914,4158113,0,4158111,1009000,802,794.85,false
5815149000,4158914,4158113,0,4158111,5816174000,4159716,4158915,0,4158913,1025000,802,782.44,false
5816174000,4159716,4158915,0,4158913,5817205000,4160518,4159717,0,4159715,1031000,802,777.89,false
5817205000,4160518,4159717,0,4159715,5818233000,4161320,4160519,0,4160517,1028000,802,780.16,false
5818233000,4161320,4160519,0,4160517,5819260000,4162122,4161321,0,4161319,1027000,802,780.92,false
5819260000,4162122,4161321,0,4161319,5820287000,4162924,4162123,0,4162121,1027000,802,780.92,false
5820287000,4162924,4162123,0,4162121,5821314000,4163726,4162925,0,4162923,1027000,802,780.92,false
5821314000,4163726,4162925,0,4162923,5822341000,4164528,4163727,0,4163725,1027000,802,780.92,false
5822341000,4164528,4163727,0,4163725,5823368000,4165330,4164529,0,4164527,1027000,802,780.92,false
5823368000,4165330,4164529,0,4164527,5824395000,4166132,4165331,0,4165329,1027000,802,780.92,false
5824395000,4166132,4165331,0,4165329,5825422000,4166934,4166133,0,4166131,1027000,802,780.92,false
5825422000,4166934,4166133,0,4166131,5826449000,4167736,4166935,0,4166933,1027000,802,780.92,false
5826449000,4167736,4166935,0,4166933,5827476000,4168538,4167737,0,4167735,1027000,802,780.92,false
5827476000,4168538,4167737,0,4167735,5828503000,4169340,4168539,0,4168537,1027000,802,780.92,false
5828503000,4169340,4168539,0,4168537,5829530000,4170142,4169341,0,4169339,1027000,802,780.92,false
5829530000,4170142,4169341,0,4169339,5830557000,4170944,4170143,0,4170141,1027000,802,780.92,false
5830557000,4170944,4170143,0,4170141,5831584000,4171746,4170945,0,4170943,1027000,802,780.92,false
5831584000,4171746,4170945,0,4170943,5832611000,4172548,4171747,0,4171745,1027000,802,780.92,false
5833425000,4173184,4172383,0,4172381,5834452000,4173986,4173185,0,4173183,1027000,802,780.92,false
5834452000,4173986,4173185,0,4173183,5835548000,4174788,4173987,0,4173985,1096000,802,731.75,false
5835548000,4174788,4173987,0,4173985,5836564000,4175675,4174789,0,4174787,1016000,802,789.37,true
5836564000,4175675,4174789,0,4174787,5837636000,4176562,4175676,0,4175674,1072000,887,827.43,true
5837636000,4176562,4175676,0,4175674,5838707000,4177364,4176563,0,4176561,1071000,887,828.20,true
5838707000,4177364,4176563,0,4176561,5839719000,4178211,4177365,0,4177363,1012000,802,792.49,true
5839719000,4178211,4177365,0,4177363,5840776000,4179058,4178212,0,4178210,1057000,847,801.32,false
5840776000,4179058,4178212,0,4178210,5841825000,4179905,4179059,0,4179057,1049000,847,807.44,false
5841825000,4179905,4179059,0,4179057,5842871000,4180752,4179906,0,4179904,1046000,847,809.75,false
5842871000,4180752,4179906,0,4179904,5843917000,4181599,4180753,0,4180751,1046000,847,809.75,false
5843917000,4181599,4180753,0,4180751,5844964000,4182446,4181600,0,4181598,1047000,847,808.98,false
5844964000,4182446,4181600,0,4181598,5846010000,4183293,4182447,0,4182445,1046000,847,809.75,false
5846010000,4183293,4182447,0,4182445,5847056000,4184140,4183294,0,4183292,1046000,847,809.75,false
5847056000,4184140,4183294,0,4183292,5848102000,4184987,4184141,0,4184139,1046000,847,809.75,false
5848102000,4184987,4184141,0,4184139,5849148000,4185834,4184988,0,4184986,1046000,847,809.75,false
5849148000,4185834,4184988,0,4184986,5850194000,4186681,4185835,0,4185833,1046000,847,809.75,false
5850194000,4186681,4185835,0,4185833,5851240000,4187528,4186682,0,4186680,1046000,847,809.75,false
5851240000,4187528,4186682,0,4186680,5852286000,4188375,4187529,0,4187527,1046000,847,809.75,false
5852286000,4188375,4187529,0,4187527,5853333000,4189222,4188376,0,4188374,1047000,847,808.98,false
5853333000,4189222,4188376,0,4188374,5854380000,4190069,4189223,0,4189221,1047000,847,808.98,false
5854380000,4190069,4189223,0,4189221,5855426000,4190916,4190070,0,4190068,1046000,847,809.75,false
5855426000,4190916,4190070,0,4190068,5856472000,4191763,4190917,0,4190915,1046000,847,809.75,false
5856472000,4191763,4190917,0,4190915,5857518000,4192610,4191764,0,4191762,1046000,847,809.75,false
5857518000,4192610,4191764,0,4191762,5858564000,4193457,4192611,0,4192609,1046000,847,809.75,false
5858564000,4193457,4192611,0,4192609,5859610000,4194304,4193458,0,4193456,1046000,847,809.75,false
5860590000,4195010,4194164,0,4194162,5861614000,4195857,4195011,0,4195009,1024000,847,827.15,false
5861614000,4195857,4195011,0,4195009,5862643000,4196704,4195858,0,4195856,1029000,847,823.13,false
5862643000,4196704,4195858,0,4195856,5863679000,4197595,4196705,0,4196703,1036000,847,817.57,true
5863679000,4197595,4196705,0,4196703,5864746000,4198486,4197596,0,4197594,1067000,891,835.05,true
5864746000,4198486,4197596,0,4197594,5865806000,4199377,4198487,0,4198485,1060000,891,840.57,true
5865806000,4199377,4198487,0,4198485,5866864000,4200224,4199378,0,4199376,1058000,891,842.16,true
5866864000,4200224,4199378,0,4199376,5867909000,4201077,4200225,0,4200223,1045000,847,810.53,true
5867909000,4201077,4200225,0,4200223,5868948000,4201930,4201078,0,4201076,1039000,853,820.98,false
5868948000,4201930,4201078,0,4201076,5869987000,4202783,4201931,0,4201929,1039000,853,820.98,false
5869987000,4202783,4201931,0,4201929,5871026000,4203636,4202784,0,4202782,1039000,853,820.98,false
5871026000,4203636,4202784,0,4202782,5872065000,4204489,4203637,0,4203635,1039000,853,820.98,false
5872065000,4204489,4203637,0,4203635,5873104000,4205342,4204490,0,4204488,1039000,853,820.98,false
5873104000,4205342,4204490,0,4204488,5874143000,4206195,4205343,0,4205341,1039000,853,820.98,false
5874143000,4206195,4205343,0,4205341,5875182000,4207048,4206196,0,4206194,1039000,853,820.98,false
5875182000,4207048,4206196,0,4206194,5876221000,4207901,4207049,0,4207047,1039000,853,820.98,false
5876221000,4207901,4207049,0,4207047,5877260000,4208754,4207902,0,4207900,1039000,853,820.98,false
5877260000,4208754,4207902,0,4207900,5878299000,4209607,4208755,0,4208753,1039000,853,820.98,false
5878299000,4209607,4208755,0,4208753,5879338000,4210460,4209608,0,4209606,1039000,853,820.98,false
5879338000,4210460,4209608,0,4209606,5880377000,4211313,4210461,0,4210459,1039000,853,820.98,false
5880377000,4211313,4210461,0,4210459,5881416000,4212166,4211314,0,4211312,1039000,853,820.98,false
5881416000,4212166,4211314,0,4211312,5882455000,4213019,4212167,0,4212165,1039000,853,820.98,false
5882455000,4213019,4212167,0,4212165,5883494000,4213872,4213020,0,4213018,1039000,853,820.98,false
5883494000,4213872,4213020,0,4213018,5884621000,4214725,4213873,0,4213871,1127000,853,756.88,false
5884621000,4214725,4213873,0,4213871,5885642000,4215578,4214726,0,4214724,1021000,853,835.46,false
5885642000,4215578,4214726,0,4214724,5886676000,4216431,4215579,0,4215577,1034000,853,824.95,false
5887477000,4217088,4216236,0,4216234,5888512000,4217941,4217089,0,4217087,1035000,853,824.15,false
5888512000,4217941,4217089,0,4217087,5889548000,4218794,4217942,0,4217940,1036000,853,823.36,false
5889548000,4218794,4217942,0,4217940,5890584000,4219760,4218795,0,4218793,1036000,853,823.36,true
5890584000,4219760,4218795,0,4218793,5891683000,4220726,4219761,0,4219759,1099000,966,878.98,true
5891683000,4220726,4219761,0,4219759,5892783000,4221579,4220727,0,4220725,1100000,966,878.18,true
5892783000,4221579,4220727,0,4220725,5893806000,4222423,4221580,0,4221578,1023000,853,833.82,true
5893806000,4222423,4221580,0,4221578,5894830000,4223267,4222424,0,4222422,1024000,844,824.22,false
5894830000,4223267,4222424,0,4222422,5895862000,4224111,4223268,0,4223266,1032000,844,817.83,false
5895862000,4224111,4223268,0,4223266,5896894000,4224955,4224112,0,4224110,1032000,844,817.83,false
5896894000,4224955,4224112,0,4224110,5897925000,4225799,4224956,0,4224954,1031000,844,818.62,false
5897925000,4225799,4224956,0,4224954,5898956000,4226643,4225800,0,4225798,1031000,844,818.62,false
5898956000,4226643,4225800,0,4225798,5899987000,4227487,4226644,0,4226642,1031000,844,818.62,false
5899987000,4227487,4226644,0,4226642,5901019000,4228331,4227488,0,4227486,1032000,844,817.83,false
5901019000,4228331,4227488,0,4227486,5902051000,4229175,4228332,0,4228330,1032000,844,817.83,false
5902051000,4229175,4228332,0,4228330,5903083000,4230019,4229176,0,4229174,1032000,844,817.83,false
5903083000,4230019,4229176,0,4229174,5904114000,4230863,4230020,0,4230018,1031000,844,818.62,false
5904114000,4230863,4230020,0,4230018,5905145000,4231707,4230864,0,4230862,1031000,844,818.62,false
5905145000,4231707,4230864,0,4230862,5906177000,4232551,4231708,0,4231706,1032000,844,817.83,false
5906177000,4232551,4231708,0,4231706,5907209000,4233395,4232552,0,4232550,1032000,844,817.83,false
5907209000,4233395,4232552,0,4232550,5908275000,4234239,4233396,0,4233394,1066000,844,791.74,false
5908275000,4234239,4233396,0,4233394,5909330000,4235083,4234240,0,4234238,1055000,844,800.00,false
5909330000,4235083,4234240,0,4234238,5910366000,4235927,4235084,0,4235082,1036000,844,814.67,false
5910366000,4235927,4235084,0,4235082,5911398000,4236771,4235928,0,4235926,1032000,844,817.83,false
5911398000,4236771,4235928,0,4235926,5912429000,4237615,4236772,0,4236770,1031000,844,818.62,false
5912429000,4237615,4236772,0,4236770,5913461000,4238459,4237616,0,4237614,1032000,844,817.83,false
5913622000,4238591,4237748,0,4237746,5914654000,4239435,4238592,0,4238590,1032000,844,817.83,false
5914654000,4239435,4238592,0,4238590,5915685000,4240279,4239436,0,4239434,1031000,844,818.62,false
5915685000,4240279,4239436,0,4239434,5916716000,4241225,4240280,0,4240278,1031000,844,818.62,true
5916716000,4241225,4240280,0,4240278,5917798000,4242171,4241226,0,4241224,1082000,946,874.31,true
5917798000,4242171,4241226,0,4241224,5918886000,4243015,4242172,0,4242170,1088000,946,869.49,true
5918886000,4243015,4242172,0,4242170,5919911000,4243853,4243016,0,4243014,1025000,844,823.41,true
5919911000,4243853,4243016,0,4243014,5920931000,4244691,4243854,0,4243852,1020000,838,821.57,false
5920931000,4244691,4243854,0,4243852,5921960000,4245529,4244692,0,4244690,1029000,838,814.38,false
5921960000,4245529,4244692,0,4244690,5922989000,4246367,4245530,0,4245528,1029000,838,814.38,false
5922989000,4246367,4245530,0,4245528,5924018000,4247205,4246368,0,4246366,1029000,838,814.38,false
5924018000,4247205,4246368,0,4246366,5925047000,4248043,4247206,0,4247204,1029000,838,814.38,false
5925047000,4248043,4247206,0,4247204,5926076000,4248881,4248044,0,4248042,1029000,838,814.38,false
5926076000,4248881,4248044,0,4248042,5927105000,4249719,4248882,0,4248880,1029000,838,814.38,false
5927105000,4249719,4248882,0,4248880,5928134000,4250557,4249720,0,4249718,1029000,838,814.38,false
5928134000,4250557,4249720,0,4249718,5929163000,4251395,4250558,0,4250556,1029000,838,814.38,false
5929163000,4251395,4250558,0,4250556,5930192000,4252233,4251396,0,4251394,1029000,838,814.38,false
5930192000,4252233,4251396,0,4251394,5931221000,4253071,4252234,0,4252232,1029000,838,814.38,false
5931221000,4253071,4252234,0,4252232,5932306000,4253909,4253072,0,4253070,1085000,838,772.35,false
5932306000,4253909,4253072,0,4253070,5933335000,4254747,4253910,0,4253908,1029000,838,814.38,false
5933335000,4254747,4253910,0,4253908,5934371000,4255585,4254748,0,4254746,1036000,838,808.88,false
5934371000,4255585,4254748,0,4254746,5935405000,4256423,4255586,0,4255584,1034000,838,810.44,false
5935405000,4256423,4255586,0,4255584,5936437000,4257261,4256424,0,4256422,1032000,838,812.02,false
5936437000,4257261,4256424,0,4256422,5937469000,4258099,4257262,0,4257260,1032000,838,812.02,false
5937469000,4258099,4257262,0,4257260,5938501000,4258937,4258100,0,4258098,1032000,838,812.02,false
5939518000,4259763,4258926,0,4258924,5940550000,4260601,4259764,0,4259762,1032000,838,812.02,false
5940550000,4260601,4259764,0,4259762,5941582000,4261439,4260602,0,4260600,1032000,838,812.02,false
5941582000,4261439,4260602,0,4260600,5942614000,4262381,4261440,0,4261438,1032000,838,812.02,true
5942614000,4262381,4261440,0,4261438,5943698000,4263323,4262382,0,4262380,1084000,942,869.00,true
5943698000,4263323,4262382,0,4262380,5944787000,4264161,4263324,0,4263322,1089000,942,865.01,true
5944787000,4264161,4263324,0,4263322,5945811000,4264993,4264162,0,4264160,1024000,838,818.36,true
5945811000,4264993,4264162,0,4264160,5946832000,4265825,4264994,0,4264992,1021000,832,814.89,false
5946832000,4265825,4264994,0,4264992,5947861000,4266657,4265826,0,4265824,1029000,832,808.55,false
5947861000,4266657,4265826,0,4265824,5948892000,4267489,4266658,0,4266656,1031000,832,806.98,false
5948892000,4267489,4266658,0,4266656,5949922000,4268321,4267490,0,4267488,1030000,832,807.77,false
5949922000,4268321,4267490,0,4267488,5950952000,4269153,4268322,0,4268320,1030000,832,807.77,false
5950952000,4269153,4268322,0,4268320,5951982000,4269985,4269154,0,4269152,1030000,832,807.77,false
5951982000,4269985,4269154,0,4269152,5953012000,4270817,4269986,0,4269984,1030000,832,807.77,false
5953012000,4270817,4269986,0,4269984,5954042000,4271649,4270818,0,4270816,1030000,832,807.77,false
5954042000,4271649,4270818,0,4270816,5955072000,4272481,4271650,0,4271648,1030000,832,807.77,false
5955072000,4272481,4271650,0,4271648,5956143000,4273313,4272482,0,4272480,1071000,832,776.84,false
5956143000,4273313,4272482,0,4272480,5957183000,4274145,4273314,0,4273312,1040000,832,800.00,false
5957183000,4274145,4273314,0,4273312,5958222000,4274977,4274146,0,4274144,1039000,832,800.77,false
5958222000,4274977,4274146,0,4274144,5959252000,4275809,4274978,0,4274976,1030000,832,807.77,false
5959252000,4275809,4274978,0,4274976,5960281000,4276641,4275810,0,4275808,1029000,832,808.55,false
5960281000,4276641,4275810,0,4275808,5961311000,4277473,4276642,0,4276640,1030000,832,807.77,false
5961311000,4277473,4276642,0,4276640,5962341000,4278305,4277474,0,4277472,1030000,832,807.77,false
5962341000,4278305,4277474,0,4277472,5963371000,4279137,4278306,0,4278304,1030000,832,807.77,false
5963371000,4279137,4278306,0,4278304,5964401000,4279969,4279138,0,4279136,1030000,832,807.77,false
5965424000,4280795,4279964,0,4279962,5966454000,4281627,4280796,0,4280794,1030000,832,807.77,false
5966454000,4281627,4280796,0,4280794,5967484000,4282459,4281628,0,4281626,1030000,832,807.77,false
5967484000,4282459,4281628,0,4281626,5968514000,4283385,4282460,0,4282458,1030000,832,807.77,true
5968514000,4283385,4282460,0,4282458,5969585000,4284311,4283386,0,4283384,1071000,926,864.61,true
5969585000,4284311,4283386,0,4283384,5970664000,4285143,4284312,0,4284310,1079000,926,858.20,true
5970664000,4285143,4284312,0,4284310,5971691000,4285972,4285144,0,4285142,1027000,832,810.13,true
5971691000,4285972,4285144,0,4285142,5972710000,4286801,4285973,0,4285971,1019000,829,813.54,false
5972710000,4286801,4285973,0,4285971,5973737000,4287630,4286802,0,4286800,1027000,829,807.21,false
5973737000,4287630,4286802,0,4286800,5974767000,4288459,4287631,0,4287629,1030000,829,804.85,false
5974767000,4288459,4287631,0,4287629,5975796000,4289288,4288460,0,4288458,1029000,829,805.64,false
5975796000,4289288,4288460,0,4288458,5976824000,4290117,4289289,0,4289287,1028000,829,806.42,false
5976824000,4290117,4289289,0,4289287,5977852000,4290946,4290118,0,4290116,1028000,829,806.42,false
5977852000,4290946,4290118,0,4290116,5978880000,4291775,4290947,0,4290945,1028000,829,806.42,false
5978880000,4291775,4290947,0,4290945,5979950000,4292604,4291776,0,4291774,1070000,829,774.77,false
5979950000,4292604,4291776,0,4291774,5980990000,4293433,4292605,0,4292603,1040000,829,797.12,false
5980990000,4293433,4292605,0,4292603,5982024000,4294262,4293434,0,4293432,1034000,829,801.74,false
5982024000,4294262,4293434,0,4293432,5983053000,4295091,4294263,0,4294261,1029000,829,805.64,false
5983053000,4295091,4294263,0,4294261,5984081000,4295920,4295092,0,4295090,1028000,829,806.42,false
5984081000,4295920,4295092,0,4295090,5985110000,4296749,4295921,0,4295919,1029000,829,805.64,false
5985110000,4296749,4295921,0,4295919,5986138000,4297578,4296750,0,4296748,1028000,829,806.42,false
5986138000,4297578,4296750,0,4296748,5987166000,4298407,4297579,0,4297577,1028000,829,806.42,false
5987166000,4298407,4297579,0,4297577,5988195000,4299236,4298408,0,4298406,1029000,829,805.64,false
5988195000,4299236,4298408,0,4298406,5989223000,4300065,4299237,0,4299235,1028000,829,806.42,false
5989223000,4300065,4299237,0,4299235,5990252000,4300894,4300066,0,4300064,1029000,829,805.64,false
5991147000,4301616,4300788,0,4300786,5992176000,4302445,4301617,0,4301615,1029000,829,805.64,false
5992176000,4302445,4301617,0,4301615,5993204000,4303274,4302446,0,4302444,1028000,829,806.42,false
5993204000,4303274,4302446,0,4302444,5994233000,4304194,4303275,0,4303273,1029000,829,805.64,true
5994233000,4304194,4303275,0,4303273,5995299000,4305114,4304195,0,4304193,1066000,920,863.04,true
5995299000,4305114,4304195,0,4304193,5996375000,4305943,4305115,0,4305113,1076000,920,855.02,true
5996375000,4305943,4305115,0,4305113,5997402000,4306771,4305944,0,4305942,1027000,829,807.21,true
5997402000,4306771,4305944,0,4305942,5998421000,4307599,4306772,0,4306770,1019000,828,812.56,false
5998421000,4307599,4306772,0,4306770,5999448000,4308427,4307600,0,4307598,1027000,828,806.23,false
5999448000,4308427,4307600,0,4307598,6000476000,4309255,4308428,0,4308426,1028000,828,805.45,false
6000476000,4309255,4308428,0,4308426,6001505000,4310083,4309256,0,4309254,1029000,828,804.66,false
6001505000,4310083,4309256,0,4309254,6002533000,4310911,4310084,0,4310082,1028000,828,805.45,false
6002533000,4310911,4310084,0,4310082,6003615000,4311739,4310912,0,4310910,1082000,828,765.25,false
6003615000,4311739,4310912,0,4310910,6004642000,4312567,4311740,0,4311738,1027000,828,806.23,false
6004642000,4312567,4311740,0,4311738,6005678000,4313395,4312568,0,4312566,1036000,828,799.23,false
6005678000,4313395,4312568,0,4312566,6006710000,4314223,4313396,0,4313394,1032000,828,802.33,false
6006710000,4314223,4313396,0,4313394,6007742000,4315051,4314224,0,4314222,1032000,828,802.33,false
6007742000,4315051,4314224,0,4314222,6008773000,4315879,4315052,0,4315050,1031000,828,803.10,false
6008773000,4315879,4315052,0,4315050,6009804000,4316707,4315880,0,4315878,1031000,828,803.10,false
6009804000,4316707,4315880,0,4315878,6010835000,4317535,4316708,0,4316706,1031000,828,803.10,false
6010835000,4317535,4316708,0,4316706,6011866000,4318363,4317536,0,4317534,1031000,828,803.10,false
6011866000,4318363,4317536,0,4317534,6012897000,4319191,4318364,0,4318362,1031000,828,803.10,false
6012897000,4319191,4318364,0,4318362,6013929000,4320019,4319192,0,4319190,1032000,828,802.33,false
6013929000,4320019,4319192,0,4319190,6014960000,4320847,4320020,0,4320018,1031000,828,803.10,false
6014960000,4320847,4320020,0,4320018,6015991000,4321675,4320848,0,4320846,1031000,828,803.10,false
6016993000,4322480,4321653,0,4321651,6018024000,4323308,4322481,0,4322479,1031000,828,803.10,false
6018024000,4323308,4322481,0,4322479,6019056000,4324136,4323309,0,4323307,1032000,828,802.33,false
6019056000,4324136,4323309,0,4323307,6020087000,4325064,4324137,0,4324135,1031000,828,803.10,true
6020087000,4325064,4324137,0,4324135,6021164000,4325992,4325065,0,4325063,1077000,928,861.65,true
6021164000,4325992,4325065,0,4325063,6022248000,4326820,4325993,0,4325991,1084000,928,856.09,true
6022248000,4326820,4325993,0,4325991,6023274000,4327644,4326821,0,4326819,1026000,828,807.02,true
6023274000,4327644,4326821,0,4326819,6024295000,4328468,4327645,0,4327643,1021000,824,807.05,false
6024295000,4328468,4327645,0,4327643,6025324000,4329292,4328469,0,4328467,1029000,824,800.78,false
6025324000,4329292,4328469,0,4328467,6026354000,4330116,4329293,0,4329291,1030000,824,800.00,false
6026354000,4330116,4329293,0,4329291,6027444000,4330940,4330117,0,4330115,1090000,824,755.96,false
6027444000,4330940,4330117,0,4330115,6028467000,4331764,4330941,0,4330939,1023000,824,805.47,false
6028467000,4331764,4330941,0,4330939,6029500000,4332588,4331765,0,4331763,1033000,824,797.68,false
6029500000,4332588,4331765,0,4331763,6030532000,4333412,4332589,0,4332587,1032000,824,798.45,false
6030532000,4333412,4332589,0,4332587,6031562000,4334236,4333413,0,4333411,1030000,824,800.00,false
6031562000,4334236,4333413,0,4333411,6032592000,4335060,4334237,0,4334235,1030000,824,800.00,false
6032592000,4335060,4334237,0,4334235,6033622000,4335884,4335061,0,4335059,1030000,824,800.00,false
6033622000,4335884,4335061,0,4335059,6034652000,4336708,4335885,0,4335883,1030000,824,800.00,false
6034652000,4336708,4335885,0,4335883,6035682000,4337532,4336709,0,4336707,1030000,824,800.00,false
6035682000,4337532,4336709,0,4336707,6036712000,4338356,4337533,0,4337531,1030000,824,800.00,false
6036712000,4338356,4337533,0,4337531,6037742000,4339180,4338357,0,4338355,1030000,824,800.00,false
6037742000,4339180,4338357,0,4338355,6038772000,4340004,4339181,0,4339179,1030000,824,800.00,false
6038772000,4340004,4339181,0,4339179,6039802000,4340828,4340005,0,4340003,1030000,824,800.00,false
6039802000,4340828,4340005,0,4340003,6040832000,4341652,4340829,0,4340827,1030000,824,800.00,false
6040832000,4341652,4340829,0,4340827,6041862000,4342476,4341653,0,4341651,1030000,824,800.00,false
6041862000,4342476,4341653,0,4341651,6042892000,4343300,4342477,0,4342475,1030000,824,800.00,false
6042902000,4343308,4342485,0,4342483,6043932000,4344132,4343309,0,4343307,1030000,824,800.00,false
6043932000,4344132,4343309,0,4343307,6044962000,4344956,4344133,0,4344131,1030000,824,800.00,false
6044962000,4344956,4344133,0,4344131,6045992000,4345873,4344957,0,4344955,1030000,824,800.00,true
6045992000,4345873,4344957,0,4344955,6047061000,4346790,4345874,0,4345872,1069000,917,857.81,true
6047061000,4346790,4345874,0,4345872,6048138000,4347614,4346791,0,4346789,1077000,917,851.44,true
6048138000,4347614,4346791,0,4346789,6049166000,4348436,4347615,0,4347613,1028000,824,801.56,true
6049166000,4348436,4347615,0,4347613,6050185000,4349258,4348437,0,4348435,1019000,822,806.67,false
6050185000,4349258,4348437,0,4348435,6051258000,4350080,4349259,0,4349257,1073000,822,766.08,false
6051258000,4350080,4349259,0,4349257,6052278000,4350902,4350081,0,4350079,1020000,822,805.88,false
6052278000,4350902,4350081,0,4350079,6053305000,4351724,4350903,0,4350901,1027000,822,800.39,false
6053305000,4351724,4350903,0,4350901,6054334000,4352546,4351725,0,4351723,1029000,822,798.83,false
6054334000,4352546,4351725,0,4351723,6055363000,4353368,4352547,0,4352545,1029000,822,798.83,false
6055363000,4353368,4352547,0,4352545,6056392000,4354190,4353369,0,4353367,1029000,822,798.83,false
6056392000,4354190,4353369,0,4353367,6057421000,4355012,4354191,0,4354189,1029000,822,798.83,false
6057421000,4355012,4354191,0,4354189,6058450000,4355834,4355013,0,4355011,1029000,822,798.83,false
6058450000,4355834,4355013,0,4355011,6059479000,4356656,4355835,0,4355833,1029000,822,798.83,false
6059479000,4356656,4355835,0,4355833,6060508000,4357478,4356657,0,4356655,1029000,822,798.83,false
6060508000,4357478,4356657,0,4356655,6061537000,4358300,4357479,0,4357477,1029000,822,798.83,false
6061537000,4358300,4357479,0,4357477,6062566000,4359122,4358301,0,4358299,1029000,822,798.83,false
6062566000,4359122,4358301,0,4358299,6063595000,4359944,4359123,0,4359121,1029000,822,798.83,false
6063595000,4359944,4359123,0,4359121,6064624000,4360766,4359945,0,4359943,1029000,822,798.83,false
6064624000,4360766,4359945,0,4359943,6065653000,4361588,4360767,0,4360765,1029000,822,798.83,false
6065653000,4361588,4360767,0,4360765,6066682000,4362410,4361589,0,4361587,1029000,822,798.83,false
6066682000,4362410,4361589,0,4361587,6067711000,4363232,4362411,0,4362409,1029000,822,798.83,false
6068418000,4363798,4362977,0,4362975,6069447000,4364620,4363799,0,4363797,1029000,822,798.83,false
6069447000,4364620,4363799,0,4363797,6070476000,4365442,4364621,0,4364619,1029000,822,798.83,false
6070476000,4365442,4364621,0,4364619,6071505000,4366357,4365443,0,4365441,1029000,822,798.83,true
6071505000,4366357,4365443,0,4365441,6072572000,4367272,4366358,0,4366356,1067000,915,857.54,true
6072572000,4367272,4366358,0,4366356,6073688000,4368094,4367273,0,4367271,1116000,915,819.89,true
6073688000,4368094,4367273,0,4367271,6074749000,4368904,4368095,0,4368093,1061000,822,774.74,true
6074749000,4368904,4368095,0,4368093,6075775000,4369714,4368905,0,4368903,1026000,810,789.47,false
6075775000,4369714,4368905,0,4368903,6076792000,4370524,4369715,0,4369713,1017000,810,796.46,false
6076792000,4370524,4369715,0,4369713,6077811000,4371334,4370525,0,4370523,1019000,810,794.90,false
6077811000,4371334,4370525,0,4370523,6078832000,4372144,4371335,0,4371333,1021000,810,793.34,false
6078832000,4372144,4371335,0,4371333,6079853000,4372954,4372145,0,4372143,1021000,810,793.34,false
6079853000,4372954,4372145,0,4372143,6080873000,4373764,4372955,0,4372953,1020000,810,794.12,false
6080873000,4373764,4372955,0,4372953,6081894000,4374574,4373765,0,4373763,1021000,810,793.34,false
6081894000,4374574,4373765,0,4373763,6082915000,4375384,4374575,0,4374573,1021000,810,793.34,false
6082915000,4375384,4374575,0,4374573,6083936000,4376194,4375385,0,4375383,1021000,810,793.34,false
6083936000,4376194,4375385,0,4375383,6084957000,4377004,4376195,0,4376193,1021000,810,793.34,false
6084957000,4377004,4376195,0,4376193,6085978000,4377814,4377005,0,4377003,1021000,810,793.34,false
6085978000,4377814,4377005,0,4377003,6086999000,4378624,4377815,0,4377813,1021000,810,793.34,false
6086999000,4378624,4377815,0,4377813,6088020000,4379434,4378625,0,4378623,1021000,810,793.34,false
6088020000,4379434,4378625,0,4378623,6089041000,4380244,4379435,0,4379433,1021000,810,793.34,false
6089041000,4380244,4379435,0,4379433,6090062000,4381054,4380245,0,4380243,1021000,810,793.34,false
6090062000,4381054,4380245,0,4380243,6091083000,4381864,4381055,0,4381053,1021000,810,793.34,false
6091083000,4381864,4381055,0,4381053,6092104000,4382674,4381865,0,4381863,1021000,810,793.34,false
6092104000,4382674,4381865,0,4381863,6093125000,4383484,4382675,0,4382673,1021000,810,793.34,false
6093358000,4383669,4382860,0,4382858,6094379000,4384479,4383670,0,4383668,1021000,810,793.34,false
6094379000,4384479,4383670,0,4383668,6095400000,4385289,4384480,0,4384478,1021000,810,793.34,false
6095400000,4385289,4384480,0,4384478,6096473000,4386163,4385290,0,4385288,1073000,810,754.89,true
6096473000,4386163,4385290,0,4385288,6097513000,4387037,4386164,0,4386162,1040000,874,840.38,true
6097513000,4387037,4386164,0,4386162,6098571000,4387847,4387038,0,4387036,1058000,874,826.09,true
6098571000,4387847,4387038,0,4387036,6099597000,4388662,4387848,0,4387846,1026000,810,789.47,true
6099597000,4388662,4387848,0,4387846,6100623000,4389477,4388663,0,4388661,1026000,815,794.35,false
6100623000,4389477,4388663,0,4388661,6101652000,4390292,4389478,0,4389476,1029000,815,792.03,false
6101652000,4390292,4389478,0,4389476,6102682000,4391107,4390293,0,4390291,1030000,815,791.26,false
6102682000,4391107,4390293,0,4390291,6103711000,4391922,4391108,0,4391106,1029000,815,792.03,false
6103711000,4391922,4391108,0,4391106,6104740000,4392737,4391923,0,4391921,1029000,815,792.03,false
6104740000,4392737,4391923,0,4391921,6105769000,4393552,4392738,0,4392736,1029000,815,792.03,false
6105769000,4393552,4392738,0,4392736,6106798000,4394367,4393553,0,4393551,1029000,815,792.03,false
6106798000,4394367,4393553,0,4393551,6107827000,4395182,4394368,0,4394366,1029000,815,792.03,false
6107827000,4395182,4394368,0,4394366,6108856000,4395997,4395183,0,4395181,1029000,815,792.03,false
6108856000,4395997,4395183,0,4395181,6109885000,4396812,4395998,0,4395996,1029000,815,792.03,false
6109885000,4396812,4395998,0,4395996,6110914000,4397627,4396813,0,4396811,1029000,815,792.03,false
6110914000,4397627,4396813,0,4396811,6111943000,4398442,4397628,0,4397626,1029000,815,792.03,false
6111943000,4398442,4397628,0,4397626,6112972000,4399257,4398443,0,4398441,1029000,815,792.03,false
6112972000,4399257,4398443,0,4398441,6114001000,4400072,4399258,0,4399256,1029000,815,792.03,false
6114001000,4400072,4399258,0,4399256,6115030000,4400887,4400073,0,4400071,1029000,815,792.03,false
6115030000,4400887,4400073,0,4400071,6116059000,4401702,4400888,0,4400886,1029000,815,792.03,false
6116059000,4401702,4400888,0,4400886,6117088000,4402517,4401703,0,4401701,1029000,815,792.03,false
6117088000,4402517,4401703,0,4401701,6118117000,4403332,4402518,0,4402516,1029000,815,792.03,false
6118469000,4403611,4402797,0,4402795,6119563000,4404426,4403612,0,4403610,1094000,815,744.97,false
6119563000,4404426,4403612,0,4403610,6120584000,4405241,4404427,0,4404425,1021000,815,798.24,false
6120584000,4405241,4404427,0,4404425,6121615000,4406088,4405242,0,4405240,1031000,815,790.49,true
6121615000,4406088,4405242,0,4405240,6122662000,4406935,4406089,0,4406087,1047000,847,808.98,true
6122662000,4406935,4406089,0,4406087,6123708000,4407750,4406936,0,4406934,1046000,847,809.75,true
6123708000,4407750,4406936,0,4406934,6124719000,4408567,4407751,0,4407749,1011000,815,806.13,true
6124719000,4408567,4407751,0,4407749,6125752000,4409385,4408568,0,4408566,1033000,817,790.90,false
6125752000,4409385,4408568,0,4408566,6126784000,4410203,4409386,0,4409384,1032000,818,792.64,false
6126784000,4410203,4409386,0,4409384,6127814000,4411021,4410204,0,4410202,1030000,818,794.17,false
6127814000,4411021,4410204,0,4410202,6128844000,4411839,4411022,0,4411020,1030000,818,794.17,false
6128844000,4411839,4411022,0,4411020,6129874000,4412657,4411840,0,4411838,1030000,818,794.17,false
6129874000,4412657,4411840,0,4411838,6130904000,4413475,4412658,0,4412656,1030000,818,794.17,false
6130904000,4413475,4412658,0,4412656,6131935000,4414293,4413476,0,4413474,1031000,818,793.40,false
6131935000,4414293,4413476,0,4413474,6132965000,4415111,4414294,0,4414292,1030000,818,794.17,false
6132965000,4415111,4414294,0,4414292,6133996000,4415929,4415112,0,4415110,1031000,818,793.40,false
6133996000,4415929,4415112,0,4415110,6135027000,4416747,4415930,0,4415928,1031000,818,793.40,false
6135027000,4416747,4415930,0,4415928,6136057000,4417565,4416748,0,4416746,1030000,818,794.17,false
6136057000,4417565,4416748,0,4416746,6137087000,4418383,4417566,0,4417564,1030000,818,794.17,false
6137087000,4418383,4417566,0,4417564,6138117000,4419201,4418384,0,4418382,1030000,818,794.17,false
6138117000,4419201,4418384,0,4418382,6139147000,4420019,4419202,0,4419200,1030000,818,794.17,false
6139147000,4420019,4419202,0,4419200,6140178000,4420837,4420020,0,4420018,1031000,818,793.40,false
6140178000,4420837,4420020,0,4420018,6141209000,4421655,4420838,0,4420836,1031000,818,793.40,false
6141209000,4421655,4420838,0,4420836,6142265000,4422473,4421656,0,4421654,1056000,818,774.62,false
6142265000,4422473,4421656,0,4421654,6143326000,4423291,4422474,0,4422472,1061000,818,770.97,false
6143326000,4423291,4422474,0,4422472,6144365000,4424109,4423292,0,4423290,1039000,818,787.30,false
6144574000,4424276,4423459,0,4423457,6145606000,4425094,4424277,0,4424275,1032000,818,792.64,false
6145606000,4425094,4424277,0,4424275,6146635000,4425912,4425095,0,4425093,1029000,818,794.95,false
6146635000,4425912,4425095,0,4425093,6147665000,4426807,4425913,0,4425911,1030000,818,794.17,true
6147665000,4426807,4425913,0,4425911,6148726000,4427702,4426808,0,4426806,1061000,895,843.54,true
6148726000,4427702,4426808,0,4426806,6149796000,4428520,4427703,0,4427701,1070000,895,836.45,true
6149796000,4428520,4427703,0,4427701,6150817000,4429340,4428521,0,4428519,1021000,818,801.18,true
6150817000,4429340,4428521,0,4428519,6151844000,4430160,4429341,0,4429339,1027000,820,798.44,false
6151844000,4430160,4429341,0,4429339,6152876000,4430980,4430161,0,4430159,1032000,820,794.57,false
6152876000,4430980,4430161,0,4430159,6153908000,4431800,4430981,0,4430979,1032000,820,794.57,false
6153908000,4431800,4430981,0,4430979,6154939000,4432620,4431801,0,4431799,1031000,820,795.34,false
6154939000,4432620,4431801,0,4431799,6155970000,4433440,4432621,0,4432619,1031000,820,795.34,false
6155970000,4433440,4432621,0,4432619,6157001000,4434260,4433441,0,4433439,1031000,820,795.34,false
6157001000,4434260,4433441,0,4433439,6158032000,4435080,4434261,0,4434259,1031000,820,795.34,false
6158032000,4435080,4434261,0,4434259,6159063000,4435900,4435081,0,4435079,1031000,820,795.34,false
6159063000,4435900,4435081,0,4435079,6160094000,4436720,4435901,0,4435899,1031000,820,795.34,false
6160094000,4436720,4435901,0,4435899,6161125000,4437540,4436721,0,4436719,1031000,820,795.34,false
6161125000,4437540,4436721,0,4436719,6162156000,4438360,4437541,0,4437539,1031000,820,795.34,false
6162156000,4438360,4437541,0,4437539,6163187000,4439180,4438361,0,4438359,1031000,820,795.34,false
6163187000,4439180,4438361,0,4438359,6164218000,4440000,4439181,0,4439179,1031000,820,795.34,false
6164218000,4440000,4439181,0,4439179,6165249000,4440820,4440001,0,4439999,1031000,820,795.34,false
6165249000,4440820,4440001,0,4439999,6166332000,4441640,4440821,0,4440819,1083000,820,757.16,false
6166332000,4441640,4440821,0,4440819,6167366000,4442460,4441641,0,4441639,1034000,820,793.04,false
6167366000,4442460,4441641,0,4441639,6168405000,4443280,4442461,0,4442459,1039000,820,789.22,false
6168405000,4443280,4442461,0,4442459,6169438000,4444100,4443281,0,4443279,1033000,820,793.80,false
6169438000,4444100,4443281,0,4443279,6170470000,4444920,4444101,0,4444099,1032000,820,794.57,false
6170515000,4444956,4444137,0,4444135,6171546000,4445776,4444957,0,4444955,1031000,820,795.34,false
6171546000,4445776,4444957,0,4444955,6172577000,4446596,4445777,0,4445775,1031000,820,795.34,false
6172577000,4446596,4445777,0,4445775,6173608000,4447512,4446597,0,4446595,1031000,820,795.34,true
6173608000,4447512,4446597,0,4446595,6174681000,4448428,4447513,0,4447511,1073000,916,853.68,true
6174681000,4448428,4447513,0,4447511,6175762000,4449248,4448429,0,4448427,1081000,916,847.36,true
6175762000,4449248,4448429,0,4448427,6176788000,4450066,4449249,0,4449247,1026000,820,799.22,true
6176788000,4450066,4449249,0,4449247,6177810000,4450884,4450067,0,4450065,1022000,818,800.39,false
6177810000,4450884,4450067,0,4450065,6178840000,4451702,4450885,0,4450883,1030000,818,794.17,false
6178840000,4451702,4450885,0,4450883,6179871000,4452520,4451703,0,4451701,1031000,818,793.40,false
6179871000,4452520,4451703,0,4451701,6180902000,4453338,4452521,0,4452519,1031000,818,793.40,false
6180902000,4453338,4452521,0,4452519,6181933000,4454156,4453339,0,4453337,1031000,818,793.40,false
6181933000,4454156,4453339,0,4453337,6182964000,4454974,4454157,0,4454155,1031000,818,793.40,false
6182964000,4454974,4454157,0,4454155,6183994000,4455792,4454975,0,4454973,1030000,818,794.17,false
6183994000,4455792,4454975,0,4454973,6185024000,4456610,4455793,0,4455791,1030000,818,794.17,false
6185024000,4456610,4455793,0,4455791,6186054000,4457428,4456611,0,4456609,1030000,818,794.17,false
6186054000,4457428,4456611,0,4456609,6187084000,4458246,4457429,0,4457427,1030000,818,794.17,false
6187084000,4458246,4457429,0,4457427,6188114000,4459064,4458247,0,4458245,1030000,818,794.17,false
6188114000,4459064,4458247,0,4458245,6189145000,4459882,4459065,0,4459063,1031000,818,793.40,false
6189145000,4459882,4459065,0,4459063,6190223000,4460700,4459883,0,4459881,1078000,818,758.81,false
6190223000,4460700,4459883,0,4459881,6191264000,4461518,4460701,0,4460699,1041000,818,785.78,false
6191264000,4461518,4460701,0,4460699,6192300000,4462336,4461519,0,4461517,1036000,818,789.58,false
6192300000,4462336,4461519,0,4461517,6193332000,4463154,4462337,0,4462335,1032000,818,792.64,false
6193332000,4463154,4462337,0,4462335,6194362000,4463972,4463155,0,4463153,1030000,818,794.17,false
6194362000,4463972,4463155,0,4463153,6195392000,4464790,4463973,0,4463971,1030000,818,794.17,false
6195392000,4464790,4463973,0,4463971,6196423000,4465608,4464791,0,4464789,1031000,818,793.40,false
6196445000,4465626,4464809,0,4464807,6197476000,4466444,4465627,0,4465625,1031000,818,793.40,false
6197476000,4466444,4465627,0,4465625,6198506000,4467262,4466445,0,4466443,1030000,818,794.17,false
6198506000,4467262,4466445,0,4466443,6199536000,4468176,4467263,0,4467261,1030000,818,794.17,true
6199536000,4468176,4467263,0,4467261,6200607000,4469090,4468177,0,4468175,1071000,914,853.41,true
6200607000,4469090,4468177,0,4468175,6201686000,4469908,4469091,0,4469089,1079000,914,847.08,true
6201686000,4469908,4469091,0,4469089,6202714000,4470724,4469909,0,4469907,1028000,818,795.72,true
6202714000,4470724,4469909,0,4469907,6203734000,4471540,4470725,0,4470723,1020000,816,800.00,false
6203734000,4471540,4470725,0,4470723,6204763000,4472356,4471541,0,4471539,1029000,816,793.00,false
6204763000,4472356,4471541,0,4471539,6205793000,4473172,4472357,0,4472355,1030000,816,792.23,false
6205793000,4473172,4472357,0,4472355,6206823000,4473988,4473173,0,4473171,1030000,816,792.23,false
6206823000,4473988,4473173,0,4473171,6207853000,4474804,4473989,0,4473987,1030000,816,792.23,false
6207853000,4474804,4473989,0,4473987,6208883000,4475620,4474805,0,4474803,1030000,816,792.23,false
6208883000,4475620,4474805,0,4474803,6209913000,4476436,4475621,0,4475619,1030000,816,792.23,false
6209913000,4476436,4475621,0,4475619,6210943000,4477252,4476437,0,4476435,1030000,816,792.23,false
6210943000,4477252,4476437,0,4476435,6211973000,4478068,4477253,0,4477251,1030000,816,792.23,false
6211973000,4478068,4477253,0,4477251,6213003000,4478884,4478069,0,4478067,1030000,816,792.23,false
6213003000,4478884,4478069,0,4478067,6214085000,4479700,4478885,0,4478883,1082000,816,754.16,false
6214085000,4479700,4478885,0,4478883,6215114000,4480516,4479701,0,4479699,1029000,816,793.00,false
6215114000,4480516,4479701,0,4479699,6216151000,4481332,4480517,0,4480515,1037000,816,786.89,false
6216151000,4481332,4480517,0,4480515,6217183000,4482148,4481333,0,4481331,1032000,816,790.70,false
6217183000,4482148,4481333,0,4481331,6218212000,4482964,4482149,0,4482147,1029000,816,793.00,false
6218212000,4482964,4482149,0,4482147,6219241000,4483780,4482965,0,4482963,1029000,816,793.00,false
6219241000,4483780,4482965,0,4482963,6220271000,4484596,4483781,0,4483779,1030000,816,792.23,false
6220271000,4484596,4483781,0,4483779,6221301000,4485412,4484597,0,4484595,1030000,816,792.23,false
6222300000,4486203,4485388,0,4485386,6223330000,4487019,4486204,0,4486202,1030000,816,792.23,false
6223330000,4487019,4486204,0,4486202,6224360000,4487835,4487020,0,4487018,1030000,816,792.23,false
6224360000,4487835,4487020,0,4487018,6225390000,4488743,4487836,0,4487834,1030000,816,792.23,true
6225390000,4488743,4487836,0,4487834,6226456000,4489651,4488744,0,4488742,1066000,908,851.78,true
6226456000,4489651,4488744,0,4488742,6227532000,4490467,4489652,0,4489650,1076000,908,843.87,true
6227532000,4490467,4489652,0,4489650,6228560000,4491282,4490468,0,4490466,1028000,816,793.77,true
6228560000,4491282,4490468,0,4490466,6229580000,4492097,4491283,0,4491281,1020000,815,799.02,false
6229580000,4492097,4491283,0,4491281,6230608000,4492912,4492098,0,4492096,1028000,815,792.80,false
6230608000,4492912,4492098,0,4492096,6231638000,4493727,4492913,0,4492911,1030000,815,791.26,false
6231638000,4493727,4492913,0,4492911,6232668000,4494542,4493728,0,4493726,1030000,815,791.26,false
6232668000,4494542,4493728,0,4493726,6233697000,4495357,4494543,0,4494541,1029000,815,792.03,false
6233697000,4495357,4494543,0,4494541,6234726000,4496172,4495358,0,4495356,1029000,815,792.03,false
6234726000,4496172,4495358,0,4495356,6235755000,4496987,4496173,0,4496171,1029000,815,792.03,false
6235755000,4496987,4496173,0,4496171,6236784000,4497802,4496988,0,4496986,1029000,815,792.03,false
6236784000,4497802,4496988,0,4496986,6237875000,4498617,4497803,0,4497801,1091000,815,747.02,false
6237875000,4498617,4497803,0,4497801,6238895000,4499432,4498618,0,4498616,1020000,815,799.02,false
6238895000,4499432,4498618,0,4498616,6239930000,4500247,4499433,0,4499431,1035000,815,787.44,false
6239930000,4500247,4499433,0,4499431,6240962000,4501062,4500248,0,4500246,1032000,815,789.73,false
6240962000,4501062,4500248,0,4500246,6241991000,4501877,4501063,0,4501061,1029000,815,792.03,false
6241991000,4501877,4501063,0,4501061,6243020000,4502692,4501878,0,4501876,1029000,815,792.03,false
6243020000,4502692,4501878,0,4501876,6244049000,4503507,4502693,0,4502691,1029000,815,792.03,false
6244049000,4503507,4502693,0,4502691,6245078000,4504322,4503508,0,4503506,1029000,815,792.03,false
6245078000,4504322,4503508,0,4503506,6246107000,4505137,4504323,0,4504321,1029000,815,792.03,false
6246107000,4505137,4504323,0,4504321,6247136000,4505952,4505138,0,4505136,1029000,815,792.03,false
6248144000,4506750,4505936,0,4505934,6249173000,4507565,4506751,0,4506749,1029000,815,792.03,false
6249173000,4507565,4506751,0,4506749,6250202000,4508380,4507566,0,4507564,1029000,815,792.03,false
6250202000,4508380,4507566,0,4507564,6251231000,4509287,4508381,0,4508379,1029000,815,792.03,true
6251231000,4509287,4508381,0,4508379,6252297000,4510194,4509288,0,4509286,1066000,907,850.84,true
6252297000,4510194,4509288,0,4509286,6253373000,4511009,4510195,0,4510193,1076000,907,842.94,true
6253373000,4511009,4510195,0,4510193,6254402000,4511823,4511010,0,4511008,1029000,815,792.03,true
6254402000,4511823,4511010,0,4511008,6255421000,4512637,4511824,0,4511822,1019000,814,798.82,false
6255421000,4512637,4511824,0,4511822,6256448000,4513451,4512638,0,4512636,1027000,814,792.60,false
6256448000,4513451,4512638,0,4512636,6257477000,4514265,4513452,0,4513450,1029000,814,791.06,false
6257477000,4514265,4513452,0,4513450,6258506000,4515079,4514266,0,4514264,1029000,814,791.06,false
6258506000,4515079,4514266,0,4514264,6259535000,4515893,4515080,0,4515078,1029000,814,791.06,false
6259535000,4515893,4515080,0,4515078,6260564000,4516707,4515894,0,4515892,1029000,814,791.06,false
6260564000,4516707,4515894,0,4515892,6261666000,4517521,4516708,0,4516706,1102000,814,738.66,false
6261666000,4517521,4516708,0,4516706,6262680000,4518335,4517522,0,4517520,1014000,814,802.76,false
6262680000,4518335,4517522,0,4517520,6263710000,4519149,4518336,0,4518334,1030000,814,790.29,false
6263710000,4519149,4518336,0,4518334,6264741000,4519963,4519150,0,4519148,1031000,814,789.52,false
6264741000,4519963,4519150,0,4519148,6265770000,4520777,4519964,0,4519962,1029000,814,791.06,false
6265770000,4520777,4519964,0,4519962,6266799000,4521591,4520778,0,4520776,1029000,814,791.06,false
6266799000,4521591,4520778,0,4520776,6267828000,4522405,4521592,0,4521590,1029000,814,791.06,false
6267828000,4522405,4521592,0,4521590,6268857000,4523219,4522406,0,4522404,1029000,814,791.06,false
6268857000,4523219,4522406,0,4522404,6269886000,4524033,4523220,0,4523218,1029000,814,791.06,false
6269886000,4524033,4523220,0,4523218,6270915000,4524847,4524034,0,4524032,1029000,814,791.06,false
6270915000,4524847,4524034,0,4524032,6271944000,4525661,4524848,0,4524846,1029000,814,791.06,false
6271944000,4525661,4524848,0,4524846,6272973000,4526475,4525662,0,4525660,1029000,814,791.06,false
6273941000,4527240,4526427,0,4526425,6274970000,4528054,4527241,0,4527239,1029000,814,791.06,false
6274970000,4528054,4527241,0,4527239,6275999000,4528868,4528055,0,4528053,1029000,814,791.06,false
6275999000,4528868,4528055,0,4528053,6277028000,4529774,4528869,0,4528867,1029000,814,791.06,true
6277028000,4529774,4528869,0,4528867,6278092000,4530680,4529775,0,4529773,1064000,906,851.50,true
6278092000,4530680,4529775,0,4529773,6279168000,4531494,4530681,0,4530679,1076000,906,842.01,true
6279168000,4531494,4530681,0,4530679,6280197000,4532307,4531495,0,4531493,1029000,814,791.06,true
6280197000,4532307,4531495,0,4531493,6281216000,4533120,4532308,0,4532306,1019000,813,797.84,false
6281216000,4533120,4532308,0,4532306,6282241000,4533933,4533121,0,4533119,1025000,813,793.17,false
6282241000,4533933,4533121,0,4533119,6283270000,4534746,4533934,0,4533932,1029000,813,790.09,false
6283270000,4534746,4533934,0,4533932,6284299000,4535559,4534747,0,4534745,1029000,813,790.09,false
6284299000,4535559,4534747,0,4534745,6285406000,4536372,4535560,0,4535558,1107000,813,734.42,false
6285406000,4536372,4535560,0,4535558,6286419000,4537185,4536373,0,4536371,1013000,813,802.57,false
6286419000,4537185,4536373,0,4536371,6287443000,4537998,4537186,0,4537184,1024000,813,793.95,false
6287443000,4537998,4537186,0,4537184,6288472000,4538811,4537999,0,4537997,1029000,813,790.09,false
6288472000,4538811,4537999,0,4537997,6289501000,4539624,4538812,0,4538810,1029000,813,790.09,false
6289501000,4539624,4538812,0,4538810,6290529000,4540437,4539625,0,4539623,1028000,813,790.86,false
6290529000,4540437,4539625,0,4539623,6291558000,4541250,4540438,0,4540436,1029000,813,790.09,false
6291558000,4541250,4540438,0,4540436,6292586000,4542063,4541251,0,4541249,1028000,813,790.86,false
6292586000,4542063,4541251,0,4541249,6293614000,4542876,4542064,0,4542062,1028000,813,790.86,false
6293614000,4542876,4542064,0,4542062,6294642000,4543689,4542877,0,4542875,1028000,813,790.86,false
6294642000,4543689,4542877,0,4542875,6295670000,4544502,4543690,0,4543688,1028000,813,790.86,false
6295670000,4544502,4543690,0,4543688,6296698000,4545315,4544503,0,4544501,1028000,813,790.86,false
6296698000,4545315,4544503,0,4544501,6297726000,4546128,4545316,0,4545314,1028000,813,790.86,false
6297726000,4546128,4545316,0,4545314,6298754000,4546941,4546129,0,4546127,1028000,813,790.86,false
6299700000,4547688,4546876,0,4546874,6300728000,4548501,4547689,0,4547687,1028000,813,790.86,false
6300728000,4548501,4547689,0,4547687,6301756000,4549314,4548502,0,4548500,1028000,813,790.86,false
6301756000,4549314,4548502,0,4548500,6302784000,4550216,4549315,0,4549313,1028000,813,790.86,true
6302784000,4550216,4549315,0,4549313,6303847000,4551118,4550217,0,4550215,1063000,902,848.54,true
6303847000,4551118,4550217,0,4550215,6304920000,4551931,4551119,0,4551117,1073000,902,840.63,true
6304920000,4551931,4551119,0,4551117,6305948000,4552744,4551932,0,4551930,1028000,813,790.86,true
6305948000,4552744,4551932,0,4551930,6306967000,4553557,4552745,0,4552743,1019000,813,797.84,false
6306967000,4553557,4552745,0,4552743,6307994000,4554370,4553558,0,4553556,1027000,813,791.63,false
6307994000,4554370,4553558,0,4553556,6309081000,4555183,4554371,0,4554369,1087000,813,747.93,false
6309081000,4555183,4554371,0,4554369,6310116000,4555996,4555184,0,4555182,1035000,813,785.51,false
6310116000,4555996,4555184,0,4555182,6311144000,4556809,4555997,0,4555995,1028000,813,790.86,false
6311144000,4556809,4555997,0,4555995,6312176000,4557622,4556810,0,4556808,1032000,813,787.79,false
6312176000,4557622,4556810,0,4556808,6313208000,4558435,4557623,0,4557621,1032000,813,787.79,false
6313208000,4558435,4557623,0,4557621,6314240000,4559248,4558436,0,4558434,1032000,813,787.79,false
6314240000,4559248,4558436,0,4558434,6315271000,4560061,4559249,0,4559247,1031000,813,788.55,false
6315271000,4560061,4559249,0,4559247,6316303000,4560874,4560062,0,4560060,1032000,813,787.79,false
6316303000,4560874,4560062,0,4560060,6317334000,4561687,4560875,0,4560873,1031000,813,788.55,false
6317334000,4561687,4560875,0,4560873,6318366000,4562500,4561688,0,4561686,1032000,813,787.79,false
6318366000,4562500,4561688,0,4561686,6319398000,4563313,4562501,0,4562499,1032000,813,787.79,false
6319398000,4563313,4562501,0,4562499,6320430000,4564126,4563314,0,4563312,1032000,813,787.79,false
6320430000,4564126,4563314,0,4563312,6321462000,4564939,4564127,0,4564125,1032000,813,787.79,false
6321462000,4564939,4564127,0,4564125,6322493000,4565752,4564940,0,4564938,1031000,813,788.55,false
6322493000,4565752,4564940,0,4564938,6323525000,4566565,4565753,0,4565751,1032000,813,787.79,false
6323525000,4566565,4565753,0,4565751,6324557000,4567378,4566566,0,4566564,1032000,813,787.79,false
6324557000,4567378,4566566,0,4566564,6325589000,4568191,4567379,0,4567377,1032000,813,787.79,false
6325617000,4568213,4567401,0,4567399,6326649000,4569026,4568214,0,4568212,1032000,813,787.79,false
6326649000,4569026,4568214,0,4568212,6327681000,4569839,4569027,0,4569025,1032000,813,787.79,false
6327681000,4569839,4569027,0,4569025,6328713000,4570750,4569840,0,4569838,1032000,813,787.79,true
6328713000,4570750,4569840,0,4569838,6329785000,4571661,4570751,0,4570749,1072000,911,849.81,true
6329785000,4571661,4570751,0,4570749,6330866000,4572474,4571662,0,4571660,1081000,911,842.74,true
6330866000,4572474,4571662,0,4571660,6331911000,4573284,4572475,0,4572473,1045000,813,777.99,true
6331911000,4573284,4572475,0,4572473,6332954000,4574094,4573285,0,4573283,1043000,810,776.61,false
6332954000,4574094,4573285,0,4573283,6334012000,4574904,4574095,0,4574093,1058000,810,765.60,false
6334012000,4574904,4574095,0,4574093,6335071000,4575714,4574905,0,4574903,1059000,810,764.87,false
6335071000,4575714,4574905,0,4574903,6336129000,4576524,4575715,0,4575713,1058000,810,765.60,false
6336129000,4576524,4575715,0,4575713,6337186000,4577334,4576525,0,4576523,1057000,810,766.32,false
6337186000,4577334,4576525,0,4576523,6338243000,4578144,4577335,0,4577333,1057000,810,766.32,false
6338243000,4578144,4577335,0,4577333,6339301000,4578954,4578145,0,4578143,1058000,810,765.60,false
6339301000,4578954,4578145,0,4578143,6340359000,4579764,4578955,0,4578953,1058000,810,765.60,false
6340359000,4579764,4578955,0,4578953,6341416000,4580574,4579765,0,4579763,1057000,810,766.32,false
6341416000,4580574,4579765,0,4579763,6342474000,4581384,4580575,0,4580573,1058000,810,765.60,false
6342474000,4581384,4580575,0,4580573,6343532000,4582194,4581385,0,4581383,1058000,810,765.60,false
6343532000,4582194,4581385,0,4581383,6344589000,4583004,4582195,0,4582193,1057000,810,766.32,false
6344589000,4583004,4582195,0,4582193,6345647000,4583814,4583005,0,4583003,1058000,810,765.60,false
6345647000,4583814,4583005,0,4583003,6346705000,4584624,4583815,0,4583813,1058000,810,765.60,false
6346705000,4584624,4583815,0,4583813,6347763000,4585434,4584625,0,4584623,1058000,810,765.60,false
6347763000,4585434,4584625,0,4584623,6348820000,4586244,4585435,0,4585433,1057000,810,766.32,false
6348820000,4586244,4585435,0,4585433,6349878000,4587054,4586245,0,4586243,1058000,810,765.60,false
6349878000,4587054,4586245,0,4586243,6350936000,4587864,4587055,0,4587053,1058000,810,765.60,false
6350936000,4587864,4587055,0,4587053,6351993000,4588674,4587865,0,4587863,1057000,810,766.32,false
6351993000,4588674,4587865,0,4587863,6353051000,4589484,4588675,0,4588673,1058000,810,765.60,false
6353232000,4589623,4588814,0,4588812,6354290000,4590433,4589624,0,4589622,1058000,810,765.60,false
6354290000,4590433,4589624,0,4589622,6355348000,4591243,4590434,0,4590432,1058000,810,765.60,false
6355348000,4591243,4590434,0,4590432,6356405000,4592228,4591244,0,4591242,1057000,810,766.32,true
6356405000,4592228,4591244,0,4591242,6357692000,4593213,4592229,0,4592227,1287000,985,765.35,true
6357692000,4593213,4592229,0,4592227,6358854000,4594023,4593214,0,4593212,1162000,985,847.68,true
6358854000,4594023,4593214,0,4593212,6359877000,4594824,4594024,0,4594022,1023000,810,791.79,true
6359877000,4594824,4594024,0,4594022,6360890000,4595625,4594825,0,4594823,1013000,801,790.72,false
6360890000,4595625,4594825,0,4594823,6361916000,4596426,4595626,0,4595624,1026000,801,780.70,false
6361916000,4596426,4595626,0,4595624,6362949000,4597227,4596427,0,4596425,1033000,801,775.41,false
6362949000,4597227,4596427,0,4596425,6363980000,4598028,4597228,0,4597226,1031000,801,776.92,false
6363980000,4598028,4597228,0,4597226,6365010000,4598829,4598029,0,4598027,1030000,801,777.67,false
6365010000,4598829,4598029,0,4598027,6366040000,4599630,4598830,0,4598828,1030000,801,777.67,false
6366040000,4599630,4598830,0,4598828,6367070000,4600431,4599631,0,4599629,1030000,801,777.67,false
6367070000,4600431,4599631,0,4599629,6368100000,4601232,4600432,0,4600430,1030000,801,777.67,false
6368100000,4601232,4600432,0,4600430,6369130000,4602033,4601233,0,4601231,1030000,801,777.67,false
6369130000,4602033,4601233,0,4601231,6370160000,4602834,4602034,0,4602032,1030000,801,777.67,false
6370160000,4602834,4602034,0,4602032,6371190000,4603635,4602835,0,4602833,1030000,801,777.67,false
6371190000,4603635,4602835,0,4602833,6372220000,4604436,4603636,0,4603634,1030000,801,777.67,false
6372220000,4604436,4603636,0,4603634,6373250000,4605237,4604437,0,4604435,1030000,801,777.67,false
6373250000,4605237,4604437,0,4604435,6374280000,4606038,4605238,0,4605236,1030000,801,777.67,false
6374280000,4606038,4605238,0,4605236,6375310000,4606839,4606039,0,4606037,1030000,801,777.67,false
6375310000,4606839,4606039,0,4606037,6376340000,4607640,4606840,0,4606838,1030000,801,777.67,false
6376340000,4607640,4606840,0,4606838,6377370000,4608441,4607641,0,4607639,1030000,801,777.67,false
6377370000,4608441,4607641,0,4607639,6378400000,4609242,4608442,0,4608440,1030000,801,777.67,false
6379354000,4609984,4609184,0,4609182,6380384000,4610785,4609985,0,4609983,1030000,801,777.67,false
6380384000,4610785,4609985,0,4609983,6381472000,4611586,4610786,0,4610784,1088000,801,736.21,false
6381472000,4611586,4610786,0,4610784,6382496000,4612481,4611587,0,4611585,1024000,801,782.23,true
6382496000,4612481,4611587,0,4611585,6383577000,4613376,4612482,0,4612480,1081000,895,827.94,true
6383577000,4613376,4612482,0,4612480,6384652000,4614177,4613377,0,4613375,1075000,895,832.56,true
6384652000,4614177,4613377,0,4613375,6385666000,4614980,4614178,0,4614176,1014000,801,789.94,true
6385666000,4614980,4614178,0,4614176,6386683000,4615783,4614981,0,4614979,1017000,803,789.58,false
6386683000,4615783,4614981,0,4614979,6387712000,4616586,4615784,0,4615782,1029000,803,780.37,false
6387712000,4616586,4615784,0,4615782,6388741000,4617389,4616587,0,4616585,1029000,803,780.37,false
6388741000,4617389,4616587,0,4616585,6389769000,4618192,4617390,0,4617388,1028000,803,781.13,false
6389769000,4618192,4617390,0,4617388,6390796000,4618995,4618193,0,4618191,1027000,803,781.89,false
6390796000,4618995,4618193,0,4618191,6391824000,4619798,4618996,0,4618994,1028000,803,781.13,false
6391824000,4619798,4618996,0,4618994,6392852000,4620601,4619799,0,4619797,1028000,803,781.13,false
6392852000,4620601,4619799,0,4619797,6393880000,4621404,4620602,0,4620600,1028000,803,781.13,false
6393880000,4621404,4620602,0,4620600,6394908000,4622207,4621405,0,4621403,1028000,803,781.13,false
6394908000,4622207,4621405,0,4621403,6395936000,4623010,4622208,0,4622206,1028000,803,781.13,false
6395936000,4623010,4622208,0,4622206,6396963000,4623813,4623011,0,4623009,1027000,803,781.89,false
6396963000,4623813,4623011,0,4623009,6397991000,4624616,4623814,0,4623812,1028000,803,781.13,false
6397991000,4624616,4623814,0,4623812,6399019000,4625419,4624617,0,4624615,1028000,803,781.13,false
6399019000,4625419,4624617,0,4624615,6400047000,4626222,4625420,0,4625418,1028000,803,781.13,false
6400047000,4626222,4625420,0,4625418,6401075000,4627025,4626223,0,4626221,1028000,803,781.13,false
6401075000,4627025,4626223,0,4626221,6402103000,4627828,4627026,0,4627024,1028000,803,781.13,false
6402103000,4627828,4627026,0,4627024,6403131000,4628631,4627829,0,4627827,1028000,803,781.13,false
6403131000,4628631,4627829,0,4627827,6404159000,4629434,4628632,0,4628630,1028000,803,781.13,false
6404948000,4630003,4629201,0,4629199,6405969000,4630806,4630004,0,4630002,1021000,803,786.48,false
6405969000,4630806,4630004,0,4630002,6407000000,4631609,4630807,0,4630805,1031000,803,778.86,false
6407000000,4631609,4630807,0,4630805,6408030000,4632444,4631610,0,4631608,1030000,803,779.61,true
6408030000,4632444,4631610,0,4631608,6409073000,4633279,4632445,0,4632443,1043000,835,800.58,true
6409073000,4633279,4632445,0,4632443,6410115000,4634082,4633280,0,4633278,1042000,835,801.34,true
6410115000,4634082,4633280,0,4633278,6411124000,4634896,4634083,0,4634081,1009000,803,795.84,true
6411124000,4634896,4634083,0,4634081,6412164000,4635710,4634897,0,4634895,1040000,814,782.69,false
6412164000,4635710,4634897,0,4634895,6413197000,4636524,4635711,0,4635709,1033000,814,788.00,false
6413197000,4636524,4635711,0,4635709,6414229000,4637338,4636525,0,4636523,1032000,814,788.76,false
6414229000,4637338,4636525,0,4636523,6415261000,4638152,4637339,0,4637337,1032000,814,788.76,false
6415261000,4638152,4637339,0,4637337,6416293000,4638966,4638153,0,4638151,1032000,814,788.76,false
6416293000,4638966,4638153,0,4638151,6417325000,4639780,4638967,0,4638965,1032000,814,788.76,false
6417325000,4639780,4638967,0,4638965,6418357000,4640594,4639781,0,4639779,1032000,814,788.76,false
6418357000,4640594,4639781,0,4639779,6419389000,4641408,4640595,0,4640593,1032000,814,788.76,false
6419389000,4641408,4640595,0,4640593,6420421000,4642222,4641409,0,4641407,1032000,814,788.76,false
6420421000,4642222,4641409,0,4641407,6421453000,4643036,4642223,0,4642221,1032000,814,788.76,false
6421453000,4643036,4642223,0,4642221,6422485000,4643850,4643037,0,4643035,1032000,814,788.76,false
6422485000,4643850,4643037,0,4643035,6423517000,4644664,4643851,0,4643849,1032000,814,788.76,false
6423517000,4644664,4643851,0,4643849,6424549000,4645478,4644665,0,4644663,1032000,814,788.76,false
6424549000,4645478,4644665,0,4644663,6425581000,4646292,4645479,0,4645477,1032000,814,788.76,false
6425581000,4646292,4645479,0,4645477,6426613000,4647106,4646293,0,4646291,1032000,814,788.76,false
6426613000,4647106,4646293,0,4646291,6427645000,4647920,4647107,0,4647105,1032000,814,788.76,false
6427645000,4647920,4647107,0,4647105,6428744000,4648734,4647921,0,4647919,1099000,814,740.67,false
6428744000,4648734,4647921,0,4647919,6429775000,4649548,4648735,0,4648733,1031000,814,789.52,false
6429775000,4649548,4648735,0,4648733,6430800000,4650362,4649549,0,4649547,1025000,814,794.15,false
6431059000,4650567,4649754,0,4649752,6432087000,4651381,4650568,0,4650566,1028000,814,791.83,false
6432087000,4651381,4650568,0,4650566,6433116000,4652195,4651382,0,4651380,1029000,814,791.06,false
6433116000,4652195,4651382,0,4651380,6434145000,4653095,4652196,0,4652194,1029000,814,791.06,true
6434145000,4653095,4652196,0,4652194,6435208000,4653995,4653096,0,4653094,1063000,900,846.66,true
6435208000,4653995,4653096,0,4653094,6436280000,4654809,4653996,0,4653994,1072000,900,839.55,true
6436280000,4654809,4653996,0,4653994,6437306000,4655624,4654810,0,4654808,1026000,814,793.37,true
6437306000,4655624,4654810,0,4654808,6438326000,4656439,4655625,0,4655623,1020000,815,799.02,false
6438326000,4656439,4655625,0,4655623,6439354000,4657254,4656440,0,4656438,1028000,815,792.80,false
6439354000,4657254,4656440,0,4656438,6440384000,4658069,4657255,0,4657253,1030000,815,791.26,false
6440384000,4658069,4657255,0,4657253,6441414000,4658884,4658070,0,4658068,1030000,815,791.26,false
6441414000,4658884,4658070,0,4658068,6442443000,4659699,4658885,0,4658883,1029000,815,792.03,false
6442443000,4659699,4658885,0,4658883,6443472000,4660514,4659700,0,4659698,1029000,815,792.03,false
6443472000,4660514,4659700,0,4659698,6444501000,4661329,4660515,0,4660513,1029000,815,792.03,false
6444501000,4661329,4660515,0,4660513,6445530000,4662144,4661330,0,4661328,1029000,815,792.03,false
6445530000,4662144,4661330,0,4661328,6446559000,4662959,4662145,0,4662143,1029000,815,792.03,false
6446559000,4662959,4662145,0,4662143,6447588000,4663774,4662960,0,4662958,1029000,815,792.03,false
6447588000,4663774,4662960,0,4662958,6448617000,4664589,4663775,0,4663773,1029000,815,792.03,false
6448617000,4664589,4663775,0,4663773,6449646000,4665404,4664590,0,4664588,1029000,815,792.03,false
6449646000,4665404,4664590,0,4664588,6450675000,4666219,4665405,0,4665403,1029000,815,792.03,false
6450675000,4666219,4665405,0,4665403,6451765000,4667034,4666220,0,4666218,1090000,815,747.71,false
6451765000,4667034,4666220,0,4666218,6452789000,4667849,4667035,0,4667033,1024000,815,795.90,false
6452789000,4667849,4667035,0,4667033,6453824000,4668664,4667850,0,4667848,1035000,815,787.44,false
6453824000,4668664,4667850,0,4667848,6454855000,4669479,4668665,0,4668663,1031000,815,790.49,false
6454855000,4669479,4668665,0,4668663,6455884000,4670294,4669480,0,4669478,1029000,815,792.03,false
6456872000,4671077,4670263,0,4670261,6457901000,4671892,4671078,0,4671076,1029000,815,792.03,false
6457901000,4671892,4671078,0,4671076,6458930000,4672707,4671893,0,4671891,1029000,815,792.03,false
6458930000,4672707,4671893,0,4671891,6459959000,4673614,4672708,0,4672706,1029000,815,792.03,true
6459959000,4673614,4672708,0,4672706,6461024000,4674521,4673615,0,4673613,1065000,907,851.64,true
6461024000,4674521,4673615,0,4673613,6462100000,4675336,4674522,0,4674520,1076000,907,842.94,true
6462100000,4675336,4674522,0,4674520,6463129000,4676150,4675337,0,4675335,1029000,815,792.03,true
6463129000,4676150,4675337,0,4675335,6464148000,4676964,4676151,0,4676149,1019000,814,798.82,false
6464148000,4676964,4676151,0,4676149,6465175000,4677778,4676965,0,4676963,1027000,814,792.60,false
6465175000,4677778,4676965,0,4676963,6466205000,4678592,4677779,0,4677777,1030000,814,790.29,false
6466205000,4678592,4677779,0,4677777,6467234000,4679406,4678593,0,4678591,1029000,814,791.06,false
6467234000,4679406,4678593,0,4678591,6468263000,4680220,4679407,0,4679405,1029000,814,791.06,false
6468263000,4680220,4679407,0,4679405,6469292000,4681034,4680221,0,4680219,1029000,814,791.06,false
6469292000,4681034,4680221,0,4680219,6470321000,4681848,4681035,0,4681033,1029000,814,791.06,false
6470321000,4681848,4681035,0,4681033,6471350000,4682662,4681849,0,4681847,1029000,814,791.06,false
6471350000,4682662,4681849,0,4681847,6472379000,4683476,4682663,0,4682661,1029000,814,791.06,false
6472379000,4683476,4682663,0,4682661,6473408000,4684290,4683477,0,4683475,1029000,814,791.06,false
6473408000,4684290,4683477,0,4683475,6474437000,4685104,4684291,0,4684289,1029000,814,791.06,false
6474437000,4685104,4684291,0,4684289,6475539000,4685918,4685105,0,4685103,1102000,814,738.66,false
6475539000,4685918,4685105,0,4685103,6476553000,4686732,4685919,0,4685917,1014000,814,802.76,false
6476553000,4686732,4685919,0,4685917,6477581000,4687546,4686733,0,4686731,1028000,814,791.83,false
6477581000,4687546,4686733,0,4686731,6478612000,4688360,4687547,0,4687545,1031000,814,789.52,false
6478612000,4688360,4687547,0,4687545,6479642000,4689174,4688361,0,4688359,1030000,814,790.29,false
6479642000,4689174,4688361,0,4688359,6480671000,4689988,4689175,0,4689173,1029000,814,791.06,false
6480671000,4689988,4689175,0,4689173,6481700000,4690802,4689989,0,4689987,1029000,814,791.06,false
6482672000,4691570,4690757,0,4690755,6483701000,4692384,4691571,0,4691569,1029000,814,791.06,false
6483701000,4692384,4691571,0,4691569,6484730000,4693198,4692385,0,4692383,1029000,814,791.06,false
6484730000,4693198,4692385,0,4692383,6485759000,4694104,4693199,0,4693197,1029000,814,791.06,true
6485759000,4694104,4693199,0,4693197,6486824000,4695010,4694105,0,4694103,1065000,906,850.70,true
6486824000,4695010,4694105,0,4694103,6487899000,4695824,4695011,0,4695009,1075000,906,842.79,true
6487899000,4695824,4695011,0,4695009,6488927000,4696637,4695825,0,4695823,1028000,814,791.83,true
6488927000,4696637,4695825,0,4695823,6489946000,4697450,4696638,0,4696636,1019000,813,797.84,false
6489946000,4697450,4696638,0,4696636,6490972000,4698263,4697451,0,4697449,1026000,813,792.40,false
6490972000,4698263,4697451,0,4697449,6492002000,4699076,4698264,0,4698262,1030000,813,789.32,false
6492002000,4699076,4698264,0,4698262,6493031000,4699889,4699077,0,4699075,1029000,813,790.09,false
6493031000,4699889,4699077,0,4699075,6494059000,4700702,4699890,0,4699888,1028000,813,790.86,false
6494059000,4700702,4699890,0,4699888,6495087000,4701515,4700703,0,4700701,1028000,813,790.86,false
6495087000,4701515,4700703,0,4700701,6496115000,4702328,4701516,0,4701514,1028000,813,790.86,false
6496115000,4702328,4701516,0,4701514,6497143000,4703141,4702329,0,4702327,1028000,813,790.86,false
6497143000,4703141,4702329,0,4702327,6498171000,4703954,4703142,0,4703140,1028000,813,790.86,false
6498171000,4703954,4703142,0,4703140,6499277000,4704767,4703955,0,4703953,1106000,813,735.08,false
6499277000,4704767,4703955,0,4703953,6500292000,4705580,4704768,0,4704766,1015000,813,800.99,false
6500292000,4705580,4704768,0,4704766,6501316000,4706393,4705581,0,4705579,1024000,813,793.95,false
6501316000,4706393,4705581,0,4705579,6502345000,4707206,4706394,0,4706392,1029000,813,790.09,false
6502345000,4707206,4706394,0,4706392,6503374000,4708019,4707207,0,4707205,1029000,813,790.09,false
6503374000,4708019,4707207,0,4707205,6504403000,4708832,4708020,0,4708018,1029000,813,790.09,false
6504403000,4708832,4708020,0,4708018,6505431000,4709645,4708833,0,4708831,1028000,813,790.86,false
6505431000,4709645,4708833,0,4708831,6506459000,4710458,4709646,0,4709644,1028000,813,790.86,false
6506459000,4710458,4709646,0,4709644,6507487000,4711271,4710459,0,4710457,1028000,813,790.86,false
6508451000,4712032,4711220,0,4711218,6509480000,4712845,4712033,0,4712031,1029000,813,790.09,false
6509480000,4712845,4712033,0,4712031,6510508000,4713658,4712846,0,4712844,1028000,813,790.86,false
6510508000,4713658,4712846,0,4712844,6511536000,4714560,4713659,0,4713657,1028000,813,790.86,true
6511536000,4714560,4713659,0,4713657,6512598000,4715462,4714561,0,4714559,1062000,902,849.34,true
6512598000,4715462,4714561,0,4714559,6513671000,4716275,4715463,0,4715461,1073000,902,840.63,true
6513671000,4716275,4715463,0,4715461,6514699000,4717088,4716276,0,4716274,1028000,813,790.86,true
6514699000,4717088,4716276,0,4716274,6515719000,4717901,4717089,0,4717087,1020000,813,797.06,false
6515719000,4717901,4717089,0,4717087,6516745000,4718714,4717902,0,4717900,1026000,813,792.40,false
6516745000,4718714,4717902,0,4717900,6517774000,4719527,4718715,0,4718713,1029000,813,790.09,false
6517774000,4719527,4718715,0,4718713,6518803000,4720340,4719528,0,4719526,1029000,813,790.09,false
6518803000,4720340,4719528,0,4719526,6519831000,4721153,4720341,0,4720339,1028000,813,790.86,false
6519831000,4721153,4720341,0,4720339,6520859000,4721966,4721154,0,4721152,1028000,813,790.86,false
6520859000,4721966,4721154,0,4721152,6521887000,4722779,4721967,0,4721965,1028000,813,790.86,false
6521887000,4722779,4721967,0,4721965,6522983000,4723592,4722780,0,4722778,1096000,813,741.79,false
6522983000,4723592,4722780,0,4722778,6524011000,4724405,4723593,0,4723591,1028000,813,790.86,false
6524011000,4724405,4723593,0,4723591,6525035000,4725218,4724406,0,4724404,1024000,813,793.95,false
6525035000,4725218,4724406,0,4724404,6526063000,4726031,4725219,0,4725217,1028000,813,790.86,false
6526063000,4726031,4725219,0,4725217,6527092000,4726844,4726032,0,4726030,1029000,813,790.09,false
6527092000,4726844,4726032,0,4726030,6528120000,4727657,4726845,0,4726843,1028000,813,790.86,false
6528120000,4727657,4726845,0,4726843,6529148000,4728470,4727658,0,4727656,1028000,813,790.86,false
6529148000,4728470,4727658,0,4727656,6530176000,4729283,4728471,0,4728469,1028000,813,790.86,false
6530176000,4729283,4728471,0,4728469,6531204000,4730096,4729284,0,4729282,1028000,813,790.86,false
6531204000,4730096,4729284,0,4729282,6532232000,4730909,4730097,0,4730095,1028000,813,790.86,false
6532232000,4730909,4730097,0,4730095,6533260000,4731722,4730910,0,4730908,1028000,813,790.86,false
6534219000,4732480,4731668,0,4731666,6535247000,4733293,4732481,0,4732479,1028000,813,790.86,false
6535247000,4733293,4732481,0,4732479,6536276000,4734106,4733294,0,4733292,1029000,813,790.09,false
6536276000,4734106,4733294,0,4733292,6537304000,4735008,4734107,0,4734105,1028000,813,790.86,true
6537304000,4735008,4734107,0,4734105,6538367000,4735910,4735009,0,4735007,1063000,902,848.54,true
6538367000,4735910,4735009,0,4735007,6539440000,4736723,4735911,0,4735909,1073000,902,840.63,true
6539440000,4736723,4735911,0,4735909,6540468000,4737536,4736724,0,4736722,1028000,813,790.86,true
6540468000,4737536,4736724,0,4736722,6541487000,4738349,4737537,0,4737535,1019000,813,797.84,false
6541487000,4738349,4737537,0,4737535,6542513000,4739162,4738350,0,4738348,1026000,813,792.40,false
6542513000,4739162,4738350,0,4738348,6543542000,4739975,4739163,0,4739161,1029000,813,790.09,false
6543542000,4739975,4739163,0,4739161,6544571000,4740788,4739976,0,4739974,1029000,813,790.09,false
6544571000,4740788,4739976,0,4739974,6545599000,4741601,4740789,0,4740787,1028000,813,790.86,false
6545599000,4741601,4740789,0,4740787,6546683000,4742414,4741602,0,4741600,1084000,813,750.00,false
6546683000,4742414,4741602,0,4741600,6547718000,4743227,4742415,0,4742413,1035000,813,785.51,false
6547718000,4743227,4742415,0,4742413,6548745000,4744040,4743228,0,4743226,1027000,813,791.63,false
6548745000,4744040,4743228,0,4743226,6549772000,4744853,4744041,0,4744039,1027000,813,791.63,false
6549772000,4744853,4744041,0,4744039,6550800000,4745666,4744854,0,4744852,1028000,813,790.86,false
6550800000,4745666,4744854,0,4744852,6551829000,4746479,4745667,0,4745665,1029000,813,790.09,false
6551829000,4746479,4745667,0,4745665,6552857000,4747292,4746480,0,4746478,1028000,813,790.86,false
6552857000,4747292,4746480,0,4746478,6553885000,4748105,4747293,0,4747291,1028000,813,790.86,false
6553885000,4748105,4747293,0,4747291,6554914000,4748918,4748106,0,4748104,1029000,813,790.09,false
6554914000,4748918,4748106,0,4748104,6555942000,4749731,4748919,0,4748917,1028000,813,790.86,false
6555942000,4749731,4748919,0,4748917,6556970000,4750544,4749732,0,4749730,1028000,813,790.86,false
6556970000,4750544,4749732,0,4749730,6557999000,4751357,4750545,0,4750543,1029000,813,790.09,false
6557999000,4751357,4750545,0,4750543,6559027000,4752170,4751358,0,4751356,1028000,813,790.86,false
6559981000,4752925,4752113,0,4752111,6561009000,4753738,4752926,0,4752924,1028000,813,790.86,false
6561009000,4753738,4752926,0,4752924,6562037000,4754551,4753739,0,4753737,1028000,813,790.86,false
6562037000,4754551,4753739,0,4753737,6563066000,4755453,4754552,0,4754550,1029000,813,790.09,true
6563066000,4755453,4754552,0,4754550,6564129000,4756355,4755454,0,4755452,1063000,902,848.54,true
6564129000,4756355,4755454,0,4755452,6565202000,4757168,4756356,0,4756354,1073000,902,840.63,true
6565202000,4757168,4756356,0,4756354,6566230000,4757981,4757169,0,4757167,1028000,813,790.86,true
6566230000,4757981,4757169,0,4757167,6567250000,4758794,4757982,0,4757980,1020000,813,797.06,false
6567250000,4758794,4757982,0,4757980,6568276000,4759607,4758795,0,4758793,1026000,813,792.40,false
6568276000,4759607,4758795,0,4758793,6569344000,4760420,4759608,0,4759606,1068000,813,761.24,false
6569344000,4760420,4759608,0,4759606,6570381000,4761233,4760421,0,4760419,1037000,813,783.99,false
6570381000,4761233,4760421,0,4760419,6571417000,4762046,4761234,0,4761232,1036000,813,784.75,false
6571417000,4762046,4761234,0,4761232,6572446000,4762859,4762047,0,4762045,1029000,813,790.09,false
6572446000,4762859,4762047,0,4762045,6573474000,4763672,4762860,0,4762858,1028000,813,790.86,false
6573474000,4763672,4762860,0,4762858,6574502000,4764485,4763673,0,4763671,1028000,813,790.86,false
6574502000,4764485,4763673,0,4763671,6575530000,4765298,4764486,0,4764484,1028000,813,790.86,false
6575530000,4765298,4764486,0,4764484,6576558000,4766111,4765299,0,4765297,1028000,813,790.86,false
6576558000,4766111,4765299,0,4765297,6577586000,4766924,4766112,0,4766110,1028000,813,790.86,false
6577586000,4766924,4766112,0,4766110,6578614000,4767737,4766925,0,4766923,1028000,813,790.86,false
6578614000,4767737,4766925,0,4766923,6579642000,4768550,4767738,0,4767736,1028000,813,790.86,false
6579642000,4768550,4767738,0,4767736,6580670000,4769363,4768551,0,4768549,1028000,813,790.86,false
6580670000,4769363,4768551,0,4768549,6581698000,4770176,4769364,0,4769362,1028000,813,790.86,false
6581698000,4770176,4769364,0,4769362,6582726000,4770989,4770177,0,4770175,1028000,813,790.86,false
6582726000,4770989,4770177,0,4770175,6583754000,4771802,4770990,0,4770988,1028000,813,790.86,false
6583754000,4771802,4770990,0,4770988,6584782000,4772615,4771803,0,4771801,1028000,813,790.86,false
6585685000,4773329,4772517,0,4772515,6586714000,4774142,4773330,0,4773328,1029000,813,790.09,false
6586714000,4774142,4773330,0,4773328,6587742000,4774955,4774143,0,4774141,1028000,813,790.86,false
6587742000,4774955,4774143,0,4774141,6588771000,4775857,4774956,0,4774954,1029000,813,790.09,true
6588771000,4775857,4774956,0,4774954,6589834000,4776759,4775858,0,4775856,1063000,902,848.54,true
6589834000,4776759,4775858,0,4775856,6590907000,4777572,4776760,0,4776758,1073000,902,840.63,true
6590907000,4777572,4776760,0,4776758,6591935000,4778385,4777573,0,4777571,1028000,813,790.86,true
6591935000,4778385,4777573,0,4777571,6592982000,4779198,4778386,0,4778384,1047000,813,776.50,false
6592982000,4779198,4778386,0,4778384,6594029000,4780011,4779199,0,4779197,1047000,813,776.50,false
6594029000,4780011,4779199,0,4779197,6595083000,4780824,4780012,0,4780010,1054000,813,771.35,false
6595083000,4780824,4780012,0,4780010,6596141000,4781637,4780825,0,4780823,1058000,813,768.43,false
6596141000,4781637,4780825,0,4780823,6597198000,4782450,4781638,0,4781636,1057000,813,769.16,false
6597198000,4782450,4781638,0,4781636,6598255000,4783263,4782451,0,4782449,1057000,813,769.16,false
6598255000,4783263,4782451,0,4782449,6599311000,4784076,4783264,0,4783262,1056000,813,769.89,false
6599311000,4784076,4783264,0,4783262,6600367000,4784889,4784077,0,4784075,1056000,813,769.89,false
6600367000,4784889,4784077,0,4784075,6601423000,4785702,4784890,0,4784888,1056000,813,769.89,false
6601423000,4785702,4784890,0,4784888,6602479000,4786515,4785703,0,4785701,1056000,813,769.89,false
6602479000,4786515,4785703,0,4785701,6603535000,4787328,4786516,0,4786514,1056000,813,769.89,false
6603535000,4787328,4786516,0,4786514,6604591000,4788141,4787329,0,4787327,1056000,813,769.89,false
6604591000,4788141,4787329,0,4787327,6605647000,4788954,4788142,0,4788140,1056000,813,769.89,false
6605647000,4788954,4788142,0,4788140,6606703000,4789767,4788955,0,4788953,1056000,813,769.89,false
6606703000,4789767,4788955,0,4788953,6607759000,4790580,4789768,0,4789766,1056000,813,769.89,false
6607759000,4790580,4789768,0,4789766,6608815000,4791393,4790581,0,4790579,1056000,813,769.89,false
6608815000,4791393,4790581,0,4790579,6609871000,4792206,4791394,0,4791392,1056000,813,769.89,false
6609871000,4792206,4791394,0,4791392,6610927000,4793019,4792207,0,4792205,1056000,813,769.89,false
6610927000,4793019,4792207,0,4792205,6611983000,4793832,4793020,0,4793018,1056000,813,769.89,false
6612962000,4794586,4793774,0,4793772,6614018000,4795399,4794587,0,4794585,1056000,813,769.89,false
6614018000,4795399,4794587,0,4794585,6615074000,4796212,4795400,0,4795398,1056000,813,769.89,false
6615074000,4796212,4795400,0,4795398,6616130000,4797198,4796213,0,4796211,1056000,813,769.89,true
6616130000,4797198,4796213,0,4796211,6617295000,4798184,4797199,0,4797197,1165000,986,846.35,true
6617295000,4798184,4797199,0,4797197,6618449000,4798997,4798185,0,4798183,1154000,986,854.42,true
6618449000,4798997,4798185,0,4798183,6619611000,4799779,4798998,0,4798996,1162000,813,699.66,true
6619611000,4799779,4798998,0,4798996,6620620000,4800561,4799780,0,4799778,1009000,782,775.02,false
6620620000,4800561,4799780,0,4799778,6621652000,4801343,4800562,0,4800560,1032000,782,757.75,false
6621652000,4801343,4800562,0,4800560,6622698000,4802125,4801344,0,4801342,1046000,782,747.61,false
6622698000,4802125,4801344,0,4801342,6623742000,4802907,4802126,0,4802124,1044000,782,749.04,false
6623742000,4802907,4802126,0,4802124,6624786000,4803689,4802908,0,4802906,1044000,782,749.04,false
6624786000,4803689,4802908,0,4802906,6625829000,4804471,4803690,0,4803688,1043000,782,749.76,false
6625829000,4804471,4803690,0,4803688,6626872000,4805253,4804472,0,4804470,1043000,782,749.76,false
6626872000,4805253,4804472,0,4804470,6627915000,4806035,4805254,0,4805252,1043000,782,749.76,false
6627915000,4806035,4805254,0,4805252,6628958000,4806817,4806036,0,4806034,1043000,782,749.76,false
6628958000,4806817,4806036,0,4806034,6630001000,4807599,4806818,0,4806816,1043000,782,749.76,false
6630001000,4807599,4806818,0,4806816,6631044000,4808381,4807600,0,4807598,1043000,782,749.76,false
6631044000,4808381,4807600,0,4807598,6632087000,4809163,4808382,0,4808380,1043000,782,749.76,false
6632087000,4809163,4808382,0,4808380,6633130000,4809945,4809164,0,4809162,1043000,782,749.76,false
6633130000,4809945,4809164,0,4809162,6634173000,4810727,4809946,0,4809944,1043000,782,749.76,false
6634173000,4810727,4809946,0,4809944,6635216000,4811509,4810728,0,4810726,1043000,782,749.76,false
6635216000,4811509,4810728,0,4810726,6636259000,4812291,4811510,0,4811508,1043000,782,749.76,false
6636259000,4812291,4811510,0,4811508,6637302000,4813073,4812292,0,4812290,1043000,782,749.76,false
6637302000,4813073,4812292,0,4812290,6638345000,4813855,4813074,0,4813072,1043000,782,749.76,false
6638345000,4813855,4813074,0,4813072,6639388000,4814637,4813856,0,4813854,1043000,782,749.76,false
6640237000,4815273,4814492,0,4814490,6641280000,4816055,4815274,0,4815272,1043000,782,749.76,false
6641280000,4816055,4815274,0,4815272,6642323000,4816837,4816056,0,4816054,1043000,782,749.76,false
6642323000,4816837,4816056,0,4816054,6643465000,4817748,4816838,0,4816836,1142000,782,684.76,true
6643465000,4817748,4816838,0,4816836,6644559000,4818659,4817749,0,4817747,1094000,911,832.72,true
6644559000,4818659,4817749,0,4817747,6645657000,4819441,4818660,0,4818658,1098000,911,829.69,true
6645657000,4819441,4818660,0,4818658,6646688000,4820223,4819442,0,4819440,1031000,782,758.49,true
6646688000,4820223,4819442,0,4819440,6647701000,4821005,4820224,0,4820222,1013000,782,771.96,false
6647701000,4821005,4820224,0,4820222,6648725000,4821787,4821006,0,4821004,1024000,782,763.67,false
6648725000,4821787,4821006,0,4821004,6649755000,4822569,4821788,0,4821786,1030000,782,759.22,false
6649755000,4822569,4821788,0,4821786,6650785000,4823351,4822570,0,4822568,1030000,782,759.22,false
6650785000,4823351,4822570,0,4822568,6651814000,4824133,4823352,0,4823350,1029000,782,759.96,false
6651814000,4824133,4823352,0,4823350,6652843000,4824915,4824134,0,4824132,1029000,782,759.96,false
6652843000,4824915,4824134,0,4824132,6653872000,4825697,4824916,0,4824914,1029000,782,759.96,false
6653872000,4825697,4824916,0,4824914,6654901000,4826479,4825698,0,4825696,1029000,782,759.96,false
6654901000,4826479,4825698,0,4825696,6655930000,4827261,4826480,0,4826478,1029000,782,759.96,false
6655930000,4827261,4826480,0,4826478,6656959000,4828043,4827262,0,4827260,1029000,782,759.96,false
6656959000,4828043,4827262,0,4827260,6657988000,4828825,4828044,0,4828042,1029000,782,759.96,false
6657988000,4828825,4828044,0,4828042,6659017000,4829607,4828826,0,4828824,1029000,782,759.96,false
6659017000,4829607,4828826,0,4828824,6660046000,4830389,4829608,0,4829606,1029000,782,759.96,false
6660046000,4830389,4829608,0,4829606,6661075000,4831171,4830390,0,4830388,1029000,782,759.96,false
6661075000,4831171,4830390,0,4830388,6662104000,4831953,4831172,0,4831170,1029000,782,759.96,false
6662104000,4831953,4831172,0,4831170,6663133000,4832735,4831954,0,4831952,1029000,782,759.96,false
6663133000,4832735,4831954,0,4831952,6664162000,4833517,4832736,0,4832734,1029000,782,759.96,false
6664162000,4833517,4832736,0,4832734,6665191000,4834299,4833518,0,4833516,1029000,782,759.96,false
6665903000,4834841,4834060,0,4834058,6666960000,4835623,4834842,0,4834840,1057000,782,739.83,false
6666960000,4835623,4834842,0,4834840,6668014000,4836405,4835624,0,4835622,1054000,782,741.94,false
6668014000,4836405,4835624,0,4835622,6669052000,4837217,4836406,0,4836404,1038000,782,753.37,true
6669052000,4837217,4836406,0,4836404,6670092000,4838029,4837218,0,4837216,1040000,812,780.77,true
6670092000,4838029,4837218,0,4837216,6671131000,4838841,4838030,0,4838028,1039000,812,781.52,true
6671131000,4838841,4838030,0,4838028,6672168000,4839623,4838842,0,4838840,1037000,812,783.03,true
6672168000,4839623,4838842,0,4838840,6673201000,4840410,4839624,0,4839622,1033000,782,757.02,true
6673201000,4840410,4839624,0,4839622,6674230000,4841197,4840411,0,4840409,1029000,787,764.82,false
6674230000,4841197,4840411,0,4840409,6675257000,4841984,4841198,0,4841196,1027000,787,766.31,false
6675257000,4841984,4841198,0,4841196,6676284000,4842771,4841985,0,4841983,1027000,787,766.31,false
6676284000,4842771,4841985,0,4841983,6677312000,4843558,4842772,0,4842770,1028000,787,765.56,false
6677312000,4843558,4842772,0,4842770,6678340000,4844345,4843559,0,4843557,1028000,787,765.56,false
6678340000,4844345,4843559,0,4843557,6679368000,4845132,4844346,0,4844344,1028000,787,765.56,false
6679368000,4845132,4844346,0,4844344,6680396000,4845919,4845133,0,4845131,1028000,787,765.56,false
6680396000,4845919,4845133,0,4845131,6681424000,4846706,4845920,0,4845918,1028000,787,765.56,false
6681424000,4846706,4845920,0,4845918,6682452000,4847493,4846707,0,4846705,1028000,787,765.56,false
6682452000,4847493,4846707,0,4846705,6683480000,4848280,4847494,0,4847492,1028000,787,765.56,false
6683480000,4848280,4847494,0,4847492,6684508000,4849067,4848281,0,4848279,1028000,787,765.56,false
6684508000,4849067,4848281,0,4848279,6685536000,4849854,4849068,0,4849066,1028000,787,765.56,false
6685536000,4849854,4849068,0,4849066,6686564000,4850641,4849855,0,4849853,1028000,787,765.56,false
6686564000,4850641,4849855,0,4849853,6687592000,4851428,4850642,0,4850640,1028000,787,765.56,false
6687592000,4851428,4850642,0,4850640,6688620000,4852215,4851429,0,4851427,1028000,787,765.56,false
6688620000,4852215,4851429,0,4851427,6689648000,4853002,4852216,0,4852214,1028000,787,765.56,false
6689648000,4853002,4852216,0,4852214,6690737000,4853789,4853003,0,4853001,1089000,787,722.68,false
6691766000,4854576,4853790,0,4853788,6692787000,4855363,4854577,0,4854575,1021000,787,770.81,false
6692787000,4855363,4854577,0,4854575,6693810000,4856150,4855364,0,4855362,1023000,787,769.31,false
6693810000,4856150,4855364,0,4855362,6694835000,4856990,4856151,0,4856149,1025000,787,767.80,true
6694835000,4856990,4856151,0,4856149,6695875000,4857830,4856991,0,4856989,1040000,840,807.69,true
6695875000,4857830,4856991,0,4856989,6696922000,4858617,4857831,0,4857829,1047000,840,802.29,true
6696922000,4858617,4857831,0,4857829,6697941000,4859416,4858618,0,4858616,1019000,787,772.33,true
6697941000,4859416,4858618,0,4858616,6698967000,4860215,4859417,0,4859415,1026000,799,778.75,false
6698967000,4860215,4859417,0,4859415,6699997000,4861014,4860216,0,4860214,1030000,799,775.73,false
6699997000,4861014,4860216,0,4860214,6701027000,4861813,4861015,0,4861013,1030000,799,775.73,false
6701027000,4861813,4861015,0,4861013,6702056000,4862612,4861814,0,4861812,1029000,799,776.48,false
6702056000,4862612,4861814,0,4861812,6703085000,4863411,4862613,0,4862611,1029000,799,776.48,false
6703085000,4863411,4862613,0,4862611,6704114000,4864210,4863412,0,4863410,1029000,799,776.48,false
6704114000,4864210,4863412,0,4863410,6705143000,4865009,4864211,0,4864209,1029000,799,776.48,false
6705143000,4865009,4864211,0,4864209,6706172000,4865808,4865010,0,4865008,1029000,799,776.48,false
6706172000,4865808,4865010,0,4865008,6707201000,4866607,4865809,0,4865807,1029000,799,776.48,false
6707201000,4866607,4865809,0,4865807,6708230000,4867406,4866608,0,4866606,1029000,799,776.48,false
6708230000,4867406,4866608,0,4866606,6709259000,4868205,4867407,0,4867405,1029000,799,776.48,false
6709259000,4868205,4867407,0,4867405,6710288000,4869004,4868206,0,4868204,1029000,799,776.48,false
6710288000,4869004,4868206,0,4868204,6711317000,4869803,4869005,0,4869003,1029000,799,776.48,false
6711317000,4869803,4869005,0,4869003,6712346000,4870602,4869804,0,4869802,1029000,799,776.48,false
6712346000,4870602,4869804,0,4869802,6713441000,4871401,4870603,0,4870601,1095000,799,729.68,false
6713441000,4871401,4870603,0,4870601,6714458000,4872200,4871402,0,4871400,1017000,799,785.64,false
6714458000,4872200,4871402,0,4871400,6715490000,4872999,4872201,0,4872199,1032000,799,774.22,false
6715490000,4872999,4872201,0,4872199,6716519000,4873798,4873000,0,4872998,1029000,799,776.48,false
6717326000,4874426,4873628,0,4873626,6718352000,4875225,4874427,0,4874425,1026000,799,778.75,false
6718352000,4875225,4874427,0,4874425,6719378000,4876024,4875226,0,4875224,1026000,799,778.75,false
6719378000,4876024,4875226,0,4875224,6720404000,4876901,4876025,0,4876023,1026000,799,778.75,true
6720404000,4876901,4876025,0,4876023,6721457000,4877778,4876902,0,4876900,1053000,877,832.86,true
6721457000,4877778,4876902,0,4876900,6722519000,4878577,4877779,0,4877777,1062000,877,825.80,true
6722519000,4878577,4877779,0,4877777,6723546000,4879381,4878578,0,4878576,1027000,799,777.99,true
6723546000,4879381,4878578,0,4878576,6724566000,4880185,4879382,0,4879380,1020000,804,788.24,false
6724566000,4880185,4879382,0,4879380,6725592000,4880989,4880186,0,4880184,1026000,804,783.63,false
6725592000,4880989,4880186,0,4880184,6726620000,4881793,4880990,0,4880988,1028000,804,782.10,false
6726620000,4881793,4880990,0,4880988,6727649000,4882597,4881794,0,4881792,1029000,804,781.34,false
6727649000,4882597,4881794,0,4881792,6728677000,4883401,4882598,0,4882596,1028000,804,782.10,false
6728677000,4883401,4882598,0,4882596,6729705000,4884205,4883402,0,4883400,1028000,804,782.10,false
6729705000,4884205,4883402,0,4883400,6730733000,4885009,4884206,0,4884204,1028000,804,782.10,false
6730733000,4885009,4884206,0,4884204,6731761000,4885813,4885010,0,4885008,1028000,804,782.10,false
6731761000,4885813,4885010,0,4885008,6732789000,4886617,4885814,0,4885812,1028000,804,782.10,false
6732789000,4886617,4885814,0,4885812,6733817000,4887421,4886618,0,4886616,1028000,804,782.10,false
6733817000,4887421,4886618,0,4886616,6734845000,4888225,4887422,0,4887420,1028000,804,782.10,false
6734845000,4888225,4887422,0,4887420,6735873000,4889029,4888226,0,4888224,1028000,804,782.10,false
6735873000,4889029,4888226,0,4888224,6736971000,4889833,4889030,0,4889028,1098000,804,732.24,false
6736971000,4889833,4889030,0,4889028,6737985000,4890637,4889834,0,4889832,1014000,804,792.90,false
6737985000,4890637,4889834,0,4889832,6739014000,4891441,4890638,0,4890636,1029000,804,781.34,false
6739014000,4891441,4890638,0,4890636,6740044000,4892245,4891442,0,4891440,1030000,804,780.58,false
6740044000,4892245,4891442,0,4891440,6741073000,4893049,4892246,0,4892244,1029000,804,781.34,false
6741073000,4893049,4892246,0,4892244,6742101000,4893853,4893050,0,4893048,1028000,804,782.10,false
6742896000,4894475,4893672,0,4893670,6743924000,4895279,4894476,0,4894474,1028000,804,782.10,false
6743924000,4895279,4894476,0,4894474,6744952000,4896083,4895280,0,4895278,1028000,804,782.10,false
6744952000,4896083,4895280,0,4895278,6745980000,4896975,4896084,0,4896082,1028000,804,782.10,true
6745980000,4896975,4896084,0,4896082,6747041000,4897867,4896976,0,4896974,1061000,892,840.72,true
6747041000,4897867,4896976,0,4896974,6748111000,4898671,4897868,0,4897866,1070000,892,833.64,true
6748111000,4898671,4897868,0,4897866,6749141000,4899476,4898672,0,4898670,1030000,804,780.58,true
6749141000,4899476,4898672,0,4898670,6750161000,4900281,4899477,0,4899475,1020000,805,789.22,false
6750161000,4900281,4899477,0,4899475,6751186000,4901086,4900282,0,4900280,1025000,805,785.37,false
6751186000,4901086,4900282,0,4900280,6752215000,4901891,4901087,0,4901085,1029000,805,782.31,false
6752215000,4901891,4901087,0,4901085,6753244000,4902696,4901892,0,4901890,1029000,805,782.31,false
6753244000,4902696,4901892,0,4901890,6754272000,4903501,4902697,0,4902695,1028000,805,783.07,false
6754272000,4903501,4902697,0,4902695,6755300000,4904306,4903502,0,4903500,1028000,805,783.07,false
6755300000,4904306,4903502,0,4903500,6756328000,4905111,4904307,0,4904305,1028000,805,783.07,false
6756328000,4905111,4904307,0,4904305,6757356000,4905916,4905112,0,4905110,1028000,805,783.07,false
6757356000,4905916,4905112,0,4905110,6758384000,4906721,4905917,0,4905915,1028000,805,783.07,false
6758384000,4906721,4905917,0,4905915,6759412000,4907526,4906722,0,4906720,1028000,805,783.07,false
6759412000,4907526,4906722,0,4906720,6760514000,4908331,4907527,0,4907525,1102000,805,730.49,false
6760514000,4908331,4907527,0,4907525,6761528000,4909136,4908332,0,4908330,1014000,805,793.89,false
6761528000,4909136,4908332,0,4908330,6762558000,4909941,4909137,0,4909135,1030000,805,781.55,false
6762558000,4909941,4909137,0,4909135,6763589000,4910746,4909942,0,4909940,1031000,805,780.80,false
6763589000,4910746,4909942,0,4909940,6764618000,4911551,4910747,0,4910745,1029000,805,782.31,false
6764618000,4911551,4910747,0,4910745,6765646000,4912356,4911552,0,4911550,1028000,805,783.07,false
6765646000,4912356,4911552,0,4911550,6766674000,4913161,4912357,0,4912355,1028000,805,783.07,false
6766674000,4913161,4912357,0,4912355,6767702000,4913966,4913162,0,4913160,1028000,805,783.07,false
6768632000,4914694,4913890,0,4913888,6769660000,4915499,4914695,0,4914693,1028000,805,783.07,false
6769660000,4915499,4914695,0,4914693,6770688000,4916304,4915500,0,4915498,1028000,805,783.07,false
6770688000,4916304,4915500,0,4915498,6771716000,4917197,4916305,0,4916303,1028000,805,783.07,true
6771716000,4917197,4916305,0,4916303,6772778000,4918090,4917198,0,4917196,1062000,893,840.87,true
6772778000,4918090,4917198,0,4917196,6773849000,4918895,4918091,0,4918089,1071000,893,833.80,true
6773849000,4918895,4918091,0,4918089,6774878000,4919701,4918896,0,4918894,1029000,805,782.31,true
6774878000,4919701,4918896,0,4918894,6775898000,4920507,4919702,0,4919700,1020000,806,790.20,false
6775898000,4920507,4919702,0,4919700,6776924000,4921313,4920508,0,4920506,1026000,806,785.58,false
6776924000,4921313,4920508,0,4920506,6777954000,4922119,4921314,0,4921312,1030000,806,782.52,false
6777954000,4922119,4921314,0,4921312,6778983000,4922925,4922120,0,4922118,1029000,806,783.28,false
6778983000,4922925,4922120,0,4922118,6780012000,4923731,4922926,0,4922924,1029000,806,783.28,false
6780012000,4923731,4922926,0,4922924,6781041000,4924537,4923732,0,4923730,1029000,806,783.28,false
6781041000,4924537,4923732,0,4923730,6782070000,4925343,4924538,0,4924536,1029000,806,783.28,false
6782070000,4925343,4924538,0,4924536,6783099000,4926149,4925344,0,4925342,1029000,806,783.28,false
6783099000,4926149,4925344,0,4925342,6784203000,4926955,4926150,0,4926148,1104000,806,730.07,false
6784203000,4926955,4926150,0,4926148,6785220000,4927761,4926956,0,4926954,1017000,806,792.53,false
6785220000,4927761,4926956,0,4926954,6786247000,4928567,4927762,0,4927760,1027000,806,784.81,false
6786247000,4928567,4927762,0,4927760,6787277000,4929373,4928568,0,4928566,1030000,806,782.52,false
6787277000,4929373,4928568,0,4928566,6788306000,4930179,4929374,0,4929372,1029000,806,783.28,false
6788306000,4930179,4929374,0,4929372,6789335000,4930985,4930180,0,4930178,1029000,806,783.28,false
6789335000,4930985,4930180,0,4930178,6790364000,4931791,4930986,0,4930984,1029000,806,783.28,false
6790364000,4931791,4930986,0,4930984,6791393000,4932597,4931792,0,4931790,1029000,806,783.28,false
6791393000,4932597,4931792,0,4931790,6792422000,4933403,4932598,0,4932596,1029000,806,783.28,false
6792422000,4933403,4932598,0,4932596,6793451000,4934209,4933404,0,4933402,1029000,806,783.28,false
6794358000,4934919,4934114,0,4934112,6795387000,4935725,4934920,0,4934918,1029000,806,783.28,false
6795387000,4935725,4934920,0,4934918,6796416000,4936531,4935726,0,4935724,1029000,806,783.28,false
6796416000,4936531,4935726,0,4935724,6797445000,4937428,4936532,0,4936530,1029000,806,783.28,true
6797445000,4937428,4936532,0,4936530,6798508000,4938325,4937429,0,4937427,1063000,897,843.84,true
6798508000,4938325,4937429,0,4937427,6799581000,4939131,4938326,0,4938324,1073000,897,835.97,true
6799581000,4939131,4938326,0,4938324,6800610000,4939938,4939132,0,4939130,1029000,806,783.28,true
6800610000,4939938,4939132,0,4939130,6801630000,4940745,4939939,0,4939937,1020000,807,791.18,false
6801630000,4940745,4939939,0,4939937,6802657000,4941552,4940746,0,4940744,1027000,807,785.78,false
6802657000,4941552,4940746,0,4940744,6803687000,4942359,4941553,0,4941551,1030000,807,783.50,false
6803687000,4942359,4941553,0,4941551,6804716000,4943166,4942360,0,4942358,1029000,807,784.26,false
6804716000,4943166,4942360,0,4942358,6805745000,4943973,4943167,0,4943165,1029000,807,784.26,false
6805745000,4943973,4943167,0,4943165,6806774000,4944780,4943974,0,4943972,1029000,807,784.26,false
6806774000,4944780,4943974,0,4943972,6807882000,4945587,4944781,0,4944779,1108000,807,728.34,false
6807882000,4945587,4944781,0,4944779,6808897000,4946394,4945588,0,4945586,1015000,807,795.07,false
6808897000,4946394,4945588,0,4945586,6809923000,4947201,4946395,0,4946393,1026000,807,786.55,false
6809923000,4947201,4946395,0,4946393,6810953000,4948008,4947202,0,4947200,1030000,807,783.50,false
6810953000,4948008,4947202,0,4947200,6811983000,4948815,4948009,0,4948007,1030000,807,783.50,false
6811983000,4948815,4948009,0,4948007,6813012000,4949622,4948816,0,4948814,1029000,807,784.26,false
6813012000,4949622,4948816,0,4948814,6814041000,4950429,4949623,0,4949621,1029000,807,784.26,false
6814041000,4950429,4949623,0,4949621,6815070000,4951236,4950430,0,4950428,1029000,807,784.26,false
6815070000,4951236,4950430,0,4950428,6816099000,4952043,4951237,0,4951235,1029000,807,784.26,false
6816099000,4952043,4951237,0,4951235,6817128000,4952850,4952044,0,4952042,1029000,807,784.26,false
6817128000,4952850,4952044,0,4952042,6818157000,4953657,4952851,0,4952849,1029000,807,784.26,false
6818157000,4953657,4952851,0,4952849,6819186000,4954464,4953658,0,4953656,1029000,807,784.26,false
6820129000,4955203,4954397,0,4954395,6821158000,4956010,4955204,0,4955202,1029000,807,784.26,false
6821158000,4956010,4955204,0,4955202,6822187000,4956817,4956011,0,4956009,1029000,807,784.26,false
6822187000,4956817,4956011,0,4956009,6823216000,4957715,4956818,0,4956816,1029000,807,784.26,true
6823216000,4957715,4956818,0,4956816,6824279000,4958613,4957716,0,4957714,1063000,898,844.78,true
6824279000,4958613,4957716,0,4957714,6825353000,4959420,4958614,0,4958612,1074000,898,836.13,true
6825353000,4959420,4958614,0,4958612,6826383000,4960227,4959421,0,4959419,1030000,807,783.50,true
6826383000,4960227,4959421,0,4959419,6827403000,4961034,4960228,0,4960226,1020000,807,791.18,false
6827403000,4961034,4960228,0,4960226,6828430000,4961841,4961035,0,4961033,1027000,807,785.78,false
6828430000,4961841,4961035,0,4961033,6829460000,4962648,4961842,0,4961840,1030000,807,783.50,false
6829460000,4962648,4961842,0,4961840,6830489000,4963455,4962649,0,4962647,1029000,807,784.26,false
6830489000,4963455,4962649,0,4962647,6831604000,4964262,4963456,0,4963454,1115000,807,723.77,false
6831604000,4964262,4963456,0,4963454,6832615000,4965069,4964263,0,4964261,1011000,807,798.22,false
6832615000,4965069,4964263,0,4964261,6833640000,4965876,4965070,0,4965068,1025000,807,787.32,false
6833640000,4965876,4965070,0,4965068,6834669000,4966683,4965877,0,4965875,1029000,807,784.26,false
6834669000,4966683,4965877,0,4965875,6835699000,4967490,4966684,0,4966682,1030000,807,783.50,false
6835699000,4967490,4966684,0,4966682,6836728000,4968297,4967491,0,4967489,1029000,807,784.26,false
6836728000,4968297,4967491,0,4967489,6837757000,4969104,4968298,0,4968296,1029000,807,784.26,false
6837757000,4969104,4968298,0,4968296,6838786000,4969911,4969105,0,4969103,1029000,807,784.26,false
6838786000,4969911,4969105,0,4969103,6839815000,4970718,4969912,0,4969910,1029000,807,784.26,false
6839815000,4970718,4969912,0,4969910,6840844000,4971525,4970719,0,4970717,1029000,807,784.26,false
6840844000,4971525,4970719,0,4970717,6841873000,4972332,4971526,0,4971524,1029000,807,784.26,false
6841873000,4972332,4971526,0,4971524,6842902000,4973139,4972333,0,4972331,1029000,807,784.26,false
6842902000,4973139,4972333,0,4972331,6843931000,4973946,4973140,0,4973138,1029000,807,784.26,false
6843931000,4973946,4973140,0,4973138,6844960000,4974753,4973947,0,4973945,1029000,807,784.26,false
6845961000,4975538,4974732,0,4974730,6846990000,4976345,4975539,0,4975537,1029000,807,784.26,false
6846990000,4976345,4975539,0,4975537,6848019000,4977152,4976346,0,4976344,1029000,807,784.26,false
6848019000,4977152,4976346,0,4976344,6849048000,4978050,4977153,0,4977151,1029000,807,784.26,true
6849048000,4978050,4977153,0,4977151,6850111000,4978948,4978051,0,4978049,1063000,898,844.78,true
6850111000,4978948,4978051,0,4978049,6851185000,4979755,4978949,0,4978947,1074000,898,836.13,true
6851185000,4979755,4978949,0,4978947,6852215000,4980562,4979756,0,4979754,1030000,807,783.50,true
6852215000,4980562,4979756,0,4979754,6853235000,4981369,4980563,0,4980561,1020000,807,791.18,false
6853235000,4981369,4980563,0,4980561,6854261000,4982176,4981370,0,4981368,1026000,807,786.55,false
6854261000,4982176,4981370,0,4981368,6855348000,4982983,4982177,0,4982175,1087000,807,742.41,false
6855348000,4982983,4982177,0,4982175,6856381000,4983790,4982984,0,4982982,1033000,807,781.22,false
6856381000,4983790,4982984,0,4982982,6857406000,4984597,4983791,0,4983789,1025000,807,787.32,false
6857406000,4984597,4983791,0,4983789,6858434000,4985404,4984598,0,4984596,1028000,807,785.02,false
6858434000,4985404,4984598,0,4984596,6859464000,4986211,4985405,0,4985403,1030000,807,783.50,false
6859464000,4986211,4985405,0,4985403,6860493000,4987018,4986212,0,4986210,1029000,807,784.26,false
6860493000,4987018,4986212,0,4986210,6861522000,4987825,4987019,0,4987017,1029000,807,784.26,false
6861522000,4987825,4987019,0,4987017,6862551000,4988632,4987826,0,4987824,1029000,807,784.26,false
6862551000,4988632,4987826,0,4987824,6863580000,4989439,4988633,0,4988631,1029000,807,784.26,false
6863580000,4989439,4988633,0,4988631,6864609000,4990246,4989440,0,4989438,1029000,807,784.26,false
6864609000,4990246,4989440,0,4989438,6865638000,4991053,4990247,0,4990245,1029000,807,784.26,false
6865638000,4991053,4990247,0,4990245,6866667000,4991860,4991054,0,4991052,1029000,807,784.26,false
6866667000,4991860,4991054,0,4991052,6867696000,4992667,4991861,0,4991859,1029000,807,784.26,false
6867696000,4992667,4991861,0,4991859,6868725000,4993474,4992668,0,4992666,1029000,807,784.26,false
6868725000,4993474,4992668,0,4992666,6869754000,4994281,4993475,0,4993473,1029000,807,784.26,false
6869754000,4994281,4993475,0,4993473,6870783000,4995088,4994282,0,4994280,1029000,807,784.26,false
6871713000,4995818,4995012,0,4995010,6872742000,4996625,4995819,0,4995817,1029000,807,784.26,false
6872742000,4996625,4995819,0,4995817,6873771000,4997432,4996626,0,4996624,1029000,807,784.26,false
6873771000,4997432,4996626,0,4996624,6874800000,4998330,4997433,0,4997431,1029000,807,784.26,true
6874800000,4998330,4997433,0,4997431,6875864000,4999228,4998331,0,4998329,1064000,898,843.98,true
6875864000,4999228,4998331,0,4998329,6876939000,5000035,4999229,0,4999227,1075000,898,835.35,true
6876939000,5000035,4999229,0,4999227,6877982000,5000842,5000036,0,5000034,1043000,807,773.73,true
6877982000,5000842,5000036,0,5000034,6879022000,5001649,5000843,0,5000841,1040000,807,775.96,false
6879022000,5001649,5000843,0,5000841,6880079000,5002456,5001650,0,5001648,1057000,807,763.48,false
6880079000,5002456,5001650,0,5001648,6881136000,5003263,5002457,0,5002455,1057000,807,763.48,false
6881136000,5003263,5002457,0,5002455,6882193000,5004070,5003264,0,5003262,1057000,807,763.48,false
6882193000,5004070,5003264,0,5003262,6883250000,5004877,5004071,0,5004069,1057000,807,763.48,false
6883250000,5004877,5004071,0,5004069,6884306000,5005684,5004878,0,5004876,1056000,807,764.20,false
6884306000,5005684,5004878,0,5004876,6885362000,5006491,5005685,0,5005683,1056000,807,764.20,false
6885362000,5006491,5005685,0,5005683,6886418000,5007298,5006492,0,5006490,1056000,807,764.20,false
6886418000,5007298,5006492,0,5006490,6887474000,5008105,5007299,0,5007297,1056000,807,764.20,false
6887474000,5008105,5007299,0,5007297,6888530000,5008912,5008106,0,5008104,1056000,807,764.20,false
6888530000,5008912,5008106,0,5008104,6889586000,5009719,5008913,0,5008911,1056000,807,764.20,false
6889586000,5009719,5008913,0,5008911,6890642000,5010526,5009720,0,5009718,1056000,807,764.20,false
6890642000,5010526,5009720,0,5009718,6891698000,5011333,5010527,0,5010525,1056000,807,764.20,false
6891698000,5011333,5010527,0,5010525,6892754000,5012140,5011334,0,5011332,1056000,807,764.20,false
6892754000,5012140,5011334,0,5011332,6893810000,5012947,5012141,0,5012139,1056000,807,764.20,false
6893810000,5012947,5012141,0,5012139,6894866000,5013754,5012948,0,5012946,1056000,807,764.20,false
6894866000,5013754,5012948,0,5012946,6895922000,5014561,5013755,0,5013753,1056000,807,764.20,false
6895922000,5014561,5013755,0,5013753,6896978000,5015368,5014562,0,5014560,1056000,807,764.20,false
6896978000,5015368,5014562,0,5014560,6898034000,5016175,5015369,0,5015367,1056000,807,764.20,false
6898034000,5016175,5015369,0,5015367,6899090000,5016982,5016176,0,5016174,1056000,807,764.20,false
6899116000,5017002,5016196,0,5016194,6900172000,5017809,5017003,0,5017001,1056000,807,764.20,false
6900172000,5017809,5017003,0,5017001,6901228000,5018616,5017810,0,5017808,1056000,807,764.20,false
6901228000,5018616,5017810,0,5017808,6902284000,5019595,5018617,0,5018615,1056000,807,764.20,true
6902284000,5019595,5018617,0,5018615,6903547000,5020574,5019596,0,5019594,1263000,979,775.14,true
6903547000,5020574,5019596,0,5019594,6904731000,5021381,5020575,0,5020573,1184000,979,826.86,true
6904731000,5021381,5020575,0,5020573,6905744000,5022182,5021382,0,5021380,1013000,807,796.64,true
6905744000,5022182,5021382,0,5021380,6906753000,5022983,5022183,0,5022181,1009000,801,793.86,false
6906753000,5022983,5022183,0,5022181,6907783000,5023784,5022984,0,5022982,1030000,801,777.67,false
6907783000,5023784,5022984,0,5022982,6908816000,5024585,5023785,0,5023783,1033000,801,775.41,false
6908816000,5024585,5023785,0,5023783,6909846000,5025386,5024586,0,5024584,1030000,801,777.67,false
6909846000,5025386,5024586,0,5024584,6910876000,5026187,5025387,0,5025385,1030000,801,777.67,false
6910876000,5026187,5025387,0,5025385,6911906000,5026988,5026188,0,5026186,1030000,801,777.67,false
6911906000,5026988,5026188,0,5026186,6912936000,5027789,5026989,0,5026987,1030000,801,777.67,false
6912936000,5027789,5026989,0,5026987,6913966000,5028590,5027790,0,5027788,1030000,801,777.67,false
6913966000,5028590,5027790,0,5027788,6914996000,5029391,5028591,0,5028589,1030000,801,777.67,false
6914996000,5029391,5028591,0,5028589,6916026000,5030192,5029392,0,5029390,1030000,801,777.67,false
6916026000,5030192,5029392,0,5029390,6917056000,5030993,5030193,0,5030191,1030000,801,777.67,false
6917056000,5030993,5030193,0,5030191,6918086000,5031794,5030994,0,5030992,1030000,801,777.67,false
6918086000,5031794,5030994,0,5030992,6919116000,5032595,5031795,0,5031793,1030000,801,777.67,false
6919116000,5032595,5031795,0,5031793,6920146000,5033396,5032596,0,5032594,1030000,801,777.67,false
6920146000,5033396,5032596,0,5032594,6921176000,5034197,5033397,0,5033395,1030000,801,777.67,false
6921176000,5034197,5033397,0,5033395,6922206000,5034998,5034198,0,5034196,1030000,801,777.67,false
6922206000,5034998,5034198,0,5034196,6923236000,5035799,5034999,0,5034997,1030000,801,777.67,false
6923236000,5035799,5034999,0,5034997,6924266000,5036600,5035800,0,5035798,1030000,801,777.67,false
6925165000,5037299,5036499,0,5036497,6926195000,5038100,5037300,0,5037298,1030000,801,777.67,false
6926195000,5038100,5037300,0,5037298,6927273000,5038901,5038101,0,5038099,1078000,801,743.04,false
6927273000,5038901,5038101,0,5038099,6928308000,5039796,5038902,0,5038900,1035000,801,773.91,true
6928308000,5039796,5038902,0,5038900,6929386000,5040691,5039797,0,5039795,1078000,895,830.24,true
6929386000,5040691,5039797,0,5039795,6930460000,5041492,5040692,0,5040690,1074000,895,833.33,true
6930460000,5041492,5040692,0,5040690,6931476000,5042295,5041493,0,5041491,1016000,801,788.39,true
6931476000,5042295,5041493,0,5041491,6932492000,5043098,5042296,0,5042294,1016000,803,790.35,false
6932492000,5043098,5042296,0,5042294,6933521000,5043901,5043099,0,5043097,1029000,803,780.37,false
6933521000,5043901,5043099,0,5043097,6934550000,5044704,5043902,0,5043900,1029000,803,780.37,false
6934550000,5044704,5043902,0,5043900,6935578000,5045507,5044705,0,5044703,1028000,803,781.13,false
6935578000,5045507,5044705,0,5044703,6936606000,5046310,5045508,0,5045506,1028000,803,781.13,false
6936606000,5046310,5045508,0,5045506,6937633000,5047113,5046311,0,5046309,1027000,803,781.89,false
6937633000,5047113,5046311,0,5046309,6938661000,5047916,5047114,0,5047112,1028000,803,781.13,false
6938661000,5047916,5047114,0,5047112,6939689000,5048719,5047917,0,5047915,1028000,803,781.13,false
6939689000,5048719,5047917,0,5047915,6940717000,5049522,5048720,0,5048718,1028000,803,781.13,false
6940717000,5049522,5048720,0,5048718,6941745000,5050325,5049523,0,5049521,1028000,803,781.13,false
6941745000,5050325,5049523,0,5049521,6942773000,5051128,5050326,0,5050324,1028000,803,781.13,false
6942773000,5051128,5050326,0,5050324,6943801000,5051931,5051129,0,5051127,1028000,803,781.13,false
6943801000,5051931,5051129,0,5051127,6944829000,5052734,5051932,0,5051930,1028000,803,781.13,false
6944829000,5052734,5051932,0,5051930,6945857000,5053537,5052735,0,5052733,1028000,803,781.13,false
6945857000,5053537,5052735,0,5052733,6946885000,5054340,5053538,0,5053536,1028000,803,781.13,false
6946885000,5054340,5053538,0,5053536,6947913000,5055143,5054341,0,5054339,1028000,803,781.13,false
6947913000,5055143,5054341,0,5054339,6948941000,5055946,5055144,0,5055142,1028000,803,781.13,false
6948941000,5055946,5055144,0,5055142,6949969000,5056749,5055947,0,5055945,1028000,803,781.13,false
6950740000,5057305,5056503,0,5056501,6951762000,5058108,5057306,0,5057304,1022000,803,785.71,false
6951762000,5058108,5057306,0,5057304,6952793000,5058911,5058109,0,5058107,1031000,803,778.86,false
6952793000,5058911,5058109,0,5058107,6953823000,5059746,5058912,0,5058910,1030000,803,779.61,true
6953823000,5059746,5058912,0,5058910,6954866000,5060581,5059747,0,5059745,1043000,835,800.58,true
6954866000,5060581,5059747,0,5059745,6955908000,5061384,5060582,0,5060580,1042000,835,801.34,true
6955908000,5061384,5060582,0,5060580,6956917000,5062197,5061385,0,5061383,1009000,803,795.84,true
6956917000,5062197,5061385,0,5061383,6957956000,5063010,5062198,0,5062196,1039000,813,782.48,false
6957956000,5063010,5062198,0,5062196,6958989000,5063823,5063011,0,5063009,1033000,813,787.03,false
6958989000,5063823,5063011,0,5063009,6960020000,5064636,5063824,0,5063822,1031000,813,788.55,false
6960020000,5064636,5063824,0,5063822,6961052000,5065449,5064637,0,5064635,1032000,813,787.79,false
6961052000,5065449,5064637,0,5064635,6962084000,5066262,5065450,0,5065448,1032000,813,787.79,false
6962084000,5066262,5065450,0,5065448,6963116000,5067075,5066263,0,5066261,1032000,813,787.79,false
6963116000,5067075,5066263,0,5066261,6964148000,5067888,5067076,0,5067074,1032000,813,787.79,false
6964148000,5067888,5067076,0,5067074,6965179000,5068701,5067889,0,5067887,1031000,813,788.55,false
6965179000,5068701,5067889,0,5067887,6966211000,5069514,5068702,0,5068700,1032000,813,787.79,false
6966211000,5069514,5068702,0,5068700,6967243000,5070327,5069515,0,5069513,1032000,813,787.79,false
6967243000,5070327,5069515,0,5069513,6968275000,5071140,5070328,0,5070326,1032000,813,787.79,false
6968275000,5071140,5070328,0,5070326,6969307000,5071953,5071141,0,5071139,1032000,813,787.79,false
6969307000,5071953,5071141,0,5071139,6970339000,5072766,5071954,0,5071952,1032000,813,787.79,false
6970339000,5072766,5071954,0,5071952,6971371000,5073579,5072767,0,5072765,1032000,813,787.79,false
6971371000,5073579,5072767,0,5072765,6972403000,5074392,5073580,0,5073578,1032000,813,787.79,false
6972403000,5074392,5073580,0,5073578,6973435000,5075205,5074393,0,5074391,1032000,813,787.79,false
6973435000,5075205,5074393,0,5074391,6974532000,5076018,5075206,0,5075204,1097000,813,741.11,false
6974532000,5076018,5075206,0,5075204,6975565000,5076831,5076019,0,5076017,1033000,813,787.03,false
6975565000,5076831,5076019,0,5076017,6976591000,5077644,5076832,0,5076830,1026000,813,792.40,false
6976852000,5077850,5077038,0,5077036,6977880000,5078663,5077851,0,5077849,1028000,813,790.86,false
6977880000,5078663,5077851,0,5077849,6978908000,5079476,5078664,0,5078662,1028000,813,790.86,false
6978908000,5079476,5078664,0,5078662,6979936000,5080372,5079477,0,5079475,1028000,813,790.86,true
6979936000,5080372,5079477,0,5079475,6980997000,5081268,5080373,0,5080371,1061000,896,844.49,true
6980997000,5081268,5080373,0,5080371,6982066000,5082081,5081269,0,5081267,1069000,896,838.17,true
6982066000,5082081,5081269,0,5081267,6983091000,5082895,5082082,0,5082080,1025000,813,793.17,true
6983091000,5082895,5082082,0,5082080,6984112000,5083709,5082896,0,5082894,1021000,814,797.26,false
6984112000,5083709,5082896,0,5082894,6985139000,5084523,5083710,0,5083708,1027000,814,792.60,false
6985139000,5084523,5083710,0,5083708,6986169000,5085337,5084524,0,5084522,1030000,814,790.29,false
6986169000,5085337,5084524,0,5084522,6987198000,5086151,5085338,0,5085336,1029000,814,791.06,false
6987198000,5086151,5085338,0,5085336,6988227000,5086965,5086152,0,5086150,1029000,814,791.06,false
6988227000,5086965,5086152,0,5086150,6989256000,5087779,5086966,0,5086964,1029000,814,791.06,false
6989256000,5087779,5086966,0,5086964,6990285000,5088593,5087780,0,5087778,1029000,814,791.06,false
6990285000,5088593,5087780,0,5087778,6991314000,5089407,5088594,0,5088592,1029000,814,791.06,false
6991314000,5089407,5088594,0,5088592,6992343000,5090221,5089408,0,5089406,1029000,814,791.06,false
6992343000,5090221,5089408,0,5089406,6993372000,5091035,5090222,0,5090220,1029000,814,791.06,false
6993372000,5091035,5090222,0,5090220,6994401000,5091849,5091036,0,5091034,1029000,814,791.06,false
6994401000,5091849,5091036,0,5091034,6995430000,5092663,5091850,0,5091848,1029000,814,791.06,false
6995430000,5092663,5091850,0,5091848,6996459000,5093477,5092664,0,5092662,1029000,814,791.06,false
6996459000,5093477,5092664,0,5092662,6997550000,5094291,5093478,0,5093476,1091000,814,746.10,false
6997550000,5094291,5093478,0,5093476,6998573000,5095105,5094292,0,5094290,1023000,814,795.70,false
6998573000,5095105,5094292,0,5094290,6999607000,5095919,5095106,0,5095104,1034000,814,787.23,false
6999607000,5095919,5095106,0,5095104,7000637000,5096733,5095920,0,5095918,1030000,814,790.29,false
7000637000,5096733,5095920,0,5095918,7001666000,5097547,5096734,0,5096732,1029000,814,791.06,false
7002619000,5098302,5097489,0,5097487,7003648000,5099116,5098303,0,5098301,1029000,814,791.06,false
7003648000,5099116,5098303,0,5098301,7004677000,5099930,5099117,0,5099115,1029000,814,791.06,false
7004677000,5099930,5099117,0,5099115,7005706000,5100833,5099931,0,5099929,1029000,814,791.06,true
7005706000,5100833,5099931,0,5099929,7006770000,5101736,5100834,0,5100832,1064000,903,848.68,true
7006770000,5101736,5100834,0,5100832,7007843000,5102550,5101737,0,5101735,1073000,903,841.57,true
7007843000,5102550,5101737,0,5101735,7008872000,5103365,5102551,0,5102549,1029000,814,791.06,true
7008872000,5103365,5102551,0,5102549,7009892000,5104180,5103366,0,5103364,1020000,815,799.02,false
7009892000,5104180,5103366,0,5103364,7010919000,5104995,5104181,0,5104179,1027000,815,793.57,false
7010919000,5104995,5104181,0,5104179,7011949000,5105810,5104996,0,5104994,1030000,815,791.26,false
7011949000,5105810,5104996,0,5104994,7012979000,5106625,5105811,0,5105809,1030000,815,791.26,false
7012979000,5106625,5105811,0,5105809,7014008000,5107440,5106626,0,5106624,1029000,815,792.03,false
7014008000,5107440,5106626,0,5106624,7015037000,5108255,5107441,0,5107439,1029000,815,792.03,false
7015037000,5108255,5107441,0,5107439,7016066000,5109070,5108256,0,5108254,1029000,815,792.03,false
7016066000,5109070,5108256,0,5108254,7017095000,5109885,5109071,0,5109069,1029000,815,792.03,false
7017095000,5109885,5109071,0,5109069,7018124000,5110700,5109886,0,5109884,1029000,815,792.03,false
7018124000,5110700,5109886,0,5109884,7019153000,5111515,5110701,0,5110699,1029000,815,792.03,false
7019153000,5111515,5110701,0,5110699,7020182000,5112330,5111516,0,5111514,1029000,815,792.03,false
7020182000,5112330,5111516,0,5111514,7021284000,5113145,5112331,0,5112329,1102000,815,739.56,false
7021284000,5113145,5112331,0,5112329,7022299000,5113960,5113146,0,5113144,1015000,815,802.96,false
7022299000,5113960,5113146,0,5113144,7023328000,5114775,5113961,0,5113959,1029000,815,792.03,false
7023328000,5114775,5113961,0,5113959,7024359000,5115590,5114776,0,5114774,1031000,815,790.49,false
7024359000,5115590,5114776,0,5114774,7025389000,5116405,5115591,0,5115589,1030000,815,791.26,false
7025389000,5116405,5115591,0,5115589,7026418000,5117220,5116406,0,5116404,1029000,815,792.03,false
7026418000,5117220,5116406,0,5116404,7027447000,5118035,5117221,0,5117219,1029000,815,792.03,false
7028432000,5118814,5118000,0,5117998,7029461000,5119629,5118815,0,5118813,1029000,815,792.03,false
7029461000,5119629,5118815,0,5118813,7030490000,5120444,5119630,0,5119628,1029000,815,792.03,false
7030490000,5120444,5119630,0,5119628,7031519000,5121351,5120445,0,5120443,1029000,815,792.03,true
7031519000,5121351,5120445,0,5120443,7032585000,5122258,5121352,0,5121350,1066000,907,850.84,true
7032585000,5122258,5121352,0,5121350,7033660000,5123073,5122259,0,5122257,1075000,907,843.72,true
7033660000,5123073,5122259,0,5122257,7034689000,5123887,5123074,0,5123072,1029000,815,792.03,true
7034689000,5123887,5123074,0,5123072,7035708000,5124701,5123888,0,5123886,1019000,814,798.82,false
7035708000,5124701,5123888,0,5123886,7036735000,5125515,5124702,0,5124700,1027000,814,792.60,false
7036735000,5125515,5124702,0,5124700,7037764000,5126329,5125516,0,5125514,1029000,814,791.06,false
7037764000,5126329,5125516,0,5125514,7038794000,5127143,5126330,0,5126328,1030000,814,790.29,false
7038794000,5127143,5126330,0,5126328,7039823000,5127957,5127144,0,5127142,1029000,814,791.06,false
7039823000,5127957,5127144,0,5127142,7040852000,5128771,5127958,0,5127956,1029000,814,791.06,false
7040852000,5128771,5127958,0,5127956,7041881000,5129585,5128772,0,5128770,1029000,814,791.06,false
7041881000,5129585,5128772,0,5128770,7042910000,5130399,5129586,0,5129584,1029000,814,791.06,false
7042910000,5130399,5129586,0,5129584,7043939000,5131213,5130400,0,5130398,1029000,814,791.06,false
7043939000,5131213,5130400,0,5130398,7045043000,5132027,5131214,0,5131212,1104000,814,737.32,false
7045043000,5132027,5131214,0,5131212,7046059000,5132841,5132028,0,5132026,1016000,814,801.18,false
7046059000,5132841,5132028,0,5132026,7047085000,5133655,5132842,0,5132840,1026000,814,793.37,false
7047085000,5133655,5132842,0,5132840,7048115000,5134469,5133656,0,5133654,1030000,814,790.29,false
7048115000,5134469,5133656,0,5133654,7049144000,5135283,5134470,0,5134468,1029000,814,791.06,false
7049144000,5135283,5134470,0,5134468,7050173000,5136097,5135284,0,5135282,1029000,814,791.06,false
7050173000,5136097,5135284,0,5135282,7051202000,5136911,5136098,0,5136096,1029000,814,791.06,false
7051202000,5136911,5136098,0,5136096,7052231000,5137725,5136912,0,5136910,1029000,814,791.06,false
7052231000,5137725,5136912,0,5136910,7053260000,5138539,5137726,0,5137724,1029000,814,791.06,false
7054223000,5139300,5138487,0,5138485,7055252000,5140114,5139301,0,5139299,1029000,814,791.06,false
7055252000,5140114,5139301,0,5139299,7056281000,5140928,5140115,0,5140113,1029000,814,791.06,false
7056281000,5140928,5140115,0,5140113,7057310000,5141834,5140929,0,5140927,1029000,814,791.06,true
7057310000,5141834,5140929,0,5140927,7058374000,5142740,5141835,0,5141833,1064000,906,851.50,true
7058374000,5142740,5141835,0,5141833,7059450000,5143554,5142741,0,5142739,1076000,906,842.01,true
7059450000,5143554,5142741,0,5142739,7060479000,5144367,5143555,0,5143553,1029000,814,791.06,true
7060479000,5144367,5143555,0,5143553,7061498000,5145180,5144368,0,5144366,1019000,813,797.84,false
7061498000,5145180,5144368,0,5144366,7062523000,5145993,5145181,0,5145179,1025000,813,793.17,false
7062523000,5145993,5145181,0,5145179,7063552000,5146806,5145994,0,5145992,1029000,813,790.09,false
7063552000,5146806,5145994,0,5145992,7064581000,5147619,5146807,0,5146805,1029000,813,790.09,false
7064581000,5147619,5146807,0,5146805,7065610000,5148432,5147620,0,5147618,1029000,813,790.09,false
7065610000,5148432,5147620,0,5147618,7066638000,5149245,5148433,0,5148431,1028000,813,790.86,false
7066638000,5149245,5148433,0,5148431,7067666000,5150058,5149246,0,5149244,1028000,813,790.86,false
7067666000,5150058,5149246,0,5149244,7068759000,5150871,5150059,0,5150057,1093000,813,743.82,false
7068759000,5150871,5150059,0,5150057,7069788000,5151684,5150872,0,5150870,1029000,813,790.09,false
7069788000,5151684,5150872,0,5150870,7070814000,5152497,5151685,0,5151683,1026000,813,792.40,false
7070814000,5152497,5151685,0,5151683,7071842000,5153310,5152498,0,5152496,1028000,813,790.86,false
7071842000,5153310,5152498,0,5152496,7072871000,5154123,5153311,0,5153309,1029000,813,790.09,false
7072871000,5154123,5153311,0,5153309,7073899000,5154936,5154124,0,5154122,1028000,813,790.86,false
7073899000,5154936,5154124,0,5154122,7074927000,5155749,5154937,0,5154935,1028000,813,790.86,false
7074927000,5155749,5154937,0,5154935,7075955000,5156562,5155750,0,5155748,1028000,813,790.86,false
7075955000,5156562,5155750,0,5155748,7076984000,5157375,5156563,0,5156561,1029000,813,790.09,false
7076984000,5157375,5156563,0,5156561,7078012000,5158188,5157376,0,5157374,1028000,813,790.86,false
7078012000,5158188,5157376,0,5157374,7079040000,5159001,5158189,0,5158187,1028000,813,790.86,false
7080015000,5159773,5158961,0,5158959,7081043000,5160586,5159774,0,5159772,1028000,813,790.86,false
7081043000,5160586,5159774,0,5159772,7082072000,5161399,5160587,0,5160585,1029000,813,790.09,false
7082072000,5161399,5160587,0,5160585,7083100000,5162301,5161400,0,5161398,1028000,813,790.86,true
7083100000,5162301,5161400,0,5161398,7084163000,5163203,5162302,0,5162300,1063000,902,848.54,true
7084163000,5163203,5162302,0,5162300,7085236000,5164016,5163204,0,5163202,1073000,902,840.63,true
7085236000,5164016,5163204,0,5163202,7086264000,5164829,5164017,0,5164015,1028000,813,790.86,true
7086264000,5164829,5164017,0,5164015,7087284000,5165642,5164830,0,5164828,1020000,813,797.06,false
7087284000,5165642,5164830,0,5164828,7088310000,5166455,5165643,0,5165641,1026000,813,792.40,false
7088310000,5166455,5165643,0,5165641,7089339000,5167268,5166456,0,5166454,1029000,813,790.09,false
7089339000,5167268,5166456,0,5166454,7090368000,5168081,5167269,0,5167267,1029000,813,790.09,false
7090368000,5168081,5167269,0,5167267,7091420000,5168894,5168082,0,5168080,1052000,813,772.81,false
7091420000,5168894,5168082,0,5168080,7092477000,5169707,5168895,0,5168893,1057000,813,769.16,false
7092477000,5169707,5168895,0,5168893,7093515000,5170520,5169708,0,5169706,1038000,813,783.24,false
7093515000,5170520,5169708,0,5169706,7094542000,5171333,5170521,0,5170519,1027000,813,791.63,false
7094542000,5171333,5170521,0,5170519,7095569000,5172146,5171334,0,5171332,1027000,813,791.63,false
7095569000,5172146,5171334,0,5171332,7096597000,5172959,5172147,0,5172145,1028000,813,790.86,false
7096597000,5172959,5172147,0,5172145,7097625000,5173772,5172960,0,5172958,1028000,813,790.86,false
7097625000,5173772,5172960,0,5172958,7098653000,5174585,5173773,0,5173771,1028000,813,790.86,false
7098653000,5174585,5173773,0,5173771,7099681000,5175398,5174586,0,5174584,1028000,813,790.86,false
7099681000,5175398,5174586,0,5174584,7100710000,5176211,5175399,0,5175397,1029000,813,790.09,false
7100710000,5176211,5175399,0,5175397,7101738000,5177024,5176212,0,5176210,1028000,813,790.86,false
7101738000,5177024,5176212,0,5176210,7102766000,5177837,5177025,0,5177023,1028000,813,790.86,false
7102766000,5177837,5177025,0,5177023,7103794000,5178650,5177838,0,5177836,1028000,813,790.86,false
7103794000,5178650,5177838,0,5177836,7104823000,5179463,5178651,0,5178649,1029000,813,790.09,false
7105766000,5180209,5179397,0,5179395,7106794000,5181022,5180210,0,5180208,1028000,813,790.86,false
7106794000,5181022,5180210,0,5180208,7107823000,5181835,5181023,0,5181021,1029000,813,790.09,false
7107823000,5181835,5181023,0,5181021,7108851000,5182737,5181836,0,5181834,1028000,813,790.86,true
7108851000,5182737,5181836,0,5181834,7109914000,5183639,5182738,0,5182736,1063000,902,848.54,true
7109914000,5183639,5182738,0,5182736,7110987000,5184452,5183640,0,5183638,1073000,902,840.63,true
7110987000,5184452,5183640,0,5183638,7112015000,5185265,5184453,0,5184451,1028000,813,790.86,true
7112015000,5185265,5184453,0,5184451,7113035000,5186078,5185266,0,5185264,1020000,813,797.06,false
7113035000,5186078,5185266,0,5185264,7114061000,5186891,5186079,0,5186077,1026000,813,792.40,false
7114061000,5186891,5186079,0,5186077,7115129000,5187704,5186892,0,5186890,1068000,813,761.24,false
7115129000,5187704,5186892,0,5186890,7116167000,5188517,5187705,0,5187703,1038000,813,783.24,false
7116167000,5188517,5187705,0,5187703,7117202000,5189330,5188518,0,5188516,1035000,813,785.51,false
7117202000,5189330,5188518,0,5188516,7118231000,5190143,5189331,0,5189329,1029000,813,790.09,false
7118231000,5190143,5189331,0,5189329,7119259000,5190956,5190144,0,5190142,1028000,813,790.86,false
7119259000,5190956,5190144,0,5190142,7120287000,5191769,5190957,0,5190955,1028000,813,790.86,false
7120287000,5191769,5190957,0,5190955,7121316000,5192582,5191770,0,5191768,1029000,813,790.09,false
7121316000,5192582,5191770,0,5191768,7122344000,5193395,5192583,0,5192581,1028000,813,790.86,false
7122344000,5193395,5192583,0,5192581,7123372000,5194208,5193396,0,5193394,1028000,813,790.86,false
7123372000,5194208,5193396,0,5193394,7124400000,5195021,5194209,0,5194207,1028000,813,790.86,false
7124400000,5195021,5194209,0,5194207,7125428000,5195834,5195022,0,5195020,1028000,813,790.86,false
7125428000,5195834,5195022,0,5195020,7126456000,5196647,5195835,0,5195833,1028000,813,790.86,false
7126456000,5196647,5195835,0,5195833,7127484000,5197460,5196648,0,5196646,1028000,813,790.86,false
7127484000,5197460,5196648,0,5196646,7128512000,5198273,5197461,0,5197459,1028000,813,790.86,false
7128512000,5198273,5197461,0,5197459,7129541000,5199086,5198274,0,5198272,1029000,813,790.09,false
7129541000,5199086,5198274,0,5198272,7130569000,5199899,5199087,0,5199085,1028000,813,790.86,false
7131466000,5200609,5199797,0,5199795,7132495000,5201422,5200610,0,5200608,1029000,813,790.09,false
7132495000,5201422,5200610,0,5200608,7133523000,5202235,5201423,0,5201421,1028000,813,790.86,false
7133523000,5202235,5201423,0,5201421,7134551000,5203137,5202236,0,5202234,1028000,813,790.86,true
7134551000,5203137,5202236,0,5202234,7135614000,5204039,5203138,0,5203136,1063000,902,848.54,true
7135614000,5204039,5203138,0,5203136,7136687000,5204852,5204040,0,5204038,1073000,902,840.63,true
7136687000,5204852,5204040,0,5204038,7137715000,5205665,5204853,0,5204851,1028000,813,790.86,true
7137715000,5205665,5204853,0,5204851,7138766000,5206478,5205666,0,5205664,1051000,813,773.55,false
7138766000,5206478,5205666,0,5205664,7139814000,5207291,5206479,0,5206477,1048000,813,775.76,false
7139814000,5207291,5206479,0,5206477,7140867000,5208104,5207292,0,5207290,1053000,813,772.08,false
7140867000,5208104,5207292,0,5207290,7141923000,5208917,5208105,0,5208103,1056000,813,769.89,false
7141923000,5208917,5208105,0,5208103,7142979000,5209730,5208918,0,5208916,1056000,813,769.89,false
7142979000,5209730,5208918,0,5208916,7144035000,5210543,5209731,0,5209729,1056000,813,769.89,false
7144035000,5210543,5209731,0,5209729,7145091000,5211356,5210544,0,5210542,1056000,813,769.89,false
7145091000,5211356,5210544,0,5210542,7146147000,5212169,5211357,0,5211355,1056000,813,769.89,false
7146147000,5212169,5211357,0,5211355,7147203000,5212982,5212170,0,5212168,1056000,813,769.89,false
7147203000,5212982,5212170,0,5212168,7148259000,5213795,5212983,0,5212981,1056000,813,769.89,false
7148259000,5213795,5212983,0,5212981,7149315000,5214608,5213796,0,5213794,1056000,813,769.89,false
7149315000,5214608,5213796,0,5213794,7150371000,5215421,5214609,0,5214607,1056000,813,769.89,false
7150371000,5215421,5214609,0,5214607,7151427000,5216234,5215422,0,5215420,1056000,813,769.89,false
7151427000,5216234,5215422,0,5215420,7152483000,5217047,5216235,0,5216233,1056000,813,769.89,false
7152483000,5217047,5216235,0,5216233,7153539000,5217860,5217048,0,5217046,1056000,813,769.89,false
7153539000,5217860,5217048,0,5217046,7154595000,5218673,5217861,0,5217859,1056000,813,769.89,false
7154595000,5218673,5217861,0,5217859,7155651000,5219486,5218674,0,5218672,1056000,813,769.89,false
7155651000,5219486,5218674,0,5218672,7156707000,5220299,5219487,0,5219485,1056000,813,769.89,false
7156707000,5220299,5219487,0,5219485,7157763000,5221112,5220300,0,5220298,1056000,813,769.89,false
7158739000,5221862,5221050,0,5221048,7159795000,5222675,5221863,0,5221861,1056000,813,769.89,false
7159795000,5222675,5221863,0,5221861,7160851000,5223488,5222676,0,5222674,1056000,813,769.89,false
7160851000,5223488,5222676,0,5222674,7161907000,5224474,5223489,0,5223487,1056000,813,769.89,true
7161907000,5224474,5223489,0,5223487,7163071000,5225460,5224475,0,5224473,1164000,986,847.08,true
7163071000,5225460,5224475,0,5224473,7164224000,5226273,5225461,0,5225459,1153000,986,855.16,true
7164224000,5226273,5225461,0,5225459,7165383000,5227055,5226274,0,5226272,1159000,813,701.47,true
7165383000,5227055,5226274,0,5226272,7166397000,5227837,5227056,0,5227054,1014000,782,771.20,false
7166397000,5227837,5227056,0,5227054,7167429000,5228619,5227838,0,5227836,1032000,782,757.75,false
7167429000,5228619,5227838,0,5227836,7168474000,5229401,5228620,0,5228618,1045000,782,748.33,false
7168474000,5229401,5228620,0,5228618,7169518000,5230183,5229402,0,5229400,1044000,782,749.04,false
7169518000,5230183,5229402,0,5229400,7170561000,5230965,5230184,0,5230182,1043000,782,749.76,false
7170561000,5230965,5230184,0,5230182,7171604000,5231747,5230966,0,5230964,1043000,782,749.76,false
7171604000,5231747,5230966,0,5230964,7172647000,5232529,5231748,0,5231746,1043000,782,749.76,false
7172647000,5232529,5231748,0,5231746,7173690000,5233311,5232530,0,5232528,1043000,782,749.76,false
7173690000,5233311,5232530,0,5232528,7174734000,5234093,5233312,0,5233310,1044000,782,749.04,false
7174734000,5234093,5233312,0,5233310,7175777000,5234875,5234094,0,5234092,1043000,782,749.76,false
7175777000,5234875,5234094,0,5234092,7176820000,5235657,5234876,0,5234874,1043000,782,749.76,false
7176820000,5235657,5234876,0,5234874,7177863000,5236439,5235658,0,5235656,1043000,782,749.76,false
7177863000,5236439,5235658,0,5235656,7178906000,5237221,5236440,0,5236438,1043000,782,749.76,false
7178906000,5237221,5236440,0,5236438,7179949000,5238003,5237222,0,5237220,1043000,782,749.76,false
7179949000,5238003,5237222,0,5237220,7180992000,5238785,5238004,0,5238002,1043000,782,749.76,false
7180992000,5238785,5238004,0,5238002,7182035000,5239567,5238786,0,5238784,1043000,782,749.76,false
7182035000,5239567,5238786,0,5238784,7183078000,5240349,5239568,0,5239566,1043000,782,749.76,false
7183078000,5240349,5239568,0,5239566,7184121000,5241131,5240350,0,5240348,1043000,782,749.76,false
7184121000,5241131,5240350,0,5240348,7185164000,5241913,5241132,0,5241130,1043000,782,749.76,false
7186012000,5242548,5241767,0,5241765,7187055000,5243330,5242549,0,5242547,1043000,782,749.76,false
7187055000,5243330,5242549,0,5242547,7188098000,5244112,5243331,0,5243329,1043000,782,749.76,false
7188098000,5244112,5243331,0,5243329,7189240000,5245023,5244113,0,5244111,1142000,782,684.76,true
7189240000,5245023,5244113,0,5244111,7190334000,5245934,5245024,0,5245022,1094000,911,832.72,true
7190334000,5245934,5245024,0,5245022,7191432000,5246716,5245935,0,5245933,1098000,911,829.69,true
7191432000,5246716,5245935,0,5245933,7192461000,5247498,5246717,0,5246715,1029000,782,759.96,true
7192461000,5247498,5246717,0,5246715,7193475000,5248280,5247499,0,5247497,1014000,782,771.20,false
7193475000,5248280,5247499,0,5247497,7194499000,5249062,5248281,0,5248279,1024000,782,763.67,false
7194499000,5249062,5248281,0,5248279,7195530000,5249844,5249063,0,5249061,1031000,782,758.49,false
7195530000,5249844,5249063,0,5249061,7196560000,5250626,5249845,0,5249843,1030000,782,759.22,false
7196560000,5250626,5249845,0,5249843,7197589000,5251408,5250627,0,5250625,1029000,782,759.96,false
7197589000,5251408,5250627,0,5250625,7198618000,5252190,5251409,0,5251407,1029000,782,759.96,false
7198618000,5252190,5251409,0,5251407,7199647000,5252972,5252191,0,5252189,1029000,782,759.96,false
7199647000,5252972,5252191,0,5252189,7200676000,5253754,5252973,0,5252971,1029000,782,759.96,false
7200676000,5253754,5252973,0,5252971,7201705000,5254536,5253755,0,5253753,1029000,782,759.96,false
7201705000,5254536,5253755,0,5253753,7202734000,5255318,5254537,0,5254535,1029000,782,759.96,false
7202734000,5255318,5254537,0,5254535,7203763000,5256100,5255319,0,5255317,1029000,782,759.96,false
7203763000,5256100,5255319,0,5255317,7204792000,5256882,5256101,0,5256099,1029000,782,759.96,false
7204792000,5256882,5256101,0,5256099,7205821000,5257664,5256883,0,5256881,1029000,782,759.96,false
7205821000,5257664,5256883,0,5256881,7206850000,5258446,5257665,0,5257663,1029000,782,759.96,false
7206850000,5258446,5257665,0,5257663,7207879000,5259228,5258447,0,5258445,1029000,782,759.96,false
7207879000,5259228,5258447,0,5258445,7208908000,5260010,5259229,0,5259227,1029000,782,759.96,false
7208908000,5260010,5259229,0,5259227,7209937000,5260792,5260011,0,5260009,1029000,782,759.96,false
7209937000,5260792,5260011,0,5260009,7210966000,5261574,5260793,0,5260791,1029000,782,759.96,false
7211668000,5262108,5261327,0,5261325,7212725000,5262890,5262109,0,5262107,1057000,782,739.83,false
7212725000,5262890,5262109,0,5262107,7213779000,5263672,5262891,0,5262889,1054000,782,741.94,false
7213779000,5263672,5262891,0,5262889,7214816000,5264484,5263673,0,5263671,1037000,782,754.10,true
7214816000,5264484,5263673,0,5263671,7215856000,5265296,5264485,0,5264483,1040000,812,780.77,true
7215856000,5265296,5264485,0,5264483,7216895000,5266108,5265297,0,5265295,1039000,812,781.52,true
7216895000,5266108,5265297,0,5265295,7217932000,5266890,5266109,0,5266107,1037000,812,783.03,true
7217932000,5266890,5266109,0,5266107,7218965000,5267677,5266891,0,5266889,1033000,782,757.02,true
7218965000,5267677,5266891,0,5266889,7219994000,5268464,5267678,0,5267676,1029000,787,764.82,false
7219994000,5268464,5267678,0,5267676,7221021000,5269251,5268465,0,5268463,1027000,787,766.31,false
7221021000,5269251,5268465,0,5268463,7222048000,5270038,5269252,0,5269250,1027000,787,766.31,false
7222048000,5270038,5269252,0,5269250,7223076000,5270825,5270039,0,5270037,1028000,787,765.56,false
7223076000,5270825,5270039,0,5270037,7224104000,5271612,5270826,0,5270824,1028000,787,765.56,false
7224104000,5271612,5270826,0,5270824,7225132000,5272399,5271613,0,5271611,1028000,787,765.56,false
7225132000,5272399,5271613,0,5271611,7226160000,5273186,5272400,0,5272398,1028000,787,765.56,false
7226160000,5273186,5272400,0,5272398,7227188000,5273973,5273187,0,5273185,1028000,787,765.56,false
7227188000,5273973,5273187,0,5273185,7228216000,5274760,5273974,0,5273972,1028000,787,765.56,false
7228216000,5274760,5273974,0,5273972,7229244000,5275547,5274761,0,5274759,1028000,787,765.56,false
7229244000,5275547,5274761,0,5274759,7230272000,5276334,5275548,0,5275546,1028000,787,765.56,false
7230272000,5276334,5275548,0,5275546,7231300000,5277121,5276335,0,5276333,1028000,787,765.56,false
7231300000,5277121,5276335,0,5276333,7232328000,5277908,5277122,0,5277120,1028000,787,765.56,false
7232328000,5277908,5277122,0,5277120,7233356000,5278695,5277909,0,5277907,1028000,787,765.56,false
7233356000,5278695,5277909,0,5277907,7234384000,5279482,5278696,0,5278694,1028000,787,765.56,false
7234384000,5279482,5278696,0,5278694,7235412000,5280269,5279483,0,5279481,1028000,787,765.56,false
7235412000,5280269,5279483,0,5279481,7236503000,5281056,5280270,0,5280268,1091000,787,721.36,false
7237526000,5281840,5281054,0,5281052,7238547000,5282627,5281841,0,5281839,1021000,787,770.81,false
7238547000,5282627,5281841,0,5281839,7239570000,5283414,5282628,0,5282626,1023000,787,769.31,false
7239570000,5283414,5282628,0,5282626,7240595000,5284254,5283415,0,5283413,1025000,787,767.80,true
7240595000,5284254,5283415,0,5283413,7241635000,5285094,5284255,0,5284253,1040000,840,807.69,true
7241635000,5285094,5284255,0,5284253,7242682000,5285881,5285095,0,5285093,1047000,840,802.29,true
7242682000,5285881,5285095,0,5285093,7243701000,5286680,5285882,0,5285880,1019000,787,772.33,true
7243701000,5286680,5285882,0,5285880,7244728000,5287479,5286681,0,5286679,1027000,799,777.99,false
7244728000,5287479,5286681,0,5286679,7245757000,5288278,5287480,0,5287478,1029000,799,776.48,false
7245757000,5288278,5287480,0,5287478,7246787000,5289077,5288279,0,5288277,1030000,799,775.73,false
7246787000,5289077,5288279,0,5288277,7247816000,5289876,5289078,0,5289076,1029000,799,776.48,false
7247816000,5289876,5289078,0,5289076,7248845000,5290675,5289877,0,5289875,1029000,799,776.48,false
7248845000,5290675,5289877,0,5289875,7249874000,5291474,5290676,0,5290674,1029000,799,776.48,false
7249874000,5291474,5290676,0,5290674,7250903000,5292273,5291475,0,5291473,1029000,799,776.48,false
7250903000,5292273,5291475,0,5291473,7251932000,5293072,5292274,0,5292272,1029000,799,776.48,false
7251932000,5293072,5292274,0,5292272,7252961000,5293871,5293073,0,5293071,1029000,799,776.48,false
7252961000,5293871,5293073,0,5293071,7253990000,5294670,5293872,0,5293870,1029000,799,776.48,false
7253990000,5294670,5293872,0,5293870,7255019000,5295469,5294671,0,5294669,1029000,799,776.48,false
7255019000,5295469,5294671,0,5294669,7256048000,5296268,5295470,0,5295468,1029000,799,776.48,false
7256048000,5296268,5295470,0,5295468,7257077000,5297067,5296269,0,5296267,1029000,799,776.48,false
7257077000,5297067,5296269,0,5296267,7258106000,5297866,5297068,0,5297066,1029000,799,776.48,false
7258106000,5297866,5297068,0,5297066,7259201000,5298665,5297867,0,5297865,1095000,799,729.68,false
7259201000,5298665,5297867,0,5297865,7260221000,5299464,5298666,0,5298664,1020000,799,783.33,false
7260221000,5299464,5298666,0,5298664,7261251000,5300263,5299465,0,5299463,1030000,799,775.73,false
7261251000,5300263,5299465,0,5299463,7262279000,5301062,5300264,0,5300262,1028000,799,777.24,false
7263093000,5301695,5300897,0,5300895,7264118000,5302494,5301696,0,5301694,1025000,799,779.51,false
7264118000,5302494,5301696,0,5301694,7265144000,5303293,5302495,0,5302493,1026000,799,778.75,false
7265144000,5303293,5302495,0,5302493,7266170000,5304170,5303294,0,5303292,1026000,799,778.75,true
7266170000,5304170,5303294,0,5303292,7267224000,5305047,5304171,0,5304169,1054000,877,832.07,true
7267224000,5305047,5304171,0,5304169,7268285000,5305846,5305048,0,5305046,1061000,877,826.58,true
7268285000,5305846,5305048,0,5305046,7269312000,5306650,5305847,0,5305845,1027000,799,777.99,true
7269312000,5306650,5305847,0,5305845,7270333000,5307454,5306651,0,5306649,1021000,804,787.46,false
7270333000,5307454,5306651,0,5306649,7271358000,5308258,5307455,0,5307453,1025000,804,784.39,false
7271358000,5308258,5307455,0,5307453,7272387000,5309062,5308259,0,5308257,1029000,804,781.34,false
7272387000,5309062,5308259,0,5308257,7273416000,5309866,5309063,0,5309061,1029000,804,781.34,false
7273416000,5309866,5309063,0,5309061,7274444000,5310670,5309867,0,5309865,1028000,804,782.10,false
7274444000,5310670,5309867,0,5309865,7275472000,5311474,5310671,0,5310669,1028000,804,782.10,false
7275472000,5311474,5310671,0,5310669,7276500000,5312278,5311475,0,5311473,1028000,804,782.10,false
7276500000,5312278,5311475,0,5311473,7277528000,5313082,5312279,0,5312277,1028000,804,782.10,false
7277528000,5313082,5312279,0,5312277,7278556000,5313886,5313083,0,5313081,1028000,804,782.10,false
7278556000,5313886,5313083,0,5313081,7279584000,5314690,5313887,0,5313885,1028000,804,782.10,false
7279584000,5314690,5313887,0,5313885,7280612000,5315494,5314691,0,5314689,1028000,804,782.10,false
7280612000,5315494,5314691,0,5314689,7281640000,5316298,5315495,0,5315493,1028000,804,782.10,false
7281640000,5316298,5315495,0,5315493,7282737000,5317102,5316299,0,5316297,1097000,804,732.91,false
7282737000,5317102,5316299,0,5316297,7283751000,5317906,5317103,0,5317101,1014000,804,792.90,false
7283751000,5317906,5317103,0,5317101,7284781000,5318710,5317907,0,5317905,1030000,804,780.58,false
7284781000,5318710,5317907,0,5317905,7285811000,5319514,5318711,0,5318709,1030000,804,780.58,false
7285811000,5319514,5318711,0,5318709,7286840000,5320318,5319515,0,5319513,1029000,804,781.34,false
7286840000,5320318,5319515,0,5319513,7287868000,5321122,5320319,0,5320317,1028000,804,782.10,false
7288664000,5321745,5320942,0,5320940,7289692000,5322549,5321746,0,5321744,1028000,804,782.10,false
7289692000,5322549,5321746,0,5321744,7290720000,5323353,5322550,0,5322548,1028000,804,782.10,false
7290720000,5323353,5322550,0,5322548,7291748000,5324245,5323354,0,5323352,1028000,804,782.10,true
7291748000,5324245,5323354,0,5323352,7292809000,5325137,5324246,0,5324244,1061000,892,840.72,true
7292809000,5325137,5324246,0,5324244,7293879000,5325941,5325138,0,5325136,1070000,892,833.64,true
7293879000,5325941,5325138,0,5325136,7294909000,5326747,5325942,0,5325940,1030000,804,780.58,true
7294909000,5326747,5325942,0,5325940,7295929000,5327553,5326748,0,5326746,1020000,806,790.20,false
7295929000,5327553,5326748,0,5326746,7296955000,5328359,5327554,0,5327552,1026000,806,785.58,false
7296955000,5328359,5327554,0,5327552,7297984000,5329165,5328360,0,5328358,1029000,806,783.28,false
7297984000,5329165,5328360,0,5328358,7299013000,5329971,5329166,0,5329164,1029000,806,783.28,false
7299013000,5329971,5329166,0,5329164,7300042000,5330777,5329972,0,5329970,1029000,806,783.28,false
7300042000,5330777,5329972,0,5329970,7301071000,5331583,5330778,0,5330776,1029000,806,783.28,false
7301071000,5331583,5330778,0,5330776,7302100000,5332389,5331584,0,5331582,1029000,806,783.28,false
7302100000,5332389,5331584,0,5331582,7303129000,5333195,5332390,0,5332388,1029000,806,783.28,false
7303129000,5333195,5332390,0,5332388,7304158000,5334001,5333196,0,5333194,1029000,806,783.28,false
7304158000,5334001,5333196,0,5333194,7305187000,5334807,5334002,0,5334000,1029000,806,783.28,false
7305187000,5334807,5334002,0,5334000,7306285000,5335613,5334808,0,5334806,1098000,806,734.06,false
7306285000,5335613,5334808,0,5334806,7307305000,5336419,5335614,0,5335612,1020000,806,790.20,false
7307305000,5336419,5335614,0,5335612,7308335000,5337225,5336420,0,5336418,1030000,806,782.52,false
7308335000,5337225,5336420,0,5336418,7309365000,5338031,5337226,0,5337224,1030000,806,782.52,false
7309365000,5338031,5337226,0,5337224,7310394000,5338837,5338032,0,5338030,1029000,806,783.28,false
7310394000,5338837,5338032,0,5338030,7311423000,5339643,5338838,0,5338836,1029000,806,783.28,false
7311423000,5339643,5338838,0,5338836,7312452000,5340449,5339644,0,5339642,1029000,806,783.28,false
7312452000,5340449,5339644,0,5339642,7313481000,5341255,5340450,0,5340448,1029000,806,783.28,false
7314373000,5341953,5341148,0,5341146,7315402000,5342759,5341954,0,5341952,1029000,806,783.28,false
7315402000,5342759,5341954,0,5341952,7316431000,5343565,5342760,0,5342758,1029000,806,783.28,false
7316431000,5343565,5342760,0,5342758,7317460000,5344462,5343566,0,5343564,1029000,806,783.28,true
7317460000,5344462,5343566,0,5343564,7318522000,5345359,5344463,0,5344461,1062000,897,844.63,true
7318522000,5345359,5344463,0,5344461,7319596000,5346165,5345360,0,5345358,1074000,897,835.20,true
7319596000,5346165,5345360,0,5345358,7320625000,5346972,5346166,0,5346164,1029000,806,783.28,true
7320625000,5346972,5346166,0,5346164,7321645000,5347779,5346973,0,5346971,1020000,807,791.18,false
7321645000,5347779,5346973,0,5346971,7322672000,5348586,5347780,0,5347778,1027000,807,785.78,false
7322672000,5348586,5347780,0,5347778,7323701000,5349393,5348587,0,5348585,1029000,807,784.26,false
7323701000,5349393,5348587,0,5348585,7324731000,5350200,5349394,0,5349392,1030000,807,783.50,false
7324731000,5350200,5349394,0,5349392,7325760000,5351007,5350201,0,5350199,1029000,807,784.26,false
7325760000,5351007,5350201,0,5350199,7326789000,5351814,5351008,0,5351006,1029000,807,784.26,false
7326789000,5351814,5351008,0,5351006,7327818000,5352621,5351815,0,5351813,1029000,807,784.26,false
7327818000,5352621,5351815,0,5351813,7328847000,5353428,5352622,0,5352620,1029000,807,784.26,false
7328847000,5353428,5352622,0,5352620,7329948000,5354235,5353429,0,5353427,1101000,807,732.97,false
7329948000,5354235,5353429,0,5353427,7330963000,5355042,5354236,0,5354234,1015000,807,795.07,false
7330963000,5355042,5354236,0,5354234,7331992000,5355849,5355043,0,5355041,1029000,807,784.26,false
7331992000,5355849,5355043,0,5355041,7333023000,5356656,5355850,0,5355848,1031000,807,782.74,false
7333023000,5356656,5355850,0,5355848,7334053000,5357463,5356657,0,5356655,1030000,807,783.50,false
7334053000,5357463,5356657,0,5356655,7335082000,5358270,5357464,0,5357462,1029000,807,784.26,false
7335082000,5358270,5357464,0,5357462,7336111000,5359077,5358271,0,5358269,1029000,807,784.26,false
7336111000,5359077,5358271,0,5358269,7337140000,5359884,5359078,0,5359076,1029000,807,784.26,false
7337140000,5359884,5359078,0,5359076,7338169000,5360691,5359885,0,5359883,1029000,807,784.26,false
7338169000,5360691,5359885,0,5359883,7339198000,5361498,5360692,0,5360690,1029000,807,784.26,false
7340125000,5362225,5361419,0,5361417,7341154000,5363032,5362226,0,5362224,1029000,807,784.26,false
7341154000,5363032,5362226,0,5362224,7342183000,5363839,5363033,0,5363031,1029000,807,784.26,false
7342183000,5363839,5363033,0,5363031,7343212000,5364737,5363840,0,5363838,1029000,807,784.26,true
7343212000,5364737,5363840,0,5363838,7344276000,5365635,5364738,0,5364736,1064000,898,843.98,true
7344276000,5365635,5364738,0,5364736,7345350000,5366442,5365636,0,5365634,1074000,898,836.13,true
7345350000,5366442,5365636,0,5365634,7346381000,5367249,5366443,0,5366441,1031000,807,782.74,true
7346381000,5367249,5366443,0,5366441,7347401000,5368056,5367250,0,5367248,1020000,807,791.18,false
7347401000,5368056,5367250,0,5367248,7348427000,5368863,5368057,0,5368055,1026000,807,786.55,false
7348427000,5368863,5368057,0,5368055,7349457000,5369670,5368864,0,5368862,1030000,807,783.50,false
7349457000,5369670,5368864,0,5368862,7350487000,5370477,5369671,0,5369669,1030000,807,783.50,false
7350487000,5370477,5369671,0,5369669,7351516000,5371284,5370478,0,5370476,1029000,807,784.26,false
7351516000,5371284,5370478,0,5370476,7352545000,5372091,5371285,0,5371283,1029000,807,784.26,false
7352545000,5372091,5371285,0,5371283,7353646000,5372898,5372092,0,5372090,1101000,807,732.97,false
7353646000,5372898,5372092,0,5372090,7354664000,5373705,5372899,0,5372897,1018000,807,792.73,false
7354664000,5373705,5372899,0,5372897,7355692000,5374512,5373706,0,5373704,1028000,807,785.02,false
7355692000,5374512,5373706,0,5373704,7356722000,5375319,5374513,0,5374511,1030000,807,783.50,false
7356722000,5375319,5374513,0,5374511,7357752000,5376126,5375320,0,5375318,1030000,807,783.50,false
7357752000,5376126,5375320,0,5375318,7358781000,5376933,5376127,0,5376125,1029000,807,784.26,false
7358781000,5376933,5376127,0,5376125,7359810000,5377740,5376934,0,5376932,1029000,807,784.26,false
7359810000,5377740,5376934,0,5376932,7360839000,5378547,5377741,0,5377739,1029000,807,784.26,false
7360839000,5378547,5377741,0,5377739,7361868000,5379354,5378548,0,5378546,1029000,807,784.26,false
7361868000,5379354,5378548,0,5378546,7362897000,5380161,5379355,0,5379353,1029000,807,784.26,false
7362897000,5380161,5379355,0,5379353,7363926000,5380968,5380162,0,5380160,1029000,807,784.26,false
7363926000,5380968,5380162,0,5380160,7364955000,5381775,5380969,0,5380967,1029000,807,784.26,false
7365927000,5382538,5381732,0,5381730,7366956000,5383345,5382539,0,5382537,1029000,807,784.26,false
7366956000,5383345,5382539,0,5382537,7367985000,5384152,5383346,0,5383344,1029000,807,784.26,false
7367985000,5384152,5383346,0,5383344,7369014000,5385050,5384153,0,5384151,1029000,807,784.26,true
7369014000,5385050,5384153,0,5384151,7370078000,5385948,5385051,0,5385049,1064000,898,843.98,true
7370078000,5385948,5385051,0,5385049,7371152000,5386755,5385949,0,5385947,1074000,898,836.13,true
7371152000,5386755,5385949,0,5385947,7372182000,5387562,5386756,0,5386754,1030000,807,783.50,true
7372182000,5387562,5386756,0,5386754,7373202000,5388369,5387563,0,5387561,1020000,807,791.18,false
7373202000,5388369,5387563,0,5387561,7374228000,5389176,5388370,0,5388368,1026000,807,786.55,false
7374228000,5389176,5388370,0,5388368,7375258000,5389983,5389177,0,5389175,1030000,807,783.50,false
7375258000,5389983,5389177,0,5389175,7376288000,5390790,5389984,0,5389982,1030000,807,783.50,false
7376288000,5390790,5389984,0,5389982,7377397000,5391597,5390791,0,5390789,1109000,807,727.68,false
7377397000,5391597,5390791,0,5390789,7378411000,5392404,5391598,0,5391596,1014000,807,795.86,false
7378411000,5392404,5391598,0,5391596,7379436000,5393211,5392405,0,5392403,1025000,807,787.32,false
7379436000,5393211,5392405,0,5392403,7380465000,5394018,5393212,0,5393210,1029000,807,784.26,false
7380465000,5394018,5393212,0,5393210,7381495000,5394825,5394019,0,5394017,1030000,807,783.50,false
7381495000,5394825,5394019,0,5394017,7382524000,5395632,5394826,0,5394824,1029000,807,784.26,false
7382524000,5395632,5394826,0,5394824,7383553000,5396439,5395633,0,5395631,1029000,807,784.26,false
7383553000,5396439,5395633,0,5395631,7384582000,5397246,5396440,0,5396438,1029000,807,784.26,false
7384582000,5397246,5396440,0,5396438,7385611000,5398053,5397247,0,5397245,1029000,807,784.26,false
7385611000,5398053,5397247,0,5397245,7386640000,5398860,5398054,0,5398052,1029000,807,784.26,false
7386640000,5398860,5398054,0,5398052,7387669000,5399667,5398861,0,5398859,1029000,807,784.26,false
7387669000,5399667,5398861,0,5398859,7388698000,5400474,5399668,0,5399666,1029000,807,784.26,false
7388698000,5400474,5399668,0,5399666,7389727000,5401281,5400475,0,5400473,1029000,807,784.26,false
7389727000,5401281,5400475,0,5400473,7390756000,5402088,5401282,0,5401280,1029000,807,784.26,false
7391737000,5402858,5402052,0,5402050,7392766000,5403665,5402859,0,5402857,1029000,807,784.26,false
7392766000,5403665,5402859,0,5402857,7393795000,5404472,5403666,0,5403664,1029000,807,784.26,false
7393795000,5404472,5403666,0,5403664,7394824000,5405370,5404473,0,5404471,1029000,807,784.26,true
7394824000,5405370,5404473,0,5404471,7395888000,5406268,5405371,0,5405369,1064000,898,843.98,true
7395888000,5406268,5405371,0,5405369,7396962000,5407075,5406269,0,5406267,1074000,898,836.13,true
7396962000,5407075,5406269,0,5406267,7397992000,5407882,5407076,0,5407074,1030000,807,783.50,true
7397992000,5407882,5407076,0,5407074,7399012000,5408689,5407883,0,5407881,1020000,807,791.18,false
7399012000,5408689,5407883,0,5407881,7400038000,5409496,5408690,0,5408688,1026000,807,786.55,false
7400038000,5409496,5408690,0,5408688,7401130000,5410303,5409497,0,5409495,1092000,807,739.01,false
7401130000,5410303,5409497,0,5409495,7402162000,5411110,5410304,0,5410302,1032000,807,781.98,false
7402162000,5411110,5410304,0,5410302,7403187000,5411917,5411111,0,5411109,1025000,807,787.32,false
7403187000,5411917,5411111,0,5411109,7404214000,5412724,5411918,0,5411916,1027000,807,785.78,false
7404214000,5412724,5411918,0,5411916,7405243000,5413531,5412725,0,5412723,1029000,807,784.26,false
7405243000,5413531,5412725,0,5412723,7406272000,5414338,5413532,0,5413530,1029000,807,784.26,false
7406272000,5414338,5413532,0,5413530,7407301000,5415145,5414339,0,5414337,1029000,807,784.26,false
7407301000,5415145,5414339,0,5414337,7408330000,5415952,5415146,0,5415144,1029000,807,784.26,false
7408330000,5415952,5415146,0,5415144,7409359000,5416759,5415953,0,5415951,1029000,807,784.26,false
7409359000,5416759,5415953,0,5415951,7410388000,5417566,5416760,0,5416758,1029000,807,784.26,false
7410388000,5417566,5416760,0,5416758,7411417000,5418373,5417567,0,5417565,1029000,807,784.26,false
7411417000,5418373,5417567,0,5417565,7412446000,5419180,5418374,0,5418372,1029000,807,784.26,false
7412446000,5419180,5418374,0,5418372,7413475000,5419987,5419181,0,5419179,1029000,807,784.26,false
7413475000,5419987,5419181,0,5419179,7414504000,5420794,5419988,0,5419986,1029000,807,784.26,false
7414504000,5420794,5419988,0,5419986,7415533000,5421601,5420795,0,5420793,1029000,807,784.26,false
7415533000,5421601,5420795,0,5420793,7416562000,5422408,5421602,0,5421600,1029000,807,784.26,false
7417518000,5423156,5422350,0,5422348,7418547000,5423963,5423157,0,5423155,1029000,807,784.26,false
7418547000,5423963,5423157,0,5423155,7419576000,5424770,5423964,0,5423962,1029000,807,784.26,false
7419576000,5424770,5423964,0,5423962,7420605000,5425668,5424771,0,5424769,1029000,807,784.26,true
7420605000,5425668,5424771,0,5424769,7421668000,5426566,5425669,0,5425667,1063000,898,844.78,true
7421668000,5426566,5425669,0,5425667,7422742000,5427373,5426567,0,5426565,1074000,898,836.13,true
7422742000,5427373,5426567,0,5426565,7423852000,5428180,5427374,0,5427372,1110000,807,727.03,true
7423852000,5428180,5427374,0,5427372,7424887000,5428987,5428181,0,5428179,1035000,807,779.71,false
7424887000,5428987,5428181,0,5428179,7425931000,5429794,5428988,0,5428986,1044000,807,772.99,false
7425931000,5429794,5428988,0,5428986,7426967000,5430601,5429795,0,5429793,1036000,807,778.96,false
7426967000,5430601,5429795,0,5429793,7427999000,5431408,5430602,0,5430600,1032000,807,781.98,false
7427999000,5431408,5430602,0,5430600,7429030000,5432215,5431409,0,5431407,1031000,807,782.74,false
7429030000,5432215,5431409,0,5431407,7430062000,5433022,5432216,0,5432214,1032000,807,781.98,false
7430062000,5433022,5432216,0,5432214,7431095000,5433829,5433023,0,5433021,1033000,807,781.22,false
7431095000,5433829,5433023,0,5433021,7432127000,5434636,5433830,0,5433828,1032000,807,781.98,false
7432127000,5434636,5433830,0,5433828,7433159000,5435443,5434637,0,5434635,1032000,807,781.98,false
7433159000,5435443,5434637,0,5434635,7434191000,5436250,5435444,0,5435442,1032000,807,781.98,false
7434191000,5436250,5435444,0,5435442,7435223000,5437057,5436251,0,5436249,1032000,807,781.98,false
7435223000,5437057,5436251,0,5436249,7436256000,5437864,5437058,0,5437056,1033000,807,781.22,false
7436256000,5437864,5437058,0,5437056,7437288000,5438671,5437865,0,5437863,1032000,807,781.98,false
7437288000,5438671,5437865,0,5437863,7438320000,5439478,5438672,0,5438670,1032000,807,781.98,false
7438320000,5439478,5438672,0,5438670,7439352000,5440285,5439479,0,5439477,1032000,807,781.98,false
7439352000,5440285,5439479,0,5439477,7440384000,5441092,5440286,0,5440284,1032000,807,781.98,false
7440384000,5441092,5440286,0,5440284,7441416000,5441899,5441093,0,5441091,1032000,807,781.98,false
7441416000,5441899,5441093,0,5441091,7442448000,5442706,5441900,0,5441898,1032000,807,781.98,false
7442448000,5442706,5441900,0,5441898,7443480000,5443513,5442707,0,5442705,1032000,807,781.98,false
7443678000,5443668,5442862,0,5442860,7444710000,5444475,5443669,0,5443667,1032000,807,781.98,false
7444710000,5444475,5443669,0,5443667,7445742000,5445282,5444476,0,5444474,1032000,807,781.98,false
7445742000,5445282,5444476,0,5444474,7446774000,5446190,5445283,0,5445281,1032000,807,781.98,true
7446774000,5446190,5445283,0,5445281,7447941000,5447098,5446191,0,5446189,1167000,908,778.06,true
7447941000,5447098,5446191,0,5446189,7448994000,5447905,5447099,0,5447097,1053000,908,862.30,true
7448994000,5447905,5447099,0,5447097,7450012000,5448726,5447906,0,5447904,1018000,807,792.73,true
7450012000,5448726,5447906,0,5447904,7451030000,5449547,5448727,0,5448725,1018000,821,806.48,false
7451030000,5449547,5448727,0,5448725,7452055000,5450368,5449548,0,5449546,1025000,821,800.98,false
7452055000,5450368,5449548,0,5449546,7453081000,5451189,5450369,0,5450367,1026000,821,800.19,false
7453081000,5451189,5450369,0,5450367,7454106000,5452010,5451190,0,5451188,1025000,821,800.98,false
7454106000,5452010,5451190,0,5451188,7455131000,5452831,5452011,0,5452009,1025000,821,800.98,false
7455131000,5452831,5452011,0,5452009,7456156000,5453652,5452832,0,5452830,1025000,821,800.98,false
7456156000,5453652,5452832,0,5452830,7457181000,5454473,5453653,0,5453651,1025000,821,800.98,false
7457181000,5454473,5453653,0,5453651,7458206000,5455294,5454474,0,5454472,1025000,821,800.98,false
7458206000,5455294,5454474,0,5454472,7459231000,5456115,5455295,0,5455293,1025000,821,800.98,false
7459231000,5456115,5455295,0,5455293,7460256000,5456936,5456116,0,5456114,1025000,821,800.98,false
7460256000,5456936,5456116,0,5456114,7461281000,5457757,5456937,0,5456935,1025000,821,800.98,false
7461281000,5457757,5456937,0,5456935,7462306000,5458578,5457758,0,5457756,1025000,821,800.98,false
7462306000,5458578,5457758,0,5457756,7463331000,5459399,5458579,0,5458577,1025000,821,800.98,false
7463331000,5459399,5458579,0,5458577,7464356000,5460220,5459400,0,5459398,1025000,821,800.98,false
7464356000,5460220,5459400,0,5459398,7465381000,5461041,5460221,0,5460219,1025000,821,800.98,false
7465381000,5461041,5460221,0,5460219,7466406000,5461862,5461042,0,5461040,1025000,821,800.98,false
7466406000,5461862,5461042,0,5461040,7467431000,5462683,5461863,0,5461861,1025000,821,800.98,false
7467431000,5462683,5461863,0,5461861,7468456000,5463504,5462684,0,5462682,1025000,821,800.98,false
7468751000,5463739,5462919,0,5462917,7469776000,5464560,5463740,0,5463738,1025000,821,800.98,false
7469776000,5464560,5463740,0,5463738,7470854000,5465381,5464561,0,5464559,1078000,821,761.60,false
7470854000,5465381,5464561,0,5464559,7471882000,5466283,5465382,0,5465380,1028000,821,798.64,true
7471882000,5466283,5465382,0,5465380,7472953000,5467185,5466284,0,5466282,1071000,902,842.20,true
7472953000,5467185,5466284,0,5466282,7474024000,5468006,5467186,0,5467184,1071000,902,842.20,true
7474024000,5468006,5467186,0,5467184,7475025000,5468834,5468007,0,5468005,1001000,821,820.18,true
7475025000,5468834,5468007,0,5468005,7476057000,5469662,5468835,0,5468833,1032000,828,802.33,false
7476057000,5469662,5468835,0,5468833,7477091000,5470490,5469663,0,5469661,1034000,828,800.77,false
7477091000,5470490,5469663,0,5469661,7478123000,5471318,5470491,0,5470489,1032000,828,802.33,false
7478123000,5471318,5470491,0,5470489,7479155000,5472146,5471319,0,5471317,1032000,828,802.33,false
7479155000,5472146,5471319,0,5471317,7480187000,5472974,5472147,0,5472145,1032000,828,802.33,false
7480187000,5472974,5472147,0,5472145,7481218000,5473802,5472975,0,5472973,1031000,828,803.10,false
7481218000,5473802,5472975,0,5472973,7482249000,5474630,5473803,0,5473801,1031000,828,803.10,false
7482249000,5474630,5473803,0,5473801,7483280000,5475458,5474631,0,5474629,1031000,828,803.10,false
7483280000,5475458,5474631,0,5474629,7484311000,5476286,5475459,0,5475457,1031000,828,803.10,false
7484311000,5476286,5475459,0,5475457,7485342000,5477114,5476287,0,5476285,1031000,828,803.10,false
7485342000,5477114,5476287,0,5476285,7486374000,5477942,5477115,0,5477113,1032000,828,802.33,false
7486374000,5477942,5477115,0,5477113,7487405000,5478770,5477943,0,5477941,1031000,828,803.10,false
7487405000,5478770,5477943,0,5477941,7488436000,5479598,5478771,0,5478769,1031000,828,803.10,false
7488436000,5479598,5478771,0,5478769,7489467000,5480426,5479599,0,5479597,1031000,828,803.10,false
7489467000,5480426,5479599,0,5479597,7490498000,5481254,5480427,0,5480425,1031000,828,803.10,false
7490498000,5481254,5480427,0,5480425,7491529000,5482082,5481255,0,5481253,1031000,828,803.10,false
7491529000,5482082,5481255,0,5481253,7492560000,5482910,5482083,0,5482081,1031000,828,803.10,false
7492560000,5482910,5482083,0,5482081,7493616000,5483738,5482911,0,5482909,1056000,828,784.09,false
7493616000,5483738,5482911,0,5482909,7494683000,5484566,5483739,0,5483737,1067000,828,776.01,false
7494868000,5484718,5483891,0,5483889,7495908000,5485546,5484719,0,5484717,1040000,828,796.15,false
7495908000,5485546,5484719,0,5484717,7496940000,5486374,5485547,0,5485545,1032000,828,802.33,false
7496940000,5486374,5485547,0,5485545,7497971000,5487241,5486375,0,5486373,1031000,828,803.10,true
7497971000,5487241,5486375,0,5486373,7499017000,5488108,5487242,0,5487240,1046000,867,828.87,true
7499017000,5488108,5487242,0,5487240,7500067000,5488936,5488109,0,5488107,1050000,867,825.71,true
7500067000,5488936,5488109,0,5488107,7501090000,5489774,5488937,0,5488935,1023000,828,809.38,true
7501090000,5489774,5488937,0,5488935,7502127000,5490612,5489775,0,5489773,1037000,838,808.10,false
7502127000,5490612,5489775,0,5489773,7503163000,5491450,5490613,0,5490611,1036000,838,808.88,false
7503163000,5491450,5490613,0,5490611,7504199000,5492288,5491451,0,5491449,1036000,838,808.88,false
7504199000,5492288,5491451,0,5491449,7505234000,5493126,5492289,0,5492287,1035000,838,809.66,false
7505234000,5493126,5492289,0,5492287,7506270000,5493964,5493127,0,5493125,1036000,838,808.88,false
7506270000,5493964,5493127,0,5493125,7507306000,5494802,5493965,0,5493963,1036000,838,808.88,false
7507306000,5494802,5493965,0,5493963,7508342000,5495640,5494803,0,5494801,1036000,838,808.88,false
7508342000,5495640,5494803,0,5494801,7509378000,5496478,5495641,0,5495639,1036000,838,808.88,false
7509378000,5496478,5495641,0,5495639,7510414000,5497316,5496479,0,5496477,1036000,838,808.88,false
7510414000,5497316,5496479,0,5496477,7511450000,5498154,5497317,0,5497315,1036000,838,808.88,false
7511450000,5498154,5497317,0,5497315,7512486000,5498992,5498155,0,5498153,1036000,838,808.88,false
7512486000,5498992,5498155,0,5498153,7513522000,5499830,5498993,0,5498991,1036000,838,808.88,false
7513522000,5499830,5498993,0,5498991,7514558000,5500668,5499831,0,5499829,1036000,838,808.88,false
7514558000,5500668,5499831,0,5499829,7515594000,5501506,5500669,0,5500667,1036000,838,808.88,false
7515594000,5501506,5500669,0,5500667,7516630000,5502344,5501507,0,5501505,1036000,838,808.88,false
7516630000,5502344,5501507,0,5501505,7517730000,5503182,5502345,0,5502343,1100000,838,761.82,false
7517730000,5503182,5502345,0,5502343,7518760000,5504020,5503183,0,5503181,1030000,838,813.59,false
7518760000,5504020,5503183,0,5503181,7519800000,5504858,5504021,0,5504019,1040000,838,805.77,false
7519800000,5504858,5504021,0,5504019,7520835000,5505696,5504859,0,5504857,1035000,838,809.66,false
7521049000,5505869,5505032,0,5505030,7522081000,5506707,5505870,0,5505868,1032000,838,812.02,false
7522081000,5506707,5505870,0,5505868,7523113000,5507545,5506708,0,5506706,1032000,838,812.02,false
7523113000,5507545,5506708,0,5506706,7524145000,5508481,5507546,0,5507544,1032000,838,812.02,true
7524145000,5508481,5507546,0,5507544,7525225000,5509417,5508482,0,5508480,1080000,936,866.67,true
7525225000,5509417,5508482,0,5508480,7526310000,5510255,5509418,0,5509416,1085000,936,862.67,true
7526310000,5510255,5509418,0,5509416,7527333000,5511089,5510256,0,5510254,1023000,838,819.16,true
7527333000,5511089,5510256,0,5510254,7528357000,5511923,5511090,0,5511088,1024000,834,814.45,false
7528357000,5511923,5511090,0,5511088,7529388000,5512757,5511924,0,5511922,1031000,834,808.92,false
7529388000,5512757,5511924,0,5511922,7530419000,5513591,5512758,0,5512756,1031000,834,808.92,false
7530419000,5513591,5512758,0,5512756,7531450000,5514425,5513592,0,5513590,1031000,834,808.92,false
7531450000,5514425,5513592,0,5513590,7532481000,5515259,5514426,0,5514424,1031000,834,808.92,false
7532481000,5515259,5514426,0,5514424,7533512000,5516093,5515260,0,5515258,1031000,834,808.92,false
7533512000,5516093,5515260,0,5515258,7534542000,5516927,5516094,0,5516092,1030000,834,809.71,false
7534542000,5516927,5516094,0,5516092,7535572000,5517761,5516928,0,5516926,1030000,834,809.71,false
7535572000,5517761,5516928,0,5516926,7536603000,5518595,5517762,0,5517760,1031000,834,808.92,false
7536603000,5518595,5517762,0,5517760,7537634000,5519429,5518596,0,5518594,1031000,834,808.92,false
7537634000,5519429,5518596,0,5518594,7538665000,5520263,5519430,0,5519428,1031000,834,808.92,false
7538665000,5520263,5519430,0,5519428,7539696000,5521097,5520264,0,5520262,1031000,834,808.92,false
7539696000,5521097,5520264,0,5520262,7540727000,5521931,5521098,0,5521096,1031000,834,808.92,false
7540727000,5521931,5521098,0,5521096,7541816000,5522765,5521932,0,5521930,1089000,834,765.84,false
7541816000,5522765,5521932,0,5521930,7542844000,5523599,5522766,0,5522764,1028000,834,811.28,false
7542844000,5523599,5522766,0,5522764,7543879000,5524433,5523600,0,5523598,1035000,834,805.80,false
7543879000,5524433,5523600,0,5523598,7544910000,5525267,5524434,0,5524432,1031000,834,808.92,false
7544910000,5525267,5524434,0,5524432,7545941000,5526101,5525268,0,5525266,1031000,834,808.92,false
7545941000,5526101,5525268,0,5525266,7546972000,5526935,5526102,0,5526100,1031000,834,808.92,false
7547003000,5526961,5526128,0,5526126,7548034000,5527795,5526962,0,5526960,1031000,834,808.92,false
7548034000,5527795,5526962,0,5526960,7549065000,5528629,5527796,0,5527794,1031000,834,808.92,false
7549065000,5528629,5527796,0,5527794,7550095000,5529561,5528630,0,5528628,1030000,834,809.71,true
7550095000,5529561,5528630,0,5528628,7551171000,5530493,5529562,0,5529560,1076000,932,866.17,true
7551171000,5530493,5529562,0,5529560,7552253000,5531327,5530494,0,5530492,1082000,932,861.37,true
7552253000,5531327,5530494,0,5530492,7553279000,5532157,5531328,0,5531326,1026000,834,812.87,true
7553279000,5532157,5531328,0,5531326,7554299000,5532987,5532158,0,5532156,1020000,830,813.73,false
7554299000,5532987,5532158,0,5532156,7555327000,5533817,5532988,0,5532986,1028000,830,807.39,false
7555327000,5533817,5532988,0,5532986,7556357000,5534647,5533818,0,5533816,1030000,830,805.83,false
7556357000,5534647,5533818,0,5533816,7557386000,5535477,5534648,0,5534646,1029000,830,806.61,false
7557386000,5535477,5534648,0,5534646,7558415000,5536307,5535478,0,5535476,1029000,830,806.61,false
7558415000,5536307,5535478,0,5535476,7559444000,5537137,5536308,0,5536306,1029000,830,806.61,false
7559444000,5537137,5536308,0,5536306,7560473000,5537967,5537138,0,5537136,1029000,830,806.61,false
7560473000,5537967,5537138,0,5537136,7561502000,5538797,5537968,0,5537966,1029000,830,806.61,false
7561502000,5538797,5537968,0,5537966,7562531000,5539627,5538798,0,5538796,1029000,830,806.61,false
7562531000,5539627,5538798,0,5538796,7563560000,5540457,5539628,0,5539626,1029000,830,806.61,false
7563560000,5540457,5539628,0,5539626,7564589000,5541287,5540458,0,5540456,1029000,830,806.61,false
7564589000,5541287,5540458,0,5540456,7565678000,5542117,5541288,0,5541286,1089000,830,762.17,false
7565678000,5542117,5541288,0,5541286,7566702000,5542947,5542118,0,5542116,1024000,830,810.55,false
7566702000,5542947,5542118,0,5542116,7567734000,5543777,5542948,0,5542946,1032000,830,804.26,false
7567734000,5543777,5542948,0,5542946,7568764000,5544607,5543778,0,5543776,1030000,830,805.83,false
7568764000,5544607,5543778,0,5543776,7569793000,5545437,5544608,0,5544606,1029000,830,806.61,false
7569793000,5545437,5544608,0,5544606,7570822000,5546267,5545438,0,5545436,1029000,830,806.61,false
7570822000,5546267,5545438,0,5545436,7571851000,5547097,5546268,0,5546266,1029000,830,806.61,false
7572792000,5547856,5547027,0,5547025,7573821000,5548686,5547857,0,5547855,1029000,830,806.61,false
7573821000,5548686,5547857,0,5547855,7574850000,5549516,5548687,0,5548685,1029000,830,806.61,false
7574850000,5549516,5548687,0,5548685,7575879000,5550440,5549517,0,5549515,1029000,830,806.61,true
7575879000,5550440,5549517,0,5549515,7576948000,5551364,5550441,0,5550439,1069000,924,864.36,true
7576948000,5551364,5550441,0,5550439,7578026000,5552194,5551365,0,5551363,1078000,924,857.14,true
7578026000,5552194,5551365,0,5551363,7579054000,5553022,5552195,0,5552193,1028000,830,807.39,true
7579054000,5553022,5552195,0,5552193,7580073000,5553850,5553023,0,5553021,1019000,828,812.56,false
7580073000,5553850,5553023,0,5553021,7581099000,5554678,5553851,0,5553849,1026000,828,807.02,false
7581099000,5554678,5553851,0,5553849,7582128000,5555506,5554679,0,5554677,1029000,828,804.66,false
7582128000,5555506,5554679,0,5554677,7583156000,5556334,5555507,0,5555505,1028000,828,805.45,false
7583156000,5556334,5555507,0,5555505,7584184000,5557162,5556335,0,5556333,1028000,828,805.45,false
7584184000,5557162,5556335,0,5556333,7585212000,5557990,5557163,0,5557161,1028000,828,805.45,false
7585212000,5557990,5557163,0,5557161,7586240000,5558818,5557991,0,5557989,1028000,828,805.45,false
7586240000,5558818,5557991,0,5557989,7587268000,5559646,5558819,0,5558817,1028000,828,805.45,false
7587268000,5559646,5558819,0,5558817,7588296000,5560474,5559647,0,5559645,1028000,828,805.45,false
7588296000,5560474,5559647,0,5559645,7589392000,5561302,5560475,0,5560473,1096000,828,755.47,false
7589392000,5561302,5560475,0,5560473,7590410000,5562130,5561303,0,5561301,1018000,828,813.36,false
7590410000,5562130,5561303,0,5561301,7591442000,5562958,5562131,0,5562129,1032000,828,802.33,false
7591442000,5562958,5562131,0,5562129,7592474000,5563786,5562959,0,5562957,1032000,828,802.33,false
7592474000,5563786,5562959,0,5562957,7593506000,5564614,5563787,0,5563785,1032000,828,802.33,false
7593506000,5564614,5563787,0,5563785,7594538000,5565442,5564615,0,5564613,1032000,828,802.33,false
7594538000,5565442,5564615,0,5564613,7595569000,5566270,5565443,0,5565441,1031000,828,803.10,false
7595569000,5566270,5565443,0,5565441,7596600000,5567098,5566271,0,5566269,1031000,828,803.10,false
7596600000,5567098,5566271,0,5566269,7597631000,5567926,5567099,0,5567097,1031000,828,803.10,false
7598580000,5568688,5567861,0,5567859,7599611000,5569516,5568689,0,5568687,1031000,828,803.10,false
7599611000,5569516,5568689,0,5568687,7600642000,5570344,5569517,0,5569515,1031000,828,803.10,false
7600642000,5570344,5569517,0,5569515,7601673000,5571272,5570345,0,5570343,1031000,828,803.10,true
7601673000,5571272,5570345,0,5570343,7602751000,5572200,5571273,0,5571271,1078000,928,860.85,true
7602751000,5572200,5571273,0,5571271,7603835000,5573028,5572201,0,5572199,1084000,928,856.09,true
7603835000,5573028,5572201,0,5572199,7604861000,5573852,5573029,0,5573027,1026000,828,807.02,true
7604861000,5573852,5573029,0,5573027,7605882000,5574676,5573853,0,5573851,1021000,824,807.05,false
7605882000,5574676,5573853,0,5573851,7606910000,5575500,5574677,0,5574675,1028000,824,801.56,false
7606910000,5575500,5574677,0,5574675,7607941000,5576324,5575501,0,5575499,1031000,824,799.22,false
7607941000,5576324,5575501,0,5575499,7608971000,5577148,5576325,0,5576323,1030000,824,800.00,false
7608971000,5577148,5576325,0,5576323,7610001000,5577972,5577149,0,5577147,1030000,824,800.00,false
7610001000,5577972,5577149,0,5577147,7611031000,5578796,5577973,0,5577971,1030000,824,800.00,false
7611031000,5578796,5577973,0,5577971,7612061000,5579620,5578797,0,5578795,1030000,824,800.00,false
7612061000,5579620,5578797,0,5578795,7613163000,5580444,5579621,0,5579619,1102000,824,747.73,false
7613163000,5580444,5579621,0,5579619,7614180000,5581268,5580445,0,5580443,1017000,824,810.23,false
7614180000,5581268,5580445,0,5580443,7615208000,5582092,5581269,0,5581267,1028000,824,801.56,false
7615208000,5582092,5581269,0,5581267,7616239000,5582916,5582093,0,5582091,1031000,824,799.22,false
7616239000,5582916,5582093,0,5582091,7617269000,5583740,5582917,0,5582915,1030000,824,800.00,false
7617269000,5583740,5582917,0,5582915,7618299000,5584564,5583741,0,5583739,1030000,824,800.00,false
7618299000,5584564,5583741,0,5583739,7619329000,5585388,5584565,0,5584563,1030000,824,800.00,false
7619329000,5585388,5584565,0,5584563,7620359000,5586212,5585389,0,5585387,1030000,824,800.00,false
7620359000,5586212,5585389,0,5585387,7621389000,5587036,5586213,0,5586211,1030000,824,800.00,false
7621389000,5587036,5586213,0,5586211,7622419000,5587860,5587037,0,5587035,1030000,824,800.00,false
7622419000,5587860,5587037,0,5587035,7623449000,5588684,5587861,0,5587859,1030000,824,800.00,false
7624474000,5589504,5588681,0,5588679,7625503000,5590328,5589505,0,5589503,1029000,824,800.78,false
7625503000,5590328,5589505,0,5589503,7626533000,5591152,5590329,0,5590327,1030000,824,800.00,false
7626533000,5591152,5590329,0,5590327,7627563000,5592069,5591153,0,5591151,1030000,824,800.00,true
7627563000,5592069,5591153,0,5591151,7628632000,5592986,5592070,0,5592068,1069000,917,857.81,true
7628632000,5592986,5592070,0,5592068,7629709000,5593810,5592987,0,5592985,1077000,917,851.44,true
7629709000,5593810,5592987,0,5592985,7630737000,5594632,5593811,0,5593809,1028000,824,801.56,true
7630737000,5594632,5593811,0,5593809,7631756000,5595454,5594633,0,5594631,1019000,822,806.67,false
7631756000,5595454,5594633,0,5594631,7632784000,5596276,5595455,0,5595453,1028000,822,799.61,false
7632784000,5596276,5595455,0,5595453,7633814000,5597098,5596277,0,5596275,1030000,822,798.06,false
7633814000,5597098,5596277,0,5596275,7634843000,5597920,5597099,0,5597097,1029000,822,798.83,false
7634843000,5597920,5597099,0,5597097,7635872000,5598742,5597921,0,5597919,1029000,822,798.83,false
7635872000,5598742,5597921,0,5597919,7636972000,5599564,5598743,0,5598741,1100000,822,747.27,false
7636972000,5599564,5598743,0,5598741,7637988000,5600386,5599565,0,5599563,1016000,822,809.06,false
7637988000,5600386,5599565,0,5599563,7639018000,5601208,5600387,0,5600385,1030000,822,798.06,false
7639018000,5601208,5600387,0,5600385,7640048000,5602030,5601209,0,5601207,1030000,822,798.06,false
7640048000,5602030,5601209,0,5601207,7641077000,5602852,5602031,0,5602029,1029000,822,798.83,false
7641077000,5602852,5602031,0,5602029,7642106000,5603674,5602853,0,5602851,1029000,822,798.83,false
7642106000,5603674,5602853,0,5602851,7643135000,5604496,5603675,0,5603673,1029000,822,798.83,false
7643135000,5604496,5603675,0,5603673,7644164000,5605318,5604497,0,5604495,1029000,822,798.83,false
7644164000,5605318,5604497,0,5604495,7645193000,5606140,5605319,0,5605317,1029000,822,798.83,false
7645193000,5606140,5605319,0,5605317,7646222000,5606962,5606141,0,5606139,1029000,822,798.83,false
7646222000,5606962,5606141,0,5606139,7647251000,5607784,5606963,0,5606961,1029000,822,798.83,false
7647251000,5607784,5606963,0,5606961,7648280000,5608606,5607785,0,5607783,1029000,822,798.83,false
7648280000,5608606,5607785,0,5607783,7649309000,5609428,5608607,0,5608605,1029000,822,798.83,false
7650194000,5610135,5609314,0,5609312,7651223000,5610957,5610136,0,5610134,1029000,822,798.83,false
7651223000,5610957,5610136,0,5610134,7652252000,5611779,5610958,0,5610956,1029000,822,798.83,false
7652252000,5611779,5610958,0,5610956,7653281000,5612694,5611780,0,5611778,1029000,822,798.83,true
7653281000,5612694,5611780,0,5611778,7654348000,5613609,5612695,0,5612693,1067000,915,857.54,true
7654348000,5613609,5612695,0,5612693,7655425000,5614431,5613610,0,5613608,1077000,915,849.58,true
7655425000,5614431,5613610,0,5613608,7656453000,5615251,5614432,0,5614430,1028000,822,799.61,true
7656453000,5615251,5614432,0,5614430,7657472000,5616071,5615252,0,5615250,1019000,820,804.71,false
7657472000,5616071,5615252,0,5615250,7658498000,5616891,5616072,0,5616070,1026000,820,799.22,false
7658498000,5616891,5616072,0,5616070,7659526000,5617711,5616892,0,5616890,1028000,820,797.67,false
7659526000,5617711,5616892,0,5616890,7660624000,5618531,5617712,0,5617710,1098000,820,746.81,false
7660624000,5618531,5617712,0,5617710,7661640000,5619351,5618532,0,5618530,1016000,820,807.09,false
7661640000,5619351,5618532,0,5618530,7662667000,5620171,5619352,0,5619350,1027000,820,798.44,false
7662667000,5620171,5619352,0,5619350,7663696000,5620991,5620172,0,5620170,1029000,820,796.89,false
7663696000,5620991,5620172,0,5620170,7664724000,5621811,5620992,0,5620990,1028000,820,797.67,false
7664724000,5621811,5620992,0,5620990,7665752000,5622631,5621812,0,5621810,1028000,820,797.67,false
7665752000,5622631,5621812,0,5621810,7666780000,5623451,5622632,0,5622630,1028000,820,797.67,false
7666780000,5623451,5622632,0,5622630,7667808000,5624271,5623452,0,5623450,1028000,820,797.67,false
7667808000,5624271,5623452,0,5623450,7668836000,5625091,5624272,0,5624270,1028000,820,797.67,false
7668836000,5625091,5624272,0,5624270,7669864000,5625911,5625092,0,5625090,1028000,820,797.67,false
7669864000,5625911,5625092,0,5625090,7670892000,5626731,5625912,0,5625910,1028000,820,797.67,false
7670892000,5626731,5625912,0,5625910,7671920000,5627551,5626732,0,5626730,1028000,820,797.67,false
7671920000,5627551,5626732,0,5626730,7672948000,5628371,5627552,0,5627550,1028000,820,797.67,false
7672948000,5628371,5627552,0,5627550,7673976000,5629191,5628372,0,5628370,1028000,820,797.67,false
7673976000,5629191,5628372,0,5628370,7675004000,5630011,5629192,0,5629190,1028000,820,797.67,false
7675884000,5630713,5629894,0,5629892,7676912000,5631533,5630714,0,5630712,1028000,820,797.67,false
7676912000,5631533,5630714,0,5630712,7677940000,5632353,5631534,0,5631532,1028000,820,797.67,false
7677940000,5632353,5631534,0,5631532,7678968000,5633263,5632354,0,5632352,1028000,820,797.67,true
7678968000,5633263,5632354,0,5632352,7680033000,5634173,5633264,0,5633262,1065000,910,854.46,true
7680033000,5634173,5633264,0,5633262,7681107000,5634993,5634174,0,5634172,1074000,910,847.30,true
7681107000,5634993,5634174,0,5634172,7682136000,5635813,5634994,0,5634992,1029000,820,796.89,true
7682136000,5635813,5634994,0,5634992,7683155000,5636633,5635814,0,5635812,1019000,820,804.71,false
7683155000,5636633,5635814,0,5635812,7684222000,5637453,5636634,0,5636632,1067000,820,768.51,false
7684222000,5637453,5636634,0,5636632,7685244000,5638273,5637454,0,5637452,1022000,820,802.35,false
7685244000,5638273,5637454,0,5637452,7686269000,5639093,5638274,0,5638272,1025000,820,800.00,false
7686269000,5639093,5638274,0,5638272,7687297000,5639913,5639094,0,5639092,1028000,820,797.67,false
7687297000,5639913,5639094,0,5639092,7688325000,5640733,5639914,0,5639912,1028000,820,797.67,false
7688325000,5640733,5639914,0,5639912,7689353000,5641553,5640734,0,5640732,1028000,820,797.67,false
7689353000,5641553,5640734,0,5640732,7690381000,5642373,5641554,0,5641552,1028000,820,797.67,false
7690381000,5642373,5641554,0,5641552,7691409000,5643193,5642374,0,5642372,1028000,820,797.67,false
7691409000,5643193,5642374,0,5642372,7692437000,5644013,5643194,0,5643192,1028000,820,797.67,false
7692437000,5644013,5643194,0,5643192,7693465000,5644833,5644014,0,5644012,1028000,820,797.67,false
7693465000,5644833,5644014,0,5644012,7694493000,5645653,5644834,0,5644832,1028000,820,797.67,false
7694493000,5645653,5644834,0,5644832,7695521000,5646473,5645654,0,5645652,1028000,820,797.67,false
7695521000,5646473,5645654,0,5645652,7696549000,5647293,5646474,0,5646472,1028000,820,797.67,false
7696549000,5647293,5646474,0,5646472,7697577000,5648113,5647294,0,5647292,1028000,820,797.67,false
7697577000,5648113,5647294,0,5647292,7698605000,5648933,5648114,0,5648112,1028000,820,797.67,false
7698605000,5648933,5648114,0,5648112,7699633000,5649753,5648934,0,5648932,1028000,820,797.67,false
7699633000,5649753,5648934,0,5648932,7700661000,5650573,5649754,0,5649752,1028000,820,797.67,false
7701272000,5651061,5650242,0,5650240,7702300000,5651881,5651062,0,5651060,1028000,820,797.67,false
7702300000,5651881,5651062,0,5651060,7703328000,5652701,5651882,0,5651880,1028000,820,797.67,false
7703328000,5652701,5651882,0,5651880,7704356000,5653611,5652702,0,5652700,1028000,820,797.67,true
7704356000,5653611,5652702,0,5652700,7705421000,5654521,5653612,0,5653610,1065000,910,854.46,true
7705421000,5654521,5653612,0,5653610,7706532000,5655341,5654522,0,5654520,1111000,910,819.08,true
7706532000,5655341,5654522,0,5654520,7707581000,5656147,5655342,0,5655340,1049000,820,781.70,true
7707581000,5656147,5655342,0,5655340,7708616000,5656953,5656148,0,5656146,1035000,806,778.74,false
7708616000,5656953,5656148,0,5656146,7709636000,5657759,5656954,0,5656952,1020000,806,790.20,false
7709636000,5657759,5656954,0,5656952,7710656000,5658565,5657760,0,5657758,1020000,806,790.20,false
7710656000,5658565,5657760,0,5657758,7711679000,5659371,5658566,0,5658564,1023000,806,787.88,false
7711679000,5659371,5658566,0,5658564,7712703000,5660177,5659372,0,5659370,1024000,806,787.11,false
7712703000,5660177,5659372,0,5659370,7713725000,5660983,5660178,0,5660176,1022000,806,788.65,false
7713725000,5660983,5660178,0,5660176,7714747000,5661789,5660984,0,5660982,1022000,806,788.65,false
7714747000,5661789,5660984,0,5660982,7715769000,5662595,5661790,0,5661788,1022000,806,788.65,false
7715769000,5662595,5661790,0,5661788,7716791000,5663401,5662596,0,5662594,1022000,806,788.65,false
7716791000,5663401,5662596,0,5662594,7717814000,5664207,5663402,0,5663400,1023000,806,787.88,false
7717814000,5664207,5663402,0,5663400,7718836000,5665013,5664208,0,5664206,1022000,806,788.65,false
7718836000,5665013,5664208,0,5664206,7719858000,5665819,5665014,0,5665012,1022000,806,788.65,false
7719858000,5665819,5665014,0,5665012,7720880000,5666625,5665820,0,5665818,1022000,806,788.65,false
7720880000,5666625,5665820,0,5665818,7721902000,5667431,5666626,0,5666624,1022000,806,788.65,false
7721902000,5667431,5666626,0,5666624,7722924000,5668237,5667432,0,5667430,1022000,806,788.65,false
7722924000,5668237,5667432,0,5667430,7723946000,5669043,5668238,0,5668236,1022000,806,788.65,false
7723946000,5669043,5668238,0,5668236,7724968000,5669849,5669044,0,5669042,1022000,806,788.65,false
7724968000,5669849,5669044,0,5669042,7725990000,5670655,5669850,0,5669848,1022000,806,788.65,false
7726303000,5670902,5670097,0,5670095,7727325000,5671708,5670903,0,5670901,1022000,806,788.65,false
7727325000,5671708,5670903,0,5670901,7728347000,5672514,5671709,0,5671707,1022000,806,788.65,false
7728347000,5672514,5671709,0,5671707,7729428000,5673390,5672515,0,5672513,1081000,806,745.61,true
7729428000,5673390,5672515,0,5672513,7730470000,5674266,5673391,0,5673389,1042000,876,840.69,true
7730470000,5674266,5673391,0,5673389,7731528000,5675072,5674267,0,5674265,1058000,876,827.98,true
7731528000,5675072,5674267,0,5674265,7732554000,5675884,5675073,0,5675071,1026000,806,785.58,true
7732554000,5675884,5675073,0,5675071,7733577000,5676696,5675885,0,5675883,1023000,812,793.74,false
7733577000,5676696,5675885,0,5675883,7734605000,5677508,5676697,0,5676695,1028000,812,789.88,false
7734605000,5677508,5676697,0,5676695,7735633000,5678320,5677509,0,5677507,1028000,812,789.88,false
7735633000,5678320,5677509,0,5677507,7736661000,5679132,5678321,0,5678319,1028000,812,789.88,false
7736661000,5679132,5678321,0,5678319,7737689000,5679944,5679133,0,5679131,1028000,812,789.88,false
7737689000,5679944,5679133,0,5679131,7738717000,5680756,5679945,0,5679943,1028000,812,789.88,false
7738717000,5680756,5679945,0,5679943,7739745000,5681568,5680757,0,5680755,1028000,812,789.88,false
7739745000,5681568,5680757,0,5680755,7740773000,5682380,5681569,0,5681567,1028000,812,789.88,false
7740773000,5682380,5681569,0,5681567,7741801000,5683192,5682381,0,5682379,1028000,812,789.88,false
7741801000,5683192,5682381,0,5682379,7742829000,5684004,5683193,0,5683191,1028000,812,789.88,false
7742829000,5684004,5683193,0,5683191,7743857000,5684816,5684005,0,5684003,1028000,812,789.88,false
7743857000,5684816,5684005,0,5684003,7744885000,5685628,5684817,0,5684815,1028000,812,789.88,false
7744885000,5685628,5684817,0,5684815,7745913000,5686440,5685629,0,5685627,1028000,812,789.88,false
7745913000,5686440,5685629,0,5685627,7746941000,5687252,5686441,0,5686439,1028000,812,789.88,false
7746941000,5687252,5686441,0,5686439,7747969000,5688064,5687253,0,5687251,1028000,812,789.88,false
7747969000,5688064,5687253,0,5687251,7748997000,5688876,5688065,0,5688063,1028000,812,789.88,false
7748997000,5688876,5688065,0,5688063,7750025000,5689688,5688877,0,5688875,1028000,812,789.88,false
7750025000,5689688,5688877,0,5688875,7751053000,5690500,5689689,0,5689687,1028000,812,789.88,false
7751358000,5690742,5689931,0,5689929,7752448000,5691554,5690743,0,5690741,1090000,812,744.95,false
7752448000,5691554,5690743,0,5690741,7753470000,5692366,5691555,0,5691553,1022000,812,794.52,false
7753470000,5692366,5691555,0,5691553,7754500000,5693210,5692367,0,5692365,1030000,812,788.35,true
7754500000,5693210,5692367,0,5692365,7755545000,5694054,5693211,0,5693209,1045000,844,807.66,true
7755545000,5694054,5693211,0,5693209,7756590000,5694866,5694055,0,5694053,1045000,844,807.66,true
7756590000,5694866,5694055,0,5694053,7757600000,5695681,5694867,0,5694865,1010000,812,803.96,true
7757600000,5695681,5694867,0,5694865,7758632000,5696496,5695682,0,5695680,1032000,815,789.73,false
7758632000,5696496,5695682,0,5695680,7759662000,5697311,5696497,0,5696495,1030000,815,791.26,false
7759662000,5697311,5696497,0,5696495,7760692000,5698126,5697312,0,5697310,1030000,815,791.26,false
7760692000,5698126,5697312,0,5697310,7761721000,5698941,5698127,0,5698125,1029000,815,792.03,false
7761721000,5698941,5698127,0,5698125,7762750000,5699756,5698942,0,5698940,1029000,815,792.03,false
7762750000,5699756,5698942,0,5698940,7763779000,5700571,5699757,0,5699755,1029000,815,792.03,false
7763779000,5700571,5699757,0,5699755,7764808000,5701386,5700572,0,5700570,1029000,815,792.03,false
7764808000,5701386,5700572,0,5700570,7765837000,5702201,5701387,0,5701385,1029000,815,792.03,false
7765837000,5702201,5701387,0,5701385,7766866000,5703016,5702202,0,5702200,1029000,815,792.03,false
7766866000,5703016,5702202,0,5702200,7767895000,5703831,5703017,0,5703015,1029000,815,792.03,false
7767895000,5703831,5703017,0,5703015,7768924000,5704646,5703832,0,5703830,1029000,815,792.03,false
7768924000,5704646,5703832,0,5703830,7769953000,5705461,5704647,0,5704645,1029000,815,792.03,false
7769953000,5705461,5704647,0,5704645,7770982000,5706276,5705462,0,5705460,1029000,815,792.03,false
7770982000,5706276,5705462,0,5705460,7772011000,5707091,5706277,0,5706275,1029000,815,792.03,false
7772011000,5707091,5706277,0,5706275,7773040000,5707906,5707092,0,5707090,1029000,815,792.03,false
7773040000,5707906,5707092,0,5707090,7774069000,5708721,5707907,0,5707905,1029000,815,792.03,false
7774069000,5708721,5707907,0,5707905,7775123000,5709536,5708722,0,5708720,1054000,815,773.24,false
7775123000,5709536,5708722,0,5708720,7776183000,5710351,5709537,0,5709535,1060000,815,768.87,false
7776183000,5710351,5709537,0,5709535,7777219000,5711166,5710352,0,5710350,1036000,815,786.68,false
7777265000,5711204,5710390,0,5710388,7778294000,5712019,5711205,0,5711203,1029000,815,792.03,false
7778294000,5712019,5711205,0,5711203,7779323000,5712834,5712020,0,5712018,1029000,815,792.03,false
7779323000,5712834,5712020,0,5712018,7780352000,5713722,5712835,0,5712833,1029000,815,792.03,true
7780352000,5713722,5712835,0,5712833,7781410000,5714610,5713723,0,5713721,1058000,888,839.32,true
7781410000,5714610,5713723,0,5713721,7782475000,5715425,5714611,0,5714609,1065000,888,833.80,true
7782475000,5715425,5714611,0,5714609,7783496000,5716244,5715426,0,5715424,1021000,815,798.24,true
7783496000,5716244,5715426,0,5715424,7784523000,5717063,5716245,0,5716243,1027000,819,797.47,false
7784523000,5717063,5716245,0,5716243,7785554000,5717882,5717064,0,5717062,1031000,819,794.37,false
7785554000,5717882,5717064,0,5717062,7786586000,5718701,5717883,0,5717881,1032000,819,793.60,false
7786586000,5718701,5717883,0,5717881,7787617000,5719520,5718702,0,5718700,1031000,819,794.37,false
7787617000,5719520,5718702,0,5718700,7788648000,5720339,5719521,0,5719519,1031000,819,794.37,false
7788648000,5720339,5719521,0,5719519,7789679000,5721158,5720340,0,5720338,1031000,819,794.37,false
7789679000,5721158,5720340,0,5720338,7790710000,5721977,5721159,0,5721157,1031000,819,794.37,false
7790710000,5721977,5721159,0,5721157,7791741000,5722796,5721978,0,5721976,1031000,819,794.37,false
7791741000,5722796,5721978,0,5721976,7792772000,5723615,5722797,0,5722795,1031000,819,794.37,false
7792772000,5723615,5722797,0,5722795,7793803000,5724434,5723616,0,5723614,1031000,819,794.37,false
7793803000,5724434,5723616,0,5723614,7794834000,5725253,5724435,0,5724433,1031000,819,794.37,false
7794834000,5725253,5724435,0,5724433,7795865000,5726072,5725254,0,5725252,1031000,819,794.37,false
7795865000,5726072,5725254,0,5725252,7796896000,5726891,5726073,0,5726071,1031000,819,794.37,false
7796896000,5726891,5726073,0,5726071,7797927000,5727710,5726892,0,5726890,1031000,819,794.37,false
7797927000,5727710,5726892,0,5726890,7799014000,5728529,5727711,0,5727709,1087000,819,753.45,false
7799014000,5728529,5727711,0,5727709,7800044000,5729348,5728530,0,5728528,1030000,819,795.15,false
7800044000,5729348,5728530,0,5728528,7801081000,5730167,5729349,0,5729347,1037000,819,789.78,false
7801081000,5730167,5729349,0,5729347,7802114000,5730986,5730168,0,5730166,1033000,819,792.84,false
7802114000,5730986,5730168,0,5730166,7803145000,5731805,5730987,0,5730985,1031000,819,794.37,false
7803148000,5731807,5730989,0,5730987,7804178000,5732626,5731808,0,5731806,1030000,819,795.15,false
7804178000,5732626,5731808,0,5731806,7805209000,5733445,5732627,0,5732625,1031000,819,794.37,false
7805209000,5733445,5732627,0,5732625,7806240000,5734360,5733446,0,5733444,1031000,819,794.37,true
7806240000,5734360,5733446,0,5733444,7807312000,5735275,5734361,0,5734359,1072000,915,853.54,true
7807312000,5735275,5734361,0,5734359,7808392000,5736094,5735276,0,5735274,1080000,915,847.22,true
7808392000,5736094,5735276,0,5735274,7809420000,5736911,5736095,0,5736093,1028000,819,796.69,true
7809420000,5736911,5736095,0,5736093,7810441000,5737728,5736912,0,5736910,1021000,817,800.20,false
7810441000,5737728,5736912,0,5736910,7811470000,5738545,5737729,0,5737727,1029000,817,793.97,false
7811470000,5738545,5737729,0,5737727,7812501000,5739362,5738546,0,5738544,1031000,817,792.43,false
7812501000,5739362,5738546,0,5738544,7813531000,5740179,5739363,0,5739361,1030000,817,793.20,false
7813531000,5740179,5739363,0,5739361,7814561000,5740996,5740180,0,5740178,1030000,817,793.20,false
7814561000,5740996,5740180,0,5740178,7815591000,5741813,5740997,0,5740995,1030000,817,793.20,false
7815591000,5741813,5740997,0,5740995,7816621000,5742630,5741814,0,5741812,1030000,817,793.20,false
7816621000,5742630,5741814,0,5741812,7817651000,5743447,5742631,0,5742629,1030000,817,793.20,false
7817651000,5743447,5742631,0,5742629,7818681000,5744264,5743448,0,5743446,1030000,817,793.20,false
7818681000,5744264,5743448,0,5743446,7819711000,5745081,5744265,0,5744263,1030000,817,793.20,false
7819711000,5745081,5744265,0,5744263,7820741000,5745898,5745082,0,5745080,1030000,817,793.20,false
7820741000,5745898,5745082,0,5745080,7821771000,5746715,5745899,0,5745897,1030000,817,793.20,false
7821771000,5746715,5745899,0,5745897,7822847000,5747532,5746716,0,5746714,1076000,817,759.29,false
7822847000,5747532,5746716,0,5746714,7823887000,5748349,5747533,0,5747531,1040000,817,785.58,false
7823887000,5748349,5747533,0,5747531,7824924000,5749166,5748350,0,5748348,1037000,817,787.85,false
7824924000,5749166,5748350,0,5748348,7825954000,5749983,5749167,0,5749165,1030000,817,793.20,false
7825954000,5749983,5749167,0,5749165,7826984000,5750800,5749984,0,5749982,1030000,817,793.20,false
7826984000,5750800,5749984,0,5749982,7828014000,5751617,5750801,0,5750799,1030000,817,793.20,false
7829001000,5752400,5751584,0,5751582,7830031000,5753217,5752401,0,5752399,1030000,817,793.20,false
7830031000,5753217,5752401,0,5752399,7831061000,5754034,5753218,0,5753216,1030000,817,793.20,false
7831061000,5754034,5753218,0,5753216,7832091000,5754947,5754035,0,5754033,1030000,817,793.20,true
7832091000,5754947,5754035,0,5754033,7833160000,5755860,5754948,0,5754946,1069000,913,854.07,true
7833160000,5755860,5754948,0,5754946,7834239000,5756677,5755861,0,5755859,1079000,913,846.15,true
7834239000,5756677,5755861,0,5755859,7835268000,5757492,5756678,0,5756676,1029000,817,793.97,true
7835268000,5757492,5756678,0,5756676,7836288000,5758307,5757493,0,5757491,1020000,815,799.02,false
7836288000,5758307,5757493,0,5757491,7837315000,5759122,5758308,0,5758306,1027000,815,793.57,false
7837315000,5759122,5758308,0,5758306,7838345000,5759937,5759123,0,5759121,1030000,815,791.26,false
7838345000,5759937,5759123,0,5759121,7839375000,5760752,5759938,0,5759936,1030000,815,791.26,false
7839375000,5760752,5759938,0,5759936,7840404000,5761567,5760753,0,5760751,1029000,815,792.03,false
7840404000,5761567,5760753,0,5760751,7841433000,5762382,5761568,0,5761566,1029000,815,792.03,false
7841433000,5762382,5761568,0,5761566,7842462000,5763197,5762383,0,5762381,1029000,815,792.03,false
7842462000,5763197,5762383,0,5762381,7843491000,5764012,5763198,0,5763196,1029000,815,792.03,false
7843491000,5764012,5763198,0,5763196,7844520000,5764827,5764013,0,5764011,1029000,815,792.03,false
7844520000,5764827,5764013,0,5764011,7845549000,5765642,5764828,0,5764826,1029000,815,792.03,false
7845549000,5765642,5764828,0,5764826,7846629000,5766457,5765643,0,5765641,1080000,815,754.63,false
7846629000,5766457,5765643,0,5765641,7847659000,5767272,5766458,0,5766456,1030000,815,791.26,false
7847659000,5767272,5766458,0,5766456,7848696000,5768087,5767273,0,5767271,1037000,815,785.92,false
7848696000,5768087,5767273,0,5767271,7849727000,5768902,5768088,0,5768086,1031000,815,790.49,false
7849727000,5768902,5768088,0,5768086,7850756000,5769717,5768903,0,5768901,1029000,815,792.03,false
7850756000,5769717,5768903,0,5768901,7851785000,5770532,5769718,0,5769716,1029000,815,792.03,false
7851785000,5770532,5769718,0,5769716,7852814000,5771347,5770533,0,5770531,1029000,815,792.03,false
7852814000,5771347,5770533,0,5770531,7853843000,5772162,5771348,0,5771346,1029000,815,792.03,false
7854824000,5772938,5772124,0,5772122,7855853000,5773753,5772939,0,5772937,1029000,815,792.03,false
7855853000,5773753,5772939,0,5772937,7856882000,5774568,5773754,0,5773752,1029000,815,792.03,false
7856882000,5774568,5773754,0,5773752,7857911000,5775475,5774569,0,5774567,1029000,815,792.03,true
7857911000,5775475,5774569,0,5774567,7858977000,5776382,5775476,0,5775474,1066000,907,850.84,true
7858977000,5776382,5775476,0,5775474,7860052000,5777197,5776383,0,5776381,1075000,907,843.72,true
7860052000,5777197,5776383,0,5776381,7861081000,5778011,5777198,0,5777196,1029000,815,792.03,true
7861081000,5778011,5777198,0,5777196,7862101000,5778825,5778012,0,5778010,1020000,814,798.04,false
7862101000,5778825,5778012,0,5778010,7863127000,5779639,5778826,0,5778824,1026000,814,793.37,false
7863127000,5779639,5778826,0,5778824,7864157000,5780453,5779640,0,5779638,1030000,814,790.29,false
7864157000,5780453,5779640,0,5779638,7865186000,5781267,5780454,0,5780452,1029000,814,791.06,false
7865186000,5781267,5780454,0,5780452,7866215000,5782081,5781268,0,5781266,1029000,814,791.06,false
7866215000,5782081,5781268,0,5781266,7867244000,5782895,5782082,0,5782080,1029000,814,791.06,false
7867244000,5782895,5782082,0,5782080,7868273000,5783709,5782896,0,5782894,1029000,814,791.06,false
7868273000,5783709,5782896,0,5782894,7869302000,5784523,5783710,0,5783708,1029000,814,791.06,false
7869302000,5784523,5783710,0,5783708,7870393000,5785337,5784524,0,5784522,1091000,814,746.10,false
7870393000,5785337,5784524,0,5784522,7871415000,5786151,5785338,0,5785336,1022000,814,796.48,false
7871415000,5786151,5785338,0,5785336,7872448000,5786965,5786152,0,5786150,1033000,814,788.00,false
7872448000,5786965,5786152,0,5786150,7873479000,5787779,5786966,0,5786964,1031000,814,789.52,false
7873479000,5787779,5786966,0,5786964,7874508000,5788593,5787780,0,5787778,1029000,814,791.06,false
7874508000,5788593,5787780,0,5787778,7875536000,5789407,5788594,0,5788592,1028000,814,791.83,false
7875536000,5789407,5788594,0,5788592,7876565000,5790221,5789408,0,5789406,1029000,814,791.06,false
7876565000,5790221,5789408,0,5789406,7877594000,5791035,5790222,0,5790220,1029000,814,791.06,false
7877594000,5791035,5790222,0,5790220,7878623000,5791849,5791036,0,5791034,1029000,814,791.06,false
7878623000,5791849,5791036,0,5791034,7879652000,5792663,5791850,0,5791848,1029000,814,791.06,false
7880615000,5793424,5792611,0,5792609,7881644000,5794238,5793425,0,5793423,1029000,814,791.06,false
7881644000,5794238,5793425,0,5793423,7882673000,5795052,5794239,0,5794237,1029000,814,791.06,false
7882673000,5795052,5794239,0,5794237,7883702000,5795958,5795053,0,5795051,1029000,814,791.06,true
7883702000,5795958,5795053,0,5795051,7884767000,5796864,5795959,0,5795957,1065000,906,850.70,true
7884767000,5796864,5795959,0,5795957,7885842000,5797678,5796865,0,5796863,1075000,906,842.79,true
7885842000,5797678,5796865,0,5796863,7886871000,5798491,5797679,0,5797677,1029000,814,791.06,true
7886871000,5798491,5797679,0,5797677,7887890000,5799304,5798492,0,5798490,1019000,813,797.84,false
7887890000,5799304,5798492,0,5798490,7888916000,5800117,5799305,0,5799303,1026000,813,792.40,false
7888916000,5800117,5799305,0,5799303,7889945000,5800930,5800118,0,5800116,1029000,813,790.09,false
7889945000,5800930,5800118,0,5800116,7890974000,5801743,5800931,0,5800929,1029000,813,790.09,false
7890974000,5801743,5800931,0,5800929,7892002000,5802556,5801744,0,5801742,1028000,813,790.86,false
7892002000,5802556,5801744,0,5801742,7893030000,5803369,5802557,0,5802555,1028000,813,790.86,false
7893030000,5803369,5802557,0,5802555,7894132000,5804182,5803370,0,5803368,1102000,813,737.75,false
7894132000,5804182,5803370,0,5803368,7895147000,5804995,5804183,0,5804181,1015000,813,800.99,false
7895147000,5804995,5804183,0,5804181,7896174000,5805808,5804996,0,5804994,1027000,813,791.63,false
7896174000,5805808,5804996,0,5804994,7897205000,5806621,5805809,0,5805807,1031000,813,788.55,false
7897205000,5806621,5805809,0,5805807,7898234000,5807434,5806622,0,5806620,1029000,813,790.09,false
7898234000,5807434,5806622,0,5806620,7899262000,5808247,5807435,0,5807433,1028000,813,790.86,false
7899262000,5808247,5807435,0,5807433,7900291000,5809060,5808248,0,5808246,1029000,813,790.09,false
7900291000,5809060,5808248,0,5808246,7901319000,5809873,5809061,0,5809059,1028000,813,790.86,false
7901319000,5809873,5809061,0,5809059,7902347000,5810686,5809874,0,5809872,1028000,813,790.86,false
7902347000,5810686,5809874,0,5809872,7903375000,5811499,5810687,0,5810685,1028000,813,790.86,false
7903375000,5811499,5810687,0,5810685,7904403000,5812312,5811500,0,5811498,1028000,813,790.86,false
7904403000,5812312,5811500,0,5811498,7905431000,5813125,5812313,0,5812311,1028000,813,790.86,false
7906396000,5813887,5813075,0,5813073,7907424000,5814700,5813888,0,5813886,1028000,813,790.86,false
7907424000,5814700,5813888,0,5813886,7908452000,5815513,5814701,0,5814699,1028000,813,790.86,false
7908452000,5815513,5814701,0,5814699,7909481000,5816415,5815514,0,5815512,1029000,813,790.09,true
7909481000,5816415,5815514,0,5815512,7910543000,5817317,5816416,0,5816414,1062000,902,849.34,true
7910543000,5817317,5816416,0,5816414,7911616000,5818130,5817318,0,5817316,1073000,902,840.63,true
7911616000,5818130,5817318,0,5817316,7912644000,5818943,5818131,0,5818129,1028000,813,790.86,true
7912644000,5818943,5818131,0,5818129,7913663000,5819756,5818944,0,5818942,1019000,813,797.84,false
7913663000,5819756,5818944,0,5818942,7914689000,5820569,5819757,0,5819755,1026000,813,792.40,false
7914689000,5820569,5819757,0,5819755,7915718000,5821382,5820570,0,5820568,1029000,813,790.09,false
7915718000,5821382,5820570,0,5820568,7916747000,5822195,5821383,0,5821381,1029000,813,790.09,false
7916747000,5822195,5821383,0,5821381,7917856000,5823008,5822196,0,5822194,1109000,813,733.09,false
7917856000,5823008,5822196,0,5822194,7918867000,5823821,5823009,0,5823007,1011000,813,804.15,false
7918867000,5823821,5823009,0,5823007,7919892000,5824634,5823822,0,5823820,1025000,813,793.17,false
7919892000,5824634,5823822,0,5823820,7920920000,5825447,5824635,0,5824633,1028000,813,790.86,false
7920920000,5825447,5824635,0,5824633,7921949000,5826260,5825448,0,5825446,1029000,813,790.09,false
7921949000,5826260,5825448,0,5825446,7922977000,5827073,5826261,0,5826259,1028000,813,790.86,false
7922977000,5827073,5826261,0,5826259,7924005000,5827886,5827074,0,5827072,1028000,813,790.86,false
7924005000,5827886,5827074,0,5827072,7925034000,5828699,5827887,0,5827885,1029000,813,790.09,false
7925034000,5828699,5827887,0,5827885,7926062000,5829512,5828700,0,5828698,1028000,813,790.86,false
7926062000,5829512,5828700,0,5828698,7927090000,5830325,5829513,0,5829511,1028000,813,790.86,false
7927090000,5830325,5829513,0,5829511,7928118000,5831138,5830326,0,5830324,1028000,813,790.86,false
7928118000,5831138,5830326,0,5830324,7929147000,5831951,5831139,0,5831137,1029000,813,790.09,false
7929147000,5831951,5831139,0,5831137,7930175000,5832764,5831952,0,5831950,1028000,813,790.86,false
7930175000,5832764,5831952,0,5831950,7931203000,5833577,5832765,0,5832763,1028000,813,790.86,false
7932153000,5834329,5833517,0,5833515,7933181000,5835142,5834330,0,5834328,1028000,813,790.86,false
7933181000,5835142,5834330,0,5834328,7934210000,5835955,5835143,0,5835141,1029000,813,790.09,false
7934210000,5835955,5835143,0,5835141,7935238000,5836857,5835956,0,5835954,1028000,813,790.86,true
7935238000,5836857,5835956,0,5835954,7936301000,5837759,5836858,0,5836856,1063000,902,848.54,true
7936301000,5837759,5836858,0,5836856,7937374000,5838572,5837760,0,5837758,1073000,902,840.63,true
7937374000,5838572,5837760,0,5837758,7938402000,5839385,5838573,0,5838571,1028000,813,790.86,true
7938402000,5839385,5838573,0,5838571,7939422000,5840198,5839386,0,5839384,1020000,813,797.06,false
7939422000,5840198,5839386,0,5839384,7940448000,5841011,5840199,0,5840197,1026000,813,792.40,false
7940448000,5841011,5840199,0,5840197,7941535000,5841824,5841012,0,5841010,1087000,813,747.93,false
7941535000,5841824,5841012,0,5841010,7942564000,5842637,5841825,0,5841823,1029000,813,790.09,false
7942564000,5842637,5841825,0,5841823,7943590000,5843450,5842638,0,5842636,1026000,813,792.40,false
7943590000,5843450,5842638,0,5842636,7944617000,5844263,5843451,0,5843449,1027000,813,791.63,false
7944617000,5844263,5843451,0,5843449,7945645000,5845076,5844264,0,5844262,1028000,813,790.86,false
7945645000,5845076,5844264,0,5844262,7946674000,5845889,5845077,0,5845075,1029000,813,790.09,false
7946674000,5845889,5845077,0,5845075,7947702000,5846702,5845890,0,5845888,1028000,813,790.86,false
7947702000,5846702,5845890,0,5845888,7948730000,5847515,5846703,0,5846701,1028000,813,790.86,false
7948730000,5847515,5846703,0,5846701,7949758000,5848328,5847516,0,5847514,1028000,813,790.86,false
7949758000,5848328,5847516,0,5847514,7950786000,5849141,5848329,0,5848327,1028000,813,790.86,false
7950786000,5849141,5848329,0,5848327,7951814000,5849954,5849142,0,5849140,1028000,813,790.86,false
7951814000,5849954,5849142,0,5849140,7952842000,5850767,5849955,0,5849953,1028000,813,790.86,false
7952842000,5850767,5849955,0,5849953,7953870000,5851580,5850768,0,5850766,1028000,813,790.86,false
7953870000,5851580,5850768,0,5850766,7954898000,5852393,5851581,0,5851579,1028000,813,790.86,false
7954898000,5852393,5851581,0,5851579,7955927000,5853206,5852394,0,5852392,1029000,813,790.09,false
7955927000,5853206,5852394,0,5852392,7956955000,5854019,5853207,0,5853205,1028000,813,790.86,false
7957856000,5854732,5853920,0,5853918,7958885000,5855545,5854733,0,5854731,1029000,813,790.09,false
7958885000,5855545,5854733,0,5854731,7959913000,5856358,5855546,0,5855544,1028000,813,790.86,false
7959913000,5856358,5855546,0,5855544,7960941000,5857260,5856359,0,5856357,1028000,813,790.86,true
7960941000,5857260,5856359,0,5856357,7962005000,5858162,5857261,0,5857259,1064000,902,847.74,true
7962005000,5858162,5857261,0,5857259,7963078000,5858975,5858163,0,5858161,1073000,902,840.63,true
7963078000,5858975,5858163,0,5858161,7964197000,5859788,5858976,0,5858974,1119000,813,726.54,true
7964197000,5859788,5858976,0,5858974,7965231000,5860601,5859789,0,5859787,1034000,813,786.27,false
7965231000,5860601,5859789,0,5859787,7966274000,5861414,5860602,0,5860600,1043000,813,779.48,false
7966274000,5861414,5860602,0,5860600,7967310000,5862227,5861415,0,5861413,1036000,813,784.75,false
7967310000,5862227,5861415,0,5861413,7968344000,5863040,5862228,0,5862226,1034000,813,786.27,false
7968344000,5863040,5862228,0,5862226,7969378000,5863853,5863041,0,5863039,1034000,813,786.27,false
7969378000,5863853,5863041,0,5863039,7970412000,5864666,5863854,0,5863852,1034000,813,786.27,false
7970412000,5864666,5863854,0,5863852,7971447000,5865479,5864667,0,5864665,1035000,813,785.51,false
7971447000,5865479,5864667,0,5864665,7972482000,5866292,5865480,0,5865478,1035000,813,785.51,false
7972482000,5866292,5865480,0,5865478,7973517000,5867105,5866293,0,5866291,1035000,813,785.51,false
7973517000,5867105,5866293,0,5866291,7974552000,5867918,5867106,0,5867104,1035000,813,785.51,false
7974552000,5867918,5867106,0,5867104,7975587000,5868731,5867919,0,5867917,1035000,813,785.51,false
7975587000,5868731,5867919,0,5867917,7976622000,5869544,5868732,0,5868730,1035000,813,785.51,false
7976622000,5869544,5868732,0,5868730,7977657000,5870357,5869545,0,5869543,1035000,813,785.51,false
7977657000,5870357,5869545,0,5869543,7978692000,5871170,5870358,0,5870356,1035000,813,785.51,false
7978692000,5871170,5870358,0,5870356,7979727000,5871983,5871171,0,5871169,1035000,813,785.51,false
7979727000,5871983,5871171,0,5871169,7980762000,5872796,5871984,0,5871982,1035000,813,785.51,false
7980762000,5872796,5871984,0,5871982,7981797000,5873609,5872797,0,5872795,1035000,813,785.51,false
7981797000,5873609,5872797,0,5872795,7982832000,5874422,5873610,0,5873608,1035000,813,785.51,false
7982832000,5874422,5873610,0,5873608,7983867000,5875235,5874423,0,5874421,1035000,813,785.51,false
7984095000,5875414,5874602,0,5874600,7985130000,5876227,5875415,0,5875413,1035000,813,785.51,false
7985130000,5876227,5875415,0,5875413,7986165000,5877040,5876228,0,5876226,1035000,813,785.51,false
7986165000,5877040,5876228,0,5876226,7987200000,5877963,5877041,0,5877039,1035000,813,785.51,true
7987200000,5877963,5877041,0,5877039,7988371000,5878886,5877964,0,5877962,1171000,923,788.22,true
7988371000,5878886,5877964,0,5877962,7989439000,5879699,5878887,0,5878885,1068000,923,864.23,true
7989439000,5879699,5878887,0,5878885,7990463000,5880558,5879700,0,5879698,1024000,813,793.95,true
7990463000,5880558,5879700,0,5879698,7991508000,5881417,5880559,0,5880557,1045000,859,822.01,false
7991508000,5881417,5880559,0,5880557,7992545000,5882276,5881418,0,5881416,1037000,859,828.35,false
7992545000,5882276,5881418,0,5881416,7993582000,5883135,5882277,0,5882275,1037000,859,828.35,false
7993582000,5883135,5882277,0,5882275,7994620000,5883994,5883136,0,5883134,1038000,859,827.55,false
7994620000,5883994,5883136,0,5883134,7995659000,5884853,5883995,0,5883993,1039000,859,826.76,false
7995659000,5884853,5883995,0,5883993,7996697000,5885712,5884854,0,5884852,1038000,859,827.55,false
7996697000,5885712,5884854,0,5884852,7997735000,5886571,5885713,0,5885711,1038000,859,827.55,false
7997735000,5886571,5885713,0,5885711,7998774000,5887430,5886572,0,5886570,1039000,859,826.76,false
7998774000,5887430,5886572,0,5886570,7999812000,5888289,5887431,0,5887429,1038000,859,827.55,false
7999812000,5888289,5887431,0,5887429,8000850000,5889148,5888290,0,5888288,1038000,859,827.55,false
8000850000,5889148,5888290,0,5888288,8001888000,5890007,5889149,0,5889147,1038000,859,827.55,false
8001888000,5890007,5889149,0,5889147,8002927000,5890866,5890008,0,5890006,1039000,859,826.76,false
8002927000,5890866,5890008,0,5890006,8003965000,5891725,5890867,0,5890865,1038000,859,827.55,false
8003965000,5891725,5890867,0,5890865,8005003000,5892584,5891726,0,5891724,1038000,859,827.55,false
8005003000,5892584,5891726,0,5891724,8006041000,5893443,5892585,0,5892583,1038000,859,827.55,false
8006041000,5893443,5892585,0,5892583,8007080000,5894302,5893444,0,5893442,1039000,859,826.76,false
8007080000,5894302,5893444,0,5893442,8008118000,5895161,5894303,0,5894301,1038000,859,827.55,false
8008118000,5895161,5894303,0,5894301,8009156000,5896020,5895162,0,5895160,1038000,859,827.55,false
8009156000,5896020,5895162,0,5895160,8010195000,5896879,5896021,0,5896019,1039000,859,826.76,false
8010215000,5896896,5896038,0,5896036,8011254000,5897755,5896897,0,5896895,1039000,859,826.76,false
8011254000,5897755,5896897,0,5896895,8012373000,5898614,5897756,0,5897754,1119000,859,767.65,false
8012373000,5898614,5897756,0,5897754,8013397000,5899599,5898615,0,5898613,1024000,859,838.87,true
8013397000,5899599,5898615,0,5898613,8014529000,5900584,5899600,0,5899598,1132000,985,870.14,true
8014529000,5900584,5899600,0,5899598,8015638000,5901461,5900585,0,5900583,1109000,985,888.19,true
8015638000,5901461,5900585,0,5900583,8016659000,5902320,5901462,0,5901460,1021000,877,858.96,true
8016659000,5902320,5901462,0,5901460,8017690000,5903179,5902321,0,5902319,1031000,859,833.17,true
8017690000,5903179,5902321,0,5902319,8018727000,5904038,5903180,0,5903178,1037000,859,828.35,false
8018727000,5904038,5903180,0,5903178,8019762000,5904897,5904039,0,5904037,1035000,859,829.95,false
8019762000,5904897,5904039,0,5904037,8020797000,5905756,5904898,0,5904896,1035000,859,829.95,false
8020797000,5905756,5904898,0,5904896,8021832000,5906615,5905757,0,5905755,1035000,859,829.95,false
8021832000,5906615,5905757,0,5905755,8022867000,5907474,5906616,0,5906614,1035000,859,829.95,false
8022867000,5907474,5906616,0,5906614,8023902000,5908333,5907475,0,5907473,1035000,859,829.95,false
8023902000,5908333,5907475,0,5907473,8024937000,5909192,5908334,0,5908332,1035000,859,829.95,false
8024937000,5909192,5908334,0,5908332,8025972000,5910051,5909193,0,5909191,1035000,859,829.95,false
8025972000,5910051,5909193,0,5909191,8027007000,5910910,5910052,0,5910050,1035000,859,829.95,false
8027007000,5910910,5910052,0,5910050,8028042000,5911769,5910911,0,5910909,1035000,859,829.95,false
8028042000,5911769,5910911,0,5910909,8029077000,5912628,5911770,0,5911768,1035000,859,829.95,false
8029077000,5912628,5911770,0,5911768,8030112000,5913487,5912629,0,5912627,1035000,859,829.95,false
8030112000,5913487,5912629,0,5912627,8031147000,5914346,5913488,0,5913486,1035000,859,829.95,false
8031147000,5914346,5913488,0,5913486,8032182000,5915205,5914347,0,5914345,1035000,859,829.95,false
8032182000,5915205,5914347,0,5914345,8033217000,5916064,5915206,0,5915204,1035000,859,829.95,false
8033217000,5916064,5915206,0,5915204,8034252000,5916923,5916065,0,5916063,1035000,859,829.95,false
8034252000,5916923,5916065,0,5916063,8035287000,5917782,5916924,0,5916922,1035000,859,829.95,false
8035287000,5917782,5916924,0,5916922,8036366000,5918641,5917783,0,5917781,1079000,859,796.11,false
8036653000,5918863,5918005,0,5918003,8037682000,5919722,5918864,0,5918862,1029000,859,834.79,false
8037682000,5919722,5918864,0,5918862,8038720000,5920581,5919723,0,5919721,1038000,859,827.55,false
8038720000,5920581,5919723,0,5919721,8039757000,5921494,5920582,0,5920580,1037000,859,828.35,true
8039757000,5921494,5920582,0,5920580,8040828000,5922407,5921495,0,5921493,1071000,913,852.47,true
8040828000,5922407,5921495,0,5921493,8041892000,5923266,5922408,0,5922406,1064000,913,858.08,true
8041892000,5923266,5922408,0,5922406,8042900000,5924130,5923267,0,5923265,1008000,859,852.18,true
8042900000,5924130,5923267,0,5923265,8043943000,5924994,5924131,0,5924129,1043000,864,828.38,false
8043943000,5924994,5924131,0,5924129,8044982000,5925858,5924995,0,5924993,1039000,864,831.57,false
8044982000,5925858,5924995,0,5924993,8046019000,5926722,5925859,0,5925857,1037000,864,833.17,false
8046019000,5926722,5925859,0,5925857,8047056000,5927586,5926723,0,5926721,1037000,864,833.17,false
8047056000,5927586,5926723,0,5926721,8048093000,5928450,5927587,0,5927585,1037000,864,833.17,false
8048093000,5928450,5927587,0,5927585,8049130000,5929314,5928451,0,5928449,1037000,864,833.17,false
8049130000,5929314,5928451,0,5928449,8050167000,5930178,5929315,0,5929313,1037000,864,833.17,false
8050167000,5930178,5929315,0,5929313,8051204000,5931042,5930179,0,5930177,1037000,864,833.17,false
8051204000,5931042,5930179,0,5930177,8052241000,5931906,5931043,0,5931041,1037000,864,833.17,false
8052241000,5931906,5931043,0,5931041,8053278000,5932770,5931907,0,5931905,1037000,864,833.17,false
8053278000,5932770,5931907,0,5931905,8054315000,5933634,5932771,0,5932769,1037000,864,833.17,false
8054315000,5933634,5932771,0,5932769,8055352000,5934498,5933635,0,5933633,1037000,864,833.17,false
8055352000,5934498,5933635,0,5933633,8056389000,5935362,5934499,0,5934497,1037000,864,833.17,false
8056389000,5935362,5934499,0,5934497,8057426000,5936226,5935363,0,5935361,1037000,864,833.17,false
8057426000,5936226,5935363,0,5935361,8058463000,5937090,5936227,0,5936225,1037000,864,833.17,false
8058463000,5937090,5936227,0,5936225,8059500000,5937954,5937091,0,5937089,1037000,864,833.17,false
8059500000,5937954,5937091,0,5937089,8060597000,5938818,5937955,0,5937953,1097000,864,787.60,false
8060597000,5938818,5937955,0,5937953,8061632000,5939682,5938819,0,5938817,1035000,864,834.78,false
8061632000,5939682,5938819,0,5938817,8062677000,5940546,5939683,0,5939681,1045000,864,826.79,false
8063248000,5941021,5940158,0,5940156,8064285000,5941885,5941022,0,5941020,1037000,864,833.17,false
8064285000,5941885,5941022,0,5941020,8065323000,5942749,5941886,0,5941884,1038000,864,832.37,false
8065323000,5942749,5941886,0,5941884,8066360000,5943723,5942750,0,5942748,1037000,864,833.17,true
8066360000,5943723,5942750,0,5942748,8067461000,5944697,5943724,0,5943722,1101000,974,884.65,true
8067461000,5944697,5943724,0,5943722,8068562000,5945561,5944698,0,5944696,1101000,974,884.65,true
8068562000,5945561,5944698,0,5944696,8069585000,5946415,5945562,0,5945560,1023000,864,844.57,true
8069585000,5946415,5945562,0,5945560,8070611000,5947269,5946416,0,5946414,1026000,854,832.36,false
8070611000,5947269,5946416,0,5946414,8071643000,5948123,5947270,0,5947268,1032000,854,827.52,false
8071643000,5948123,5947270,0,5947268,8072676000,5948977,5948124,0,5948122,1033000,854,826.72,false
8072676000,5948977,5948124,0,5948122,8073709000,5949831,5948978,0,5948976,1033000,854,826.72,false
8073709000,5949831,5948978,0,5948976,8074741000,5950685,5949832,0,5949830,1032000,854,827.52,false
8074741000,5950685,5949832,0,5949830,8075774000,5951539,5950686,0,5950684,1033000,854,826.72,false
8075774000,5951539,5950686,0,5950684,8076807000,5952393,5951540,0,5951538,1033000,854,826.72,false
8076807000,5952393,5951540,0,5951538,8077839000,5953247,5952394,0,5952392,1032000,854,827.52,false
8077839000,5953247,5952394,0,5952392,8078871000,5954101,5953248,0,5953246,1032000,854,827.52,false
8078871000,5954101,5953248,0,5953246,8079904000,5954955,5954102,0,5954100,1033000,854,826.72,false
8079904000,5954955,5954102,0,5954100,8080937000,5955809,5954956,0,5954954,1033000,854,826.72,false
8080937000,5955809,5954956,0,5954954,8081969000,5956663,5955810,0,5955808,1032000,854,827.52,false
8081969000,5956663,5955810,0,5955808,8083001000,5957517,5956664,0,5956662,1032000,854,827.52,false
8083001000,5957517,5956664,0,5956662,8084034000,5958371,5957518,0,5957516,1033000,854,826.72,false
8084034000,5958371,5957518,0,5957516,8085128000,5959225,5958372,0,5958370,1094000,854,780.62,false
8085128000,5959225,5958372,0,5958370,8086156000,5960079,5959226,0,5959224,1028000,854,830.74,false
8086156000,5960079,5959226,0,5959224,8087191000,5960933,5960080,0,5960078,1035000,854,825.12,false
8087191000,5960933,5960080,0,5960078,8088225000,5961787,5960934,0,5960932,1034000,854,825.92,false
8088225000,5961787,5960934,0,5960932,8089257000,5962641,5961788,0,5961786,1032000,854,827.52,false
8089474000,5962819,5961966,0,5961964,8090506000,5963673,5962820,0,5962818,1032000,854,827.52,false
8090506000,5963673,5962820,0,5962818,8091538000,5964527,5963674,0,5963672,1032000,854,827.52,false
8091538000,5964527,5963674,0,5963672,8092570000,5965487,5964528,0,5964526,1032000,854,827.52,true
8092570000,5965487,5964528,0,5964526,8093660000,5966447,5965488,0,5965486,1090000,960,880.73,true
8093660000,5966447,5965488,0,5965486,8094753000,5967301,5966448,0,5966446,1093000,960,878.32,true
8094753000,5967301,5966448,0,5966446,8095776000,5968147,5967302,0,5967300,1023000,854,834.80,true
8095776000,5968147,5967302,0,5967300,8096797000,5968993,5968148,0,5968146,1021000,846,828.60,false
8096797000,5968993,5968148,0,5968146,8097826000,5969839,5968994,0,5968992,1029000,846,822.16,false
8097826000,5969839,5968994,0,5968992,8098855000,5970685,5969840,0,5969838,1029000,846,822.16,false
8098855000,5970685,5969840,0,5969838,8099884000,5971531,5970686,0,5970684,1029000,846,822.16,false
8099884000,5971531,5970686,0,5970684,8100913000,5972377,5971532,0,5971530,1029000,846,822.16,false
8100913000,5972377,5971532,0,5971530,8101942000,5973223,5972378,0,5972376,1029000,846,822.16,false
8101942000,5973223,5972378,0,5972376,8102971000,5974069,5973224,0,5973222,1029000,846,822.16,false
8102971000,5974069,5973224,0,5973222,8104000000,5974915,5974070,0,5974068,1029000,846,822.16,false
8104000000,5974915,5974070,0,5974068,8105029000,5975761,5974916,0,5974914,1029000,846,822.16,false
8105029000,5975761,5974916,0,5974914,8106058000,5976607,5975762,0,5975760,1029000,846,822.16,false
8106058000,5976607,5975762,0,5975760,8107087000,5977453,5976608,0,5976606,1029000,846,822.16,false
8107087000,5977453,5976608,0,5976606,8108116000,5978299,5977454,0,5977452,1029000,846,822.16,false
8108116000,5978299,5977454,0,5977452,8109219000,5979145,5978300,0,5978298,1103000,846,767.00,false
8109219000,5979145,5978300,0,5978298,8110236000,5979991,5979146,0,5979144,1017000,846,831.86,false
8110236000,5979991,5979146,0,5979144,8111265000,5980837,5979992,0,5979990,1029000,846,822.16,false
8111265000,5980837,5979992,0,5979990,8112298000,5981683,5980838,0,5980836,1033000,846,818.97,false
8112298000,5981683,5980838,0,5980836,8113330000,5982529,5981684,0,5981682,1032000,846,819.77,false
8113330000,5982529,5981684,0,5981682,8114362000,5983375,5982530,0,5982528,1032000,846,819.77,false
8115367000,5984198,5983353,0,5983351,8116400000,5985044,5984199,0,5984197,1033000,846,818.97,false
8116400000,5985044,5984199,0,5984197,8117432000,5985890,5985045,0,5985043,1032000,846,819.77,false
8117432000,5985890,5985045,0,5985043,8118464000,5986841,5985891,0,5985889,1032000,846,819.77,true
8118464000,5986841,5985891,0,5985889,8119550000,5987792,5986842,0,5986840,1086000,951,875.69,true
8119550000,5987792,5986842,0,5986840,8120641000,5988638,5987793,0,5987791,1091000,951,871.68,true
8120641000,5988638,5987793,0,5987791,8121665000,5989477,5988639,0,5988637,1024000,846,826.17,true
8121665000,5989477,5988639,0,5988637,8122686000,5990316,5989478,0,5989476,1021000,839,821.74,false
8122686000,5990316,5989478,0,5989476,8123715000,5991155,5990317,0,5990315,1029000,839,815.35,false
8123715000,5991155,5990317,0,5990315,8124745000,5991994,5991156,0,5991154,1030000,839,814.56,false
8124745000,5991994,5991156,0,5991154,8125775000,5992833,5991995,0,5991993,1030000,839,814.56,false
8125775000,5992833,5991995,0,5991993,8126804000,5993672,5992834,0,5992832,1029000,839,815.35,false
8126804000,5993672,5992834,0,5992832,8127833000,5994511,5993673,0,5993671,1029000,839,815.35,false
8127833000,5994511,5993673,0,5993671,8128862000,5995350,5994512,0,5994510,1029000,839,815.35,false
8128862000,5995350,5994512,0,5994510,8129892000,5996189,5995351,0,5995349,1030000,839,814.56,false
8129892000,5996189,5995351,0,5995349,8130921000,5997028,5996190,0,5996188,1029000,839,815.35,false
8130921000,5997028,5996190,0,5996188,8131950000,5997867,5997029,0,5997027,1029000,839,815.35,false
8131950000,5997867,5997029,0,5997027,8133055000,5998706,5997868,0,5997866,1105000,839,759.28,false
8133055000,5998706,5997868,0,5997866,8134068000,5999545,5998707,0,5998705,1013000,839,828.23,false
8134068000,5999545,5998707,0,5998705,8135094000,6000384,5999546,0,5999544,1026000,839,817.74,false
8135094000,6000384,5999546,0,5999544,8136124000,6001223,6000385,0,6000383,1030000,839,814.56,false
8136124000,6001223,6000385,0,6000383,8137154000,6002062,6001224,0,6001222,1030000,839,814.56,false
8137154000,6002062,6001224,0,6001222,8138183000,6002901,6002063,0,6002061,1029000,839,815.35,false
8138183000,6002901,6002063,0,6002061,8139212000,6003740,6002902,0,6002900,1029000,839,815.35,false
8139212000,6003740,6002902,0,6002900,8140241000,6004579,6003741,0,6003739,1029000,839,815.35,false
8141236000,6005391,6004553,0,6004551,8142265000,6006230,6005392,0,6005390,1029000,839,815.35,false
8142265000,6006230,6005392,0,6005390,8143294000,6007069,6006231,0,6006229,1029000,839,815.35,false
8143294000,6007069,6006231,0,6006229,8144323000,6008003,6007070,0,6007068,1029000,839,815.35,true
8144323000,6008003,6007070,0,6007068,8145397000,6008937,6008004,0,6008002,1074000,934,869.65,true
8145397000,6008937,6008004,0,6008002,8146477000,6009776,6008938,0,6008936,1080000,934,864.81,true
8146477000,6009776,6008938,0,6008936,8147503000,6010612,6009777,0,6009775,1026000,839,817.74,true
8147503000,6010612,6009777,0,6009775,8148522000,6011448,6010613,0,6010611,1019000,836,820.41,false
8148522000,6011448,6010613,0,6010611,8149549000,6012284,6011449,0,6011447,1027000,836,814.02,false
8149549000,6012284,6011449,0,6011447,8150578000,6013120,6012285,0,6012283,1029000,836,812.44,false
8150578000,6013120,6012285,0,6012283,8151606000,6013956,6013121,0,6013119,1028000,836,813.23,false
8151606000,6013956,6013121,0,6013119,8152634000,6014792,6013957,0,6013955,1028000,836,813.23,false
8152634000,6014792,6013957,0,6013955,8153662000,6015628,6014793,0,6014791,1028000,836,813.23,false
8153662000,6015628,6014793,0,6014791,8154690000,6016464,6015629,0,6015627,1028000,836,813.23,false
8154690000,6016464,6015629,0,6015627,8155718000,6017300,6016465,0,6016463,1028000,836,813.23,false
8155718000,6017300,6016465,0,6016463,8156819000,6018136,6017301,0,6017299,1101000,836,759.31,false
8156819000,6018136,6017301,0,6017299,8157835000,6018972,6018137,0,6018135,1016000,836,822.83,false
8157835000,6018972,6018137,0,6018135,8158864000,6019808,6018973,0,6018971,1029000,836,812.44,false
8158864000,6019808,6018973,0,6018971,8159896000,6020644,6019809,0,6019807,1032000,836,810.08,false
8159896000,6020644,6019809,0,6019807,8160928000,6021480,6020645,0,6020643,1032000,836,810.08,false
8160928000,6021480,6020645,0,6020643,8161959000,6022316,6021481,0,6021479,1031000,836,810.86,false
8161959000,6022316,6021481,0,6021479,8162990000,6023152,6022317,0,6022315,1031000,836,810.86,false
8162990000,6023152,6022317,0,6022315,8164021000,6023988,6023153,0,6023151,1031000,836,810.86,false
8164021000,6023988,6023153,0,6023151,8165052000,6024824,6023989,0,6023987,1031000,836,810.86,false
8165052000,6024824,6023989,0,6023987,8166083000,6025660,6024825,0,6024823,1031000,836,810.86,false
8166989000,6026394,6025559,0,6025557,8168021000,6027230,6026395,0,6026393,1032000,836,810.08,false
8168021000,6027230,6026395,0,6026393,8169052000,6028066,6027231,0,6027229,1031000,836,810.86,false
8169052000,6028066,6027231,0,6027229,8170083000,6029003,6028067,0,6028065,1031000,836,810.86,true
8170083000,6029003,6028067,0,6028065,8171163000,6029940,6029004,0,6029002,1080000,937,867.59,true
8171163000,6029940,6029004,0,6029002,8172249000,6030776,6029941,0,6029939,1086000,937,862.80,true
8172249000,6030776,6029941,0,6029939,8173275000,6031607,6030777,0,6030775,1026000,836,814.81,true
8173275000,6031607,6030777,0,6030775,8174295000,6032438,6031608,0,6031606,1020000,831,814.71,false
8174295000,6032438,6031608,0,6031606,8175324000,6033269,6032439,0,6032437,1029000,831,807.58,false
8175324000,6033269,6032439,0,6032437,8176354000,6034100,6033270,0,6033268,1030000,831,806.80,false
8176354000,6034100,6033270,0,6033268,8177383000,6034931,6034101,0,6034099,1029000,831,807.58,false
8177383000,6034931,6034101,0,6034099,8178412000,6035762,6034932,0,6034930,1029000,831,807.58,false
8178412000,6035762,6034932,0,6034930,8179441000,6036593,6035763,0,6035761,1029000,831,807.58,false
8179441000,6036593,6035763,0,6035761,8180539000,6037424,6036594,0,6036592,1098000,831,756.83,false
8180539000,6037424,6036594,0,6036592,8181558000,6038255,6037425,0,6037423,1019000,831,815.51,false
8181558000,6038255,6037425,0,6037423,8182587000,6039086,6038256,0,6038254,1029000,831,807.58,false
8182587000,6039086,6038256,0,6038254,8183618000,6039917,6039087,0,6039085,1031000,831,806.01,false
8183618000,6039917,6039087,0,6039085,8184647000,6040748,6039918,0,6039916,1029000,831,807.58,false
8184647000,6040748,6039918,0,6039916,8185676000,6041579,6040749,0,6040747,1029000,831,807.58,false
8185676000,6041579,6040749,0,6040747,8186705000,6042410,6041580,0,6041578,1029000,831,807.58,false
8186705000,6042410,6041580,0,6041578,8187734000,6043241,6042411,0,6042409,1029000,831,807.58,false
8187734000,6043241,6042411,0,6042409,8188763000,6044072,6043242,0,6043240,1029000,831,807.58,false
8188763000,6044072,6043242,0,6043240,8189792000,6044903,6044073,0,6044071,1029000,831,807.58,false
8189792000,6044903,6044073,0,6044071,8190821000,6045734,6044904,0,6044902,1029000,831,807.58,false
8190821000,6045734,6044904,0,6044902,8191850000,6046565,6045735,0,6045733,1029000,831,807.58,false
8192837000,6047362,6046532,0,6046530,8193866000,6048193,6047363,0,6047361,1029000,831,807.58,false
8193866000,6048193,6047363,0,6047361,8194895000,6049024,6048194,0,6048192,1029000,831,807.58,false
8194895000,6049024,6048194,0,6048192,8195924000,6049949,6049025,0,6049023,1029000,831,807.58,true
8195924000,6049949,6049025,0,6049023,8196994000,6050874,6049950,0,6049948,1070000,925,864.49,true
8196994000,6050874,6049950,0,6049948,8198073000,6051705,6050875,0,6050873,1079000,925,857.28,true
8198073000,6051705,6050875,0,6050873,8199101000,6052534,6051706,0,6051704,1028000,831,808.37,true
8199101000,6052534,6051706,0,6051704,8200120000,6053363,6052535,0,6052533,1019000,829,813.54,false
8200120000,6053363,6052535,0,6052533,8201147000,6054192,6053364,0,6053362,1027000,829,807.21,false
8201147000,6054192,6053364,0,6053362,8202176000,6055021,6054193,0,6054191,1029000,829,805.64,false
8202176000,6055021,6054193,0,6054191,8203205000,6055850,6055022,0,6055020,1029000,829,805.64,false
8203205000,6055850,6055022,0,6055020,8204309000,6056679,6055851,0,6055849,1104000,829,750.91,false
8204309000,6056679,6055851,0,6055849,8205324000,6057508,6056680,0,6056678,1015000,829,816.75,false
8205324000,6057508,6056680,0,6056678,8206353000,6058337,6057509,0,6057507,1029000,829,805.64,false
8206353000,6058337,6057509,0,6057507,8207385000,6059166,6058338,0,6058336,1032000,829,803.29,false
8207385000,6059166,6058338,0,6058336,8208417000,6059995,6059167,0,6059165,1032000,829,803.29,false
8208417000,6059995,6059167,0,6059165,8209449000,6060824,6059996,0,6059994,1032000,829,803.29,false
8209449000,6060824,6059996,0,6059994,8210481000,6061653,6060825,0,6060823,1032000,829,803.29,false
8210481000,6061653,6060825,0,6060823,8211513000,6062482,6061654,0,6061652,1032000,829,803.29,false
8211513000,6062482,6061654,0,6061652,8212545000,6063311,6062483,0,6062481,1032000,829,803.29,false
8212545000,6063311,6062483,0,6062481,8213577000,6064140,6063312,0,6063310,1032000,829,803.29,false
8213577000,6064140,6063312,0,6063310,8214609000,6064969,6064141,0,6064139,1032000,829,803.29,false
8214609000,6064969,6064141,0,6064139,8215641000,6065798,6064970,0,6064968,1032000,829,803.29,false
8215641000,6065798,6064970,0,6064968,8216673000,6066627,6065799,0,6065797,1032000,829,803.29,false
8216673000,6066627,6065799,0,6065797,8217705000,6067456,6066628,0,6066626,1032000,829,803.29,false
8217705000,6067456,6066628,0,6066626,8218737000,6068285,6067457,0,6067455,1032000,829,803.29,false
8218753000,6068298,6067470,0,6067468,8219785000,6069127,6068299,0,6068297,1032000,829,803.29,false
8219785000,6069127,6068299,0,6068297,8220817000,6069956,6069128,0,6069126,1032000,829,803.29,false
8220817000,6069956,6069128,0,6069126,8221849000,6070888,6069957,0,6069955,1032000,829,803.29,true
8221849000,6070888,6069957,0,6069955,8222929000,6071820,6070889,0,6070887,1080000,932,862.96,true
8222929000,6071820,6070889,0,6070887,8224015000,6072649,6071821,0,6071819,1086000,932,858.20,true
8224015000,6072649,6071821,0,6071819,8225042000,6073473,6072650,0,6072648,1027000,829,807.21,true
8225042000,6073473,6072650,0,6072648,8226062000,6074297,6073474,0,6073472,1020000,824,807.84,false
8226062000,6074297,6073474,0,6073472,8227091000,6075121,6074298,0,6074296,1029000,824,800.78,false
8227091000,6075121,6074298,0,6074296,8228183000,6075945,6075122,0,6075120,1092000,824,754.58,false
8228183000,6075945,6075122,0,6075120,8229208000,6076769,6075946,0,6075944,1025000,824,803.90,false
8229208000,6076769,6075946,0,6075944,8230234000,6077593,6076770,0,6076768,1026000,824,803.12,false
8230234000,6077593,6076770,0,6076768,8231263000,6078417,6077594,0,6077592,1029000,824,800.78,false
8231263000,6078417,6077594,0,6077592,8232293000,6079241,6078418,0,6078416,1030000,824,800.00,false
8232293000,6079241,6078418,0,6078416,8233322000,6080065,6079242,0,6079240,1029000,824,800.78,false
8233322000,6080065,6079242,0,6079240,8234352000,6080889,6080066,0,6080064,1030000,824,800.00,false
8234352000,6080889,6080066,0,6080064,8235382000,6081713,6080890,0,6080888,1030000,824,800.00,false
8235382000,6081713,6080890,0,6080888,8236412000,6082537,6081714,0,6081712,1030000,824,800.00,false
8236412000,6082537,6081714,0,6081712,8237442000,6083361,6082538,0,6082536,1030000,824,800.00,false
8237442000,6083361,6082538,0,6082536,8238472000,6084185,6083362,0,6083360,1030000,824,800.00,false
8238472000,6084185,6083362,0,6083360,8239502000,6085009,6084186,0,6084184,1030000,824,800.00,false
8239502000,6085009,6084186,0,6084184,8240532000,6085833,6085010,0,6085008,1030000,824,800.00,false
8240532000,6085833,6085010,0,6085008,8241562000,6086657,6085834,0,6085832,1030000,824,800.00,false
8241562000,6086657,6085834,0,6085832,8242592000,6087481,6086658,0,6086656,1030000,824,800.00,false
8242592000,6087481,6086658,0,6086656,8243622000,6088305,6087482,0,6087480,1030000,824,800.00,false
8244619000,6089103,6088280,0,6088278,8245649000,6089927,6089104,0,6089102,1030000,824,800.00,false
8245649000,6089927,6089104,0,6089102,8246679000,6090751,6089928,0,6089926,1030000,824,800.00,false
8246679000,6090751,6089928,0,6089926,8247709000,6091668,6090752,0,6090750,1030000,824,800.00,true
8247709000,6091668,6090752,0,6090750,8248778000,6092585,6091669,0,6091667,1069000,917,857.81,true
8248778000,6092585,6091669,0,6091667,8249856000,6093409,6092586,0,6092584,1078000,917,850.65,true
8249856000,6093409,6092586,0,6092584,8250899000,6094231,6093410,0,6093408,1043000,824,790.03,true
8250899000,6094231,6093410,0,6093408,8251939000,6095053,6094232,0,6094230,1040000,822,790.38,false
8251939000,6095053,6094232,0,6094230,8252994000,6095875,6095054,0,6095052,1055000,822,779.15,false
8252994000,6095875,6095054,0,6095052,8254050000,6096697,6095876,0,6095874,1056000,822,778.41,false
8254050000,6096697,6095876,0,6095874,8255104000,6097519,6096698,0,6096696,1054000,822,779.89,false
8255104000,6097519,6096698,0,6096696,8256158000,6098341,6097520,0,6097518,1054000,822,779.89,false
8256158000,6098341,6097520,0,6097518,8257212000,6099163,6098342,0,6098340,1054000,822,779.89,false
8257212000,6099163,6098342,0,6098340,8258266000,6099985,6099164,0,6099162,1054000,822,779.89,false
8258266000,6099985,6099164,0,6099162,8259320000,6100807,6099986,0,6099984,1054000,822,779.89,false
8259320000,6100807,6099986,0,6099984,8260374000,6101629,6100808,0,6100806,1054000,822,779.89,false
8260374000,6101629,6100808,0,6100806,8261428000,6102451,6101630,0,6101628,1054000,822,779.89,false
8261428000,6102451,6101630,0,6101628,8262482000,6103273,6102452,0,6102450,1054000,822,779.89,false
8262482000,6103273,6102452,0,6102450,8263536000,6104095,6103274,0,6103272,1054000,822,779.89,false
8263536000,6104095,6103274,0,6103272,8264590000,6104917,6104096,0,6104094,1054000,822,779.89,false
8264590000,6104917,6104096,0,6104094,8265644000,6105739,6104918,0,6104916,1054000,822,779.89,false
8265644000,6105739,6104918,0,6104916,8266698000,6106561,6105740,0,6105738,1054000,822,779.89,false
8266698000,6106561,6105740,0,6105738,8267752000,6107383,6106562,0,6106560,1054000,822,779.89,false
8267752000,6107383,6106562,0,6106560,8268806000,6108205,6107384,0,6107382,1054000,822,779.89,false
8268806000,6108205,6107384,0,6107382,8269860000,6109027,6108206,0,6108204,1054000,822,779.89,false
8269860000,6109027,6108206,0,6108204,8270914000,6109849,6109028,0,6109026,1054000,822,779.89,false
8271883000,6110606,6109785,0,6109783,8272937000,6111428,6110607,0,6110605,1054000,822,779.89,false
8272937000,6111428,6110607,0,6110605,8273991000,6112250,6111429,0,6111427,1054000,822,779.89,false
8273991000,6112250,6111429,0,6111427,8275045000,6113241,6112251,0,6112249,1054000,822,779.89,true
8275045000,6113241,6112251,0,6112249,8276295000,6114232,6113242,0,6113240,1250000,991,792.80,true
8276295000,6114232,6113242,0,6113240,8277478000,6115054,6114233,0,6114231,1183000,991,837.70,true
8277478000,6115054,6114233,0,6114231,8278499000,6115867,6115055,0,6115053,1021000,822,805.09,true
8278499000,6115867,6115055,0,6115053,8279510000,6116680,6115868,0,6115866,1011000,813,804.15,false
8279510000,6116680,6115868,0,6115866,8280537000,6117493,6116681,0,6116679,1027000,813,791.63,false
8280537000,6117493,6116681,0,6116679,8281568000,6118306,6117494,0,6117492,1031000,813,788.55,false
8281568000,6118306,6117494,0,6117492,8282597000,6119119,6118307,0,6118305,1029000,813,790.09,false
8282597000,6119119,6118307,0,6118305,8283625000,6119932,6119120,0,6119118,1028000,813,790.86,false
8283625000,6119932,6119120,0,6119118,8284654000,6120745,6119933,0,6119931,1029000,813,790.09,false
8284654000,6120745,6119933,0,6119931,8285682000,6121558,6120746,0,6120744,1028000,813,790.86,false
8285682000,6121558,6120746,0,6120744,8286710000,6122371,6121559,0,6121557,1028000,813,790.86,false
8286710000,6122371,6121559,0,6121557,8287739000,6123184,6122372,0,6122370,1029000,813,790.09,false
8287739000,6123184,6122372,0,6122370,8288767000,6123997,6123185,0,6123183,1028000,813,790.86,false
8288767000,6123997,6123185,0,6123183,8289795000,6124810,6123998,0,6123996,1028000,813,790.86,false
8289795000,6124810,6123998,0,6123996,8290824000,6125623,6124811,0,6124809,1029000,813,790.09,false
8290824000,6125623,6124811,0,6124809,8291852000,6126436,6125624,0,6125622,1028000,813,790.86,false
8291852000,6126436,6125624,0,6125622,8292880000,6127249,6126437,0,6126435,1028000,813,790.86,false
8292880000,6127249,6126437,0,6126435,8293908000,6128062,6127250,0,6127248,1028000,813,790.86,false
8293908000,6128062,6127250,0,6127248,8294936000,6128875,6128063,0,6128061,1028000,813,790.86,false
8294936000,6128875,6128063,0,6128061,8295965000,6129688,6128876,0,6128874,1029000,813,790.09,false
8295965000,6129688,6128876,0,6128874,8296993000,6130501,6129689,0,6129687,1028000,813,790.86,false
8297828000,6131162,6130350,0,6130348,8298856000,6131975,6131163,0,6131161,1028000,813,790.86,false
8298856000,6131975,6131163,0,6131161,8299942000,6132788,6131976,0,6131974,1086000,813,748.62,false
8299942000,6132788,6131976,0,6131974,8300967000,6133690,6132789,0,6132787,1025000,813,793.17,true
8300967000,6133690,6132789,0,6132787,8302046000,6134592,6133691,0,6133689,1079000,902,835.96,true
8302046000,6134592,6133691,0,6133689,8303120000,6135405,6134593,0,6134591,1074000,902,839.85,true
8303120000,6135405,6134593,0,6134591,8304136000,6136218,6135406,0,6135404,1016000,813,800.20,true
8304136000,6136218,6135406,0,6135404,8305154000,6137031,6136219,0,6136217,1018000,813,798.62,false
8305154000,6137031,6136219,0,6136217,8306183000,6137844,6137032,0,6137030,1029000,813,790.09,false
8306183000,6137844,6137032,0,6137030,8307213000,6138657,6137845,0,6137843,1030000,813,789.32,false
8307213000,6138657,6137845,0,6137843,8308242000,6139470,6138658,0,6138656,1029000,813,790.09,false
8308242000,6139470,6138658,0,6138656,8309270000,6140283,6139471,0,6139469,1028000,813,790.86,false
8309270000,6140283,6139471,0,6139469,8310298000,6141096,6140284,0,6140282,1028000,813,790.86,false
8310298000,6141096,6140284,0,6140282,8311327000,6141909,6141097,0,6141095,1029000,813,790.09,false
8311327000,6141909,6141097,0,6141095,8312355000,6142722,6141910,0,6141908,1028000,813,790.86,false
8312355000,6142722,6141910,0,6141908,8313383000,6143535,6142723,0,6142721,1028000,813,790.86,false
8313383000,6143535,6142723,0,6142721,8314411000,6144348,6143536,0,6143534,1028000,813,790.86,false
8314411000,6144348,6143536,0,6143534,8315439000,6145161,6144349,0,6144347,1028000,813,790.86,false
8315439000,6145161,6144349,0,6144347,8316468000,6145974,6145162,0,6145160,1029000,813,790.09,false
8316468000,6145974,6145162,0,6145160,8317496000,6146787,6145975,0,6145973,1028000,813,790.86,false
8317496000,6146787,6145975,0,6145973,8318524000,6147600,6146788,0,6146786,1028000,813,790.86,false
8318524000,6147600,6146788,0,6146786,8319553000,6148413,6147601,0,6147599,1029000,813,790.09,false
8319553000,6148413,6147601,0,6147599,8320581000,6149226,6148414,0,6148412,1028000,813,790.86,false
8320581000,6149226,6148414,0,6148412,8321610000,6150039,6149227,0,6149225,1029000,813,790.09,false
8321610000,6150039,6149227,0,6149225,8322638000,6150852,6150040,0,6150038,1028000,813,790.86,false
8323443000,6151439,6150627,0,6150625,8324465000,6152252,6151440,0,6151438,1022000,813,795.50,false
8324465000,6152252,6151440,0,6151438,8325496000,6153065,6152253,0,6152251,1031000,813,788.55,false
8325496000,6153065,6152253,0,6152251,8326527000,6153910,6153066,0,6153064,1031000,813,788.55,true
8326527000,6153910,6153066,0,6153064,8327571000,6154755,6153911,0,6153909,1044000,845,809.39,true
8327571000,6154755,6153911,0,6153909,8328614000,6155568,6154756,0,6154754,1043000,845,810.16,true
8328614000,6155568,6154756,0,6154754,8329624000,6156390,6155569,0,6155567,1010000,813,804.95,true
8329624000,6156390,6155569,0,6155567,8330663000,6157212,6156391,0,6156389,1039000,822,791.15,false
8330663000,6157212,6156391,0,6156389,8331697000,6158034,6157213,0,6157211,1034000,822,794.97,false
8331697000,6158034,6157213,0,6157211,8332729000,6158856,6158035,0,6158033,1032000,822,796.51,false
8332729000,6158856,6158035,0,6158033,8333761000,6159678,6158857,0,6158855,1032000,822,796.51,false
8333761000,6159678,6158857,0,6158855,8334793000,6160500,6159679,0,6159677,1032000,822,796.51,false
8334793000,6160500,6159679,0,6159677,8335825000,6161322,6160501,0,6160499,1032000,822,796.51,false
8335825000,6161322,6160501,0,6160499,8336857000,6162144,6161323,0,6161321,1032000,822,796.51,false
8336857000,6162144,6161323,0,6161321,8337889000,6162966,6162145,0,6162143,1032000,822,796.51,false
8337889000,6162966,6162145,0,6162143,8338921000,6163788,6162967,0,6162965,1032000,822,796.51,false
8338921000,6163788,6162967,0,6162965,8339953000,6164610,6163789,0,6163787,1032000,822,796.51,false
8339953000,6164610,6163789,0,6163787,8340985000,6165432,6164611,0,6164609,1032000,822,796.51,false
8340985000,6165432,6164611,0,6164609,8342017000,6166254,6165433,0,6165431,1032000,822,796.51,false
8342017000,6166254,6165433,0,6165431,8343049000,6167076,6166255,0,6166253,1032000,822,796.51,false
8343049000,6167076,6166255,0,6166253,8344081000,6167898,6167077,0,6167075,1032000,822,796.51,false
8344081000,6167898,6167077,0,6167075,8345113000,6168720,6167899,0,6167897,1032000,822,796.51,false
8345113000,6168720,6167899,0,6167897,8346145000,6169542,6168721,0,6168719,1032000,822,796.51,false
8346145000,6169542,6168721,0,6168719,8347242000,6170364,6169543,0,6169541,1097000,822,749.32,false
8347242000,6170364,6169543,0,6169541,8348273000,6171186,6170365,0,6170363,1031000,822,797.28,false
8348273000,6171186,6170365,0,6170363,8349299000,6172008,6171187,0,6171185,1026000,822,801.17,false
8349564000,6172220,6171399,0,6171397,8350592000,6173042,6172221,0,6172219,1028000,822,799.61,false
8350592000,6173042,6172221,0,6172219,8351621000,6173864,6173043,0,6173041,1029000,822,798.83,false
8351621000,6173864,6173043,0,6173041,8352650000,6174773,6173865,0,6173863,1029000,822,798.83,true
8352650000,6174773,6173865,0,6173863,8353714000,6175682,6174774,0,6174772,1064000,909,854.32,true
8353714000,6175682,6174774,0,6174772,8354788000,6176504,6175683,0,6175681,1074000,909,846.37,true
8354788000,6176504,6175683,0,6175681,8355814000,6177326,6176505,0,6176503,1026000,822,801.17,true
8355814000,6177326,6176505,0,6176503,8356834000,6178148,6177327,0,6177325,1020000,822,805.88,false
8356834000,6178148,6177327,0,6177325,8357862000,6178970,6178149,0,6178147,1028000,822,799.61,false
8357862000,6178970,6178149,0,6178147,8358892000,6179792,6178971,0,6178969,1030000,822,798.06,false
8358892000,6179792,6178971,0,6178969,8359921000,6180614,6179793,0,6179791,1029000,822,798.83,false
8359921000,6180614,6179793,0,6179791,8360950000,6181436,6180615,0,6180613,1029000,822,798.83,false
8360950000,6181436,6180615,0,6180613,8361979000,6182258,6181437,0,6181435,1029000,822,798.83,false
8361979000,6182258,6181437,0,6181435,8363008000,6183080,6182259,0,6182257,1029000,822,798.83,false
8363008000,6183080,6182259,0,6182257,8364037000,6183902,6183081,0,6183079,1029000,822,798.83,false
8364037000,6183902,6183081,0,6183079,8365066000,6184724,6183903,0,6183901,1029000,822,798.83,false
8365066000,6184724,6183903,0,6183901,8366095000,6185546,6184725,0,6184723,1029000,822,798.83,false
8366095000,6185546,6184725,0,6184723,8367124000,6186368,6185547,0,6185545,1029000,822,798.83,false
8367124000,6186368,6185547,0,6185545,8368153000,6187190,6186369,0,6186367,1029000,822,798.83,false
8368153000,6187190,6186369,0,6186367,8369182000,6188012,6187191,0,6187189,1029000,822,798.83,false
8369182000,6188012,6187191,0,6187189,8370265000,6188834,6188013,0,6188011,1083000,822,759.00,false
8370265000,6188834,6188013,0,6188011,8371293000,6189656,6188835,0,6188833,1028000,822,799.61,false
8371293000,6189656,6188835,0,6188833,8372328000,6190478,6189657,0,6189655,1035000,822,794.20,false
8372328000,6190478,6189657,0,6189655,8373359000,6191300,6190479,0,6190477,1031000,822,797.28,false
8373359000,6191300,6190479,0,6190477,8374387000,6192122,6191301,0,6191299,1028000,822,799.61,false
8375323000,6192870,6192049,0,6192047,8376352000,6193692,6192871,0,6192869,1029000,822,798.83,false
8376352000,6193692,6192871,0,6192869,8377381000,6194514,6193693,0,6193691,1029000,822,798.83,false
8377381000,6194514,6193693,0,6193691,8378410000,6195426,6194515,0,6194513,1029000,822,798.83,true
8378410000,6195426,6194515,0,6194513,8379475000,6196338,6195427,0,6195425,1065000,912,856.34,true
8379475000,6196338,6195427,0,6195425,8380550000,6197160,6196339,0,6196337,1075000,912,848.37,true
8380550000,6197160,6196339,0,6196337,8381579000,6197982,6197161,0,6197159,1029000,822,798.83,true
8381579000,6197982,6197161,0,6197159,8382598000,6198804,6197983,0,6197981,1019000,822,806.67,false
8382598000,6198804,6197983,0,6197981,8383625000,6199626,6198805,0,6198803,1027000,822,800.39,false
8383625000,6199626,6198805,0,6198803,8384654000,6200448,6199627,0,6199625,1029000,822,798.83,false
8384654000,6200448,6199627,0,6199625,8385683000,6201270,6200449,0,6200447,1029000,822,798.83,false
8385683000,6201270,6200449,0,6200447,8386712000,6202092,6201271,0,6201269,1029000,822,798.83,false
8386712000,6202092,6201271,0,6201269,8387741000,6202914,6202093,0,6202091,1029000,822,798.83,false
8387741000,6202914,6202093,0,6202091,8388770000,6203736,6202915,0,6202913,1029000,822,798.83,false
8388770000,6203736,6202915,0,6202913,8389799000,6204558,6203737,0,6203735,1029000,822,798.83,false
8389799000,6204558,6203737,0,6203735,8390828000,6205380,6204559,0,6204557,1029000,822,798.83,false
8390828000,6205380,6204559,0,6204557,8391857000,6206202,6205381,0,6205379,1029000,822,798.83,false
8391857000,6206202,6205381,0,6205379,8392886000,6207024,6206203,0,6206201,1029000,822,798.83,false
8392886000,6207024,6206203,0,6206201,8393981000,6207846,6207025,0,6207023,1095000,822,750.68,false
8393981000,6207846,6207025,0,6207023,8395002000,6208668,6207847,0,6207845,1021000,822,805.09,false
8395002000,6208668,6207847,0,6207845,8396033000,6209490,6208669,0,6208667,1031000,822,797.28,false
8396033000,6209490,6208669,0,6208667,8397063000,6210312,6209491,0,6209489,1030000,822,798.06,false
8397063000,6210312,6209491,0,6209489,8398092000,6211134,6210313,0,6210311,1029000,822,798.83,false
8398092000,6211134,6210313,0,6210311,8399121000,6211956,6211135,0,6211133,1029000,822,798.83,false
8399121000,6211956,6211135,0,6211133,8400150000,6212778,6211957,0,6211955,1029000,822,798.83,false
8401079000,6213521,6212700,0,6212698,8402108000,6214343,6213522,0,6213520,1029000,822,798.83,false
8402108000,6214343,6213522,0,6213520,8403137000,6215165,6214344,0,6214342,1029000,822,798.83,false
8403137000,6215165,6214344,0,6214342,8404166000,6216080,6215166,0,6215164,1029000,822,798.83,true
8404166000,6216080,6215166,0,6215164,8405234000,6216995,6216081,0,6216079,1068000,915,856.74,true
8405234000,6216995,6216081,0,6216079,8406310000,6217817,6216996,0,6216994,1076000,915,850.37,true
8406310000,6217817,6216996,0,6216994,8407339000,6218637,6217818,0,6217816,1029000,822,798.83,true
8407339000,6218637,6217818,0,6217816,8408357000,6219457,6218638,0,6218636,1018000,820,805.50,false
8408357000,6219457,6218638,0,6218636,8409383000,6220277,6219458,0,6219456,1026000,820,799.22,false
8409383000,6220277,6219458,0,6219456,8410412000,6221097,6220278,0,6220276,1029000,820,796.89,false
8410412000,6221097,6220278,0,6220276,8411440000,6221917,6221098,0,6221096,1028000,820,797.67,false
8411440000,6221917,6221098,0,6221096,8412468000,6222737,6221918,0,6221916,1028000,820,797.67,false
8412468000,6222737,6221918,0,6221916,8413496000,6223557,6222738,0,6222736,1028000,820,797.67,false
8413496000,6223557,6222738,0,6222736,8414524000,6224377,6223558,0,6223556,1028000,820,797.67,false
8414524000,6224377,6223558,0,6223556,8415552000,6225197,6224378,0,6224376,1028000,820,797.67,false
8415552000,6225197,6224378,0,6224376,8416580000,6226017,6225198,0,6225196,1028000,820,797.67,false
8416580000,6226017,6225198,0,6225196,8417681000,6226837,6226018,0,6226016,1101000,820,744.78,false
8417681000,6226837,6226018,0,6226016,8418696000,6227657,6226838,0,6226836,1015000,820,807.88,false
8418696000,6227657,6226838,0,6226836,8419720000,6228477,6227658,0,6227656,1024000,820,800.78,false
8419720000,6228477,6227658,0,6227656,8420748000,6229297,6228478,0,6228476,1028000,820,797.67,false
8420748000,6229297,6228478,0,6228476,8421777000,6230117,6229298,0,6229296,1029000,820,796.89,false
8421777000,6230117,6229298,0,6229296,8422805000,6230937,6230118,0,6230116,1028000,820,797.67,false
8422805000,6230937,6230118,0,6230116,8423833000,6231757,6230938,0,6230936,1028000,820,797.67,false
8423833000,6231757,6230938,0,6230936,8424861000,6232577,6231758,0,6231756,1028000,820,797.67,false
8424861000,6232577,6231758,0,6231756,8425889000,6233397,6232578,0,6232576,1028000,820,797.67,false
8426771000,6234100,6233281,0,6233279,8427799000,6234920,6234101,0,6234099,1028000,820,797.67,false
8427799000,6234920,6234101,0,6234099,8428827000,6235740,6234921,0,6234919,1028000,820,797.67,false
8428827000,6235740,6234921,0,6234919,8429855000,6236650,6235741,0,6235739,1028000,820,797.67,true
8429855000,6236650,6235741,0,6235739,8430919000,6237560,6236651,0,6236649,1064000,910,855.26,true
8430919000,6237560,6236651,0,6236649,8431993000,6238380,6237561,0,6237559,1074000,910,847.30,true
8431993000,6238380,6237561,0,6237559,8433022000,6239200,6238381,0,6238379,1029000,820,796.89,true
8433022000,6239200,6238381,0,6238379,8434041000,6240020,6239201,0,6239199,1019000,820,804.71,false
8434041000,6240020,6239201,0,6239199,8435066000,6240840,6240021,0,6240019,1025000,820,800.00,false
8435066000,6240840,6240021,0,6240019,8436095000,6241660,6240841,0,6240839,1029000,820,796.89,false
8436095000,6241660,6240841,0,6240839,8437124000,6242480,6241661,0,6241659,1029000,820,796.89,false
8437124000,6242480,6241661,0,6241659,8438152000,6243300,6242481,0,6242479,1028000,820,797.67,false
8438152000,6243300,6242481,0,6242479,8439180000,6244120,6243301,0,6243299,1028000,820,797.67,false
8439180000,6244120,6243301,0,6243299,8440208000,6244940,6244121,0,6244119,1028000,820,797.67,false
8440208000,6244940,6244121,0,6244119,8441297000,6245760,6244941,0,6244939,1089000,820,752.98,false
8441297000,6245760,6244941,0,6244939,8442325000,6246580,6245761,0,6245759,1028000,820,797.67,false
8442325000,6246580,6245761,0,6245759,8443350000,6247400,6246581,0,6246579,1025000,820,800.00,false
8443350000,6247400,6246581,0,6246579,8444377000,6248220,6247401,0,6247399,1027000,820,798.44,false
8444377000,6248220,6247401,0,6247399,8445405000,6249040,6248221,0,6248219,1028000,820,797.67,false
8445405000,6249040,6248221,0,6248219,8446433000,6249860,6249041,0,6249039,1028000,820,797.67,false
8446433000,6249860,6249041,0,6249039,8447461000,6250680,6249861,0,6249859,1028000,820,797.67,false
8447461000,6250680,6249861,0,6249859,8448489000,6251500,6250681,0,6250679,1028000,820,797.67,false
8448489000,6251500,6250681,0,6250679,8449517000,6252320,6251501,0,6251499,1028000,820,797.67,false
8449517000,6252320,6251501,0,6251499,8450545000,6253140,6252321,0,6252319,1028000,820,797.67,false
8450545000,6253140,6252321,0,6252319,8451573000,6253960,6253141,0,6253139,1028000,820,797.67,false
8452446000,6254656,6253837,0,6253835,8453474000,6255476,6254657,0,6254655,1028000,820,797.67,false
8453474000,6255476,6254657,0,6254655,8454502000,6256296,6255477,0,6255475,1028000,820,797.67,false
8454502000,6256296,6255477,0,6255475,8455530000,6257206,6256297,0,6256295,1028000,820,797.67,true
8455530000,6257206,6256297,0,6256295,8456594000,6258116,6257207,0,6257205,1064000,910,855.26,true
8456594000,6258116,6257207,0,6257205,8457667000,6258936,6258117,0,6258115,1073000,910,848.09,true
8457667000,6258936,6258117,0,6258115,8458696000,6259756,6258937,0,6258935,1029000,820,796.89,true
8458696000,6259756,6258937,0,6258935,8459715000,6260576,6259757,0,6259755,1019000,820,804.71,false
8459715000,6260576,6259757,0,6259755,8460740000,6261396,6260577,0,6260575,1025000,820,800.00,false
8460740000,6261396,6260577,0,6260575,8461769000,6262216,6261397,0,6261395,1029000,820,796.89,false
8461769000,6262216,6261397,0,6261395,8462798000,6263036,6262217,0,6262215,1029000,820,796.89,false
8462798000,6263036,6262217,0,6262215,8463826000,6263856,6263037,0,6263035,1028000,820,797.67,false
8463826000,6263856,6263037,0,6263035,8464910000,6264676,6263857,0,6263855,1084000,820,756.46,false
8464910000,6264676,6263857,0,6263855,8465941000,6265496,6264677,0,6264675,1031000,820,795.34,false
8465941000,6265496,6264677,0,6264675,8466967000,6266316,6265497,0,6265495,1026000,820,799.22,false
8466967000,6266316,6265497,0,6265495,8467995000,6267136,6266317,0,6266315,1028000,820,797.67,false
8467995000,6267136,6266317,0,6266315,8469023000,6267956,6267137,0,6267135,1028000,820,797.67,false
8469023000,6267956,6267137,0,6267135,8470051000,6268776,6267957,0,6267955,1028000,820,797.67,false
8470051000,6268776,6267957,0,6267955,8471079000,6269596,6268777,0,6268775,1028000,820,797.67,false
8471079000,6269596,6268777,0,6268775,8472107000,6270416,6269597,0,6269595,1028000,820,797.67,false
8472107000,6270416,6269597,0,6269595,8473135000,6271236,6270417,0,6270415,1028000,820,797.67,false
8473135000,6271236,6270417,0,6270415,8474163000,6272056,6271237,0,6271235,1028000,820,797.67,false
8474163000,6272056,6271237,0,6271235,8475191000,6272876,6272057,0,6272055,1028000,820,797.67,false
8475191000,6272876,6272057,0,6272055,8476219000,6273696,6272877,0,6272875,1028000,820,797.67,false
8476219000,6273696,6272877,0,6272875,8477247000,6274516,6273697,0,6273695,1028000,820,797.67,false
8478106000,6275201,6274382,0,6274380,8479134000,6276021,6275202,0,6275200,1028000,820,797.67,false
8479134000,6276021,6275202,0,6275200,8480162000,6276841,6276022,0,6276020,1028000,820,797.67,false
8480162000,6276841,6276022,0,6276020,8481190000,6277751,6276842,0,6276840,1028000,820,797.67,true
8481190000,6277751,6276842,0,6276840,8482254000,6278661,6277752,0,6277750,1064000,910,855.26,true
8482254000,6278661,6277752,0,6277750,8483328000,6279481,6278662,0,6278660,1074000,910,847.30,true
8483328000,6279481,6278662,0,6278660,8484356000,6280301,6279482,0,6279480,1028000,820,797.67,true
8484356000,6280301,6279482,0,6279480,8485375000,6281121,6280302,0,6280300,1019000,820,804.71,false
8485375000,6281121,6280302,0,6280300,8486400000,6281941,6281122,0,6281120,1025000,820,800.00,false
8486400000,6281941,6281122,0,6281120,8487459000,6282761,6281942,0,6281940,1059000,820,774.32,false
8487459000,6282761,6281942,0,6281940,8488499000,6283581,6282762,0,6282760,1040000,820,788.46,false
8488499000,6283581,6282762,0,6282760,8489537000,6284401,6283582,0,6283580,1038000,820,789.98,false
8489537000,6284401,6283582,0,6283580,8490567000,6285221,6284402,0,6284400,1030000,820,796.12,false
8490567000,6285221,6284402,0,6284400,8491594000,6286041,6285222,0,6285220,1027000,820,798.44,false
8491594000,6286041,6285222,0,6285220,8492621000,6286861,6286042,0,6286040,1027000,820,798.44,false
8492621000,6286861,6286042,0,6286040,8493649000,6287681,6286862,0,6286860,1028000,820,797.67,false
8493649000,6287681,6286862,0,6286860,8494677000,6288501,6287682,0,6287680,1028000,820,797.67,false
8494677000,6288501,6287682,0,6287680,8495705000,6289321,6288502,0,6288500,1028000,820,797.67,false
8495705000,6289321,6288502,0,6288500,8496733000,6290141,6289322,0,6289320,1028000,820,797.67,false
8496733000,6290141,6289322,0,6289320,8497761000,6290961,6290142,0,6290140,1028000,820,797.67,false
8497761000,6290961,6290142,0,6290140,8498789000,6291781,6290962,0,6290960,1028000,820,797.67,false
8498789000,6291781,6290962,0,6290960,8499817000,6292601,6291782,0,6291780,1028000,820,797.67,false
8499817000,6292601,6291782,0,6291780,8500845000,6293421,6292602,0,6292600,1028000,820,797.67,false
8500845000,6293421,6292602,0,6292600,8501873000,6294241,6293422,0,6293420,1028000,820,797.67,false
8501873000,6294241,6293422,0,6293420,8502901000,6295061,6294242,0,6294240,1028000,820,797.67,false
8503728000,6295719,6294900,0,6294898,8504756000,6296539,6295720,0,6295718,1028000,820,797.67,false
8504756000,6296539,6295720,0,6295718,8505784000,6297359,6296540,0,6296538,1028000,820,797.67,false
8505784000,6297359,6296540,0,6296538,8506812000,6298269,6297360,0,6297358,1028000,820,797.67,true
8506812000,6298269,6297360,0,6297358,8507876000,6299179,6298270,0,6298268,1064000,910,855.26,true
8507876000,6299179,6298270,0,6298268,8508949000,6299999,6299180,0,6299178,1073000,910,848.09,true
8508949000,6299999,6299180,0,6299178,8509978000,6300819,6300000,0,6299998,1029000,820,796.89,true
8509978000,6300819,6300000,0,6299998,8511022000,6301639,6300820,0,6300818,1044000,820,785.44,false
8511022000,6301639,6300820,0,6300818,8512053000,6302459,6301640,0,6301638,1031000,820,795.34,false
8512053000,6302459,6301640,0,6301638,8513092000,6303279,6302460,0,6302458,1039000,820,789.22,false
8513092000,6303279,6302460,0,6302458,8514131000,6304099,6303280,0,6303278,1039000,820,789.22,false
8514131000,6304099,6303280,0,6303278,8515169000,6304919,6304100,0,6304098,1038000,820,789.98,false
8515169000,6304919,6304100,0,6304098,8516207000,6305739,6304920,0,6304918,1038000,820,789.98,false
8516207000,6305739,6304920,0,6304918,8517245000,6306559,6305740,0,6305738,1038000,820,789.98,false
8517245000,6306559,6305740,0,6305738,8518283000,6307379,6306560,0,6306558,1038000,820,789.98,false
8518283000,6307379,6306560,0,6306558,8519321000,6308199,6307380,0,6307378,1038000,820,789.98,false
8519321000,6308199,6307380,0,6307378,8520359000,6309019,6308200,0,6308198,1038000,820,789.98,false
8520359000,6309019,6308200,0,6308198,8521397000,6309839,6309020,0,6309018,1038000,820,789.98,false
8521397000,6309839,6309020,0,6309018,8522435000,6310659,6309840,0,6309838,1038000,820,789.98,false
8522435000,6310659,6309840,0,6309838,8523473000,6311479,6310660,0,6310658,1038000,820,789.98,false
8523473000,6311479,6310660,0,6310658,8524511000,6312299,6311480,0,6311478,1038000,820,789.98,false
8524511000,6312299,6311480,0,6311478,8525549000,6313119,6312300,0,6312298,1038000,820,789.98,false
8525549000,6313119,6312300,0,6312298,8526587000,6313939,6313120,0,6313118,1038000,820,789.98,false
8526587000,6313939,6313120,0,6313118,8527625000,6314759,6313940,0,6313938,1038000,820,789.98,false
8527625000,6314759,6313940,0,6313938,8528663000,6315579,6314760,0,6314758,1038000,820,789.98,false
8528663000,6315579,6314760,0,6314758,8529701000,6316399,6315580,0,6315578,1038000,820,789.98,false
8529714000,6316410,6315591,0,6315589,8530752000,6317230,6316411,0,6316409,1038000,820,789.98,false
8530752000,6317230,6316411,0,6316409,8531790000,6318050,6317231,0,6317229,1038000,820,789.98,false
8531790000,6318050,6317231,0,6317229,8532828000,6318991,6318051,0,6318049,1038000,820,789.98,true
8532828000,6318991,6318051,0,6318049,8533926000,6319932,6318992,0,6318990,1098000,941,857.01,true
8533926000,6319932,6318992,0,6318990,8535097000,6320752,6319933,0,6319931,1171000,941,803.59,true
8535097000,6320752,6319933,0,6319931,8536114000,6321556,6320753,0,6320751,1017000,820,806.29,true
8536114000,6321556,6320753,0,6320751,8537120000,6322360,6321557,0,6321555,1006000,804,799.20,false
8537120000,6322360,6321557,0,6321555,8538132000,6323164,6322361,0,6322359,1012000,804,794.47,false
8538132000,6323164,6322361,0,6322359,8539149000,6323968,6323165,0,6323163,1017000,804,790.56,false
8539149000,6323968,6323165,0,6323163,8540165000,6324772,6323969,0,6323967,1016000,804,791.34,false
8540165000,6324772,6323969,0,6323967,8541180000,6325576,6324773,0,6324771,1015000,804,792.12,false
8541180000,6325576,6324773,0,6324771,8542195000,6326380,6325577,0,6325575,1015000,804,792.12,false
8542195000,6326380,6325577,0,6325575,8543210000,6327184,6326381,0,6326379,1015000,804,792.12,false
8543210000,6327184,6326381,0,6326379,8544225000,6327988,6327185,0,6327183,1015000,804,792.12,false
8544225000,6327988,6327185,0,6327183,8545240000,6328792,6327989,0,6327987,1015000,804,792.12,false
8545240000,6328792,6327989,0,6327987,8546255000,6329596,6328793,0,6328791,1015000,804,792.12,false
8546255000,6329596,6328793,0,6328791,8547270000,6330400,6329597,0,6329595,1015000,804,792.12,false
8547270000,6330400,6329597,0,6329595,8548285000,6331204,6330401,0,6330399,1015000,804,792.12,false
8548285000,6331204,6330401,0,6330399,8549300000,6332008,6331205,0,6331203,1015000,804,792.12,false
8549300000,6332008,6331205,0,6331203,8550315000,6332812,6332009,0,6332007,1015000,804,792.12,false
8550315000,6332812,6332009,0,6332007,8551330000,6333616,6332813,0,6332811,1015000,804,792.12,false
8551330000,6333616,6332813,0,6332811,8552345000,6334420,6333617,0,6333615,1015000,804,792.12,false
8552345000,6334420,6333617,0,6333615,8553360000,6335224,6334421,0,6334419,1015000,804,792.12,false
8554116000,6335823,6335020,0,6335018,8555131000,6336627,6335824,0,6335822,1015000,804,792.12,false
8555131000,6336627,6335824,0,6335822,8556146000,6337431,6336628,0,6336626,1015000,804,792.12,false
8556146000,6337431,6336628,0,6336626,8557204000,6338283,6337432,0,6337430,1058000,804,759.92,true
8557204000,6338283,6337432,0,6337430,8558233000,6339135,6338284,0,6338282,1029000,852,827.99,true
8558233000,6339135,6338284,0,6338282,8559277000,6339939,6339136,0,6339134,1044000,852,816.09,true
8559277000,6339939,6339136,0,6339134,8560300000,6340751,6339940,0,6339938,1023000,804,785.92,true
8560300000,6340751,6339940,0,6339938,8561324000,6341563,6340752,0,6340750,1024000,812,792.97,false
8561324000,6341563,6340752,0,6340750,8562352000,6342375,6341564,0,6341562,1028000,812,789.88,false
8562352000,6342375,6341564,0,6341562,8563381000,6343187,6342376,0,6342374,1029000,812,789.12,false
8563381000,6343187,6342376,0,6342374,8564409000,6343999,6343188,0,6343186,1028000,812,789.88,false
8564409000,6343999,6343188,0,6343186,8565437000,6344811,6344000,0,6343998,1028000,812,789.88,false
8565437000,6344811,6344000,0,6343998,8566465000,6345623,6344812,0,6344810,1028000,812,789.88,false
8566465000,6345623,6344812,0,6344810,8567493000,6346435,6345624,0,6345622,1028000,812,789.88,false
8567493000,6346435,6345624,0,6345622,8568521000,6347247,6346436,0,6346434,1028000,812,789.88,false
8568521000,6347247,6346436,0,6346434,8569549000,6348059,6347248,0,6347246,1028000,812,789.88,false
8569549000,6348059,6347248,0,6347246,8570577000,6348871,6348060,0,6348058,1028000,812,789.88,false
8570577000,6348871,6348060,0,6348058,8571605000,6349683,6348872,0,6348870,1028000,812,789.88,false
8571605000,6349683,6348872,0,6348870,8572633000,6350495,6349684,0,6349682,1028000,812,789.88,false
8572633000,6350495,6349684,0,6349682,8573661000,6351307,6350496,0,6350494,1028000,812,789.88,false
8573661000,6351307,6350496,0,6350494,8574689000,6352119,6351308,0,6351306,1028000,812,789.88,false
8574689000,6352119,6351308,0,6351306,8575717000,6352931,6352120,0,6352118,1028000,812,789.88,false
8575717000,6352931,6352120,0,6352118,8576745000,6353743,6352932,0,6352930,1028000,812,789.88,false
8576745000,6353743,6352932,0,6352930,8577773000,6354555,6353744,0,6353742,1028000,812,789.88,false
8577773000,6354555,6353744,0,6353742,8578801000,6355367,6354556,0,6354554,1028000,812,789.88,false
8578996000,6355519,6354708,0,6354706,8580095000,6356331,6355520,0,6355518,1099000,812,738.85,false
8580095000,6356331,6355520,0,6355518,8581110000,6357143,6356332,0,6356330,1015000,812,800.00,false
8581110000,6357143,6356332,0,6356330,8582135000,6357988,6357144,0,6357142,1025000,812,792.20,true
8582135000,6357988,6357144,0,6357142,8583183000,6358833,6357989,0,6357987,1048000,845,806.30,true
8583183000,6358833,6357989,0,6357987,8584227000,6359676,6358834,0,6358832,1044000,845,809.39,true
8584227000,6359676,6358834,0,6358832,8585275000,6360488,6359677,0,6359675,1048000,843,804.39,true
8585275000,6360488,6359677,0,6359675,8586305000,6361304,6360489,0,6360487,1030000,812,788.35,true
8586305000,6361304,6360489,0,6360487,8587335000,6362120,6361305,0,6361303,1030000,816,792.23,false
8587335000,6362120,6361305,0,6361303,8588364000,6362936,6362121,0,6362119,1029000,816,793.00,false
8588364000,6362936,6362121,0,6362119,8589393000,6363752,6362937,0,6362935,1029000,816,793.00,false
8589393000,6363752,6362937,0,6362935,8590423000,6364568,6363753,0,6363751,1030000,816,792.23,false
8590423000,6364568,6363753,0,6363751,8591452000,6365384,6364569,0,6364567,1029000,816,793.00,false
8591452000,6365384,6364569,0,6364567,8592482000,6366200,6365385,0,6365383,1030000,816,792.23,false
8592482000,6366200,6365385,0,6365383,8593512000,6367016,6366201,0,6366199,1030000,816,792.23,false
8593512000,6367016,6366201,0,6366199,8594542000,6367832,6367017,0,6367015,1030000,816,792.23,false
8594542000,6367832,6367017,0,6367015,8595572000,6368648,6367833,0,6367831,1030000,816,792.23,false
8595572000,6368648,6367833,0,6367831,8596602000,6369464,6368649,0,6368647,1030000,816,792.23,false
8596602000,6369464,6368649,0,6368647,8597632000,6370280,6369465,0,6369463,1030000,816,792.23,false
8597632000,6370280,6369465,0,6369463,8598662000,6371096,6370281,0,6370279,1030000,816,792.23,false
8598662000,6371096,6370281,0,6370279,8599692000,6371912,6371097,0,6371095,1030000,816,792.23,false
8599692000,6371912,6371097,0,6371095,8600722000,6372728,6371913,0,6371911,1030000,816,792.23,false
8600722000,6372728,6371913,0,6371911,8601752000,6373544,6372729,0,6372727,1030000,816,792.23,false
8601752000,6373544,6372729,0,6372727,8602826000,6374360,6373545,0,6373543,1074000,816,759.78,false
8602826000,6374360,6373545,0,6373543,8603864000,6375176,6374361,0,6374359,1038000,816,786.13,false
8603864000,6375176,6374361,0,6374359,8604902000,6375992,6375177,0,6375175,1038000,816,786.13,false
8605056000,6376115,6375300,0,6375298,8606087000,6376931,6376116,0,6376114,1031000,816,791.46,false
8606087000,6376931,6376116,0,6376114,8607117000,6377747,6376932,0,6376930,1030000,816,792.23,false
8607117000,6377747,6376932,0,6376930,8608146000,6378636,6377748,0,6377746,1029000,816,793.00,true
8608146000,6378636,6377748,0,6377746,8609204000,6379525,6378637,0,6378635,1058000,889,840.26,true
8609204000,6379525,6378637,0,6378635,8610269000,6380341,6379526,0,6379524,1065000,889,834.74,true
8610269000,6380341,6379526,0,6379524,8611290000,6381160,6380342,0,6380340,1021000,816,799.22,true
8611290000,6381160,6380342,0,6380340,8612316000,6381979,6381161,0,6381159,1026000,819,798.25,false
8612316000,6381979,6381161,0,6381159,8613348000,6382798,6381980,0,6381978,1032000,819,793.60,false
8613348000,6382798,6381980,0,6381978,8614380000,6383617,6382799,0,6382797,1032000,819,793.60,false
8614380000,6383617,6382799,0,6382797,8615411000,6384436,6383618,0,6383616,1031000,819,794.37,false
8615411000,6384436,6383618,0,6383616,8616442000,6385255,6384437,0,6384435,1031000,819,794.37,false
8616442000,6385255,6384437,0,6384435,8617473000,6386074,6385256,0,6385254,1031000,819,794.37,false
8617473000,6386074,6385256,0,6385254,8618504000,6386893,6386075,0,6386073,1031000,819,794.37,false
8618504000,6386893,6386075,0,6386073,8619535000,6387712,6386894,0,6386892,1031000,819,794.37,false
8619535000,6387712,6386894,0,6386892,8620566000,6388531,6387713,0,6387711,1031000,819,794.37,false
8620566000,6388531,6387713,0,6387711,8621597000,6389350,6388532,0,6388530,1031000,819,794.37,false
8621597000,6389350,6388532,0,6388530,8622628000,6390169,6389351,0,6389349,1031000,819,794.37,false
8622628000,6390169,6389351,0,6389349,8623659000,6390988,6390170,0,6390168,1031000,819,794.37,false
8623659000,6390988,6390170,0,6390168,8624690000,6391807,6390989,0,6390987,1031000,819,794.37,false
8624690000,6391807,6390989,0,6390987,8625721000,6392626,6391808,0,6391806,1031000,819,794.37,false
8625721000,6392626,6391808,0,6391806,8626828000,6393445,6392627,0,6392625,1107000,819,739.84,false
8626828000,6393445,6392627,0,6392625,8627846000,6394264,6393446,0,6393444,1018000,819,804.52,false
8627846000,6394264,6393446,0,6393444,8628876000,6395083,6394265,0,6394263,1030000,819,795.15,false
8628876000,6395083,6394265,0,6394263,8629908000,6395902,6395084,0,6395082,1032000,819,793.60,false
8629908000,6395902,6395084,0,6395082,8630939000,6396721,6395903,0,6395901,1031000,819,794.37,false
8630966000,6396742,6395924,0,6395922,8631997000,6397561,6396743,0,6396741,1031000,819,794.37,false
8631997000,6397561,6396743,0,6396741,8633028000,6398380,6397562,0,6397560,1031000,819,794.37,false
8633028000,6398380,6397562,0,6397560,8634059000,6399295,6398381,0,6398379,1031000,819,794.37,true
8634059000,6399295,6398381,0,6398379,8635130000,6400210,6399296,0,6399294,1071000,915,854.34,true
8635130000,6400210,6399296,0,6399294,8636210000,6401029,6400211,0,6400209,1080000,915,847.22,true
8636210000,6401029,6400211,0,6400209,8637237000,6401846,6401030,0,6401028,1027000,819,797.47,true
8637237000,6401846,6401030,0,6401028,8638258000,6402663,6401847,0,6401845,1021000,817,800.20,false
8638258000,6402663,6401847,0,6401845,8639287000,6403480,6402664,0,6402662,1029000,817,793.97,false
8639287000,6403480,6402664,0,6402662,8640318000,6404297,6403481,0,6403479,1031000,817,792.43,false
8640318000,6404297,6403481,0,6403479,8641349000,6405114,6404298,0,6404296,1031000,817,792.43,false
8641349000,6405114,6404298,0,6404296,8642379000,6405931,6405115,0,6405113,1030000,817,793.20,false
8642379000,6405931,6405115,0,6405113,8643409000,6406748,6405932,0,6405930,1030000,817,793.20,false
8643409000,6406748,6405932,0,6405930,8644439000,6407565,6406749,0,6406747,1030000,817,793.20,false
8644439000,6407565,6406749,0,6406747,8645469000,6408382,6407566,0,6407564,1030000,817,793.20,false
8645469000,6408382,6407566,0,6407564,8646499000,6409199,6408383,0,6408381,1030000,817,793.20,false
8646499000,6409199,6408383,0,6408381,8647529000,6410016,6409200,0,6409198,1030000,817,793.20,false
8647529000,6410016,6409200,0,6409198,8648559000,6410833,6410017,0,6410015,1030000,817,793.20,false
8648559000,6410833,6410017,0,6410015,8649589000,6411650,6410834,0,6410832,1030000,817,793.20,false
8649589000,6411650,6410834,0,6410832,8650702000,6412467,6411651,0,6411649,1113000,817,734.05,false
8650702000,6412467,6411651,0,6411649,8651715000,6413284,6412468,0,6412466,1013000,817,806.52,false
8651715000,6413284,6412468,0,6412466,8652741000,6414101,6413285,0,6413283,1026000,817,796.30,false
8652741000,6414101,6413285,0,6413283,8653771000,6414918,6414102,0,6414100,1030000,817,793.20,false
8653771000,6414918,6414102,0,6414100,8654801000,6415735,6414919,0,6414917,1030000,817,793.20,false
8654801000,6415735,6414919,0,6414917,8655831000,6416552,6415736,0,6415734,1030000,817,793.20,false
8655831000,6416552,6415736,0,6415734,8656861000,6417369,6416553,0,6416551,1030000,817,793.20,false
8656884000,6417387,6416571,0,6416569,8657914000,6418204,6417388,0,6417386,1030000,817,793.20,false
8657914000,6418204,6417388,0,6417386,8658944000,6419021,6418205,0,6418203,1030000,817,793.20,false
8658944000,6419021,6418205,0,6418203,8659974000,6419934,6419022,0,6419020,1030000,817,793.20,true
8659974000,6419934,6419022,0,6419020,8661044000,6420847,6419935,0,6419933,1070000,913,853.27,true
8661044000,6420847,6419935,0,6419933,8662122000,6421664,6420848,0,6420846,1078000,913,846.94,true
8662122000,6421664,6420848,0,6420846,8663151000,6422479,6421665,0,6421663,1029000,817,793.97,true
8663151000,6422479,6421665,0,6421663,8664170000,6423294,6422480,0,6422478,1019000,815,799.80,false
8664170000,6423294,6422480,0,6422478,8665198000,6424109,6423295,0,6423293,1028000,815,792.80,false
8665198000,6424109,6423295,0,6423293,8666228000,6424924,6424110,0,6424108,1030000,815,791.26,false
8666228000,6424924,6424110,0,6424108,8667258000,6425739,6424925,0,6424923,1030000,815,791.26,false
8667258000,6425739,6424925,0,6424923,8668287000,6426554,6425740,0,6425738,1029000,815,792.03,false
8668287000,6426554,6425740,0,6425738,8669316000,6427369,6426555,0,6426553,1029000,815,792.03,false
8669316000,6427369,6426555,0,6426553,8670345000,6428184,6427370,0,6427368,1029000,815,792.03,false
8670345000,6428184,6427370,0,6427368,8671374000,6428999,6428185,0,6428183,1029000,815,792.03,false
8671374000,6428999,6428185,0,6428183,8672403000,6429814,6429000,0,6428998,1029000,815,792.03,false
8672403000,6429814,6429000,0,6428998,8673432000,6430629,6429815,0,6429813,1029000,815,792.03,false
8673432000,6430629,6429815,0,6429813,8674526000,6431444,6430630,0,6430628,1094000,815,744.97,false
8674526000,6431444,6430630,0,6430628,8675557000,6432259,6431445,0,6431443,1031000,815,790.49,false
8675557000,6432259,6431445,0,6431443,8676582000,6433074,6432260,0,6432258,1025000,815,795.12,false
8676582000,6433074,6432260,0,6432258,8677609000,6433889,6433075,0,6433073,1027000,815,793.57,false
8677609000,6433889,6433075,0,6433073,8678639000,6434704,6433890,0,6433888,1030000,815,791.26,false
8678639000,6434704,6433890,0,6433888,8679668000,6435519,6434705,0,6434703,1029000,815,792.03,false
8679668000,6435519,6434705,0,6434703,8680697000,6436334,6435520,0,6435518,1029000,815,792.03,false
8680697000,6436334,6435520,0,6435518,8681726000,6437149,6436335,0,6436333,1029000,815,792.03,false
8682723000,6437938,6437124,0,6437122,8683752000,6438753,6437939,0,6437937,1029000,815,792.03,false
8683752000,6438753,6437939,0,6437937,8684781000,6439568,6438754,0,6438752,1029000,815,792.03,false
8684781000,6439568,6438754,0,6438752,8685810000,6440475,6439569,0,6439567,1029000,815,792.03,true
8685810000,6440475,6439569,0,6439567,8686875000,6441382,6440476,0,6440474,1065000,907,851.64,true
8686875000,6441382,6440476,0,6440474,8687951000,6442197,6441383,0,6441381,1076000,907,842.94,true
8687951000,6442197,6441383,0,6441381,8688980000,6443011,6442198,0,6442196,1029000,815,792.03,true
8688980000,6443011,6442198,0,6442196,8690000000,6443825,6443012,0,6443010,1020000,814,798.04,false
8690000000,6443825,6443012,0,6443010,8691026000,6444639,6443826,0,6443824,1026000,814,793.37,false
8691026000,6444639,6443826,0,6443824,8692055000,6445453,6444640,0,6444638,1029000,814,791.06,false
8692055000,6445453,6444640,0,6444638,8693085000,6446267,6445454,0,6445452,1030000,814,790.29,false
8693085000,6446267,6445454,0,6445452,8694114000,6447081,6446268,0,6446266,1029000,814,791.06,false
8694114000,6447081,6446268,0,6446266,8695143000,6447895,6447082,0,6447080,1029000,814,791.06,false
8695143000,6447895,6447082,0,6447080,8696172000,6448709,6447896,0,6447894,1029000,814,791.06,false
8696172000,6448709,6447896,0,6447894,8697226000,6449523,6448710,0,6448708,1054000,814,772.30,false
8697226000,6449523,6448710,0,6448708,8698287000,6450337,6449524,0,6449522,1061000,814,767.20,false
8698287000,6450337,6449524,0,6449522,8699321000,6451151,6450338,0,6450336,1034000,814,787.23,false
8699321000,6451151,6450338,0,6450336,8700350000,6451965,6451152,0,6451150,1029000,814,791.06,false
8700350000,6451965,6451152,0,6451150,8701378000,6452779,6451966,0,6451964,1028000,814,791.83,false
8701378000,6452779,6451966,0,6451964,8702407000,6453593,6452780,0,6452778,1029000,814,791.06,false
8702407000,6453593,6452780,0,6452778,8703436000,6454407,6453594,0,6453592,1029000,814,791.06,false
8703436000,6454407,6453594,0,6453592,8704465000,6455221,6454408,0,6454406,1029000,814,791.06,false
8704465000,6455221,6454408,0,6454406,8705494000,6456035,6455222,0,6455220,1029000,814,791.06,false
8705494000,6456035,6455222,0,6455220,8706523000,6456849,6456036,0,6456034,1029000,814,791.06,false
8706523000,6456849,6456036,0,6456034,8707552000,6457663,6456850,0,6456848,1029000,814,791.06,false
8708518000,6458428,6457615,0,6457613,8709547000,6459242,6458429,0,6458427,1029000,814,791.06,false
8709547000,6459242,6458429,0,6458427,8710576000,6460056,6459243,0,6459241,1029000,814,791.06,false
8710576000,6460056,6459243,0,6459241,8711605000,6460962,6460057,0,6460055,1029000,814,791.06,true
8711605000,6460962,6460057,0,6460055,8712670000,6461868,6460963,0,6460961,1065000,906,850.70,true
8712670000,6461868,6460963,0,6460961,8713746000,6462682,6461869,0,6461867,1076000,906,842.01,true
8713746000,6462682,6461869,0,6461867,8714775000,6463495,6462683,0,6462681,1029000,814,791.06,true
8714775000,6463495,6462683,0,6462681,8715794000,6464308,6463496,0,6463494,1019000,813,797.84,false
8715794000,6464308,6463496,0,6463494,8716820000,6465121,6464309,0,6464307,1026000,813,792.40,false
8716820000,6465121,6464309,0,6464307,8717849000,6465934,6465122,0,6465120,1029000,813,790.09,false
8717849000,6465934,6465122,0,6465120,8718878000,6466747,6465935,0,6465933,1029000,813,790.09,false
8718878000,6466747,6465935,0,6465933,8719906000,6467560,6466748,0,6466746,1028000,813,790.86,false
8719906000,6467560,6466748,0,6466746,8720986000,6468373,6467561,0,6467559,1080000,813,752.78,false
8720986000,6468373,6467561,0,6467559,8722015000,6469186,6468374,0,6468372,1029000,813,790.09,false
8722015000,6469186,6468374,0,6468372,8723050000,6469999,6469187,0,6469185,1035000,813,785.51,false
8723050000,6469999,6469187,0,6469185,8724081000,6470812,6470000,0,6469998,1031000,813,788.55,false
8724081000,6470812,6470000,0,6469998,8725110000,6471625,6470813,0,6470811,1029000,813,790.09,false
8725110000,6471625,6470813,0,6470811,8726138000,6472438,6471626,0,6471624,1028000,813,790.86,false
8726138000,6472438,6471626,0,6471624,8727166000,6473251,6472439,0,6472437,1028000,813,790.86,false
8727166000,6473251,6472439,0,6472437,8728194000,6474064,6473252,0,6473250,1028000,813,790.86,false
8728194000,6474064,6473252,0,6473250,8729222000,6474877,6474065,0,6474063,1028000,813,790.86,false
8729222000,6474877,6474065,0,6474063,8730250000,6475690,6474878,0,6474876,1028000,813,790.86,false
8730250000,6475690,6474878,0,6474876,8731278000,6476503,6475691,0,6475689,1028000,813,790.86,false
8731278000,6476503,6475691,0,6475689,8732307000,6477316,6476504,0,6476502,1029000,813,790.09,false
8732307000,6477316,6476504,0,6476502,8733335000,6478129,6477317,0,6477315,1028000,813,790.86,false
8734299000,6478890,6478078,0,6478076,8735327000,6479703,6478891,0,6478889,1028000,813,790.86,false
8735327000,6479703,6478891,0,6478889,8736355000,6480516,6479704,0,6479702,1028000,813,790.86,false
8736355000,6480516,6479704,0,6479702,8737383000,6481418,6480517,0,6480515,1028000,813,790.86,true
8737383000,6481418,6480517,0,6480515,8738446000,6482320,6481419,0,6481417,1063000,902,848.54,true
8738446000,6482320,6481419,0,6481417,8739519000,6483133,6482321,0,6482319,1073000,902,840.63,true
8739519000,6483133,6482321,0,6482319,8740547000,6483946,6483134,0,6483132,1028000,813,790.86,true
8740547000,6483946,6483134,0,6483132,8741566000,6484759,6483947,0,6483945,1019000,813,797.84,false
8741566000,6484759,6483947,0,6483945,8742592000,6485572,6484760,0,6484758,1026000,813,792.40,false
8742592000,6485572,6484760,0,6484758,8743621000,6486385,6485573,0,6485571,1029000,813,790.09,false
8743621000,6486385,6485573,0,6485571,8744710000,6487198,6486386,0,6486384,1089000,813,746.56,false
8744710000,6487198,6486386,0,6486384,8745732000,6488011,6487199,0,6487197,1022000,813,795.50,false
8745732000,6488011,6487199,0,6487197,8746762000,6488824,6488012,0,6488010,1030000,813,789.32,false
8746762000,6488824,6488012,0,6488010,8747792000,6489637,6488825,0,6488823,1030000,813,789.32,false
8747792000,6489637,6488825,0,6488823,8748821000,6490450,6489638,0,6489636,1029000,813,790.09,false
8748821000,6490450,6489638,0,6489636,8749850000,6491263,6490451,0,6490449,1029000,813,790.09,false
8749850000,6491263,6490451,0,6490449,8750878000,6492076,6491264,0,6491262,1028000,813,790.86,false
8750878000,6492076,6491264,0,6491262,8751906000,6492889,6492077,0,6492075,1028000,813,790.86,false
8751906000,6492889,6492077,0,6492075,8752934000,6493702,6492890,0,6492888,1028000,813,790.86,false
8752934000,6493702,6492890,0,6492888,8753962000,6494515,6493703,0,6493701,1028000,813,790.86,false
8753962000,6494515,6493703,0,6493701,8754990000,6495328,6494516,0,6494514,1028000,813,790.86,false
8754990000,6495328,6494516,0,6494514,8756018000,6496141,6495329,0,6495327,1028000,813,790.86,false
8756018000,6496141,6495329,0,6495327,8757047000,6496954,6496142,0,6496140,1029000,813,790.09,false
8757047000,6496954,6496142,0,6496140,8758075000,6497767,6496955,0,6496953,1028000,813,790.86,false
8758075000,6497767,6496955,0,6496953,8759103000,6498580,6497768,0,6497766,1028000,813,790.86,false
8760033000,6499315,6498503,0,6498501,8761061000,6500128,6499316,0,6499314,1028000,813,790.86,false
8761061000,6500128,6499316,0,6499314,8762089000,6500941,6500129,0,6500127,1028000,813,790.86,false
8762089000,6500941,6500129,0,6500127,8763117000,6501843,6500942,0,6500940,1028000,813,790.86,true
8763117000,6501843,6500942,0,6500940,8764180000,6502745,6501844,0,6501842,1063000,902,848.54,true
8764180000,6502745,6501844,0,6501842,8765253000,6503558,6502746,0,6502744,1073000,902,840.63,true
8765253000,6503558,6502746,0,6502744,8766280000,6504371,6503559,0,6503557,1027000,813,791.63,true
8766280000,6504371,6503559,0,6503557,8767299000,6505184,6504372,0,6504370,1019000,813,797.84,false
8767299000,6505184,6504372,0,6504370,8768370000,6505997,6505185,0,6505183,1071000,813,759.10,false
8768370000,6505997,6505185,0,6505183,8769389000,6506810,6505998,0,6505996,1019000,813,797.84,false
8769389000,6506810,6505998,0,6505996,8770415000,6507623,6506811,0,6506809,1026000,813,792.40,false
8770415000,6507623,6506811,0,6506809,8771444000,6508436,6507624,0,6507622,1029000,813,790.09,false
8771444000,6508436,6507624,0,6507622,8772473000,6509249,6508437,0,6508435,1029000,813,790.09,false
8772473000,6509249,6508437,0,6508435,8773501000,6510062,6509250,0,6509248,1028000,813,790.86,false
8773501000,6510062,6509250,0,6509248,8774529000,6510875,6510063,0,6510061,1028000,813,790.86,false
8774529000,6510875,6510063,0,6510061,8775557000,6511688,6510876,0,6510874,1028000,813,790.86,false
8775557000,6511688,6510876,0,6510874,8776586000,6512501,6511689,0,6511687,1029000,813,790.09,false
8776586000,6512501,6511689,0,6511687,8777614000,6513314,6512502,0,6512500,1028000,813,790.86,false
8777614000,6513314,6512502,0,6512500,8778642000,6514127,6513315,0,6513313,1028000,813,790.86,false
8778642000,6514127,6513315,0,6513313,8779670000,6514940,6514128,0,6514126,1028000,813,790.86,false
8779670000,6514940,6514128,0,6514126,8780698000,6515753,6514941,0,6514939,1028000,813,790.86,false
8780698000,6515753,6514941,0,6514939,8781726000,6516566,6515754,0,6515752,1028000,813,790.86,false
8781726000,6516566,6515754,0,6515752,8782754000,6517379,6516567,0,6516565,1028000,813,790.86,false
8782754000,6517379,6516567,0,6516565,8783782000,6518192,6517380,0,6517378,1028000,813,790.86,false
8783782000,6518192,6517380,0,6517378,8784810000,6519005,6518193,0,6518191,1028000,813,790.86,false
8785515000,6519561,6518749,0,6518747,8786543000,6520374,6519562,0,6519560,1028000,813,790.86,false
8786543000,6520374,6519562,0,6519560,8787571000,6521187,6520375,0,6520373,1028000,813,790.86,false
8787571000,6521187,6520375,0,6520373,8788599000,6522089,6521188,0,6521186,1028000,813,790.86,true
8788599000,6522089,6521188,0,6521186,8789662000,6522991,6522090,0,6522088,1063000,902,848.54,true
8789662000,6522991,6522090,0,6522088,8790773000,6523804,6522992,0,6522990,1111000,902,811.88,true
8790773000,6523804,6522992,0,6522990,8791827000,6524604,6523805,0,6523803,1054000,813,771.35,true
8791827000,6524604,6523805,0,6523803,8792857000,6525404,6524605,0,6524603,1030000,800,776.70,false
8792857000,6525404,6524605,0,6524603,8793873000,6526204,6525405,0,6525403,1016000,800,787.40,false
8793873000,6526204,6525405,0,6525403,8794891000,6527004,6526205,0,6526203,1018000,800,785.85,false
8794891000,6527004,6526205,0,6526203,8795911000,6527804,6527005,0,6527003,1020000,800,784.31,false
8795911000,6527804,6527005,0,6527003,8796932000,6528604,6527805,0,6527803,1021000,800,783.55,false
8796932000,6528604,6527805,0,6527803,8797952000,6529404,6528605,0,6528603,1020000,800,784.31,false
8797952000,6529404,6528605,0,6528603,8798972000,6530204,6529405,0,6529403,1020000,800,784.31,false
8798972000,6530204,6529405,0,6529403,8799992000,6531004,6530205,0,6530203,1020000,800,784.31,false
8799992000,6531004,6530205,0,6530203,8801012000,6531804,6531005,0,6531003,1020000,800,784.31,false
8801012000,6531804,6531005,0,6531003,8802032000,6532604,6531805,0,6531803,1020000,800,784.31,false
8802032000,6532604,6531805,0,6531803,8803052000,6533404,6532605,0,6532603,1020000,800,784.31,false
8803052000,6533404,6532605,0,6532603,8804072000,6534204,6533405,0,6533403,1020000,800,784.31,false
8804072000,6534204,6533405,0,6533403,8805092000,6535004,6534205,0,6534203,1020000,800,784.31,false
8805092000,6535004,6534205,0,6534203,8806112000,6535804,6535005,0,6535003,1020000,800,784.31,false
8806112000,6535804,6535005,0,6535003,8807132000,6536604,6535805,0,6535803,1020000,800,784.31,false
8807132000,6536604,6535805,0,6535803,8808152000,6537404,6536605,0,6536603,1020000,800,784.31,false
8808152000,6537404,6536605,0,6536603,8809172000,6538204,6537405,0,6537403,1020000,800,784.31,false
8809172000,6538204,6537405,0,6537403,8810192000,6539004,6538205,0,6538203,1020000,800,784.31,false
8810367000,6539141,6538342,0,6538340,8811387000,6539941,6539142,0,6539140,1020000,800,784.31,false
8811387000,6539941,6539142,0,6539140,8812407000,6540741,6539942,0,6539940,1020000,800,784.31,false
8812407000,6540741,6539942,0,6539940,8813479000,6541604,6540742,0,6540740,1072000,800,746.27,true
8813479000,6541604,6540742,0,6540740,8814515000,6542467,6541605,0,6541603,1036000,863,833.01,true
8814515000,6542467,6541605,0,6541603,8815571000,6543267,6542468,0,6542466,1056000,863,817.23,true
8815571000,6543267,6542468,0,6542466,8816598000,6544074,6543268,0,6543266,1027000,800,778.97,true
8816598000,6544074,6543268,0,6543266,8817624000,6544881,6544075,0,6544073,1026000,807,786.55,false
8817624000,6544881,6544075,0,6544073,8818653000,6545688,6544882,0,6544880,1029000,807,784.26,false
8818653000,6545688,6544882,0,6544880,8819682000,6546495,6545689,0,6545687,1029000,807,784.26,false
8819682000,6546495,6545689,0,6545687,8820711000,6547302,6546496,0,6546494,1029000,807,784.26,false
8820711000,6547302,6546496,0,6546494,8821740000,6548109,6547303,0,6547301,1029000,807,784.26,false
8821740000,6548109,6547303,0,6547301,8822769000,6548916,6548110,0,6548108,1029000,807,784.26,false
8822769000,6548916,6548110,0,6548108,8823798000,6549723,6548917,0,6548915,1029000,807,784.26,false
8823798000,6549723,6548917,0,6548915,8824827000,6550530,6549724,0,6549722,1029000,807,784.26,false
8824827000,6550530,6549724,0,6549722,8825856000,6551337,6550531,0,6550529,1029000,807,784.26,false
8825856000,6551337,6550531,0,6550529,8826885000,6552144,6551338,0,6551336,1029000,807,784.26,false
8826885000,6552144,6551338,0,6551336,8827914000,6552951,6552145,0,6552143,1029000,807,784.26,false
8827914000,6552951,6552145,0,6552143,8828943000,6553758,6552952,0,6552950,1029000,807,784.26,false
8828943000,6553758,6552952,0,6552950,8829972000,6554565,6553759,0,6553757,1029000,807,784.26,false
8829972000,6554565,6553759,0,6553757,8831001000,6555372,6554566,0,6554564,1029000,807,784.26,false
8831001000,6555372,6554566,0,6554564,8832030000,6556179,6555373,0,6555371,1029000,807,784.26,false
8832030000,6556179,6555373,0,6555371,8833059000,6556986,6556180,0,6556178,1029000,807,784.26,false
8833059000,6556986,6556180,0,6556178,8834088000,6557793,6556987,0,6556985,1029000,807,784.26,false
8834088000,6557793,6556987,0,6556985,8835117000,6558600,6557794,0,6557792,1029000,807,784.26,false
8835457000,6558867,6558061,0,6558059,8836552000,6559674,6558868,0,6558866,1095000,807,736.99,false
8836552000,6559674,6558868,0,6558866,8837572000,6560481,6559675,0,6559673,1020000,807,791.18,false
8837572000,6560481,6559675,0,6559673,8838603000,6561323,6560482,0,6560480,1031000,807,782.74,true
8838603000,6561323,6560482,0,6560480,8839651000,6562165,6561324,0,6561322,1048000,842,803.44,true
8839651000,6562165,6561324,0,6561322,8840698000,6562974,6562166,0,6562164,1047000,842,804.20,true
8840698000,6562974,6562166,0,6562164,8841710000,6563781,6562975,0,6562973,1012000,809,799.41,true
8841710000,6563781,6562975,0,6562973,8842741000,6564591,6563782,0,6563780,1031000,807,782.74,true
8842741000,6564591,6563782,0,6563780,8843772000,6565401,6564592,0,6564590,1031000,810,785.65,false
8843772000,6565401,6564592,0,6564590,8844803000,6566211,6565402,0,6565400,1031000,810,785.65,false
8844803000,6566211,6565402,0,6565400,8845833000,6567021,6566212,0,6566210,1030000,810,786.41,false
8845833000,6567021,6566212,0,6566210,8846863000,6567831,6567022,0,6567020,1030000,810,786.41,false
8846863000,6567831,6567022,0,6567020,8847893000,6568641,6567832,0,6567830,1030000,810,786.41,false
8847893000,6568641,6567832,0,6567830,8848923000,6569451,6568642,0,6568640,1030000,810,786.41,false
8848923000,6569451,6568642,0,6568640,8849953000,6570261,6569452,0,6569450,1030000,810,786.41,false
8849953000,6570261,6569452,0,6569450,8850984000,6571071,6570262,0,6570260,1031000,810,785.65,false
8850984000,6571071,6570262,0,6570260,8852014000,6571881,6571072,0,6571070,1030000,810,786.41,false
8852014000,6571881,6571072,0,6571070,8853044000,6572691,6571882,0,6571880,1030000,810,786.41,false
8853044000,6572691,6571882,0,6571880,8854074000,6573501,6572692,0,6572690,1030000,810,786.41,false
8854074000,6573501,6572692,0,6572690,8855104000,6574311,6573502,0,6573500,1030000,810,786.41,false
8855104000,6574311,6573502,0,6573500,8856134000,6575121,6574312,0,6574310,1030000,810,786.41,false
8856134000,6575121,6574312,0,6574310,8857165000,6575931,6575122,0,6575120,1031000,810,785.65,false
8857165000,6575931,6575122,0,6575120,8858195000,6576741,6575932,0,6575930,1030000,810,786.41,false
8858195000,6576741,6575932,0,6575930,8859246000,6577551,6576742,0,6576740,1051000,810,770.69,false
8859246000,6577551,6576742,0,6576740,8860316000,6578361,6577552,0,6577550,1070000,810,757.01,false
8860316000,6578361,6577552,0,6577550,8861349000,6579171,6578362,0,6578360,1033000,810,784.12,false
8861574000,6579350,6578541,0,6578539,8862602000,6580160,6579351,0,6579349,1028000,810,787.94,false
8862602000,6580160,6579351,0,6579349,8863629000,6580970,6580161,0,6580159,1027000,810,788.70,false
8863629000,6580970,6580161,0,6580159,8864656000,6581847,6580971,0,6580969,1027000,810,788.70,true
8864656000,6581847,6580971,0,6580969,8865708000,6582724,6581848,0,6581846,1052000,877,833.65,true
8865708000,6582724,6581848,0,6581846,8866766000,6583534,6582725,0,6582723,1058000,877,828.92,true
8866766000,6583534,6582725,0,6582723,8867787000,6584350,6583535,0,6583533,1021000,810,793.34,true
8867787000,6584350,6583535,0,6583533,8868811000,6585166,6584351,0,6584349,1024000,816,796.88,false
8868811000,6585166,6584351,0,6584349,8869841000,6585982,6585167,0,6585165,1030000,816,792.23,false
8869841000,6585982,6585167,0,6585165,8870871000,6586798,6585983,0,6585981,1030000,816,792.23,false
8870871000,6586798,6585983,0,6585981,8871901000,6587614,6586799,0,6586797,1030000,816,792.23,false
8871901000,6587614,6586799,0,6586797,8872931000,6588430,6587615,0,6587613,1030000,816,792.23,false
8872931000,6588430,6587615,0,6587613,8873961000,6589246,6588431,0,6588429,1030000,816,792.23,false
8873961000,6589246,6588431,0,6588429,8874991000,6590062,6589247,0,6589245,1030000,816,792.23,false
8874991000,6590062,6589247,0,6589245,8876021000,6590878,6590063,0,6590061,1030000,816,792.23,false
8876021000,6590878,6590063,0,6590061,8877051000,6591694,6590879,0,6590877,1030000,816,792.23,false
8877051000,6591694,6590879,0,6590877,8878081000,6592510,6591695,0,6591693,1030000,816,792.23,false
8878081000,6592510,6591695,0,6591693,8879111000,6593326,6592511,0,6592509,1030000,816,792.23,false
8879111000,6593326,6592511,0,6592509,8880141000,6594142,6593327,0,6593325,1030000,816,792.23,false
8880141000,6594142,6593327,0,6593325,8881171000,6594958,6594143,0,6594141,1030000,816,792.23,false
8881171000,6594958,6594143,0,6594141,8882201000,6595774,6594959,0,6594957,1030000,816,792.23,false
8882201000,6595774,6594959,0,6594957,8883291000,6596590,6595775,0,6595773,1090000,816,748.62,false
8883291000,6596590,6595775,0,6595773,8884315000,6597406,6596591,0,6596589,1024000,816,796.88,false
8884315000,6597406,6596591,0,6596589,8885348000,6598222,6597407,0,6597405,1033000,816,789.93,false
8885348000,6598222,6597407,0,6597405,8886380000,6599038,6598223,0,6598221,1032000,816,790.70,false
8887298000,6599765,6598950,0,6598948,8888327000,6600581,6599766,0,6599764,1029000,816,793.00,false
8888327000,6600581,6599766,0,6599764,8889357000,6601397,6600582,0,6600580,1030000,816,792.23,false
8889357000,6601397,6600582,0,6600580,8890387000,6602305,6601398,0,6601396,1030000,816,792.23,true
8890387000,6602305,6601398,0,6601396,8891454000,6603213,6602306,0,6602304,1067000,908,850.98,true
8891454000,6603213,6602306,0,6602304,8892530000,6604029,6603214,0,6603212,1076000,908,843.87,true
8892530000,6604029,6603214,0,6603212,8893558000,6604844,6604030,0,6604028,1028000,816,793.77,true
8893558000,6604844,6604030,0,6604028,8894578000,6605659,6604845,0,6604843,1020000,815,799.02,false
8894578000,6605659,6604845,0,6604843,8895606000,6606474,6605660,0,6605658,1028000,815,792.80,false
8895606000,6606474,6605660,0,6605658,8896636000,6607289,6606475,0,6606473,1030000,815,791.26,false
8896636000,6607289,6606475,0,6606473,8897666000,6608104,6607290,0,6607288,1030000,815,791.26,false
8897666000,6608104,6607290,0,6607288,8898695000,6608919,6608105,0,6608103,1029000,815,792.03,false
8898695000,6608919,6608105,0,6608103,8899724000,6609734,6608920,0,6608918,1029000,815,792.03,false
8899724000,6609734,6608920,0,6608918,8900753000,6610549,6609735,0,6609733,1029000,815,792.03,false
8900753000,6610549,6609735,0,6609733,8901782000,6611364,6610550,0,6610548,1029000,815,792.03,false
8901782000,6611364,6610550,0,6610548,8902811000,6612179,6611365,0,6611363,1029000,815,792.03,false
8902811000,6612179,6611365,0,6611363,8903840000,6612994,6612180,0,6612178,1029000,815,792.03,false
8903840000,6612994,6612180,0,6612178,8904869000,6613809,6612995,0,6612993,1029000,815,792.03,false
8904869000,6613809,6612995,0,6612993,8905898000,6614624,6613810,0,6613808,1029000,815,792.03,false
8905898000,6614624,6613810,0,6613808,8906989000,6615439,6614625,0,6614623,1091000,815,747.02,false
8906989000,6615439,6614625,0,6614623,8908013000,6616254,6615440,0,6615438,1024000,815,795.90,false
8908013000,6616254,6615440,0,6615438,8909046000,6617069,6616255,0,6616253,1033000,815,788.96,false
8909046000,6617069,6616255,0,6616253,8910077000,6617884,6617070,0,6617068,1031000,815,790.49,false
8910077000,6617884,6617070,0,6617068,8911106000,6618699,6617885,0,6617883,1029000,815,792.03,false
8911106000,6618699,6617885,0,6617883,8912135000,6619514,6618700,0,6618698,1029000,815,792.03,false
8913064000,6620250,6619436,0,6619434,8914093000,6621065,6620251,0,6620249,1029000,815,792.03,false
8914093000,6621065,6620251,0,6620249,8915122000,6621880,6621066,0,6621064,1029000,815,792.03,false
8915122000,6621880,6621066,0,6621064,8916151000,6622787,6621881,0,6621879,1029000,815,792.03,true
8916151000,6622787,6621881,0,6621879,8917216000,6623694,6622788,0,6622786,1065000,907,851.64,true
8917216000,6623694,6622788,0,6622786,8918292000,6624509,6623695,0,6623693,1076000,907,842.94,true
8918292000,6624509,6623695,0,6623693,8919321000,6625323,6624510,0,6624508,1029000,815,792.03,true
8919321000,6625323,6624510,0,6624508,8920341000,6626137,6625324,0,6625322,1020000,814,798.04,false
8920341000,6626137,6625324,0,6625322,8921367000,6626951,6626138,0,6626136,1026000,814,793.37,false
8921367000,6626951,6626138,0,6626136,8922397000,6627765,6626952,0,6626950,1030000,814,790.29,false
8922397000,6627765,6626952,0,6626950,8923426000,6628579,6627766,0,6627764,1029000,814,791.06,false
8923426000,6628579,6627766,0,6627764,8924455000,6629393,6628580,0,6628578,1029000,814,791.06,false
8924455000,6629393,6628580,0,6628578,8925484000,6630207,6629394,0,6629392,1029000,814,791.06,false
8925484000,6630207,6629394,0,6629392,8926513000,6631021,6630208,0,6630206,1029000,814,791.06,false
8926513000,6631021,6630208,0,6630206,8927542000,6631835,6631022,0,6631020,1029000,814,791.06,false
8927542000,6631835,6631022,0,6631020,8928571000,6632649,6631836,0,6631834,1029000,814,791.06,false
8928571000,6632649,6631836,0,6631834,8929600000,6633463,6632650,0,6632648,1029000,814,791.06,false
8929600000,6633463,6632650,0,6632648,8930691000,6634277,6633464,0,6633462,1091000,814,746.10,false
8930691000,6634277,6633464,0,6633462,8931711000,6635091,6634278,0,6634276,1020000,814,798.04,false
8931711000,6635091,6634278,0,6634276,8932745000,6635905,6635092,0,6635090,1034000,814,787.23,false
8932745000,6635905,6635092,0,6635090,8933776000,6636719,6635906,0,6635904,1031000,814,789.52,false
8933776000,6636719,6635906,0,6635904,8934805000,6637533,6636720,0,6636718,1029000,814,791.06,false
8934805000,6637533,6636720,0,6636718,8935834000,6638347,6637534,0,6637532,1029000,814,791.06,false
8935834000,6638347,6637534,0,6637532,8936863000,6639161,6638348,0,6638346,1029000,814,791.06,false
8936863000,6639161,6638348,0,6638346,8937892000,6639975,6639162,0,6639160,1029000,814,791.06,false
8938882000,6640757,6639944,0,6639942,8939911000,6641571,6640758,0,6640756,1029000,814,791.06,false
8939911000,6641571,6640758,0,6640756,8940940000,6642385,6641572,0,6641570,1029000,814,791.06,false
8940940000,6642385,6641572,0,6641570,8941969000,6643291,6642386,0,6642384,1029000,814,791.06,true
8941969000,6643291,6642386,0,6642384,8943034000,6644197,6643292,0,6643290,1065000,906,850.70,true
8943034000,6644197,6643292,0,6643290,8944109000,6645011,6644198,0,6644196,1075000,906,842.79,true
8944109000,6645011,6644198,0,6644196,8945138000,6645824,6645012,0,6645010,1029000,814,791.06,true
8945138000,6645824,6645012,0,6645010,8946157000,6646637,6645825,0,6645823,1019000,813,797.84,false
8946157000,6646637,6645825,0,6645823,8947183000,6647450,6646638,0,6646636,1026000,813,792.40,false
8947183000,6647450,6646638,0,6646636,8948212000,6648263,6647451,0,6647449,1029000,813,790.09,false
8948212000,6648263,6647451,0,6647449,8949241000,6649076,6648264,0,6648262,1029000,813,790.09,false
8949241000,6649076,6648264,0,6648262,8950269000,6649889,6649077,0,6649075,1028000,813,790.86,false
8950269000,6649889,6649077,0,6649075,8951297000,6650702,6649890,0,6649888,1028000,813,790.86,false
8951297000,6650702,6649890,0,6649888,8952325000,6651515,6650703,0,6650701,1028000,813,790.86,false
8952325000,6651515,6650703,0,6650701,8953353000,6652328,6651516,0,6651514,1028000,813,790.86,false
8953353000,6652328,6651516,0,6651514,8954455000,6653141,6652329,0,6652327,1102000,813,737.75,false
8954455000,6653141,6652329,0,6652327,8955469000,6653954,6653142,0,6653140,1014000,813,801.78,false
8955469000,6653954,6653142,0,6653140,8956497000,6654767,6653955,0,6653953,1028000,813,790.86,false
8956497000,6654767,6653955,0,6653953,8957527000,6655580,6654768,0,6654766,1030000,813,789.32,false
8957527000,6655580,6654768,0,6654766,8958556000,6656393,6655581,0,6655579,1029000,813,790.09,false
8958556000,6656393,6655581,0,6655579,8959585000,6657206,6656394,0,6656392,1029000,813,790.09,false
8959585000,6657206,6656394,0,6656392,8960613000,6658019,6657207,0,6657205,1028000,813,790.86,false
8960613000,6658019,6657207,0,6657205,8961641000,6658832,6658020,0,6658018,1028000,813,790.86,false
8961641000,6658832,6658020,0,6658018,8962669000,6659645,6658833,0,6658831,1028000,813,790.86,false
8962669000,6659645,6658833,0,6658831,8963698000,6660458,6659646,0,6659644,1029000,813,790.09,false
8964612000,6661181,6660369,0,6660367,8965640000,6661994,6661182,0,6661180,1028000,813,790.86,false
8965640000,6661994,6661182,0,6661180,8966668000,6662807,6661995,0,6661993,1028000,813,790.86,false
8966668000,6662807,6661995,0,6661993,8967697000,6663709,6662808,0,6662806,1029000,813,790.09,true
8967697000,6663709,6662808,0,6662806,8968760000,6664611,6663710,0,6663708,1063000,902,848.54,true
8968760000,6664611,6663710,0,6663708,8969833000,6665424,6664612,0,6664610,1073000,902,840.63,true
8969833000,6665424,6664612,0,6664610,8970861000,6666237,6665425,0,6665423,1028000,813,790.86,true
8970861000,6666237,6665425,0,6665423,8971881000,6667050,6666238,0,6666236,1020000,813,797.06,false
8971881000,6667050,6666238,0,6666236,8972907000,6667863,6667051,0,6667049,1026000,813,792.40,false
8972907000,6667863,6667051,0,6667049,8973936000,6668676,6667864,0,6667862,1029000,813,790.09,false
8973936000,6668676,6667864,0,6667862,8974965000,6669489,6668677,0,6668675,1029000,813,790.09,false
8974965000,6669489,6668677,0,6668675,8975993000,6670302,6669490,0,6669488,1028000,813,790.86,false
8975993000,6670302,6669490,0,6669488,8977021000,6671115,6670303,0,6670301,1028000,813,790.86,false
8977021000,6671115,6670303,0,6670301,8978128000,6671928,6671116,0,6671114,1107000,813,734.42,false
8978128000,6671928,6671116,0,6671114,8979142000,6672741,6671929,0,6671927,1014000,813,801.78,false
8979142000,6672741,6671929,0,6671927,8980166000,6673554,6672742,0,6672740,1024000,813,793.95,false
8980166000,6673554,6672742,0,6672740,8981195000,6674367,6673555,0,6673553,1029000,813,790.09,false
8981195000,6674367,6673555,0,6673553,8982224000,6675180,6674368,0,6674366,1029000,813,790.09,false
8982224000,6675180,6674368,0,6674366,8983253000,6675993,6675181,0,6675179,1029000,813,790.09,false
8983253000,6675993,6675181,0,6675179,8984281000,6676806,6675994,0,6675992,1028000,813,790.86,false
8984281000,6676806,6675994,0,6675992,8985309000,6677619,6676807,0,6676805,1028000,813,790.86,false
8985309000,6677619,6676807,0,6676805,8986337000,6678432,6677620,0,6677618,1028000,813,790.86,false
8986337000,6678432,6677620,0,6677618,8987365000,6679245,6678433,0,6678431,1028000,813,790.86,false
8987365000,6679245,6678433,0,6678431,8988394000,6680058,6679246,0,6679244,1029000,813,790.09,false
8988394000,6680058,6679246,0,6679244,8989422000,6680871,6680059,0,6680057,1028000,813,790.86,false
8990335000,6681593,6680781,0,6680779,8991363000,6682406,6681594,0,6681592,1028000,813,790.86,false
8991363000,6682406,6681594,0,6681592,8992391000,6683219,6682407,0,6682405,1028000,813,790.86,false
8992391000,6683219,6682407,0,6682405,8993420000,6684121,6683220,0,6683218,1029000,813,790.09,true
8993420000,6684121,6683220,0,6683218,8994483000,6685023,6684122,0,6684120,1063000,902,848.54,true
8994483000,6685023,6684122,0,6684120,8995556000,6685836,6685024,0,6685022,1073000,902,840.63,true
8995556000,6685836,6685024,0,6685022,8996584000,6686649,6685837,0,6685835,1028000,813,790.86,true
8996584000,6686649,6685837,0,6685835,8997604000,6687462,6686650,0,6686648,1020000,813,797.06,false
8997604000,6687462,6686650,0,6686648,8998630000,6688275,6687463,0,6687461,1026000,813,792.40,false
8998630000,6688275,6687463,0,6687461,8999659000,6689088,6688276,0,6688274,1029000,813,790.09,false
8999659000,6689088,6688276,0,6688274,9000688000,6689901,6689089,0,6689087,1029000,813,790.09,false
9000688000,6689901,6689089,0,6689087,9001785000,6690714,6689902,0,6689900,1097000,813,741.11,false
9001785000,6690714,6689902,0,6689900,9002807000,6691527,6690715,0,6690713,1022000,813,795.50,false
9002807000,6691527,6690715,0,6690713,9003830000,6692340,6691528,0,6691526,1023000,813,794.72,false
9003830000,6692340,6691528,0,6691526,9004857000,6693153,6692341,0,6692339,1027000,813,791.63,false
9004857000,6693153,6692341,0,6692339,9005886000,6693966,6693154,0,6693152,1029000,813,790.09,false
9005886000,6693966,6693154,0,6693152,9006915000,6694779,6693967,0,6693965,1029000,813,790.09,false
9006915000,6694779,6693967,0,6693965,9007943000,6695592,6694780,0,6694778,1028000,813,790.86,false
9007943000,6695592,6694780,0,6694778,9008971000,6696405,6695593,0,6695591,1028000,813,790.86,false
9008971000,6696405,6695593,0,6695591,9009999000,6697218,6696406,0,6696404,1028000,813,790.86,false
9009999000,6697218,6696406,0,6696404,9011027000,6698031,6697219,0,6697217,1028000,813,790.86,false
9011027000,6698031,6697219,0,6697217,9012055000,6698844,6698032,0,6698030,1028000,813,790.86,false
9012055000,6698844,6698032,0,6698030,9013084000,6699657,6698845,0,6698843,1029000,813,790.09,false
9013084000,6699657,6698845,0,6698843,9014112000,6700470,6699658,0,6699656,1028000,813,790.86,false
9014112000,6700470,6699658,0,6699656,9015140000,6701283,6700471,0,6700469,1028000,813,790.86,false
9016052000,6702004,6701192,0,6701190,9017080000,6702817,6702005,0,6702003,1028000,813,790.86,false
9017080000,6702817,6702005,0,6702003,9018108000,6703630,6702818,0,6702816,1028000,813,790.86,false
9018108000,6703630,6702818,0,6702816,9019137000,6704532,6703631,0,6703629,1029000,813,790.09,true
9019137000,6704532,6703631,0,6703629,9020200000,6705434,6704533,0,6704531,1063000,902,848.54,true
9020200000,6705434,6704533,0,6704531,9021273000,6706247,6705435,0,6705433,1073000,902,840.63,true
9021273000,6706247,6705435,0,6705433,9022301000,6707060,6706248,0,6706246,1028000,813,790.86,true
9022301000,6707060,6706248,0,6706246,9023321000,6707873,6707061,0,6707059,1020000,813,797.06,false
9023321000,6707873,6707061,0,6707059,9024347000,6708686,6707874,0,6707872,1026000,813,792.40,false
9024347000,6708686,6707874,0,6707872,9025434000,6709499,6708687,0,6708685,1087000,813,747.93,false
9025434000,6709499,6708687,0,6708685,9026463000,6710312,6709500,0,6709498,1029000,813,790.09,false
9026463000,6710312,6709500,0,6709498,9027489000,6711125,6710313,0,6710311,1026000,813,792.40,false
9027489000,6711125,6710313,0,6710311,9028517000,6711938,6711126,0,6711124,1028000,813,790.86,false
9028517000,6711938,6711126,0,6711124,9029545000,6712751,6711939,0,6711937,1028000,813,790.86,false
9029545000,6712751,6711939,0,6711937,9030573000,6713564,6712752,0,6712750,1028000,813,790.86,false
9030573000,6713564,6712752,0,6712750,9031602000,6714377,6713565,0,6713563,1029000,813,790.09,false
9031602000,6714377,6713565,0,6713563,9032630000,6715190,6714378,0,6714376,1028000,813,790.86,false
9032630000,6715190,6714378,0,6714376,9033658000,6716003,6715191,0,6715189,1028000,813,790.86,false
9033658000,6716003,6715191,0,6715189,9034686000,6716816,6716004,0,6716002,1028000,813,790.86,false
9034686000,6716816,6716004,0,6716002,9035714000,6717629,6716817,0,6716815,1028000,813,790.86,false
9035714000,6717629,6716817,0,6716815,9036742000,6718442,6717630,0,6717628,1028000,813,790.86,false
9036742000,6718442,6717630,0,6717628,9037770000,6719255,6718443,0,6718441,1028000,813,790.86,false
9037770000,6719255,6718443,0,6718441,9038798000,6720068,6719256,0,6719254,1028000,813,790.86,false
9038798000,6720068,6719256,0,6719254,9039826000,6720881,6720069,0,6720067,1028000,813,790.86,false
9039826000,6720881,6720069,0,6720067,9040855000,6721694,6720882,0,6720880,1029000,813,790.09,false
9041744000,6722398,6721586,0,6721584,9042773000,6723211,6722399,0,6722397,1029000,813,790.09,false
9042773000,6723211,6722399,0,6722397,9043801000,6724024,6723212,0,6723210,1028000,813,790.86,false
9043801000,6724024,6723212,0,6723210,9044829000,6724926,6724025,0,6724023,1028000,813,790.86,true
9044829000,6724926,6724025,0,6724023,9045892000,6725828,6724927,0,6724925,1063000,902,848.54,true
9045892000,6725828,6724927,0,6724925,9046965000,6726641,6725829,0,6725827,1073000,902,840.63,true
9046965000,6726641,6725829,0,6725827,9048087000,6727454,6726642,0,6726640,1122000,813,724.60,true
9048087000,6727454,6726642,0,6726640,9049118000,6728267,6727455,0,6727453,1031000,813,788.55,false
9049118000,6728267,6727455,0,6727453,9050171000,6729080,6728268,0,6728266,1053000,813,772.08,false
9050171000,6729080,6728268,0,6728266,9051218000,6729893,6729081,0,6729079,1047000,813,776.50,false
9051218000,6729893,6729081,0,6729079,9052262000,6730706,6729894,0,6729892,1044000,813,778.74,false
9052262000,6730706,6729894,0,6729892,9053305000,6731519,6730707,0,6730705,1043000,813,779.48,false
9053305000,6731519,6730707,0,6730705,9054349000,6732332,6731520,0,6731518,1044000,813,778.74,false
9054349000,6732332,6731520,0,6731518,9055393000,6733145,6732333,0,6732331,1044000,813,778.74,false
9055393000,6733145,6732333,0,6732331,9056437000,6733958,6733146,0,6733144,1044000,813,778.74,false
9056437000,6733958,6733146,0,6733144,9057481000,6734771,6733959,0,6733957,1044000,813,778.74,false
9057481000,6734771,6733959,0,6733957,9058525000,6735584,6734772,0,6734770,1044000,813,778.74,false
9058525000,6735584,6734772,0,6734770,9059569000,6736397,6735585,0,6735583,1044000,813,778.74,false
9059569000,6736397,6735585,0,6735583,9060613000,6737210,6736398,0,6736396,1044000,813,778.74,false
9060613000,6737210,6736398,0,6736396,9061657000,6738023,6737211,0,6737209,1044000,813,778.74,false
9061657000,6738023,6737211,0,6737209,9062701000,6738836,6738024,0,6738022,1044000,813,778.74,false
9062701000,6738836,6738024,0,6738022,9063745000,6739649,6738837,0,6738835,1044000,813,778.74,false
9063745000,6739649,6738837,0,6738835,9064789000,6740462,6739650,0,6739648,1044000,813,778.74,false
9064789000,6740462,6739650,0,6739648,9065833000,6741275,6740463,0,6740461,1044000,813,778.74,false
9065833000,6741275,6740463,0,6740461,9066877000,6742088,6741276,0,6741274,1044000,813,778.74,false
9066877000,6742088,6741276,0,6741274,9067921000,6742901,6742089,0,6742087,1044000,813,778.74,false
9068636000,6743457,6742645,0,6742643,9069680000,6744270,6743458,0,6743456,1044000,813,778.74,false
9069680000,6744270,6743458,0,6743456,9070724000,6745083,6744271,0,6744269,1044000,813,778.74,false
9070724000,6745083,6744271,0,6744269,9071768000,6746034,6745084,0,6745082,1044000,813,778.74,true
9071768000,6746034,6745084,0,6745082,9072991000,6746985,6746035,0,6746033,1223000,951,777.60,true
9072991000,6746985,6746035,0,6746033,9074101000,6747798,6746986,0,6746984,1110000,951,856.76,true
9074101000,6747798,6746986,0,6746984,9075121000,6748630,6747799,0,6747797,1020000,813,797.06,true
9075121000,6748630,6747799,0,6747797,9076138000,6749462,6748631,0,6748629,1017000,832,818.09,false
9076138000,6749462,6748631,0,6748629,9077167000,6750294,6749463,0,6749461,1029000,832,808.55,false
9077167000,6750294,6749463,0,6749461,9078198000,6751126,6750295,0,6750293,1031000,832,806.98,false
9078198000,6751126,6750295,0,6750293,9079228000,6751958,6751127,0,6751125,1030000,832,807.77,false
9079228000,6751958,6751127,0,6751125,9080258000,6752790,6751959,0,6751957,1030000,832,807.77,false
9080258000,6752790,6751959,0,6751957,9081288000,6753622,6752791,0,6752789,1030000,832,807.77,false
9081288000,6753622,6752791,0,6752789,9082318000,6754454,6753623,0,6753621,1030000,832,807.77,false
9082318000,6754454,6753623,0,6753621,9083348000,6755286,6754455,0,6754453,1030000,832,807.77,false
9083348000,6755286,6754455,0,6754453,9084378000,6756118,6755287,0,6755285,1030000,832,807.77,false
9084378000,6756118,6755287,0,6755285,9085408000,6756950,6756119,0,6756117,1030000,832,807.77,false
9085408000,6756950,6756119,0,6756117,9086438000,6757782,6756951,0,6756949,1030000,832,807.77,false
9086438000,6757782,6756951,0,6756949,9087468000,6758614,6757783,0,6757781,1030000,832,807.77,false
9087468000,6758614,6757783,0,6757781,9088498000,6759446,6758615,0,6758613,1030000,832,807.77,false
9088498000,6759446,6758615,0,6758613,9089528000,6760278,6759447,0,6759445,1030000,832,807.77,false
9089528000,6760278,6759447,0,6759445,9090558000,6761110,6760279,0,6760277,1030000,832,807.77,false
9090558000,6761110,6760279,0,6760277,9091588000,6761942,6761111,0,6761109,1030000,832,807.77,false
9091588000,6761942,6761111,0,6761109,9092618000,6762774,6761943,0,6761941,1030000,832,807.77,false
9092618000,6762774,6761943,0,6761941,9093648000,6763606,6762775,0,6762773,1030000,832,807.77,false
9094346000,6764170,6763339,0,6763337,9095376000,6765002,6764171,0,6764169,1030000,832,807.77,false
9095376000,6765002,6764171,0,6764169,9096465000,6765834,6765003,0,6765001,1089000,832,764.00,false
9096465000,6765834,6765003,0,6765001,9097492000,6766763,6765835,0,6765833,1027000,832,810.13,true
9097492000,6766763,6765835,0,6765833,9098578000,6767692,6766764,0,6766762,1086000,929,855.43,true
9098578000,6767692,6766764,0,6766762,9099661000,6768524,6767693,0,6767691,1083000,929,857.80,true
9099661000,6768524,6767693,0,6767691,9100675000,6769353,6768525,0,6768523,1014000,832,820.51,true
9100675000,6769353,6768525,0,6768523,9101695000,6770182,6769354,0,6769352,1020000,829,812.75,false
9101695000,6770182,6769354,0,6769352,9102725000,6771011,6770183,0,6770181,1030000,829,804.85,false
9102725000,6771011,6770183,0,6770181,9103755000,6771840,6771012,0,6771010,1030000,829,804.85,false
9103755000,6771840,6771012,0,6771010,9104783000,6772669,6771841,0,6771839,1028000,829,806.42,false
9104783000,6772669,6771841,0,6771839,9105811000,6773498,6772670,0,6772668,1028000,829,806.42,false
9105811000,6773498,6772670,0,6772668,9106840000,6774327,6773499,0,6773497,1029000,829,805.64,false
9106840000,6774327,6773499,0,6773497,9107868000,6775156,6774328,0,6774326,1028000,829,806.42,false
9107868000,6775156,6774328,0,6774326,9108896000,6775985,6775157,0,6775155,1028000,829,806.42,false
9108896000,6775985,6775157,0,6775155,9109925000,6776814,6775986,0,6775984,1029000,829,805.64,false
9109925000,6776814,6775986,0,6775984,9110953000,6777643,6776815,0,6776813,1028000,829,806.42,false
9110953000,6777643,6776815,0,6776813,9111982000,6778472,6777644,0,6777642,1029000,829,805.64,false
9111982000,6778472,6777644,0,6777642,9113010000,6779301,6778473,0,6778471,1028000,829,806.42,false
9113010000,6779301,6778473,0,6778471,9114038000,6780130,6779302,0,6779300,1028000,829,806.42,false
9114038000,6780130,6779302,0,6779300,9115067000,6780959,6780131,0,6780129,1029000,829,805.64,false
9115067000,6780959,6780131,0,6780129,9116095000,6781788,6780960,0,6780958,1028000,829,806.42,false
9116095000,6781788,6780960,0,6780958,9117124000,6782617,6781789,0,6781787,1029000,829,805.64,false
9117124000,6782617,6781789,0,6781787,9118152000,6783446,6782618,0,6782616,1028000,829,806.42,false
9118152000,6783446,6782618,0,6782616,9119180000,6784275,6783447,0,6783445,1028000,829,806.42,false
9119990000,6784883,6784055,0,6784053,9121014000,6785712,6784884,0,6784882,1024000,829,809.57,false
9121014000,6785712,6784884,0,6784882,9122046000,6786541,6785713,0,6785711,1032000,829,803.29,false
9122046000,6786541,6785713,0,6785711,9123077000,6787403,6786542,0,6786540,1031000,829,804.07,true
9123077000,6787403,6786542,0,6786540,9124123000,6788265,6787404,0,6787402,1046000,862,824.09,true
9124123000,6788265,6787404,0,6787402,9125168000,6789094,6788266,0,6788264,1045000,862,824.88,true
9125168000,6789094,6788266,0,6788264,9126178000,6789933,6789095,0,6789093,1010000,829,820.79,true
9126178000,6789933,6789095,0,6789093,9127218000,6790772,6789934,0,6789932,1040000,839,806.73,false
9127218000,6790772,6789934,0,6789932,9128252000,6791611,6790773,0,6790771,1034000,839,811.41,false
9128252000,6791611,6790773,0,6790771,9129285000,6792450,6791612,0,6791610,1033000,839,812.20,false
9129285000,6792450,6791612,0,6791610,9130318000,6793289,6792451,0,6792449,1033000,839,812.20,false
9130318000,6793289,6792451,0,6792449,9131351000,6794128,6793290,0,6793288,1033000,839,812.20,false
9131351000,6794128,6793290,0,6793288,9132384000,6794967,6794129,0,6794127,1033000,839,812.20,false
9132384000,6794967,6794129,0,6794127,9133416000,6795806,6794968,0,6794966,1032000,839,812.98,false
9133416000,6795806,6794968,0,6794966,9134449000,6796645,6795807,0,6795805,1033000,839,812.20,false
9134449000,6796645,6795807,0,6795805,9135482000,6797484,6796646,0,6796644,1033000,839,812.20,false
9135482000,6797484,6796646,0,6796644,9136515000,6798323,6797485,0,6797483,1033000,839,812.20,false
9136515000,6798323,6797485,0,6797483,9137548000,6799162,6798324,0,6798322,1033000,839,812.20,false
9137548000,6799162,6798324,0,6798322,9138581000,6800001,6799163,0,6799161,1033000,839,812.20,false
9138581000,6800001,6799163,0,6799161,9139614000,6800840,6800002,0,6800000,1033000,839,812.20,false
9139614000,6800840,6800002,0,6800000,9140647000,6801679,6800841,0,6800839,1033000,839,812.20,false
9140647000,6801679,6800841,0,6800839,9141680000,6802518,6801680,0,6801678,1033000,839,812.20,false
9141680000,6802518,6801680,0,6801678,9142713000,6803357,6802519,0,6802517,1033000,839,812.20,false
9142713000,6803357,6802519,0,6802517,9143817000,6804196,6803358,0,6803356,1104000,839,759.96,false
9143817000,6804196,6803358,0,6803356,9144846000,6805035,6804197,0,6804195,1029000,839,815.35,false
9144846000,6805035,6804197,0,6804195,9145874000,6805874,6805036,0,6805034,1028000,839,816.15,false
9146158000,6806103,6805265,0,6805263,9147189000,6806942,6806104,0,6806102,1031000,839,813.77,false
9147189000,6806942,6806104,0,6806102,9148222000,6807781,6806943,0,6806941,1033000,839,812.20,false
9148222000,6807781,6806943,0,6806941,9149255000,6808721,6807782,0,6807780,1033000,839,812.20,true
9149255000,6808721,6807782,0,6807780,9150338000,6809661,6808722,0,6808720,1083000,940,867.96,true
9150338000,6809661,6808722,0,6808720,9151426000,6810500,6809662,0,6809660,1088000,940,863.97,true
9151426000,6810500,6809662,0,6809660,9152449000,6811334,6810501,0,6810499,1023000,839,820.14,true
9152449000,6811334,6810501,0,6810499,9153472000,6812168,6811335,0,6811333,1023000,834,815.25,false
9153472000,6812168,6811335,0,6811333,9154503000,6813002,6812169,0,6812167,1031000,834,808.92,false
9154503000,6813002,6812169,0,6812167,9155535000,6813836,6813003,0,6813001,1032000,834,808.14,false
9155535000,6813836,6813003,0,6813001,9156566000,6814670,6813837,0,6813835,1031000,834,808.92,false
9156566000,6814670,6813837,0,6813835,9157596000,6815504,6814671,0,6814669,1030000,834,809.71,false
9157596000,6815504,6814671,0,6814669,9158627000,6816338,6815505,0,6815503,1031000,834,808.92,false
9158627000,6816338,6815505,0,6815503,9159657000,6817172,6816339,0,6816337,1030000,834,809.71,false
9159657000,6817172,6816339,0,6816337,9160687000,6818006,6817173,0,6817171,1030000,834,809.71,false
9160687000,6818006,6817173,0,6817171,9161718000,6818840,6818007,0,6818005,1031000,834,808.92,false
9161718000,6818840,6818007,0,6818005,9162749000,6819674,6818841,0,6818839,1031000,834,808.92,false
9162749000,6819674,6818841,0,6818839,9163780000,6820508,6819675,0,6819673,1031000,834,808.92,false
9163780000,6820508,6819675,0,6819673,9164811000,6821342,6820509,0,6820507,1031000,834,808.92,false
9164811000,6821342,6820509,0,6820507,9165842000,6822176,6821343,0,6821341,1031000,834,808.92,false
9165842000,6822176,6821343,0,6821341,9166896000,6823010,6822177,0,6822175,1054000,834,791.27,false
9166896000,6823010,6822177,0,6822175,9167961000,6823844,6823011,0,6823009,1065000,834,783.10,false
9167961000,6823844,6823011,0,6823009,9168997000,6824678,6823845,0,6823843,1036000,834,805.02,false
9168997000,6824678,6823845,0,6823843,9170026000,6825512,6824679,0,6824677,1029000,834,810.50,false
9170026000,6825512,6824679,0,6824677,9171056000,6826346,6825513,0,6825511,1030000,834,809.71,false
9171056000,6826346,6825513,0,6825511,9172087000,6827180,6826347,0,6826345,1031000,834,808.92,false
9172158000,6827239,6826406,0,6826404,9173189000,6828073,6827240,0,6827238,1031000,834,808.92,false
9173189000,6828073,6827240,0,6827238,9174220000,6828907,6828074,0,6828072,1031000,834,808.92,false
9174220000,6828907,6828074,0,6828072,9175251000,6829839,6828908,0,6828906,1031000,834,808.92,true
9175251000,6829839,6828908,0,6828906,9176327000,6830771,6829840,0,6829838,1076000,932,866.17,true
9176327000,6830771,6829840,0,6829838,9177409000,6831605,6830772,0,6830770,1082000,932,861.37,true
9177409000,6831605,6830772,0,6830770,9178436000,6832435,6831606,0,6831604,1027000,834,812.07,true
9178436000,6832435,6831606,0,6831604,9179456000,6833265,6832436,0,6832434,1020000,830,813.73,false
9179456000,6833265,6832436,0,6832434,9180483000,6834095,6833266,0,6833264,1027000,830,808.18,false
9180483000,6834095,6833266,0,6833264,9181513000,6834925,6834096,0,6834094,1030000,830,805.83,false
9181513000,6834925,6834096,0,6834094,9182542000,6835755,6834926,0,6834924,1029000,830,806.61,false
9182542000,6835755,6834926,0,6834924,9183571000,6836585,6835756,0,6835754,1029000,830,806.61,false
9183571000,6836585,6835756,0,6835754,9184600000,6837415,6836586,0,6836584,1029000,830,806.61,false
9184600000,6837415,6836586,0,6836584,9185629000,6838245,6837416,0,6837414,1029000,830,806.61,false
9185629000,6838245,6837416,0,6837414,9186658000,6839075,6838246,0,6838244,1029000,830,806.61,false
9186658000,6839075,6838246,0,6838244,9187687000,6839905,6839076,0,6839074,1029000,830,806.61,false
9187687000,6839905,6839076,0,6839074,9188716000,6840735,6839906,0,6839904,1029000,830,806.61,false
9188716000,6840735,6839906,0,6839904,9189745000,6841565,6840736,0,6840734,1029000,830,806.61,false
9189745000,6841565,6840736,0,6840734,9190797000,6842395,6841566,0,6841564,1052000,830,788.97,false
9190797000,6842395,6841566,0,6841564,9191859000,6843225,6842396,0,6842394,1062000,830,781.54,false
9191859000,6843225,6842396,0,6842394,9192893000,6844055,6843226,0,6843224,1034000,830,802.71,false
9192893000,6844055,6843226,0,6843224,9193921000,6844885,6844056,0,6844054,1028000,830,807.39,false
9193921000,6844885,6844056,0,6844054,9194949000,6845715,6844886,0,6844884,1028000,830,807.39,false
9194949000,6845715,6844886,0,6844884,9195978000,6846545,6845716,0,6845714,1029000,830,806.61,false
9195978000,6846545,6845716,0,6845714,9197007000,6847375,6846546,0,6846544,1029000,830,806.61,false
9197895000,6848091,6847262,0,6847260,9198924000,6848921,6848092,0,6848090,1029000,830,806.61,false
9198924000,6848921,6848092,0,6848090,9199953000,6849751,6848922,0,6848920,1029000,830,806.61,false
9199953000,6849751,6848922,0,6848920,9200982000,6850675,6849752,0,6849750,1029000,830,806.61,true
9200982000,6850675,6849752,0,6849750,9202051000,6851599,6850676,0,6850674,1069000,924,864.36,true
9202051000,6851599,6850676,0,6850674,9203129000,6852429,6851600,0,6851598,1078000,924,857.14,true
9203129000,6852429,6851600,0,6851598,9204157000,6853257,6852430,0,6852428,1028000,830,807.39,true
9204157000,6853257,6852430,0,6852428,9205176000,6854085,6853258,0,6853256,1019000,828,812.56,false
9205176000,6854085,6853258,0,6853256,9206202000,6854913,6854086,0,6854084,1026000,828,807.02,false
9206202000,6854913,6854086,0,6854084,9207231000,6855741,6854914,0,6854912,1029000,828,804.66,false
9207231000,6855741,6854914,0,6854912,9208259000,6856569,6855742,0,6855740,1028000,828,805.45,false
9208259000,6856569,6855742,0,6855740,9209287000,6857397,6856570,0,6856568,1028000,828,805.45,false
9209287000,6857397,6856570,0,6856568,9210315000,6858225,6857398,0,6857396,1028000,828,805.45,false
9210315000,6858225,6857398,0,6857396,9211343000,6859053,6858226,0,6858224,1028000,828,805.45,false
9211343000,6859053,6858226,0,6858224,9212371000,6859881,6859054,0,6859052,1028000,828,805.45,false
9212371000,6859881,6859054,0,6859052,9213399000,6860709,6859882,0,6859880,1028000,828,805.45,false
9213399000,6860709,6859882,0,6859880,9214449000,6861537,6860710,0,6860708,1050000,828,788.57,false
9214449000,6861537,6860710,0,6860708,9215509000,6862365,6861538,0,6861536,1060000,828,781.13,false
9215509000,6862365,6861538,0,6861536,9216545000,6863193,6862366,0,6862364,1036000,828,799.23,false
9216545000,6863193,6862366,0,6862364,9217576000,6864021,6863194,0,6863192,1031000,828,803.10,false
9217576000,6864021,6863194,0,6863192,9218608000,6864849,6864022,0,6864020,1032000,828,802.33,false
9218608000,6864849,6864022,0,6864020,9219639000,6865677,6864850,0,6864848,1031000,828,803.10,false
9219639000,6865677,6864850,0,6864848,9220670000,6866505,6865678,0,6865676,1031000,828,803.10,false
9220670000,6866505,6865678,0,6865676,9221701000,6867333,6866506,0,6866504,1031000,828,803.10,false
9221701000,6867333,6866506,0,6866504,9222732000,6868161,6867334,0,6867332,1031000,828,803.10,false
9223649000,6868897,6868070,0,6868068,9224680000,6869725,6868898,0,6868896,1031000,828,803.10,false
9224680000,6869725,6868898,0,6868896,9225711000,6870553,6869726,0,6869724,1031000,828,803.10,false
9225711000,6870553,6869726,0,6869724,9226742000,6871481,6870554,0,6870552,1031000,828,803.10,true
9226742000,6871481,6870554,0,6870552,9227820000,6872409,6871482,0,6871480,1078000,928,860.85,true
9227820000,6872409,6871482,0,6871480,9228904000,6873237,6872410,0,6872408,1084000,928,856.09,true
9228904000,6873237,6872410,0,6872408,9229930000,6874061,6873238,0,6873236,1026000,828,807.02,true
9229930000,6874061,6873238,0,6873236,9230951000,6874885,6874062,0,6874060,1021000,824,807.05,false
9230951000,6874885,6874062,0,6874060,9231979000,6875709,6874886,0,6874884,1028000,824,801.56,false
9231979000,6875709,6874886,0,6874884,9233010000,6876533,6875710,0,6875708,1031000,824,799.22,false
9233010000,6876533,6875710,0,6875708,9234040000,6877357,6876534,0,6876532,1030000,824,800.00,false
9234040000,6877357,6876534,0,6876532,9235070000,6878181,6877358,0,6877356,1030000,824,800.00,false
9235070000,6878181,6877358,0,6877356,9236100000,6879005,6878182,0,6878180,1030000,824,800.00,false
9236100000,6879005,6878182,0,6878180,9237130000,6879829,6879006,0,6879004,1030000,824,800.00,false
9237130000,6879829,6879006,0,6879004,9238184000,6880653,6879830,0,6879828,1054000,824,781.78,false
9238184000,6880653,6879830,0,6879828,9239243000,6881477,6880654,0,6880652,1059000,824,778.09,false
9239243000,6881477,6880654,0,6880652,9240281000,6882301,6881478,0,6881476,1038000,824,793.83,false
9240281000,6882301,6881478,0,6881476,9241309000,6883125,6882302,0,6882300,1028000,824,801.56,false
9241309000,6883125,6882302,0,6882300,9242338000,6883949,6883126,0,6883124,1029000,824,800.78,false
9242338000,6883949,6883126,0,6883124,9243368000,6884773,6883950,0,6883948,1030000,824,800.00,false
9243368000,6884773,6883950,0,6883948,9244398000,6885597,6884774,0,6884772,1030000,824,800.00,false
9244398000,6885597,6884774,0,6884772,9245428000,6886421,6885598,0,6885596,1030000,824,800.00,false
9245428000,6886421,6885598,0,6885596,9246458000,6887245,6886422,0,6886420,1030000,824,800.00,false
9246458000,6887245,6886422,0,6886420,9247488000,6888069,6887246,0,6887244,1030000,824,800.00,false
9247488000,6888069,6887246,0,6887244,9248518000,6888893,6888070,0,6888068,1030000,824,800.00,false
9248518000,6888893,6888070,0,6888068,9249548000,6889717,6888894,0,6888892,1030000,824,800.00,false
9249554000,6889722,6888899,0,6888897,9250584000,6890546,6889723,0,6889721,1030000,824,800.00,false
9250584000,6890546,6889723,0,6889721,9251614000,6891370,6890547,0,6890545,1030000,824,800.00,false
9251614000,6891370,6890547,0,6890545,9252644000,6892287,6891371,0,6891369,1030000,824,800.00,true
9252644000,6892287,6891371,0,6891369,9253712000,6893204,6892288,0,6892286,1068000,917,858.61,true
9253712000,6893204,6892288,0,6892286,9254790000,6894028,6893205,0,6893203,1078000,917,850.65,true
9254790000,6894028,6893205,0,6893203,9255817000,6894850,6894029,0,6894027,1027000,824,802.34,true
9255817000,6894850,6894029,0,6894027,9256837000,6895672,6894851,0,6894849,1020000,822,805.88,false
9256837000,6895672,6894851,0,6894849,9257865000,6896494,6895673,0,6895671,1028000,822,799.61,false
9257865000,6896494,6895673,0,6895671,9258894000,6897316,6896495,0,6896493,1029000,822,798.83,false
9258894000,6897316,6896495,0,6896493,9259923000,6898138,6897317,0,6897315,1029000,822,798.83,false
9259923000,6898138,6897317,0,6897315,9260952000,6898960,6898139,0,6898137,1029000,822,798.83,false
9260952000,6898960,6898139,0,6898137,9262024000,6899782,6898961,0,6898959,1072000,822,766.79,false
9262024000,6899782,6898961,0,6898959,9263063000,6900604,6899783,0,6899781,1039000,822,791.15,false
9263063000,6900604,6899783,0,6899781,9264100000,6901426,6900605,0,6900603,1037000,822,792.67,false
9264100000,6901426,6900605,0,6900603,9265130000,6902248,6901427,0,6901425,1030000,822,798.06,false
9265130000,6902248,6901427,0,6901425,9266158000,6903070,6902249,0,6902247,1028000,822,799.61,false
9266158000,6903070,6902249,0,6902247,9267186000,6903892,6903071,0,6903069,1028000,822,799.61,false
9267186000,6903892,6903071,0,6903069,9268215000,6904714,6903893,0,6903891,1029000,822,798.83,false
9268215000,6904714,6903893,0,6903891,9269244000,6905536,6904715,0,6904713,1029000,822,798.83,false
9269244000,6905536,6904715,0,6904713,9270273000,6906358,6905537,0,6905535,1029000,822,798.83,false
9270273000,6906358,6905537,0,6905535,9271302000,6907180,6906359,0,6906357,1029000,822,798.83,false
9271302000,6907180,6906359,0,6906357,9272331000,6908002,6907181,0,6907179,1029000,822,798.83,false
9272331000,6908002,6907181,0,6907179,9273360000,6908824,6908003,0,6908001,1029000,822,798.83,false
9273360000,6908824,6908003,0,6908001,9274389000,6909646,6908825,0,6908823,1029000,822,798.83,false
9275332000,6910399,6909578,0,6909576,9276361000,6911221,6910400,0,6910398,1029000,822,798.83,false
9276361000,6911221,6910400,0,6910398,9277390000,6912043,6911222,0,6911220,1029000,822,798.83,false
9277390000,6912043,6911222,0,6911220,9278419000,6912958,6912044,0,6912042,1029000,822,798.83,true
9278419000,6912958,6912044,0,6912042,9279486000,6913873,6912959,0,6912957,1067000,915,857.54,true
9279486000,6913873,6912959,0,6912957,9280562000,6914695,6913874,0,6913872,1076000,915,850.37,true
9280562000,6914695,6913874,0,6913872,9281591000,6915515,6914696,0,6914694,1029000,822,798.83,true
9281591000,6915515,6914696,0,6914694,9282609000,6916335,6915516,0,6915514,1018000,820,805.50,false
9282609000,6916335,6915516,0,6915514,9283635000,6917155,6916336,0,6916334,1026000,820,799.22,false
9283635000,6917155,6916336,0,6916334,9284664000,6917975,6917156,0,6917154,1029000,820,796.89,false
9284664000,6917975,6917156,0,6917154,9285747000,6918795,6917976,0,6917974,1083000,820,757.16,false
9285747000,6918795,6917976,0,6917974,9286771000,6919615,6918796,0,6918794,1024000,820,800.78,false
9286771000,6919615,6918796,0,6918794,9287802000,6920435,6919616,0,6919614,1031000,820,795.34,false
9287802000,6920435,6919616,0,6919614,9288831000,6921255,6920436,0,6920434,1029000,820,796.89,false
9288831000,6921255,6920436,0,6920434,9289859000,6922075,6921256,0,6921254,1028000,820,797.67,false
9289859000,6922075,6921256,0,6921254,9290887000,6922895,6922076,0,6922074,1028000,820,797.67,false
9290887000,6922895,6922076,0,6922074,9291915000,6923715,6922896,0,6922894,1028000,820,797.67,false
9291915000,6923715,6922896,0,6922894,9292943000,6924535,6923716,0,6923714,1028000,820,797.67,false
9292943000,6924535,6923716,0,6923714,9293971000,6925355,6924536,0,6924534,1028000,820,797.67,false
9293971000,6925355,6924536,0,6924534,9294999000,6926175,6925356,0,6925354,1028000,820,797.67,false
9294999000,6926175,6925356,0,6925354,9296027000,6926995,6926176,0,6926174,1028000,820,797.67,false
9296027000,6926995,6926176,0,6926174,9297055000,6927815,6926996,0,6926994,1028000,820,797.67,false
9297055000,6927815,6926996,0,6926994,9298083000,6928635,6927816,0,6927814,1028000,820,797.67,false
9298083000,6928635,6927816,0,6927814,9299111000,6929455,6928636,0,6928634,1028000,820,797.67,false
9299111000,6929455,6928636,0,6928634,9300139000,6930275,6929456,0,6929454,1028000,820,797.67,false
9300995000,6930957,6930138,0,6930136,9302023000,6931777,6930958,0,6930956,1028000,820,797.67,false
9302023000,6931777,6930958,0,6930956,9303051000,6932597,6931778,0,6931776,1028000,820,797.67,false
9303051000,6932597,6931778,0,6931776,9304079000,6933507,6932598,0,6932596,1028000,820,797.67,true
9304079000,6933507,6932598,0,6932596,9305143000,6934417,6933508,0,6933506,1064000,910,855.26,true
9305143000,6934417,6933508,0,6933506,9306217000,6935237,6934418,0,6934416,1074000,910,847.30,true
9306217000,6935237,6934418,0,6934416,9307246000,6936057,6935238,0,6935236,1029000,820,796.89,true
9307246000,6936057,6935238,0,6935236,9308265000,6936877,6936058,0,6936056,1019000,820,804.71,false
9308265000,6936877,6936058,0,6936056,9309329000,6937697,6936878,0,6936876,1064000,820,770.68,false
9309329000,6937697,6936878,0,6936876,9310355000,6938517,6937698,0,6937696,1026000,820,799.22,false
9310355000,6938517,6937698,0,6937696,9311386000,6939337,6938518,0,6938516,1031000,820,795.34,false
9311386000,6939337,6938518,0,6938516,9312417000,6940157,6939338,0,6939336,1031000,820,795.34,false
9312417000,6940157,6939338,0,6939336,9313449000,6940977,6940158,0,6940156,1032000,820,794.57,false
9313449000,6940977,6940158,0,6940156,9314480000,6941797,6940978,0,6940976,1031000,820,795.34,false
9314480000,6941797,6940978,0,6940976,9315511000,6942617,6941798,0,6941796,1031000,820,795.34,false
9315511000,6942617,6941798,0,6941796,9316542000,6943437,6942618,0,6942616,1031000,820,795.34,false
9316542000,6943437,6942618,0,6942616,9317573000,6944257,6943438,0,6943436,1031000,820,795.34,false
9317573000,6944257,6943438,0,6943436,9318604000,6945077,6944258,0,6944256,1031000,820,795.34,false
9318604000,6945077,6944258,0,6944256,9319635000,6945897,6945078,0,6945076,1031000,820,795.34,false
9319635000,6945897,6945078,0,6945076,9320666000,6946717,6945898,0,6945896,1031000,820,795.34,false
9320666000,6946717,6945898,0,6945896,9321697000,6947537,6946718,0,6946716,1031000,820,795.34,false
9321697000,6947537,6946718,0,6946716,9322728000,6948357,6947538,0,6947536,1031000,820,795.34,false
9322728000,6948357,6947538,0,6947536,9323759000,6949177,6948358,0,6948356,1031000,820,795.34,false
9323759000,6949177,6948358,0,6948356,9324790000,6949997,6949178,0,6949176,1031000,820,795.34,false
9324790000,6949997,6949178,0,6949176,9325821000,6950817,6949998,0,6949996,1031000,820,795.34,false
9326616000,6951450,6950631,0,6950629,9327647000,6952270,6951451,0,6951449,1031000,820,795.34,false
9327647000,6952270,6951451,0,6951449,9328678000,6953090,6952271,0,6952269,1031000,820,795.34,false
9328678000,6953090,6952271,0,6952269,9329709000,6954009,6953091,0,6953089,1031000,820,795.34,true
9329709000,6954009,6953091,0,6953089,9330784000,6954928,6954010,0,6954008,1075000,919,854.88,true
9330784000,6954928,6954010,0,6954008,9331866000,6955748,6954929,0,6954927,1082000,919,849.35,true
9331866000,6955748,6954929,0,6954927,9332997000,6956565,6955749,0,6955747,1131000,820,725.02,true
9332997000,6956565,6955749,0,6955747,9334031000,6957382,6956566,0,6956564,1034000,817,790.14,false
9334031000,6957382,6956566,0,6956564,9335097000,6958199,6957383,0,6957381,1066000,817,766.42,false
9335097000,6958199,6957383,0,6957381,9336157000,6959016,6958200,0,6958198,1060000,817,770.75,false
9336157000,6959016,6958200,0,6958198,9337214000,6959833,6959017,0,6959015,1057000,817,772.94,false
9337214000,6959833,6959017,0,6959015,9338271000,6960650,6959834,0,6959832,1057000,817,772.94,false
9338271000,6960650,6959834,0,6959832,9339328000,6961467,6960651,0,6960649,1057000,817,772.94,false
9339328000,6961467,6960651,0,6960649,9340386000,6962284,6961468,0,6961466,1058000,817,772.21,false
9340386000,6962284,6961468,0,6961466,9341444000,6963101,6962285,0,6962283,1058000,817,772.21,false
9341444000,6963101,6962285,0,6962283,9342502000,6963918,6963102,0,6963100,1058000,817,772.21,false
9342502000,6963918,6963102,0,6963100,9343560000,6964735,6963919,0,6963917,1058000,817,772.21,false
9343560000,6964735,6963919,0,6963917,9344618000,6965552,6964736,0,6964734,1058000,817,772.21,false
9344618000,6965552,6964736,0,6964734,9345676000,6966369,6965553,0,6965551,1058000,817,772.21,false
9345676000,6966369,6965553,0,6965551,9346734000,6967186,6966370,0,6966368,1058000,817,772.21,false
9346734000,6967186,6966370,0,6966368,9347792000,6968003,6967187,0,6967185,1058000,817,772.21,false
9347792000,6968003,6967187,0,6967185,9348850000,6968820,6968004,0,6968002,1058000,817,772.21,false
9348850000,6968820,6968004,0,6968002,9349908000,6969637,6968821,0,6968819,1058000,817,772.21,false
9349908000,6969637,6968821,0,6968819,9350966000,6970454,6969638,0,6969636,1058000,817,772.21,false
9350966000,6970454,6969638,0,6969636,9352024000,6971271,6970455,0,6970453,1058000,817,772.21,false
9352024000,6971271,6970455,0,6970453,9353082000,6972088,6971272,0,6971270,1058000,817,772.21,false
9353082000,6972088,6971272,0,6971270,9354140000,6972905,6972089,0,6972087,1058000,817,772.21,false
9354598000,6973259,6972443,0,6972441,9355656000,6974076,6973260,0,6973258,1058000,817,772.21,false
9355656000,6974076,6973260,0,6973258,9356714000,6974893,6974077,0,6974075,1058000,817,772.21,false
9356714000,6974893,6974077,0,6974075,9357772000,6975890,6974894,0,6974892,1058000,817,772.21,true
9357772000,6975890,6974894,0,6974892,9359088000,6976887,6975891,0,6975889,1316000,997,757.60,true
9359088000,6976887,6975891,0,6975889,9360215000,6977704,6976888,0,6976886,1127000,997,884.65,true
9360215000,6977704,6976888,0,6976886,9361229000,6978506,6977705,0,6977703,1014000,817,805.72,true
9361229000,6978506,6977705,0,6977703,9362238000,6979308,6978507,0,6978505,1009000,802,794.85,false
9362238000,6979308,6978507,0,6978505,9363263000,6980110,6979309,0,6979307,1025000,802,782.44,false
9363263000,6980110,6979309,0,6979307,9364294000,6980912,6980111,0,6980109,1031000,802,777.89,false
9364294000,6980912,6980111,0,6980109,9365322000,6981714,6980913,0,6980911,1028000,802,780.16,false
9365322000,6981714,6980913,0,6980911,9366349000,6982516,6981715,0,6981713,1027000,802,780.92,false
9366349000,6982516,6981715,0,6981713,9367376000,6983318,6982517,0,6982515,1027000,802,780.92,false
9367376000,6983318,6982517,0,6982515,9368403000,6984120,6983319,0,6983317,1027000,802,780.92,false
9368403000,6984120,6983319,0,6983317,9369430000,6984922,6984121,0,6984119,1027000,802,780.92,false
9369430000,6984922,6984121,0,6984119,9370457000,6985724,6984923,0,6984921,1027000,802,780.92,false
9370457000,6985724,6984923,0,6984921,9371484000,6986526,6985725,0,6985723,1027000,802,780.92,false
9371484000,6986526,6985725,0,6985723,9372511000,6987328,6986527,0,6986525,1027000,802,780.92,false
9372511000,6987328,6986527,0,6986525,9373538000,6988130,6987329,0,6987327,1027000,802,780.92,false
9373538000,6988130,6987329,0,6987327,9374565000,6988932,6988131,0,6988129,1027000,802,780.92,false
9374565000,6988932,6988131,0,6988129,9375592000,6989734,6988933,0,6988931,1027000,802,780.92,false
9375592000,6989734,6988933,0,6988931,9376619000,6990536,6989735,0,6989733,1027000,802,780.92,false
9376619000,6990536,6989735,0,6989733,9377646000,6991338,6990537,0,6990535,1027000,802,780.92,false
9377646000,6991338,6990537,0,6990535,9378673000,6992140,6991339,0,6991337,1027000,802,780.92,false
9378673000,6992140,6991339,0,6991337,9379700000,6992942,6992141,0,6992139,1027000,802,780.92,false
9380514000,6993578,6992777,0,6992775,9381541000,6994380,6993579,0,6993577,1027000,802,780.92,false
9381541000,6994380,6993579,0,6993577,9382637000,6995182,6994381,0,6994379,1096000,802,731.75,false
9382637000,6995182,6994381,0,6994379,9383653000,6996069,6995183,0,6995181,1016000,802,789.37,true
9383653000,6996069,6995183,0,6995181,9384725000,6996956,6996070,0,6996068,1072000,887,827.43,true
9384725000,6996956,6996070,0,6996068,9385796000,6997758,6996957,0,6996955,1071000,887,828.20,true
9385796000,6997758,6996957,0,6996955,9386808000,6998605,6997759,0,6997757,1012000,802,792.49,true
9386808000,6998605,6997759,0,6997757,9387865000,6999452,6998606,0,6998604,1057000,847,801.32,false
9387865000,6999452,6998606,0,6998604,9388914000,7000299,6999453,0,6999451,1049000,847,807.44,false
9388914000,7000299,6999453,0,6999451,9389960000,7001146,7000300,0,7000298,1046000,847,809.75,false
9389960000,7001146,7000300,0,7000298,9391006000,7001993,7001147,0,7001145,1046000,847,809.75,false
9391006000,7001993,7001147,0,7001145,9392053000,7002840,7001994,0,7001992,1047000,847,808.98,false
9392053000,7002840,7001994,0,7001992,9393099000,7003687,7002841,0,7002839,1046000,847,809.75,false
9393099000,7003687,7002841,0,7002839,9394145000,7004534,7003688,0,7003686,1046000,847,809.75,false
9394145000,7004534,7003688,0,7003686,9395191000,7005381,7004535,0,7004533,1046000,847,809.75,false
9395191000,7005381,7004535,0,7004533,9396237000,7006228,7005382,0,7005380,1046000,847,809.75,false
9396237000,7006228,7005382,0,7005380,9397283000,7007075,7006229,0,7006227,1046000,847,809.75,false
9397283000,7007075,7006229,0,7006227,9398329000,7007922,7007076,0,7007074,1046000,847,809.75,false
9398329000,7007922,7007076,0,7007074,9399375000,7008769,7007923,0,7007921,1046000,847,809.75,false
9399375000,7008769,7007923,0,7007921,9400422000,7009616,7008770,0,7008768,1047000,847,808.98,false
9400422000,7009616,7008770,0,7008768,9401469000,7010463,7009617,0,7009615,1047000,847,808.98,false
9401469000,7010463,7009617,0,7009615,9402515000,7011310,7010464,0,7010462,1046000,847,809.75,false
9402515000,7011310,7010464,0,7010462,9403561000,7012157,7011311,0,7011309,1046000,847,809.75,false
9403561000,7012157,7011311,0,7011309,9404607000,7013004,7012158,0,7012156,1046000,847,809.75,false
9404607000,7013004,7012158,0,7012156,9405653000,7013851,7013005,0,7013003,1046000,847,809.75,false
9405653000,7013851,7013005,0,7013003,9406699000,7014698,7013852,0,7013850,1046000,847,809.75,false
9407679000,7015404,7014558,0,7014556,9408703000,7016251,7015405,0,7015403,1024000,847,827.15,false
9408703000,7016251,7015405,0,7015403,9409732000,7017098,7016252,0,7016250,1029000,847,823.13,false
9409732000,7017098,7016252,0,7016250,9410768000,7017989,7017099,0,7017097,1036000,847,817.57,true
9410768000,7017989,7017099,0,7017097,9411835000,7018880,7017990,0,7017988,1067000,891,835.05,true
9411835000,7018880,7017990,0,7017988,9412895000,7019771,7018881,0,7018879,1060000,891,840.57,true
9412895000,7019771,7018881,0,7018879,9413953000,7020618,7019772,0,7019770,1058000,891,842.16,true
9413953000,7020618,7019772,0,7019770,9414998000,7021471,7020619,0,7020617,1045000,847,810.53,true
9414998000,7021471,7020619,0,7020617,9416037000,7022324,7021472,0,7021470,1039000,853,820.98,false
9416037000,7022324,7021472,0,7021470,9417076000,7023177,7022325,0,7022323,1039000,853,820.98,false
9417076000,7023177,7022325,0,7022323,9418115000,7024030,7023178,0,7023176,1039000,853,820.98,false
9418115000,7024030,7023178,0,7023176,9419154000,7024883,7024031,0,7024029,1039000,853,820.98,false
9419154000,7024883,7024031,0,7024029,9420193000,7025736,7024884,0,7024882,1039000,853,820.98,false
9420193000,7025736,7024884,0,7024882,9421232000,7026589,7025737,0,7025735,1039000,853,820.98,false
9421232000,7026589,7025737,0,7025735,9422271000,7027442,7026590,0,7026588,1039000,853,820.98,false
9422271000,7027442,7026590,0,7026588,9423310000,7028295,7027443,0,7027441,1039000,853,820.98,false
9423310000,7028295,7027443,0,7027441,9424349000,7029148,7028296,0,7028294,1039000,853,820.98,false
9424349000,7029148,7028296,0,7028294,9425388000,7030001,7029149,0,7029147,1039000,853,820.98,false
9425388000,7030001,7029149,0,7029147,9426427000,7030854,7030002,0,7030000,1039000,853,820.98,false
9426427000,7030854,7030002,0,7030000,9427466000,7031707,7030855,0,7030853,1039000,853,820.98,false
9427466000,7031707,7030855,0,7030853,9428505000,7032560,7031708,0,7031706,1039000,853,820.98,false
9428505000,7032560,7031708,0,7031706,9429544000,7033413,7032561,0,7032559,1039000,853,820.98,false
9429544000,7033413,7032561,0,7032559,9430583000,7034266,7033414,0,7033412,1039000,853,820.98,false
9430583000,7034266,7033414,0,7033412,9431710000,7035119,7034267,0,7034265,1127000,853,756.88,false
9431710000,7035119,7034267,0,7034265,9432731000,7035972,7035120,0,7035118,1021000,853,835.46,false
9432731000,7035972,7035120,0,7035118,9433765000,7036825,7035973,0,7035971,1034000,853,824.95,false
9434566000,7037482,7036630,0,7036628,9435601000,7038335,7037483,0,7037481,1035000,853,824.15,false
9435601000,7038335,7037483,0,7037481,9436637000,7039188,7038336,0,7038334,1036000,853,823.36,false
9436637000,7039188,7038336,0,7038334,9437673000,7040154,7039189,0,7039187,1036000,853,823.36,true
9437673000,7040154,7039189,0,7039187,9438772000,7041120,7040155,0,7040153,1099000,966,878.98,true
9438772000,7041120,7040155,0,7040153,9439872000,7041973,7041121,0,7041119,1100000,966,878.18,true
9439872000,7041973,7041121,0,7041119,9440895000,7042817,7041974,0,7041972,1023000,853,833.82,true
9440895000,7042817,7041974,0,7041972,9441919000,7043661,7042818,0,7042816,1024000,844,824.22,false
9441919000,7043661,7042818,0,7042816,9442951000,7044505,7043662,0,7043660,1032000,844,817.83,false
9442951000,7044505,7043662,0,7043660,9443983000,7045349,7044506,0,7044504,1032000,844,817.83,false
9443983000,7045349,7044506,0,7044504,9445014000,7046193,7045350,0,7045348,1031000,844,818.62,false
9445014000,7046193,7045350,0,7045348,9446045000,7047037,7046194,0,7046192,1031000,844,818.62,false
9446045000,7047037,7046194,0,7046192,9447076000,7047881,7047038,0,7047036,1031000,844,818.62,false
9447076000,7047881,7047038,0,7047036,9448108000,7048725,7047882,0,7047880,1032000,844,817.83,false
9448108000,7048725,7047882,0,7047880,9449140000,7049569,7048726,0,7048724,1032000,844,817.83,false
9449140000,7049569,7048726,0,7048724,9450172000,7050413,7049570,0,7049568,1032000,844,817.83,false
9450172000,7050413,7049570,0,7049568,9451203000,7051257,7050414,0,7050412,1031000,844,818.62,false
9451203000,7051257,7050414,0,7050412,9452234000,7052101,7051258,0,7051256,1031000,844,818.62,false
9452234000,7052101,7051258,0,7051256,9453266000,7052945,7052102,0,7052100,1032000,844,817.83,false
9453266000,7052945,7052102,0,7052100,9454298000,7053789,7052946,0,7052944,1032000,844,817.83,false
9454298000,7053789,7052946,0,7052944,9455364000,7054633,7053790,0,7053788,1066000,844,791.74,false
9455364000,7054633,7053790,0,7053788,9456419000,7055477,7054634,0,7054632,1055000,844,800.00,false
9456419000,7055477,7054634,0,7054632,9457455000,7056321,7055478,0,7055476,1036000,844,814.67,false
9457455000,7056321,7055478,0,7055476,9458487000,7057165,7056322,0,7056320,1032000,844,817.83,false
9458487000,7057165,7056322,0,7056320,9459518000,7058009,7057166,0,7057164,1031000,844,818.62,false
9459518000,7058009,7057166,0,7057164,9460550000,7058853,7058010,0,7058008,1032000,844,817.83,false
9460711000,7058985,7058142,0,7058140,9461743000,7059829,7058986,0,7058984,1032000,844,817.83,false
9461743000,7059829,7058986,0,7058984,9462774000,7060673,7059830,0,7059828,1031000,844,818.62,false
9462774000,7060673,7059830,0,7059828,9463805000,7061619,7060674,0,7060672,1031000,844,818.62,true
9463805000,7061619,7060674,0,7060672,9464887000,7062565,7061620,0,7061618,1082000,946,874.31,true
9464887000,7062565,7061620,0,7061618,9465975000,7063409,7062566,0,7062564,1088000,946,869.49,true
9465975000,7063409,7062566,0,7062564,9467000000,7064247,7063410,0,7063408,1025000,844,823.41,true
9467000000,7064247,7063410,0,7063408,9468020000,7065085,7064248,0,7064246,1020000,838,821.57,false
9468020000,7065085,7064248,0,7064246,9469049000,7065923,7065086,0,7065084,1029000,838,814.38,false
9469049000,7065923,7065086,0,7065084,9470078000,7066761,7065924,0,7065922,1029000,838,814.38,false
9470078000,7066761,7065924,0,7065922,9471107000,7067599,7066762,0,7066760,1029000,838,814.38,false
9471107000,7067599,7066762,0,7066760,9472136000,7068437,7067600,0,7067598,1029000,838,814.38,false
9472136000,7068437,7067600,0,7067598,9473165000,7069275,7068438,0,7068436,1029000,838,814.38,false
9473165000,7069275,7068438,0,7068436,9474194000,7070113,7069276,0,7069274,1029000,838,814.38,false
9474194000,7070113,7069276,0,7069274,9475223000,7070951,7070114,0,7070112,1029000,838,814.38,false
9475223000,7070951,7070114,0,7070112,9476252000,7071789,7070952,0,7070950,1029000,838,814.38,false
9476252000,7071789,7070952,0,7070950,9477281000,7072627,7071790,0,7071788,1029000,838,814.38,false
9477281000,7072627,7071790,0,7071788,9478310000,7073465,7072628,0,7072626,1029000,838,814.38,false
9478310000,7073465,7072628,0,7072626,9479395000,7074303,7073466,0,7073464,1085000,838,772.35,false
9479395000,7074303,7073466,0,7073464,9480424000,7075141,7074304,0,7074302,1029000,838,814.38,false
9480424000,7075141,7074304,0,7074302,9481460000,7075979,7075142,0,7075140,1036000,838,808.88,false
9481460000,7075979,7075142,0,7075140,9482494000,7076817,7075980,0,7075978,1034000,838,810.44,false
9482494000,7076817,7075980,0,7075978,9483526000,7077655,7076818,0,7076816,1032000,838,812.02,false
9483526000,7077655,7076818,0,7076816,9484558000,7078493,7077656,0,7077654,1032000,838,812.02,false
9484558000,7078493,7077656,0,7077654,9485590000,7079331,7078494,0,7078492,1032000,838,812.02,false
9486607000,7080157,7079320,0,7079318,9487639000,7080995,7080158,0,7080156,1032000,838,812.02,false
9487639000,7080995,7080158,0,7080156,9488671000,7081833,7080996,0,7080994,1032000,838,812.02,false
9488671000,7081833,7080996,0,7080994,9489703000,7082775,7081834,0,7081832,1032000,838,812.02,true
9489703000,7082775,7081834,0,7081832,9490787000,7083717,7082776,0,7082774,1084000,942,869.00,true
9490787000,7083717,7082776,0,7082774,9491876000,7084555,7083718,0,7083716,1089000,942,865.01,true
9491876000,7084555,7083718,0,7083716,9492900000,7085387,7084556,0,7084554,1024000,838,818.36,true
9492900000,7085387,7084556,0,7084554,9493921000,7086219,7085388,0,7085386,1021000,832,814.89,false
9493921000,7086219,7085388,0,7085386,9494950000,7087051,7086220,0,7086218,1029000,832,808.55,false
9494950000,7087051,7086220,0,7086218,9495981000,7087883,7087052,0,7087050,1031000,832,806.98,false
9495981000,7087883,7087052,0,7087050,9497011000,7088715,7087884,0,7087882,1030000,832,807.77,false
9497011000,7088715,7087884,0,7087882,9498041000,7089547,7088716,0,7088714,1030000,832,807.77,false
9498041000,7089547,7088716,0,7088714,9499071000,7090379,7089548,0,7089546,1030000,832,807.77,false
9499071000,7090379,7089548,0,7089546,9500101000,7091211,7090380,0,7090378,1030000,832,807.77,false
9500101000,7091211,7090380,0,7090378,9501131000,7092043,7091212,0,7091210,1030000,832,807.77,false
9501131000,7092043,7091212,0,7091210,9502161000,7092875,7092044,0,7092042,1030000,832,807.77,false
9502161000,7092875,7092044,0,7092042,9503232000,7093707,7092876,0,7092874,1071000,832,776.84,false
9503232000,7093707,7092876,0,7092874,9504272000,7094539,7093708,0,7093706,1040000,832,800.00,false
9504272000,7094539,7093708,0,7093706,9505311000,7095371,7094540,0,7094538,1039000,832,800.77,false
9505311000,7095371,7094540,0,7094538,9506341000,7096203,7095372,0,7095370,1030000,832,807.77,false
9506341000,7096203,7095372,0,7095370,9507370000,7097035,7096204,0,7096202,1029000,832,808.55,false
9507370000,7097035,7096204,0,7096202,9508400000,7097867,7097036,0,7097034,1030000,832,807.77,false
9508400000,7097867,7097036,0,7097034,9509430000,7098699,7097868,0,7097866,1030000,832,807.77,false
9509430000,7098699,7097868,0,7097866,9510460000,7099531,7098700,0,7098698,1030000,832,807.77,false
9510460000,7099531,7098700,0,7098698,9511490000,7100363,7099532,0,7099530,1030000,832,807.77,false
9512513000,7101189,7100358,0,7100356,9513543000,7102021,7101190,0,7101188,1030000,832,807.77,false
9513543000,7102021,7101190,0,7101188,9514573000,7102853,7102022,0,7102020,1030000,832,807.77,false
9514573000,7102853,7102022,0,7102020,9515603000,7103779,7102854,0,7102852,1030000,832,807.77,true
9515603000,7103779,7102854,0,7102852,9516674000,7104705,7103780,0,7103778,1071000,926,864.61,true
9516674000,7104705,7103780,0,7103778,9517753000,7105537,7104706,0,7104704,1079000,926,858.20,true
9517753000,7105537,7104706,0,7104704,9518780000,7106366,7105538,0,7105536,1027000,832,810.13,true
9518780000,7106366,7105538,0,7105536,9519799000,7107195,7106367,0,7106365,1019000,829,813.54,false
9519799000,7107195,7106367,0,7106365,9520826000,7108024,7107196,0,7107194,1027000,829,807.21,false
9520826000,7108024,7107196,0,7107194,9521856000,7108853,7108025,0,7108023,1030000,829,804.85,false
9521856000,7108853,7108025,0,7108023,9522885000,7109682,7108854,0,7108852,1029000,829,805.64,false
9522885000,7109682,7108854,0,7108852,9523913000,7110511,7109683,0,7109681,1028000,829,806.42,false
9523913000,7110511,7109683,0,7109681,9524941000,7111340,7110512,0,7110510,1028000,829,806.42,false
9524941000,7111340,7110512,0,7110510,9525969000,7112169,7111341,0,7111339,1028000,829,806.42,false
9525969000,7112169,7111341,0,7111339,9527039000,7112998,7112170,0,7112168,1070000,829,774.77,false
9527039000,7112998,7112170,0,7112168,9528079000,7113827,7112999,0,7112997,1040000,829,797.12,false
9528079000,7113827,7112999,0,7112997,9529113000,7114656,7113828,0,7113826,1034000,829,801.74,false
9529113000,7114656,7113828,0,7113826,9530142000,7115485,7114657,0,7114655,1029000,829,805.64,false
9530142000,7115485,7114657,0,7114655,9531170000,7116314,7115486,0,7115484,1028000,829,806.42,false
9531170000,7116314,7115486,0,7115484,9532199000,7117143,7116315,0,7116313,1029000,829,805.64,false
9532199000,7117143,7116315,0,7116313,9533227000,7117972,7117144,0,7117142,1028000,829,806.42,false
9533227000,7117972,7117144,0,7117142,9534255000,7118801,7117973,0,7117971,1028000,829,806.42,false
9534255000,7118801,7117973,0,7117971,9535284000,7119630,7118802,0,7118800,1029000,829,805.64,false
9535284000,7119630,7118802,0,7118800,9536312000,7120459,7119631,0,7119629,1028000,829,806.42,false
9536312000,7120459,7119631,0,7119629,9537341000,7121288,7120460,0,7120458,1029000,829,805.64,false
9538236000,7122010,7121182,0,7121180,9539265000,7122839,7122011,0,7122009,1029000,829,805.64,false
9539265000,7122839,7122011,0,7122009,9540293000,7123668,7122840,0,7122838,1028000,829,806.42,false
9540293000,7123668,7122840,0,7122838,9541322000,7124588,7123669,0,7123667,1029000,829,805.64,true
9541322000,7124588,7123669,0,7123667,9542388000,7125508,7124589,0,7124587,1066000,920,863.04,true
9542388000,7125508,7124589,0,7124587,9543464000,7126337,7125509,0,7125507,1076000,920,855.02,true
9543464000,7126337,7125509,0,7125507,9544491000,7127165,7126338,0,7126336,1027000,829,807.21,true
9544491000,7127165,7126338,0,7126336,9545510000,7127993,7127166,0,7127164,1019000,828,812.56,false
9545510000,7127993,7127166,0,7127164,9546537000,7128821,7127994,0,7127992,1027000,828,806.23,false
9546537000,7128821,7127994,0,7127992,9547565000,7129649,7128822,0,7128820,1028000,828,805.45,false
9547565000,7129649,7128822,0,7128820,9548594000,7130477,7129650,0,7129648,1029000,828,804.66,false
9548594000,7130477,7129650,0,7129648,9549622000,7131305,7130478,0,7130476,1028000,828,805.45,false
9549622000,7131305,7130478,0,7130476,9550704000,7132133,7131306,0,7131304,1082000,828,765.25,false
9550704000,7132133,7131306,0,7131304,9551731000,7132961,7132134,0,7132132,1027000,828,806.23,false
9551731000,7132961,7132134,0,7132132,9552767000,7133789,7132962,0,7132960,1036000,828,799.23,false
9552767000,7133789,7132962,0,7132960,9553799000,7134617,7133790,0,7133788,1032000,828,802.33,false
9553799000,7134617,7133790,0,7133788,9554831000,7135445,7134618,0,7134616,1032000,828,802.33,false
9554831000,7135445,7134618,0,7134616,9555862000,7136273,7135446,0,7135444,1031000,828,803.10,false
9555862000,7136273,7135446,0,7135444,9556893000,7137101,7136274,0,7136272,1031000,828,803.10,false
9556893000,7137101,7136274,0,7136272,9557924000,7137929,7137102,0,7137100,1031000,828,803.10,false
9557924000,7137929,7137102,0,7137100,9558955000,7138757,7137930,0,7137928,1031000,828,803.10,false
9558955000,7138757,7137930,0,7137928,9559986000,7139585,7138758,0,7138756,1031000,828,803.10,false
9559986000,7139585,7138758,0,7138756,9561018000,7140413,7139586,0,7139584,1032000,828,802.33,false
9561018000,7140413,7139586,0,7139584,9562049000,7141241,7140414,0,7140412,1031000,828,803.10,false
9562049000,7141241,7140414,0,7140412,9563080000,7142069,7141242,0,7141240,1031000,828,803.10,false
9564082000,7142874,7142047,0,7142045,9565113000,7143702,7142875,0,7142873,1031000,828,803.10,false
9565113000,7143702,7142875,0,7142873,9566145000,7144530,7143703,0,7143701,1032000,828,802.33,false
9566145000,7144530,7143703,0,7143701,9567176000,7145458,7144531,0,7144529,1031000,828,803.10,true
9567176000,7145458,7144531,0,7144529,9568253000,7146386,7145459,0,7145457,1077000,928,861.65,true
9568253000,7146386,7145459,0,7145457,9569337000,7147214,7146387,0,7146385,1084000,928,856.09,true
9569337000,7147214,7146387,0,7146385,9570363000,7148038,7147215,0,7147213,1026000,828,807.02,true
9570363000,7148038,7147215,0,7147213,9571384000,7148862,7148039,0,7148037,1021000,824,807.05,false
9571384000,7148862,7148039,0,7148037,9572413000,7149686,7148863,0,7148861,1029000,824,800.78,false
9572413000,7149686,7148863,0,7148861,9573443000,7150510,7149687,0,7149685,1030000,824,800.00,false
9573443000,7150510,7149687,0,7149685,9574533000,7151334,7150511,0,7150509,1090000,824,755.96,false
9574533000,7151334,7150511,0,7150509,9575556000,7152158,7151335,0,7151333,1023000,824,805.47,false
9575556000,7152158,7151335,0,7151333,9576589000,7152982,7152159,0,7152157,1033000,824,797.68,false
9576589000,7152982,7152159,0,7152157,9577621000,7153806,7152983,0,7152981,1032000,824,798.45,false
9577621000,7153806,7152983,0,7152981,9578651000,7154630,7153807,0,7153805,1030000,824,800.00,false
9578651000,7154630,7153807,0,7153805,9579681000,7155454,7154631,0,7154629,1030000,824,800.00,false
9579681000,7155454,7154631,0,7154629,9580711000,7156278,7155455,0,7155453,1030000,824,800.00,false
9580711000,7156278,7155455,0,7155453,9581741000,7157102,7156279,0,7156277,1030000,824,800.00,false
9581741000,7157102,7156279,0,7156277,9582771000,7157926,7157103,0,7157101,1030000,824,800.00,false
9582771000,7157926,7157103,0,7157101,9583801000,7158750,7157927,0,7157925,1030000,824,800.00,false
9583801000,7158750,7157927,0,7157925,9584831000,7159574,7158751,0,7158749,1030000,824,800.00,false
9584831000,7159574,7158751,0,7158749,9585861000,7160398,7159575,0,7159573,1030000,824,800.00,false
9585861000,7160398,7159575,0,7159573,9586891000,7161222,7160399,0,7160397,1030000,824,800.00,false
9586891000,7161222,7160399,0,7160397,9587921000,7162046,7161223,0,7161221,1030000,824,800.00,false
9587921000,7162046,7161223,0,7161221,9588951000,7162870,7162047,0,7162045,1030000,824,800.00,false
9588951000,7162870,7162047,0,7162045,9589981000,7163694,7162871,0,7162869,1030000,824,800.00,false
9589991000,7163702,7162879,0,7162877,9591021000,7164526,7163703,0,7163701,1030000,824,800.00,false
9591021000,7164526,7163703,0,7163701,9592051000,7165350,7164527,0,7164525,1030000,824,800.00,false
9592051000,7165350,7164527,0,7164525,9593081000,7166267,7165351,0,7165349,1030000,824,800.00,true
9593081000,7166267,7165351,0,7165349,9594150000,7167184,7166268,0,7166266,1069000,917,857.81,true
9594150000,7167184,7166268,0,7166266,9595227000,7168008,7167185,0,7167183,1077000,917,851.44,true
9595227000,7168008,7167185,0,7167183,9596255000,7168830,7168009,0,7168007,1028000,824,801.56,true
9596255000,7168830,7168009,0,7168007,9597274000,7169652,7168831,0,7168829,1019000,822,806.67,false
9597274000,7169652,7168831,0,7168829,9598347000,7170474,7169653,0,7169651,1073000,822,766.08,false
9598347000,7170474,7169653,0,7169651,9599367000,7171296,7170475,0,7170473,1020000,822,805.88,false
9599367000,7171296,7170475,0,7170473,9600394000,7172118,7171297,0,7171295,1027000,822,800.39,false
9600394000,7172118,7171297,0,7171295,9601423000,7172940,7172119,0,7172117,1029000,822,798.83,false
9601423000,7172940,7172119,0,7172117,9602452000,7173762,7172941,0,7172939,1029000,822,798.83,false
9602452000,7173762,7172941,0,7172939,9603481000,7174584,7173763,0,7173761,1029000,822,798.83,false
9603481000,7174584,7173763,0,7173761,9604510000,7175406,7174585,0,7174583,1029000,822,798.83,false
9604510000,7175406,7174585,0,7174583,9605539000,7176228,7175407,0,7175405,1029000,822,798.83,false
9605539000,7176228,7175407,0,7175405,9606568000,7177050,7176229,0,7176227,1029000,822,798.83,false
9606568000,7177050,7176229,0,7176227,9607597000,7177872,7177051,0,7177049,1029000,822,798.83,false
9607597000,7177872,7177051,0,7177049,9608626000,7178694,7177873,0,7177871,1029000,822,798.83,false
9608626000,7178694,7177873,0,7177871,9609655000,7179516,7178695,0,7178693,1029000,822,798.83,false
9609655000,7179516,7178695,0,7178693,9610684000,7180338,7179517,0,7179515,1029000,822,798.83,false
9610684000,7180338,7179517,0,7179515,9611713000,7181160,7180339,0,7180337,1029000,822,798.83,false
9611713000,7181160,7180339,0,7180337,9612742000,7181982,7181161,0,7181159,1029000,822,798.83,false
9612742000,7181982,7181161,0,7181159,9613771000,7182804,7181983,0,7181981,1029000,822,798.83,false
9613771000,7182804,7181983,0,7181981,9614800000,7183626,7182805,0,7182803,1029000,822,798.83,false
9615507000,7184192,7183371,0,7183369,9616536000,7185014,7184193,0,7184191,1029000,822,798.83,false
9616536000,7185014,7184193,0,7184191,9617565000,7185836,7185015,0,7185013,1029000,822,798.83,false
9617565000,7185836,7185015,0,7185013,9618594000,7186751,7185837,0,7185835,1029000,822,798.83,true
9618594000,7186751,7185837,0,7185835,9619661000,7187666,7186752,0,7186750,1067000,915,857.54,true
9619661000,7187666,7186752,0,7186750,9620777000,7188488,7187667,0,7187665,1116000,915,819.89,true
9620777000,7188488,7187667,0,7187665,9621838000,7189298,7188489,0,7188487,1061000,822,774.74,true
9621838000,7189298,7188489,0,7188487,9622864000,7190108,7189299,0,7189297,1026000,810,789.47,false
9622864000,7190108,7189299,0,7189297,9623881000,7190918,7190109,0,7190107,1017000,810,796.46,false
9623881000,7190918,7190109,0,7190107,9624900000,7191728,7190919,0,7190917,1019000,810,794.90,false
9624900000,7191728,7190919,0,7190917,9625921000,7192538,7191729,0,7191727,1021000,810,793.34,false
9625921000,7192538,7191729,0,7191727,9626942000,7193348,7192539,0,7192537,1021000,810,793.34,false
9626942000,7193348,7192539,0,7192537,9627962000,7194158,7193349,0,7193347,1020000,810,794.12,false
9627962000,7194158,7193349,0,7193347,9628983000,7194968,7194159,0,7194157,1021000,810,793.34,false
9628983000,7194968,7194159,0,7194157,9630004000,7195778,7194969,0,7194967,1021000,810,793.34,false
9630004000,7195778,7194969,0,7194967,9631025000,7196588,7195779,0,7195777,1021000,810,793.34,false
9631025000,7196588,7195779,0,7195777,9632046000,7197398,7196589,0,7196587,1021000,810,793.34,false
9632046000,7197398,7196589,0,7196587,9633067000,7198208,7197399,0,7197397,1021000,810,793.34,false
9633067000,7198208,7197399,0,7197397,9634088000,7199018,7198209,0,7198207,1021000,810,793.34,false
9634088000,7199018,7198209,0,7198207,9635109000,7199828,7199019,0,7199017,1021000,810,793.34,false
9635109000,7199828,7199019,0,7199017,9636130000,7200638,7199829,0,7199827,1021000,810,793.34,false
9636130000,7200638,7199829,0,7199827,9637151000,7201448,7200639,0,7200637,1021000,810,793.34,false
9637151000,7201448,7200639,0,7200637,9638172000,7202258,7201449,0,7201447,1021000,810,793.34,false
9638172000,7202258,7201449,0,7201447,9639193000,7203068,7202259,0,7202257,1021000,810,793.34,false
9639193000,7203068,7202259,0,7202257,9640214000,7203878,7203069,0,7203067,1021000,810,793.34,false
9640447000,7204063,7203254,0,7203252,9641468000,7204873,7204064,0,7204062,1021000,810,793.34,false
9641468000,7204873,7204064,0,7204062,9642489000,7205683,7204874,0,7204872,1021000,810,793.34,false
9642489000,7205683,7204874,0,7204872,9643562000,7206557,7205684,0,7205682,1073000,810,754.89,true
9643562000,7206557,7205684,0,7205682,9644602000,7207431,7206558,0,7206556,1040000,874,840.38,true
9644602000,7207431,7206558,0,7206556,9645660000,7208241,7207432,0,7207430,1058000,874,826.09,true
9645660000,7208241,7207432,0,7207430,9646686000,7209056,7208242,0,7208240,1026000,810,789.47,true
9646686000,7209056,7208242,0,7208240,9647712000,7209871,7209057,0,7209055,1026000,815,794.35,false
9647712000,7209871,7209057,0,7209055,9648741000,7210686,7209872,0,7209870,1029000,815,792.03,false
9648741000,7210686,7209872,0,7209870,9649771000,7211501,7210687,0,7210685,1030000,815,791.26,false
9649771000,7211501,7210687,0,7210685,9650800000,7212316,7211502,0,7211500,1029000,815,792.03,false
9650800000,7212316,7211502,0,7211500,9651829000,7213131,7212317,0,7212315,1029000,815,792.03,false
9651829000,7213131,7212317,0,7212315,9652858000,7213946,7213132,0,7213130,1029000,815,792.03,false
9652858000,7213946,7213132,0,7213130,9653887000,7214761,7213947,0,7213945,1029000,815,792.03,false
9653887000,7214761,7213947,0,7213945,9654916000,7215576,7214762,0,7214760,1029000,815,792.03,false
9654916000,7215576,7214762,0,7214760,9655945000,7216391,7215577,0,7215575,1029000,815,792.03,false
9655945000,7216391,7215577,0,7215575,9656974000,7217206,7216392,0,7216390,1029000,815,792.03,false
9656974000,7217206,7216392,0,7216390,9658003000,7218021,7217207,0,7217205,1029000,815,792.03,false
9658003000,7218021,7217207,0,7217205,9659032000,7218836,7218022,0,7218020,1029000,815,792.03,false
9659032000,7218836,7218022,0,7218020,9660061000,7219651,7218837,0,7218835,1029000,815,792.03,false
9660061000,7219651,7218837,0,7218835,9661090000,7220466,7219652,0,7219650,1029000,815,792.03,false
9661090000,7220466,7219652,0,7219650,9662119000,7221281,7220467,0,7220465,1029000,815,792.03,false
9662119000,7221281,7220467,0,7220465,9663148000,7222096,7221282,0,7221280,1029000,815,792.03,false
9663148000,7222096,7221282,0,7221280,9664177000,7222911,7222097,0,7222095,1029000,815,792.03,false
9664177000,7222911,7222097,0,7222095,9665206000,7223726,7222912,0,7222910,1029000,815,792.03,false
9665558000,7224005,7223191,0,7223189,9666652000,7224820,7224006,0,7224004,1094000,815,744.97,false
9666652000,7224820,7224006,0,7224004,9667673000,7225635,7224821,0,7224819,1021000,815,798.24,false
9667673000,7225635,7224821,0,7224819,9668704000,7226482,7225636,0,7225634,1031000,815,790.49,true
9668704000,7226482,7225636,0,7225634,9669751000,7227329,7226483,0,7226481,1047000,847,808.98,true
9669751000,7227329,7226483,0,7226481,9670797000,7228144,7227330,0,7227328,1046000,847,809.75,true
9670797000,7228144,7227330,0,7227328,9671808000,7228961,7228145,0,7228143,1011000,815,806.13,true
9671808000,7228961,7228145,0,7228143,9672841000,7229779,7228962,0,7228960,1033000,817,790.90,false
9672841000,7229779,7228962,0,7228960,9673873000,7230597,7229780,0,7229778,1032000,818,792.64,false
9673873000,7230597,7229780,0,7229778,9674903000,7231415,7230598,0,7230596,1030000,818,794.17,false
9674903000,7231415,7230598,0,7230596,9675933000,7232233,7231416,0,7231414,1030000,818,794.17,false
9675933000,7232233,7231416,0,7231414,9676963000,7233051,7232234,0,7232232,1030000,818,794.17,false
9676963000,7233051,7232234,0,7232232,9677993000,7233869,7233052,0,7233050,1030000,818,794.17,false
9677993000,7233869,7233052,0,7233050,9679024000,7234687,7233870,0,7233868,1031000,818,793.40,false
9679024000,7234687,7233870,0,7233868,9680054000,7235505,7234688,0,7234686,1030000,818,794.17,false
9680054000,7235505,7234688,0,7234686,9681085000,7236323,7235506,0,7235504,1031000,818,793.40,false
9681085000,7236323,7235506,0,7235504,9682116000,7237141,7236324,0,7236322,1031000,818,793.40,false
9682116000,7237141,7236324,0,7236322,9683146000,7237959,7237142,0,7237140,1030000,818,794.17,false
9683146000,7237959,7237142,0,7237140,9684176000,7238777,7237960,0,7237958,1030000,818,794.17,false
9684176000,7238777,7237960,0,7237958,9685206000,7239595,7238778,0,7238776,1030000,818,794.17,false
9685206000,7239595,7238778,0,7238776,9686236000,7240413,7239596,0,7239594,1030000,818,794.17,false
9686236000,7240413,7239596,0,7239594,9687267000,7241231,7240414,0,7240412,1031000,818,793.40,false
9687267000,7241231,7240414,0,7240412,9688298000,7242049,7241232,0,7241230,1031000,818,793.40,false
9688298000,7242049,7241232,0,7241230,9689354000,7242867,7242050,0,7242048,1056000,818,774.62,false
9689354000,7242867,7242050,0,7242048,9690415000,7243685,7242868,0,7242866,1061000,818,770.97,false
9690415000,7243685,7242868,0,7242866,9691454000,7244503,7243686,0,7243684,1039000,818,787.30,false
9691663000,7244670,7243853,0,7243851,9692695000,7245488,7244671,0,7244669,1032000,818,792.64,false
9692695000,7245488,7244671,0,7244669,9693724000,7246306,7245489,0,7245487,1029000,818,794.95,false
9693724000,7246306,7245489,0,7245487,9694754000,7247201,7246307,0,7246305,1030000,818,794.17,true
9694754000,7247201,7246307,0,7246305,9695815000,7248096,7247202,0,7247200,1061000,895,843.54,true
9695815000,7248096,7247202,0,7247200,9696885000,7248914,7248097,0,7248095,1070000,895,836.45,true
9696885000,7248914,7248097,0,7248095,9697906000,7249734,7248915,0,7248913,1021000,818,801.18,true
9697906000,7249734,7248915,0,7248913,9698933000,7250554,7249735,0,7249733,1027000,820,798.44,false
9698933000,7250554,7249735,0,7249733,9699965000,7251374,7250555,0,7250553,1032000,820,794.57,false
9699965000,7251374,7250555,0,7250553,9700997000,7252194,7251375,0,7251373,1032000,820,794.57,false
9700997000,7252194,7251375,0,7251373,9702028000,7253014,7252195,0,7252193,1031000,820,795.34,false
9702028000,7253014,7252195,0,7252193,9703059000,7253834,7253015,0,7253013,1031000,820,795.34,false
9703059000,7253834,7253015,0,7253013,9704090000,7254654,7253835,0,7253833,1031000,820,795.34,false
9704090000,7254654,7253835,0,7253833,9705121000,7255474,7254655,0,7254653,1031000,820,795.34,false
9705121000,7255474,7254655,0,7254653,9706152000,7256294,7255475,0,7255473,1031000,820,795.34,false
9706152000,7256294,7255475,0,7255473,9707183000,7257114,7256295,0,7256293,1031000,820,795.34,false
9707183000,7257114,7256295,0,7256293,9708214000,7257934,7257115,0,7257113,1031000,820,795.34,false
9708214000,7257934,7257115,0,7257113,9709245000,7258754,7257935,0,7257933,1031000,820,795.34,false
9709245000,7258754,7257935,0,7257933,9710276000,7259574,7258755,0,7258753,1031000,820,795.34,false
9710276000,7259574,7258755,0,7258753,9711307000,7260394,7259575,0,7259573,1031000,820,795.34,false
9711307000,7260394,7259575,0,7259573,9712338000,7261214,7260395,0,7260393,1031000,820,795.34,false
9712338000,7261214,7260395,0,7260393,9713421000,7262034,7261215,0,7261213,1083000,820,757.16,false
9713421000,7262034,7261215,0,7261213,9714455000,7262854,7262035,0,7262033,1034000,820,793.04,false
9714455000,7262854,7262035,0,7262033,9715494000,7263674,7262855,0,7262853,1039000,820,789.22,false
9715494000,7263674,7262855,0,7262853,9716527000,7264494,7263675,0,7263673,1033000,820,793.80,false
9716527000,7264494,7263675,0,7263673,9717559000,7265314,7264495,0,7264493,1032000,820,794.57,false
9717604000,7265350,7264531,0,7264529,9718635000,7266170,7265351,0,7265349,1031000,820,795.34,false
9718635000,7266170,7265351,0,7265349,9719666000,7266990,7266171,0,7266169,1031000,820,795.34,false
9719666000,7266990,7266171,0,7266169,9720697000,7267906,7266991,0,7266989,1031000,820,795.34,true
9720697000,7267906,7266991,0,7266989,9721770000,7268822,7267907,0,7267905,1073000,916,853.68,true
9721770000,7268822,7267907,0,7267905,9722851000,7269642,7268823,0,7268821,1081000,916,847.36,true
9722851000,7269642,7268823,0,7268821,9723877000,7270460,7269643,0,7269641,1026000,820,799.22,true
9723877000,7270460,7269643,0,7269641,9724899000,7271278,7270461,0,7270459,1022000,818,800.39,false
9724899000,7271278,7270461,0,7270459,9725929000,7272096,7271279,0,7271277,1030000,818,794.17,false
9725929000,7272096,7271279,0,7271277,9726960000,7272914,7272097,0,7272095,1031000,818,793.40,false
9726960000,7272914,7272097,0,7272095,9727991000,7273732,7272915,0,7272913,1031000,818,793.40,false
9727991000,7273732,7272915,0,7272913,9729022000,7274550,7273733,0,7273731,1031000,818,793.40,false
9729022000,7274550,7273733,0,7273731,9730053000,7275368,7274551,0,7274549,1031000,818,793.40,false
9730053000,7275368,7274551,0,7274549,9731083000,7276186,7275369,0,7275367,1030000,818,794.17,false
9731083000,7276186,7275369,0,7275367,9732113000,7277004,7276187,0,7276185,1030000,818,794.17,false
9732113000,7277004,7276187,0,7276185,9733143000,7277822,7277005,0,7277003,1030000,818,794.17,false
9733143000,7277822,7277005,0,7277003,9734173000,7278640,7277823,0,7277821,1030000,818,794.17,false
9734173000,7278640,7277823,0,7277821,9735203000,7279458,7278641,0,7278639,1030000,818,794.17,false
9735203000,7279458,7278641,0,7278639,9736234000,7280276,7279459,0,7279457,1031000,818,793.40,false
9736234000,7280276,7279459,0,7279457,9737312000,7281094,7280277,0,7280275,1078000,818,758.81,false
9737312000,7281094,7280277,0,7280275,9738353000,7281912,7281095,0,7281093,1041000,818,785.78,false
9738353000,7281912,7281095,0,7281093,9739389000,7282730,7281913,0,7281911,1036000,818,789.58,false
9739389000,7282730,7281913,0,7281911,9740421000,7283548,7282731,0,7282729,1032000,818,792.64,false
9740421000,7283548,7282731,0,7282729,9741451000,7284366,7283549,0,7283547,1030000,818,794.17,false
9741451000,7284366,7283549,0,7283547,9742481000,7285184,7284367,0,7284365,1030000,818,794.17,false
9742481000,7285184,7284367,0,7284365,9743512000,7286002,7285185,0,7285183,1031000,818,793.40,false
9743534000,7286020,7285203,0,7285201,9744565000,7286838,7286021,0,7286019,1031000,818,793.40,false
9744565000,7286838,7286021,0,7286019,9745595000,7287656,7286839,0,7286837,1030000,818,794.17,false
9745595000,7287656,7286839,0,7286837,9746625000,7288570,7287657,0,7287655,1030000,818,794.17,true
9746625000,7288570,7287657,0,7287655,9747696000,7289484,7288571,0,7288569,1071000,914,853.41,true
9747696000,7289484,7288571,0,7288569,9748775000,7290302,7289485,0,7289483,1079000,914,847.08,true
9748775000,7290302,7289485,0,7289483,9749803000,7291118,7290303,0,7290301,1028000,818,795.72,true
9749803000,7291118,7290303,0,7290301,9750823000,7291934,7291119,0,7291117,1020000,816,800.00,false
9750823000,7291934,7291119,0,7291117,9751852000,7292750,7291935,0,7291933,1029000,816,793.00,false
9751852000,7292750,7291935,0,7291933,9752882000,7293566,7292751,0,7292749,1030000,816,792.23,false
9752882000,7293566,7292751,0,7292749,9753912000,7294382,7293567,0,7293565,1030000,816,792.23,false
9753912000,7294382,7293567,0,7293565,9754942000,7295198,7294383,0,7294381,1030000,816,792.23,false
9754942000,7295198,7294383,0,7294381,9755972000,7296014,7295199,0,7295197,1030000,816,792.23,false
9755972000,7296014,7295199,0,7295197,9757002000,7296830,7296015,0,7296013,1030000,816,792.23,false
9757002000,7296830,7296015,0,7296013,9758032000,7297646,7296831,0,7296829,1030000,816,792.23,false
9758032000,7297646,7296831,0,7296829,9759062000,7298462,7297647,0,7297645,1030000,816,792.23,false
9759062000,7298462,7297647,0,7297645,9760092000,7299278,7298463,0,7298461,1030000,816,792.23,false
9760092000,7299278,7298463,0,7298461,9761174000,7300094,7299279,0,7299277,1082000,816,754.16,false
9761174000,7300094,7299279,0,7299277,9762203000,7300910,7300095,0,7300093,1029000,816,793.00,false
9762203000,7300910,7300095,0,7300093,9763240000,7301726,7300911,0,7300909,1037000,816,786.89,false
9763240000,7301726,7300911,0,7300909,9764272000,7302542,7301727,0,7301725,1032000,816,790.70,false
9764272000,7302542,7301727,0,7301725,9765301000,7303358,7302543,0,7302541,1029000,816,793.00,false
9765301000,7303358,7302543,0,7302541,9766330000,7304174,7303359,0,7303357,1029000,816,793.00,false
9766330000,7304174,7303359,0,7303357,9767360000,7304990,7304175,0,7304173,1030000,816,792.23,false
9767360000,7304990,7304175,0,7304173,9768390000,7305806,7304991,0,7304989,1030000,816,792.23,false
9769389000,7306597,7305782,0,7305780,9770419000,7307413,7306598,0,7306596,1030000,816,792.23,false
9770419000,7307413,7306598,0,7306596,9771449000,7308229,7307414,0,7307412,1030000,816,792.23,false
9771449000,7308229,7307414,0,7307412,9772479000,7309137,7308230,0,7308228,1030000,816,792.23,true
9772479000,7309137,7308230,0,7308228,9773545000,7310045,7309138,0,7309136,1066000,908,851.78,true
9773545000,7310045,7309138,0,7309136,9774621000,7310861,7310046,0,7310044,1076000,908,843.87,true
9774621000,7310861,7310046,0,7310044,9775649000,7311676,7310862,0,7310860,1028000,816,793.77,true
9775649000,7311676,7310862,0,7310860,9776669000,7312491,7311677,0,7311675,1020000,815,799.02,false
9776669000,7312491,7311677,0,7311675,9777697000,7313306,7312492,0,7312490,1028000,815,792.80,false
9777697000,7313306,7312492,0,7312490,9778727000,7314121,7313307,0,7313305,1030000,815,791.26,false
9778727000,7314121,7313307,0,7313305,9779757000,7314936,7314122,0,7314120,1030000,815,791.26,false
9779757000,7314936,7314122,0,7314120,9780786000,7315751,7314937,0,7314935,1029000,815,792.03,false
9780786000,7315751,7314937,0,7314935,9781815000,7316566,7315752,0,7315750,1029000,815,792.03,false
9781815000,7316566,7315752,0,7315750,9782844000,7317381,7316567,0,7316565,1029000,815,792.03,false
9782844000,7317381,7316567,0,7316565,9783873000,7318196,7317382,0,7317380,1029000,815,792.03,false
9783873000,7318196,7317382,0,7317380,9784964000,7319011,7318197,0,7318195,1091000,815,747.02,false
9784964000,7319011,7318197,0,7318195,9785984000,7319826,7319012,0,7319010,1020000,815,799.02,false
9785984000,7319826,7319012,0,7319010,9787019000,7320641,7319827,0,7319825,1035000,815,787.44,false
9787019000,7320641,7319827,0,7319825,9788051000,7321456,7320642,0,7320640,1032000,815,789.73,false
9788051000,7321456,7320642,0,7320640,9789080000,7322271,7321457,0,7321455,1029000,815,792.03,false
9789080000,7322271,7321457,0,7321455,9790109000,7323086,7322272,0,7322270,1029000,815,792.03,false
9790109000,7323086,7322272,0,7322270,9791138000,7323901,7323087,0,7323085,1029000,815,792.03,false
9791138000,7323901,7323087,0,7323085,9792167000,7324716,7323902,0,7323900,1029000,815,792.03,false
9792167000,7324716,7323902,0,7323900,9793196000,7325531,7324717,0,7324715,1029000,815,792.03,false
9793196000,7325531,7324717,0,7324715,9794225000,7326346,7325532,0,7325530,1029000,815,792.03,false
9795233000,7327144,7326330,0,7326328,9796262000,7327959,7327145,0,7327143,1029000,815,792.03,false
9796262000,7327959,7327145,0,7327143,9797291000,7328774,7327960,0,7327958,1029000,815,792.03,false
9797291000,7328774,7327960,0,7327958,9798320000,7329681,7328775,0,7328773,1029000,815,792.03,true
9798320000,7329681,7328775,0,7328773,9799386000,7330588,7329682,0,7329680,1066000,907,850.84,true
9799386000,7330588,7329682,0,7329680,9800462000,7331403,7330589,0,7330587,1076000,907,842.94,true
9800462000,7331403,7330589,0,7330587,9801491000,7332217,7331404,0,7331402,1029000,815,792.03,true
9801491000,7332217,7331404,0,7331402,9802510000,7333031,7332218,0,7332216,1019000,814,798.82,false
9802510000,7333031,7332218,0,7332216,9803537000,7333845,7333032,0,7333030,1027000,814,792.60,false
9803537000,7333845,7333032,0,7333030,9804566000,7334659,7333846,0,7333844,1029000,814,791.06,false
9804566000,7334659,7333846,0,7333844,9805595000,7335473,7334660,0,7334658,1029000,814,791.06,false
9805595000,7335473,7334660,0,7334658,9806624000,7336287,7335474,0,7335472,1029000,814,791.06,false
9806624000,7336287,7335474,0,7335472,9807653000,7337101,7336288,0,7336286,1029000,814,791.06,false
9807653000,7337101,7336288,0,7336286,9808755000,7337915,7337102,0,7337100,1102000,814,738.66,false
9808755000,7337915,7337102,0,7337100,9809769000,7338729,7337916,0,7337914,1014000,814,802.76,false
9809769000,7338729,7337916,0,7337914,9810799000,7339543,7338730,0,7338728,1030000,814,790.29,false
9810799000,7339543,7338730,0,7338728,9811830000,7340357,7339544,0,7339542,1031000,814,789.52,false
9811830000,7340357,7339544,0,7339542,9812859000,7341171,7340358,0,7340356,1029000,814,791.06,false
9812859000,7341171,7340358,0,7340356,9813888000,7341985,7341172,0,7341170,1029000,814,791.06,false
9813888000,7341985,7341172,0,7341170,9814917000,7342799,7341986,0,7341984,1029000,814,791.06,false
9814917000,7342799,7341986,0,7341984,9815946000,7343613,7342800,0,7342798,1029000,814,791.06,false
9815946000,7343613,7342800,0,7342798,9816975000,7344427,7343614,0,7343612,1029000,814,791.06,false
9816975000,7344427,7343614,0,7343612,9818004000,7345241,7344428,0,7344426,1029000,814,791.06,false
9818004000,7345241,7344428,0,7344426,9819033000,7346055,7345242,0,7345240,1029000,814,791.06,false
9819033000,7346055,7345242,0,7345240,9820062000,7346869,7346056,0,7346054,1029000,814,791.06,false
9821030000,7347634,7346821,0,7346819,9822059000,7348448,7347635,0,7347633,1029000,814,791.06,false
9822059000,7348448,7347635,0,7347633,9823088000,7349262,7348449,0,7348447,1029000,814,791.06,false
9823088000,7349262,7348449,0,7348447,9824117000,7350168,7349263,0,7349261,1029000,814,791.06,true
9824117000,7350168,7349263,0,7349261,9825181000,7351074,7350169,0,7350167,1064000,906,851.50,true
9825181000,7351074,7350169,0,7350167,9826257000,7351888,7351075,0,7351073,1076000,906,842.01,true
9826257000,7351888,7351075,0,7351073,9827286000,7352701,7351889,0,7351887,1029000,814,791.06,true
9827286000,7352701,7351889,0,7351887,9828305000,7353514,7352702,0,7352700,1019000,813,797.84,false
9828305000,7353514,7352702,0,7352700,9829330000,7354327,7353515,0,7353513,1025000,813,793.17,false
9829330000,7354327,7353515,0,7353513,9830359000,7355140,7354328,0,7354326,1029000,813,790.09,false
9830359000,7355140,7354328,0,7354326,9831388000,7355953,7355141,0,7355139,1029000,813,790.09,false
9831388000,7355953,7355141,0,7355139,9832495000,7356766,7355954,0,7355952,1107000,813,734.42,false
9832495000,7356766,7355954,0,7355952,9833508000,7357579,7356767,0,7356765,1013000,813,802.57,false
9833508000,7357579,7356767,0,7356765,9834532000,7358392,7357580,0,7357578,1024000,813,793.95,false
9834532000,7358392,7357580,0,7357578,9835561000,7359205,7358393,0,7358391,1029000,813,790.09,false
9835561000,7359205,7358393,0,7358391,9836590000,7360018,7359206,0,7359204,1029000,813,790.09,false
9836590000,7360018,7359206,0,7359204,9837618000,7360831,7360019,0,7360017,1028000,813,790.86,false
9837618000,7360831,7360019,0,7360017,9838647000,7361644,7360832,0,7360830,1029000,813,790.09,false
9838647000,7361644,7360832,0,7360830,9839675000,7362457,7361645,0,7361643,1028000,813,790.86,false
9839675000,7362457,7361645,0,7361643,9840703000,7363270,7362458,0,7362456,1028000,813,790.86,false
9840703000,7363270,7362458,0,7362456,9841731000,7364083,7363271,0,7363269,1028000,813,790.86,false
9841731000,7364083,7363271,0,7363269,9842759000,7364896,7364084,0,7364082,1028000,813,790.86,false
9842759000,7364896,7364084,0,7364082,9843787000,7365709,7364897,0,7364895,1028000,813,790.86,false
9843787000,7365709,7364897,0,7364895,9844815000,7366522,7365710,0,7365708,1028000,813,790.86,false
9844815000,7366522,7365710,0,7365708,9845843000,7367335,7366523,0,7366521,1028000,813,790.86,false
9846789000,7368082,7367270,0,7367268,9847817000,7368895,7368083,0,7368081,1028000,813,790.86,false
9847817000,7368895,7368083,0,7368081,9848845000,7369708,7368896,0,7368894,1028000,813,790.86,false
9848845000,7369708,7368896,0,7368894,9849873000,7370610,7369709,0,7369707,1028000,813,790.86,true
9849873000,7370610,7369709,0,7369707,9850936000,7371512,7370611,0,7370609,1063000,902,848.54,true
9850936000,7371512,7370611,0,7370609,9852009000,7372325,7371513,0,7371511,1073000,902,840.63,true
9852009000,7372325,7371513,0,7371511,9853037000,7373138,7372326,0,7372324,1028000,813,790.86,true
9853037000,7373138,7372326,0,7372324,9854056000,7373951,7373139,0,7373137,1019000,813,797.84,false
9854056000,7373951,7373139,0,7373137,9855083000,7374764,7373952,0,7373950,1027000,813,791.63,false
9855083000,7374764,7373952,0,7373950,9856170000,7375577,7374765,0,7374763,1087000,813,747.93,false
9856170000,7375577,7374765,0,7374763,9857205000,7376390,7375578,0,7375576,1035000,813,785.51,false
9857205000,7376390,7375578,0,7375576,9858233000,7377203,7376391,0,7376389,1028000,813,790.86,false
9858233000,7377203,7376391,0,7376389,9859265000,7378016,7377204,0,7377202,1032000,813,787.79,false
9859265000,7378016,7377204,0,7377202,9860297000,7378829,7378017,0,7378015,1032000,813,787.79,false
9860297000,7378829,7378017,0,7378015,9861329000,7379642,7378830,0,7378828,1032000,813,787.79,false
9861329000,7379642,7378830,0,7378828,9862360000,7380455,7379643,0,7379641,1031000,813,788.55,false
9862360000,7380455,7379643,0,7379641,9863392000,7381268,7380456,0,7380454,1032000,813,787.79,false
9863392000,7381268,7380456,0,7380454,9864423000,7382081,7381269,0,7381267,1031000,813,788.55,false
9864423000,7382081,7381269,0,7381267,9865455000,7382894,7382082,0,7382080,1032000,813,787.79,false
9865455000,7382894,7382082,0,7382080,9866487000,7383707,7382895,0,7382893,1032000,813,787.79,false
9866487000,7383707,7382895,0,7382893,9867519000,7384520,7383708,0,7383706,1032000,813,787.79,false
9867519000,7384520,7383708,0,7383706,9868551000,7385333,7384521,0,7384519,1032000,813,787.79,false
9868551000,7385333,7384521,0,7384519,9869582000,7386146,7385334,0,7385332,1031000,813,788.55,false
9869582000,7386146,7385334,0,7385332,9870614000,7386959,7386147,0,7386145,1032000,813,787.79,false
9870614000,7386959,7386147,0,7386145,9871646000,7387772,7386960,0,7386958,1032000,813,787.79,false
9871646000,7387772,7386960,0,7386958,9872678000,7388585,7387773,0,7387771,1032000,813,787.79,false
9872706000,7388607,7387795,0,7387793,9873738000,7389420,7388608,0,7388606,1032000,813,787.79,false
9873738000,7389420,7388608,0,7388606,9874770000,7390233,7389421,0,7389419,1032000,813,787.79,false
9874770000,7390233,7389421,0,7389419,9875802000,7391144,7390234,0,7390232,1032000,813,787.79,true
9875802000,7391144,7390234,0,7390232,9876874000,7392055,7391145,0,7391143,1072000,911,849.81,true
9876874000,7392055,7391145,0,7391143,9877955000,7392868,7392056,0,7392054,1081000,911,842.74,true
9877955000,7392868,7392056,0,7392054,9879000000,7393678,7392869,0,7392867,1045000,813,777.99,true
9879000000,7393678,7392869,0,7392867,9880043000,7394488,7393679,0,7393677,1043000,810,776.61,false
9880043000,7394488,7393679,0,7393677,9881101000,7395298,7394489,0,7394487,1058000,810,765.60,false
9881101000,7395298,7394489,0,7394487,9882160000,7396108,7395299,0,7395297,1059000,810,764.87,false
9882160000,7396108,7395299,0,7395297,9883218000,7396918,7396109,0,7396107,1058000,810,765.60,false
9883218000,7396918,7396109,0,7396107,9884275000,7397728,7396919,0,7396917,1057000,810,766.32,false
9884275000,7397728,7396919,0,7396917,9885332000,7398538,7397729,0,7397727,1057000,810,766.32,false
9885332000,7398538,7397729,0,7397727,9886390000,7399348,7398539,0,7398537,1058000,810,765.60,false
9886390000,7399348,7398539,0,7398537,9887448000,7400158,7399349,0,7399347,1058000,810,765.60,false
9887448000,7400158,7399349,0,7399347,9888505000,7400968,7400159,0,7400157,1057000,810,766.32,false
9888505000,7400968,7400159,0,7400157,9889563000,7401778,7400969,0,7400967,1058000,810,765.60,false
9889563000,7401778,7400969,0,7400967,9890621000,7402588,7401779,0,7401777,1058000,810,765.60,false
9890621000,7402588,7401779,0,7401777,9891678000,7403398,7402589,0,7402587,1057000,810,766.32,false
9891678000,7403398,7402589,0,7402587,9892736000,7404208,7403399,0,7403397,1058000,810,765.60,false
9892736000,7404208,7403399,0,7403397,9893794000,7405018,7404209,0,7404207,1058000,810,765.60,false
9893794000,7405018,7404209,0,7404207,9894852000,7405828,7405019,0,7405017,1058000,810,765.60,false
9894852000,7405828,7405019,0,7405017,9895909000,7406638,7405829,0,7405827,1057000,810,766.32,false
9895909000,7406638,7405829,0,7405827,9896967000,7407448,7406639,0,7406637,1058000,810,765.60,false
9896967000,7407448,7406639,0,7406637,9898025000,7408258,7407449,0,7407447,1058000,810,765.60,false
9898025000,7408258,7407449,0,7407447,9899082000,7409068,7408259,0,7408257,1057000,810,766.32,false
9899082000,7409068,7408259,0,7408257,9900140000,7409878,7409069,0,7409067,1058000,810,765.60,false
9900321000,7410017,7409208,0,7409206,9901379000,7410827,7410018,0,7410016,1058000,810,765.60,false
9901379000,7410827,7410018,0,7410016,9902437000,7411637,7410828,0,7410826,1058000,810,765.60,false
9902437000,7411637,7410828,0,7410826,9903494000,7412622,7411638,0,7411636,1057000,810,766.32,true
9903494000,7412622,7411638,0,7411636,9904781000,7413607,7412623,0,7412621,1287000,985,765.35,true
9904781000,7413607,7412623,0,7412621,9905943000,7414417,7413608,0,7413606,1162000,985,847.68,true
9905943000,7414417,7413608,0,7413606,9906966000,7415218,7414418,0,7414416,1023000,810,791.79,true
9906966000,7415218,7414418,0,7414416,9907979000,7416019,7415219,0,7415217,1013000,801,790.72,false
9907979000,7416019,7415219,0,7415217,9909005000,7416820,7416020,0,7416018,1026000,801,780.70,false
9909005000,7416820,7416020,0,7416018,9910038000,7417621,7416821,0,7416819,1033000,801,775.41,false
9910038000,7417621,7416821,0,7416819,9911069000,7418422,7417622,0,7417620,1031000,801,776.92,false
9911069000,7418422,7417622,0,7417620,9912099000,7419223,7418423,0,7418421,1030000,801,777.67,false
9912099000,7419223,7418423,0,7418421,9913129000,7420024,7419224,0,7419222,1030000,801,777.67,false
9913129000,7420024,7419224,0,7419222,9914159000,7420825,7420025,0,7420023,1030000,801,777.67,false
9914159000,7420825,7420025,0,7420023,9915189000,7421626,7420826,0,7420824,1030000,801,777.67,false
9915189000,7421626,7420826,0,7420824,9916219000,7422427,7421627,0,7421625,1030000,801,777.67,false
9916219000,7422427,7421627,0,7421625,9917249000,7423228,7422428,0,7422426,1030000,801,777.67,false
9917249000,7423228,7422428,0,7422426,9918279000,7424029,7423229,0,7423227,1030000,801,777.67,false
9918279000,7424029,7423229,0,7423227,9919309000,7424830,7424030,0,7424028,1030000,801,777.67,false
9919309000,7424830,7424030,0,7424028,9920339000,7425631,7424831,0,7424829,1030000,801,777.67,false
9920339000,7425631,7424831,0,7424829,9921369000,7426432,7425632,0,7425630,1030000,801,777.67,false
9921369000,7426432,7425632,0,7425630,9922399000,7427233,7426433,0,7426431,1030000,801,777.67,false
9922399000,7427233,7426433,0,7426431,9923429000,7428034,7427234,0,7427232,1030000,801,777.67,false
9923429000,7428034,7427234,0,7427232,9924459000,7428835,7428035,0,7428033,1030000,801,777.67,false
9924459000,7428835,7428035,0,7428033,9925489000,7429636,7428836,0,7428834,1030000,801,777.67,false
9926443000,7430378,7429578,0,7429576,9927473000,7431179,7430379,0,7430377,1030000,801,777.67,false
9927473000,7431179,7430379,0,7430377,9928561000,7431980,7431180,0,7431178,1088000,801,736.21,false
9928561000,7431980,7431180,0,7431178,9929585000,7432875,7431981,0,7431979,1024000,801,782.23,true
9929585000,7432875,7431981,0,7431979,9930666000,7433770,7432876,0,7432874,1081000,895,827.94,true
9930666000,7433770,7432876,0,7432874,9931741000,7434571,7433771,0,7433769,1075000,895,832.56,true
9931741000,7434571,7433771,0,7433769,9932755000,7435374,7434572,0,7434570,1014000,801,789.94,true
9932755000,7435374,7434572,0,7434570,9933772000,7436177,7435375,0,7435373,1017000,803,789.58,false
9933772000,7436177,7435375,0,7435373,9934801000,7436980,7436178,0,7436176,1029000,803,780.37,false
9934801000,7436980,7436178,0,7436176,9935830000,7437783,7436981,0,7436979,1029000,803,780.37,false
9935830000,7437783,7436981,0,7436979,9936858000,7438586,7437784,0,7437782,1028000,803,781.13,false
9936858000,7438586,7437784,0,7437782,9937885000,7439389,7438587,0,7438585,1027000,803,781.89,false
9937885000,7439389,7438587,0,7438585,9938913000,7440192,7439390,0,7439388,1028000,803,781.13,false
9938913000,7440192,7439390,0,7439388,9939941000,7440995,7440193,0,7440191,1028000,803,781.13,false
9939941000,7440995,7440193,0,7440191,9940969000,7441798,7440996,0,7440994,1028000,803,781.13,false
9940969000,7441798,7440996,0,7440994,9941997000,7442601,7441799,0,7441797,1028000,803,781.13,false
9941997000,7442601,7441799,0,7441797,9943025000,7443404,7442602,0,7442600,1028000,803,781.13,false
9943025000,7443404,7442602,0,7442600,9944052000,7444207,7443405,0,7443403,1027000,803,781.89,false
9944052000,7444207,7443405,0,7443403,9945080000,7445010,7444208,0,7444206,1028000,803,781.13,false
9945080000,7445010,7444208,0,7444206,9946108000,7445813,7445011,0,7445009,1028000,803,781.13,false
9946108000,7445813,7445011,0,7445009,9947136000,7446616,7445814,0,7445812,1028000,803,781.13,false
9947136000,7446616,7445814,0,7445812,9948164000,7447419,7446617,0,7446615,1028000,803,781.13,false
9948164000,7447419,7446617,0,7446615,9949192000,7448222,7447420,0,7447418,1028000,803,781.13,false
9949192000,7448222,7447420,0,7447418,9950220000,7449025,7448223,0,7448221,1028000,803,781.13,false
9950220000,7449025,7448223,0,7448221,9951248000,7449828,7449026,0,7449024,1028000,803,781.13,false
9952037000,7450397,7449595,0,7449593,9953058000,7451200,7450398,0,7450396,1021000,803,786.48,false
9953058000,7451200,7450398,0,7450396,9954089000,7452003,7451201,0,7451199,1031000,803,778.86,false
9954089000,7452003,7451201,0,7451199,9955119000,7452838,7452004,0,7452002,1030000,803,779.61,true
9955119000,7452838,7452004,0,7452002,9956162000,7453673,7452839,0,7452837,1043000,835,800.58,true
9956162000,7453673,7452839,0,7452837,9957204000,7454476,7453674,0,7453672,1042000,835,801.34,true
9957204000,7454476,7453674,0,7453672,9958213000,7455290,7454477,0,7454475,1009000,803,795.84,true
9958213000,7455290,7454477,0,7454475,9959253000,7456104,7455291,0,7455289,1040000,814,782.69,false
9959253000,7456104,7455291,0,7455289,9960286000,7456918,7456105,0,7456103,1033000,814,788.00,false
9960286000,7456918,7456105,0,7456103,9961318000,7457732,7456919,0,7456917,1032000,814,788.76,false
9961318000,7457732,7456919,0,7456917,9962350000,7458546,7457733,0,7457731,1032000,814,788.76,false
9962350000,7458546,7457733,0,7457731,9963382000,7459360,7458547,0,7458545,1032000,814,788.76,false
9963382000,7459360,7458547,0,7458545,9964414000,7460174,7459361,0,7459359,1032000,814,788.76,false
9964414000,7460174,7459361,0,7459359,9965446000,7460988,7460175,0,7460173,1032000,814,788.76,false
9965446000,7460988,7460175,0,7460173,9966478000,7461802,7460989,0,7460987,1032000,814,788.76,false
9966478000,7461802,7460989,0,7460987,9967510000,7462616,7461803,0,7461801,1032000,814,788.76,false
9967510000,7462616,7461803,0,7461801,9968542000,7463430,7462617,0,7462615,1032000,814,788.76,false
9968542000,7463430,7462617,0,7462615,9969574000,7464244,7463431,0,7463429,1032000,814,788.76,false
9969574000,7464244,7463431,0,7463429,9970606000,7465058,7464245,0,7464243,1032000,814,788.76,false
9970606000,7465058,7464245,0,7464243,9971638000,7465872,7465059,0,7465057,1032000,814,788.76,false
9971638000,7465872,7465059,0,7465057,9972670000,7466686,7465873,0,7465871,1032000,814,788.76,false
9972670000,7466686,7465873,0,7465871,9973702000,7467500,7466687,0,7466685,1032000,814,788.76,false
9973702000,7467500,7466687,0,7466685,9974734000,7468314,7467501,0,7467499,1032000,814,788.76,false
9974734000,7468314,7467501,0,7467499,9975833000,7469128,7468315,0,7468313,1099000,814,740.67,false
9975833000,7469128,7468315,0,7468313,9976864000,7469942,7469129,0,7469127,1031000,814,789.52,false
9976864000,7469942,7469129,0,7469127,9977889000,7470756,7469943,0,7469941,1025000,814,794.15,false
9978148000,7470961,7470148,0,7470146,9979176000,7471775,7470962,0,7470960,1028000,814,791.83,false
9979176000,7471775,7470962,0,7470960,9980205000,7472589,7471776,0,7471774,1029000,814,791.06,false
9980205000,7472589,7471776,0,7471774,9981234000,7473489,7472590,0,7472588,1029000,814,791.06,true
9981234000,7473489,7472590,0,7472588,9982297000,7474389,7473490,0,7473488,1063000,900,846.66,true
9982297000,7474389,7473490,0,7473488,9983369000,7475203,7474390,0,7474388,1072000,900,839.55,true
9983369000,7475203,7474390,0,7474388,9984395000,7476018,7475204,0,7475202,1026000,814,793.37,true
9984395000,7476018,7475204,0,7475202,9985415000,7476833,7476019,0,7476017,1020000,815,799.02,false
9985415000,7476833,7476019,0,7476017,9986443000,7477648,7476834,0,7476832,1028000,815,792.80,false
9986443000,7477648,7476834,0,7476832,9987473000,7478463,7477649,0,7477647,1030000,815,791.26,false
9987473000,7478463,7477649,0,7477647,9988503000,7479278,7478464,0,7478462,1030000,815,791.26,false
9988503000,7479278,7478464,0,7478462,9989532000,7480093,7479279,0,7479277,1029000,815,792.03,false
9989532000,7480093,7479279,0,7479277,9990561000,7480908,7480094,0,7480092,1029000,815,792.03,false
9990561000,7480908,7480094,0,7480092,9991590000,7481723,7480909,0,7480907,1029000,815,792.03,false
9991590000,7481723,7480909,0,7480907,9992619000,7482538,7481724,0,7481722,1029000,815,792.03,false
9992619000,7482538,7481724,0,7481722,9993648000,7483353,7482539,0,7482537,1029000,815,792.03,false
9993648000,7483353,7482539,0,7482537,9994677000,7484168,7483354,0,7483352,1029000,815,792.03,false
9994677000,7484168,7483354,0,7483352,9995706000,7484983,7484169,0,7484167,1029000,815,792.03,false
9995706000,7484983,7484169,0,7484167,9996735000,7485798,7484984,0,7484982,1029000,815,792.03,false
9996735000,7485798,7484984,0,7484982,9997764000,7486613,7485799,0,7485797,1029000,815,792.03,false
9997764000,7486613,7485799,0,7485797,9998854000,7487428,7486614,0,7486612,1090000,815,747.71,false
9998854000,7487428,7486614,0,7486612,9999878000,7488243,7487429,0,7487427,1024000,815,795.90,false
