start_time,end_time,duration,min_qdel,max_qdel,communicated_flow_count,round_max_cruise_rate,latest_cruise_rate,cruise_happened,probe_happened,round_ended,cwnd
3472000,4494000,1022000,22000,22000,2.20,0.00,3.48,true,false,false,2.00
4494000,5516000,1022000,22000,22000,2.20,1.96,1.96,true,false,false,2.00
5516000,6538000,1022000,22000,22000,2.20,1.96,1.96,true,false,false,2.00
6538000,10793000,4255000,22000,22000,2.20,1.96,2.94,false,true,false,2.00
10793000,11815000,1022000,22000,22000,2.20,1.96,1.81,true,false,false,3.00
11815000,12837000,1022000,22000,22668,2.20,2.71,2.71,true,false,false,3.00
12837000,13859000,1022000,22000,22000,2.20,2.94,2.94,true,false,false,3.00
13859000,14881000,1022000,22000,22000,2.20,2.94,2.94,true,false,false,3.00
14881000,15903000,1022000,22000,22000,2.20,2.94,2.94,true,false,false,3.00
15903000,16925000,1022000,22000,22000,2.20,2.94,2.94,true,false,false,3.00
16925000,17947000,1022000,22000,22000,2.20,2.94,2.94,true,false,false,3.00
17947000,18969000,1022000,22000,22000,2.20,2.94,2.94,true,false,false,3.00
18969000,19991000,1022000,22000,22000,2.20,2.94,2.94,true,false,false,3.00
19991000,21013000,1022000,22000,22000,2.20,2.94,2.94,true,false,false,3.00
21013000,22035000,1022000,22000,22000,2.20,2.94,2.94,true,false,false,3.00
22035000,23057000,1022000,22000,22000,2.20,2.94,2.94,true,false,false,3.00
23057000,24167000,1110000,22000,110000,2.20,2.94,2.94,true,false,false,3.00
24167000,25177000,1010000,10000,111000,1.00,2.94,2.93,true,false,false,3.00
25177000,26187000,1010000,10000,10334,1.00,2.94,2.73,true,false,false,3.00
26187000,27197000,1010000,10000,10000,1.00,2.97,2.97,true,false,false,3.00
27197000,28207000,1010000,10000,10000,1.00,2.97,2.97,true,false,false,3.00
28207000,29217000,1010000,10000,10000,1.00,2.97,2.97,true,false,false,3.00
29217000,30227000,1010000,10000,10000,1.00,2.97,2.97,true,false,false,3.00
30227000,31237000,1010000,10000,10000,1.00,2.97,2.97,true,false,false,3.00
31237000,32247000,1010000,10000,10000,1.00,2.97,2.97,true,false,false,3.00
32247000,33257000,1010000,10000,10000,1.00,2.97,2.97,true,false,false,3.00
33257000,34267000,1010000,10000,10000,1.00,2.97,2.97,true,false,false,3.00
34267000,35277000,1010000,10000,10000,1.00,2.97,2.97,true,false,false,3.00
35277000,36287000,1010000,10000,10000,1.00,2.97,2.97,true,false,false,3.00
36287000,37297000,1010000,10000,10000,1.00,2.97,2.97,true,false,true,3.00
37297000,38307000,1010000,10000,10000,1.00,0.00,2.97,true,false,false,3.00
38307000,39317000,1010000,10000,10000,1.00,2.97,2.97,true,false,false,3.00
39317000,40327000,1010000,10000,10000,1.00,2.97,2.97,true,false,false,3.00
40327000,44532000,4205000,10000,10000,1.00,2.97,3.96,false,true,false,3.00
44532000,45542000,1010000,10000,50668,1.00,2.97,2.75,true,false,false,4.00
45542000,46552000,1010000,10000,10000,1.00,3.66,3.66,true,false,false,4.00
46552000,47562000,1010000,10000,10000,1.00,3.96,3.96,true,false,false,4.00
47562000,48572000,1010000,10000,10000,1.00,3.96,3.96,true,false,false,4.00
48572000,49582000,1010000,10000,10000,1.00,3.96,3.96,true,false,false,4.00
49582000,50592000,1010000,10000,10000,1.00,3.96,3.96,true,false,false,4.00
50592000,51602000,1010000,10000,10000,1.00,3.96,3.96,true,false,false,4.00
51602000,52612000,1010000,10000,10000,1.00,3.96,3.96,true,false,false,4.00
52612000,53622000,1010000,10000,10000,1.00,3.96,3.96,true,false,false,4.00
53622000,54632000,1010000,10000,10000,1.00,3.96,3.96,true,false,false,4.00
54632000,55642000,1010000,10000,10000,1.00,3.96,3.96,true,false,false,4.00
55642000,56652000,1010000,10000,10000,1.00,3.96,3.96,true,false,false,4.00
56652000,57662000,1010000,10000,10000,1.00,3.96,3.96,true,false,false,4.00
57662000,58672000,1010000,10000,10000,1.00,3.96,3.96,true,false,false,4.00
58672000,59682000,1010000,10000,10000,1.00,3.96,3.96,true,false,false,4.00
59682000,60692000,1010000,10000,10000,1.00,3.96,3.96,true,false,false,4.00
60692000,61702000,1010000,10000,10000,1.00,3.96,3.96,true,false,false,4.00
61702000,62712000,1010000,10000,10000,1.00,3.96,3.96,true,false,false,4.00
62712000,63722000,1010000,10000,10000,1.00,3.96,3.96,true,false,false,4.00
63722000,64732000,1010000,10000,10000,1.00,3.96,3.96,true,false,false,4.00
64732000,65782000,1050000,10000,50000,1.00,3.96,3.96,true,false,false,4.00
65782000,66792000,1010000,10000,50000,1.00,3.96,3.96,true,false,false,4.00
66792000,67802000,1010000,10000,10000,1.00,3.96,3.81,true,false,false,4.00
67802000,68812000,1010000,10000,10000,1.00,3.96,3.96,true,false,false,4.00
68812000,69822000,1010000,10000,10000,1.00,3.96,3.96,true,false,false,4.00
69822000,70832000,1010000,10000,10000,1.00,3.96,3.96,true,false,true,4.00
70832000,71842000,1010000,10000,10000,1.00,0.00,3.96,true,false,false,4.00
71842000,72852000,1010000,10000,10000,1.00,3.96,3.96,true,false,false,4.00
72852000,73862000,1010000,10000,10000,1.00,3.96,3.96,true,false,false,4.00
73862000,78005000,4143000,10000,10000,1.00,3.96,4.95,false,true,false,4.00
78005000,79015000,1010000,10000,10000,1.00,3.96,3.86,true,false,false,6.00
79015000,80025000,1010000,10000,11668,1.00,4.75,4.75,true,false,false,6.00
80025000,81035000,1010000,10000,11667,1.00,5.93,5.93,true,false,false,6.00
81035000,82045000,1010000,10000,11667,1.00,5.93,5.93,true,false,false,6.00
82045000,83055000,1010000,10000,11667,1.00,5.93,5.93,true,false,false,6.00
83055000,84065000,1010000,10000,11667,1.00,5.93,5.93,true,false,false,6.00
84065000,85075000,1010000,10000,11000,1.00,5.93,5.93,true,false,false,6.00
85075000,86125000,1050000,10000,50000,1.00,5.93,5.93,true,false,false,6.00
86125000,87135000,1010000,10000,51000,1.00,5.93,5.71,true,false,false,6.00
87135000,88145000,1010000,10000,11000,1.00,5.93,5.93,true,false,false,6.00
88145000,89155000,1010000,10000,11000,1.00,5.93,5.93,true,false,false,6.00
89155000,90165000,1010000,10000,11000,1.00,5.93,5.93,true,false,false,6.00
90165000,91175000,1010000,10000,11000,1.00,5.93,5.93,true,false,false,6.00
91175000,92185000,1010000,10000,11000,1.00,5.93,5.93,true,false,false,6.00
92185000,93195000,1010000,10000,11000,1.00,5.93,5.93,true,false,false,6.00
93195000,94205000,1010000,10000,11000,1.00,5.93,5.93,true,false,false,6.00
94205000,95215000,1010000,10000,11000,1.00,5.93,5.93,true,false,false,6.00
95215000,96225000,1010000,10000,11000,1.00,5.93,5.93,true,false,false,6.00
96225000,97235000,1010000,10000,11000,1.00,5.93,5.93,true,false,false,6.00
97235000,98245000,1010000,10000,11000,1.00,5.93,5.93,true,false,false,6.00
98245000,99255000,1010000,10000,11000,1.00,5.93,5.93,true,false,false,6.00
99255000,100265000,1010000,10000,11000,1.00,5.93,5.93,true,false,false,6.00
100265000,101275000,1010000,10000,11000,1.00,5.93,5.93,true,false,false,6.00
101275000,102285000,1010000,10000,11000,1.00,5.93,5.93,true,false,false,6.00
102285000,103295000,1010000,10000,11000,1.00,5.93,5.93,true,false,false,6.00
103295000,104305000,1010000,10000,11000,1.00,5.93,5.93,true,false,true,6.00
104305000,105315000,1010000,10000,11000,1.00,0.00,5.93,true,false,false,6.00
105315000,106325000,1010000,10000,11000,1.00,5.93,5.93,true,false,false,6.00
106325000,107375000,1050000,10000,51000,1.00,5.94,5.94,true,false,false,6.00
107375000,111490000,4115000,50000,50000,1.00,5.94,6.92,false,true,false,6.00
111490000,112500000,1010000,10000,11668,1.00,5.94,5.87,true,false,false,8.00
112500000,113510000,1010000,10000,11500,1.00,6.66,6.66,true,false,false,8.00
113510000,114520000,1010000,10000,11500,1.00,7.91,7.91,true,false,false,8.00
114520000,115530000,1010000,10000,11500,1.00,7.91,7.91,true,false,false,8.00
115530000,116540000,1010000,10000,11500,1.00,7.91,7.91,true,false,false,8.00
116540000,117550000,1010000,10000,11500,1.00,7.91,7.91,true,false,false,8.00
117550000,118560000,1010000,10000,11500,1.00,7.91,7.91,true,false,false,8.00
118560000,119570000,1010000,10000,11500,1.00,7.91,7.91,true,false,false,8.00
119570000,120580000,1010000,10000,11000,1.00,7.91,7.91,true,false,false,8.00
120580000,121590000,1010000,10000,11000,1.00,7.91,7.91,true,false,false,8.00
121590000,122600000,1010000,10000,11000,1.00,7.91,7.91,true,false,false,8.00
122600000,123610000,1010000,10000,11000,1.00,7.91,7.91,true,false,false,8.00
123610000,124620000,1010000,10000,11000,1.00,7.91,7.91,true,false,false,8.00
124620000,125630000,1010000,10000,11000,1.00,7.91,7.91,true,false,false,8.00
125630000,126640000,1010000,10000,11000,1.00,7.91,7.91,true,false,false,8.00
126640000,127690000,1050000,10000,50000,1.00,7.91,7.91,true,false,false,8.00
127690000,128700000,1010000,10000,52000,1.00,7.91,7.60,true,false,false,8.00
128700000,129710000,1010000,10000,11000,1.00,7.91,7.91,true,false,false,8.00
129710000,130720000,1010000,10000,11000,1.00,7.91,7.91,true,false,false,8.00
130720000,131730000,1010000,10000,11000,1.00,7.91,7.91,true,false,false,8.00
131730000,132740000,1010000,10000,11000,1.00,7.91,7.91,true,false,false,8.00
132740000,133750000,1010000,10000,11000,1.00,7.91,7.91,true,false,false,8.00
133750000,134760000,1010000,10000,11000,1.00,7.91,7.91,true,false,false,8.00
134760000,135770000,1010000,10000,11000,1.00,7.91,7.91,true,false,false,8.00
135770000,136780000,1010000,10000,11000,1.00,7.91,7.91,true,false,false,8.00
136780000,137790000,1010000,10000,11000,1.00,7.91,7.91,true,false,true,8.00
137790000,138800000,1010000,10000,11000,1.00,0.00,7.91,true,false,false,8.00
138800000,139810000,1010000,10000,11000,1.00,7.91,7.91,true,false,false,8.00
139810000,140820000,1010000,10000,11000,1.00,7.91,7.91,true,false,false,8.00
140820000,144919000,4099000,10000,10000,1.00,7.91,8.90,false,true,false,8.00
144919000,145929000,1010000,10000,11500,1.00,7.91,7.86,true,false,false,11.00
145929000,146939000,1010000,10000,12914,1.00,8.66,8.66,true,false,false,11.00
146939000,147949000,1010000,10000,12546,1.00,10.87,10.87,true,false,false,11.00
147949000,148999000,1050000,10000,52546,1.00,10.87,10.87,true,false,false,11.00
148999000,150009000,1010000,10000,51000,1.00,10.87,10.71,true,false,false,11.00
150009000,151019000,1010000,10000,12730,1.00,10.87,10.64,true,false,false,11.00
151019000,152029000,1010000,10000,12546,1.00,10.87,10.87,true,false,false,11.00
152029000,153039000,1010000,10000,12546,1.00,10.87,10.87,true,false,false,11.00
153039000,154049000,1010000,10000,12546,1.00,10.87,10.87,true,false,false,11.00
154049000,155059000,1010000,10000,12546,1.00,10.87,10.87,true,false,false,11.00
155059000,156069000,1010000,10000,12546,1.00,10.87,10.87,true,false,false,11.00
156069000,157079000,1010000,10000,12000,1.00,10.87,10.87,true,false,false,11.00
157079000,158089000,1010000,10000,12000,1.00,10.87,10.87,true,false,false,11.00
158089000,159099000,1010000,10000,12000,1.00,10.88,10.88,true,false,false,11.00
159099000,160109000,1010000,10000,12000,1.00,10.88,10.88,true,false,false,11.00
160109000,161119000,1010000,10000,12000,1.00,10.88,10.88,true,false,false,11.00
161119000,162129000,1010000,10000,12000,1.00,10.88,10.88,true,false,false,11.00
162129000,163139000,1010000,10000,12000,1.00,10.88,10.88,true,false,false,11.00
163139000,164149000,1010000,10000,12000,1.00,10.88,10.88,true,false,false,11.00
164149000,165159000,1010000,10000,12000,1.00,10.88,10.88,true,false,false,11.00
165159000,166169000,1010000,10000,12000,1.00,10.88,10.88,true,false,false,11.00
166169000,167179000,1010000,10000,12000,1.00,10.88,10.88,true,false,false,11.00
167179000,168189000,1010000,10000,12000,1.00,10.88,10.88,true,false,false,11.00
168189000,169239000,1050000,10000,50000,1.00,10.88,10.88,true,false,false,11.00
169239000,170249000,1010000,10000,53000,1.00,10.88,10.46,true,false,false,11.00
170249000,171259000,1010000,10000,12000,1.00,10.88,10.88,true,false,true,11.00
171259000,172269000,1010000,10000,12000,1.00,0.00,10.88,true,false,false,11.00
172269000,173279000,1010000,10000,12000,1.00,10.88,10.88,true,false,false,11.00
173279000,174289000,1010000,10000,12000,1.00,10.88,10.88,true,false,false,11.00
174289000,178329000,4040000,10000,10000,1.00,10.88,11.86,false,true,false,11.00
178329000,179339000,1010000,10000,12638,1.00,10.88,10.86,true,false,false,15.00
179339000,180349000,1010000,10000,13671,1.00,11.76,11.76,true,false,false,15.00
180349000,181359000,1010000,10000,13667,1.00,14.81,14.81,true,false,false,15.00
181359000,182369000,1010000,10000,13667,1.00,14.81,14.81,true,false,false,15.00
182369000,183379000,1010000,10000,13667,1.00,14.81,14.81,true,false,false,15.00
183379000,184389000,1010000,10000,13667,1.00,14.82,14.82,true,false,false,15.00
184389000,185399000,1010000,10000,13667,1.00,14.82,14.82,true,false,false,15.00
185399000,186409000,1010000,10000,13667,1.00,14.82,14.82,true,false,false,15.00
186409000,187419000,1010000,10000,13667,1.00,14.82,14.82,true,false,false,15.00
187419000,188429000,1010000,10000,13667,1.00,14.82,14.82,true,false,false,15.00
188429000,189439000,1010000,10000,13667,1.00,14.82,14.82,true,false,false,15.00
189439000,190489000,1050000,10000,50000,1.00,14.82,14.82,true,false,false,15.00
190489000,191499000,1010000,10000,54000,1.00,14.82,14.25,true,false,false,15.00
191499000,192509000,1010000,10000,13667,1.00,14.82,14.82,true,false,false,15.00
192509000,193519000,1010000,10000,13667,1.00,14.82,14.82,true,false,false,15.00
193519000,194529000,1010000,10000,13667,1.00,14.82,14.82,true,false,false,15.00
194529000,195539000,1010000,10000,13000,1.00,14.82,14.82,true,false,false,15.00
195539000,196549000,1010000,10000,13000,1.00,14.82,14.82,true,false,false,15.00
196549000,197559000,1010000,10000,13000,1.00,14.82,14.82,true,false,false,15.00
197559000,198569000,1010000,10000,13000,1.00,14.82,14.82,true,false,false,15.00
198569000,199579000,1010000,10000,13000,1.00,14.82,14.82,true,false,false,15.00
199579000,200589000,1010000,10000,13000,1.00,14.82,14.82,true,false,false,15.00
200589000,201599000,1010000,10000,13000,1.00,14.82,14.82,true,false,false,15.00
201599000,202609000,1010000,10000,13000,1.00,14.82,14.82,true,false,false,15.00
202609000,203619000,1010000,10000,13000,1.00,14.82,14.82,true,false,false,15.00
203619000,204629000,1010000,10000,13000,1.00,14.82,14.82,true,false,true,15.00
204629000,205639000,1010000,10000,13000,1.00,0.00,14.82,true,false,false,15.00
205639000,206649000,1010000,10000,13000,1.00,14.84,14.84,true,false,false,15.00
206649000,207659000,1010000,10000,13000,1.00,14.84,14.84,true,false,false,15.00
207659000,211300000,3641000,10000,10000,1.00,14.84,15.81,false,true,false,15.00
211300000,212171000,871000,11000,53000,1.00,14.84,14.26,true,false,false,20.00
212171000,212878000,707000,10000,14000,1.00,19.76,19.76,true,false,false,20.00
212878000,213759000,881000,10000,14000,1.00,19.76,19.76,true,false,false,20.00
213759000,214467000,708000,10000,14000,1.00,19.76,19.76,true,false,false,20.00
214467000,215207000,740000,10000,14000,1.00,19.76,19.76,true,false,false,20.00
215207000,215914000,707000,10000,14000,1.00,19.76,19.76,true,false,false,20.00
215914000,216789000,875000,10000,14000,1.00,19.76,19.76,true,false,false,20.00
216789000,217484000,695000,10000,14000,1.00,19.76,19.76,true,false,false,20.00
217484000,218243000,759000,10000,14000,1.00,19.76,19.76,true,false,false,20.00
218243000,218950000,707000,10000,14000,1.00,19.76,19.76,true,false,false,20.00
218950000,219819000,869000,10000,13000,1.00,19.76,19.76,true,false,false,20.00
219819000,220524000,705000,10000,13000,1.00,19.76,19.76,true,false,false,20.00
220524000,221214000,690000,10000,13000,1.00,19.76,19.76,true,false,false,20.00
221214000,221930000,716000,10000,13000,1.00,19.76,19.76,true,false,false,20.00
221930000,222849000,919000,10000,13000,1.00,19.76,19.76,true,false,false,20.00
222849000,223563000,714000,10000,13000,1.00,19.76,19.76,true,false,false,20.00
223563000,224253000,690000,10000,13000,1.00,19.76,19.76,true,false,false,20.00
224253000,224966000,713000,10000,13000,1.00,19.76,19.76,true,false,false,20.00
224966000,225879000,913000,10000,13000,1.00,19.76,19.76,true,false,false,20.00
225879000,226570000,691000,10000,13000,1.00,19.76,19.76,true,false,false,20.00
226570000,227292000,722000,10000,13000,1.00,19.76,19.76,true,false,false,20.00
227292000,228002000,710000,10000,13000,1.00,19.76,19.76,true,false,false,20.00
228002000,228909000,907000,10000,13000,1.00,19.76,19.76,true,false,false,20.00
228909000,229609000,700000,10000,13000,1.00,19.76,19.76,true,false,false,20.00
229609000,230331000,722000,10000,13000,1.00,19.76,19.76,true,false,false,20.00
230331000,231038000,707000,10000,13000,1.00,19.76,19.76,true,false,true,20.00
231038000,231939000,901000,10000,13000,1.00,0.00,19.76,true,false,false,20.00
231939000,232949000,1010000,10000,55000,1.00,19.36,19.36,true,false,false,20.00
232949000,233656000,707000,10000,13000,1.00,19.78,19.78,true,false,false,20.00
233656000,237262000,3606000,12000,12000,1.00,19.78,20.77,false,true,false,20.00
237262000,237999000,737000,10000,14000,1.00,19.78,20.77,true,false,false,26.00
237999000,238716000,717000,10000,16470,1.00,19.78,19.78,true,false,false,26.00
238716000,239428000,712000,10000,15770,1.00,25.72,25.72,true,false,false,26.00
239428000,240138000,710000,10000,15770,1.00,25.72,25.72,true,false,false,26.00
240138000,240856000,718000,11000,15770,1.00,25.72,25.72,true,false,false,26.00
240856000,241572000,716000,10000,15770,1.00,25.72,25.72,true,false,false,26.00
241572000,242317000,745000,10000,15000,1.00,25.72,25.72,true,false,false,26.00
242317000,243049000,732000,10000,15770,1.00,25.72,25.72,true,false,false,26.00
243049000,243750000,701000,10000,15770,1.00,25.72,25.72,true,false,false,26.00
243750000,244461000,711000,10000,14000,1.00,25.72,25.72,true,false,false,26.00
244461000,245193000,732000,10000,15770,1.00,25.72,25.72,true,false,false,26.00
245193000,245895000,702000,11000,15000,1.00,25.72,25.72,true,false,false,26.00
245895000,246594000,699000,10000,15000,1.00,25.72,25.72,true,false,false,26.00
246594000,247292000,698000,10000,15000,1.00,25.72,25.72,true,false,false,26.00
247292000,248099000,807000,10000,15000,1.00,25.72,25.72,true,false,false,26.00
248099000,248814000,715000,10000,15000,1.00,25.72,25.72,true,false,false,26.00
248814000,249507000,693000,10000,14000,1.00,25.72,25.72,true,false,false,26.00
249507000,250248000,741000,10000,15000,1.00,25.72,25.72,true,false,false,26.00
250248000,250960000,712000,11000,15000,1.00,25.72,25.72,true,false,false,26.00
250960000,251669000,709000,10000,15000,1.00,25.72,25.72,true,false,false,26.00
251669000,252427000,758000,10000,15000,1.00,25.72,25.72,true,false,false,26.00
252427000,253149000,722000,10000,15000,1.00,25.72,25.72,true,false,false,26.00
253149000,253985000,836000,10000,61000,1.00,25.72,24.62,true,false,false,26.00
253985000,254834000,849000,10000,58000,1.00,25.72,25.72,true,false,false,26.00
254834000,255537000,703000,10000,14770,1.00,25.72,25.72,true,false,false,26.00
255537000,256300000,763000,10000,15000,1.00,25.72,25.72,true,false,true,26.00
256300000,257024000,724000,10000,14000,1.10,0.00,25.72,true,false,false,26.00
257024000,257731000,707000,10000,14000,1.00,25.72,25.72,true,false,false,26.00
257731000,258458000,727000,10000,14000,1.00,25.72,25.72,true,false,false,26.00
258458000,262053000,3595000,11000,11000,1.00,25.72,27.70,false,true,false,26.00
262053000,262749000,696000,11000,14000,1.00,25.72,25.72,true,false,false,29.00
262749000,263513000,764000,11000,16554,1.00,28.68,28.68,true,false,false,29.00
263513000,264277000,764000,11000,16759,1.00,28.68,28.68,true,false,false,29.00
264277000,264974000,697000,11000,14000,1.00,28.68,28.68,true,false,false,29.00
264974000,265690000,716000,11000,16000,1.00,28.68,28.68,true,false,false,29.00
265690000,266405000,715000,11000,15000,1.00,28.68,28.68,true,false,false,29.00
266405000,267110000,705000,11000,14000,1.00,28.68,28.68,true,false,false,29.00
267110000,267814000,704000,11000,15000,1.00,28.68,28.68,true,false,false,29.00
267814000,268568000,754000,11000,15000,1.00,28.68,28.68,true,false,false,29.00
268568000,269264000,696000,11000,15000,1.00,28.68,28.68,true,false,false,29.00
269264000,269969000,705000,11000,15000,1.00,28.68,28.68,true,false,false,29.00
269969000,270693000,724000,11000,15000,1.00,28.68,28.68,true,false,false,29.00
270693000,271460000,767000,11000,15000,1.00,28.68,28.68,true,false,false,29.00
271460000,272170000,710000,11000,14000,1.00,28.68,28.68,true,false,false,29.00
272170000,272879000,709000,11000,14000,1.00,28.68,28.68,true,false,false,29.00
272879000,273623000,744000,11000,14000,1.00,28.68,28.68,true,false,false,29.00
273623000,274316000,693000,11000,14000,1.00,28.68,28.68,true,false,false,29.00
274316000,275148000,832000,14000,60000,1.00,28.68,27.46,true,false,false,29.00
275148000,275963000,815000,11000,48000,1.00,28.68,28.68,true,false,false,29.00
275963000,276701000,738000,11000,15759,1.00,28.68,28.68,true,false,false,29.00
276701000,277438000,737000,11000,15759,1.00,28.68,28.68,true,false,false,29.00
277438000,278149000,711000,11000,14000,1.00,28.68,28.68,true,false,false,29.00
278149000,278872000,723000,11000,15000,1.00,28.68,28.68,true,false,false,29.00
278872000,279593000,721000,11000,15000,1.00,28.68,28.68,true,false,false,29.00
279593000,280299000,706000,11000,15000,1.00,28.68,28.68,true,false,false,29.00
280299000,281000000,701000,11000,14000,1.00,28.68,28.68,true,false,true,29.00
281000000,281756000,756000,11000,15000,1.10,0.00,28.68,true,false,false,29.00
281756000,282461000,705000,11000,14000,1.10,28.63,28.63,true,false,false,29.00
282461000,283168000,707000,11000,14000,1.10,28.63,28.63,true,false,false,29.00
283168000,286844000,3676000,13000,13000,1.10,28.63,30.63,false,true,false,29.00
286844000,287568000,724000,10000,16000,1.10,28.63,28.66,true,false,false,38.00
287568000,288290000,722000,10000,18959,1.00,37.44,37.44,true,false,false,38.00
288290000,288999000,709000,10000,17843,1.00,37.44,37.44,true,false,false,38.00
288999000,289874000,875000,10000,18686,1.00,37.44,37.44,true,false,false,38.00
289874000,290607000,733000,10000,18529,1.00,37.44,37.44,true,false,false,38.00
290607000,291315000,708000,10000,17843,1.00,37.44,37.44,true,false,false,38.00
291315000,292020000,705000,10000,16000,1.00,37.44,37.44,true,false,false,38.00
292020000,292741000,721000,12000,17843,1.00,37.44,37.40,true,false,false,38.00
292741000,293443000,702000,10000,17000,1.00,37.44,37.40,true,false,false,38.00
293443000,294165000,722000,10000,17000,1.00,37.44,37.40,true,false,false,38.00
294165000,294924000,759000,10000,17000,1.00,37.44,37.40,true,false,false,38.00
294924000,295754000,830000,10000,55000,1.00,37.44,37.40,true,false,false,38.00
295754000,296586000,832000,15000,59000,1.00,37.44,35.92,true,false,false,38.00
296586000,297303000,717000,11000,18000,1.00,37.44,37.36,true,false,false,38.00
297303000,298021000,718000,11000,18000,1.00,37.44,37.36,true,false,false,38.00
298021000,298725000,704000,12000,18000,1.00,37.44,37.36,true,false,false,38.00
298725000,299436000,711000,11000,18000,1.00,37.44,37.36,true,false,false,38.00
299436000,300146000,710000,11000,18000,1.00,37.44,37.36,true,false,false,38.00
300146000,300883000,737000,13000,18000,1.00,37.44,37.36,true,false,false,38.00
300883000,301601000,718000,11000,17000,1.00,37.44,37.36,true,false,false,38.00
301601000,302304000,703000,11000,17000,1.00,37.44,37.36,true,false,false,38.00
302304000,303051000,747000,11000,17000,1.00,37.44,37.36,true,false,false,38.00
303051000,303767000,716000,11000,17000,1.00,37.44,37.40,true,false,false,38.00
303767000,304487000,720000,11000,17000,1.00,37.44,37.40,true,false,false,38.00
304487000,305195000,708000,11000,17000,1.00,37.44,37.40,true,false,false,38.00
305195000,305948000,753000,13000,17000,1.00,37.44,37.40,true,false,true,38.00
305948000,306661000,713000,11000,17000,1.10,0.00,37.40,true,false,false,38.00
306661000,307370000,709000,11000,17000,1.10,37.59,37.59,true,false,false,38.00
307370000,308106000,736000,11000,17000,1.10,37.59,37.59,true,false,false,38.00
308106000,311684000,3578000,11000,11000,1.10,37.59,39.56,false,true,false,38.00
311684000,312388000,704000,11000,16000,1.10,37.59,37.59,true,false,false,50.00
312388000,313161000,773000,11000,23000,1.10,49.46,49.46,true,false,false,50.00
313161000,313878000,717000,11000,22000,1.10,49.46,49.46,true,false,false,50.00
313878000,314599000,721000,11000,22000,1.10,49.46,49.46,true,false,false,50.00
314599000,315316000,717000,11000,22000,1.10,49.46,49.46,true,false,false,50.00
315316000,316050000,734000,14000,22000,1.10,49.46,49.46,true,false,false,50.00
316050000,316759000,709000,12000,18000,1.10,49.46,49.41,true,false,false,50.00
316759000,317616000,857000,15000,68000,1.10,49.46,47.17,true,false,false,50.00
317616000,318484000,868000,11000,66000,1.10,49.46,49.46,true,false,false,50.00
318484000,319277000,793000,11000,21000,1.10,49.46,49.46,true,false,false,50.00
319277000,319997000,720000,11000,21000,1.10,49.46,49.46,true,false,false,50.00
319997000,320723000,726000,11000,21000,1.10,49.46,49.46,true,false,false,50.00
320723000,321445000,722000,11000,21000,1.10,49.46,49.46,true,false,false,50.00
321445000,322169000,724000,13000,20000,1.10,49.46,49.46,true,false,false,50.00
322169000,322887000,718000,11000,17000,1.10,49.46,49.46,true,false,false,50.00
322887000,323620000,733000,11000,20000,1.10,49.46,49.46,true,false,false,50.00
323620000,324333000,713000,12000,20000,1.10,49.46,49.41,true,false,false,50.00
324333000,325037000,704000,12000,18000,1.10,49.46,49.41,true,false,false,50.00
325037000,325758000,721000,12000,20000,1.10,49.46,49.41,true,false,false,50.00
325758000,326478000,720000,12000,20000,1.10,49.46,49.41,true,false,false,50.00
326478000,327188000,710000,13000,20000,1.10,49.46,49.41,true,false,false,50.00
327188000,327910000,722000,12000,20000,1.10,49.46,49.36,true,false,false,50.00
327910000,328644000,734000,12000,20000,1.10,49.46,49.36,true,false,false,50.00
328644000,329396000,752000,13000,20000,1.10,49.46,49.36,true,false,false,50.00
329396000,330110000,714000,13000,17000,1.10,49.46,49.36,true,false,false,50.00
330110000,330833000,723000,13000,19000,1.10,49.46,49.31,true,false,true,50.00
330833000,331543000,710000,13000,19000,1.30,0.00,49.31,true,false,false,50.00
331543000,332247000,704000,13000,18000,1.30,49.26,49.26,true,false,false,50.00
332247000,332970000,723000,13000,19000,1.30,49.31,49.31,true,false,false,50.00
332970000,336607000,3637000,15000,15000,1.30,49.31,52.27,false,true,false,50.00
336607000,337312000,705000,11000,18000,1.10,49.31,49.31,true,false,false,55.00
337312000,338016000,704000,11000,18000,1.10,54.24,54.24,true,false,false,55.00
338016000,338910000,894000,15000,75000,1.10,54.24,54.24,true,false,false,55.00
338910000,339791000,881000,7000,77000,0.70,54.24,51.31,true,false,false,55.00
339791000,340500000,709000,11000,19010,0.70,54.40,54.40,true,false,false,55.00
340500000,341226000,726000,7000,19010,0.70,54.40,54.40,true,false,false,55.00
341226000,341943000,717000,7000,18910,0.70,54.40,54.40,true,false,false,55.00
341943000,342712000,769000,7000,18910,0.70,54.40,54.40,true,false,false,55.00
342712000,343405000,693000,7000,14000,0.70,54.40,54.40,true,false,false,55.00
343405000,344128000,723000,7000,18000,0.70,54.40,54.40,true,false,false,55.00
344128000,344843000,715000,8000,17000,0.70,54.40,54.40,true,false,false,55.00
344843000,345544000,701000,11000,16000,0.70,54.40,54.40,true,false,false,55.00
345544000,346258000,714000,8000,17000,0.70,54.40,54.40,true,false,false,55.00
346258000,346960000,702000,8000,17000,0.70,54.40,54.40,true,false,false,55.00
346960000,347669000,709000,11000,16000,0.70,54.40,54.40,true,false,false,55.00
347669000,348369000,700000,9000,16000,0.70,54.40,54.40,true,false,false,55.00
348369000,349076000,707000,9000,16000,0.70,54.40,54.40,true,false,false,55.00
349076000,349788000,712000,10000,16000,0.70,54.40,54.35,true,false,false,55.00
349788000,350491000,703000,10000,14000,0.70,54.40,54.35,true,false,false,55.00
350491000,351212000,721000,10000,16000,0.70,54.40,54.35,true,false,false,55.00
351212000,351913000,701000,10000,16000,0.70,54.40,54.35,true,false,false,55.00
351913000,352615000,702000,12000,15000,0.70,54.40,54.35,true,false,false,55.00
352615000,353326000,711000,10000,16000,0.70,54.40,54.35,true,false,false,55.00
353326000,354025000,699000,11000,16000,0.70,54.40,54.35,true,false,false,55.00
354025000,354720000,695000,12000,15000,0.70,54.40,54.35,true,false,false,55.00
354720000,355427000,707000,11000,16000,0.70,54.40,54.35,true,false,true,55.00
355427000,356135000,708000,11000,15000,1.10,0.00,54.35,true,false,false,55.00
356135000,356852000,717000,12000,15000,1.10,54.29,54.29,true,false,false,55.00
356852000,357548000,696000,11000,13000,1.10,54.29,54.29,true,false,false,55.00
357548000,361172000,3624000,13000,13000,1.10,54.29,54.67,false,true,false,55.00
361172000,361880000,708000,8000,18920,0.80,54.29,54.40,true,false,false,72.00
361880000,362613000,733000,8000,22344,0.80,71.22,71.22,true,false,false,72.00
362613000,363324000,711000,8000,19000,0.80,71.22,71.22,true,false,false,72.00
363324000,364045000,721000,10000,21000,0.80,71.22,71.15,true,false,false,72.00
364045000,364765000,720000,8000,20000,0.80,71.22,71.15,true,false,false,72.00
364765000,365483000,718000,8000,20000,0.80,71.22,71.15,true,false,false,72.00
365483000,366212000,729000,8000,17000,0.80,71.22,71.15,true,false,false,72.00
366212000,366922000,710000,8000,20000,0.80,71.22,71.08,true,false,false,72.00
366922000,367639000,717000,9000,19000,0.80,71.22,71.08,true,false,false,72.00
367639000,368340000,701000,9000,16000,0.80,71.22,71.08,true,false,false,72.00
368340000,369058000,718000,12000,19000,0.80,71.22,71.08,true,false,false,72.00
369058000,369764000,706000,9000,18000,0.80,71.22,71.08,true,false,false,72.00
369764000,370469000,705000,9000,17000,0.80,71.22,71.08,true,false,false,72.00
370469000,371175000,706000,11000,18000,0.80,71.22,71.01,true,false,false,72.00
371175000,371888000,713000,9000,17000,0.80,71.22,71.01,true,false,false,72.00
371888000,372599000,711000,9000,17000,0.80,71.22,71.01,true,false,false,72.00
372599000,373301000,702000,9000,16000,0.80,71.22,71.01,true,false,false,72.00
373301000,374010000,709000,10000,17000,0.80,71.22,71.01,true,false,false,72.00
374010000,374722000,712000,9000,16000,0.80,71.22,71.01,true,false,false,72.00
374722000,375420000,698000,9000,16000,0.80,71.22,71.01,true,false,false,72.00
375420000,376128000,708000,13000,16000,0.80,71.22,70.94,true,false,false,72.00
376128000,376837000,709000,9000,16000,0.80,71.22,70.94,true,false,false,72.00
376837000,377543000,706000,9000,15000,0.80,71.22,70.94,true,false,false,72.00
377543000,378258000,715000,12000,16000,0.80,71.22,70.94,true,false,false,72.00
378258000,378961000,703000,9000,16000,0.80,71.22,70.94,true,false,false,72.00
378961000,379662000,701000,10000,15000,0.80,71.22,70.94,true,false,true,72.00
379662000,380372000,710000,10000,16000,1.00,0.00,70.94,true,false,false,72.00
380372000,381077000,705000,11000,16000,1.00,70.94,70.94,true,false,false,72.00
381077000,381928000,851000,14000,66000,1.00,70.94,67.61,true,false,false,72.00
381928000,385540000,3612000,65000,65000,1.00,70.94,73.96,false,true,false,72.00
385540000,386250000,710000,7000,17000,0.70,70.94,71.01,true,false,false,94.00
386250000,386985000,735000,7000,26792,0.70,92.25,92.25,true,false,false,94.00
386985000,387705000,720000,7000,22681,0.70,92.25,92.25,true,false,false,94.00
387705000,388453000,748000,9000,25681,0.70,92.25,92.25,true,false,false,94.00
388453000,389176000,723000,7000,24000,0.70,92.25,92.16,true,false,false,94.00
389176000,389897000,721000,8000,23000,0.70,92.25,92.16,true,false,false,94.00
389897000,390605000,708000,8000,19000,0.70,92.25,92.16,true,false,false,94.00
390605000,391329000,724000,9000,23000,0.70,92.25,92.16,true,false,false,94.00
391329000,392049000,720000,8000,22000,0.70,92.25,92.16,true,false,false,94.00
392049000,392747000,698000,8000,16000,0.70,92.25,92.16,true,false,false,94.00
392747000,393470000,723000,13000,21000,0.70,92.25,92.16,true,false,false,94.00
393470000,394185000,715000,8000,20000,0.70,92.25,92.16,true,false,false,94.00
394185000,394892000,707000,8000,19000,0.70,92.25,92.16,true,false,false,94.00
394892000,395617000,725000,8000,20000,0.70,92.25,92.16,true,false,false,94.00
395617000,396333000,716000,8000,19000,0.70,92.25,92.25,true,false,false,94.00
396333000,397042000,709000,9000,19000,0.70,92.25,92.25,true,false,false,94.00
397042000,397754000,712000,9000,19000,0.70,92.25,92.25,true,false,false,94.00
397754000,398469000,715000,13000,19000,0.70,92.25,92.25,true,false,false,94.00
398469000,399180000,711000,10000,19000,0.70,92.25,92.25,true,false,false,94.00
399180000,399887000,707000,10000,18000,0.70,92.25,92.25,true,false,false,94.00
399887000,400608000,721000,13000,19000,0.70,92.34,92.34,true,false,false,94.00
400608000,401312000,704000,10000,18000,0.70,92.34,92.34,true,false,false,94.00
401312000,402013000,701000,11000,17000,0.70,92.34,92.34,true,false,false,94.00
402013000,402726000,713000,11000,18000,0.70,92.34,92.34,true,false,false,94.00
402726000,403574000,848000,11000,65000,0.70,92.34,88.35,true,false,false,94.00
403574000,404420000,846000,10000,63000,0.70,92.43,92.43,true,false,true,94.00
404420000,405124000,704000,11000,17000,1.10,0.00,92.43,true,false,false,94.00
405124000,405841000,717000,13000,18000,1.10,92.43,92.43,true,false,false,94.00
405841000,406550000,709000,11000,18000,1.10,92.43,92.43,true,false,false,94.00
406550000,410160000,3610000,16000,16000,1.10,92.43,97.35,false,true,false,94.00
410160000,410874000,714000,9000,20681,0.90,92.43,92.43,true,false,false,123.00
410874000,411635000,761000,9000,35945,0.90,120.83,120.83,true,false,false,123.00
411635000,412379000,744000,9000,30805,0.90,120.83,120.83,true,false,false,123.00
412379000,413135000,756000,12000,33935,0.90,120.83,120.59,true,false,false,123.00
413135000,413889000,754000,10000,31870,0.90,120.83,120.47,true,false,false,123.00
413889000,414632000,743000,10000,29935,0.90,120.83,120.35,true,false,false,123.00
414632000,415352000,720000,10000,22000,0.90,120.83,120.35,true,false,false,123.00
415352000,416093000,741000,13000,28935,0.90,120.83,120.23,true,false,false,123.00
416093000,416831000,738000,10000,27000,0.90,120.83,120.12,true,false,false,123.00
416831000,417561000,730000,11000,26000,0.90,120.83,120.12,true,false,false,123.00
417561000,418289000,728000,11000,26000,0.90,120.83,120.00,true,false,false,123.00
418289000,419021000,732000,13000,25000,0.90,120.83,120.12,true,false,false,123.00
419021000,419750000,729000,11000,25000,0.90,120.83,120.12,true,false,false,123.00
419750000,420476000,726000,12000,24000,0.90,120.83,120.12,true,false,false,123.00
420476000,421198000,722000,15000,24000,0.90,120.83,120.12,true,false,false,123.00
421198000,421921000,723000,12000,24000,0.90,120.83,120.12,true,false,false,123.00
421921000,422638000,717000,12000,22000,0.90,120.83,120.12,true,false,false,123.00
422638000,423369000,731000,13000,24000,0.90,120.83,120.12,true,false,false,123.00
423369000,424099000,730000,14000,24000,0.90,120.83,120.12,true,false,false,123.00
424099000,424962000,863000,13000,71000,0.90,120.83,114.85,true,false,false,123.00
424962000,425853000,891000,17000,78000,0.90,120.83,114.85,true,false,false,123.00
425853000,426560000,707000,12000,19000,0.90,121.30,121.30,true,false,false,123.00
426560000,427287000,727000,12000,24000,0.90,121.30,121.18,true,false,false,123.00
427287000,428007000,720000,12000,23000,0.90,121.30,121.06,true,false,false,123.00
428007000,428715000,708000,12000,19000,0.90,121.30,121.06,true,false,false,123.00
428715000,429438000,723000,13000,22000,0.90,121.30,120.94,true,false,true,123.00
429438000,430157000,719000,13000,21000,1.30,0.00,120.94,true,false,false,123.00
430157000,430868000,711000,13000,20000,1.30,121.42,121.42,true,false,false,123.00
430868000,431585000,717000,13000,20000,1.30,121.42,121.30,true,false,false,123.00
431585000,435181000,3596000,13000,13000,1.30,121.42,128.08,false,true,false,123.00
435181000,435895000,714000,11000,19000,1.10,121.42,121.18,true,false,false,160.00
435895000,436677000,782000,12000,42875,1.10,157.02,157.02,true,false,false,160.00
436677000,437443000,766000,13000,37875,1.10,157.02,157.02,true,false,false,160.00
437443000,438220000,777000,14000,39500,1.10,157.02,156.56,true,false,false,160.00
438220000,438987000,767000,14000,37000,1.10,157.02,156.10,true,false,false,160.00
438987000,439744000,757000,15000,34875,1.10,157.02,155.64,true,false,false,160.00
439744000,440480000,736000,15000,27875,1.10,157.02,155.64,true,false,false,160.00
440480000,441228000,748000,18000,32000,1.10,157.02,155.64,true,false,false,160.00
441228000,441972000,744000,15000,30000,1.10,157.02,155.49,true,false,false,160.00
441972000,442714000,742000,16000,29000,1.10,157.02,155.49,true,false,false,160.00
442714000,443452000,738000,16000,29000,1.10,157.02,155.49,true,false,false,160.00
443452000,444189000,737000,18000,29000,1.10,157.02,155.64,true,false,false,160.00
444189000,444927000,738000,16000,28000,1.10,157.02,155.64,true,false,false,160.00
444927000,445652000,725000,17000,25000,1.10,157.02,155.64,true,false,false,160.00
445652000,446385000,733000,17000,27000,1.10,157.02,155.79,true,false,false,160.00
446385000,447299000,914000,18000,86000,1.10,157.02,155.95,true,false,false,160.00
447299000,448242000,943000,5000,97000,0.50,157.02,148.01,true,false,false,160.00
448242000,448963000,721000,10000,23500,0.50,157.02,154.75,true,false,false,160.00
448963000,449706000,743000,9000,29875,0.50,157.02,154.75,true,false,false,160.00
449706000,450443000,737000,10000,27000,0.50,157.17,157.17,true,false,false,160.00
450443000,451172000,729000,11000,25000,0.50,157.33,157.33,true,false,false,160.00
451172000,451870000,698000,11000,16000,0.50,157.33,157.33,true,false,false,160.00
451870000,452590000,720000,11000,23000,0.50,157.33,157.33,true,false,false,160.00
452590000,453306000,716000,11000,22000,0.50,157.33,157.33,true,false,false,160.00
453306000,454005000,699000,11000,16000,0.50,157.33,157.33,true,false,false,160.00
454005000,454721000,716000,11000,21000,0.50,157.33,157.33,true,false,true,160.00
454721000,455434000,713000,12000,21000,1.20,0.00,157.33,true,false,false,160.00
455434000,456144000,710000,11000,19000,1.10,158.10,158.10,true,false,false,160.00
456144000,456857000,713000,12000,20000,1.10,158.10,158.10,true,false,false,160.00
456857000,460441000,3584000,13000,13000,1.10,158.10,165.02,false,true,false,160.00
460441000,461149000,708000,9000,18000,0.90,158.10,158.10,true,false,false,208.00
461149000,461947000,798000,12000,48984,0.90,204.52,204.52,true,false,false,208.00
461947000,462728000,781000,13000,41791,0.90,204.52,204.52,true,false,false,208.00
462728000,463499000,771000,13000,40000,0.90,204.52,203.72,true,false,false,208.00
463499000,464265000,766000,16000,38000,0.90,204.52,202.73,true,false,false,208.00
464265000,465020000,755000,14000,35000,0.90,204.52,202.33,true,false,false,208.00
465020000,465754000,734000,15000,28000,0.90,204.52,202.33,true,false,false,208.00
465754000,466501000,747000,17000,32000,0.90,204.52,202.14,true,false,false,208.00
466501000,467241000,740000,15000,30000,0.90,204.52,202.14,true,false,false,208.00
467241000,467982000,741000,16000,29000,0.90,204.52,202.33,true,false,false,208.00
467982000,468718000,736000,16000,28000,0.90,204.52,202.33,true,false,false,208.00
468718000,469613000,895000,19000,81000,0.90,204.52,202.33,true,false,false,208.00
469613000,470555000,942000,4000,97000,0.40,204.52,189.78,true,false,false,208.00
470555000,471295000,740000,9000,29000,0.40,204.52,204.12,true,false,false,208.00
471295000,472035000,740000,7000,29000,0.40,204.52,204.12,true,false,false,208.00
472035000,472768000,733000,9000,27000,0.40,204.52,204.12,true,false,false,208.00
472768000,473494000,726000,11000,25000,0.40,204.52,204.32,true,false,false,208.00
473494000,474198000,704000,10000,18000,0.40,204.52,204.32,true,false,false,208.00
474198000,474921000,723000,10000,23000,0.40,204.52,204.32,true,false,false,208.00
474921000,475637000,716000,13000,22000,0.40,204.52,204.52,true,false,false,208.00
475637000,476347000,710000,11000,20000,0.40,204.52,204.52,true,false,false,208.00
476347000,477064000,717000,11000,21000,0.40,204.52,204.52,true,false,false,208.00
477064000,477782000,718000,12000,21000,0.40,204.72,204.72,true,false,false,208.00
477782000,478494000,712000,12000,20000,0.40,204.72,204.72,true,false,false,208.00
478494000,479205000,711000,12000,20000,0.40,204.72,204.72,true,false,false,208.00
479205000,479918000,713000,12000,20000,0.40,204.72,204.72,true,false,true,208.00
479918000,480627000,709000,12000,19000,1.20,0.00,204.72,true,false,false,208.00
480627000,481335000,708000,12000,19000,1.20,205.33,205.33,true,false,false,208.00
481335000,482044000,709000,13000,19000,1.20,205.33,205.33,true,false,false,208.00
482044000,485624000,3580000,13000,13000,1.20,205.33,214.99,false,true,false,208.00
485624000,486334000,710000,7000,19000,0.70,205.33,204.93,true,false,false,271.00
486334000,487171000,837000,9000,61810,0.70,264.91,264.91,true,false,false,271.00
487171000,487974000,803000,11000,51000,0.70,264.91,264.91,true,false,false,271.00
487974000,488762000,788000,12000,46000,0.70,264.91,262.85,true,false,false,271.00
488762000,489548000,786000,17000,44000,0.70,264.91,261.58,true,false,false,271.00
489548000,490312000,764000,13000,38000,0.70,264.91,261.58,true,false,false,271.00
490312000,491064000,752000,14000,34000,0.70,264.91,261.58,true,false,false,271.00
491064000,492005000,941000,17000,97000,0.70,264.91,261.84,true,false,false,271.00
492005000,493002000,997000,0,115000,0.00,264.91,243.05,true,false,false,271.00
493002000,493747000,745000,10000,29720,0.00,265.17,265.17,true,false,false,271.00
493747000,494464000,717000,5000,22000,0.00,265.43,265.43,true,false,false,271.00
494464000,495196000,732000,8000,27000,0.00,265.43,265.43,true,false,false,271.00
495196000,495922000,726000,11000,25000,0.00,265.69,265.69,true,false,false,271.00
495922000,496637000,715000,9000,21000,0.00,265.95,265.95,true,false,false,271.00
496637000,497359000,722000,10000,23000,0.00,265.95,265.95,true,false,false,271.00
497359000,498079000,720000,11000,23000,0.00,266.21,266.21,true,false,false,271.00
498079000,498797000,718000,12000,22000,0.00,266.47,266.47,true,false,false,271.00
498797000,499516000,719000,12000,22000,0.00,266.73,266.73,true,false,false,271.00
499516000,500229000,713000,13000,21000,0.00,266.73,266.73,true,false,false,271.00
500229000,500944000,715000,13000,21000,0.00,266.73,266.73,true,false,false,271.00
500944000,501656000,712000,13000,20000,0.00,267.00,267.00,true,false,false,271.00
501656000,502369000,713000,14000,20000,0.00,267.00,267.00,true,false,false,271.00
502369000,503080000,711000,14000,20000,0.00,267.00,267.00,true,false,false,271.00
503080000,503784000,704000,14000,18000,0.00,267.00,267.00,true,false,false,271.00
503784000,504497000,713000,14000,20000,0.00,267.00,267.00,true,false,false,271.00
504497000,505206000,709000,15000,19000,0.00,267.00,267.00,true,false,true,271.00
505206000,505910000,704000,15000,18000,1.50,0.00,267.00,true,false,false,271.00
505910000,506620000,710000,15000,19000,1.50,266.21,266.21,true,false,false,271.00
506620000,507328000,708000,15000,19000,1.50,266.21,266.21,true,false,false,271.00
507328000,510928000,3600000,17000,17000,1.50,266.21,281.93,false,true,false,271.00
510928000,511652000,724000,1000,24000,0.10,266.21,266.21,true,false,false,294.00
511652000,512407000,755000,5000,34000,0.10,288.80,288.80,true,false,false,294.00
512407000,513149000,742000,10000,30000,0.10,288.80,288.80,true,false,false,294.00
513149000,513996000,847000,18000,60000,0.10,288.80,288.52,true,false,false,294.00
513996000,514847000,851000,14000,67000,0.10,288.80,276.84,true,false,false,294.00
514847000,515587000,740000,13000,29800,0.10,288.80,287.67,true,false,false,294.00
515587000,516332000,745000,15000,31000,0.10,288.80,287.67,true,false,false,294.00
516332000,517068000,736000,16000,28000,0.10,288.80,287.67,true,false,false,294.00
517068000,517800000,732000,17000,27000,0.10,288.80,287.95,true,false,false,294.00
517800000,518533000,733000,17000,27000,0.10,288.80,287.95,true,false,false,294.00
518533000,519261000,728000,19000,26000,0.10,288.80,287.95,true,false,false,294.00
519261000,519989000,728000,19000,26000,0.10,288.80,287.95,true,false,false,294.00
519989000,520709000,720000,19000,23000,0.10,288.80,288.24,true,false,false,294.00
520709000,521436000,727000,20000,25000,0.10,288.80,288.24,true,false,false,294.00
521436000,522158000,722000,20000,24000,0.10,288.80,288.24,true,false,false,294.00
522158000,522878000,720000,20000,23000,0.10,288.80,288.24,true,false,false,294.00
522878000,523601000,723000,20000,24000,0.10,288.80,288.24,true,false,false,294.00
523601000,524326000,725000,20000,24000,0.10,288.80,288.24,true,false,false,294.00
524326000,525048000,722000,20000,23000,0.10,288.80,288.24,true,false,false,294.00
525048000,525769000,721000,21000,23000,0.10,288.80,287.95,true,false,false,294.00
525769000,526488000,719000,21000,23000,0.10,288.80,287.95,true,false,false,294.00
526488000,527208000,720000,21000,23000,0.10,288.80,287.95,true,false,false,294.00
527208000,527928000,720000,21000,23000,0.10,288.80,287.95,true,false,false,294.00
527928000,528647000,719000,21000,23000,0.10,288.80,287.95,true,false,false,294.00
528647000,529369000,722000,21000,23000,0.10,288.80,287.95,true,false,false,294.00
529369000,530089000,720000,21000,23000,0.10,288.80,287.67,true,false,true,294.00
530089000,530810000,721000,21000,23000,2.10,0.00,287.67,true,false,false,294.00
530810000,531527000,717000,21000,22000,2.10,287.95,287.95,true,false,false,294.00
531527000,532243000,716000,21000,22000,2.10,287.95,287.95,true,false,false,294.00
532243000,535870000,3627000,21000,21000,2.10,287.95,312.13,false,true,false,294.00
535870000,536908000,1038000,0,124000,0.50,287.95,266.55,true,false,false,317.00
536908000,537680000,772000,2000,40269,0.20,314.48,314.48,true,false,false,317.00
537680000,538450000,770000,7000,39343,0.20,314.48,314.48,true,false,false,317.00
538450000,539198000,748000,10000,32000,0.20,314.48,314.48,true,false,false,317.00
539198000,539927000,729000,8000,26000,0.20,314.48,314.17,true,false,false,317.00
539927000,540658000,731000,9000,27000,0.20,314.48,313.55,true,false,false,317.00
540658000,541386000,728000,11000,25000,0.20,314.48,312.62,true,false,false,317.00
541386000,542107000,721000,10000,23000,0.20,314.48,312.62,true,false,false,317.00
542107000,542826000,719000,11000,23000,0.20,314.48,312.01,true,false,false,317.00
542826000,543543000,717000,12000,22000,0.20,314.48,311.70,true,false,false,317.00
543543000,544258000,715000,12000,21000,0.20,314.48,311.70,true,false,false,317.00
544258000,544969000,711000,12000,20000,0.20,314.48,311.70,true,false,false,317.00
544969000,545679000,710000,13000,20000,0.20,314.48,311.70,true,false,false,317.00
545679000,546386000,707000,13000,19000,0.20,314.48,311.70,true,false,false,317.00
546386000,547094000,708000,13000,19000,0.20,314.48,311.39,true,false,false,317.00
547094000,547802000,708000,14000,19000,0.20,314.48,311.39,true,false,false,317.00
547802000,548510000,708000,13000,19000,0.20,314.48,311.39,true,false,false,317.00
548510000,549214000,704000,14000,18000,0.20,314.48,311.39,true,false,false,317.00
549214000,549920000,706000,14000,18000,0.20,314.48,311.39,true,false,false,317.00
549920000,550627000,707000,14000,18000,0.20,314.48,311.70,true,false,false,317.00
550627000,551334000,707000,14000,18000,0.20,314.48,311.70,true,false,false,317.00
551334000,552035000,701000,14000,17000,0.20,314.48,311.70,true,false,false,317.00
552035000,552738000,703000,14000,17000,0.20,314.48,311.70,true,false,false,317.00
552738000,553441000,703000,15000,17000,0.20,314.48,311.70,true,false,false,317.00
553441000,554142000,701000,15000,17000,0.20,314.48,312.01,true,false,false,317.00
554142000,554843000,701000,15000,17000,0.20,314.48,312.01,true,false,true,317.00
554843000,555545000,702000,15000,17000,1.50,0.00,312.01,true,false,false,317.00
555545000,556247000,702000,15000,17000,1.50,312.01,312.01,true,false,false,317.00
556247000,556948000,701000,15000,16000,1.50,312.01,312.01,true,false,false,317.00
556948000,560588000,3640000,16000,16000,1.50,312.01,333.66,false,true,false,317.00
560588000,561293000,705000,0,18000,0.10,312.01,314.17,true,false,false,413.00
561293000,562210000,917000,0,88720,0.00,398.65,398.65,true,false,false,413.00
562210000,563051000,841000,4000,63580,0.00,398.65,398.65,true,false,false,413.00
563051000,563851000,800000,8000,50000,0.00,398.65,393.33,true,false,false,413.00
563851000,564642000,791000,12000,47000,0.00,398.65,394.84,true,false,false,413.00
564642000,565420000,778000,14000,42000,0.00,398.65,396.73,true,false,false,413.00
565420000,566182000,762000,16000,37000,0.00,398.65,398.26,true,false,false,413.00
566182000,566947000,765000,19000,38000,0.00,398.65,398.26,true,false,false,413.00
566947000,567705000,758000,23000,36000,0.00,399.81,399.81,true,false,false,413.00
567705000,568458000,753000,21000,34000,0.00,400.58,400.58,true,false,false,413.00
568458000,569211000,753000,23000,34000,0.00,400.58,400.58,true,false,false,413.00
569211000,569962000,751000,25000,33000,0.00,401.75,401.75,true,false,false,413.00
569962000,570710000,748000,24000,32000,0.00,402.14,402.14,true,false,false,413.00
570710000,571457000,747000,25000,32000,0.00,402.53,402.53,true,false,false,413.00
571457000,572201000,744000,26000,31000,0.00,402.53,402.53,true,false,false,413.00
572201000,572944000,743000,26000,31000,0.00,402.53,402.53,true,false,false,413.00
572944000,573685000,741000,26000,30000,0.00,402.53,402.14,true,false,false,413.00
573685000,574427000,742000,27000,30000,0.00,402.53,402.14,true,false,false,413.00
574427000,575169000,742000,27000,30000,0.00,402.53,402.14,true,false,false,413.00
575169000,575906000,737000,27000,29000,0.00,402.53,402.14,true,false,false,413.00
575906000,576646000,740000,27000,30000,0.00,402.53,401.75,true,false,false,413.00
576646000,577383000,737000,27000,29000,0.00,402.53,401.75,true,false,false,413.00
577383000,578120000,737000,27000,29000,0.00,402.53,401.75,true,false,false,413.00
578120000,578857000,737000,28000,29000,0.00,402.53,401.36,true,false,false,413.00
578857000,579594000,737000,28000,29000,0.00,402.53,401.75,true,false,false,413.00
579594000,580331000,737000,28000,29000,0.00,402.53,401.75,true,false,true,413.00
580331000,581389000,1058000,28000,136000,2.80,0.00,401.75,true,false,false,413.00
581389000,582459000,1070000,2000,140000,0.20,362.60,362.60,true,false,false,413.00
582459000,583232000,773000,7000,40870,0.20,408.51,408.51,true,false,false,413.00
583232000,586794000,3562000,8000,8000,0.20,408.51,422.81,false,true,false,413.00
586794000,587500000,706000,0,18000,0.00,408.51,422.81,true,false,false,441.00
587500000,588265000,765000,6000,38000,0.00,408.51,406.10,true,false,false,441.00
588265000,589006000,741000,11000,30000,0.00,433.63,433.63,true,false,false,441.00
589006000,589735000,729000,16000,25867,0.00,433.63,433.63,true,false,false,441.00
589735000,590457000,722000,14000,24000,0.00,433.63,433.63,true,false,false,441.00
590457000,591177000,720000,15000,23000,0.00,433.63,433.20,true,false,false,441.00
591177000,591896000,719000,16000,23000,0.00,433.63,432.78,true,false,false,441.00
591896000,592612000,716000,17000,22000,0.00,433.63,432.78,true,false,false,441.00
592612000,593326000,714000,17000,21000,0.00,433.63,432.78,true,false,false,441.00
593326000,594040000,714000,18000,21000,0.00,433.63,432.35,true,false,false,441.00
594040000,594755000,715000,18000,21000,0.00,433.63,432.35,true,false,false,441.00
594755000,595467000,712000,18000,20000,0.00,433.63,432.35,true,false,false,441.00
595467000,596177000,710000,18000,20000,0.00,433.63,432.35,true,false,false,441.00
596177000,596888000,711000,18000,20000,0.00,433.63,432.35,true,false,false,441.00
596888000,597599000,711000,19000,20000,0.00,433.63,432.35,true,false,false,441.00
597599000,598309000,710000,19000,20000,0.00,433.63,432.78,true,false,false,441.00
598309000,599020000,711000,19000,20000,0.00,433.63,432.78,true,false,false,441.00
599020000,599731000,711000,19000,20000,0.00,433.63,432.78,true,false,false,441.00
599731000,600442000,711000,19000,20000,0.00,433.63,432.78,true,false,false,441.00
600442000,601151000,709000,19000,19000,0.00,433.63,432.78,true,false,false,441.00
601151000,601858000,707000,19000,19000,0.00,433.63,432.78,true,false,false,441.00
601858000,602565000,707000,19000,19000,0.00,433.63,432.78,true,false,false,441.00
602565000,603498000,933000,19000,94000,0.00,433.63,423.22,true,false,false,441.00
603498000,604437000,939000,2000,96000,0.00,433.63,431.93,true,false,false,441.00
604437000,605188000,751000,7000,33000,0.00,433.63,430.24,true,false,false,441.00
605188000,605916000,728000,8000,25867,0.00,433.63,430.24,true,false,true,441.00
605916000,606650000,734000,9000,27867,0.90,0.00,430.24,true,false,false,441.00
606650000,607370000,720000,11000,23000,0.90,431.09,431.09,true,false,false,441.00
607370000,608084000,714000,10000,20867,0.90,432.35,432.35,true,false,false,441.00
608084000,611661000,3577000,20000,20000,0.90,432.35,452.66,false,true,false,441.00
611661000,612375000,714000,0,21000,0.00,432.35,435.34,true,false,false,468.00
612375000,613130000,755000,10000,35000,0.00,460.63,460.63,true,false,false,468.00
613130000,613868000,738000,15000,29000,0.00,460.63,460.63,true,false,false,468.00
613868000,614594000,726000,16000,24932,0.00,460.63,459.72,true,false,false,468.00
614594000,615321000,727000,17000,25000,0.00,460.63,458.82,true,false,false,468.00
615321000,616041000,720000,17000,23000,0.00,460.63,458.82,true,false,false,468.00
616041000,616758000,717000,18000,22000,0.00,460.63,458.37,true,false,false,468.00
616758000,617474000,716000,18000,22000,0.00,460.63,458.37,true,false,false,468.00
617474000,618190000,716000,18000,22000,0.00,460.63,458.37,true,false,false,468.00
618190000,618903000,713000,19000,21000,0.00,460.63,458.37,true,false,false,468.00
618903000,619619000,716000,19000,21932,0.00,460.63,458.37,true,false,false,468.00
619619000,620333000,714000,19000,21000,0.00,460.63,458.82,true,false,false,468.00
620333000,621047000,714000,19000,21000,0.00,460.63,458.82,true,false,false,468.00
621047000,621760000,713000,19000,20932,0.00,460.63,459.27,true,false,false,468.00
621760000,622470000,710000,19000,20000,0.00,460.63,459.27,true,false,false,468.00
622470000,623184000,714000,19000,20932,0.00,460.63,459.27,true,false,false,468.00
623184000,623897000,713000,19000,20932,0.00,460.63,458.82,true,false,false,468.00
623897000,624607000,710000,19000,20000,0.00,460.63,458.82,true,false,false,468.00
624607000,625548000,941000,20000,97000,0.00,460.63,428.18,true,false,false,468.00
625548000,626498000,950000,0,100000,0.00,465.21,465.21,true,false,false,468.00
626498000,627244000,746000,6000,32000,0.00,465.21,465.21,true,false,false,468.00
627244000,627961000,717000,6000,22000,0.00,465.21,464.75,true,false,false,468.00
627961000,628693000,732000,7000,26932,0.00,465.21,463.83,true,false,false,468.00
628693000,629406000,713000,9000,21000,0.00,465.21,462.91,true,false,false,468.00
629406000,630110000,704000,9000,18000,0.00,465.21,462.91,true,false,false,468.00
630110000,630819000,709000,9000,19000,0.00,465.21,461.99,true,false,true,468.00
630819000,631521000,702000,9000,17000,0.90,0.00,461.99,true,false,false,468.00
631521000,632216000,695000,10000,15000,0.90,463.37,463.37,true,false,false,468.00
632216000,632916000,700000,10000,16000,0.90,463.37,462.91,true,false,false,468.00
632916000,636479000,3563000,11000,11000,0.90,463.37,480.75,false,true,false,468.00
636479000,637183000,704000,0,18000,0.00,463.37,461.99,true,false,false,511.00
637183000,637983000,800000,7000,50000,0.00,500.98,500.98,true,false,false,511.00
637983000,638741000,758000,13000,36000,0.00,500.98,500.98,true,false,false,511.00
638741000,639487000,746000,17000,32000,0.00,500.98,499.02,true,false,false,511.00
639487000,640225000,738000,15000,29000,0.00,500.98,498.54,true,false,false,511.00
640225000,640953000,728000,17000,26000,0.00,500.98,498.54,true,false,false,511.00
640953000,641679000,726000,18000,25000,0.00,500.98,498.54,true,false,false,511.00
641679000,642402000,723000,19000,24000,0.00,500.98,499.02,true,false,false,511.00
642402000,643122000,720000,19000,23000,0.00,500.98,500.00,true,false,false,511.00
643122000,643841000,719000,20000,23000,0.00,500.98,500.00,true,false,false,511.00
643841000,644560000,719000,20000,23000,0.00,500.98,500.00,true,false,false,511.00
644560000,645279000,719000,20000,23000,0.00,500.98,500.49,true,false,false,511.00
645279000,645999000,720000,21000,23000,0.00,500.98,500.49,true,false,false,511.00
645999000,646716000,717000,21000,22000,0.00,500.98,500.49,true,false,false,511.00
646716000,647681000,965000,21000,105000,0.00,500.98,479.81,true,false,false,511.00
647681000,648656000,975000,0,108000,0.00,506.94,506.94,true,false,false,511.00
648656000,649408000,752000,9000,34000,0.00,506.94,498.54,true,false,false,511.00
649408000,650139000,731000,7000,27000,0.00,506.94,498.54,true,false,false,511.00
650139000,650861000,722000,9000,24000,0.00,506.94,499.51,true,false,false,511.00
650861000,651578000,717000,9000,22000,0.00,506.94,500.49,true,false,false,511.00
651578000,652285000,707000,10000,19000,0.00,506.94,501.96,true,false,false,511.00
652285000,652992000,707000,11000,19000,0.00,506.94,501.96,true,false,false,511.00
652992000,653696000,704000,12000,18000,0.00,506.94,502.95,true,false,false,511.00
653696000,654395000,699000,11000,16000,0.00,506.94,503.45,true,false,false,511.00
654395000,655097000,702000,12000,17000,0.00,506.94,503.45,true,false,false,511.00
655097000,655795000,698000,12000,16000,0.00,506.94,503.94,true,false,true,511.00
655795000,656494000,699000,13000,16000,1.30,0.00,503.94,true,false,false,511.00
656494000,657193000,699000,13000,16000,1.30,503.45,503.45,true,false,false,511.00
657193000,657888000,695000,13000,15000,1.30,503.45,503.45,true,false,false,511.00
657888000,661472000,3584000,15000,15000,1.30,503.45,530.05,false,true,false,511.00
661472000,662188000,716000,0,22000,0.00,503.45,503.94,true,false,false,555.00
662188000,662992000,804000,7000,51000,0.00,543.05,543.05,true,false,false,555.00
662992000,663758000,766000,15000,38000,0.00,543.05,543.05,true,false,false,555.00
663758000,664507000,749000,20000,33000,0.00,543.05,540.41,true,false,false,555.00
664507000,665248000,741000,18000,30000,0.00,543.05,540.41,true,false,false,555.00
665248000,665982000,734000,20000,28000,0.00,543.05,540.41,true,false,false,555.00
665982000,666713000,731000,21000,27000,0.00,543.05,540.94,true,false,false,555.00
666713000,667441000,728000,22000,26000,0.00,543.05,541.99,true,false,false,555.00
667441000,668170000,729000,22000,26000,0.00,543.05,541.99,true,false,false,555.00
668170000,668898000,728000,22000,26000,0.00,543.05,541.99,true,false,false,555.00
668898000,669870000,972000,23000,107000,0.00,543.05,541.99,true,false,false,555.00
669870000,670859000,989000,2000,113000,0.00,543.05,511.99,true,false,false,555.00
670859000,671618000,759000,8000,36000,0.00,543.05,540.41,true,false,false,555.00
671618000,672337000,719000,8000,23000,0.00,545.19,545.19,true,false,false,555.00
672337000,673068000,731000,10000,27000,0.00,545.19,545.19,true,false,false,555.00
673068000,673787000,719000,10000,23000,0.00,546.80,546.80,true,false,false,555.00
673787000,674492000,705000,11000,18000,0.00,547.88,547.88,true,false,false,555.00
674492000,675206000,714000,13000,21000,0.00,547.88,547.88,true,false,false,555.00
675206000,675914000,708000,13000,19000,0.00,547.88,547.88,true,false,false,555.00
675914000,676618000,704000,14000,18000,0.00,547.88,547.34,true,false,false,555.00
676618000,677323000,705000,15000,18000,0.00,547.88,546.80,true,false,false,555.00
677323000,678028000,705000,14000,18000,0.00,547.88,546.80,true,false,false,555.00
678028000,678733000,705000,15000,18000,0.00,547.88,545.72,true,false,false,555.00
678733000,679435000,702000,15000,17000,0.00,547.88,545.72,true,false,false,555.00
679435000,680137000,702000,15000,17000,0.00,547.88,545.72,true,false,false,555.00
680137000,680838000,701000,16000,17000,0.00,547.88,545.72,true,false,true,555.00
680838000,681540000,702000,16000,17000,1.60,0.00,545.72,true,false,false,555.00
681540000,682241000,701000,16000,17000,1.60,546.26,546.26,true,false,false,555.00
682241000,682939000,698000,16000,16000,1.60,546.26,546.26,true,false,false,555.00
682939000,686534000,3595000,16000,16000,1.60,546.26,579.57,false,true,false,555.00
686534000,687256000,722000,0,24000,0.00,546.26,546.26,true,false,false,601.00
687256000,688068000,812000,8000,54000,0.00,584.06,584.06,true,false,false,601.00
688068000,688839000,771000,17000,40000,0.00,584.06,584.06,true,false,false,601.00
688839000,689594000,755000,21000,35000,0.00,584.06,582.93,true,false,false,601.00
689594000,690343000,749000,22000,33000,0.00,584.06,583.50,true,false,false,601.00
690343000,691083000,740000,23000,30000,0.00,584.63,584.63,true,false,false,601.00
691083000,692045000,962000,25000,104000,0.00,584.63,584.63,true,false,false,601.00
692045000,693076000,1031000,6000,127000,0.00,584.63,540.95,true,false,false,601.00
693076000,693843000,767000,6000,39000,0.00,596.23,596.23,true,false,false,601.00
693843000,694592000,749000,10000,33000,0.00,596.23,593.29,true,false,false,601.00
694592000,695329000,737000,15000,29000,0.00,596.23,589.79,true,false,false,601.00
695329000,696055000,726000,12000,25000,0.00,596.23,589.79,true,false,false,601.00
696055000,696777000,722000,15000,24000,0.00,596.23,588.64,true,false,false,601.00
696777000,697494000,717000,17000,22000,0.00,596.23,588.06,true,false,false,601.00
697494000,698207000,713000,16000,21000,0.00,596.23,588.06,true,false,false,601.00
698207000,698920000,713000,17000,21000,0.00,596.23,589.22,true,false,false,601.00
698920000,699630000,710000,17000,20000,0.00,596.23,589.22,true,false,false,601.00
699630000,700340000,710000,18000,20000,0.00,596.23,589.79,true,false,false,601.00
700340000,701051000,711000,18000,20000,0.00,596.23,589.79,true,false,false,601.00
701051000,701761000,710000,18000,20000,0.00,596.23,590.37,true,false,false,601.00
701761000,702471000,710000,19000,20000,0.00,596.23,589.79,true,false,false,601.00
702471000,703178000,707000,19000,19000,0.00,596.23,589.79,true,false,false,601.00
703178000,703885000,707000,19000,19000,0.00,596.23,589.79,true,false,false,601.00
703885000,704593000,708000,19000,19000,0.00,596.23,589.79,true,false,false,601.00
704593000,705301000,708000,19000,19000,0.00,596.23,589.79,true,false,false,601.00
705301000,706009000,708000,19000,19000,0.00,596.23,589.79,true,false,true,601.00
706009000,706716000,707000,19000,19000,1.90,0.00,589.79,true,false,false,601.00
706716000,707423000,707000,19000,19000,1.90,589.79,589.79,true,false,false,601.00
707423000,708130000,707000,19000,19000,1.90,589.79,589.79,true,false,false,601.00
708130000,711742000,3612000,19000,19000,1.90,589.79,630.86,false,true,false,601.00
711742000,712477000,735000,0,28000,0.00,589.79,589.22,true,false,false,649.00
712477000,713301000,824000,8000,58000,0.00,628.88,628.88,true,false,false,649.00
713301000,714077000,776000,21000,42000,0.00,628.88,628.88,true,false,false,649.00
714077000,715057000,980000,34000,110000,0.00,628.88,627.05,true,false,false,649.00
715057000,716044000,987000,11000,112000,0.00,628.88,599.26,true,false,false,649.00
716044000,716818000,774000,14000,41000,0.00,628.88,628.27,true,false,false,649.00
716818000,717564000,746000,16000,32000,0.00,631.32,631.32,true,false,false,649.00
717564000,718307000,743000,19000,31000,0.00,631.32,631.32,true,false,false,649.00
718307000,719045000,738000,22000,29000,0.00,633.79,633.79,true,false,false,649.00
719045000,719776000,731000,22000,27000,0.00,634.41,634.41,true,false,false,649.00
719776000,720507000,731000,23000,27000,0.00,634.41,633.79,true,false,false,649.00
720507000,721236000,729000,23000,26000,0.00,634.41,633.79,true,false,false,649.00
721236000,721965000,729000,24000,26000,0.00,634.41,633.79,true,false,false,649.00
721965000,722694000,729000,24000,26000,0.00,634.41,633.17,true,false,false,649.00
722694000,723419000,725000,24000,25000,0.00,634.41,633.17,true,false,false,649.00
723419000,724144000,725000,25000,25000,0.00,634.41,633.17,true,false,false,649.00
724144000,724869000,725000,25000,25000,0.00,634.41,633.17,true,false,false,649.00
724869000,725594000,725000,25000,25000,0.00,634.41,633.17,true,false,false,649.00
725594000,726320000,726000,25000,25000,0.00,634.41,633.17,true,false,false,649.00
726320000,727046000,726000,25000,25000,0.00,634.41,633.17,true,false,false,649.00
727046000,727771000,725000,25000,25000,0.00,634.41,633.17,true,false,false,649.00
727771000,728496000,725000,25000,25000,0.00,634.41,633.17,true,false,false,649.00
728496000,729222000,726000,25000,25000,0.00,634.41,633.17,true,false,false,649.00
729222000,729947000,725000,25000,25000,0.00,634.41,633.17,true,false,false,649.00
729947000,730672000,725000,25000,25000,0.00,634.41,633.17,true,false,false,649.00
730672000,731398000,726000,25000,25000,0.00,634.41,633.17,true,false,true,649.00
731398000,732124000,726000,25000,25000,2.50,0.00,633.17,true,false,false,649.00
732124000,732849000,725000,25000,25000,2.50,633.17,633.17,true,false,false,649.00
732849000,733574000,725000,25000,25000,2.50,633.17,633.17,true,false,false,649.00
733574000,737269000,3695000,25000,25000,2.50,633.17,685.58,false,true,false,649.00
737269000,738376000,1107000,31000,152000,2.50,633.17,577.92,true,false,false,692.00
738376000,739226000,850000,13000,66348,1.30,679.76,679.76,true,false,false,692.00
739226000,740041000,815000,22000,55000,1.30,679.76,669.89,true,false,false,692.00
740041000,740826000,785000,23000,45000,1.30,679.76,664.75,true,false,false,692.00
740826000,741594000,768000,29000,39000,1.30,679.76,664.75,true,false,false,692.00
741594000,742365000,771000,32000,40000,1.30,679.76,666.03,true,false,false,692.00
742365000,743130000,765000,32000,38000,1.30,679.76,667.31,true,false,false,692.00
743130000,743889000,759000,33000,36000,1.30,679.76,667.95,true,false,false,692.00
743889000,744651000,762000,34000,37000,1.30,679.76,667.95,true,false,false,692.00
744651000,745409000,758000,34000,36000,1.30,679.76,668.60,true,false,false,692.00
745409000,746168000,759000,35000,36000,1.30,679.76,668.60,true,false,false,692.00
746168000,746926000,758000,35000,36000,1.30,679.76,668.60,true,false,false,692.00
746926000,747682000,756000,35000,35000,1.30,679.76,668.60,true,false,false,692.00
747682000,748437000,755000,35000,35000,1.30,679.76,668.60,true,false,false,692.00
748437000,749193000,756000,35000,35000,1.30,679.76,668.60,true,false,false,692.00
749193000,749949000,756000,35000,35000,1.30,679.76,668.60,true,false,false,692.00
749949000,750704000,755000,35000,35000,1.30,679.76,668.60,true,false,false,692.00
750704000,751459000,755000,35000,35000,1.30,679.76,668.60,true,false,false,692.00
751459000,752214000,755000,35000,35000,1.30,679.76,668.60,true,false,false,692.00
752214000,752969000,755000,35000,35000,1.30,679.76,668.60,true,false,false,692.00
752969000,753725000,756000,35000,35000,1.30,679.76,668.60,true,false,false,692.00
753725000,754480000,755000,35000,35000,1.30,679.76,668.60,true,false,false,692.00
754480000,755235000,755000,35000,35000,1.30,679.76,668.60,true,false,false,692.00
755235000,755990000,755000,35000,35000,1.30,679.76,668.60,true,false,false,692.00
755990000,756746000,756000,35000,35000,1.30,679.76,668.60,true,false,false,692.00
756746000,757501000,755000,35000,35000,1.30,679.76,668.60,true,false,true,692.00
757501000,758257000,756000,35000,35000,3.50,0.00,668.60,true,false,false,692.00
758257000,759012000,755000,35000,35000,3.50,668.60,668.60,true,false,false,692.00
759012000,759768000,756000,35000,35000,3.50,668.60,668.60,true,false,false,692.00
759768000,763561000,3793000,35000,35000,3.50,668.60,745.02,false,true,false,692.00
763561000,764346000,785000,0,45000,0.00,668.60,675.12,true,false,false,736.00
764346000,765140000,794000,0,48000,0.00,709.74,709.74,true,false,false,736.00
765140000,765913000,773000,9000,41000,0.00,718.75,718.75,true,false,false,736.00
765913000,766671000,758000,24000,36000,0.00,718.75,718.75,true,false,false,736.00
766671000,767414000,743000,25000,31000,0.00,718.75,716.65,true,false,false,736.00
767414000,768163000,749000,28000,33000,0.00,718.75,715.26,true,false,false,736.00
768163000,768906000,743000,28000,31000,0.00,718.75,715.26,true,false,false,736.00
768906000,769647000,741000,28000,30000,0.00,718.75,714.56,true,false,false,736.00
769647000,770387000,740000,29000,30000,0.00,718.75,714.56,true,false,false,736.00
770387000,771127000,740000,29000,30000,0.00,718.75,715.26,true,false,false,736.00
771127000,771868000,741000,29000,30000,0.00,718.75,715.26,true,false,false,736.00
771868000,772609000,741000,29000,30000,0.00,718.75,715.26,true,false,false,736.00
772609000,773349000,740000,29000,30000,0.00,718.75,715.26,true,false,false,736.00
773349000,774090000,741000,29000,30000,0.00,718.75,715.26,true,false,false,736.00
774090000,774830000,740000,29000,30000,0.00,718.75,715.26,true,false,false,736.00
774830000,775570000,740000,29000,30000,0.00,718.75,715.26,true,false,false,736.00
775570000,776307000,737000,29000,29000,0.00,718.75,715.26,true,false,false,736.00
776307000,777044000,737000,29000,29000,0.00,718.75,715.26,true,false,false,736.00
777044000,777781000,737000,29000,29000,0.00,718.75,715.26,true,false,false,736.00
777781000,778518000,737000,29000,29000,0.00,718.75,715.26,true,false,false,736.00
778518000,779256000,738000,29000,29000,0.00,718.75,715.26,true,false,false,736.00
779256000,779993000,737000,29000,29000,0.00,718.75,715.26,true,false,false,736.00
779993000,780730000,737000,29000,29000,0.00,718.75,715.26,true,false,false,736.00
780730000,781467000,737000,29000,29000,0.00,718.75,715.26,true,false,false,736.00
781467000,782204000,737000,29000,29000,0.00,718.75,715.26,true,false,false,736.00
782204000,782941000,737000,29000,29000,0.00,718.75,715.26,true,false,true,736.00
782941000,783679000,738000,29000,29000,2.90,0.00,715.26,true,false,false,736.00
783679000,784683000,1004000,29000,118000,2.90,715.26,715.26,true,false,false,736.00
784683000,785711000,1028000,8000,126000,0.80,715.26,671.53,true,false,false,736.00
785711000,789303000,3592000,10000,10000,0.80,715.26,739.85,false,true,false,736.00
789303000,790041000,738000,5000,29000,0.50,715.26,739.85,true,false,false,743.00
790041000,790787000,746000,23000,32000,0.50,715.26,714.56,true,false,false,743.00
790787000,791525000,738000,23000,29000,0.50,723.47,723.47,true,false,false,743.00
791525000,792262000,737000,25000,29000,0.50,723.47,723.47,true,false,false,743.00
792262000,792996000,734000,25000,28000,0.50,724.88,724.88,true,false,false,743.00
792996000,793727000,731000,26000,27000,0.50,724.88,724.17,true,false,false,743.00
793727000,794459000,732000,26000,27000,0.50,724.88,724.17,true,false,false,743.00
794459000,795191000,732000,26000,27000,0.50,724.88,724.17,true,false,false,743.00
795191000,795922000,731000,26000,27000,0.50,724.88,724.17,true,false,false,743.00
795922000,796654000,732000,26000,27000,0.50,724.88,724.17,true,false,false,743.00
796654000,797385000,731000,26000,27000,0.50,724.88,724.17,true,false,false,743.00
797385000,798116000,731000,26000,27000,0.50,724.88,724.17,true,false,false,743.00
798116000,798847000,731000,26000,27000,0.50,724.88,724.17,true,false,false,743.00
798847000,799578000,731000,26000,27000,0.50,724.88,724.17,true,false,false,743.00
799578000,800309000,731000,26000,27000,0.50,724.88,724.17,true,false,false,743.00
800309000,801037000,728000,26000,26000,0.50,724.88,724.17,true,false,false,743.00
801037000,801765000,728000,26000,26000,0.50,724.88,724.17,true,false,false,743.00
801765000,802494000,729000,26000,26000,0.50,724.88,724.17,true,false,false,743.00
802494000,803222000,728000,26000,26000,0.50,724.88,724.17,true,false,false,743.00
803222000,803951000,729000,26000,26000,0.50,724.88,724.17,true,false,false,743.00
803951000,804679000,728000,26000,26000,0.50,724.88,724.17,true,false,false,743.00
804679000,805408000,729000,26000,26000,0.50,724.88,724.17,true,false,false,743.00
805408000,806136000,728000,26000,26000,0.50,724.88,724.17,true,false,false,743.00
806136000,807014000,878000,26000,76000,0.50,724.88,724.17,true,false,false,743.00
807014000,807998000,984000,30000,111000,0.50,724.88,684.79,true,false,false,743.00
807998000,808748000,750000,8000,33000,0.50,724.88,684.79,true,false,true,743.00
808748000,809512000,764000,17000,38000,1.70,0.00,684.79,true,false,false,743.00
809512000,810249000,737000,15000,29000,1.50,727.72,727.72,true,false,false,743.00
810249000,810983000,734000,20000,28000,1.50,728.43,728.43,true,false,false,743.00
810983000,814592000,3609000,22000,22000,1.50,728.43,756.73,false,true,false,743.00
814592000,815338000,746000,0,32000,0.00,728.43,729.86,true,false,false,760.00
815338000,816105000,767000,23000,39000,0.00,739.30,739.30,true,false,false,760.00
816105000,816855000,750000,26000,33000,0.00,739.30,739.30,true,false,false,760.00
816855000,817602000,747000,28000,32000,0.00,739.30,737.86,true,false,false,760.00
817602000,818346000,744000,28000,31000,0.00,739.30,737.86,true,false,false,760.00
818346000,819086000,740000,28000,30000,0.00,739.30,737.86,true,false,false,760.00
819086000,819826000,740000,29000,30000,0.00,739.30,737.86,true,false,false,760.00
819826000,820567000,741000,29000,30000,0.00,739.30,737.86,true,false,false,760.00
820567000,821307000,740000,29000,30000,0.00,739.30,737.86,true,false,false,760.00
821307000,822048000,741000,29000,30000,0.00,739.30,737.86,true,false,false,760.00
822048000,822788000,740000,29000,30000,0.00,739.30,737.86,true,false,false,760.00
822788000,823529000,741000,29000,30000,0.00,739.30,738.58,true,false,false,760.00
823529000,824269000,740000,29000,30000,0.00,739.30,738.58,true,false,false,760.00
824269000,825009000,740000,29000,30000,0.00,739.30,738.58,true,false,false,760.00
825009000,825749000,740000,29000,30000,0.00,739.30,738.58,true,false,false,760.00
825749000,826490000,741000,29000,30000,0.00,739.30,738.58,true,false,false,760.00
826490000,827230000,740000,29000,30000,0.00,739.30,738.58,true,false,false,760.00
827230000,827970000,740000,29000,30000,0.00,739.30,738.58,true,false,false,760.00
827970000,828711000,741000,29000,30000,0.00,739.30,738.58,true,false,false,760.00
828711000,829451000,740000,29000,30000,0.00,739.30,738.58,true,false,false,760.00
829451000,830419000,968000,29000,106000,0.00,739.30,738.58,true,false,false,760.00
830419000,831444000,1025000,11000,125000,0.00,749.51,749.51,true,false,false,760.00
831444000,832212000,768000,7000,39000,0.00,749.51,749.51,true,false,false,760.00
832212000,832964000,752000,14000,34000,0.00,749.51,742.19,true,false,false,760.00
832964000,833701000,737000,21000,29000,0.00,749.51,740.74,true,false,false,760.00
833701000,834426000,725000,20000,25000,0.00,749.51,740.74,true,false,true,760.00
834426000,835155000,729000,22000,26000,2.20,0.00,740.74,true,false,false,760.00
835155000,835880000,725000,22000,25000,2.20,742.91,742.91,true,false,false,760.00
835880000,836602000,722000,23000,24000,2.20,742.91,742.91,true,false,false,760.00
836602000,840245000,3643000,23000,23000,2.20,742.91,787.42,false,true,false,760.00
840245000,841006000,761000,0,37000,0.00,742.91,740.02,true,false,false,773.00
841006000,841782000,776000,16000,42000,0.00,754.15,754.15,true,false,false,773.00
841782000,842537000,755000,25000,35000,0.00,754.15,754.15,true,false,false,773.00
842537000,843278000,741000,26000,30000,0.00,754.15,753.41,true,false,false,773.00
843278000,844021000,743000,27000,31000,0.00,754.15,751.95,true,false,false,773.00
844021000,844758000,737000,27000,29000,0.00,754.15,751.21,true,false,false,773.00
844758000,845495000,737000,28000,29000,0.00,754.15,751.21,true,false,false,773.00
845495000,846233000,738000,28000,29000,0.00,754.15,751.21,true,false,false,773.00
846233000,846970000,737000,28000,29000,0.00,754.15,751.95,true,false,false,773.00
846970000,847707000,737000,28000,29000,0.00,754.15,751.95,true,false,false,773.00
847707000,848444000,737000,28000,29000,0.00,754.15,751.95,true,false,false,773.00
848444000,849182000,738000,28000,29000,0.00,754.15,751.95,true,false,false,773.00
849182000,849919000,737000,28000,29000,0.00,754.15,751.95,true,false,false,773.00
849919000,850657000,738000,28000,29000,0.00,754.15,751.95,true,false,false,773.00
850657000,851394000,737000,28000,29000,0.00,754.15,751.95,true,false,false,773.00
851394000,852131000,737000,28000,29000,0.00,754.15,751.95,true,false,false,773.00
852131000,852868000,737000,28000,29000,0.00,754.15,751.95,true,false,false,773.00
852868000,853833000,965000,28000,105000,0.00,754.15,751.95,true,false,false,773.00
853833000,854831000,998000,10000,116000,0.00,754.15,697.02,true,false,false,773.00
854831000,855599000,768000,9000,39000,0.00,761.58,761.58,true,false,false,773.00
855599000,856346000,747000,17000,32000,0.00,761.58,759.33,true,false,false,773.00
856346000,857086000,740000,24000,30000,0.00,761.58,759.33,true,false,false,773.00
857086000,857817000,731000,22000,27000,0.00,761.58,755.62,true,false,false,773.00
857817000,858549000,732000,24000,27000,0.00,761.58,753.41,true,false,false,773.00
858549000,859280000,731000,24000,27000,0.00,761.58,753.41,true,false,false,773.00
859280000,860008000,728000,25000,26000,0.00,761.58,753.41,true,false,true,773.00
860008000,860737000,729000,25000,26000,2.50,0.00,753.41,true,false,false,773.00
860737000,861465000,728000,25000,26000,2.50,754.15,754.15,true,false,false,773.00
861465000,862193000,728000,25000,26000,2.50,754.15,754.15,true,false,false,773.00
862193000,865857000,3664000,26000,26000,2.50,754.15,802.46,false,true,false,773.00
865857000,866634000,777000,0,42000,0.00,754.15,751.95,true,false,false,781.00
866634000,867420000,786000,16000,45000,0.00,763.44,763.44,true,false,false,781.00
867420000,868182000,762000,25000,37000,0.00,763.44,763.44,true,false,false,781.00
868182000,868925000,743000,25000,31000,0.00,763.44,761.95,true,false,false,781.00
868925000,869668000,743000,27000,31000,0.00,763.44,759.73,true,false,false,781.00
869668000,870405000,737000,27000,29000,0.00,763.44,758.99,true,false,false,781.00
870405000,871142000,737000,28000,29000,0.00,763.44,758.99,true,false,false,781.00
871142000,871879000,737000,28000,29000,0.00,763.44,758.99,true,false,false,781.00
871879000,872616000,737000,28000,29000,0.00,763.44,759.73,true,false,false,781.00
872616000,873353000,737000,28000,29000,0.00,763.44,759.73,true,false,false,781.00
873353000,874091000,738000,28000,29000,0.00,763.44,759.73,true,false,false,781.00
874091000,874828000,737000,28000,29000,0.00,763.44,759.73,true,false,false,781.00
874828000,875565000,737000,28000,29000,0.00,763.44,759.73,true,false,false,781.00
875565000,876302000,737000,28000,29000,0.00,763.44,759.73,true,false,false,781.00
876302000,877288000,986000,28000,112000,0.00,763.44,740.28,true,false,false,781.00
877288000,878280000,992000,9000,114000,0.00,763.44,742.40,true,false,false,781.00
878280000,879044000,764000,9000,38000,0.00,763.44,753.13,true,false,false,781.00
879044000,879781000,737000,17000,29000,0.00,763.44,761.21,true,false,false,781.00
879781000,880521000,740000,23000,30000,0.00,763.44,761.21,true,false,false,781.00
880521000,881253000,732000,23000,27000,0.00,763.44,763.44,true,false,false,781.00
881253000,881985000,732000,24000,27000,0.00,763.44,761.95,true,false,false,781.00
881985000,882713000,728000,25000,26000,0.00,763.44,761.21,true,false,false,781.00
882713000,883441000,728000,25000,26000,0.00,763.44,761.21,true,false,false,781.00
883441000,884170000,729000,25000,26000,0.00,763.44,761.95,true,false,false,781.00
884170000,884898000,728000,25000,26000,0.00,763.44,761.95,true,false,false,781.00
884898000,885626000,728000,25000,26000,0.00,763.44,761.95,true,false,true,781.00
885626000,886354000,728000,25000,26000,2.50,0.00,761.95,true,false,false,781.00
886354000,887082000,728000,25000,26000,2.50,761.95,761.95,true,false,false,781.00
887082000,887810000,728000,25000,26000,2.50,761.95,761.95,true,false,false,781.00
887810000,891475000,3665000,25000,25000,2.50,761.95,810.20,false,true,false,781.00
891475000,892251000,776000,0,42000,0.00,761.95,760.47,true,false,false,788.00
892251000,893037000,786000,15000,45000,0.00,771.04,771.04,true,false,false,788.00
893037000,893795000,758000,24000,36000,0.00,771.04,771.04,true,false,false,788.00
893795000,894538000,743000,24000,31000,0.00,771.04,768.78,true,false,false,788.00
894538000,895281000,743000,26000,31000,0.00,771.04,766.54,true,false,false,788.00
895281000,896019000,738000,26000,29000,0.00,771.04,765.79,true,false,false,788.00
896019000,896756000,737000,27000,29000,0.00,771.04,765.79,true,false,false,788.00
896756000,897493000,737000,28000,29000,0.00,771.04,766.54,true,false,false,788.00
897493000,898227000,734000,28000,28000,0.00,771.04,766.54,true,false,false,788.00
898227000,898961000,734000,28000,28000,0.00,771.04,766.54,true,false,false,788.00
898961000,899695000,734000,28000,28000,0.00,771.04,766.54,true,false,false,788.00
899695000,900685000,990000,28000,113000,0.00,771.04,723.60,true,false,false,788.00
900685000,901617000,932000,8000,94000,0.00,772.55,772.55,true,false,false,788.00
901617000,902378000,761000,17000,37000,0.00,772.55,765.05,true,false,false,788.00
902378000,903112000,734000,17000,28000,0.00,772.55,765.05,true,false,false,788.00
903112000,903849000,737000,22000,29000,0.00,772.55,767.28,true,false,false,788.00
903849000,904580000,731000,23000,27000,0.00,772.55,768.03,true,false,false,788.00
904580000,905309000,729000,24000,26000,0.00,772.55,769.53,true,false,false,788.00
905309000,906037000,728000,24000,26000,0.00,772.55,769.53,true,false,false,788.00
906037000,906763000,726000,25000,25000,0.00,772.55,768.78,true,false,false,788.00
906763000,907489000,726000,25000,25000,0.00,772.55,768.78,true,false,false,788.00
907489000,908214000,725000,25000,25000,0.00,772.55,768.78,true,false,false,788.00
908214000,908939000,725000,25000,25000,0.00,772.55,768.78,true,false,false,788.00
908939000,909665000,726000,25000,25000,0.00,772.55,768.78,true,false,false,788.00
909665000,910391000,726000,25000,25000,0.00,772.55,768.78,true,false,false,788.00
910391000,911117000,726000,25000,25000,0.00,772.55,768.78,true,false,true,788.00
911117000,911842000,725000,25000,25000,2.50,0.00,768.78,true,false,false,788.00
911842000,912567000,725000,25000,25000,2.50,768.78,768.78,true,false,false,788.00
912567000,913292000,725000,25000,25000,2.50,768.78,768.78,true,false,false,788.00
913292000,916957000,3665000,25000,25000,2.50,768.78,816.81,false,true,false,788.00
916957000,917734000,777000,0,42000,0.00,768.78,766.54,true,false,false,794.00
917734000,918519000,785000,15000,45000,0.00,776.91,776.91,true,false,false,794.00
918519000,919278000,759000,24000,36000,0.00,776.91,776.91,true,false,false,794.00
919278000,920018000,740000,24000,30000,0.00,776.91,774.63,true,false,false,794.00
920018000,920758000,740000,26000,30000,0.00,776.91,773.13,true,false,false,794.00
920758000,921495000,737000,26000,29000,0.00,776.91,772.37,true,false,false,794.00
921495000,922229000,734000,27000,28000,0.00,776.91,772.37,true,false,false,794.00
922229000,923035000,806000,27000,52000,0.00,776.91,773.13,true,false,false,794.00
923035000,924013000,978000,52000,109000,0.00,776.91,723.79,true,false,false,794.00
924013000,924835000,822000,10000,57000,0.00,783.04,783.04,true,false,false,794.00
924835000,925602000,767000,24000,39000,0.00,783.04,773.88,true,false,false,794.00
925602000,926345000,743000,19000,31000,0.00,783.04,773.88,true,false,false,794.00
926345000,927088000,743000,24000,31000,0.00,783.04,771.62,true,false,false,794.00
927088000,927825000,737000,25000,29000,0.00,783.04,772.37,true,false,false,794.00
927825000,928559000,734000,26000,28000,0.00,783.04,772.37,true,false,false,794.00
928559000,929293000,734000,27000,28000,0.00,783.04,773.13,true,false,false,794.00
929293000,930028000,735000,27000,28000,0.00,783.04,773.13,true,false,false,794.00
930028000,930762000,734000,27000,28000,0.00,783.04,773.13,true,false,false,794.00
930762000,931493000,731000,27000,27000,0.00,783.04,773.13,true,false,false,794.00
931493000,932224000,731000,27000,27000,0.00,783.04,773.13,true,false,false,794.00
932224000,932955000,731000,27000,27000,0.00,783.04,773.13,true,false,false,794.00
932955000,933687000,732000,27000,27000,0.00,783.04,773.13,true,false,false,794.00
933687000,934419000,732000,27000,27000,0.00,783.04,773.13,true,false,false,794.00
934419000,935150000,731000,27000,27000,0.00,783.04,773.13,true,false,false,794.00
935150000,935881000,731000,27000,27000,0.00,783.04,773.13,true,false,false,794.00
935881000,936612000,731000,27000,27000,0.00,783.04,773.13,true,false,true,794.00
936612000,937343000,731000,27000,27000,2.70,0.00,773.13,true,false,false,794.00
937343000,938075000,732000,27000,27000,2.70,773.13,773.13,true,false,false,794.00
938075000,938806000,731000,27000,27000,2.70,773.13,773.13,true,false,false,794.00
938806000,942486000,3680000,27000,27000,2.70,773.13,823.64,false,true,false,794.00
942486000,943271000,785000,0,45000,0.00,773.13,771.62,true,false,false,798.00
943271000,944068000,797000,14000,49000,0.00,781.59,781.59,true,false,false,798.00
944068000,944833000,765000,26000,38000,0.00,781.59,781.59,true,false,false,798.00
944833000,945579000,746000,25000,32000,0.00,781.59,778.54,true,false,false,798.00
945579000,946394000,815000,27000,55000,0.00,781.59,775.51,true,false,false,798.00
946394000,947386000,992000,53000,114000,0.00,781.59,722.83,true,false,false,798.00
947386000,948301000,915000,11000,88000,0.00,785.43,785.43,true,false,false,798.00
948301000,949072000,771000,27000,40000,0.00,785.43,777.02,true,false,false,798.00
949072000,949818000,746000,22000,32000,0.00,785.43,777.02,true,false,false,798.00
949818000,950565000,747000,26000,32000,0.00,785.43,774.76,true,false,false,798.00
950565000,951305000,740000,27000,30000,0.00,785.43,775.51,true,false,false,798.00
951305000,952045000,740000,28000,30000,0.00,785.43,775.51,true,false,false,798.00
952045000,952782000,737000,28000,29000,0.00,785.43,775.51,true,false,false,798.00
952782000,953519000,737000,29000,29000,0.00,785.43,775.51,true,false,false,798.00
953519000,954256000,737000,29000,29000,0.00,785.43,775.51,true,false,false,798.00
954256000,954993000,737000,29000,29000,0.00,785.43,775.51,true,false,false,798.00
954993000,955730000,737000,29000,29000,0.00,785.43,775.51,true,false,false,798.00
955730000,956467000,737000,29000,29000,0.00,785.43,775.51,true,false,false,798.00
956467000,957204000,737000,29000,29000,0.00,785.43,775.51,true,false,false,798.00
957204000,957941000,737000,29000,29000,0.00,785.43,775.51,true,false,false,798.00
957941000,958679000,738000,29000,29000,0.00,785.43,775.51,true,false,false,798.00
958679000,959416000,737000,29000,29000,0.00,785.43,775.51,true,false,false,798.00
959416000,960153000,737000,29000,29000,0.00,785.43,775.51,true,false,false,798.00
960153000,960890000,737000,29000,29000,0.00,785.43,775.51,true,false,false,798.00
960890000,961628000,738000,29000,29000,0.00,785.43,775.51,true,false,false,798.00
961628000,962365000,737000,29000,29000,0.00,785.43,775.51,true,false,true,798.00
962365000,963102000,737000,29000,29000,2.90,0.00,775.51,true,false,false,798.00
963102000,963839000,737000,29000,29000,2.90,775.51,775.51,true,false,false,798.00
963839000,964576000,737000,29000,29000,2.90,775.51,775.51,true,false,false,798.00
964576000,968268000,3692000,29000,29000,2.90,775.51,828.36,false,true,false,798.00
968268000,969062000,794000,0,48000,0.00,775.51,774.76,true,false,false,799.00
969062000,969869000,807000,12000,52000,0.00,783.33,783.33,true,false,false,799.00
969869000,970738000,869000,34000,73000,0.00,783.33,753.77,true,false,false,799.00
970738000,971572000,834000,20000,61000,0.00,783.33,753.77,true,false,false,799.00
971572000,972330000,758000,19000,36000,0.00,783.33,775.73,true,false,false,799.00
972330000,973073000,743000,25000,31000,0.00,783.33,777.99,true,false,false,799.00
973073000,973816000,743000,28000,31000,0.00,783.33,776.48,true,false,false,799.00
973816000,974556000,740000,27000,30000,0.00,783.33,776.48,true,false,false,799.00
974556000,975296000,740000,28000,30000,0.00,783.33,776.48,true,false,false,799.00
975296000,976033000,737000,29000,29000,0.00,783.33,776.48,true,false,false,799.00
976033000,976771000,738000,29000,29000,0.00,783.33,776.48,true,false,false,799.00
976771000,977508000,737000,29000,29000,0.00,783.33,776.48,true,false,false,799.00
977508000,978245000,737000,29000,29000,0.00,783.33,776.48,true,false,false,799.00
978245000,978982000,737000,29000,29000,0.00,783.33,776.48,true,false,false,799.00
978982000,979719000,737000,29000,29000,0.00,783.33,776.48,true,false,false,799.00
979719000,980456000,737000,29000,29000,0.00,783.33,776.48,true,false,false,799.00
980456000,981194000,738000,29000,29000,0.00,783.33,776.48,true,false,false,799.00
981194000,981931000,737000,29000,29000,0.00,783.33,776.48,true,false,false,799.00
981931000,982669000,738000,29000,29000,0.00,783.33,776.48,true,false,false,799.00
982669000,983406000,737000,29000,29000,0.00,783.33,776.48,true,false,false,799.00
983406000,984143000,737000,29000,29000,0.00,783.33,776.48,true,false,false,799.00
984143000,984880000,737000,29000,29000,0.00,783.33,776.48,true,false,false,799.00
984880000,985617000,737000,29000,29000,0.00,783.33,776.48,true,false,false,799.00
985617000,986355000,738000,29000,29000,0.00,783.33,776.48,true,false,false,799.00
986355000,987092000,737000,29000,29000,0.00,783.33,776.48,true,false,false,799.00
987092000,987830000,738000,29000,29000,0.00,783.33,776.48,true,false,true,799.00
987830000,988567000,737000,29000,29000,2.90,0.00,776.48,true,false,false,799.00
988567000,989305000,738000,29000,29000,2.90,776.48,776.48,true,false,false,799.00
989305000,990042000,737000,29000,29000,2.90,776.48,776.48,true,false,false,799.00
990042000,993844000,3802000,29000,29000,2.90,776.48,798.92,false,true,false,799.00
993844000,994816000,972000,11000,107000,1.10,776.48,763.13,true,false,false,785.00
994816000,995571000,755000,0,35000,0.00,776.48,760.66,true,false,false,785.00
995571000,996302000,731000,1000,27000,0.00,776.48,773.40,true,false,false,785.00
996302000,997021000,719000,15000,23000,0.00,776.48,773.40,true,false,false,785.00
997021000,997731000,710000,14000,20000,0.00,776.48,772.64,true,false,false,785.00
997731000,998445000,714000,16000,21000,0.00,776.48,771.88,true,false,false,785.00
998445000,999153000,708000,16000,19000,0.00,776.48,771.88,true,false,false,785.00
999153000,999861000,708000,17000,19000,0.00,776.48,771.12,true,false,false,785.00
999861000,1000565000,704000,17000,18000,0.00,776.48,771.12,true,false,false,785.00
1000565000,1001269000,704000,17000,18000,0.00,776.48,771.12,true,false,false,785.00
1001269000,1001974000,705000,17000,18000,0.00,776.48,771.12,true,false,false,785.00
1001974000,1002679000,705000,17000,18000,0.00,776.48,771.12,true,false,false,785.00
1002679000,1003383000,704000,17000,18000,0.00,776.48,771.88,true,false,false,785.00
1003383000,1004087000,704000,17000,18000,0.00,776.48,771.88,true,false,false,785.00
1004087000,1004791000,704000,17000,18000,0.00,776.48,771.12,true,false,false,785.00
1004791000,1005495000,704000,17000,18000,0.00,776.48,771.12,true,false,false,785.00
1005495000,1006200000,705000,17000,18000,0.00,776.48,771.12,true,false,false,785.00
1006200000,1006904000,704000,17000,18000,0.00,776.48,771.12,true,false,false,785.00
1006904000,1007608000,704000,17000,18000,0.00,776.48,771.12,true,false,false,785.00
1007608000,1008312000,704000,17000,18000,0.00,776.48,771.12,true,false,false,785.00
1008312000,1009016000,704000,17000,18000,0.00,776.48,771.12,true,false,false,785.00
1009016000,1009720000,704000,17000,18000,0.00,776.48,771.12,true,false,false,785.00
1009720000,1010424000,704000,17000,18000,0.00,776.48,771.12,true,false,false,785.00
1010424000,1011128000,704000,17000,18000,0.00,776.48,771.12,true,false,false,785.00
1011128000,1011832000,704000,17000,18000,0.00,776.48,771.88,true,false,false,785.00
1011832000,1012536000,704000,17000,18000,0.00,776.48,771.12,true,false,true,785.00
1012536000,1013241000,705000,17000,18000,1.70,0.00,771.12,true,false,false,785.00
1013241000,1013945000,704000,17000,18000,1.70,771.12,771.12,true,false,false,785.00
1013945000,1014649000,704000,17000,18000,1.70,771.12,771.12,true,false,false,785.00
1014649000,1018315000,3666000,18000,18000,1.70,771.12,803.45,false,true,false,785.00
1018315000,1019061000,746000,0,32000,0.00,771.12,768.10,true,false,false,796.00
1019061000,1019823000,762000,21000,37000,0.00,776.59,776.59,true,false,false,796.00
1019823000,1020566000,743000,25000,31000,0.00,776.59,776.59,true,false,false,796.00
1020566000,1021306000,740000,26000,30000,0.00,776.59,774.32,true,false,false,796.00
1021306000,1022043000,737000,27000,29000,0.00,776.59,774.32,true,false,false,796.00
1022043000,1022780000,737000,27000,29000,0.00,776.59,774.32,true,false,false,796.00
1022780000,1023514000,734000,28000,28000,0.00,776.59,774.32,true,false,false,796.00
1023514000,1024248000,734000,28000,28000,0.00,776.59,774.32,true,false,false,796.00
1024248000,1024983000,735000,28000,28000,0.00,776.59,774.32,true,false,false,796.00
1024983000,1025717000,734000,28000,28000,0.00,776.59,774.32,true,false,false,796.00
1025717000,1026451000,734000,28000,28000,0.00,776.59,774.32,true,false,false,796.00
1026451000,1027185000,734000,28000,28000,0.00,776.59,774.32,true,false,false,796.00
1027185000,1027919000,734000,28000,28000,0.00,776.59,774.32,true,false,false,796.00
1027919000,1028653000,734000,28000,28000,0.00,776.59,774.32,true,false,false,796.00
1028653000,1029387000,734000,28000,28000,0.00,776.59,774.32,true,false,false,796.00
1029387000,1030121000,734000,28000,28000,0.00,776.59,774.32,true,false,false,796.00
1030121000,1030855000,734000,28000,28000,0.00,776.59,774.32,true,false,false,796.00
1030855000,1031590000,735000,28000,28000,0.00,776.59,774.32,true,false,false,796.00
1031590000,1032324000,734000,28000,28000,0.00,776.59,774.32,true,false,false,796.00
1032324000,1033058000,734000,28000,28000,0.00,776.59,774.32,true,false,false,796.00
1033058000,1033792000,734000,28000,28000,0.00,776.59,774.32,true,false,false,796.00
1033792000,1034526000,734000,28000,28000,0.00,776.59,774.32,true,false,false,796.00
1034526000,1035260000,734000,28000,28000,0.00,776.59,774.32,true,false,false,796.00
1035260000,1035994000,734000,28000,28000,0.00,776.59,774.32,true,false,false,796.00
1035994000,1036728000,734000,28000,28000,0.00,776.59,774.32,true,false,false,796.00
1036728000,1037463000,735000,28000,28000,0.00,776.59,774.32,true,false,true,796.00
1037463000,1038389000,926000,28000,92000,2.80,0.00,774.32,true,false,false,796.00
1038389000,1039372000,983000,17000,111000,1.70,722.98,722.98,true,false,false,796.00
1039372000,1040139000,767000,10000,39000,1.00,785.78,785.78,true,false,false,796.00
1040139000,1043754000,3615000,39000,39000,1.00,785.78,795.39,false,true,false,796.00
1043754000,1044501000,747000,9000,32000,0.90,785.78,795.39,true,false,false,800.00
1044501000,1045259000,758000,26000,36000,0.90,785.78,769.08,true,false,false,800.00
1045259000,1046005000,746000,26000,32000,0.90,785.78,775.19,true,false,false,800.00
1046005000,1046749000,744000,28000,31000,0.90,785.78,775.19,true,false,false,800.00
1046749000,1047489000,740000,29000,30000,0.90,785.78,777.45,true,false,false,800.00
1047489000,1048229000,740000,29000,30000,0.90,785.78,777.45,true,false,false,800.00
1048229000,1048969000,740000,29000,30000,0.90,785.78,776.70,true,false,false,800.00
1048969000,1049709000,740000,29000,30000,0.90,785.78,776.70,true,false,false,800.00
1049709000,1050449000,740000,29000,30000,0.90,785.78,777.45,true,false,false,800.00
1050449000,1051189000,740000,29000,30000,0.90,785.78,777.45,true,false,false,800.00
1051189000,1051929000,740000,29000,30000,0.90,785.78,777.45,true,false,false,800.00
1051929000,1052669000,740000,29000,30000,0.90,785.78,776.70,true,false,false,800.00
1052669000,1053409000,740000,29000,30000,0.90,785.78,776.70,true,false,false,800.00
1053409000,1054149000,740000,29000,30000,0.90,785.78,776.70,true,false,false,800.00
1054149000,1054890000,741000,29000,30000,0.90,785.78,776.70,true,false,false,800.00
1054890000,1055630000,740000,29000,30000,0.90,785.78,776.70,true,false,false,800.00
1055630000,1056370000,740000,29000,30000,0.90,785.78,776.70,true,false,false,800.00
1056370000,1057111000,741000,29000,30000,0.90,785.78,776.70,true,false,false,800.00
1057111000,1057851000,740000,29000,30000,0.90,785.78,776.70,true,false,false,800.00
1057851000,1058591000,740000,29000,30000,0.90,785.78,776.70,true,false,false,800.00
1058591000,1059331000,740000,29000,30000,0.90,785.78,776.70,true,false,false,800.00
1059331000,1060071000,740000,29000,30000,0.90,785.78,776.70,true,false,false,800.00
1060071000,1060811000,740000,29000,30000,0.90,785.78,777.45,true,false,false,800.00
1060811000,1061803000,992000,29000,114000,0.90,785.78,742.80,true,false,false,800.00
1061803000,1062804000,1001000,13000,117000,0.90,785.78,770.71,true,false,false,800.00
1062804000,1063577000,773000,12000,41000,0.90,785.78,772.20,true,false,true,800.00
1063577000,1064323000,746000,22000,32000,2.20,0.00,772.20,true,false,false,800.00
1064323000,1065073000,750000,28000,33000,2.20,775.19,775.19,true,false,false,800.00
1065073000,1065816000,743000,27000,31000,2.20,776.70,776.70,true,false,false,800.00
1065816000,1069479000,3663000,30000,30000,2.20,776.70,819.04,false,true,false,800.00
1069479000,1070255000,776000,0,42000,0.00,776.70,782.01,true,false,false,806.00
1070255000,1071043000,788000,24000,46000,0.00,785.58,785.58,true,false,false,806.00
1071043000,1071807000,764000,29000,38000,0.00,785.58,785.58,true,false,false,806.00
1071807000,1072556000,749000,29000,33000,0.00,785.58,781.01,true,false,false,806.00
1072556000,1073309000,753000,31000,34000,0.00,785.58,780.25,true,false,false,806.00
1073309000,1074058000,749000,31000,33000,0.00,785.58,781.01,true,false,false,806.00
1074058000,1074807000,749000,31000,33000,0.00,785.58,781.01,true,false,false,806.00
1074807000,1075553000,746000,31000,32000,0.00,785.58,781.01,true,false,false,806.00
1075553000,1076300000,747000,31000,32000,0.00,785.58,781.01,true,false,false,806.00
1076300000,1077046000,746000,32000,32000,0.00,785.58,781.01,true,false,false,806.00
1077046000,1077792000,746000,32000,32000,0.00,785.58,781.01,true,false,false,806.00
1077792000,1078538000,746000,32000,32000,0.00,785.58,781.01,true,false,false,806.00
1078538000,1079284000,746000,32000,32000,0.00,785.58,781.01,true,false,false,806.00
1079284000,1080031000,747000,32000,32000,0.00,785.58,781.01,true,false,false,806.00
1080031000,1080777000,746000,32000,32000,0.00,785.58,781.01,true,false,false,806.00
1080777000,1081523000,746000,32000,32000,0.00,785.58,781.01,true,false,false,806.00
1081523000,1082269000,746000,32000,32000,0.00,785.58,781.01,true,false,false,806.00
1082269000,1083015000,746000,32000,32000,0.00,785.58,781.01,true,false,false,806.00
1083015000,1083761000,746000,32000,32000,0.00,785.58,781.01,true,false,false,806.00
1083761000,1084507000,746000,32000,32000,0.00,785.58,781.01,true,false,false,806.00
1084507000,1085523000,1016000,32000,122000,0.00,785.58,722.87,true,false,false,806.00
1085523000,1086494000,971000,9000,107000,0.00,794.87,794.87,true,false,false,806.00
1086494000,1087264000,770000,14000,40000,0.00,794.87,794.87,true,false,false,806.00
1087264000,1088007000,743000,22000,31000,0.00,794.87,786.34,true,false,false,806.00
1088007000,1088753000,746000,27000,32000,0.00,794.87,782.52,true,false,false,806.00
1088753000,1089493000,740000,27000,30000,0.00,794.87,782.52,true,false,true,806.00
1089493000,1090234000,741000,28000,30000,2.80,0.00,782.52,true,false,false,806.00
1090234000,1090971000,737000,28000,29000,2.80,783.28,783.28,true,false,false,806.00
1090971000,1091708000,737000,29000,29000,2.80,783.28,783.28,true,false,false,806.00
1091708000,1095398000,3690000,29000,29000,2.80,783.28,833.96,false,true,false,806.00
1095398000,1096189000,791000,0,47000,0.00,783.28,784.05,true,false,false,807.00
1096189000,1096992000,803000,14000,51000,0.00,791.18,791.18,true,false,false,807.00
1096992000,1097759000,767000,27000,39000,0.00,791.18,791.18,true,false,false,807.00
1097759000,1098506000,747000,25000,32000,0.00,791.18,785.78,true,false,false,807.00
1098506000,1099252000,746000,28000,32000,0.00,791.18,783.50,true,false,false,807.00
1099252000,1099992000,740000,28000,30000,0.00,791.18,783.50,true,false,false,807.00
1099992000,1100732000,740000,28000,30000,0.00,791.18,783.50,true,false,false,807.00
1100732000,1101473000,741000,29000,30000,0.00,791.18,784.26,true,false,false,807.00
1101473000,1102210000,737000,29000,29000,0.00,791.18,784.26,true,false,false,807.00
1102210000,1102948000,738000,29000,29000,0.00,791.18,784.26,true,false,false,807.00
1102948000,1103686000,738000,29000,29000,0.00,791.18,784.26,true,false,false,807.00
1103686000,1104423000,737000,29000,29000,0.00,791.18,784.26,true,false,false,807.00
1104423000,1105161000,738000,29000,29000,0.00,791.18,784.26,true,false,false,807.00
1105161000,1105898000,737000,29000,29000,0.00,791.18,784.26,true,false,false,807.00
1105898000,1106635000,737000,29000,29000,0.00,791.18,784.26,true,false,false,807.00
1106635000,1107372000,737000,29000,29000,0.00,791.18,784.26,true,false,false,807.00
1107372000,1108109000,737000,29000,29000,0.00,791.18,784.26,true,false,false,807.00
1108109000,1109104000,995000,29000,115000,0.00,791.18,784.26,true,false,false,807.00
1109104000,1110087000,983000,11000,111000,0.00,791.18,738.33,true,false,false,807.00
1110087000,1110858000,771000,11000,40000,0.00,791.18,781.98,true,false,false,807.00
1110858000,1111604000,746000,23000,32000,0.00,791.18,785.78,true,false,false,807.00
1111604000,1112350000,746000,27000,32000,0.00,791.18,785.02,true,false,false,807.00
1112350000,1113093000,743000,27000,31000,0.00,791.18,785.02,true,false,false,807.00
1113093000,1113833000,740000,28000,30000,0.00,791.18,784.26,true,false,false,807.00
1113833000,1114573000,740000,29000,30000,0.00,791.18,784.26,true,false,false,807.00
1114573000,1115311000,738000,29000,29000,0.00,791.18,784.26,true,false,true,807.00
1115311000,1116049000,738000,29000,29000,2.90,0.00,784.26,true,false,false,807.00
1116049000,1116786000,737000,29000,29000,2.90,784.26,784.26,true,false,false,807.00
1116786000,1117523000,737000,29000,29000,2.90,784.26,784.26,true,false,false,807.00
1117523000,1121219000,3696000,29000,29000,2.90,784.26,835.35,false,true,false,807.00
1121219000,1122014000,795000,0,48000,0.00,784.26,784.26,true,false,false,807.00
1122014000,1122820000,806000,12000,52000,0.00,791.18,791.18,true,false,false,807.00
1122820000,1123587000,767000,27000,39000,0.00,791.18,791.18,true,false,false,807.00
1123587000,1124333000,746000,25000,32000,0.00,791.18,785.78,true,false,false,807.00
1124333000,1125079000,746000,27000,32000,0.00,791.18,783.50,true,false,false,807.00
1125079000,1125820000,741000,28000,30000,0.00,791.18,784.26,true,false,false,807.00
1125820000,1126560000,740000,28000,30000,0.00,791.18,784.26,true,false,false,807.00
1126560000,1127300000,740000,29000,30000,0.00,791.18,784.26,true,false,false,807.00
1127300000,1128041000,741000,29000,30000,0.00,791.18,784.26,true,false,false,807.00
1128041000,1128781000,740000,29000,30000,0.00,791.18,784.26,true,false,false,807.00
1128781000,1129518000,737000,29000,29000,0.00,791.18,784.26,true,false,false,807.00
1129518000,1130255000,737000,29000,29000,0.00,791.18,784.26,true,false,false,807.00
1130255000,1130992000,737000,29000,29000,0.00,791.18,784.26,true,false,false,807.00
1130992000,1131730000,738000,29000,29000,0.00,791.18,784.26,true,false,false,807.00
1131730000,1132716000,986000,29000,112000,0.00,791.18,784.26,true,false,false,807.00
1132716000,1133699000,983000,14000,111000,0.00,791.18,738.33,true,false,false,807.00
1133699000,1134469000,770000,11000,40000,0.00,791.18,782.74,true,false,false,807.00
1134469000,1135215000,746000,23000,32000,0.00,791.18,786.55,true,false,false,807.00
1135215000,1135961000,746000,27000,32000,0.00,791.18,786.55,true,false,false,807.00
1135961000,1136704000,743000,27000,31000,0.00,791.18,785.02,true,false,false,807.00
1136704000,1137444000,740000,28000,30000,0.00,791.18,783.50,true,false,false,807.00
1137444000,1138185000,741000,29000,30000,0.00,791.18,784.26,true,false,false,807.00
1138185000,1138925000,740000,29000,30000,0.00,791.18,784.26,true,false,false,807.00
1138925000,1139662000,737000,29000,29000,0.00,791.18,784.26,true,false,false,807.00
1139662000,1140400000,738000,29000,29000,0.00,791.18,784.26,true,false,false,807.00
1140400000,1141137000,737000,29000,29000,0.00,791.18,784.26,true,false,true,807.00
1141137000,1141874000,737000,29000,29000,2.90,0.00,784.26,true,false,false,807.00
1141874000,1142612000,738000,29000,29000,2.90,784.26,784.26,true,false,false,807.00
1142612000,1143349000,737000,29000,29000,2.90,784.26,784.26,true,false,false,807.00
1143349000,1147044000,3695000,29000,29000,2.90,784.26,836.13,false,true,false,807.00
1147044000,1147838000,794000,0,48000,0.00,784.26,783.50,true,false,false,807.00
1147838000,1148644000,806000,13000,52000,0.00,791.18,791.18,true,false,false,807.00
1148644000,1149412000,768000,27000,39000,0.00,791.18,791.18,true,false,false,807.00
1149412000,1150158000,746000,25000,32000,0.00,791.18,786.55,true,false,false,807.00
1150158000,1150904000,746000,27000,32000,0.00,791.18,783.50,true,false,false,807.00
1150904000,1151644000,740000,28000,30000,0.00,791.18,783.50,true,false,false,807.00
1151644000,1152384000,740000,28000,30000,0.00,791.18,783.50,true,false,false,807.00
1152384000,1153124000,740000,29000,30000,0.00,791.18,784.26,true,false,false,807.00
1153124000,1153861000,737000,29000,29000,0.00,791.18,784.26,true,false,false,807.00
1153861000,1154598000,737000,29000,29000,0.00,791.18,784.26,true,false,false,807.00
1154598000,1155335000,737000,29000,29000,0.00,791.18,784.26,true,false,false,807.00
1155335000,1156312000,977000,29000,109000,0.00,791.18,765.65,true,false,false,807.00
1156312000,1157298000,986000,14000,112000,0.00,791.18,760.60,true,false,false,807.00
1157298000,1158068000,770000,11000,40000,0.00,791.18,778.96,true,false,false,807.00
1158068000,1158818000,750000,23000,33000,0.00,791.18,785.02,true,false,false,807.00
1158818000,1159567000,749000,28000,33000,0.00,791.18,785.02,true,false,false,807.00
1159567000,1160307000,740000,27000,30000,0.00,791.18,785.02,true,false,false,807.00
1160307000,1161047000,740000,28000,30000,0.00,791.18,784.26,true,false,false,807.00
1161047000,1161787000,740000,29000,30000,0.00,791.18,784.26,true,false,false,807.00
1161787000,1162524000,737000,29000,29000,0.00,791.18,784.26,true,false,false,807.00
1162524000,1163261000,737000,29000,29000,0.00,791.18,784.26,true,false,false,807.00
1163261000,1163998000,737000,29000,29000,0.00,791.18,784.26,true,false,false,807.00
1163998000,1164735000,737000,29000,29000,0.00,791.18,784.26,true,false,false,807.00
1164735000,1165473000,738000,29000,29000,0.00,791.18,784.26,true,false,false,807.00
1165473000,1166210000,737000,29000,29000,0.00,791.18,784.26,true,false,false,807.00
1166210000,1166947000,737000,29000,29000,0.00,791.18,784.26,true,false,true,807.00
1166947000,1167684000,737000,29000,29000,2.90,0.00,784.26,true,false,false,807.00
1167684000,1168421000,737000,29000,29000,2.90,784.26,784.26,true,false,false,807.00
1168421000,1169158000,737000,29000,29000,2.90,784.26,784.26,true,false,false,807.00
1169158000,1172853000,3695000,29000,29000,2.90,784.26,836.13,false,true,false,807.00
1172853000,1173644000,791000,0,47000,0.00,784.26,782.74,true,false,false,807.00
1173644000,1174450000,806000,13000,52000,0.00,791.18,791.18,true,false,false,807.00
1174450000,1175217000,767000,27000,39000,0.00,791.18,791.18,true,false,false,807.00
1175217000,1175963000,746000,25000,32000,0.00,791.18,786.55,true,false,false,807.00
1175963000,1176709000,746000,27000,32000,0.00,791.18,783.50,true,false,false,807.00
1176709000,1177449000,740000,28000,30000,0.00,791.18,783.50,true,false,false,807.00
1177449000,1178189000,740000,28000,30000,0.00,791.18,783.50,true,false,false,807.00
1178189000,1178930000,741000,29000,30000,0.00,791.18,784.26,true,false,false,807.00
1178930000,1179922000,992000,29000,114000,0.00,791.18,749.30,true,false,false,807.00
1179922000,1180918000,996000,13000,115000,0.00,791.18,779.71,true,false,false,807.00
1180918000,1181688000,770000,11000,40000,0.00,791.18,778.96,true,false,false,807.00
1181688000,1182435000,747000,22000,32000,0.00,791.18,778.96,true,false,false,807.00
1182435000,1183184000,749000,27000,33000,0.00,791.18,782.74,true,false,false,807.00
1183184000,1183927000,743000,27000,31000,0.00,791.18,784.26,true,false,false,807.00
1183927000,1184667000,740000,28000,30000,0.00,791.18,784.26,true,false,false,807.00
1184667000,1185407000,740000,29000,30000,0.00,791.18,784.26,true,false,false,807.00
1185407000,1186144000,737000,29000,29000,0.00,791.18,784.26,true,false,false,807.00
1186144000,1186881000,737000,29000,29000,0.00,791.18,784.26,true,false,false,807.00
1186881000,1187618000,737000,29000,29000,0.00,791.18,784.26,true,false,false,807.00
1187618000,1188355000,737000,29000,29000,0.00,791.18,784.26,true,false,false,807.00
1188355000,1189092000,737000,29000,29000,0.00,791.18,784.26,true,false,false,807.00
1189092000,1189829000,737000,29000,29000,0.00,791.18,784.26,true,false,false,807.00
1189829000,1190566000,737000,29000,29000,0.00,791.18,784.26,true,false,false,807.00
1190566000,1191303000,737000,29000,29000,0.00,791.18,784.26,true,false,false,807.00
1191303000,1192041000,738000,29000,29000,0.00,791.18,784.26,true,false,false,807.00
1192041000,1192779000,738000,29000,29000,0.00,791.18,784.26,true,false,true,807.00
1192779000,1193516000,737000,29000,29000,2.90,0.00,784.26,true,false,false,807.00
1193516000,1194253000,737000,29000,29000,2.90,784.26,784.26,true,false,false,807.00
1194253000,1194990000,737000,29000,29000,2.90,784.26,784.26,true,false,false,807.00
1194990000,1198686000,3696000,29000,29000,2.90,784.26,836.91,false,true,false,807.00
1198686000,1199477000,791000,0,47000,0.00,784.26,783.50,true,false,false,807.00
1199477000,1200283000,806000,13000,52000,0.00,791.18,791.18,true,false,false,807.00
1200283000,1201050000,767000,27000,39000,0.00,791.18,791.18,true,false,false,807.00
1201050000,1201796000,746000,25000,32000,0.00,791.18,786.55,true,false,false,807.00
1201796000,1202542000,746000,27000,32000,0.00,791.18,783.50,true,false,false,807.00
1202542000,1203514000,972000,28000,107000,0.00,791.18,739.69,true,false,false,807.00
1203514000,1204500000,986000,14000,112000,0.00,791.18,791.18,true,false,false,807.00
1204500000,1205270000,770000,11000,40000,0.00,791.18,779.71,true,false,false,807.00
1205270000,1206019000,749000,23000,33000,0.00,791.18,779.71,true,false,false,807.00
1206019000,1206768000,749000,27000,33000,0.00,791.18,782.74,true,false,false,807.00
1206768000,1207511000,743000,27000,31000,0.00,791.18,783.50,true,false,false,807.00
1207511000,1208251000,740000,28000,30000,0.00,791.18,783.50,true,false,false,807.00
1208251000,1208991000,740000,29000,30000,0.00,791.18,784.26,true,false,false,807.00
1208991000,1209731000,740000,29000,30000,0.00,791.18,784.26,true,false,false,807.00
1209731000,1210468000,737000,29000,29000,0.00,791.18,784.26,true,false,false,807.00
1210468000,1211205000,737000,29000,29000,0.00,791.18,784.26,true,false,false,807.00
1211205000,1211942000,737000,29000,29000,0.00,791.18,784.26,true,false,false,807.00
1211942000,1212679000,737000,29000,29000,0.00,791.18,784.26,true,false,false,807.00
1212679000,1213416000,737000,29000,29000,0.00,791.18,784.26,true,false,false,807.00
1213416000,1214154000,738000,29000,29000,0.00,791.18,784.26,true,false,false,807.00
1214154000,1214891000,737000,29000,29000,0.00,791.18,784.26,true,false,false,807.00
1214891000,1215628000,737000,29000,29000,0.00,791.18,784.26,true,false,false,807.00
1215628000,1216365000,737000,29000,29000,0.00,791.18,784.26,true,false,false,807.00
1216365000,1217102000,737000,29000,29000,0.00,791.18,784.26,true,false,false,807.00
1217102000,1217839000,737000,29000,29000,0.00,791.18,784.26,true,false,false,807.00
1217839000,1218576000,737000,29000,29000,0.00,791.18,784.26,true,false,true,807.00
1218576000,1219314000,738000,29000,29000,2.90,0.00,784.26,true,false,false,807.00
1219314000,1220051000,737000,29000,29000,2.90,784.26,784.26,true,false,false,807.00
1220051000,1220788000,737000,29000,29000,2.90,784.26,784.26,true,false,false,807.00
1220788000,1224484000,3696000,29000,29000,2.90,784.26,836.13,false,true,false,807.00
1224484000,1225278000,794000,0,48000,0.00,784.26,784.26,true,false,false,807.00
1225278000,1226084000,806000,13000,52000,0.00,791.18,791.18,true,false,false,807.00
1226084000,1226953000,869000,27000,73000,0.00,791.18,752.80,true,false,false,807.00
1226953000,1227825000,872000,18000,74000,0.00,791.18,752.80,true,false,false,807.00
1227825000,1228583000,758000,18000,36000,0.00,791.95,791.95,true,false,false,807.00
1228583000,1229338000,755000,24000,35000,0.00,791.95,786.55,true,false,false,807.00
1229338000,1230084000,746000,27000,32000,0.00,791.95,783.50,true,false,false,807.00
1230084000,1230825000,741000,27000,30000,0.00,791.95,783.50,true,false,false,807.00
1230825000,1231566000,741000,28000,30000,0.00,791.95,783.50,true,false,false,807.00
1231566000,1232306000,740000,28000,30000,0.00,791.95,784.26,true,false,false,807.00
1232306000,1233047000,741000,29000,30000,0.00,791.95,784.26,true,false,false,807.00
1233047000,1233788000,741000,29000,30000,0.00,791.95,784.26,true,false,false,807.00
1233788000,1234528000,740000,29000,30000,0.00,791.95,784.26,true,false,false,807.00
1234528000,1235269000,741000,29000,30000,0.00,791.95,784.26,true,false,false,807.00
1235269000,1236009000,740000,29000,30000,0.00,791.95,784.26,true,false,false,807.00
1236009000,1236746000,737000,29000,29000,0.00,791.95,784.26,true,false,false,807.00
1236746000,1237484000,738000,29000,29000,0.00,791.95,784.26,true,false,false,807.00
1237484000,1238222000,738000,29000,29000,0.00,791.95,784.26,true,false,false,807.00
1238222000,1238960000,738000,29000,29000,0.00,791.95,784.26,true,false,false,807.00
1238960000,1239697000,737000,29000,29000,0.00,791.95,784.26,true,false,false,807.00
1239697000,1240434000,737000,29000,29000,0.00,791.95,784.26,true,false,false,807.00
1240434000,1241171000,737000,29000,29000,0.00,791.95,784.26,true,false,false,807.00
1241171000,1241908000,737000,29000,29000,0.00,791.95,784.26,true,false,false,807.00
1241908000,1242646000,738000,29000,29000,0.00,791.95,784.26,true,false,false,807.00
1242646000,1243383000,737000,29000,29000,0.00,791.95,784.26,true,false,false,807.00
1243383000,1244120000,737000,29000,29000,0.00,791.95,784.26,true,false,true,807.00
1244120000,1244858000,738000,29000,29000,2.90,0.00,784.26,true,false,false,807.00
1244858000,1245595000,737000,29000,29000,2.90,784.26,784.26,true,false,false,807.00
1245595000,1246332000,737000,29000,29000,2.90,784.26,784.26,true,false,false,807.00
1246332000,1250136000,3804000,29000,29000,2.90,784.26,815.62,false,true,false,807.00
1250136000,1251116000,980000,16000,110000,1.60,784.26,749.30,true,false,false,796.00
1251116000,1251877000,761000,0,37000,0.00,784.26,777.34,true,false,false,796.00
1251877000,1252629000,752000,1000,34000,0.00,784.26,783.46,true,false,false,796.00
1252629000,1253357000,728000,16000,26000,0.00,784.26,783.46,true,false,false,796.00
1253357000,1254067000,710000,14000,20000,0.00,784.26,784.24,true,false,false,796.00
1254067000,1254780000,713000,17000,21000,0.00,784.26,781.93,true,false,false,796.00
1254780000,1255490000,710000,17000,20000,0.00,784.26,781.93,true,false,false,796.00
1255490000,1256201000,711000,18000,20000,0.00,784.26,781.93,true,false,false,796.00
1256201000,1256908000,707000,18000,19000,0.00,784.26,781.16,true,false,false,796.00
1256908000,1257616000,708000,18000,19000,0.00,784.26,781.16,true,false,false,796.00
1257616000,1258323000,707000,18000,19000,0.00,784.26,781.16,true,false,false,796.00
1258323000,1259030000,707000,18000,19000,0.00,784.26,781.16,true,false,false,796.00
1259030000,1259737000,707000,18000,19000,0.00,784.26,781.93,true,false,false,796.00
1259737000,1260444000,707000,18000,19000,0.00,784.26,781.93,true,false,false,796.00
1260444000,1261151000,707000,18000,19000,0.00,784.26,781.93,true,false,false,796.00
1261151000,1261858000,707000,18000,19000,0.00,784.26,781.16,true,false,false,796.00
1261858000,1262565000,707000,18000,19000,0.00,784.26,781.16,true,false,false,796.00
1262565000,1263272000,707000,18000,19000,0.00,784.26,781.93,true,false,false,796.00
1263272000,1263979000,707000,18000,19000,0.00,784.26,781.16,true,false,false,796.00
1263979000,1264686000,707000,18000,19000,0.00,784.26,781.16,true,false,false,796.00
1264686000,1265393000,707000,18000,19000,0.00,784.26,781.16,true,false,false,796.00
1265393000,1266101000,708000,18000,19000,0.00,784.26,781.93,true,false,false,796.00
1266101000,1266808000,707000,18000,19000,0.00,784.26,781.16,true,false,false,796.00
1266808000,1267515000,707000,18000,19000,0.00,784.26,781.16,true,false,false,796.00
1267515000,1268222000,707000,18000,19000,0.00,784.26,781.93,true,false,false,796.00
1268222000,1268930000,708000,18000,19000,0.00,784.26,781.16,true,false,true,796.00
1268930000,1269637000,707000,18000,19000,1.80,0.00,781.16,true,false,false,796.00
1269637000,1270344000,707000,18000,19000,1.80,781.16,781.16,true,false,false,796.00
1270344000,1271051000,707000,18000,19000,1.80,781.93,781.93,true,false,false,796.00
1271051000,1274723000,3672000,18000,18000,1.80,781.93,813.16,false,true,false,796.00
1274723000,1275475000,752000,0,34000,0.00,781.93,777.34,true,false,false,804.00
1275475000,1276243000,768000,22000,39000,0.00,784.39,784.39,true,false,false,804.00
1276243000,1276989000,746000,25000,32000,0.00,784.39,784.39,true,false,false,804.00
1276989000,1277729000,740000,26000,30000,0.00,784.39,782.10,true,false,false,804.00
1277729000,1278469000,740000,27000,30000,0.00,784.39,782.10,true,false,false,804.00
1278469000,1279206000,737000,27000,29000,0.00,784.39,782.10,true,false,false,804.00
1279206000,1279943000,737000,28000,29000,0.00,784.39,782.10,true,false,false,804.00
1279943000,1280677000,734000,28000,28000,0.00,784.39,782.10,true,false,false,804.00
1280677000,1281411000,734000,28000,28000,0.00,784.39,782.10,true,false,false,804.00
1281411000,1282145000,734000,28000,28000,0.00,784.39,782.10,true,false,false,804.00
1282145000,1282879000,734000,28000,28000,0.00,784.39,782.10,true,false,false,804.00
1282879000,1283613000,734000,28000,28000,0.00,784.39,782.10,true,false,false,804.00
1283613000,1284347000,734000,28000,28000,0.00,784.39,782.10,true,false,false,804.00
1284347000,1285081000,734000,28000,28000,0.00,784.39,782.10,true,false,false,804.00
1285081000,1285815000,734000,28000,28000,0.00,784.39,782.10,true,false,false,804.00
1285815000,1286550000,735000,28000,28000,0.00,784.39,782.10,true,false,false,804.00
1286550000,1287285000,735000,28000,28000,0.00,784.39,782.10,true,false,false,804.00
1287285000,1288019000,734000,28000,28000,0.00,784.39,782.10,true,false,false,804.00
1288019000,1288753000,734000,28000,28000,0.00,784.39,782.10,true,false,false,804.00
1288753000,1289487000,734000,28000,28000,0.00,784.39,782.10,true,false,false,804.00
1289487000,1290221000,734000,28000,28000,0.00,784.39,782.10,true,false,false,804.00
1290221000,1290955000,734000,28000,28000,0.00,784.39,782.10,true,false,false,804.00
1290955000,1291690000,735000,28000,28000,0.00,784.39,782.10,true,false,false,804.00
1291690000,1292425000,735000,28000,28000,0.00,784.39,782.10,true,false,false,804.00
1292425000,1293159000,734000,28000,28000,0.00,784.39,782.10,true,false,false,804.00
1293159000,1293893000,734000,28000,28000,0.00,784.39,782.10,true,false,true,804.00
1293893000,1294810000,917000,28000,89000,2.80,0.00,782.10,true,false,false,804.00
1294810000,1295787000,977000,25000,109000,2.50,730.91,730.91,true,false,false,804.00
1295787000,1296554000,767000,11000,39000,1.10,792.90,792.90,true,false,false,804.00
1296554000,1300168000,3614000,37000,37000,1.10,792.90,797.69,false,true,false,804.00
1300168000,1300917000,749000,7000,33000,0.70,792.90,797.69,true,false,false,808.00
1300917000,1301678000,761000,26000,37000,0.70,792.90,780.58,true,false,false,808.00
1301678000,1302425000,747000,26000,32000,0.70,792.90,784.47,true,false,false,808.00
1302425000,1303168000,743000,28000,31000,0.70,792.90,784.47,true,false,false,808.00
1303168000,1303909000,741000,29000,30000,0.70,792.90,785.23,true,false,false,808.00
1303909000,1304649000,740000,29000,30000,0.70,792.90,785.23,true,false,false,808.00
1304649000,1305390000,741000,29000,30000,0.70,792.90,784.47,true,false,false,808.00
1305390000,1306130000,740000,29000,30000,0.70,792.90,784.47,true,false,false,808.00
1306130000,1306870000,740000,29000,30000,0.70,792.90,785.23,true,false,false,808.00
1306870000,1307611000,741000,29000,30000,0.70,792.90,784.47,true,false,false,808.00
1307611000,1308351000,740000,29000,30000,0.70,792.90,784.47,true,false,false,808.00
1308351000,1309091000,740000,29000,30000,0.70,792.90,785.23,true,false,false,808.00
1309091000,1309831000,740000,29000,30000,0.70,792.90,784.47,true,false,false,808.00
1309831000,1310571000,740000,29000,30000,0.70,792.90,784.47,true,false,false,808.00
1310571000,1311311000,740000,29000,30000,0.70,792.90,784.47,true,false,false,808.00
1311311000,1312051000,740000,29000,30000,0.70,792.90,784.47,true,false,false,808.00
1312051000,1312791000,740000,29000,30000,0.70,792.90,784.47,true,false,false,808.00
1312791000,1313531000,740000,29000,30000,0.70,792.90,784.47,true,false,false,808.00
1313531000,1314271000,740000,29000,30000,0.70,792.90,784.47,true,false,false,808.00
1314271000,1315011000,740000,29000,30000,0.70,792.90,784.47,true,false,false,808.00
1315011000,1315751000,740000,29000,30000,0.70,792.90,784.47,true,false,false,808.00
1315751000,1316492000,741000,29000,30000,0.70,792.90,784.47,true,false,false,808.00
1316492000,1317232000,740000,29000,30000,0.70,792.90,784.47,true,false,false,808.00
1317232000,1318197000,965000,29000,105000,0.70,792.90,760.11,true,false,false,808.00
1318197000,1319192000,995000,14000,115000,0.70,792.90,768.06,true,false,false,808.00
1319192000,1319962000,770000,11000,40000,0.70,792.90,779.92,true,false,true,808.00
1319962000,1320724000,762000,23000,37000,2.30,0.00,779.92,true,false,false,808.00
1320724000,1321474000,750000,28000,33000,2.30,782.19,782.19,true,false,false,808.00
1321474000,1322217000,743000,27000,31000,2.30,785.23,785.23,true,false,false,808.00
1322217000,1325886000,3669000,30000,30000,2.30,785.23,828.01,false,true,false,808.00
1325886000,1326665000,779000,0,43000,0.00,785.23,791.38,true,false,false,812.00
1326665000,1327456000,791000,22000,47000,0.00,790.65,790.65,true,false,false,812.00
1327456000,1328217000,761000,28000,37000,0.00,790.65,790.65,true,false,false,812.00
1328217000,1328966000,749000,28000,33000,0.00,790.65,786.82,true,false,false,812.00
1328966000,1329715000,749000,30000,33000,0.00,790.65,786.82,true,false,false,812.00
1329715000,1330462000,747000,30000,32000,0.00,790.65,786.82,true,false,false,812.00
1330462000,1331209000,747000,31000,32000,0.00,790.65,786.82,true,false,false,812.00
1331209000,1331956000,747000,31000,32000,0.00,790.65,787.58,true,false,false,812.00
1331956000,1332702000,746000,31000,32000,0.00,790.65,787.58,true,false,false,812.00
1332702000,1333448000,746000,31000,32000,0.00,790.65,787.58,true,false,false,812.00
1333448000,1334195000,747000,31000,32000,0.00,790.65,787.58,true,false,false,812.00
1334195000,1334938000,743000,31000,31000,0.00,790.65,787.58,true,false,false,812.00
1334938000,1335681000,743000,31000,31000,0.00,790.65,787.58,true,false,false,812.00
1335681000,1336424000,743000,31000,31000,0.00,790.65,787.58,true,false,false,812.00
1336424000,1337167000,743000,31000,31000,0.00,790.65,787.58,true,false,false,812.00
1337167000,1337910000,743000,31000,31000,0.00,790.65,787.58,true,false,false,812.00
1337910000,1338653000,743000,31000,31000,0.00,790.65,787.58,true,false,false,812.00
1338653000,1339396000,743000,31000,31000,0.00,790.65,787.58,true,false,false,812.00
1339396000,1340139000,743000,31000,31000,0.00,790.65,787.58,true,false,false,812.00
1340139000,1340882000,743000,31000,31000,0.00,790.65,787.58,true,false,false,812.00
1340882000,1341862000,980000,31000,110000,0.00,790.65,734.18,true,false,false,812.00
1341862000,1342873000,1011000,12000,120000,0.00,800.79,800.79,true,false,false,812.00
1342873000,1343641000,768000,9000,39000,0.00,800.79,800.79,true,false,false,812.00
1343641000,1344397000,756000,22000,35000,0.00,800.79,787.58,true,false,false,812.00
1344397000,1345141000,744000,26000,31000,0.00,800.79,788.35,true,false,false,812.00
1345141000,1345879000,738000,26000,29000,0.00,800.79,789.88,true,false,true,812.00
1345879000,1346616000,737000,27000,29000,2.70,0.00,789.88,true,false,false,812.00
1346616000,1347353000,737000,27000,29000,2.70,789.88,789.88,true,false,false,812.00
1347353000,1348087000,734000,28000,28000,2.70,789.88,789.88,true,false,false,812.00
1348087000,1351773000,3686000,28000,28000,2.70,789.88,839.25,false,true,false,812.00
1351773000,1352561000,788000,0,46000,0.00,789.88,789.88,true,false,false,813.00
1352561000,1353362000,801000,14000,50000,0.00,797.06,797.06,true,false,false,813.00
1353362000,1354126000,764000,26000,38000,0.00,797.06,797.06,true,false,false,813.00
1354126000,1354869000,743000,25000,31000,0.00,797.06,792.40,true,false,false,813.00
1354869000,1355615000,746000,27000,32000,0.00,797.06,790.09,true,false,false,813.00
1355615000,1356352000,737000,27000,29000,0.00,797.06,790.09,true,false,false,813.00
1356352000,1357089000,737000,28000,29000,0.00,797.06,790.09,true,false,false,813.00
1357089000,1357827000,738000,28000,29000,0.00,797.06,790.86,true,false,false,813.00
1357827000,1358565000,738000,28000,29000,0.00,797.06,790.86,true,false,false,813.00
1358565000,1359302000,737000,28000,29000,0.00,797.06,790.86,true,false,false,813.00
1359302000,1360039000,737000,28000,29000,0.00,797.06,790.86,true,false,false,813.00
1360039000,1360776000,737000,28000,29000,0.00,797.06,790.86,true,false,false,813.00
1360776000,1361513000,737000,28000,29000,0.00,797.06,790.86,true,false,false,813.00
1361513000,1362250000,737000,28000,29000,0.00,797.06,790.86,true,false,false,813.00
1362250000,1362987000,737000,28000,29000,0.00,797.06,790.09,true,false,false,813.00
1362987000,1363725000,738000,28000,29000,0.00,797.06,790.86,true,false,false,813.00
1363725000,1364462000,737000,28000,29000,0.00,797.06,790.86,true,false,false,813.00
1364462000,1365449000,987000,28000,112000,0.00,797.06,790.86,true,false,false,813.00
1365449000,1366435000,986000,10000,112000,0.00,797.06,745.87,true,false,false,813.00
1366435000,1367202000,767000,10000,39000,0.00,797.06,787.79,true,false,false,813.00
1367202000,1367946000,744000,22000,31000,0.00,797.06,792.40,true,false,false,813.00
1367946000,1368692000,746000,26000,32000,0.00,797.06,790.86,true,false,false,813.00
1368692000,1369432000,740000,26000,30000,0.00,797.06,790.86,true,false,false,813.00
1369432000,1370172000,740000,27000,30000,0.00,797.06,790.86,true,false,false,813.00
1370172000,1370910000,738000,28000,29000,0.00,797.06,790.09,true,false,false,813.00
1370910000,1371647000,737000,28000,29000,0.00,797.06,790.09,true,false,true,813.00
1371647000,1372384000,737000,28000,29000,2.80,0.00,790.09,true,false,false,813.00
1372384000,1373121000,737000,28000,29000,2.80,790.86,790.86,true,false,false,813.00
1373121000,1373859000,738000,28000,29000,2.80,790.86,790.86,true,false,false,813.00
1373859000,1377551000,3692000,29000,29000,2.80,790.86,840.63,false,true,false,813.00
1377551000,1378339000,788000,0,46000,0.00,790.86,790.86,true,false,false,813.00
1378339000,1379142000,803000,13000,51000,0.00,797.06,797.06,true,false,false,813.00
1379142000,1379907000,765000,26000,38000,0.00,797.06,797.06,true,false,false,813.00
1379907000,1380650000,743000,24000,31000,0.00,797.06,792.40,true,false,false,813.00
1380650000,1381393000,743000,27000,31000,0.00,797.06,790.09,true,false,false,813.00
1381393000,1382130000,737000,27000,29000,0.00,797.06,790.09,true,false,false,813.00
1382130000,1382867000,737000,28000,29000,0.00,797.06,790.09,true,false,false,813.00
1382867000,1383604000,737000,28000,29000,0.00,797.06,790.09,true,false,false,813.00
1383604000,1384341000,737000,28000,29000,0.00,797.06,790.86,true,false,false,813.00
1384341000,1385078000,737000,28000,29000,0.00,797.06,790.86,true,false,false,813.00
1385078000,1385815000,737000,28000,29000,0.00,797.06,790.86,true,false,false,813.00
1385815000,1386552000,737000,28000,29000,0.00,797.06,790.86,true,false,false,813.00
1386552000,1387289000,737000,28000,29000,0.00,797.06,790.86,true,false,false,813.00
1387289000,1388026000,737000,28000,29000,0.00,797.06,790.86,true,false,false,813.00
1388026000,1389009000,983000,28000,111000,0.00,797.06,772.08,true,false,false,813.00
1389009000,1389983000,974000,10000,108000,0.00,797.06,768.43,true,false,false,813.00
1389983000,1390750000,767000,11000,39000,0.00,797.06,783.24,true,false,false,813.00
1390750000,1391493000,743000,22000,31000,0.00,797.06,791.63,true,false,false,813.00
1391493000,1392239000,746000,26000,32000,0.00,797.06,791.63,true,false,false,813.00
1392239000,1392979000,740000,26000,30000,0.00,797.06,791.63,true,false,false,813.00
1392979000,1393719000,740000,27000,30000,0.00,797.06,790.86,true,false,false,813.00
1393719000,1394456000,737000,28000,29000,0.00,797.06,790.09,true,false,false,813.00
1394456000,1395193000,737000,28000,29000,0.00,797.06,790.09,true,false,false,813.00
1395193000,1395930000,737000,28000,29000,0.00,797.06,790.86,true,false,false,813.00
1395930000,1396667000,737000,28000,29000,0.00,797.06,790.86,true,false,false,813.00
1396667000,1397404000,737000,28000,29000,0.00,797.06,790.86,true,false,true,813.00
1397404000,1398141000,737000,28000,29000,2.80,0.00,790.86,true,false,false,813.00
1398141000,1398878000,737000,28000,29000,2.80,790.86,790.86,true,false,false,813.00
1398878000,1399615000,737000,28000,29000,2.80,790.86,790.86,true,false,false,813.00
1399615000,1403305000,3690000,28000,28000,2.80,790.86,840.63,false,true,false,813.00
1403305000,1404093000,788000,0,46000,0.00,790.86,790.86,true,false,false,813.00
1404093000,1404896000,803000,13000,51000,0.00,797.84,797.84,true,false,false,813.00
1404896000,1405660000,764000,25000,38000,0.00,797.84,797.84,true,false,false,813.00
1405660000,1406403000,743000,24000,31000,0.00,797.84,792.40,true,false,false,813.00
1406403000,1407146000,743000,27000,31000,0.00,797.84,790.09,true,false,false,813.00
1407146000,1407886000,740000,27000,30000,0.00,797.84,790.09,true,false,false,813.00
1407886000,1408623000,737000,27000,29000,0.00,797.84,790.09,true,false,false,813.00
1408623000,1409360000,737000,28000,29000,0.00,797.84,790.86,true,false,false,813.00
1409360000,1410097000,737000,28000,29000,0.00,797.84,790.86,true,false,false,813.00
1410097000,1410834000,737000,28000,29000,0.00,797.84,790.86,true,false,false,813.00
1410834000,1411571000,737000,28000,29000,0.00,797.84,790.09,true,false,false,813.00
1411571000,1412542000,971000,28000,107000,0.00,797.84,759.10,true,false,false,813.00
1412542000,1413513000,971000,11000,107000,0.00,797.84,783.99,true,false,false,813.00
1413513000,1414281000,768000,11000,39000,0.00,797.84,783.99,true,false,false,813.00
1414281000,1415025000,744000,22000,31000,0.00,797.84,790.09,true,false,false,813.00
1415025000,1415772000,747000,26000,32000,0.00,797.84,790.09,true,false,false,813.00
1415772000,1416512000,740000,26000,30000,0.00,797.84,791.63,true,false,false,813.00
1416512000,1417252000,740000,27000,30000,0.00,797.84,790.86,true,false,false,813.00
1417252000,1417989000,737000,28000,29000,0.00,797.84,790.86,true,false,false,813.00
1417989000,1418726000,737000,28000,29000,0.00,797.84,790.86,true,false,false,813.00
1418726000,1419463000,737000,28000,29000,0.00,797.84,790.09,true,false,false,813.00
1419463000,1420200000,737000,28000,29000,0.00,797.84,790.86,true,false,false,813.00
1420200000,1420937000,737000,28000,29000,0.00,797.84,790.86,true,false,false,813.00
1420937000,1421674000,737000,28000,29000,0.00,797.84,790.86,true,false,false,813.00
1421674000,1422411000,737000,28000,29000,0.00,797.84,790.86,true,false,false,813.00
1422411000,1423149000,738000,28000,29000,0.00,797.84,790.86,true,false,true,813.00
1423149000,1423886000,737000,28000,29000,2.80,0.00,790.86,true,false,false,813.00
1423886000,1424623000,737000,28000,29000,2.80,790.86,790.86,true,false,false,813.00
1424623000,1425360000,737000,28000,29000,2.80,790.86,790.86,true,false,false,813.00
1425360000,1429051000,3691000,29000,29000,2.80,790.86,840.63,false,true,false,813.00
1429051000,1429842000,791000,0,47000,0.00,790.86,790.86,true,false,false,813.00
1429842000,1430645000,803000,13000,51000,0.00,797.06,797.06,true,false,false,813.00
1430645000,1431410000,765000,26000,38000,0.00,797.06,797.06,true,false,false,813.00
1431410000,1432153000,743000,24000,31000,0.00,797.06,792.40,true,false,false,813.00
1432153000,1432896000,743000,27000,31000,0.00,797.06,790.09,true,false,false,813.00
1432896000,1433636000,740000,27000,30000,0.00,797.06,790.09,true,false,false,813.00
1433636000,1434373000,737000,28000,29000,0.00,797.06,790.09,true,false,false,813.00
1434373000,1435110000,737000,28000,29000,0.00,797.06,790.86,true,false,false,813.00
1435110000,1436096000,986000,28000,112000,0.00,797.06,746.56,true,false,false,813.00
1436096000,1437059000,963000,10000,104000,0.00,797.06,794.72,true,false,false,813.00
1437059000,1437823000,764000,11000,38000,0.00,797.06,786.27,true,false,false,813.00
1437823000,1438566000,743000,22000,31000,0.00,797.06,786.27,true,false,false,813.00
1438566000,1439309000,743000,26000,31000,0.00,797.06,789.32,true,false,false,813.00
1439309000,1440049000,740000,27000,30000,0.00,797.06,790.86,true,false,false,813.00
1440049000,1440786000,737000,27000,29000,0.00,797.06,790.09,true,false,false,813.00
1440786000,1441524000,738000,28000,29000,0.00,797.06,790.09,true,false,false,813.00
1441524000,1442261000,737000,28000,29000,0.00,797.06,790.86,true,false,false,813.00
1442261000,1442998000,737000,28000,29000,0.00,797.06,790.86,true,false,false,813.00
1442998000,1443736000,738000,28000,29000,0.00,797.06,790.86,true,false,false,813.00
1443736000,1444474000,738000,28000,29000,0.00,797.06,790.86,true,false,false,813.00
1444474000,1445211000,737000,28000,29000,0.00,797.06,790.86,true,false,false,813.00
1445211000,1445949000,738000,28000,29000,0.00,797.06,790.86,true,false,false,813.00
1445949000,1446686000,737000,28000,29000,0.00,797.06,790.86,true,false,false,813.00
1446686000,1447423000,737000,28000,29000,0.00,797.06,790.86,true,false,false,813.00
1447423000,1448160000,737000,28000,29000,0.00,797.06,790.86,true,false,false,813.00
1448160000,1448897000,737000,28000,29000,0.00,797.06,790.86,true,false,true,813.00
1448897000,1449634000,737000,28000,29000,2.80,0.00,790.86,true,false,false,813.00
1449634000,1450371000,737000,28000,29000,2.80,790.86,790.86,true,false,false,813.00
1450371000,1451109000,738000,28000,29000,2.80,790.86,790.09,true,false,false,813.00
1451109000,1454800000,3691000,29000,29000,2.80,790.86,841.42,false,true,false,813.00
1454800000,1455588000,788000,0,46000,0.00,790.86,790.86,true,false,false,813.00
1455588000,1456392000,804000,13000,51000,0.00,797.84,797.84,true,false,false,813.00
1456392000,1457157000,765000,26000,38000,0.00,797.84,797.84,true,false,false,813.00
1457157000,1457900000,743000,24000,31000,0.00,797.84,791.63,true,false,false,813.00
1457900000,1458643000,743000,27000,31000,0.00,797.84,790.09,true,false,false,813.00
1458643000,1459620000,977000,27000,109000,0.00,797.84,742.47,true,false,false,813.00
1459620000,1460576000,956000,10000,102000,0.00,798.62,798.62,true,false,false,813.00
1460576000,1461343000,767000,11000,39000,0.00,798.62,798.62,true,false,false,813.00
1461343000,1462090000,747000,22000,32000,0.00,798.62,789.32,true,false,false,813.00
1462090000,1462837000,747000,26000,32000,0.00,798.62,789.32,true,false,false,813.00
1462837000,1463578000,741000,26000,30000,0.00,798.62,790.86,true,false,false,813.00
1463578000,1464318000,740000,27000,30000,0.00,798.62,790.86,true,false,false,813.00
1464318000,1465055000,737000,28000,29000,0.00,798.62,790.09,true,false,false,813.00
1465055000,1465793000,738000,28000,29000,0.00,798.62,790.86,true,false,false,813.00
1465793000,1466530000,737000,28000,29000,0.00,798.62,790.86,true,false,false,813.00
1466530000,1467267000,737000,28000,29000,0.00,798.62,790.86,true,false,false,813.00
1467267000,1468004000,737000,28000,29000,0.00,798.62,790.86,true,false,false,813.00
1468004000,1468741000,737000,28000,29000,0.00,798.62,790.09,true,false,false,813.00
1468741000,1469478000,737000,28000,29000,0.00,798.62,790.09,true,false,false,813.00
1469478000,1470215000,737000,28000,29000,0.00,798.62,790.86,true,false,false,813.00
1470215000,1470953000,738000,28000,29000,0.00,798.62,790.09,true,false,false,813.00
1470953000,1471690000,737000,28000,29000,0.00,798.62,790.86,true,false,false,813.00
1471690000,1472427000,737000,28000,29000,0.00,798.62,790.86,true,false,false,813.00
1472427000,1473164000,737000,28000,29000,0.00,798.62,790.86,true,false,false,813.00
1473164000,1473901000,737000,28000,29000,0.00,798.62,790.86,true,false,false,813.00
1473901000,1474638000,737000,28000,29000,0.00,798.62,790.86,true,false,true,813.00
1474638000,1475375000,737000,28000,29000,2.80,0.00,790.86,true,false,false,813.00
1475375000,1476113000,738000,28000,29000,2.80,790.86,790.86,true,false,false,813.00
1476113000,1476850000,737000,28000,29000,2.80,790.86,790.09,true,false,false,813.00
1476850000,1480540000,3690000,29000,29000,2.80,790.86,840.63,false,true,false,813.00
1480540000,1481328000,788000,0,46000,0.00,790.86,790.86,true,false,false,813.00
1481328000,1482128000,800000,13000,50000,0.00,797.06,797.06,true,false,false,813.00
1482128000,1482994000,866000,26000,72000,0.00,797.06,759.81,true,false,false,813.00
1482994000,1483854000,860000,20000,70000,0.00,797.06,759.81,true,false,false,813.00
1483854000,1484609000,755000,18000,35000,0.00,798.62,798.62,true,false,false,813.00
1484609000,1485355000,746000,24000,32000,0.00,798.62,792.40,true,false,false,813.00
1485355000,1486098000,743000,27000,31000,0.00,798.62,790.09,true,false,false,813.00
1486098000,1486835000,737000,27000,29000,0.00,798.62,790.09,true,false,false,813.00
1486835000,1487572000,737000,28000,29000,0.00,798.62,790.86,true,false,false,813.00
1487572000,1488309000,737000,28000,29000,0.00,798.62,790.86,true,false,false,813.00
1488309000,1489046000,737000,28000,29000,0.00,798.62,790.86,true,false,false,813.00
1489046000,1489783000,737000,28000,29000,0.00,798.62,790.09,true,false,false,813.00
1489783000,1490520000,737000,28000,29000,0.00,798.62,790.09,true,false,false,813.00
1490520000,1491257000,737000,28000,29000,0.00,798.62,790.86,true,false,false,813.00
1491257000,1491995000,738000,28000,29000,0.00,798.62,790.86,true,false,false,813.00
1491995000,1492732000,737000,28000,29000,0.00,798.62,790.86,true,false,false,813.00
1492732000,1493469000,737000,28000,29000,0.00,798.62,790.09,true,false,false,813.00
1493469000,1494206000,737000,28000,29000,0.00,798.62,790.09,true,false,false,813.00
1494206000,1494943000,737000,28000,29000,0.00,798.62,790.86,true,false,false,813.00
1494943000,1495680000,737000,28000,29000,0.00,798.62,790.86,true,false,false,813.00
1495680000,1496417000,737000,28000,29000,0.00,798.62,790.09,true,false,false,813.00
1496417000,1497155000,738000,28000,29000,0.00,798.62,790.09,true,false,false,813.00
1497155000,1497892000,737000,28000,29000,0.00,798.62,790.86,true,false,false,813.00
1497892000,1498629000,737000,28000,29000,0.00,798.62,790.86,true,false,false,813.00
1498629000,1499366000,737000,28000,29000,0.00,798.62,790.86,true,false,false,813.00
1499366000,1500103000,737000,28000,29000,0.00,798.62,790.09,true,false,true,813.00
1500103000,1500840000,737000,28000,29000,2.80,0.00,790.09,true,false,false,813.00
1500840000,1501577000,737000,28000,29000,2.80,790.09,790.09,true,false,false,813.00
1501577000,1502315000,738000,28000,29000,2.80,790.09,790.09,true,false,false,813.00
1502315000,1506113000,3798000,28000,28000,2.80,790.09,811.15,false,true,false,813.00
1506113000,1507087000,974000,13000,108000,1.30,790.09,774.29,true,false,false,799.00
1507087000,1507845000,758000,0,36000,0.00,790.09,771.98,true,false,false,799.00
1507845000,1508585000,740000,4000,30000,0.00,790.09,785.64,true,false,false,799.00
1508585000,1509314000,729000,16000,26000,0.00,790.09,785.64,true,false,false,799.00
1509314000,1510030000,716000,15000,22000,0.00,790.09,785.64,true,false,false,799.00
1510030000,1510749000,719000,18000,23000,0.00,790.09,783.33,true,false,false,799.00
1510749000,1511462000,713000,18000,21000,0.00,790.09,783.33,true,false,false,799.00
1511462000,1512175000,713000,19000,21000,0.00,790.09,783.33,true,false,false,799.00
1512175000,1512886000,711000,19000,20000,0.00,790.09,783.33,true,false,false,799.00
1512886000,1513597000,711000,19000,20000,0.00,790.09,783.33,true,false,false,799.00
1513597000,1514307000,710000,19000,20000,0.00,790.09,783.33,true,false,false,799.00
1514307000,1515018000,711000,20000,20000,0.00,790.09,783.33,true,false,false,799.00
1515018000,1515729000,711000,20000,20000,0.00,790.09,783.33,true,false,false,799.00
1515729000,1516440000,711000,20000,20000,0.00,790.09,783.33,true,false,false,799.00
1516440000,1517151000,711000,20000,20000,0.00,790.09,783.33,true,false,false,799.00
1517151000,1517862000,711000,20000,20000,0.00,790.09,783.33,true,false,false,799.00
1517862000,1518572000,710000,20000,20000,0.00,790.09,783.33,true,false,false,799.00
1518572000,1519283000,711000,20000,20000,0.00,790.09,783.33,true,false,false,799.00
1519283000,1519993000,710000,20000,20000,0.00,790.09,783.33,true,false,false,799.00
1519993000,1520704000,711000,20000,20000,0.00,790.09,783.33,true,false,false,799.00
1520704000,1521414000,710000,20000,20000,0.00,790.09,783.33,true,false,false,799.00
1521414000,1522124000,710000,20000,20000,0.00,790.09,783.33,true,false,false,799.00
1522124000,1522834000,710000,20000,20000,0.00,790.09,783.33,true,false,false,799.00
1522834000,1523544000,710000,20000,20000,0.00,790.09,783.33,true,false,false,799.00
1523544000,1524254000,710000,20000,20000,0.00,790.09,783.33,true,false,false,799.00
1524254000,1524964000,710000,20000,20000,0.00,790.09,783.33,true,false,true,799.00
1524964000,1525674000,710000,20000,20000,2.00,0.00,783.33,true,false,false,799.00
1525674000,1526384000,710000,20000,20000,2.00,783.33,783.33,true,false,false,799.00
1526384000,1527094000,710000,20000,20000,2.00,783.33,783.33,true,false,false,799.00
1527094000,1530784000,3690000,20000,20000,2.00,783.33,820.95,false,true,false,799.00
1530784000,1531546000,762000,0,37000,0.00,783.33,777.99,true,false,false,806.00
1531546000,1532322000,776000,22000,42000,0.00,785.58,785.58,true,false,false,806.00
1532322000,1533074000,752000,26000,34000,0.00,785.58,785.58,true,false,false,806.00
1533074000,1533814000,740000,26000,30000,0.00,785.58,784.05,true,false,false,806.00
1533814000,1534557000,743000,28000,31000,0.00,785.58,783.28,true,false,false,806.00
1534557000,1535294000,737000,28000,29000,0.00,785.58,783.28,true,false,false,806.00
1535294000,1536031000,737000,28000,29000,0.00,785.58,783.28,true,false,false,806.00
1536031000,1536768000,737000,28000,29000,0.00,785.58,783.28,true,false,false,806.00
1536768000,1537505000,737000,29000,29000,0.00,785.58,783.28,true,false,false,806.00
1537505000,1538242000,737000,29000,29000,0.00,785.58,783.28,true,false,false,806.00
1538242000,1538979000,737000,29000,29000,0.00,785.58,783.28,true,false,false,806.00
1538979000,1539716000,737000,29000,29000,0.00,785.58,783.28,true,false,false,806.00
1539716000,1540453000,737000,29000,29000,0.00,785.58,783.28,true,false,false,806.00
1540453000,1541190000,737000,29000,29000,0.00,785.58,783.28,true,false,false,806.00
1541190000,1541927000,737000,29000,29000,0.00,785.58,783.28,true,false,false,806.00
1541927000,1542664000,737000,29000,29000,0.00,785.58,783.28,true,false,false,806.00
1542664000,1543401000,737000,29000,29000,0.00,785.58,783.28,true,false,false,806.00
1543401000,1544138000,737000,29000,29000,0.00,785.58,783.28,true,false,false,806.00
1544138000,1544875000,737000,29000,29000,0.00,785.58,783.28,true,false,false,806.00
1544875000,1545612000,737000,29000,29000,0.00,785.58,783.28,true,false,false,806.00
1545612000,1546349000,737000,29000,29000,0.00,785.58,783.28,true,false,false,806.00
1546349000,1547086000,737000,29000,29000,0.00,785.58,783.28,true,false,false,806.00
1547086000,1547823000,737000,29000,29000,0.00,785.58,783.28,true,false,false,806.00
1547823000,1548560000,737000,29000,29000,0.00,785.58,783.28,true,false,false,806.00
1548560000,1549297000,737000,29000,29000,0.00,785.58,783.28,true,false,false,806.00
1549297000,1550034000,737000,29000,29000,0.00,785.58,783.28,true,false,true,806.00
1550034000,1550963000,929000,29000,93000,2.90,0.00,783.28,true,false,false,806.00
1550963000,1551956000,993000,23000,114000,2.30,730.07,730.07,true,false,false,806.00
1551956000,1552726000,770000,10000,40000,1.00,794.87,794.87,true,false,false,806.00
1552726000,1556341000,3615000,37000,37000,1.00,794.87,804.22,false,true,false,806.00
1556341000,1557090000,749000,10000,33000,1.00,794.87,804.22,true,false,false,809.00
1557090000,1557851000,761000,26000,37000,1.00,794.87,777.99,true,false,false,809.00
1557851000,1558597000,746000,27000,32000,1.00,794.87,783.91,true,false,false,809.00
1558597000,1559343000,746000,28000,32000,1.00,794.87,783.91,true,false,false,809.00
1559343000,1560086000,743000,29000,31000,1.00,794.87,785.44,true,false,false,809.00
1560086000,1560826000,740000,29000,30000,1.00,794.87,785.44,true,false,false,809.00
1560826000,1561566000,740000,30000,30000,1.00,794.87,785.44,true,false,false,809.00
1561566000,1562306000,740000,30000,30000,1.00,794.87,785.44,true,false,false,809.00
1562306000,1563046000,740000,30000,30000,1.00,794.87,785.44,true,false,false,809.00
1563046000,1563786000,740000,30000,30000,1.00,794.87,785.44,true,false,false,809.00
1563786000,1564526000,740000,30000,30000,1.00,794.87,785.44,true,false,false,809.00
1564526000,1565266000,740000,30000,30000,1.00,794.87,785.44,true,false,false,809.00
1565266000,1566006000,740000,30000,30000,1.00,794.87,785.44,true,false,false,809.00
1566006000,1566746000,740000,30000,30000,1.00,794.87,785.44,true,false,false,809.00
1566746000,1567486000,740000,30000,30000,1.00,794.87,785.44,true,false,false,809.00
1567486000,1568226000,740000,30000,30000,1.00,794.87,785.44,true,false,false,809.00
1568226000,1568966000,740000,30000,30000,1.00,794.87,785.44,true,false,false,809.00
1568966000,1569706000,740000,30000,30000,1.00,794.87,785.44,true,false,false,809.00
1569706000,1570446000,740000,30000,30000,1.00,794.87,785.44,true,false,false,809.00
1570446000,1571186000,740000,30000,30000,1.00,794.87,785.44,true,false,false,809.00
1571186000,1571926000,740000,30000,30000,1.00,794.87,785.44,true,false,false,809.00
1571926000,1572666000,740000,30000,30000,1.00,794.87,785.44,true,false,false,809.00
1572666000,1573406000,740000,30000,30000,1.00,794.87,785.44,true,false,false,809.00
1573406000,1574374000,968000,30000,106000,1.00,794.87,765.37,true,false,false,809.00
1574374000,1575375000,1001000,14000,117000,1.00,794.87,761.77,true,false,false,809.00
1575375000,1576149000,774000,12000,41000,1.00,794.87,781.64,true,false,true,809.00
1576149000,1576910000,761000,24000,37000,2.40,0.00,781.64,true,false,false,809.00
1576910000,1577659000,749000,29000,33000,2.40,783.91,783.91,true,false,false,809.00
1577659000,1578403000,744000,28000,31000,2.40,785.44,785.44,true,false,false,809.00
1578403000,1582077000,3674000,31000,31000,2.40,785.44,829.43,false,true,false,809.00
1582077000,1582859000,782000,0,44000,0.00,785.44,791.59,true,false,false,812.00
1582859000,1583653000,794000,22000,48000,0.00,791.42,791.42,true,false,false,812.00
1583653000,1584418000,765000,28000,38000,0.00,791.42,791.42,true,false,false,812.00
1584418000,1585167000,749000,28000,33000,0.00,791.42,786.82,true,false,false,812.00
1585167000,1585917000,750000,30000,33000,0.00,791.42,786.82,true,false,false,812.00
1585917000,1586663000,746000,30000,32000,0.00,791.42,786.82,true,false,false,812.00
1586663000,1587409000,746000,30000,32000,0.00,791.42,786.82,true,false,false,812.00
1587409000,1588155000,746000,31000,32000,0.00,791.42,787.58,true,false,false,812.00
1588155000,1588901000,746000,31000,32000,0.00,791.42,787.58,true,false,false,812.00
1588901000,1589647000,746000,31000,32000,0.00,791.42,787.58,true,false,false,812.00
1589647000,1590393000,746000,31000,32000,0.00,791.42,787.58,true,false,false,812.00
1590393000,1591137000,744000,31000,31000,0.00,791.42,787.58,true,false,false,812.00
1591137000,1591880000,743000,31000,31000,0.00,791.42,787.58,true,false,false,812.00
1591880000,1592624000,744000,31000,31000,0.00,791.42,787.58,true,false,false,812.00
1592624000,1593367000,743000,31000,31000,0.00,791.42,787.58,true,false,false,812.00
1593367000,1594110000,743000,31000,31000,0.00,791.42,787.58,true,false,false,812.00
1594110000,1594853000,743000,31000,31000,0.00,791.42,787.58,true,false,false,812.00
1594853000,1595596000,743000,31000,31000,0.00,791.42,787.58,true,false,false,812.00
1595596000,1596339000,743000,31000,31000,0.00,791.42,787.58,true,false,false,812.00
1596339000,1597082000,743000,31000,31000,0.00,791.42,787.58,true,false,false,812.00
1597082000,1598080000,998000,31000,116000,0.00,791.42,732.19,true,false,false,812.00
1598080000,1599093000,1013000,12000,121000,0.00,801.58,801.58,true,false,false,812.00
1599093000,1599860000,767000,9000,39000,0.00,801.58,801.58,true,false,false,812.00
1599860000,1600603000,743000,22000,31000,0.00,801.58,790.65,true,false,false,812.00
1600603000,1601346000,743000,26000,31000,0.00,801.58,788.35,true,false,false,812.00
1601346000,1602083000,737000,26000,29000,0.00,801.58,789.12,true,false,true,812.00
1602083000,1602820000,737000,27000,29000,2.70,0.00,789.12,true,false,false,812.00
1602820000,1603557000,737000,27000,29000,2.70,789.88,789.88,true,false,false,812.00
1603557000,1604292000,735000,28000,28000,2.70,789.88,789.88,true,false,false,812.00
1604292000,1607978000,3686000,28000,28000,2.70,789.88,839.25,false,true,false,812.00
1607978000,1608763000,785000,0,45000,0.00,789.88,789.88,true,false,false,813.00
1608763000,1609561000,798000,14000,49000,0.00,797.84,797.84,true,false,false,813.00
1609561000,1610322000,761000,25000,37000,0.00,797.84,797.84,true,false,false,813.00
1610322000,1611065000,743000,24000,31000,0.00,797.84,791.63,true,false,false,813.00
1611065000,1611808000,743000,27000,31000,0.00,797.84,790.09,true,false,false,813.00
1611808000,1612546000,738000,27000,29000,0.00,797.84,790.09,true,false,false,813.00
1612546000,1613283000,737000,28000,29000,0.00,797.84,790.09,true,false,false,813.00
1613283000,1614020000,737000,28000,29000,0.00,797.84,790.86,true,false,false,813.00
1614020000,1614757000,737000,28000,29000,0.00,797.84,790.86,true,false,false,813.00
1614757000,1615494000,737000,28000,29000,0.00,797.84,790.86,true,false,false,813.00
1615494000,1616231000,737000,28000,29000,0.00,797.84,790.86,true,false,false,813.00
1616231000,1616968000,737000,28000,29000,0.00,797.84,790.86,true,false,false,813.00
1616968000,1617706000,738000,28000,29000,0.00,797.84,790.09,true,false,false,813.00
1617706000,1618443000,737000,28000,29000,0.00,797.84,790.09,true,false,false,813.00
1618443000,1619180000,737000,28000,29000,0.00,797.84,790.86,true,false,false,813.00
1619180000,1619917000,737000,28000,29000,0.00,797.84,790.86,true,false,false,813.00
1619917000,1620654000,737000,28000,29000,0.00,797.84,790.86,true,false,false,813.00
1620654000,1621637000,983000,28000,111000,0.00,797.84,790.86,true,false,false,813.00
1621637000,1622623000,986000,13000,112000,0.00,797.84,743.82,true,false,false,813.00
1622623000,1623390000,767000,10000,39000,0.00,797.84,790.09,true,false,false,813.00
1623390000,1624136000,746000,22000,32000,0.00,797.84,792.40,true,false,false,813.00
1624136000,1624882000,746000,27000,32000,0.00,797.84,790.86,true,false,false,813.00
1624882000,1625622000,740000,26000,30000,0.00,797.84,790.86,true,false,false,813.00
1625622000,1626362000,740000,27000,30000,0.00,797.84,790.09,true,false,false,813.00
1626362000,1627100000,738000,28000,29000,0.00,797.84,790.86,true,false,false,813.00
1627100000,1627837000,737000,28000,29000,0.00,797.84,790.86,true,false,true,813.00
1627837000,1628575000,738000,28000,29000,2.80,0.00,790.86,true,false,false,813.00
1628575000,1629312000,737000,28000,29000,2.80,790.86,790.86,true,false,false,813.00
1629312000,1630050000,738000,28000,29000,2.80,790.86,790.09,true,false,false,813.00
1630050000,1633741000,3691000,29000,29000,2.80,790.86,840.63,false,true,false,813.00
1633741000,1634529000,788000,0,46000,0.00,790.86,790.86,true,false,false,813.00
1634529000,1635329000,800000,13000,50000,0.00,797.84,797.84,true,false,false,813.00
1635329000,1636094000,765000,25000,38000,0.00,797.84,797.84,true,false,false,813.00
1636094000,1636837000,743000,24000,31000,0.00,797.84,792.40,true,false,false,813.00
1636837000,1637584000,747000,27000,32000,0.00,797.84,789.32,true,false,false,813.00
1637584000,1638325000,741000,27000,30000,0.00,797.84,790.09,true,false,false,813.00
1638325000,1639062000,737000,28000,29000,0.00,797.84,790.09,true,false,false,813.00
1639062000,1639799000,737000,28000,29000,0.00,797.84,790.86,true,false,false,813.00
1639799000,1640537000,738000,28000,29000,0.00,797.84,790.86,true,false,false,813.00
1640537000,1641274000,737000,28000,29000,0.00,797.84,790.86,true,false,false,813.00
1641274000,1642012000,738000,28000,29000,0.00,797.84,790.86,true,false,false,813.00
1642012000,1642749000,737000,28000,29000,0.00,797.84,790.86,true,false,false,813.00
1642749000,1643486000,737000,28000,29000,0.00,797.84,790.09,true,false,false,813.00
1643486000,1644223000,737000,28000,29000,0.00,797.84,790.09,true,false,false,813.00
1644223000,1645209000,986000,28000,112000,0.00,797.84,780.23,true,false,false,813.00
1645209000,1646195000,986000,10000,112000,0.00,797.84,759.81,true,false,false,813.00
1646195000,1646962000,767000,11000,39000,0.00,797.84,784.75,true,false,false,813.00
1646962000,1647705000,743000,22000,31000,0.00,797.84,791.63,true,false,false,813.00
1647705000,1648451000,746000,26000,32000,0.00,797.84,791.63,true,false,false,813.00
1648451000,1649191000,740000,26000,30000,0.00,797.84,790.86,true,false,false,813.00
1649191000,1649931000,740000,27000,30000,0.00,797.84,790.86,true,false,false,813.00
1649931000,1650669000,738000,28000,29000,0.00,797.84,790.09,true,false,false,813.00
1650669000,1651406000,737000,28000,29000,0.00,797.84,790.09,true,false,false,813.00
1651406000,1652143000,737000,28000,29000,0.00,797.84,790.86,true,false,false,813.00
1652143000,1652880000,737000,28000,29000,0.00,797.84,790.86,true,false,false,813.00
1652880000,1653617000,737000,28000,29000,0.00,797.84,790.86,true,false,true,813.00
1653617000,1654354000,737000,28000,29000,2.80,0.00,790.86,true,false,false,813.00
1654354000,1655091000,737000,28000,29000,2.80,790.86,790.86,true,false,false,813.00
1655091000,1655829000,738000,28000,29000,2.80,790.86,790.86,true,false,false,813.00
1655829000,1659520000,3691000,28000,28000,2.80,790.86,840.63,false,true,false,813.00
1659520000,1660308000,788000,0,46000,0.00,790.86,790.86,true,false,false,813.00
1660308000,1661111000,803000,13000,51000,0.00,797.06,797.06,true,false,false,813.00
1661111000,1661875000,764000,26000,38000,0.00,797.06,797.06,true,false,false,813.00
1661875000,1662619000,744000,24000,31000,0.00,797.06,792.40,true,false,false,813.00
1662619000,1663365000,746000,27000,32000,0.00,797.06,790.09,true,false,false,813.00
1663365000,1664105000,740000,27000,30000,0.00,797.06,790.09,true,false,false,813.00
1664105000,1664842000,737000,28000,29000,0.00,797.06,790.09,true,false,false,813.00
1664842000,1665579000,737000,28000,29000,0.00,797.06,790.86,true,false,false,813.00
1665579000,1666317000,738000,28000,29000,0.00,797.06,790.86,true,false,false,813.00
1666317000,1667054000,737000,28000,29000,0.00,797.06,790.86,true,false,false,813.00
1667054000,1667792000,738000,28000,29000,0.00,797.06,790.86,true,false,false,813.00
1667792000,1668775000,983000,28000,111000,0.00,797.06,759.10,true,false,false,813.00
1668775000,1669758000,983000,10000,111000,0.00,797.06,783.99,true,false,false,813.00
1669758000,1670525000,767000,11000,39000,0.00,797.06,783.24,true,false,false,813.00
1670525000,1671268000,743000,22000,31000,0.00,797.06,789.32,true,false,false,813.00
1671268000,1672014000,746000,26000,32000,0.00,797.06,789.32,true,false,false,813.00
1672014000,1672754000,740000,26000,30000,0.00,797.06,790.86,true,false,false,813.00
1672754000,1673495000,741000,27000,30000,0.00,797.06,790.86,true,false,false,813.00
1673495000,1674232000,737000,28000,29000,0.00,797.06,790.86,true,false,false,813.00
1674232000,1674969000,737000,28000,29000,0.00,797.06,790.86,true,false,false,813.00
1674969000,1675706000,737000,28000,29000,0.00,797.06,790.86,true,false,false,813.00
1675706000,1676443000,737000,28000,29000,0.00,797.06,790.86,true,false,false,813.00
1676443000,1677180000,737000,28000,29000,0.00,797.06,790.86,true,false,false,813.00
1677180000,1677917000,737000,28000,29000,0.00,797.06,790.86,true,false,false,813.00
1677917000,1678655000,738000,28000,29000,0.00,797.06,790.09,true,false,false,813.00
1678655000,1679392000,737000,28000,29000,0.00,797.06,790.09,true,false,true,813.00
1679392000,1680129000,737000,28000,29000,2.80,0.00,790.09,true,false,false,813.00
1680129000,1680866000,737000,28000,29000,2.80,790.86,790.86,true,false,false,813.00
1680866000,1681603000,737000,28000,29000,2.80,790.86,790.86,true,false,false,813.00
1681603000,1685295000,3692000,28000,28000,2.80,790.86,840.63,false,true,false,813.00
1685295000,1686083000,788000,0,46000,0.00,790.86,790.86,true,false,false,813.00
1686083000,1686886000,803000,13000,51000,0.00,797.84,797.84,true,false,false,813.00
1686886000,1687650000,764000,26000,38000,0.00,797.84,797.84,true,false,false,813.00
1687650000,1688393000,743000,24000,31000,0.00,797.84,792.40,true,false,false,813.00
1688393000,1689136000,743000,27000,31000,0.00,797.84,790.09,true,false,false,813.00
1689136000,1689876000,740000,27000,30000,0.00,797.84,790.09,true,false,false,813.00
1689876000,1690613000,737000,28000,29000,0.00,797.84,790.09,true,false,false,813.00
1690613000,1691350000,737000,28000,29000,0.00,797.84,790.86,true,false,false,813.00
1691350000,1692333000,983000,28000,111000,0.00,797.84,747.24,true,false,false,813.00
1692333000,1693305000,972000,10000,107000,0.00,797.84,793.95,true,false,false,813.00
1693305000,1694072000,767000,11000,39000,0.00,797.84,786.27,true,false,false,813.00
1694072000,1694815000,743000,22000,31000,0.00,797.84,786.27,true,false,false,813.00
1694815000,1695561000,746000,26000,32000,0.00,797.84,788.55,true,false,false,813.00
1695561000,1696301000,740000,26000,30000,0.00,797.84,790.86,true,false,false,813.00
1696301000,1697041000,740000,27000,30000,0.00,797.84,790.86,true,false,false,813.00
1697041000,1697778000,737000,28000,29000,0.00,797.84,790.86,true,false,false,813.00
1697778000,1698515000,737000,28000,29000,0.00,797.84,790.86,true,false,false,813.00
1698515000,1699252000,737000,28000,29000,0.00,797.84,790.86,true,false,false,813.00
1699252000,1699990000,738000,28000,29000,0.00,797.84,790.86,true,false,false,813.00
1699990000,1700728000,738000,28000,29000,0.00,797.84,790.86,true,false,false,813.00
1700728000,1701466000,738000,28000,29000,0.00,797.84,790.86,true,false,false,813.00
1701466000,1702204000,738000,28000,29000,0.00,797.84,790.86,true,false,false,813.00
1702204000,1702942000,738000,28000,29000,0.00,797.84,790.86,true,false,false,813.00
1702942000,1703679000,737000,28000,29000,0.00,797.84,790.09,true,false,false,813.00
1703679000,1704417000,738000,28000,29000,0.00,797.84,790.86,true,false,false,813.00
1704417000,1705154000,737000,28000,29000,0.00,797.84,790.86,true,false,true,813.00
1705154000,1705892000,738000,28000,29000,2.80,0.00,790.86,true,false,false,813.00
1705892000,1706629000,737000,28000,29000,2.80,790.86,790.86,true,false,false,813.00
1706629000,1707366000,737000,28000,29000,2.80,790.86,790.86,true,false,false,813.00
1707366000,1711057000,3691000,28000,28000,2.80,790.86,841.42,false,true,false,813.00
1711057000,1711845000,788000,0,46000,0.00,790.86,790.86,true,false,false,813.00
1711845000,1712648000,803000,13000,51000,0.00,797.84,797.84,true,false,false,813.00
1712648000,1713412000,764000,26000,38000,0.00,797.84,797.84,true,false,false,813.00
1713412000,1714155000,743000,24000,31000,0.00,797.84,791.63,true,false,false,813.00
1714155000,1714901000,746000,27000,32000,0.00,797.84,790.09,true,false,false,813.00
1714901000,1715878000,977000,27000,109000,0.00,797.84,741.11,true,false,false,813.00
1715878000,1716825000,947000,10000,99000,0.00,801.78,801.78,true,false,false,813.00
1716825000,1717592000,767000,11000,39000,0.00,801.78,801.78,true,false,false,813.00
1717592000,1718335000,743000,22000,31000,0.00,801.78,788.55,true,false,false,813.00
1718335000,1719081000,746000,26000,32000,0.00,801.78,789.32,true,false,false,813.00
1719081000,1719822000,741000,26000,30000,0.00,801.78,790.09,true,false,false,813.00
1719822000,1720562000,740000,27000,30000,0.00,801.78,790.09,true,false,false,813.00
1720562000,1721299000,737000,28000,29000,0.00,801.78,790.86,true,false,false,813.00
1721299000,1722037000,738000,28000,29000,0.00,801.78,790.09,true,false,false,813.00
1722037000,1722774000,737000,28000,29000,0.00,801.78,790.86,true,false,false,813.00
1722774000,1723511000,737000,28000,29000,0.00,801.78,790.86,true,false,false,813.00
1723511000,1724248000,737000,28000,29000,0.00,801.78,790.86,true,false,false,813.00
1724248000,1724985000,737000,28000,29000,0.00,801.78,790.86,true,false,false,813.00
1724985000,1725722000,737000,28000,29000,0.00,801.78,790.86,true,false,false,813.00
1725722000,1726459000,737000,28000,29000,0.00,801.78,790.09,true,false,false,813.00
1726459000,1727197000,738000,28000,29000,0.00,801.78,790.86,true,false,false,813.00
1727197000,1727934000,737000,28000,29000,0.00,801.78,790.09,true,false,false,813.00
1727934000,1728671000,737000,28000,29000,0.00,801.78,790.09,true,false,false,813.00
1728671000,1729408000,737000,28000,29000,0.00,801.78,790.86,true,false,false,813.00
1729408000,1730145000,737000,28000,29000,0.00,801.78,790.86,true,false,false,813.00
1730145000,1730882000,737000,28000,29000,0.00,801.78,790.86,true,false,true,813.00
1730882000,1731619000,737000,28000,29000,2.80,0.00,790.86,true,false,false,813.00
1731619000,1732357000,738000,28000,29000,2.80,790.09,790.09,true,false,false,813.00
1732357000,1733094000,737000,28000,29000,2.80,790.86,790.86,true,false,false,813.00
1733094000,1736786000,3692000,29000,29000,2.80,790.86,841.42,false,true,false,813.00
1736786000,1737574000,788000,0,46000,0.00,790.86,790.86,true,false,false,813.00
1737574000,1738374000,800000,13000,50000,0.00,797.84,797.84,true,false,false,813.00
1738374000,1739240000,866000,26000,72000,0.00,797.84,759.10,true,false,false,813.00
1739240000,1740101000,861000,20000,70000,0.00,797.84,759.10,true,false,false,813.00
1740101000,1740856000,755000,18000,35000,0.00,798.62,798.62,true,false,false,813.00
1740856000,1741602000,746000,24000,32000,0.00,798.62,792.40,true,false,false,813.00
1741602000,1742346000,744000,27000,31000,0.00,798.62,790.09,true,false,false,813.00
1742346000,1743083000,737000,27000,29000,0.00,798.62,790.09,true,false,false,813.00
1743083000,1743820000,737000,28000,29000,0.00,798.62,790.86,true,false,false,813.00
1743820000,1744557000,737000,28000,29000,0.00,798.62,790.09,true,false,false,813.00
1744557000,1745294000,737000,28000,29000,0.00,798.62,790.09,true,false,false,813.00
1745294000,1746031000,737000,28000,29000,0.00,798.62,790.86,true,false,false,813.00
1746031000,1746768000,737000,28000,29000,0.00,798.62,790.09,true,false,false,813.00
1746768000,1747505000,737000,28000,29000,0.00,798.62,790.86,true,false,false,813.00
1747505000,1748243000,738000,28000,29000,0.00,798.62,790.86,true,false,false,813.00
1748243000,1748980000,737000,28000,29000,0.00,798.62,790.86,true,false,false,813.00
1748980000,1749717000,737000,28000,29000,0.00,798.62,790.09,true,false,false,813.00
1749717000,1750454000,737000,28000,29000,0.00,798.62,790.09,true,false,false,813.00
1750454000,1751191000,737000,28000,29000,0.00,798.62,790.86,true,false,false,813.00
1751191000,1751928000,737000,28000,29000,0.00,798.62,790.86,true,false,false,813.00
1751928000,1752665000,737000,28000,29000,0.00,798.62,790.09,true,false,false,813.00
1752665000,1753403000,738000,28000,29000,0.00,798.62,790.09,true,false,false,813.00
1753403000,1754140000,737000,28000,29000,0.00,798.62,790.86,true,false,false,813.00
1754140000,1754877000,737000,28000,29000,0.00,798.62,790.86,true,false,false,813.00
1754877000,1755614000,737000,28000,29000,0.00,798.62,790.86,true,false,false,813.00
1755614000,1756351000,737000,28000,29000,0.00,798.62,790.09,true,false,true,813.00
1756351000,1757088000,737000,28000,29000,2.80,0.00,790.09,true,false,false,813.00
1757088000,1757825000,737000,28000,29000,2.80,790.09,790.09,true,false,false,813.00
1757825000,1758563000,738000,28000,29000,2.80,790.86,790.86,true,false,false,813.00
1758563000,1762361000,3798000,29000,29000,2.80,790.86,811.15,false,true,false,813.00
1762361000,1763336000,975000,13000,108000,1.30,790.86,775.02,true,false,false,799.00
1763336000,1764091000,755000,0,35000,0.00,790.86,771.98,true,false,false,799.00
1764091000,1764829000,738000,5000,29000,0.00,790.86,785.64,true,false,false,799.00
1764829000,1765557000,728000,17000,26000,0.00,790.86,785.64,true,false,false,799.00
1765557000,1766274000,717000,15000,22000,0.00,790.86,785.64,true,false,false,799.00
1766274000,1766993000,719000,18000,23000,0.00,790.86,783.33,true,false,false,799.00
1766993000,1767706000,713000,18000,21000,0.00,790.86,783.33,true,false,false,799.00
1767706000,1768419000,713000,19000,21000,0.00,790.86,783.33,true,false,false,799.00
1768419000,1769129000,710000,19000,20000,0.00,790.86,783.33,true,false,false,799.00
1769129000,1769839000,710000,19000,20000,0.00,790.86,783.33,true,false,false,799.00
1769839000,1770549000,710000,19000,20000,0.00,790.86,783.33,true,false,false,799.00
1770549000,1771259000,710000,20000,20000,0.00,790.86,783.33,true,false,false,799.00
1771259000,1771969000,710000,20000,20000,0.00,790.86,783.33,true,false,false,799.00
1771969000,1772680000,711000,20000,20000,0.00,790.86,783.33,true,false,false,799.00
1772680000,1773391000,711000,20000,20000,0.00,790.86,783.33,true,false,false,799.00
1773391000,1774102000,711000,20000,20000,0.00,790.86,783.33,true,false,false,799.00
1774102000,1774813000,711000,20000,20000,0.00,790.86,783.33,true,false,false,799.00
1774813000,1775523000,710000,20000,20000,0.00,790.86,783.33,true,false,false,799.00
1775523000,1776234000,711000,20000,20000,0.00,790.86,783.33,true,false,false,799.00
1776234000,1776945000,711000,20000,20000,0.00,790.86,783.33,true,false,false,799.00
1776945000,1777655000,710000,20000,20000,0.00,790.86,783.33,true,false,false,799.00
1777655000,1778366000,711000,20000,20000,0.00,790.86,783.33,true,false,false,799.00
1778366000,1779077000,711000,20000,20000,0.00,790.86,783.33,true,false,false,799.00
1779077000,1779788000,711000,20000,20000,0.00,790.86,783.33,true,false,false,799.00
1779788000,1780499000,711000,20000,20000,0.00,790.86,783.33,true,false,false,799.00
1780499000,1781209000,710000,20000,20000,0.00,790.86,783.33,true,false,true,799.00
1781209000,1781920000,711000,20000,20000,2.00,0.00,783.33,true,false,false,799.00
1781920000,1782631000,711000,20000,20000,2.00,783.33,783.33,true,false,false,799.00
1782631000,1783342000,711000,20000,20000,2.00,783.33,783.33,true,false,false,799.00
1783342000,1787030000,3688000,20000,20000,2.00,783.33,820.17,false,true,false,799.00
1787030000,1787791000,761000,0,37000,0.00,783.33,778.75,true,false,false,806.00
1787791000,1788567000,776000,22000,42000,0.00,785.58,785.58,true,false,false,806.00
1788567000,1789323000,756000,26000,35000,0.00,785.58,785.58,true,false,false,806.00
1789323000,1790064000,741000,26000,30000,0.00,785.58,784.05,true,false,false,806.00
1790064000,1790807000,743000,28000,31000,0.00,785.58,783.28,true,false,false,806.00
1790807000,1791547000,740000,28000,30000,0.00,785.58,783.28,true,false,false,806.00
1791547000,1792284000,737000,28000,29000,0.00,785.58,783.28,true,false,false,806.00
1792284000,1793021000,737000,28000,29000,0.00,785.58,783.28,true,false,false,806.00
1793021000,1793758000,737000,29000,29000,0.00,785.58,783.28,true,false,false,806.00
1793758000,1794496000,738000,29000,29000,0.00,785.58,783.28,true,false,false,806.00
1794496000,1795233000,737000,29000,29000,0.00,785.58,783.28,true,false,false,806.00
1795233000,1795970000,737000,29000,29000,0.00,785.58,783.28,true,false,false,806.00
1795970000,1796707000,737000,29000,29000,0.00,785.58,783.28,true,false,false,806.00
1796707000,1797445000,738000,29000,29000,0.00,785.58,783.28,true,false,false,806.00
1797445000,1798182000,737000,29000,29000,0.00,785.58,783.28,true,false,false,806.00
1798182000,1798919000,737000,29000,29000,0.00,785.58,783.28,true,false,false,806.00
1798919000,1799656000,737000,29000,29000,0.00,785.58,783.28,true,false,false,806.00
1799656000,1800393000,737000,29000,29000,0.00,785.58,783.28,true,false,false,806.00
1800393000,1801131000,738000,29000,29000,0.00,785.58,783.28,true,false,false,806.00
1801131000,1801868000,737000,29000,29000,0.00,785.58,783.28,true,false,false,806.00
1801868000,1802605000,737000,29000,29000,0.00,785.58,783.28,true,false,false,806.00
1802605000,1803343000,738000,29000,29000,0.00,785.58,783.28,true,false,false,806.00
1803343000,1804080000,737000,29000,29000,0.00,785.58,783.28,true,false,false,806.00
1804080000,1804817000,737000,29000,29000,0.00,785.58,783.28,true,false,false,806.00
1804817000,1805555000,738000,29000,29000,0.00,785.58,783.28,true,false,false,806.00
1805555000,1806292000,737000,29000,29000,0.00,785.58,783.28,true,false,true,806.00
1806292000,1807221000,929000,29000,93000,2.90,0.00,783.28,true,false,false,806.00
1807221000,1808214000,993000,23000,114000,2.30,730.07,730.07,true,false,false,806.00
1808214000,1808985000,771000,10000,40000,1.00,794.09,794.09,true,false,false,806.00
1808985000,1812601000,3616000,35000,35000,1.00,794.09,804.22,false,true,false,806.00
1812601000,1813351000,750000,10000,33000,1.00,794.09,804.22,true,false,false,809.00
1813351000,1814112000,761000,26000,37000,1.00,794.09,777.99,true,false,false,809.00
1814112000,1814858000,746000,27000,32000,1.00,794.09,783.91,true,false,false,809.00
1814858000,1815604000,746000,28000,32000,1.00,794.09,783.91,true,false,false,809.00
1815604000,1816348000,744000,29000,31000,1.00,794.09,785.44,true,false,false,809.00
1816348000,1817088000,740000,29000,30000,1.00,794.09,786.20,true,false,false,809.00
1817088000,1817828000,740000,30000,30000,1.00,794.09,785.44,true,false,false,809.00
1817828000,1818569000,741000,30000,30000,1.00,794.09,785.44,true,false,false,809.00
1818569000,1819309000,740000,30000,30000,1.00,794.09,785.44,true,false,false,809.00
1819309000,1820049000,740000,30000,30000,1.00,794.09,785.44,true,false,false,809.00
1820049000,1820789000,740000,30000,30000,1.00,794.09,785.44,true,false,false,809.00
1820789000,1821529000,740000,30000,30000,1.00,794.09,785.44,true,false,false,809.00
1821529000,1822269000,740000,30000,30000,1.00,794.09,785.44,true,false,false,809.00
1822269000,1823009000,740000,30000,30000,1.00,794.09,785.44,true,false,false,809.00
1823009000,1823749000,740000,30000,30000,1.00,794.09,785.44,true,false,false,809.00
1823749000,1824489000,740000,30000,30000,1.00,794.09,785.44,true,false,false,809.00
1824489000,1825229000,740000,30000,30000,1.00,794.09,785.44,true,false,false,809.00
1825229000,1825969000,740000,30000,30000,1.00,794.09,785.44,true,false,false,809.00
1825969000,1826709000,740000,30000,30000,1.00,794.09,785.44,true,false,false,809.00
1826709000,1827449000,740000,30000,30000,1.00,794.09,785.44,true,false,false,809.00
1827449000,1828189000,740000,30000,30000,1.00,794.09,785.44,true,false,false,809.00
1828189000,1828929000,740000,30000,30000,1.00,794.09,785.44,true,false,false,809.00
1828929000,1829669000,740000,30000,30000,1.00,794.09,785.44,true,false,false,809.00
1829669000,1830638000,969000,30000,106000,1.00,794.09,762.49,true,false,false,809.00
1830638000,1831639000,1001000,14000,117000,1.00,794.09,764.65,true,false,false,809.00
1831639000,1832413000,774000,11000,41000,1.00,794.09,781.64,true,false,true,809.00
1832413000,1833171000,758000,23000,36000,2.30,0.00,781.64,true,false,false,809.00
1833171000,1833920000,749000,29000,33000,2.30,783.91,783.91,true,false,false,809.00
1833920000,1834663000,743000,28000,31000,2.30,785.44,785.44,true,false,false,809.00
1834663000,1838332000,3669000,30000,30000,2.30,785.44,828.17,false,true,false,809.00
1838332000,1839112000,780000,0,43000,0.00,785.44,791.59,true,false,false,814.00
1839112000,1839903000,791000,24000,47000,0.00,792.60,792.60,true,false,false,814.00
1839903000,1840667000,764000,29000,38000,0.00,792.60,792.60,true,false,false,814.00
1840667000,1841416000,749000,29000,33000,0.00,792.60,788.00,true,false,false,814.00
1841416000,1842168000,752000,31000,34000,0.00,792.60,788.00,true,false,false,814.00
1842168000,1842917000,749000,31000,33000,0.00,792.60,788.76,true,false,false,814.00
1842917000,1843666000,749000,31000,33000,0.00,792.60,788.76,true,false,false,814.00
1843666000,1844412000,746000,31000,32000,0.00,792.60,788.76,true,false,false,814.00
1844412000,1845158000,746000,32000,32000,0.00,792.60,788.76,true,false,false,814.00
1845158000,1845905000,747000,32000,32000,0.00,792.60,788.76,true,false,false,814.00
1845905000,1846651000,746000,32000,32000,0.00,792.60,788.76,true,false,false,814.00
1846651000,1847397000,746000,32000,32000,0.00,792.60,788.76,true,false,false,814.00
1847397000,1848143000,746000,32000,32000,0.00,792.60,788.76,true,false,false,814.00
1848143000,1848889000,746000,32000,32000,0.00,792.60,788.76,true,false,false,814.00
1848889000,1849635000,746000,32000,32000,0.00,792.60,788.76,true,false,false,814.00
1849635000,1850381000,746000,32000,32000,0.00,792.60,788.76,true,false,false,814.00
1850381000,1851127000,746000,32000,32000,0.00,792.60,788.76,true,false,false,814.00
1851127000,1851873000,746000,32000,32000,0.00,792.60,788.76,true,false,false,814.00
1851873000,1852619000,746000,32000,32000,0.00,792.60,788.76,true,false,false,814.00
1852619000,1853365000,746000,32000,32000,0.00,792.60,788.76,true,false,false,814.00
1853365000,1854348000,983000,32000,111000,0.00,792.60,735.99,true,false,false,814.00
1854348000,1855362000,1014000,12000,121000,0.00,798.82,798.82,true,false,false,814.00
1855362000,1856132000,770000,9000,40000,0.00,798.82,798.82,true,false,false,814.00
1856132000,1856888000,756000,22000,35000,0.00,798.82,790.29,true,false,false,814.00
1856888000,1857634000,746000,27000,32000,0.00,798.82,790.29,true,false,false,814.00
1857634000,1858374000,740000,27000,30000,0.00,798.82,791.06,true,false,true,814.00
1858374000,1859114000,740000,28000,30000,2.80,0.00,791.06,true,false,false,814.00
1859114000,1859851000,737000,28000,29000,2.80,791.06,791.06,true,false,false,814.00
1859851000,1860588000,737000,29000,29000,2.80,791.06,791.06,true,false,false,814.00
1860588000,1864280000,3692000,29000,29000,2.80,791.06,841.57,false,true,false,814.00
1864280000,1865068000,788000,0,46000,0.00,791.06,791.83,true,false,false,815.00
1865068000,1865871000,803000,15000,51000,0.00,799.02,799.02,true,false,false,815.00
1865871000,1866638000,767000,26000,39000,0.00,799.02,799.02,true,false,false,815.00
1866638000,1867384000,746000,25000,32000,0.00,799.02,792.80,true,false,false,815.00
1867384000,1868130000,746000,27000,32000,0.00,799.02,791.26,true,false,false,815.00
1868130000,1868870000,740000,28000,30000,0.00,799.02,791.26,true,false,false,815.00
1868870000,1869610000,740000,28000,30000,0.00,799.02,791.26,true,false,false,815.00
1869610000,1870350000,740000,29000,30000,0.00,799.02,792.03,true,false,false,815.00
1870350000,1871091000,741000,29000,30000,0.00,799.02,792.03,true,false,false,815.00
1871091000,1871831000,740000,29000,30000,0.00,799.02,792.03,true,false,false,815.00
1871831000,1872571000,740000,29000,30000,0.00,799.02,792.03,true,false,false,815.00
1872571000,1873312000,741000,29000,30000,0.00,799.02,792.03,true,false,false,815.00
1873312000,1874052000,740000,29000,30000,0.00,799.02,792.03,true,false,false,815.00
1874052000,1874789000,737000,29000,29000,0.00,799.02,792.03,true,false,false,815.00
1874789000,1875527000,738000,29000,29000,0.00,799.02,792.03,true,false,false,815.00
1875527000,1876264000,737000,29000,29000,0.00,799.02,792.03,true,false,false,815.00
1876264000,1877001000,737000,29000,29000,0.00,799.02,792.03,true,false,false,815.00
1877001000,1877975000,974000,29000,108000,0.00,799.02,792.03,true,false,false,815.00
1877975000,1878964000,989000,14000,113000,0.00,799.02,736.22,true,false,false,815.00
1878964000,1879732000,768000,11000,39000,0.00,800.59,800.59,true,false,false,815.00
1879732000,1880484000,752000,23000,34000,0.00,800.59,795.90,true,false,false,815.00
1880484000,1881231000,747000,28000,32000,0.00,800.59,792.80,true,false,false,815.00
1881231000,1881974000,743000,27000,31000,0.00,800.59,792.80,true,false,false,815.00
1881974000,1882714000,740000,28000,30000,0.00,800.59,791.26,true,false,false,815.00
1882714000,1883455000,741000,29000,30000,0.00,800.59,792.03,true,false,false,815.00
1883455000,1884195000,740000,29000,30000,0.00,800.59,792.03,true,false,true,815.00
1884195000,1884932000,737000,29000,29000,2.90,0.00,792.03,true,false,false,815.00
1884932000,1885669000,737000,29000,29000,2.90,792.03,792.03,true,false,false,815.00
1885669000,1886407000,738000,29000,29000,2.90,792.03,792.03,true,false,false,815.00
1886407000,1890105000,3698000,29000,29000,2.90,792.03,842.94,false,true,false,815.00
1890105000,1890896000,791000,0,47000,0.00,792.03,792.03,true,false,false,814.00
1890896000,1891699000,803000,13000,51000,0.00,798.82,798.82,true,false,false,814.00
1891699000,1892466000,767000,26000,39000,0.00,798.82,798.82,true,false,false,814.00
1892466000,1893209000,743000,25000,31000,0.00,798.82,793.37,true,false,false,814.00
1893209000,1893955000,746000,27000,32000,0.00,798.82,790.29,true,false,false,814.00
1893955000,1894695000,740000,27000,30000,0.00,798.82,791.06,true,false,false,814.00
1894695000,1895436000,741000,28000,30000,0.00,798.82,791.06,true,false,false,814.00
1895436000,1896173000,737000,28000,29000,0.00,798.82,791.06,true,false,false,814.00
1896173000,1896911000,738000,29000,29000,0.00,798.82,791.06,true,false,false,814.00
1896911000,1897648000,737000,29000,29000,0.00,798.82,791.06,true,false,false,814.00
1897648000,1898385000,737000,29000,29000,0.00,798.82,791.06,true,false,false,814.00
1898385000,1899122000,737000,29000,29000,0.00,798.82,791.06,true,false,false,814.00
1899122000,1899860000,738000,29000,29000,0.00,798.82,791.06,true,false,false,814.00
1899860000,1900597000,737000,29000,29000,0.00,798.82,791.06,true,false,false,814.00
1900597000,1901571000,974000,29000,108000,0.00,798.82,791.06,true,false,false,814.00
1901571000,1902555000,984000,14000,111000,0.00,798.82,743.38,true,false,false,814.00
1902555000,1903323000,768000,10000,39000,0.00,798.82,791.06,true,false,false,814.00
1903323000,1904078000,755000,22000,35000,0.00,798.82,793.37,true,false,false,814.00
1904078000,1904824000,746000,27000,32000,0.00,798.82,793.37,true,false,false,814.00
1904824000,1905564000,740000,27000,30000,0.00,798.82,792.60,true,false,false,814.00
1905564000,1906304000,740000,28000,30000,0.00,798.82,791.06,true,false,false,814.00
1906304000,1907041000,737000,28000,29000,0.00,798.82,791.06,true,false,false,814.00
1907041000,1907778000,737000,29000,29000,0.00,798.82,791.06,true,false,false,814.00
1907778000,1908515000,737000,29000,29000,0.00,798.82,791.06,true,false,false,814.00
1908515000,1909252000,737000,29000,29000,0.00,798.82,791.06,true,false,false,814.00
1909252000,1909989000,737000,29000,29000,0.00,798.82,791.06,true,false,true,814.00
1909989000,1910726000,737000,29000,29000,2.90,0.00,791.06,true,false,false,814.00
1910726000,1911464000,738000,29000,29000,2.90,791.06,791.06,true,false,false,814.00
1911464000,1912201000,737000,29000,29000,2.90,791.06,791.06,true,false,false,814.00
1912201000,1915899000,3698000,29000,29000,2.90,791.06,842.79,false,true,false,814.00
1915899000,1916690000,791000,0,47000,0.00,791.06,791.06,true,false,false,813.00
1916690000,1917493000,803000,12000,51000,0.00,797.84,797.84,true,false,false,813.00
1917493000,1918261000,768000,26000,39000,0.00,797.84,797.84,true,false,false,813.00
1918261000,1919004000,743000,24000,31000,0.00,797.84,792.40,true,false,false,813.00
1919004000,1919750000,746000,27000,32000,0.00,797.84,790.09,true,false,false,813.00
1919750000,1920490000,740000,27000,30000,0.00,797.84,790.09,true,false,false,813.00
1920490000,1921228000,738000,28000,29000,0.00,797.84,790.09,true,false,false,813.00
1921228000,1921965000,737000,28000,29000,0.00,797.84,790.86,true,false,false,813.00
1921965000,1922703000,738000,28000,29000,0.00,797.84,790.86,true,false,false,813.00
1922703000,1923440000,737000,28000,29000,0.00,797.84,790.09,true,false,false,813.00
1923440000,1924177000,737000,28000,29000,0.00,797.84,790.09,true,false,false,813.00
1924177000,1925163000,986000,28000,112000,0.00,797.84,766.98,true,false,false,813.00
1925163000,1926150000,987000,12000,112000,0.00,797.84,772.81,true,false,false,813.00
1926150000,1926917000,767000,10000,39000,0.00,797.84,785.51,true,false,false,813.00
1926917000,1927660000,743000,22000,31000,0.00,797.84,790.09,true,false,false,813.00
1927660000,1928406000,746000,26000,32000,0.00,797.84,790.09,true,false,false,813.00
1928406000,1929147000,741000,26000,30000,0.00,797.84,791.63,true,false,false,813.00
1929147000,1929888000,741000,27000,30000,0.00,797.84,790.86,true,false,false,813.00
1929888000,1930626000,738000,28000,29000,0.00,797.84,790.86,true,false,false,813.00
1930626000,1931363000,737000,28000,29000,0.00,797.84,790.09,true,false,false,813.00
1931363000,1932100000,737000,28000,29000,0.00,797.84,790.86,true,false,false,813.00
1932100000,1932837000,737000,28000,29000,0.00,797.84,790.86,true,false,false,813.00
1932837000,1933575000,738000,28000,29000,0.00,797.84,790.86,true,false,false,813.00
1933575000,1934312000,737000,28000,29000,0.00,797.84,790.09,true,false,false,813.00
1934312000,1935049000,737000,28000,29000,0.00,797.84,790.86,true,false,false,813.00
1935049000,1935786000,737000,28000,29000,0.00,797.84,790.86,true,false,true,813.00
1935786000,1936523000,737000,28000,29000,2.80,0.00,790.86,true,false,false,813.00
1936523000,1937260000,737000,28000,29000,2.80,790.86,790.86,true,false,false,813.00
1937260000,1937997000,737000,28000,29000,2.80,790.86,790.86,true,false,false,813.00
1937997000,1941687000,3690000,28000,28000,2.80,790.86,841.42,false,true,false,813.00
1941687000,1942475000,788000,0,46000,0.00,790.86,790.09,true,false,false,813.00
1942475000,1943278000,803000,13000,51000,0.00,797.84,797.84,true,false,false,813.00
1943278000,1944042000,764000,25000,38000,0.00,797.84,797.84,true,false,false,813.00
1944042000,1944785000,743000,24000,31000,0.00,797.84,792.40,true,false,false,813.00
1944785000,1945528000,743000,27000,31000,0.00,797.84,790.09,true,false,false,813.00
1945528000,1946268000,740000,27000,30000,0.00,797.84,790.09,true,false,false,813.00
1946268000,1947005000,737000,28000,29000,0.00,797.84,790.09,true,false,false,813.00
1947005000,1947742000,737000,28000,29000,0.00,797.84,790.86,true,false,false,813.00
1947742000,1948723000,981000,28000,110000,0.00,797.84,750.69,true,false,false,813.00
1948723000,1949706000,983000,10000,111000,0.00,797.84,791.63,true,false,false,813.00
1949706000,1950473000,767000,10000,39000,0.00,797.84,785.51,true,false,false,813.00
1950473000,1951216000,743000,22000,31000,0.00,797.84,785.51,true,false,false,813.00
1951216000,1951963000,747000,26000,32000,0.00,797.84,788.55,true,false,false,813.00
1951963000,1952703000,740000,26000,30000,0.00,797.84,790.86,true,false,false,813.00
1952703000,1953443000,740000,27000,30000,0.00,797.84,790.86,true,false,false,813.00
1953443000,1954180000,737000,28000,29000,0.00,797.84,790.86,true,false,false,813.00
1954180000,1954917000,737000,28000,29000,0.00,797.84,790.86,true,false,false,813.00
1954917000,1955654000,737000,28000,29000,0.00,797.84,790.09,true,false,false,813.00
1955654000,1956391000,737000,28000,29000,0.00,797.84,790.09,true,false,false,813.00
1956391000,1957129000,738000,28000,29000,0.00,797.84,790.86,true,false,false,813.00
1957129000,1957866000,737000,28000,29000,0.00,797.84,790.86,true,false,false,813.00
1957866000,1958603000,737000,28000,29000,0.00,797.84,790.86,true,false,false,813.00
1958603000,1959340000,737000,28000,29000,0.00,797.84,790.86,true,false,false,813.00
1959340000,1960077000,737000,28000,29000,0.00,797.84,790.86,true,false,false,813.00
1960077000,1960814000,737000,28000,29000,0.00,797.84,790.86,true,false,false,813.00
1960814000,1961551000,737000,28000,29000,0.00,797.84,790.86,true,false,true,813.00
1961551000,1962289000,738000,28000,29000,2.80,0.00,790.86,true,false,false,813.00
1962289000,1963026000,737000,28000,29000,2.80,790.86,790.86,true,false,false,813.00
1963026000,1963763000,737000,28000,29000,2.80,790.86,790.09,true,false,false,813.00
1963763000,1967454000,3691000,29000,29000,2.80,790.86,841.42,false,true,false,813.00
1967454000,1968242000,788000,0,46000,0.00,790.86,790.86,true,false,false,813.00
1968242000,1969045000,803000,13000,51000,0.00,797.84,797.84,true,false,false,813.00
1969045000,1969809000,764000,26000,38000,0.00,797.84,797.84,true,false,false,813.00
1969809000,1970552000,743000,24000,31000,0.00,797.84,791.63,true,false,false,813.00
1970552000,1971295000,743000,27000,31000,0.00,797.84,790.09,true,false,false,813.00
1971295000,1972272000,977000,27000,109000,0.00,797.84,743.82,true,false,false,813.00
1972272000,1973241000,969000,10000,106000,0.00,797.84,797.06,true,false,false,813.00
1973241000,1974005000,764000,10000,38000,0.00,797.84,797.06,true,false,false,813.00
1974005000,1974748000,743000,22000,31000,0.00,797.84,789.32,true,false,false,813.00
1974748000,1975494000,746000,26000,32000,0.00,797.84,789.32,true,false,false,813.00
1975494000,1976234000,740000,26000,30000,0.00,797.84,790.09,true,false,false,813.00
1976234000,1976974000,740000,27000,30000,0.00,797.84,790.09,true,false,false,813.00
1976974000,1977711000,737000,28000,29000,0.00,797.84,790.86,true,false,false,813.00
1977711000,1978449000,738000,28000,29000,0.00,797.84,790.86,true,false,false,813.00
1978449000,1979186000,737000,28000,29000,0.00,797.84,790.09,true,false,false,813.00
1979186000,1979923000,737000,28000,29000,0.00,797.84,790.09,true,false,false,813.00
1979923000,1980660000,737000,28000,29000,0.00,797.84,790.86,true,false,false,813.00
1980660000,1981397000,737000,28000,29000,0.00,797.84,790.86,true,false,false,813.00
1981397000,1982134000,737000,28000,29000,0.00,797.84,790.86,true,false,false,813.00
1982134000,1982871000,737000,28000,29000,0.00,797.84,790.86,true,false,false,813.00
1982871000,1983609000,738000,28000,29000,0.00,797.84,790.09,true,false,false,813.00
1983609000,1984346000,737000,28000,29000,0.00,797.84,790.86,true,false,false,813.00
1984346000,1985083000,737000,28000,29000,0.00,797.84,790.86,true,false,false,813.00
1985083000,1985820000,737000,28000,29000,0.00,797.84,790.86,true,false,false,813.00
1985820000,1986557000,737000,28000,29000,0.00,797.84,790.86,true,false,false,813.00
1986557000,1987294000,737000,28000,29000,0.00,797.84,790.86,true,false,true,813.00
1987294000,1988031000,737000,28000,29000,2.80,0.00,790.86,true,false,false,813.00
1988031000,1988769000,738000,28000,29000,2.80,790.86,790.86,true,false,false,813.00
1988769000,1989506000,737000,28000,29000,2.80,790.86,790.09,true,false,false,813.00
1989506000,1993198000,3692000,28000,28000,2.80,790.86,841.42,false,true,false,813.00
1993198000,1993986000,788000,0,46000,0.00,790.86,790.86,true,false,false,813.00
1993986000,1994786000,800000,13000,50000,0.00,797.84,797.84,true,false,false,813.00
1994786000,1995652000,866000,26000,72000,0.00,797.84,759.10,true,false,false,813.00
1995652000,1996515000,863000,20000,71000,0.00,797.84,759.10,true,false,false,813.00
1996515000,1997270000,755000,17000,35000,0.00,798.62,798.62,true,false,false,813.00
1997270000,1998016000,746000,24000,32000,0.00,798.62,791.63,true,false,false,813.00
1998016000,1998759000,743000,27000,31000,0.00,798.62,790.09,true,false,false,813.00
1998759000,1999496000,737000,27000,29000,0.00,798.62,790.09,true,false,false,813.00
1999496000,2000233000,737000,28000,29000,0.00,798.62,790.86,true,false,false,813.00
2000233000,2000970000,737000,28000,29000,0.00,798.62,790.86,true,false,false,813.00
2000970000,2001707000,737000,28000,29000,0.00,798.62,790.86,true,false,false,813.00
2001707000,2002444000,737000,28000,29000,0.00,798.62,790.09,true,false,false,813.00
2002444000,2003181000,737000,28000,29000,0.00,798.62,790.86,true,false,false,813.00
2003181000,2003918000,737000,28000,29000,0.00,798.62,790.09,true,false,false,813.00
2003918000,2004655000,737000,28000,29000,0.00,798.62,790.09,true,false,false,813.00
2004655000,2005392000,737000,28000,29000,0.00,798.62,790.86,true,false,false,813.00
2005392000,2006129000,737000,28000,29000,0.00,798.62,790.86,true,false,false,813.00
2006129000,2006866000,737000,28000,29000,0.00,798.62,790.86,true,false,false,813.00
2006866000,2007603000,737000,28000,29000,0.00,798.62,790.86,true,false,false,813.00
2007603000,2008340000,737000,28000,29000,0.00,798.62,790.09,true,false,false,813.00
2008340000,2009077000,737000,28000,29000,0.00,798.62,790.86,true,false,false,813.00
2009077000,2009814000,737000,28000,29000,0.00,798.62,790.86,true,false,false,813.00
2009814000,2010552000,738000,28000,29000,0.00,798.62,790.86,true,false,false,813.00
2010552000,2011289000,737000,28000,29000,0.00,798.62,790.86,true,false,false,813.00
2011289000,2012026000,737000,28000,29000,0.00,798.62,790.86,true,false,false,813.00
2012026000,2012763000,737000,28000,29000,0.00,798.62,790.86,true,false,true,813.00
2012763000,2013500000,737000,28000,29000,2.80,0.00,790.86,true,false,false,813.00
2013500000,2014237000,737000,28000,29000,2.80,790.86,790.86,true,false,false,813.00
2014237000,2014974000,737000,28000,29000,2.80,790.86,790.09,true,false,false,813.00
2014974000,2018771000,3797000,28000,28000,2.80,790.86,811.88,false,true,false,813.00
2018771000,2019736000,965000,14000,105000,1.40,790.86,775.76,true,false,false,799.00
2019736000,2020491000,755000,0,35000,0.00,790.86,771.98,true,false,false,799.00
2020491000,2021228000,737000,5000,29000,0.00,790.86,785.64,true,false,false,799.00
2021228000,2021957000,729000,17000,26000,0.00,790.86,785.64,true,false,false,799.00
2021957000,2022674000,717000,16000,22000,0.00,790.86,785.64,true,false,false,799.00
2022674000,2023393000,719000,18000,23000,0.00,790.86,783.33,true,false,false,799.00
2023393000,2024106000,713000,18000,21000,0.00,790.86,783.33,true,false,false,799.00
2024106000,2024819000,713000,19000,21000,0.00,790.86,783.33,true,false,false,799.00
2024819000,2025529000,710000,19000,20000,0.00,790.86,783.33,true,false,false,799.00
2025529000,2026239000,710000,19000,20000,0.00,790.86,783.33,true,false,false,799.00
2026239000,2026949000,710000,19000,20000,0.00,790.86,783.33,true,false,false,799.00
2026949000,2027659000,710000,20000,20000,0.00,790.86,783.33,true,false,false,799.00
2027659000,2028370000,711000,20000,20000,0.00,790.86,783.33,true,false,false,799.00
2028370000,2029081000,711000,20000,20000,0.00,790.86,783.33,true,false,false,799.00
2029081000,2029792000,711000,20000,20000,0.00,790.86,783.33,true,false,false,799.00
2029792000,2030503000,711000,20000,20000,0.00,790.86,783.33,true,false,false,799.00
2030503000,2031213000,710000,20000,20000,0.00,790.86,783.33,true,false,false,799.00
2031213000,2031924000,711000,20000,20000,0.00,790.86,783.33,true,false,false,799.00
2031924000,2032635000,711000,20000,20000,0.00,790.86,783.33,true,false,false,799.00
2032635000,2033346000,711000,20000,20000,0.00,790.86,783.33,true,false,false,799.00
2033346000,2034057000,711000,20000,20000,0.00,790.86,783.33,true,false,false,799.00
2034057000,2034767000,710000,20000,20000,0.00,790.86,783.33,true,false,false,799.00
2034767000,2035477000,710000,20000,20000,0.00,790.86,783.33,true,false,false,799.00
2035477000,2036188000,711000,20000,20000,0.00,790.86,783.33,true,false,false,799.00
2036188000,2036899000,711000,20000,20000,0.00,790.86,783.33,true,false,false,799.00
2036899000,2037610000,711000,20000,20000,0.00,790.86,783.33,true,false,true,799.00
2037610000,2038321000,711000,20000,20000,2.00,0.00,783.33,true,false,false,799.00
2038321000,2039032000,711000,20000,20000,2.00,783.33,783.33,true,false,false,799.00
2039032000,2039743000,711000,20000,20000,2.00,783.33,783.33,true,false,false,799.00
2039743000,2043432000,3689000,20000,20000,2.00,783.33,820.17,false,true,false,799.00
2043432000,2044193000,761000,0,37000,0.00,783.33,777.99,true,false,false,806.00
2044193000,2044969000,776000,22000,42000,0.00,786.34,786.34,true,false,false,806.00
2044969000,2045722000,753000,26000,34000,0.00,786.34,786.34,true,false,false,806.00
2045722000,2046463000,741000,26000,30000,0.00,786.34,783.28,true,false,false,806.00
2046463000,2047206000,743000,27000,31000,0.00,786.34,783.28,true,false,false,806.00
2047206000,2047946000,740000,27000,30000,0.00,786.34,783.28,true,false,false,806.00
2047946000,2048683000,737000,28000,29000,0.00,786.34,783.28,true,false,false,806.00
2048683000,2049420000,737000,28000,29000,0.00,786.34,783.28,true,false,false,806.00
2049420000,2050158000,738000,29000,29000,0.00,786.34,783.28,true,false,false,806.00
2050158000,2050895000,737000,29000,29000,0.00,786.34,783.28,true,false,false,806.00
2050895000,2051632000,737000,29000,29000,0.00,786.34,783.28,true,false,false,806.00
2051632000,2052369000,737000,29000,29000,0.00,786.34,783.28,true,false,false,806.00
2052369000,2053106000,737000,29000,29000,0.00,786.34,783.28,true,false,false,806.00
2053106000,2053844000,738000,29000,29000,0.00,786.34,783.28,true,false,false,806.00
2053844000,2054581000,737000,29000,29000,0.00,786.34,783.28,true,false,false,806.00
2054581000,2055318000,737000,29000,29000,0.00,786.34,783.28,true,false,false,806.00
2055318000,2056055000,737000,29000,29000,0.00,786.34,783.28,true,false,false,806.00
2056055000,2056792000,737000,29000,29000,0.00,786.34,783.28,true,false,false,806.00
2056792000,2057529000,737000,29000,29000,0.00,786.34,783.28,true,false,false,806.00
2057529000,2058267000,738000,29000,29000,0.00,786.34,783.28,true,false,false,806.00
2058267000,2059004000,737000,29000,29000,0.00,786.34,783.28,true,false,false,806.00
2059004000,2059742000,738000,29000,29000,0.00,786.34,783.28,true,false,false,806.00
2059742000,2060480000,738000,29000,29000,0.00,786.34,783.28,true,false,false,806.00
2060480000,2061218000,738000,29000,29000,0.00,786.34,783.28,true,false,false,806.00
2061218000,2061955000,737000,29000,29000,0.00,786.34,783.28,true,false,false,806.00
2061955000,2062692000,737000,29000,29000,0.00,786.34,783.28,true,false,true,806.00
2062692000,2063622000,930000,29000,93000,2.90,0.00,783.28,true,false,false,806.00
2063622000,2064618000,996000,23000,115000,2.30,730.07,730.07,true,false,false,806.00
2064618000,2065388000,770000,10000,40000,1.00,794.87,794.87,true,false,false,806.00
2065388000,2069003000,3615000,37000,37000,1.00,794.87,804.22,false,true,false,806.00
2069003000,2069752000,749000,10000,33000,1.00,794.87,804.22,true,false,false,809.00
2069752000,2070513000,761000,26000,37000,1.00,794.87,778.74,true,false,false,809.00
2070513000,2071259000,746000,27000,32000,1.00,794.87,783.91,true,false,false,809.00
2071259000,2072005000,746000,28000,32000,1.00,794.87,783.91,true,false,false,809.00
2072005000,2072748000,743000,29000,31000,1.00,794.87,785.44,true,false,false,809.00
2072748000,2073488000,740000,29000,30000,1.00,794.87,785.44,true,false,false,809.00
2073488000,2074228000,740000,30000,30000,1.00,794.87,785.44,true,false,false,809.00
2074228000,2074968000,740000,30000,30000,1.00,794.87,785.44,true,false,false,809.00
2074968000,2075708000,740000,30000,30000,1.00,794.87,785.44,true,false,false,809.00
2075708000,2076448000,740000,30000,30000,1.00,794.87,785.44,true,false,false,809.00
2076448000,2077189000,741000,30000,30000,1.00,794.87,785.44,true,false,false,809.00
2077189000,2077929000,740000,30000,30000,1.00,794.87,785.44,true,false,false,809.00
2077929000,2078669000,740000,30000,30000,1.00,794.87,785.44,true,false,false,809.00
2078669000,2079409000,740000,30000,30000,1.00,794.87,785.44,true,false,false,809.00
2079409000,2080149000,740000,30000,30000,1.00,794.87,785.44,true,false,false,809.00
2080149000,2080889000,740000,30000,30000,1.00,794.87,785.44,true,false,false,809.00
2080889000,2081629000,740000,30000,30000,1.00,794.87,785.44,true,false,false,809.00
2081629000,2082369000,740000,30000,30000,1.00,794.87,785.44,true,false,false,809.00
2082369000,2083109000,740000,30000,30000,1.00,794.87,785.44,true,false,false,809.00
2083109000,2083849000,740000,30000,30000,1.00,794.87,785.44,true,false,false,809.00
2083849000,2084590000,741000,30000,30000,1.00,794.87,785.44,true,false,false,809.00
2084590000,2085330000,740000,30000,30000,1.00,794.87,785.44,true,false,false,809.00
2085330000,2086070000,740000,30000,30000,1.00,794.87,785.44,true,false,false,809.00
2086070000,2087038000,968000,30000,106000,1.00,794.87,766.10,true,false,false,809.00
2087038000,2088039000,1001000,14000,117000,1.00,794.87,761.77,true,false,false,809.00
2088039000,2088813000,774000,12000,41000,1.00,794.87,780.89,true,false,true,809.00
2088813000,2089575000,762000,24000,37000,2.40,0.00,780.89,true,false,false,809.00
2089575000,2090324000,749000,29000,33000,2.40,783.91,783.91,true,false,false,809.00
2090324000,2091067000,743000,28000,31000,2.40,785.44,785.44,true,false,false,809.00
2091067000,2094742000,3675000,30000,30000,2.40,785.44,829.43,false,true,false,809.00
2094742000,2095524000,782000,0,44000,0.00,785.44,791.59,true,false,false,812.00
2095524000,2096318000,794000,22000,48000,0.00,791.42,791.42,true,false,false,812.00
2096318000,2097082000,764000,28000,38000,0.00,791.42,791.42,true,false,false,812.00
2097082000,2097831000,749000,28000,33000,0.00,791.42,786.82,true,false,false,812.00
2097831000,2098580000,749000,30000,33000,0.00,791.42,786.82,true,false,false,812.00
2098580000,2099326000,746000,30000,32000,0.00,791.42,787.58,true,false,false,812.00
2099326000,2100072000,746000,30000,32000,0.00,791.42,787.58,true,false,false,812.00
2100072000,2100818000,746000,31000,32000,0.00,791.42,787.58,true,false,false,812.00
2100818000,2101564000,746000,31000,32000,0.00,791.42,787.58,true,false,false,812.00
2101564000,2102310000,746000,31000,32000,0.00,791.42,787.58,true,false,false,812.00
2102310000,2103053000,743000,31000,31000,0.00,791.42,787.58,true,false,false,812.00
2103053000,2103796000,743000,31000,31000,0.00,791.42,787.58,true,false,false,812.00
2103796000,2104539000,743000,31000,31000,0.00,791.42,787.58,true,false,false,812.00
2104539000,2105282000,743000,31000,31000,0.00,791.42,787.58,true,false,false,812.00
2105282000,2106025000,743000,31000,31000,0.00,791.42,787.58,true,false,false,812.00
2106025000,2106768000,743000,31000,31000,0.00,791.42,787.58,true,false,false,812.00
2106768000,2107511000,743000,31000,31000,0.00,791.42,787.58,true,false,false,812.00
2107511000,2108254000,743000,31000,31000,0.00,791.42,787.58,true,false,false,812.00
2108254000,2108997000,743000,31000,31000,0.00,791.42,787.58,true,false,false,812.00
2108997000,2109741000,744000,31000,31000,0.00,791.42,787.58,true,false,false,812.00
2109741000,2110748000,1007000,31000,119000,0.00,791.42,731.53,true,false,false,812.00
2110748000,2111762000,1014000,9000,121000,0.00,800.79,800.79,true,false,false,812.00
2111762000,2112529000,767000,9000,39000,0.00,800.79,800.79,true,false,false,812.00
2112529000,2113273000,744000,22000,31000,0.00,800.79,790.65,true,false,false,812.00
2113273000,2114016000,743000,26000,31000,0.00,800.79,788.35,true,false,false,812.00
2114016000,2114753000,737000,26000,29000,0.00,800.79,789.12,true,false,true,812.00
2114753000,2115490000,737000,27000,29000,2.70,0.00,789.12,true,false,false,812.00
2115490000,2116227000,737000,28000,29000,2.70,789.88,789.88,true,false,false,812.00
2116227000,2116961000,734000,28000,28000,2.70,789.88,789.88,true,false,false,812.00
2116961000,2120648000,3687000,28000,28000,2.70,789.88,839.25,false,true,false,812.00
2120648000,2121433000,785000,0,45000,0.00,789.88,789.88,true,false,false,813.00
2121433000,2122233000,800000,14000,50000,0.00,797.06,797.06,true,false,false,813.00
2122233000,2122997000,764000,26000,38000,0.00,797.06,797.06,true,false,false,813.00
2122997000,2123740000,743000,25000,31000,0.00,797.06,792.40,true,false,false,813.00
2123740000,2124483000,743000,27000,31000,0.00,797.06,790.09,true,false,false,813.00
2124483000,2125221000,738000,27000,29000,0.00,797.06,790.09,true,false,false,813.00
2125221000,2125958000,737000,28000,29000,0.00,797.06,790.09,true,false,false,813.00
2125958000,2126695000,737000,28000,29000,0.00,797.06,790.86,true,false,false,813.00
2126695000,2127432000,737000,28000,29000,0.00,797.06,790.86,true,false,false,813.00
2127432000,2128170000,738000,28000,29000,0.00,797.06,790.86,true,false,false,813.00
2128170000,2128907000,737000,28000,29000,0.00,797.06,790.86,true,false,false,813.00
2128907000,2129645000,738000,28000,29000,0.00,797.06,790.86,true,false,false,813.00
2129645000,2130382000,737000,28000,29000,0.00,797.06,790.09,true,false,false,813.00
2130382000,2131119000,737000,28000,29000,0.00,797.06,790.09,true,false,false,813.00
2131119000,2131856000,737000,28000,29000,0.00,797.06,790.86,true,false,false,813.00
2131856000,2132593000,737000,28000,29000,0.00,797.06,790.86,true,false,false,813.00
2132593000,2133330000,737000,28000,29000,0.00,797.06,790.86,true,false,false,813.00
2133330000,2134317000,987000,28000,112000,0.00,797.06,790.86,true,false,false,813.00
2134317000,2135304000,987000,10000,112000,0.00,797.06,745.87,true,false,false,813.00
2135304000,2136071000,767000,10000,39000,0.00,797.06,787.79,true,false,false,813.00
2136071000,2136815000,744000,22000,31000,0.00,797.06,792.40,true,false,false,813.00
2136815000,2137562000,747000,26000,32000,0.00,797.06,790.86,true,false,false,813.00
2137562000,2138302000,740000,26000,30000,0.00,797.06,790.86,true,false,false,813.00
2138302000,2139043000,741000,27000,30000,0.00,797.06,790.86,true,false,false,813.00
2139043000,2139780000,737000,28000,29000,0.00,797.06,790.09,true,false,false,813.00
2139780000,2140518000,738000,28000,29000,0.00,797.06,790.09,true,false,true,813.00
2140518000,2141255000,737000,28000,29000,2.80,0.00,790.09,true,false,false,813.00
2141255000,2141992000,737000,28000,29000,2.80,790.86,790.86,true,false,false,813.00
2141992000,2142729000,737000,28000,29000,2.80,790.86,790.86,true,false,false,813.00
2142729000,2146421000,3692000,28000,28000,2.80,790.86,840.63,false,true,false,813.00
2146421000,2147209000,788000,0,46000,0.00,790.86,790.86,true,false,false,813.00
2147209000,2148010000,801000,13000,50000,0.00,797.06,797.06,true,false,false,813.00
2148010000,2148775000,765000,26000,38000,0.00,797.06,797.06,true,false,false,813.00
2148775000,2149518000,743000,24000,31000,0.00,797.06,792.40,true,false,false,813.00
2149518000,2150261000,743000,27000,31000,0.00,797.06,790.09,true,false,false,813.00
2150261000,2150998000,737000,27000,29000,0.00,797.06,790.09,true,false,false,813.00
2150998000,2151735000,737000,28000,29000,0.00,797.06,790.09,true,false,false,813.00
2151735000,2152472000,737000,28000,29000,0.00,797.06,790.86,true,false,false,813.00
2152472000,2153210000,738000,28000,29000,0.00,797.06,790.86,true,false,false,813.00
2153210000,2153947000,737000,28000,29000,0.00,797.06,790.86,true,false,false,813.00
2153947000,2154684000,737000,28000,29000,0.00,797.06,790.86,true,false,false,813.00
2154684000,2155421000,737000,28000,29000,0.00,797.06,790.86,true,false,false,813.00
2155421000,2156158000,737000,28000,29000,0.00,797.06,790.09,true,false,false,813.00
2156158000,2156895000,737000,28000,29000,0.00,797.06,790.09,true,false,false,813.00
2156895000,2157878000,983000,28000,111000,0.00,797.06,772.08,true,false,false,813.00
2157878000,2158855000,977000,10000,109000,0.00,797.06,768.43,true,false,false,813.00
2158855000,2159623000,768000,11000,39000,0.00,797.06,783.99,true,false,false,813.00
2159623000,2160366000,743000,22000,31000,0.00,797.06,790.86,true,false,false,813.00
2160366000,2161112000,746000,26000,32000,0.00,797.06,790.86,true,false,false,813.00
2161112000,2161852000,740000,26000,30000,0.00,797.06,791.63,true,false,false,813.00
2161852000,2162592000,740000,27000,30000,0.00,797.06,790.86,true,false,false,813.00
2162592000,2163329000,737000,28000,29000,0.00,797.06,790.86,true,false,false,813.00
2163329000,2164066000,737000,28000,29000,0.00,797.06,790.86,true,false,false,813.00
2164066000,2164803000,737000,28000,29000,0.00,797.06,790.86,true,false,false,813.00
2164803000,2165540000,737000,28000,29000,0.00,797.06,790.09,true,false,false,813.00
2165540000,2166277000,737000,28000,29000,0.00,797.06,790.09,true,false,true,813.00
2166277000,2167014000,737000,28000,29000,2.80,0.00,790.09,true,false,false,813.00
2167014000,2167751000,737000,28000,29000,2.80,790.86,790.86,true,false,false,813.00
2167751000,2168488000,737000,28000,29000,2.80,790.86,790.86,true,false,false,813.00
2168488000,2172178000,3690000,28000,28000,2.80,790.86,840.63,false,true,false,813.00
2172178000,2172966000,788000,0,46000,0.00,790.86,790.86,true,false,false,813.00
2172966000,2173769000,803000,13000,51000,0.00,797.84,797.84,true,false,false,813.00
2173769000,2174533000,764000,25000,38000,0.00,797.84,797.84,true,false,false,813.00
2174533000,2175276000,743000,24000,31000,0.00,797.84,792.40,true,false,false,813.00
2175276000,2176019000,743000,27000,31000,0.00,797.84,790.09,true,false,false,813.00
2176019000,2176759000,740000,27000,30000,0.00,797.84,790.09,true,false,false,813.00
2176759000,2177496000,737000,28000,29000,0.00,797.84,790.09,true,false,false,813.00
2177496000,2178233000,737000,28000,29000,0.00,797.84,790.86,true,false,false,813.00
2178233000,2178970000,737000,28000,29000,0.00,797.84,790.86,true,false,false,813.00
2178970000,2179707000,737000,28000,29000,0.00,797.84,790.86,true,false,false,813.00
2179707000,2180444000,737000,28000,29000,0.00,797.84,790.09,true,false,false,813.00
2180444000,2181427000,983000,28000,111000,0.00,797.84,757.69,true,false,false,813.00
2181427000,2182410000,983000,10000,111000,0.00,797.84,784.75,true,false,false,813.00
2182410000,2183178000,768000,11000,39000,0.00,797.84,783.99,true,false,false,813.00
2183178000,2183921000,743000,22000,31000,0.00,797.84,789.32,true,false,false,813.00
2183921000,2184667000,746000,26000,32000,0.00,797.84,789.32,true,false,false,813.00
2184667000,2185407000,740000,26000,30000,0.00,797.84,791.63,true,false,false,813.00
2185407000,2186147000,740000,27000,30000,0.00,797.84,790.86,true,false,false,813.00
2186147000,2186885000,738000,28000,29000,0.00,797.84,790.86,true,false,false,813.00
2186885000,2187622000,737000,28000,29000,0.00,797.84,790.86,true,false,false,813.00
2187622000,2188359000,737000,28000,29000,0.00,797.84,790.86,true,false,false,813.00
2188359000,2189096000,737000,28000,29000,0.00,797.84,790.09,true,false,false,813.00
2189096000,2189833000,737000,28000,29000,0.00,797.84,790.09,true,false,false,813.00
2189833000,2190570000,737000,28000,29000,0.00,797.84,790.86,true,false,false,813.00
2190570000,2191307000,737000,28000,29000,0.00,797.84,790.86,true,false,false,813.00
2191307000,2192045000,738000,28000,29000,0.00,797.84,790.86,true,false,true,813.00
2192045000,2192782000,737000,28000,29000,2.80,0.00,790.86,true,false,false,813.00
2192782000,2193519000,737000,28000,29000,2.80,790.86,790.86,true,false,false,813.00
2193519000,2194256000,737000,28000,29000,2.80,790.86,790.86,true,false,false,813.00
2194256000,2197948000,3692000,28000,28000,2.80,790.86,840.63,false,true,false,813.00
2197948000,2198736000,788000,0,46000,0.00,790.86,790.86,true,false,false,813.00
2198736000,2199539000,803000,13000,51000,0.00,797.84,797.84,true,false,false,813.00
2199539000,2200303000,764000,26000,38000,0.00,797.84,797.84,true,false,false,813.00
2200303000,2201046000,743000,24000,31000,0.00,797.84,792.40,true,false,false,813.00
2201046000,2201789000,743000,27000,31000,0.00,797.84,790.09,true,false,false,813.00
2201789000,2202529000,740000,27000,30000,0.00,797.84,790.09,true,false,false,813.00
2202529000,2203266000,737000,28000,29000,0.00,797.84,790.09,true,false,false,813.00
2203266000,2204004000,738000,28000,29000,0.00,797.84,790.86,true,false,false,813.00
2204004000,2204987000,983000,28000,111000,0.00,797.84,747.24,true,false,false,813.00
2204987000,2205958000,971000,10000,107000,0.00,797.84,793.95,true,false,false,813.00
2205958000,2206725000,767000,11000,39000,0.00,797.84,786.27,true,false,false,813.00
2206725000,2207468000,743000,22000,31000,0.00,797.84,786.27,true,false,false,813.00
2207468000,2208211000,743000,26000,31000,0.00,797.84,788.55,true,false,false,813.00
2208211000,2208951000,740000,27000,30000,0.00,797.84,790.86,true,false,false,813.00
2208951000,2209692000,741000,27000,30000,0.00,797.84,790.86,true,false,false,813.00
2209692000,2210429000,737000,28000,29000,0.00,797.84,790.86,true,false,false,813.00
2210429000,2211166000,737000,28000,29000,0.00,797.84,790.86,true,false,false,813.00
2211166000,2211903000,737000,28000,29000,0.00,797.84,790.86,true,false,false,813.00
2211903000,2212640000,737000,28000,29000,0.00,797.84,790.86,true,false,false,813.00
2212640000,2213377000,737000,28000,29000,0.00,797.84,790.86,true,false,false,813.00
2213377000,2214114000,737000,28000,29000,0.00,797.84,790.86,true,false,false,813.00
2214114000,2214852000,738000,28000,29000,0.00,797.84,790.86,true,false,false,813.00
2214852000,2215589000,737000,28000,29000,0.00,797.84,790.86,true,false,false,813.00
2215589000,2216326000,737000,28000,29000,0.00,797.84,790.09,true,false,false,813.00
2216326000,2217063000,737000,28000,29000,0.00,797.84,790.86,true,false,false,813.00
2217063000,2217800000,737000,28000,29000,0.00,797.84,790.86,true,false,true,813.00
2217800000,2218537000,737000,28000,29000,2.80,0.00,790.86,true,false,false,813.00
2218537000,2219274000,737000,28000,29000,2.80,790.09,790.09,true,false,false,813.00
2219274000,2220012000,738000,28000,29000,2.80,790.86,790.86,true,false,false,813.00
2220012000,2223703000,3691000,29000,29000,2.80,790.86,840.63,false,true,false,813.00
2223703000,2224492000,789000,0,46000,0.00,790.86,791.63,true,false,false,813.00
2224492000,2225295000,803000,13000,51000,0.00,797.84,797.84,true,false,false,813.00
2225295000,2226060000,765000,26000,38000,0.00,797.84,797.84,true,false,false,813.00
2226060000,2226803000,743000,24000,31000,0.00,797.84,791.63,true,false,false,813.00
2226803000,2227546000,743000,27000,31000,0.00,797.84,790.09,true,false,false,813.00
2227546000,2228523000,977000,27000,109000,0.00,797.84,742.47,true,false,false,813.00
2228523000,2229476000,953000,10000,101000,0.00,798.62,798.62,true,false,false,813.00
2229476000,2230243000,767000,10000,39000,0.00,798.62,798.62,true,false,false,813.00
2230243000,2230989000,746000,22000,32000,0.00,798.62,789.32,true,false,false,813.00
2230989000,2231732000,743000,26000,31000,0.00,798.62,789.32,true,false,false,813.00
2231732000,2232472000,740000,26000,30000,0.00,798.62,790.09,true,false,false,813.00
2232472000,2233212000,740000,27000,30000,0.00,798.62,790.09,true,false,false,813.00
2233212000,2233949000,737000,28000,29000,0.00,798.62,790.86,true,false,false,813.00
2233949000,2234686000,737000,28000,29000,0.00,798.62,790.86,true,false,false,813.00
2234686000,2235423000,737000,28000,29000,0.00,798.62,790.86,true,false,false,813.00
2235423000,2236160000,737000,28000,29000,0.00,798.62,790.86,true,false,false,813.00
2236160000,2236897000,737000,28000,29000,0.00,798.62,790.09,true,false,false,813.00
2236897000,2237635000,738000,28000,29000,0.00,798.62,790.86,true,false,false,813.00
2237635000,2238372000,737000,28000,29000,0.00,798.62,790.86,true,false,false,813.00
2238372000,2239109000,737000,28000,29000,0.00,798.62,790.86,true,false,false,813.00
2239109000,2239847000,738000,28000,29000,0.00,798.62,790.09,true,false,false,813.00
2239847000,2240584000,737000,28000,29000,0.00,798.62,790.86,true,false,false,813.00
2240584000,2241321000,737000,28000,29000,0.00,798.62,790.86,true,false,false,813.00
2241321000,2242058000,737000,28000,29000,0.00,798.62,790.86,true,false,false,813.00
2242058000,2242795000,737000,28000,29000,0.00,798.62,790.09,true,false,false,813.00
2242795000,2243532000,737000,28000,29000,0.00,798.62,790.09,true,false,true,813.00
2243532000,2244269000,737000,28000,29000,2.80,0.00,790.09,true,false,false,813.00
2244269000,2245007000,738000,28000,29000,2.80,790.86,790.86,true,false,false,813.00
2245007000,2245744000,737000,28000,29000,2.80,790.86,790.86,true,false,false,813.00
2245744000,2249436000,3692000,28000,28000,2.80,790.86,841.42,false,true,false,813.00
2249436000,2250224000,788000,0,46000,0.00,790.86,790.86,true,false,false,813.00
2250224000,2251024000,800000,13000,50000,0.00,797.84,797.84,true,false,false,813.00
2251024000,2251890000,866000,26000,72000,0.00,797.84,759.10,true,false,false,813.00
2251890000,2252754000,864000,20000,71000,0.00,797.84,759.10,true,false,false,813.00
2252754000,2253509000,755000,17000,35000,0.00,798.62,798.62,true,false,false,813.00
2253509000,2254255000,746000,24000,32000,0.00,798.62,791.63,true,false,false,813.00
2254255000,2254999000,744000,27000,31000,0.00,798.62,790.09,true,false,false,813.00
2254999000,2255736000,737000,27000,29000,0.00,798.62,790.09,true,false,false,813.00
2255736000,2256473000,737000,28000,29000,0.00,798.62,790.86,true,false,false,813.00
2256473000,2257210000,737000,28000,29000,0.00,798.62,790.09,true,false,false,813.00
2257210000,2257947000,737000,28000,29000,0.00,798.62,790.09,true,false,false,813.00
2257947000,2258685000,738000,28000,29000,0.00,798.62,790.86,true,false,false,813.00
2258685000,2259422000,737000,28000,29000,0.00,798.62,790.09,true,false,false,813.00
2259422000,2260159000,737000,28000,29000,0.00,798.62,790.86,true,false,false,813.00
2260159000,2260896000,737000,28000,29000,0.00,798.62,790.86,true,false,false,813.00
2260896000,2261633000,737000,28000,29000,0.00,798.62,790.86,true,false,false,813.00
2261633000,2262370000,737000,28000,29000,0.00,798.62,790.86,true,false,false,813.00
2262370000,2263107000,737000,28000,29000,0.00,798.62,790.86,true,false,false,813.00
2263107000,2263845000,738000,28000,29000,0.00,798.62,790.86,true,false,false,813.00
2263845000,2264582000,737000,28000,29000,0.00,798.62,790.86,true,false,false,813.00
2264582000,2265319000,737000,28000,29000,0.00,798.62,790.86,true,false,false,813.00
2265319000,2266056000,737000,28000,29000,0.00,798.62,790.86,true,false,false,813.00
2266056000,2266793000,737000,28000,29000,0.00,798.62,790.09,true,false,false,813.00
2266793000,2267530000,737000,28000,29000,0.00,798.62,790.86,true,false,false,813.00
2267530000,2268267000,737000,28000,29000,0.00,798.62,790.86,true,false,false,813.00
2268267000,2269005000,738000,28000,29000,0.00,798.62,790.86,true,false,true,813.00
2269005000,2269742000,737000,28000,29000,2.80,0.00,790.86,true,false,false,813.00
2269742000,2270479000,737000,28000,29000,2.80,790.86,790.86,true,false,false,813.00
2270479000,2271216000,737000,28000,29000,2.80,790.86,790.09,true,false,false,813.00
2271216000,2275012000,3796000,29000,29000,2.80,790.86,811.88,false,true,false,813.00
2275012000,2275977000,965000,16000,105000,1.60,790.86,772.81,true,false,false,800.00
2275977000,2276729000,752000,0,34000,0.00,790.86,775.95,true,false,false,800.00
2276729000,2277472000,743000,6000,31000,0.00,790.86,787.40,true,false,false,800.00
2277472000,2278200000,728000,17000,26000,0.00,790.86,787.40,true,false,false,800.00
2278200000,2278916000,716000,15000,22000,0.00,790.86,785.85,true,false,false,800.00
2278916000,2279635000,719000,18000,23000,0.00,790.86,783.55,true,false,false,800.00
2279635000,2280348000,713000,19000,21000,0.00,790.86,783.55,true,false,false,800.00
2280348000,2281062000,714000,19000,21000,0.00,790.86,784.31,true,false,false,800.00
2281062000,2281775000,713000,19000,21000,0.00,790.86,784.31,true,false,false,800.00
2281775000,2282489000,714000,20000,21000,0.00,790.86,784.31,true,false,false,800.00
2282489000,2283199000,710000,20000,20000,0.00,790.86,784.31,true,false,false,800.00
2283199000,2283909000,710000,20000,20000,0.00,790.86,784.31,true,false,false,800.00
2283909000,2284620000,711000,20000,20000,0.00,790.86,784.31,true,false,false,800.00
2284620000,2285331000,711000,20000,20000,0.00,790.86,784.31,true,false,false,800.00
2285331000,2286042000,711000,20000,20000,0.00,790.86,784.31,true,false,false,800.00
2286042000,2286753000,711000,20000,20000,0.00,790.86,784.31,true,false,false,800.00
2286753000,2287464000,711000,20000,20000,0.00,790.86,784.31,true,false,false,800.00
2287464000,2288174000,710000,20000,20000,0.00,790.86,784.31,true,false,false,800.00
2288174000,2288884000,710000,20000,20000,0.00,790.86,784.31,true,false,false,800.00
2288884000,2289594000,710000,20000,20000,0.00,790.86,784.31,true,false,false,800.00
2289594000,2290305000,711000,20000,20000,0.00,790.86,784.31,true,false,false,800.00
2290305000,2291015000,710000,20000,20000,0.00,790.86,784.31,true,false,false,800.00
2291015000,2291725000,710000,20000,20000,0.00,790.86,784.31,true,false,false,800.00
2291725000,2292435000,710000,20000,20000,0.00,790.86,784.31,true,false,false,800.00
2292435000,2293145000,710000,20000,20000,0.00,790.86,784.31,true,false,false,800.00
2293145000,2293856000,711000,20000,20000,0.00,790.86,784.31,true,false,true,800.00
2293856000,2294566000,710000,20000,20000,2.00,0.00,784.31,true,false,false,800.00
2294566000,2295276000,710000,20000,20000,2.00,784.31,784.31,true,false,false,800.00
2295276000,2295986000,710000,20000,20000,2.00,784.31,784.31,true,false,false,800.00
2295986000,2299675000,3689000,20000,20000,2.00,784.31,818.01,false,true,false,800.00
2299675000,2300439000,764000,0,38000,0.00,784.31,779.73,true,false,false,807.00
2300439000,2301215000,776000,22000,42000,0.00,786.55,786.55,true,false,false,807.00
2301215000,2301967000,752000,26000,34000,0.00,786.55,786.55,true,false,false,807.00
2301967000,2302707000,740000,27000,30000,0.00,786.55,784.26,true,false,false,807.00
2302707000,2303450000,743000,28000,31000,0.00,786.55,783.50,true,false,false,807.00
2303450000,2304190000,740000,28000,30000,0.00,786.55,783.50,true,false,false,807.00
2304190000,2304930000,740000,29000,30000,0.00,786.55,784.26,true,false,false,807.00
2304930000,2305670000,740000,29000,30000,0.00,786.55,784.26,true,false,false,807.00
2305670000,2306410000,740000,29000,30000,0.00,786.55,784.26,true,false,false,807.00
2306410000,2307150000,740000,29000,30000,0.00,786.55,784.26,true,false,false,807.00
2307150000,2307890000,740000,29000,30000,0.00,786.55,784.26,true,false,false,807.00
2307890000,2308631000,741000,29000,30000,0.00,786.55,784.26,true,false,false,807.00
2308631000,2309368000,737000,29000,29000,0.00,786.55,784.26,true,false,false,807.00
2309368000,2310105000,737000,29000,29000,0.00,786.55,784.26,true,false,false,807.00
2310105000,2310843000,738000,29000,29000,0.00,786.55,784.26,true,false,false,807.00
2310843000,2311580000,737000,29000,29000,0.00,786.55,784.26,true,false,false,807.00
2311580000,2312317000,737000,29000,29000,0.00,786.55,784.26,true,false,false,807.00
2312317000,2313054000,737000,29000,29000,0.00,786.55,784.26,true,false,false,807.00
2313054000,2313791000,737000,29000,29000,0.00,786.55,784.26,true,false,false,807.00
2313791000,2314528000,737000,29000,29000,0.00,786.55,784.26,true,false,false,807.00
2314528000,2315265000,737000,29000,29000,0.00,786.55,784.26,true,false,false,807.00
2315265000,2316003000,738000,29000,29000,0.00,786.55,784.26,true,false,false,807.00
2316003000,2316740000,737000,29000,29000,0.00,786.55,784.26,true,false,false,807.00
2316740000,2317478000,738000,29000,29000,0.00,786.55,784.26,true,false,false,807.00
2317478000,2318215000,737000,29000,29000,0.00,786.55,784.26,true,false,false,807.00
2318215000,2318953000,738000,29000,29000,0.00,786.55,784.26,true,false,true,807.00
2318953000,2319882000,929000,29000,93000,2.90,0.00,784.26,true,false,false,807.00
2319882000,2320877000,995000,25000,115000,2.50,732.30,732.30,true,false,false,807.00
2320877000,2321647000,770000,11000,40000,1.10,795.86,795.86,true,false,false,807.00
2321647000,2325264000,3617000,38000,38000,1.10,795.86,807.47,false,true,false,807.00
2325264000,2326017000,753000,8000,34000,0.80,795.86,807.47,true,false,false,810.00
2326017000,2326778000,761000,26000,37000,0.80,795.86,778.21,true,false,false,810.00
2326778000,2327528000,750000,27000,33000,0.80,795.86,784.88,true,false,false,810.00
2327528000,2328274000,746000,29000,32000,0.80,795.86,784.88,true,false,false,810.00
2328274000,2329017000,743000,30000,31000,0.80,795.86,785.65,true,false,false,810.00
2329017000,2329760000,743000,30000,31000,0.80,795.86,786.41,true,false,false,810.00
2329760000,2330503000,743000,30000,31000,0.80,795.86,786.41,true,false,false,810.00
2330503000,2331247000,744000,30000,31000,0.80,795.86,786.41,true,false,false,810.00
2331247000,2331990000,743000,30000,31000,0.80,795.86,786.41,true,false,false,810.00
2331990000,2332733000,743000,30000,31000,0.80,795.86,785.65,true,false,false,810.00
2332733000,2333476000,743000,30000,31000,0.80,795.86,785.65,true,false,false,810.00
2333476000,2334220000,744000,30000,31000,0.80,795.86,785.65,true,false,false,810.00
2334220000,2334964000,744000,30000,31000,0.80,795.86,786.41,true,false,false,810.00
2334964000,2335707000,743000,30000,31000,0.80,795.86,786.41,true,false,false,810.00
2335707000,2336451000,744000,30000,31000,0.80,795.86,786.41,true,false,false,810.00
2336451000,2337194000,743000,30000,31000,0.80,795.86,786.41,true,false,false,810.00
2337194000,2337937000,743000,30000,31000,0.80,795.86,786.41,true,false,false,810.00
2337937000,2338680000,743000,30000,31000,0.80,795.86,786.41,true,false,false,810.00
2338680000,2339423000,743000,30000,31000,0.80,795.86,786.41,true,false,false,810.00
2339423000,2340166000,743000,30000,31000,0.80,795.86,786.41,true,false,false,810.00
2340166000,2340909000,743000,30000,31000,0.80,795.86,785.65,true,false,false,810.00
2340909000,2341652000,743000,30000,31000,0.80,795.86,785.65,true,false,false,810.00
2341652000,2342396000,744000,30000,31000,0.80,795.86,786.41,true,false,false,810.00
2342396000,2343373000,977000,30000,109000,0.80,795.86,766.32,true,false,false,810.00
2343373000,2344380000,1007000,11000,119000,0.80,795.86,764.87,true,false,false,810.00
2344380000,2345144000,764000,8000,38000,0.80,795.86,780.35,true,false,true,810.00
2345144000,2345899000,755000,20000,35000,2.00,0.00,780.35,true,false,false,810.00
2345899000,2346639000,740000,26000,30000,2.00,786.41,786.41,true,false,false,810.00
2346639000,2347373000,734000,25000,28000,2.00,787.94,787.94,true,false,false,810.00
2347373000,2351024000,3651000,27000,27000,2.00,787.94,826.87,false,true,false,810.00
2351024000,2351791000,767000,0,39000,0.00,787.94,792.56,true,false,false,817.00
2351791000,2352570000,779000,24000,43000,0.00,797.85,797.85,true,false,false,817.00
2352570000,2353325000,755000,27000,35000,0.00,797.85,797.85,true,false,false,817.00
2353325000,2354068000,743000,28000,31000,0.00,797.85,793.20,true,false,false,817.00
2354068000,2354811000,743000,29000,31000,0.00,797.85,792.43,true,false,false,817.00
2354811000,2355554000,743000,29000,31000,0.00,797.85,793.20,true,false,false,817.00
2355554000,2356294000,740000,30000,30000,0.00,797.85,793.20,true,false,false,817.00
2356294000,2357034000,740000,30000,30000,0.00,797.85,793.20,true,false,false,817.00
2357034000,2357774000,740000,30000,30000,0.00,797.85,793.20,true,false,false,817.00
2357774000,2358514000,740000,30000,30000,0.00,797.85,793.20,true,false,false,817.00
2358514000,2359254000,740000,30000,30000,0.00,797.85,793.20,true,false,false,817.00
2359254000,2359994000,740000,30000,30000,0.00,797.85,793.20,true,false,false,817.00
2359994000,2360734000,740000,30000,30000,0.00,797.85,793.20,true,false,false,817.00
2360734000,2361475000,741000,30000,30000,0.00,797.85,793.20,true,false,false,817.00
2361475000,2362216000,741000,30000,30000,0.00,797.85,793.20,true,false,false,817.00
2362216000,2362957000,741000,30000,30000,0.00,797.85,793.20,true,false,false,817.00
2362957000,2363697000,740000,30000,30000,0.00,797.85,793.20,true,false,false,817.00
2363697000,2364437000,740000,30000,30000,0.00,797.85,793.20,true,false,false,817.00
2364437000,2365177000,740000,30000,30000,0.00,797.85,793.20,true,false,false,817.00
2365177000,2365917000,740000,30000,30000,0.00,797.85,793.20,true,false,false,817.00
2365917000,2366895000,978000,30000,109000,0.00,797.85,737.36,true,false,false,817.00
2366895000,2367885000,990000,15000,113000,0.00,797.85,737.36,true,false,false,817.00
2367885000,2368655000,770000,12000,40000,0.00,804.13,804.13,true,false,false,817.00
2368655000,2369414000,759000,24000,36000,0.00,804.13,796.30,true,false,false,817.00
2369414000,2370163000,749000,28000,33000,0.00,804.13,792.43,true,false,false,817.00
2370163000,2370906000,743000,28000,31000,0.00,804.13,792.43,true,false,true,817.00
2370906000,2371649000,743000,29000,31000,2.90,0.00,792.43,true,false,false,817.00
2371649000,2372389000,740000,29000,30000,2.90,793.20,793.20,true,false,false,817.00
2372389000,2373129000,740000,30000,30000,2.90,793.20,793.20,true,false,false,817.00
2373129000,2376831000,3702000,30000,30000,2.90,793.20,844.94,false,true,false,817.00
2376831000,2377625000,794000,0,48000,0.00,793.20,793.97,true,false,false,816.00
2377625000,2378434000,809000,13000,53000,0.00,800.00,800.00,true,false,false,816.00
2378434000,2379201000,767000,27000,39000,0.00,800.00,800.00,true,false,false,816.00
2379201000,2379947000,746000,25000,32000,0.00,800.00,793.77,true,false,false,816.00
2379947000,2380693000,746000,28000,32000,0.00,800.00,791.46,true,false,false,816.00
2380693000,2381436000,743000,28000,31000,0.00,800.00,792.23,true,false,false,816.00
2381436000,2382176000,740000,29000,30000,0.00,800.00,792.23,true,false,false,816.00
2382176000,2382917000,741000,29000,30000,0.00,800.00,792.23,true,false,false,816.00
2382917000,2383657000,740000,29000,30000,0.00,800.00,792.23,true,false,false,816.00
2383657000,2384397000,740000,29000,30000,0.00,800.00,792.23,true,false,false,816.00
2384397000,2385137000,740000,29000,30000,0.00,800.00,792.23,true,false,false,816.00
2385137000,2385878000,741000,29000,30000,0.00,800.00,792.23,true,false,false,816.00
2385878000,2386618000,740000,29000,30000,0.00,800.00,792.23,true,false,false,816.00
2386618000,2387358000,740000,29000,30000,0.00,800.00,792.23,true,false,false,816.00
2387358000,2388098000,740000,29000,30000,0.00,800.00,792.23,true,false,false,816.00
2388098000,2388839000,741000,29000,30000,0.00,800.00,792.23,true,false,false,816.00
2388839000,2389579000,740000,29000,30000,0.00,800.00,792.23,true,false,false,816.00
2389579000,2390556000,977000,29000,109000,0.00,800.00,792.23,true,false,false,816.00
2390556000,2391545000,989000,14000,113000,0.00,800.00,734.47,true,false,false,816.00
2391545000,2392315000,770000,11000,40000,0.00,805.53,805.53,true,false,false,816.00
2392315000,2393067000,752000,23000,34000,0.00,805.53,796.10,true,false,false,816.00
2393067000,2393816000,749000,28000,33000,0.00,805.53,792.23,true,false,false,816.00
2393816000,2394559000,743000,28000,31000,0.00,805.53,792.23,true,false,false,816.00
2394559000,2395302000,743000,29000,31000,0.00,805.53,792.23,true,false,false,816.00
2395302000,2396042000,740000,29000,30000,0.00,805.53,792.23,true,false,false,816.00
2396042000,2396783000,741000,29000,30000,0.00,805.53,792.23,true,false,true,816.00
2396783000,2397523000,740000,29000,30000,2.90,0.00,792.23,true,false,false,816.00
2397523000,2398263000,740000,29000,30000,2.90,792.23,792.23,true,false,false,816.00
2398263000,2399003000,740000,29000,30000,2.90,793.00,793.00,true,false,false,816.00
2399003000,2402702000,3699000,30000,30000,2.90,793.00,843.87,false,true,false,816.00
2402702000,2403497000,795000,0,48000,0.00,793.00,793.77,true,false,false,815.00
2403497000,2404303000,806000,13000,52000,0.00,799.02,799.02,true,false,false,815.00
2404303000,2405070000,767000,26000,39000,0.00,799.02,799.02,true,false,false,815.00
2405070000,2405816000,746000,25000,32000,0.00,799.02,792.80,true,false,false,815.00
2405816000,2406563000,747000,28000,32000,0.00,799.02,791.26,true,false,false,815.00
2406563000,2407304000,741000,28000,30000,0.00,799.02,791.26,true,false,false,815.00
2407304000,2408045000,741000,28000,30000,0.00,799.02,791.26,true,false,false,815.00
2408045000,2408785000,740000,29000,30000,0.00,799.02,792.03,true,false,false,815.00
2408785000,2409525000,740000,29000,30000,0.00,799.02,792.03,true,false,false,815.00
2409525000,2410265000,740000,29000,30000,0.00,799.02,792.03,true,false,false,815.00
2410265000,2411005000,740000,29000,30000,0.00,799.02,792.03,true,false,false,815.00
2411005000,2411745000,740000,29000,30000,0.00,799.02,792.03,true,false,false,815.00
2411745000,2412485000,740000,29000,30000,0.00,799.02,792.03,true,false,false,815.00
2412485000,2413222000,737000,29000,29000,0.00,799.02,792.03,true,false,false,815.00
2413222000,2414212000,990000,29000,113000,0.00,799.02,792.03,true,false,false,815.00
2414212000,2415198000,986000,12000,112000,0.00,799.02,744.29,true,false,false,815.00
2415198000,2415965000,767000,11000,39000,0.00,799.02,792.03,true,false,false,815.00
2415965000,2416712000,747000,23000,32000,0.00,799.02,793.57,true,false,false,815.00
2416712000,2417459000,747000,27000,32000,0.00,799.02,793.57,true,false,false,815.00
2417459000,2418199000,740000,27000,30000,0.00,799.02,792.80,true,false,false,815.00
2418199000,2418939000,740000,28000,30000,0.00,799.02,792.03,true,false,false,815.00
2418939000,2419679000,740000,29000,30000,0.00,799.02,792.03,true,false,false,815.00
2419679000,2420420000,741000,29000,30000,0.00,799.02,792.03,true,false,false,815.00
2420420000,2421157000,737000,29000,29000,0.00,799.02,792.03,true,false,false,815.00
2421157000,2421894000,737000,29000,29000,0.00,799.02,792.03,true,false,false,815.00
2421894000,2422631000,737000,29000,29000,0.00,799.02,792.03,true,false,true,815.00
2422631000,2423368000,737000,29000,29000,2.90,0.00,792.03,true,false,false,815.00
2423368000,2424105000,737000,29000,29000,2.90,792.03,792.03,true,false,false,815.00
2424105000,2424842000,737000,29000,29000,2.90,792.03,792.03,true,false,false,815.00
2424842000,2428539000,3697000,29000,29000,2.90,792.03,842.15,false,true,false,815.00
2428539000,2429330000,791000,0,47000,0.00,792.03,792.03,true,false,false,814.00
2429330000,2430136000,806000,12000,52000,0.00,798.82,798.82,true,false,false,814.00
2430136000,2430903000,767000,26000,39000,0.00,798.82,798.82,true,false,false,814.00
2430903000,2431650000,747000,25000,32000,0.00,798.82,793.37,true,false,false,814.00
2431650000,2432396000,746000,27000,32000,0.00,798.82,790.29,true,false,false,814.00
2432396000,2433136000,740000,27000,30000,0.00,798.82,791.06,true,false,false,814.00
2433136000,2433876000,740000,28000,30000,0.00,798.82,791.06,true,false,false,814.00
2433876000,2434613000,737000,28000,29000,0.00,798.82,791.06,true,false,false,814.00
2434613000,2435350000,737000,29000,29000,0.00,798.82,791.06,true,false,false,814.00
2435350000,2436087000,737000,29000,29000,0.00,798.82,791.06,true,false,false,814.00
2436087000,2436825000,738000,29000,29000,0.00,798.82,791.06,true,false,false,814.00
2436825000,2437806000,981000,29000,110000,0.00,798.82,772.30,true,false,false,814.00
2437806000,2438796000,990000,13000,113000,0.00,798.82,766.48,true,false,false,814.00
2438796000,2439563000,767000,10000,39000,0.00,798.82,787.23,true,false,false,814.00
2439563000,2440312000,749000,22000,33000,0.00,798.82,791.06,true,false,false,814.00
2440312000,2441058000,746000,27000,32000,0.00,798.82,791.06,true,false,false,814.00
2441058000,2441798000,740000,27000,30000,0.00,798.82,791.83,true,false,false,814.00
2441798000,2442538000,740000,28000,30000,0.00,798.82,791.06,true,false,false,814.00
2442538000,2443275000,737000,28000,29000,0.00,798.82,791.06,true,false,false,814.00
2443275000,2444012000,737000,29000,29000,0.00,798.82,791.06,true,false,false,814.00
2444012000,2444749000,737000,29000,29000,0.00,798.82,791.06,true,false,false,814.00
2444749000,2445487000,738000,29000,29000,0.00,798.82,791.06,true,false,false,814.00
2445487000,2446224000,737000,29000,29000,0.00,798.82,791.06,true,false,false,814.00
2446224000,2446961000,737000,29000,29000,0.00,798.82,791.06,true,false,false,814.00
2446961000,2447698000,737000,29000,29000,0.00,798.82,791.06,true,false,false,814.00
2447698000,2448435000,737000,29000,29000,0.00,798.82,791.06,true,false,true,814.00
2448435000,2449172000,737000,29000,29000,2.90,0.00,791.06,true,false,false,814.00
2449172000,2449909000,737000,29000,29000,2.90,791.06,791.06,true,false,false,814.00
2449909000,2450646000,737000,29000,29000,2.90,791.06,791.06,true,false,false,814.00
2450646000,2454343000,3697000,29000,29000,2.90,791.06,842.79,false,true,false,814.00
2454343000,2455134000,791000,0,47000,0.00,791.06,790.29,true,false,false,813.00
2455134000,2455937000,803000,11000,51000,0.00,797.84,797.84,true,false,false,813.00
2455937000,2456704000,767000,26000,39000,0.00,797.84,797.84,true,false,false,813.00
2456704000,2457448000,744000,24000,31000,0.00,797.84,793.17,true,false,false,813.00
2457448000,2458195000,747000,27000,32000,0.00,797.84,790.09,true,false,false,813.00
2458195000,2458935000,740000,27000,30000,0.00,797.84,790.09,true,false,false,813.00
2458935000,2459672000,737000,28000,29000,0.00,797.84,790.09,true,false,false,813.00
2459672000,2460409000,737000,28000,29000,0.00,797.84,790.09,true,false,false,813.00
2460409000,2461380000,971000,28000,107000,0.00,797.84,750.69,true,false,false,813.00
2461380000,2462348000,968000,11000,106000,0.00,797.84,792.40,true,false,false,813.00
2462348000,2463116000,768000,11000,39000,0.00,797.84,786.27,true,false,false,813.00
2463116000,2463862000,746000,22000,32000,0.00,797.84,786.27,true,false,false,813.00
2463862000,2464609000,747000,26000,32000,0.00,797.84,789.32,true,false,false,813.00
2464609000,2465349000,740000,26000,30000,0.00,797.84,790.09,true,false,false,813.00
2465349000,2466090000,741000,27000,30000,0.00,797.84,790.86,true,false,false,813.00
2466090000,2466827000,737000,28000,29000,0.00,797.84,790.86,true,false,false,813.00
2466827000,2467564000,737000,28000,29000,0.00,797.84,790.86,true,false,false,813.00
2467564000,2468301000,737000,28000,29000,0.00,797.84,790.86,true,false,false,813.00
2468301000,2469038000,737000,28000,29000,0.00,797.84,790.86,true,false,false,813.00
2469038000,2469775000,737000,28000,29000,0.00,797.84,790.86,true,false,false,813.00
2469775000,2470512000,737000,28000,29000,0.00,797.84,790.86,true,false,false,813.00
2470512000,2471250000,738000,28000,29000,0.00,797.84,790.86,true,false,false,813.00
2471250000,2471987000,737000,28000,29000,0.00,797.84,790.86,true,false,false,813.00
2471987000,2472724000,737000,28000,29000,0.00,797.84,790.86,true,false,false,813.00
2472724000,2473461000,737000,28000,29000,0.00,797.84,790.86,true,false,false,813.00
2473461000,2474198000,737000,28000,29000,0.00,797.84,790.86,true,false,true,813.00
2474198000,2474935000,737000,28000,29000,2.80,0.00,790.86,true,false,false,813.00
2474935000,2475672000,737000,28000,29000,2.80,790.86,790.86,true,false,false,813.00
2475672000,2476410000,738000,28000,29000,2.80,790.86,790.86,true,false,false,813.00
2476410000,2480101000,3691000,29000,29000,2.80,790.86,841.42,false,true,false,813.00
2480101000,2480890000,789000,0,46000,0.00,790.86,790.86,true,false,false,813.00
2480890000,2481690000,800000,13000,50000,0.00,797.84,797.84,true,false,false,813.00
2481690000,2482454000,764000,26000,38000,0.00,797.84,797.84,true,false,false,813.00
2482454000,2483198000,744000,24000,31000,0.00,797.84,791.63,true,false,false,813.00
2483198000,2483941000,743000,27000,31000,0.00,797.84,790.09,true,false,false,813.00
2483941000,2484918000,977000,27000,109000,0.00,797.84,742.47,true,false,false,813.00
2484918000,2485874000,956000,10000,102000,0.00,798.62,798.62,true,false,false,813.00
2485874000,2486642000,768000,10000,39000,0.00,798.62,798.62,true,false,false,813.00
2486642000,2487386000,744000,22000,31000,0.00,798.62,789.32,true,false,false,813.00
2487386000,2488132000,746000,26000,32000,0.00,798.62,789.32,true,false,false,813.00
2488132000,2488872000,740000,26000,30000,0.00,798.62,790.86,true,false,false,813.00
2488872000,2489613000,741000,27000,30000,0.00,798.62,790.86,true,false,false,813.00
2489613000,2490350000,737000,28000,29000,0.00,798.62,790.09,true,false,false,813.00
2490350000,2491087000,737000,28000,29000,0.00,798.62,790.86,true,false,false,813.00
2491087000,2491824000,737000,28000,29000,0.00,798.62,790.86,true,false,false,813.00
2491824000,2492561000,737000,28000,29000,0.00,798.62,790.86,true,false,false,813.00
2492561000,2493298000,737000,28000,29000,0.00,798.62,790.86,true,false,false,813.00
2493298000,2494035000,737000,28000,29000,0.00,798.62,790.09,true,false,false,813.00
2494035000,2494773000,738000,28000,29000,0.00,798.62,790.09,true,false,false,813.00
2494773000,2495510000,737000,28000,29000,0.00,798.62,790.86,true,false,false,813.00
2495510000,2496247000,737000,28000,29000,0.00,798.62,790.09,true,false,false,813.00
2496247000,2496984000,737000,28000,29000,0.00,798.62,790.86,true,false,false,813.00
2496984000,2497721000,737000,28000,29000,0.00,798.62,790.86,true,false,false,813.00
2497721000,2498458000,737000,28000,29000,0.00,798.62,790.86,true,false,false,813.00
2498458000,2499195000,737000,28000,29000,0.00,798.62,790.86,true,false,false,813.00
2499195000,2499933000,738000,28000,29000,0.00,798.62,790.86,true,false,true,813.00
2499933000,2500670000,737000,28000,29000,2.80,0.00,790.86,true,false,false,813.00
2500670000,2501407000,737000,28000,29000,2.80,790.86,790.86,true,false,false,813.00
2501407000,2502144000,737000,28000,29000,2.80,790.86,790.09,true,false,false,813.00
2502144000,2505836000,3692000,28000,28000,2.80,790.86,841.42,false,true,false,813.00
2505836000,2506624000,788000,0,46000,0.00,790.86,790.86,true,false,false,813.00
2506624000,2507424000,800000,13000,50000,0.00,797.84,797.84,true,false,false,813.00
2507424000,2508291000,867000,25000,72000,0.00,797.84,759.10,true,false,false,813.00
2508291000,2509151000,860000,20000,70000,0.00,797.84,759.10,true,false,false,813.00
2509151000,2509906000,755000,18000,35000,0.00,798.62,798.62,true,false,false,813.00
2509906000,2510652000,746000,24000,32000,0.00,798.62,791.63,true,false,false,813.00
2510652000,2511396000,744000,27000,31000,0.00,798.62,790.09,true,false,false,813.00
2511396000,2512133000,737000,27000,29000,0.00,798.62,790.09,true,false,false,813.00
2512133000,2512870000,737000,28000,29000,0.00,798.62,790.86,true,false,false,813.00
2512870000,2513607000,737000,28000,29000,0.00,798.62,790.09,true,false,false,813.00
2513607000,2514344000,737000,28000,29000,0.00,798.62,790.09,true,false,false,813.00
2514344000,2515081000,737000,28000,29000,0.00,798.62,790.86,true,false,false,813.00
2515081000,2515818000,737000,28000,29000,0.00,798.62,790.86,true,false,false,813.00
2515818000,2516555000,737000,28000,29000,0.00,798.62,790.09,true,false,false,813.00
2516555000,2517292000,737000,28000,29000,0.00,798.62,790.09,true,false,false,813.00
2517292000,2518030000,738000,28000,29000,0.00,798.62,790.86,true,false,false,813.00
2518030000,2518767000,737000,28000,29000,0.00,798.62,790.86,true,false,false,813.00
2518767000,2519504000,737000,28000,29000,0.00,798.62,790.86,true,false,false,813.00
2519504000,2520241000,737000,28000,29000,0.00,798.62,790.09,true,false,false,813.00
2520241000,2520978000,737000,28000,29000,0.00,798.62,790.86,true,false,false,813.00
2520978000,2521715000,737000,28000,29000,0.00,798.62,790.86,true,false,false,813.00
2521715000,2522452000,737000,28000,29000,0.00,798.62,790.86,true,false,false,813.00
2522452000,2523190000,738000,28000,29000,0.00,798.62,790.09,true,false,false,813.00
2523190000,2523927000,737000,28000,29000,0.00,798.62,790.86,true,false,false,813.00
2523927000,2524664000,737000,28000,29000,0.00,798.62,790.86,true,false,false,813.00
2524664000,2525401000,737000,28000,29000,0.00,798.62,790.86,true,false,true,813.00
2525401000,2526138000,737000,28000,29000,2.80,0.00,790.86,true,false,false,813.00
2526138000,2526875000,737000,28000,29000,2.80,790.09,790.09,true,false,false,813.00
2526875000,2527612000,737000,28000,29000,2.80,790.86,790.86,true,false,false,813.00
2527612000,2531411000,3799000,28000,28000,2.80,790.86,810.42,false,true,false,813.00
2531411000,2532385000,974000,13000,108000,1.30,790.86,775.02,true,false,false,799.00
2532385000,2533143000,758000,0,36000,0.00,790.86,771.98,true,false,false,799.00
2533143000,2533884000,741000,4000,30000,0.00,790.86,785.64,true,false,false,799.00
2533884000,2534612000,728000,16000,26000,0.00,790.86,785.64,true,false,false,799.00
2534612000,2535328000,716000,15000,22000,0.00,790.86,785.64,true,false,false,799.00
2535328000,2536048000,720000,18000,23000,0.00,790.86,783.33,true,false,false,799.00
2536048000,2536761000,713000,18000,21000,0.00,790.86,783.33,true,false,false,799.00
2536761000,2537474000,713000,18000,21000,0.00,790.86,783.33,true,false,false,799.00
2537474000,2538184000,710000,19000,20000,0.00,790.86,783.33,true,false,false,799.00
2538184000,2538894000,710000,19000,20000,0.00,790.86,783.33,true,false,false,799.00
2538894000,2539604000,710000,19000,20000,0.00,790.86,783.33,true,false,false,799.00
2539604000,2540315000,711000,19000,20000,0.00,790.86,783.33,true,false,false,799.00
2540315000,2541026000,711000,20000,20000,0.00,790.86,783.33,true,false,false,799.00
2541026000,2541737000,711000,20000,20000,0.00,790.86,783.33,true,false,false,799.00
2541737000,2542448000,711000,20000,20000,0.00,790.86,783.33,true,false,false,799.00
2542448000,2543159000,711000,20000,20000,0.00,790.86,783.33,true,false,false,799.00
2543159000,2543870000,711000,20000,20000,0.00,790.86,783.33,true,false,false,799.00
2543870000,2544580000,710000,20000,20000,0.00,790.86,783.33,true,false,false,799.00
2544580000,2545291000,711000,20000,20000,0.00,790.86,783.33,true,false,false,799.00
2545291000,2546001000,710000,20000,20000,0.00,790.86,783.33,true,false,false,799.00
2546001000,2546711000,710000,20000,20000,0.00,790.86,783.33,true,false,false,799.00
2546711000,2547421000,710000,20000,20000,0.00,790.86,783.33,true,false,false,799.00
2547421000,2548131000,710000,20000,20000,0.00,790.86,783.33,true,false,false,799.00
2548131000,2548841000,710000,20000,20000,0.00,790.86,783.33,true,false,false,799.00
2548841000,2549551000,710000,20000,20000,0.00,790.86,783.33,true,false,false,799.00
2549551000,2550261000,710000,20000,20000,0.00,790.86,783.33,true,false,true,799.00
2550261000,2550971000,710000,20000,20000,2.00,0.00,783.33,true,false,false,799.00
2550971000,2551681000,710000,20000,20000,2.00,783.33,783.33,true,false,false,799.00
2551681000,2552391000,710000,20000,20000,2.00,783.33,783.33,true,false,false,799.00
2552391000,2556081000,3690000,20000,20000,2.00,783.33,820.17,false,true,false,799.00
2556081000,2556846000,765000,0,38000,0.00,783.33,777.99,true,false,false,806.00
2556846000,2557620000,774000,22000,41000,0.00,786.34,786.34,true,false,false,806.00
2557620000,2558372000,752000,25000,34000,0.00,786.34,786.34,true,false,false,806.00
2558372000,2559112000,740000,26000,30000,0.00,786.34,783.28,true,false,false,806.00
2559112000,2559855000,743000,28000,31000,0.00,786.34,783.28,true,false,false,806.00
2559855000,2560592000,737000,28000,29000,0.00,786.34,783.28,true,false,false,806.00
2560592000,2561329000,737000,28000,29000,0.00,786.34,783.28,true,false,false,806.00
2561329000,2562066000,737000,28000,29000,0.00,786.34,783.28,true,false,false,806.00
2562066000,2562804000,738000,29000,29000,0.00,786.34,783.28,true,false,false,806.00
2562804000,2563541000,737000,29000,29000,0.00,786.34,783.28,true,false,false,806.00
2563541000,2564278000,737000,29000,29000,0.00,786.34,783.28,true,false,false,806.00
2564278000,2565015000,737000,29000,29000,0.00,786.34,783.28,true,false,false,806.00
2565015000,2565752000,737000,29000,29000,0.00,786.34,783.28,true,false,false,806.00
2565752000,2566489000,737000,29000,29000,0.00,786.34,783.28,true,false,false,806.00
2566489000,2567227000,738000,29000,29000,0.00,786.34,783.28,true,false,false,806.00
2567227000,2567964000,737000,29000,29000,0.00,786.34,783.28,true,false,false,806.00
2567964000,2568701000,737000,29000,29000,0.00,786.34,783.28,true,false,false,806.00
2568701000,2569438000,737000,29000,29000,0.00,786.34,783.28,true,false,false,806.00
2569438000,2570175000,737000,29000,29000,0.00,786.34,783.28,true,false,false,806.00
2570175000,2570913000,738000,29000,29000,0.00,786.34,783.28,true,false,false,806.00
2570913000,2571650000,737000,29000,29000,0.00,786.34,783.28,true,false,false,806.00
2571650000,2572388000,738000,29000,29000,0.00,786.34,783.28,true,false,false,806.00
2572388000,2573126000,738000,29000,29000,0.00,786.34,783.28,true,false,false,806.00
2573126000,2573864000,738000,29000,29000,0.00,786.34,783.28,true,false,false,806.00
2573864000,2574602000,738000,29000,29000,0.00,786.34,783.28,true,false,false,806.00
2574602000,2575339000,737000,29000,29000,0.00,786.34,783.28,true,false,true,806.00
2575339000,2576268000,929000,29000,93000,2.90,0.00,783.28,true,false,false,806.00
2576268000,2577264000,996000,23000,115000,2.30,730.73,730.73,true,false,false,806.00
2577264000,2578034000,770000,10000,40000,1.00,794.87,794.87,true,false,false,806.00
2578034000,2581649000,3615000,37000,37000,1.00,794.87,804.22,false,true,false,806.00
2581649000,2582398000,749000,10000,33000,1.00,794.87,804.22,true,false,false,809.00
2582398000,2583159000,761000,26000,37000,1.00,794.87,777.99,true,false,false,809.00
2583159000,2583909000,750000,26000,33000,1.00,794.87,784.68,true,false,false,809.00
2583909000,2584655000,746000,28000,32000,1.00,794.87,784.68,true,false,false,809.00
2584655000,2585399000,744000,29000,31000,1.00,794.87,785.44,true,false,false,809.00
2585399000,2586139000,740000,29000,30000,1.00,794.87,785.44,true,false,false,809.00
2586139000,2586879000,740000,30000,30000,1.00,794.87,785.44,true,false,false,809.00
2586879000,2587619000,740000,30000,30000,1.00,794.87,785.44,true,false,false,809.00
2587619000,2588359000,740000,30000,30000,1.00,794.87,785.44,true,false,false,809.00
2588359000,2589100000,741000,30000,30000,1.00,794.87,785.44,true,false,false,809.00
2589100000,2589841000,741000,30000,30000,1.00,794.87,785.44,true,false,false,809.00
2589841000,2590581000,740000,30000,30000,1.00,794.87,785.44,true,false,false,809.00
2590581000,2591321000,740000,30000,30000,1.00,794.87,785.44,true,false,false,809.00
2591321000,2592061000,740000,30000,30000,1.00,794.87,785.44,true,false,false,809.00
2592061000,2592801000,740000,30000,30000,1.00,794.87,785.44,true,false,false,809.00
2592801000,2593541000,740000,30000,30000,1.00,794.87,785.44,true,false,false,809.00
2593541000,2594282000,741000,30000,30000,1.00,794.87,785.44,true,false,false,809.00
2594282000,2595023000,741000,30000,30000,1.00,794.87,785.44,true,false,false,809.00
2595023000,2595763000,740000,30000,30000,1.00,794.87,785.44,true,false,false,809.00
2595763000,2596503000,740000,30000,30000,1.00,794.87,785.44,true,false,false,809.00
2596503000,2597243000,740000,30000,30000,1.00,794.87,785.44,true,false,false,809.00
2597243000,2597983000,740000,30000,30000,1.00,794.87,785.44,true,false,false,809.00
2597983000,2598723000,740000,30000,30000,1.00,794.87,785.44,true,false,false,809.00
2598723000,2599691000,968000,30000,106000,1.00,794.87,766.10,true,false,false,809.00
2599691000,2600689000,998000,14000,116000,1.00,794.87,761.77,true,false,false,809.00
2600689000,2601463000,774000,12000,41000,1.00,794.87,780.14,true,false,true,809.00
2601463000,2602227000,764000,24000,38000,2.40,0.00,780.14,true,false,false,809.00
2602227000,2602977000,750000,28000,33000,2.40,783.91,783.91,true,false,false,809.00
2602977000,2603720000,743000,28000,31000,2.40,785.44,785.44,true,false,false,809.00
2603720000,2607394000,3674000,30000,30000,2.40,785.44,829.43,false,true,false,809.00
2607394000,2608176000,782000,0,44000,0.00,785.44,791.59,true,false,false,812.00
2608176000,2608970000,794000,22000,48000,0.00,791.42,791.42,true,false,false,812.00
2608970000,2609735000,765000,28000,38000,0.00,791.42,791.42,true,false,false,812.00
2609735000,2610484000,749000,28000,33000,0.00,791.42,786.82,true,false,false,812.00
2610484000,2611234000,750000,30000,33000,0.00,791.42,786.82,true,false,false,812.00
2611234000,2611980000,746000,30000,32000,0.00,791.42,787.58,true,false,false,812.00
2611980000,2612726000,746000,30000,32000,0.00,791.42,787.58,true,false,false,812.00
2612726000,2613473000,747000,31000,32000,0.00,791.42,786.82,true,false,false,812.00
2613473000,2614219000,746000,31000,32000,0.00,791.42,787.58,true,false,false,812.00
2614219000,2614966000,747000,31000,32000,0.00,791.42,787.58,true,false,false,812.00
2614966000,2615712000,746000,31000,32000,0.00,791.42,787.58,true,false,false,812.00
2615712000,2616455000,743000,31000,31000,0.00,791.42,787.58,true,false,false,812.00
2616455000,2617199000,744000,31000,31000,0.00,791.42,787.58,true,false,false,812.00
2617199000,2617942000,743000,31000,31000,0.00,791.42,787.58,true,false,false,812.00
2617942000,2618685000,743000,31000,31000,0.00,791.42,787.58,true,false,false,812.00
2618685000,2619428000,743000,31000,31000,0.00,791.42,787.58,true,false,false,812.00
2619428000,2620171000,743000,31000,31000,0.00,791.42,787.58,true,false,false,812.00
2620171000,2620914000,743000,31000,31000,0.00,791.42,787.58,true,false,false,812.00
2620914000,2621657000,743000,31000,31000,0.00,791.42,787.58,true,false,false,812.00
2621657000,2622401000,744000,31000,31000,0.00,791.42,787.58,true,false,false,812.00
2622401000,2623394000,993000,31000,114000,0.00,791.42,732.19,true,false,false,812.00
2623394000,2624407000,1013000,14000,121000,0.00,800.00,800.00,true,false,false,812.00
2624407000,2625183000,776000,12000,42000,0.00,800.00,800.00,true,false,false,812.00
2625183000,2625938000,755000,25000,35000,0.00,800.00,787.58,true,false,false,812.00
2625938000,2626690000,752000,30000,34000,0.00,800.00,786.06,true,false,false,812.00
2626690000,2627439000,749000,29000,33000,0.00,800.00,786.06,true,false,true,812.00
2627439000,2628186000,747000,30000,32000,3.00,0.00,786.06,true,false,false,812.00
2628186000,2628932000,746000,31000,32000,3.00,787.58,787.58,true,false,false,812.00
2628932000,2629678000,746000,31000,32000,3.00,787.58,787.58,true,false,false,812.00
2629678000,2633385000,3707000,31000,31000,3.00,787.58,840.59,false,true,false,812.00
2633385000,2634185000,800000,0,50000,0.00,787.58,790.65,true,false,false,810.00
2634185000,2634997000,812000,14000,54000,0.00,792.56,792.56,true,false,false,810.00
2634997000,2635767000,770000,28000,40000,0.00,792.56,787.17,true,false,false,810.00
2635767000,2636516000,749000,26000,33000,0.00,792.56,787.17,true,false,false,810.00
2636516000,2637266000,750000,29000,33000,0.00,792.56,785.65,true,false,false,810.00
2637266000,2638009000,743000,29000,31000,0.00,792.56,785.65,true,false,false,810.00
2638009000,2638753000,744000,30000,31000,0.00,792.56,785.65,true,false,false,810.00
2638753000,2639496000,743000,30000,31000,0.00,792.56,785.65,true,false,false,810.00
2639496000,2640239000,743000,30000,31000,0.00,792.56,786.41,true,false,false,810.00
2640239000,2640982000,743000,30000,31000,0.00,792.56,785.65,true,false,false,810.00
2640982000,2641725000,743000,30000,31000,0.00,792.56,785.65,true,false,false,810.00
2641725000,2642469000,744000,30000,31000,0.00,792.56,786.41,true,false,false,810.00
2642469000,2643212000,743000,30000,31000,0.00,792.56,786.41,true,false,false,810.00
2643212000,2643955000,743000,30000,31000,0.00,792.56,786.41,true,false,false,810.00
2643955000,2644698000,743000,30000,31000,0.00,792.56,786.41,true,false,false,810.00
2644698000,2645441000,743000,30000,31000,0.00,792.56,786.41,true,false,false,810.00
2645441000,2646184000,743000,30000,31000,0.00,792.56,786.41,true,false,false,810.00
2646184000,2647180000,996000,30000,115000,0.00,792.56,726.46,true,false,false,810.00
2647180000,2648187000,1007000,11000,119000,0.00,792.56,726.46,true,false,false,810.00
2648187000,2648952000,765000,8000,38000,0.00,800.40,800.40,true,false,false,810.00
2648952000,2649695000,743000,20000,31000,0.00,800.40,792.56,true,false,false,810.00
2649695000,2650439000,744000,26000,31000,0.00,800.40,788.70,true,false,false,810.00
2650439000,2651176000,737000,25000,29000,0.00,800.40,788.70,true,false,false,810.00
2651176000,2651910000,734000,26000,28000,0.00,800.40,787.94,true,false,false,810.00
2651910000,2652644000,734000,27000,28000,0.00,800.40,787.94,true,false,false,810.00
2652644000,2653378000,734000,27000,28000,0.00,800.40,788.70,true,false,true,810.00
2653378000,2654109000,731000,27000,27000,2.70,0.00,788.70,true,false,false,810.00
2654109000,2654840000,731000,27000,27000,2.70,788.70,788.70,true,false,false,810.00
2654840000,2655571000,731000,27000,27000,2.70,788.70,788.70,true,false,false,810.00
2655571000,2659255000,3684000,27000,27000,2.70,788.70,838.95,false,true,false,810.00
2659255000,2660040000,785000,0,45000,0.00,788.70,787.94,true,false,false,812.00
2660040000,2660838000,798000,14000,49000,0.00,795.30,795.30,true,false,false,812.00
2660838000,2661599000,761000,25000,37000,0.00,795.30,795.30,true,false,false,812.00
2661599000,2662340000,741000,24000,30000,0.00,795.30,792.20,true,false,false,812.00
2662340000,2663084000,744000,27000,31000,0.00,795.30,789.88,true,false,false,812.00
2663084000,2663821000,737000,27000,29000,0.00,795.30,789.12,true,false,false,812.00
2663821000,2664559000,738000,27000,29000,0.00,795.30,789.12,true,false,false,812.00
2664559000,2665293000,734000,28000,28000,0.00,795.30,789.88,true,false,false,812.00
2665293000,2666028000,735000,28000,28000,0.00,795.30,789.88,true,false,false,812.00
2666028000,2666762000,734000,28000,28000,0.00,795.30,789.88,true,false,false,812.00
2666762000,2667496000,734000,28000,28000,0.00,795.30,789.88,true,false,false,812.00
2667496000,2668230000,734000,28000,28000,0.00,795.30,789.88,true,false,false,812.00
2668230000,2668964000,734000,28000,28000,0.00,795.30,789.88,true,false,false,812.00
2668964000,2669699000,735000,28000,28000,0.00,795.30,789.88,true,false,false,812.00
2669699000,2670667000,968000,28000,106000,0.00,795.30,773.33,true,false,false,812.00
2670667000,2671642000,975000,13000,108000,0.00,795.30,768.21,true,false,false,812.00
2671642000,2672409000,767000,9000,39000,0.00,795.30,782.27,true,false,false,812.00
2672409000,2673155000,746000,21000,32000,0.00,795.30,791.42,true,false,false,812.00
2673155000,2673898000,743000,27000,31000,0.00,795.30,791.42,true,false,false,812.00
2673898000,2674635000,737000,26000,29000,0.00,795.30,790.65,true,false,false,812.00
2674635000,2675372000,737000,27000,29000,0.00,795.30,790.65,true,false,false,812.00
2675372000,2676110000,738000,27000,29000,0.00,795.30,790.65,true,false,false,812.00
2676110000,2676844000,734000,28000,28000,0.00,795.30,789.88,true,false,false,812.00
2676844000,2677579000,735000,28000,28000,0.00,795.30,789.88,true,false,false,812.00
2677579000,2678313000,734000,28000,28000,0.00,795.30,789.88,true,false,false,812.00
2678313000,2679047000,734000,28000,28000,0.00,795.30,789.88,true,false,true,812.00
2679047000,2679781000,734000,28000,28000,2.80,0.00,789.88,true,false,false,812.00
2679781000,2680515000,734000,28000,28000,2.80,789.88,789.88,true,false,false,812.00
2680515000,2681250000,735000,28000,28000,2.80,789.88,789.88,true,false,false,812.00
2681250000,2684942000,3692000,28000,28000,2.80,789.88,840.49,false,true,false,812.00
2684942000,2685730000,788000,0,46000,0.00,789.88,789.12,true,false,false,813.00
2685730000,2686530000,800000,14000,50000,0.00,797.06,797.06,true,false,false,813.00
2686530000,2687294000,764000,25000,38000,0.00,797.06,797.06,true,false,false,813.00
2687294000,2688037000,743000,24000,31000,0.00,797.06,793.17,true,false,false,813.00
2688037000,2688783000,746000,27000,32000,0.00,797.06,790.09,true,false,false,813.00
2688783000,2689523000,740000,27000,30000,0.00,797.06,790.09,true,false,false,813.00
2689523000,2690260000,737000,28000,29000,0.00,797.06,790.09,true,false,false,813.00
2690260000,2690998000,738000,28000,29000,0.00,797.06,790.86,true,false,false,813.00
2690998000,2691735000,737000,28000,29000,0.00,797.06,790.86,true,false,false,813.00
2691735000,2692472000,737000,28000,29000,0.00,797.06,790.86,true,false,false,813.00
2692472000,2693209000,737000,28000,29000,0.00,797.06,790.09,true,false,false,813.00
2693209000,2694184000,975000,28000,108000,0.00,797.06,764.82,true,false,false,813.00
2694184000,2695161000,977000,13000,109000,0.00,797.06,779.48,true,false,false,813.00
2695161000,2695929000,768000,11000,39000,0.00,797.06,783.99,true,false,false,813.00
2695929000,2696675000,746000,22000,32000,0.00,797.06,789.32,true,false,false,813.00
2696675000,2697421000,746000,27000,32000,0.00,797.06,789.32,true,false,false,813.00
2697421000,2698161000,740000,26000,30000,0.00,797.06,790.86,true,false,false,813.00
2698161000,2698901000,740000,27000,30000,0.00,797.06,790.86,true,false,false,813.00
2698901000,2699638000,737000,28000,29000,0.00,797.06,790.86,true,false,false,813.00
2699638000,2700375000,737000,28000,29000,0.00,797.06,790.86,true,false,false,813.00
2700375000,2701112000,737000,28000,29000,0.00,797.06,790.86,true,false,false,813.00
2701112000,2701849000,737000,28000,29000,0.00,797.06,790.86,true,false,false,813.00
2701849000,2702586000,737000,28000,29000,0.00,797.06,790.86,true,false,false,813.00
2702586000,2703323000,737000,28000,29000,0.00,797.06,790.09,true,false,false,813.00
2703323000,2704060000,737000,28000,29000,0.00,797.06,790.86,true,false,false,813.00
2704060000,2704798000,738000,28000,29000,0.00,797.06,790.86,true,false,true,813.00
2704798000,2705535000,737000,28000,29000,2.80,0.00,790.86,true,false,false,813.00
2705535000,2706272000,737000,28000,29000,2.80,790.86,790.86,true,false,false,813.00
2706272000,2707009000,737000,28000,29000,2.80,790.86,790.86,true,false,false,813.00
2707009000,2710699000,3690000,28000,28000,2.80,790.86,840.63,false,true,false,813.00
2710699000,2711487000,788000,0,46000,0.00,790.86,790.09,true,false,false,813.00
2711487000,2712287000,800000,13000,50000,0.00,797.84,797.84,true,false,false,813.00
2712287000,2713051000,764000,26000,38000,0.00,797.84,797.84,true,false,false,813.00
2713051000,2713795000,744000,25000,31000,0.00,797.84,792.40,true,false,false,813.00
2713795000,2714538000,743000,27000,31000,0.00,797.84,790.09,true,false,false,813.00
2714538000,2715278000,740000,27000,30000,0.00,797.84,790.09,true,false,false,813.00
2715278000,2716015000,737000,28000,29000,0.00,797.84,790.09,true,false,false,813.00
2716015000,2716752000,737000,28000,29000,0.00,797.84,790.09,true,false,false,813.00
2716752000,2717732000,980000,28000,110000,0.00,797.84,750.69,true,false,false,813.00
2717732000,2718715000,983000,11000,111000,0.00,797.84,791.63,true,false,false,813.00
2718715000,2719479000,764000,10000,38000,0.00,797.84,785.51,true,false,false,813.00
2719479000,2720222000,743000,22000,31000,0.00,797.84,785.51,true,false,false,813.00
2720222000,2720968000,746000,26000,32000,0.00,797.84,789.32,true,false,false,813.00
2720968000,2721708000,740000,26000,30000,0.00,797.84,790.09,true,false,false,813.00
2721708000,2722449000,741000,27000,30000,0.00,797.84,790.86,true,false,false,813.00
2722449000,2723186000,737000,28000,29000,0.00,797.84,790.86,true,false,false,813.00
2723186000,2723923000,737000,28000,29000,0.00,797.84,790.86,true,false,false,813.00
2723923000,2724660000,737000,28000,29000,0.00,797.84,790.86,true,false,false,813.00
2724660000,2725397000,737000,28000,29000,0.00,797.84,790.86,true,false,false,813.00
2725397000,2726134000,737000,28000,29000,0.00,797.84,790.86,true,false,false,813.00
2726134000,2726872000,738000,28000,29000,0.00,797.84,790.86,true,false,false,813.00
2726872000,2727609000,737000,28000,29000,0.00,797.84,790.86,true,false,false,813.00
2727609000,2728346000,737000,28000,29000,0.00,797.84,790.86,true,false,false,813.00
2728346000,2729083000,737000,28000,29000,0.00,797.84,790.86,true,false,false,813.00
2729083000,2729820000,737000,28000,29000,0.00,797.84,790.86,true,false,false,813.00
2729820000,2730557000,737000,28000,29000,0.00,797.84,790.86,true,false,true,813.00
2730557000,2731294000,737000,28000,29000,2.80,0.00,790.86,true,false,false,813.00
2731294000,2732032000,738000,28000,29000,2.80,790.86,790.86,true,false,false,813.00
2732032000,2732769000,737000,28000,29000,2.80,790.86,790.86,true,false,false,813.00
2732769000,2736459000,3690000,28000,28000,2.80,790.86,840.63,false,true,false,813.00
2736459000,2737247000,788000,0,46000,0.00,790.86,790.86,true,false,false,814.00
2737247000,2738050000,803000,14000,51000,0.00,798.04,798.04,true,false,false,814.00
2738050000,2738814000,764000,26000,38000,0.00,798.04,798.04,true,false,false,814.00
2738814000,2739557000,743000,25000,31000,0.00,798.04,792.60,true,false,false,814.00
2739557000,2740303000,746000,27000,32000,0.00,798.04,791.06,true,false,false,814.00
2740303000,2741283000,980000,27000,110000,0.00,798.04,744.74,true,false,false,814.00
2741283000,2742254000,971000,11000,107000,0.00,798.04,797.26,true,false,false,814.00
2742254000,2743021000,767000,11000,39000,0.00,798.04,797.26,true,false,false,814.00
2743021000,2743767000,746000,23000,32000,0.00,798.04,789.52,true,false,false,814.00
2743767000,2744513000,746000,27000,32000,0.00,798.04,789.52,true,false,false,814.00
2744513000,2745253000,740000,27000,30000,0.00,798.04,791.06,true,false,false,814.00
2745253000,2745993000,740000,28000,30000,0.00,798.04,791.06,true,false,false,814.00
2745993000,2746730000,737000,28000,29000,0.00,798.04,791.06,true,false,false,814.00
2746730000,2747467000,737000,29000,29000,0.00,798.04,791.06,true,false,false,814.00
2747467000,2748204000,737000,29000,29000,0.00,798.04,791.06,true,false,false,814.00
2748204000,2748941000,737000,29000,29000,0.00,798.04,791.06,true,false,false,814.00
2748941000,2749679000,738000,29000,29000,0.00,798.04,791.06,true,false,false,814.00
2749679000,2750416000,737000,29000,29000,0.00,798.04,791.06,true,false,false,814.00
2750416000,2751153000,737000,29000,29000,0.00,798.04,791.06,true,false,false,814.00
2751153000,2751890000,737000,29000,29000,0.00,798.04,791.06,true,false,false,814.00
2751890000,2752627000,737000,29000,29000,0.00,798.04,791.06,true,false,false,814.00
2752627000,2753364000,737000,29000,29000,0.00,798.04,791.06,true,false,false,814.00
2753364000,2754101000,737000,29000,29000,0.00,798.04,791.06,true,false,false,814.00
2754101000,2754838000,737000,29000,29000,0.00,798.04,791.06,true,false,false,814.00
2754838000,2755575000,737000,29000,29000,0.00,798.04,791.06,true,false,false,814.00
2755575000,2756313000,738000,29000,29000,0.00,798.04,791.06,true,false,true,814.00
2756313000,2757050000,737000,29000,29000,2.90,0.00,791.06,true,false,false,814.00
2757050000,2757787000,737000,29000,29000,2.90,791.06,791.06,true,false,false,814.00
2757787000,2758524000,737000,29000,29000,2.90,791.06,791.06,true,false,false,814.00
2758524000,2762221000,3697000,29000,29000,2.90,791.06,842.79,false,true,false,814.00
2762221000,2763012000,791000,0,47000,0.00,791.06,791.06,true,false,false,813.00
2763012000,2763815000,803000,12000,51000,0.00,797.84,797.84,true,false,false,813.00
2763815000,2764673000,858000,26000,69000,0.00,797.84,761.24,true,false,false,813.00
2764673000,2765534000,861000,19000,70000,0.00,797.84,761.24,true,false,false,813.00
2765534000,2766289000,755000,17000,35000,0.00,797.84,797.84,true,false,false,813.00
2766289000,2767041000,752000,23000,34000,0.00,797.84,792.40,true,false,false,813.00
2767041000,2767785000,744000,27000,31000,0.00,797.84,790.09,true,false,false,813.00
2767785000,2768522000,737000,27000,29000,0.00,797.84,790.09,true,false,false,813.00
2768522000,2769262000,740000,28000,30000,0.00,797.84,790.09,true,false,false,813.00
2769262000,2769999000,737000,28000,29000,0.00,797.84,790.09,true,false,false,813.00
2769999000,2770737000,738000,28000,29000,0.00,797.84,790.09,true,false,false,813.00
2770737000,2771475000,738000,28000,29000,0.00,797.84,790.86,true,false,false,813.00
2771475000,2772213000,738000,28000,29000,0.00,797.84,790.86,true,false,false,813.00
2772213000,2772950000,737000,28000,29000,0.00,797.84,790.86,true,false,false,813.00
2772950000,2773688000,738000,28000,29000,0.00,797.84,790.86,true,false,false,813.00
2773688000,2774425000,737000,28000,29000,0.00,797.84,790.86,true,false,false,813.00
2774425000,2775162000,737000,28000,29000,0.00,797.84,790.09,true,false,false,813.00
2775162000,2775899000,737000,28000,29000,0.00,797.84,790.09,true,false,false,813.00
2775899000,2776636000,737000,28000,29000,0.00,797.84,790.86,true,false,false,813.00
2776636000,2777373000,737000,28000,29000,0.00,797.84,790.09,true,false,false,813.00
2777373000,2778110000,737000,28000,29000,0.00,797.84,790.86,true,false,false,813.00
2778110000,2778848000,738000,28000,29000,0.00,797.84,790.86,true,false,false,813.00
2778848000,2779585000,737000,28000,29000,0.00,797.84,790.09,true,false,false,813.00
2779585000,2780322000,737000,28000,29000,0.00,797.84,790.86,true,false,false,813.00
2780322000,2781059000,737000,28000,29000,0.00,797.84,790.86,true,false,false,813.00
2781059000,2781796000,737000,28000,29000,0.00,797.84,790.09,true,false,true,813.00
2781796000,2782533000,737000,28000,29000,2.80,0.00,790.09,true,false,false,813.00
2782533000,2783270000,737000,28000,29000,2.80,790.86,790.86,true,false,false,813.00
2783270000,2784008000,738000,28000,29000,2.80,790.86,790.86,true,false,false,813.00
2784008000,2787803000,3795000,28000,28000,2.80,790.86,829.81,false,true,false,813.00
2787803000,2788769000,966000,19000,105000,1.90,790.86,747.93,true,false,false,802.00
2788769000,2789530000,761000,0,37000,0.00,790.86,782.44,true,false,false,802.00
2789530000,2790285000,755000,6000,35000,0.00,790.86,788.59,true,false,false,802.00
2790285000,2791016000,731000,19000,27000,0.00,790.86,788.59,true,false,false,802.00
2791016000,2791732000,716000,17000,22000,0.00,790.86,787.82,true,false,false,802.00
2791732000,2792451000,719000,19000,23000,0.00,790.86,785.50,true,false,false,802.00
2792451000,2793167000,716000,19000,22000,0.00,790.86,785.50,true,false,false,802.00
2793167000,2793883000,716000,20000,22000,0.00,790.86,785.50,true,false,false,802.00
2793883000,2794596000,713000,20000,21000,0.00,790.86,785.50,true,false,false,802.00
2794596000,2795309000,713000,21000,21000,0.00,790.86,785.50,true,false,false,802.00
2795309000,2796022000,713000,21000,21000,0.00,790.86,785.50,true,false,false,802.00
2796022000,2796735000,713000,21000,21000,0.00,790.86,785.50,true,false,false,802.00
2796735000,2797448000,713000,21000,21000,0.00,790.86,785.50,true,false,false,802.00
2797448000,2798161000,713000,21000,21000,0.00,790.86,785.50,true,false,false,802.00
2798161000,2798874000,713000,21000,21000,0.00,790.86,785.50,true,false,false,802.00
2798874000,2799587000,713000,21000,21000,0.00,790.86,785.50,true,false,false,802.00
2799587000,2800300000,713000,21000,21000,0.00,790.86,785.50,true,false,false,802.00
2800300000,2801014000,714000,21000,21000,0.00,790.86,785.50,true,false,false,802.00
2801014000,2801728000,714000,21000,21000,0.00,790.86,785.50,true,false,false,802.00
2801728000,2802442000,714000,21000,21000,0.00,790.86,785.50,true,false,false,802.00
2802442000,2803155000,713000,21000,21000,0.00,790.86,785.50,true,false,false,802.00
2803155000,2803869000,714000,21000,21000,0.00,790.86,785.50,true,false,false,802.00
2803869000,2804582000,713000,21000,21000,0.00,790.86,785.50,true,false,false,802.00
2804582000,2805296000,714000,21000,21000,0.00,790.86,785.50,true,false,false,802.00
2805296000,2806009000,713000,21000,21000,0.00,790.86,785.50,true,false,false,802.00
2806009000,2806722000,713000,21000,21000,0.00,790.86,785.50,true,false,true,802.00
2806722000,2807435000,713000,21000,21000,2.10,0.00,785.50,true,false,false,802.00
2807435000,2808148000,713000,21000,21000,2.10,785.50,785.50,true,false,false,802.00
2808148000,2808861000,713000,21000,21000,2.10,785.50,785.50,true,false,false,802.00
2808861000,2812558000,3697000,21000,21000,2.10,785.50,817.33,false,true,false,802.00
2812558000,2813328000,770000,0,40000,0.00,785.50,781.68,true,false,false,808.00
2813328000,2814107000,779000,21000,43000,0.00,787.52,787.52,true,false,false,808.00
2814107000,2814862000,755000,26000,35000,0.00,787.52,787.52,true,false,false,808.00
2814862000,2815602000,740000,27000,30000,0.00,787.52,785.23,true,false,false,808.00
2815602000,2816345000,743000,28000,31000,0.00,787.52,784.47,true,false,false,808.00
2816345000,2817086000,741000,28000,30000,0.00,787.52,784.47,true,false,false,808.00
2817086000,2817826000,740000,29000,30000,0.00,787.52,784.47,true,false,false,808.00
2817826000,2818566000,740000,29000,30000,0.00,787.52,785.23,true,false,false,808.00
2818566000,2819307000,741000,29000,30000,0.00,787.52,784.47,true,false,false,808.00
2819307000,2820048000,741000,29000,30000,0.00,787.52,784.47,true,false,false,808.00
2820048000,2820788000,740000,29000,30000,0.00,787.52,785.23,true,false,false,808.00
2820788000,2821528000,740000,29000,30000,0.00,787.52,784.47,true,false,false,808.00
2821528000,2822268000,740000,29000,30000,0.00,787.52,785.23,true,false,false,808.00
2822268000,2823008000,740000,29000,30000,0.00,787.52,785.23,true,false,false,808.00
2823008000,2823748000,740000,29000,30000,0.00,787.52,784.47,true,false,false,808.00
2823748000,2824488000,740000,29000,30000,0.00,787.52,784.47,true,false,false,808.00
2824488000,2825228000,740000,29000,30000,0.00,787.52,784.47,true,false,false,808.00
2825228000,2825968000,740000,29000,30000,0.00,787.52,784.47,true,false,false,808.00
2825968000,2826708000,740000,29000,30000,0.00,787.52,784.47,true,false,false,808.00
2826708000,2827448000,740000,29000,30000,0.00,787.52,784.47,true,false,false,808.00
2827448000,2828188000,740000,29000,30000,0.00,787.52,784.47,true,false,false,808.00
2828188000,2828928000,740000,29000,30000,0.00,787.52,784.47,true,false,false,808.00
2828928000,2829668000,740000,29000,30000,0.00,787.52,784.47,true,false,false,808.00
2829668000,2830408000,740000,29000,30000,0.00,787.52,784.47,true,false,false,808.00
2830408000,2831148000,740000,29000,30000,0.00,787.52,784.47,true,false,false,808.00
2831148000,2831888000,740000,29000,30000,0.00,787.52,784.47,true,false,true,808.00
2831888000,2832769000,881000,29000,77000,2.90,0.00,784.47,true,false,false,808.00
2832769000,2833765000,996000,36000,115000,2.90,740.60,740.60,true,false,false,808.00
2833765000,2834535000,770000,11000,40000,1.10,789.06,789.06,true,false,false,808.00
2834535000,2838150000,3615000,31000,31000,1.10,789.06,800.20,false,true,false,808.00
2838150000,2838903000,753000,9000,34000,0.90,789.06,800.20,true,false,false,811.00
2838903000,2839667000,764000,27000,38000,0.90,789.06,783.71,true,false,false,811.00
2839667000,2840419000,752000,27000,34000,0.90,789.06,785.85,true,false,false,811.00
2840419000,2841165000,746000,29000,32000,0.90,789.06,785.85,true,false,false,811.00
2841165000,2841911000,746000,30000,32000,0.90,789.06,786.61,true,false,false,811.00
2841911000,2842654000,743000,30000,31000,0.90,789.06,787.38,true,false,false,811.00
2842654000,2843397000,743000,30000,31000,0.90,789.06,786.61,true,false,false,811.00
2843397000,2844141000,744000,30000,31000,0.90,789.06,786.61,true,false,false,811.00
2844141000,2844884000,743000,30000,31000,0.90,789.06,786.61,true,false,false,811.00
2844884000,2845627000,743000,30000,31000,0.90,789.06,786.61,true,false,false,811.00
2845627000,2846371000,744000,31000,31000,0.90,789.06,786.61,true,false,false,811.00
2846371000,2847114000,743000,31000,31000,0.90,789.06,786.61,true,false,false,811.00
2847114000,2847857000,743000,31000,31000,0.90,789.06,786.61,true,false,false,811.00
2847857000,2848600000,743000,31000,31000,0.90,789.06,786.61,true,false,false,811.00
2848600000,2849343000,743000,31000,31000,0.90,789.06,786.61,true,false,false,811.00
2849343000,2850086000,743000,31000,31000,0.90,789.06,786.61,true,false,false,811.00
2850086000,2850829000,743000,31000,31000,0.90,789.06,786.61,true,false,false,811.00
2850829000,2851572000,743000,31000,31000,0.90,789.06,786.61,true,false,false,811.00
2851572000,2852315000,743000,31000,31000,0.90,789.06,786.61,true,false,false,811.00
2852315000,2853058000,743000,31000,31000,0.90,789.06,786.61,true,false,false,811.00
2853058000,2853801000,743000,31000,31000,0.90,789.06,786.61,true,false,false,811.00
2853801000,2854545000,744000,31000,31000,0.90,789.06,786.61,true,false,false,811.00
2854545000,2855288000,743000,31000,31000,0.90,789.06,786.61,true,false,false,811.00
2855288000,2856229000,941000,31000,97000,0.90,789.06,786.61,true,false,false,811.00
2856229000,2857239000,1010000,22000,120000,0.90,789.06,738.62,true,false,false,811.00
2857239000,2858006000,767000,9000,39000,0.90,789.06,787.38,true,false,true,811.00
2858006000,2858771000,765000,21000,38000,2.10,0.00,787.38,true,false,false,811.00
2858771000,2859515000,744000,23000,31000,2.10,789.68,789.68,true,false,false,811.00
2859515000,2860252000,737000,25000,29000,2.10,789.68,789.68,true,false,false,811.00
2860252000,2863907000,3655000,28000,28000,2.10,789.68,829.08,false,true,false,811.00
2863907000,2864677000,770000,0,40000,0.00,789.68,795.10,true,false,false,817.00
2864677000,2865459000,782000,23000,44000,0.00,796.30,796.30,true,false,false,817.00
2865459000,2866214000,755000,27000,35000,0.00,796.30,796.30,true,false,false,817.00
2866214000,2866957000,743000,28000,31000,0.00,796.30,792.43,true,false,false,817.00
2866957000,2867703000,746000,29000,32000,0.00,796.30,792.43,true,false,false,817.00
2867703000,2868447000,744000,29000,31000,0.00,796.30,793.20,true,false,false,817.00
2868447000,2869187000,740000,30000,30000,0.00,796.30,793.20,true,false,false,817.00
2869187000,2869927000,740000,30000,30000,0.00,796.30,793.20,true,false,false,817.00
2869927000,2870668000,741000,30000,30000,0.00,796.30,793.20,true,false,false,817.00
2870668000,2871408000,740000,30000,30000,0.00,796.30,793.20,true,false,false,817.00
2871408000,2872149000,741000,30000,30000,0.00,796.30,793.20,true,false,false,817.00
2872149000,2872890000,741000,30000,30000,0.00,796.30,793.20,true,false,false,817.00
2872890000,2873630000,740000,30000,30000,0.00,796.30,793.20,true,false,false,817.00
2873630000,2874370000,740000,30000,30000,0.00,796.30,793.20,true,false,false,817.00
2874370000,2875110000,740000,30000,30000,0.00,796.30,793.20,true,false,false,817.00
2875110000,2875850000,740000,30000,30000,0.00,796.30,793.20,true,false,false,817.00
2875850000,2876591000,741000,30000,30000,0.00,796.30,793.20,true,false,false,817.00
2876591000,2877331000,740000,30000,30000,0.00,796.30,793.20,true,false,false,817.00
2877331000,2878071000,740000,30000,30000,0.00,796.30,793.20,true,false,false,817.00
2878071000,2878811000,740000,30000,30000,0.00,796.30,793.20,true,false,false,817.00
2878811000,2879738000,927000,30000,92000,0.00,796.30,748.85,true,false,false,817.00
2879738000,2880728000,990000,25000,113000,0.00,796.30,748.85,true,false,false,817.00
2880728000,2881498000,770000,11000,40000,0.00,797.85,797.85,true,false,false,817.00
2881498000,2882268000,770000,24000,40000,0.00,797.85,790.14,true,false,false,817.00
2882268000,2883017000,749000,26000,33000,0.00,797.85,791.67,true,false,false,817.00
2883017000,2883763000,746000,28000,32000,0.00,797.85,791.67,true,false,true,817.00
2883763000,2884507000,744000,29000,31000,2.90,0.00,791.67,true,false,false,817.00
2884507000,2885247000,740000,29000,30000,2.90,793.97,793.97,true,false,false,817.00
2885247000,2885987000,740000,30000,30000,2.90,793.97,793.20,true,false,false,817.00
2885987000,2889689000,3702000,30000,30000,2.90,793.97,844.94,false,true,false,817.00
2889689000,2890483000,794000,0,48000,0.00,793.97,793.97,true,false,false,816.00
2890483000,2891289000,806000,13000,52000,0.00,800.00,800.00,true,false,false,816.00
2891289000,2892056000,767000,27000,39000,0.00,800.00,800.00,true,false,false,816.00
2892056000,2892802000,746000,26000,32000,0.00,800.00,793.77,true,false,false,816.00
2892802000,2893549000,747000,28000,32000,0.00,800.00,791.46,true,false,false,816.00
2893549000,2894293000,744000,28000,31000,0.00,800.00,792.23,true,false,false,816.00
2894293000,2895033000,740000,29000,30000,0.00,800.00,792.23,true,false,false,816.00
2895033000,2895773000,740000,29000,30000,0.00,800.00,792.23,true,false,false,816.00
2895773000,2896514000,741000,29000,30000,0.00,800.00,792.23,true,false,false,816.00
2896514000,2897254000,740000,29000,30000,0.00,800.00,792.23,true,false,false,816.00
2897254000,2897994000,740000,29000,30000,0.00,800.00,792.23,true,false,false,816.00
2897994000,2898734000,740000,29000,30000,0.00,800.00,792.23,true,false,false,816.00
2898734000,2899474000,740000,29000,30000,0.00,800.00,792.23,true,false,false,816.00
2899474000,2900214000,740000,29000,30000,0.00,800.00,792.23,true,false,false,816.00
2900214000,2900954000,740000,29000,30000,0.00,800.00,792.23,true,false,false,816.00
2900954000,2901694000,740000,29000,30000,0.00,800.00,792.23,true,false,false,816.00
2901694000,2902434000,740000,29000,30000,0.00,800.00,792.23,true,false,false,816.00
2902434000,2903285000,851000,29000,67000,0.00,800.00,792.23,true,false,false,816.00
2903285000,2904274000,989000,58000,113000,0.00,800.00,754.16,true,false,false,816.00
2904274000,2905110000,836000,11000,62000,0.00,800.00,793.00,true,false,false,816.00
2905110000,2905880000,770000,27000,40000,0.00,800.00,787.64,true,false,false,816.00
2905880000,2906629000,749000,23000,33000,0.00,800.00,790.70,true,false,false,816.00
2906629000,2907378000,749000,28000,33000,0.00,800.00,790.70,true,false,false,816.00
2907378000,2908121000,743000,28000,31000,0.00,800.00,792.23,true,false,false,816.00
2908121000,2908862000,741000,29000,30000,0.00,800.00,793.00,true,false,false,816.00
2908862000,2909602000,740000,29000,30000,0.00,800.00,793.00,true,false,true,816.00
2909602000,2910342000,740000,29000,30000,2.90,0.00,793.00,true,false,false,816.00
2910342000,2911082000,740000,29000,30000,2.90,792.23,792.23,true,false,false,816.00
2911082000,2911822000,740000,29000,30000,2.90,792.23,792.23,true,false,false,816.00
2911822000,2915521000,3699000,30000,30000,2.90,792.23,843.87,false,true,false,816.00
2915521000,2916316000,795000,0,48000,0.00,792.23,793.77,true,false,false,815.00
2916316000,2917122000,806000,13000,52000,0.00,799.02,799.02,true,false,false,815.00
2917122000,2917889000,767000,27000,39000,0.00,799.02,799.02,true,false,false,815.00
2917889000,2918635000,746000,25000,32000,0.00,799.02,793.57,true,false,false,815.00
2918635000,2919382000,747000,28000,32000,0.00,799.02,791.26,true,false,false,815.00
2919382000,2920123000,741000,28000,30000,0.00,799.02,791.26,true,false,false,815.00
2920123000,2920863000,740000,28000,30000,0.00,799.02,791.26,true,false,false,815.00
2920863000,2921603000,740000,29000,30000,0.00,799.02,792.03,true,false,false,815.00
2921603000,2922344000,741000,29000,30000,0.00,799.02,792.03,true,false,false,815.00
2922344000,2923084000,740000,29000,30000,0.00,799.02,792.03,true,false,false,815.00
2923084000,2923824000,740000,29000,30000,0.00,799.02,792.03,true,false,false,815.00
2923824000,2924564000,740000,29000,30000,0.00,799.02,792.03,true,false,false,815.00
2924564000,2925304000,740000,29000,30000,0.00,799.02,792.03,true,false,false,815.00
2925304000,2926041000,737000,29000,29000,0.00,799.02,792.03,true,false,false,815.00
2926041000,2926853000,812000,29000,54000,0.00,799.02,792.03,true,false,false,815.00
2926853000,2927842000,989000,54000,113000,0.00,799.02,747.02,true,false,false,815.00
2927842000,2928778000,936000,11000,95000,0.00,799.02,795.90,true,false,false,815.00
2928778000,2929545000,767000,27000,39000,0.00,799.02,788.96,true,false,false,815.00
2929545000,2930291000,746000,23000,32000,0.00,799.02,788.96,true,false,false,815.00
2930291000,2931038000,747000,27000,32000,0.00,799.02,790.49,true,false,false,815.00
2931038000,2931782000,744000,28000,31000,0.00,799.02,792.03,true,false,false,815.00
2931782000,2932522000,740000,28000,30000,0.00,799.02,792.03,true,false,false,815.00
2932522000,2933262000,740000,29000,30000,0.00,799.02,792.03,true,false,false,815.00
2933262000,2934000000,738000,29000,29000,0.00,799.02,792.03,true,false,false,815.00
2934000000,2934738000,738000,29000,29000,0.00,799.02,792.03,true,false,false,815.00
2934738000,2935475000,737000,29000,29000,0.00,799.02,792.03,true,false,true,815.00
2935475000,2936212000,737000,29000,29000,2.90,0.00,792.03,true,false,false,815.00
2936212000,2936949000,737000,29000,29000,2.90,792.03,792.03,true,false,false,815.00
2936949000,2937686000,737000,29000,29000,2.90,792.03,792.03,true,false,false,815.00
2937686000,2941384000,3698000,29000,29000,2.90,792.03,842.94,false,true,false,815.00
2941384000,2942176000,792000,0,47000,0.00,792.03,792.03,true,false,false,814.00
2942176000,2942982000,806000,13000,52000,0.00,798.04,798.04,true,false,false,814.00
2942982000,2943749000,767000,26000,39000,0.00,798.04,798.04,true,false,false,814.00
2943749000,2944495000,746000,25000,32000,0.00,798.04,793.37,true,false,false,814.00
2944495000,2945241000,746000,27000,32000,0.00,798.04,791.06,true,false,false,814.00
2945241000,2945981000,740000,28000,30000,0.00,798.04,790.29,true,false,false,814.00
2945981000,2946721000,740000,28000,30000,0.00,798.04,790.29,true,false,false,814.00
2946721000,2947458000,737000,28000,29000,0.00,798.04,791.06,true,false,false,814.00
2947458000,2948195000,737000,29000,29000,0.00,798.04,791.06,true,false,false,814.00
2948195000,2948932000,737000,29000,29000,0.00,798.04,791.06,true,false,false,814.00
2948932000,2949669000,737000,29000,29000,0.00,798.04,791.06,true,false,false,814.00
2949669000,2950406000,737000,29000,29000,0.00,798.04,791.06,true,false,false,814.00
2950406000,2951395000,989000,29000,113000,0.00,798.04,739.33,true,false,false,814.00
2951395000,2952327000,932000,10000,94000,0.00,802.76,802.76,true,false,false,814.00
2952327000,2953094000,767000,13000,39000,0.00,802.76,802.76,true,false,false,814.00
2953094000,2953837000,743000,22000,31000,0.00,802.76,790.29,true,false,false,814.00
2953837000,2954583000,746000,26000,32000,0.00,802.76,789.52,true,false,false,814.00
2954583000,2955323000,740000,27000,30000,0.00,802.76,791.06,true,false,false,814.00
2955323000,2956063000,740000,28000,30000,0.00,802.76,791.06,true,false,false,814.00
2956063000,2956800000,737000,28000,29000,0.00,802.76,791.06,true,false,false,814.00
2956800000,2957538000,738000,29000,29000,0.00,802.76,791.06,true,false,false,814.00
2957538000,2958275000,737000,29000,29000,0.00,802.76,791.06,true,false,false,814.00
2958275000,2959012000,737000,29000,29000,0.00,802.76,791.06,true,false,false,814.00
2959012000,2959749000,737000,29000,29000,0.00,802.76,791.06,true,false,false,814.00
2959749000,2960487000,738000,29000,29000,0.00,802.76,791.06,true,false,false,814.00
2960487000,2961224000,737000,29000,29000,0.00,802.76,791.06,true,false,true,814.00
2961224000,2961962000,738000,29000,29000,2.90,0.00,791.06,true,false,false,814.00
2961962000,2962699000,737000,29000,29000,2.90,791.06,791.06,true,false,false,814.00
2962699000,2963436000,737000,29000,29000,2.90,791.06,791.06,true,false,false,814.00
2963436000,2967134000,3698000,29000,29000,2.90,791.06,842.79,false,true,false,814.00
2967134000,2967925000,791000,0,47000,0.00,791.06,791.06,true,false,false,813.00
2967925000,2968731000,806000,12000,52000,0.00,797.84,797.84,true,false,false,813.00
2968731000,2969499000,768000,26000,39000,0.00,797.84,797.84,true,false,false,813.00
2969499000,2970242000,743000,24000,31000,0.00,797.84,792.40,true,false,false,813.00
2970242000,2970989000,747000,27000,32000,0.00,797.84,790.09,true,false,false,813.00
2970989000,2971729000,740000,27000,30000,0.00,797.84,790.09,true,false,false,813.00
2971729000,2972466000,737000,28000,29000,0.00,797.84,790.09,true,false,false,813.00
2972466000,2973204000,738000,28000,29000,0.00,797.84,790.09,true,false,false,813.00
2973204000,2973942000,738000,28000,29000,0.00,797.84,790.86,true,false,false,813.00
2973942000,2974928000,986000,28000,112000,0.00,797.84,738.42,true,false,false,813.00
2974928000,2975906000,978000,10000,109000,0.00,799.41,799.41,true,false,false,813.00
2975906000,2976673000,767000,10000,39000,0.00,799.41,799.41,true,false,false,813.00
2976673000,2977416000,743000,22000,31000,0.00,799.41,791.63,true,false,false,813.00
2977416000,2978162000,746000,26000,32000,0.00,799.41,789.32,true,false,false,813.00
2978162000,2978902000,740000,26000,30000,0.00,799.41,790.09,true,false,false,813.00
2978902000,2979642000,740000,27000,30000,0.00,799.41,790.09,true,false,false,813.00
2979642000,2980379000,737000,28000,29000,0.00,799.41,790.09,true,false,false,813.00
2980379000,2981117000,738000,28000,29000,0.00,799.41,790.86,true,false,false,813.00
2981117000,2981854000,737000,28000,29000,0.00,799.41,790.86,true,false,false,813.00
2981854000,2982591000,737000,28000,29000,0.00,799.41,790.86,true,false,false,813.00
2982591000,2983328000,737000,28000,29000,0.00,799.41,790.86,true,false,false,813.00
2983328000,2984066000,738000,28000,29000,0.00,799.41,790.86,true,false,false,813.00
2984066000,2984804000,738000,28000,29000,0.00,799.41,790.86,true,false,false,813.00
2984804000,2985542000,738000,28000,29000,0.00,799.41,790.86,true,false,false,813.00
2985542000,2986279000,737000,28000,29000,0.00,799.41,790.86,true,false,false,813.00
2986279000,2987017000,738000,28000,29000,0.00,799.41,790.86,true,false,true,813.00
2987017000,2987755000,738000,28000,29000,2.80,0.00,790.86,true,false,false,813.00
2987755000,2988492000,737000,28000,29000,2.80,790.86,790.86,true,false,false,813.00
2988492000,2989229000,737000,28000,29000,2.80,790.86,790.86,true,false,false,813.00
2989229000,2992920000,3691000,28000,28000,2.80,790.86,841.42,false,true,false,813.00
2992920000,2993708000,788000,0,46000,0.00,790.86,790.09,true,false,false,813.00
2993708000,2994511000,803000,13000,51000,0.00,797.84,797.84,true,false,false,813.00
2994511000,2995276000,765000,26000,38000,0.00,797.84,797.84,true,false,false,813.00
2995276000,2996019000,743000,24000,31000,0.00,797.84,792.40,true,false,false,813.00
2996019000,2996762000,743000,27000,31000,0.00,797.84,790.09,true,false,false,813.00
2996762000,2997499000,737000,27000,29000,0.00,797.84,790.09,true,false,false,813.00
2997499000,2998476000,977000,28000,109000,0.00,797.84,737.08,true,false,false,813.00
2998476000,2999432000,956000,11000,102000,0.00,797.84,737.08,true,false,false,813.00
2999432000,3000199000,767000,12000,39000,0.00,797.84,797.84,true,false,false,813.00
3000199000,3000942000,743000,22000,31000,0.00,797.84,795.50,true,false,false,813.00
3000942000,3001688000,746000,26000,32000,0.00,797.84,790.86,true,false,false,813.00
3001688000,3002428000,740000,26000,30000,0.00,797.84,790.86,true,false,false,813.00
3002428000,3003168000,740000,27000,30000,0.00,797.84,790.09,true,false,false,813.00
3003168000,3003906000,738000,28000,29000,0.00,797.84,790.86,true,false,false,813.00
3003906000,3004643000,737000,28000,29000,0.00,797.84,790.86,true,false,false,813.00
3004643000,3005380000,737000,28000,29000,0.00,797.84,790.86,true,false,false,813.00
3005380000,3006117000,737000,28000,29000,0.00,797.84,790.86,true,false,false,813.00
3006117000,3006854000,737000,28000,29000,0.00,797.84,790.09,true,false,false,813.00
3006854000,3007592000,738000,28000,29000,0.00,797.84,790.09,true,false,false,813.00
3007592000,3008330000,738000,28000,29000,0.00,797.84,790.86,true,false,false,813.00
3008330000,3009067000,737000,28000,29000,0.00,797.84,790.86,true,false,false,813.00
3009067000,3009804000,737000,28000,29000,0.00,797.84,790.09,true,false,false,813.00
3009804000,3010541000,737000,28000,29000,0.00,797.84,790.09,true,false,false,813.00
3010541000,3011278000,737000,28000,29000,0.00,797.84,790.86,true,false,false,813.00
3011278000,3012015000,737000,28000,29000,0.00,797.84,790.86,true,false,false,813.00
3012015000,3012752000,737000,28000,29000,0.00,797.84,790.86,true,false,true,813.00
3012752000,3013490000,738000,28000,29000,2.80,0.00,790.86,true,false,false,813.00
3013490000,3014227000,737000,28000,29000,2.80,790.86,790.86,true,false,false,813.00
3014227000,3014964000,737000,28000,29000,2.80,790.86,790.86,true,false,false,813.00
3014964000,3018655000,3691000,28000,28000,2.80,790.86,841.42,false,true,false,813.00
3018655000,3019444000,789000,0,46000,0.00,790.86,790.86,true,false,false,813.00
3019444000,3020248000,804000,13000,51000,0.00,797.06,797.06,true,false,false,813.00
3020248000,3021012000,764000,26000,38000,0.00,797.06,797.06,true,false,false,813.00
3021012000,3021971000,959000,25000,103000,0.00,797.06,792.40,true,false,false,813.00
3021971000,3022912000,941000,13000,97000,0.00,797.06,747.93,true,false,false,813.00
3022912000,3023679000,767000,12000,39000,0.00,797.06,790.09,true,false,false,813.00
3023679000,3024422000,743000,22000,31000,0.00,797.06,792.40,true,false,false,813.00
3024422000,3025168000,746000,26000,32000,0.00,797.06,792.40,true,false,false,813.00
3025168000,3025909000,741000,26000,30000,0.00,797.06,790.86,true,false,false,813.00
3025909000,3026649000,740000,27000,30000,0.00,797.06,790.86,true,false,false,813.00
3026649000,3027386000,737000,28000,29000,0.00,797.06,790.09,true,false,false,813.00
3027386000,3028123000,737000,28000,29000,0.00,797.06,790.09,true,false,false,813.00
3028123000,3028861000,738000,28000,29000,0.00,797.06,790.86,true,false,false,813.00
3028861000,3029598000,737000,28000,29000,0.00,797.06,790.86,true,false,false,813.00
3029598000,3030336000,738000,28000,29000,0.00,797.06,790.86,true,false,false,813.00
3030336000,3031073000,737000,28000,29000,0.00,797.06,790.86,true,false,false,813.00
3031073000,3031811000,738000,28000,29000,0.00,797.06,790.86,true,false,false,813.00
3031811000,3032548000,737000,28000,29000,0.00,797.06,790.86,true,false,false,813.00
3032548000,3033285000,737000,28000,29000,0.00,797.06,790.86,true,false,false,813.00
3033285000,3034022000,737000,28000,29000,0.00,797.06,790.86,true,false,false,813.00
3034022000,3034759000,737000,28000,29000,0.00,797.06,790.09,true,false,false,813.00
3034759000,3035496000,737000,28000,29000,0.00,797.06,790.09,true,false,false,813.00
3035496000,3036233000,737000,28000,29000,0.00,797.06,790.86,true,false,false,813.00
3036233000,3036971000,738000,28000,29000,0.00,797.06,790.86,true,false,false,813.00
3036971000,3037708000,737000,28000,29000,0.00,797.06,790.86,true,false,false,813.00
3037708000,3038445000,737000,28000,29000,0.00,797.06,790.86,true,false,true,813.00
3038445000,3039182000,737000,28000,29000,2.80,0.00,790.86,true,false,false,813.00
3039182000,3039919000,737000,28000,29000,2.80,790.86,790.86,true,false,false,813.00
3039919000,3040656000,737000,28000,29000,2.80,790.86,790.86,true,false,false,813.00
3040656000,3044348000,3692000,28000,28000,2.80,790.86,840.63,false,true,false,813.00
3044348000,3045550000,1202000,0,184000,0.00,790.86,725.25,true,false,false,813.00
3045550000,3046450000,900000,12000,83000,0.00,790.86,788.55,true,false,false,813.00
3046450000,3047262000,812000,26000,54000,0.00,790.86,778.74,true,false,false,813.00
3047262000,3048032000,770000,24000,40000,0.00,790.86,784.75,true,false,false,813.00
3048032000,3048799000,767000,32000,39000,0.00,790.86,784.75,true,false,false,813.00
3048799000,3049560000,761000,33000,37000,0.00,790.86,786.27,true,false,false,813.00
3049560000,3050319000,759000,33000,36000,0.00,790.86,786.27,true,false,false,813.00
3050319000,3051077000,758000,34000,36000,0.00,790.86,785.51,true,false,false,813.00
3051077000,3051832000,755000,34000,35000,0.00,790.86,785.51,true,false,false,813.00
3051832000,3052587000,755000,34000,35000,0.00,790.86,785.51,true,false,false,813.00
3052587000,3053343000,756000,34000,35000,0.00,790.86,785.51,true,false,false,813.00
3053343000,3054098000,755000,34000,35000,0.00,790.86,785.51,true,false,false,813.00
3054098000,3054853000,755000,35000,35000,0.00,790.86,785.51,true,false,false,813.00
3054853000,3055609000,756000,35000,35000,0.00,790.86,785.51,true,false,false,813.00
3055609000,3056364000,755000,35000,35000,0.00,790.86,785.51,true,false,false,813.00
3056364000,3057119000,755000,35000,35000,0.00,790.86,785.51,true,false,false,813.00
3057119000,3057874000,755000,35000,35000,0.00,790.86,785.51,true,false,false,813.00
3057874000,3058629000,755000,35000,35000,0.00,790.86,785.51,true,false,false,813.00
3058629000,3059384000,755000,35000,35000,0.00,790.86,785.51,true,false,false,813.00
3059384000,3060140000,756000,35000,35000,0.00,790.86,785.51,true,false,false,813.00
3060140000,3060895000,755000,35000,35000,0.00,790.86,785.51,true,false,false,813.00
3060895000,3061651000,756000,35000,35000,0.00,790.86,785.51,true,false,false,813.00
3061651000,3062406000,755000,35000,35000,0.00,790.86,785.51,true,false,false,813.00
3062406000,3063161000,755000,35000,35000,0.00,790.86,785.51,true,false,false,813.00
3063161000,3063916000,755000,35000,35000,0.00,790.86,785.51,true,false,false,813.00
3063916000,3064671000,755000,35000,35000,0.00,790.86,785.51,true,false,true,813.00
3064671000,3065426000,755000,35000,35000,3.50,0.00,785.51,true,false,false,813.00
3065426000,3066181000,755000,35000,35000,3.50,785.51,785.51,true,false,false,813.00
3066181000,3066936000,755000,35000,35000,3.50,785.51,785.51,true,false,false,813.00
3066936000,3070758000,3822000,35000,35000,3.50,785.51,854.63,false,true,false,813.00
3070758000,3071528000,770000,0,40000,0.00,785.51,798.62,true,false,false,855.00
3071528000,3072322000,794000,9000,47616,0.00,822.12,822.12,true,false,false,855.00
3072322000,3073092000,770000,31000,40000,0.00,822.12,822.12,true,false,false,855.00
3073092000,3073860000,768000,35000,39000,0.00,825.29,825.29,true,false,false,855.00
3073860000,3074625000,765000,35000,38000,0.00,825.29,825.29,true,false,false,855.00
3074625000,3075386000,761000,36000,37000,0.00,825.29,825.29,true,false,false,855.00
3075386000,3076147000,761000,36000,37000,0.00,825.29,825.29,true,false,false,855.00
3076147000,3076909000,762000,36000,37000,0.00,825.29,824.49,true,false,false,855.00
3076909000,3077670000,761000,36000,37000,0.00,825.29,825.29,true,false,false,855.00
3077670000,3078432000,762000,36000,37000,0.00,825.29,824.49,true,false,false,855.00
3078432000,3079193000,761000,36000,37000,0.00,825.29,824.49,true,false,false,855.00
3079193000,3079954000,761000,36000,37000,0.00,825.29,824.49,true,false,false,855.00
3079954000,3080715000,761000,36000,37000,0.00,825.29,824.49,true,false,false,855.00
3080715000,3081476000,761000,36000,37000,0.00,825.29,825.29,true,false,false,855.00
3081476000,3082237000,761000,36000,37000,0.00,825.29,825.29,true,false,false,855.00
3082237000,3082998000,761000,36000,37000,0.00,825.29,825.29,true,false,false,855.00
3082998000,3083759000,761000,36000,37000,0.00,825.29,824.49,true,false,false,855.00
3083759000,3084520000,761000,36000,37000,0.00,825.29,825.29,true,false,false,855.00
3084520000,3085282000,762000,36000,37000,0.00,825.29,825.29,true,false,false,855.00
3085282000,3086043000,761000,36000,37000,0.00,825.29,824.49,true,false,false,855.00
3086043000,3086804000,761000,36000,37000,0.00,825.29,824.49,true,false,false,855.00
3086804000,3087565000,761000,36000,37000,0.00,825.29,824.49,true,false,false,855.00
3087565000,3088326000,761000,36000,37000,0.00,825.29,824.49,true,false,false,855.00
3088326000,3089087000,761000,36000,37000,0.00,825.29,825.29,true,false,false,855.00
3089087000,3089848000,761000,36000,37000,0.00,825.29,824.49,true,false,false,855.00
3089848000,3090609000,761000,36000,37000,0.00,825.29,824.49,true,false,true,855.00
3090609000,3091370000,761000,36000,37000,3.60,0.00,824.49,true,false,false,855.00
3091370000,3092132000,762000,36000,37000,3.60,825.29,825.29,true,false,false,855.00
3092132000,3093169000,1037000,36000,129000,3.60,825.29,775.86,true,false,false,855.00
3093169000,3096917000,3748000,113000,113000,3.60,825.29,883.05,false,true,false,855.00
3096917000,3097726000,809000,0,53000,0.00,825.29,847.37,true,false,false,845.00
3097726000,3098551000,825000,11000,58000,0.00,833.33,833.33,true,false,false,845.00
3098551000,3099318000,767000,26000,39000,0.00,833.33,818.01,true,false,false,845.00
3099318000,3100058000,740000,25000,30000,0.00,833.33,818.01,true,false,false,845.00
3100058000,3100801000,743000,27000,31000,0.00,833.33,821.19,true,false,false,845.00
3100801000,3101538000,737000,27000,29000,0.00,833.33,821.19,true,false,false,845.00
3101538000,3102275000,737000,28000,29000,0.00,833.33,821.98,true,false,false,845.00
3102275000,3103012000,737000,28000,29000,0.00,833.33,821.98,true,false,false,845.00
3103012000,3103749000,737000,28000,29000,0.00,833.33,821.98,true,false,false,845.00
3103749000,3104486000,737000,28000,29000,0.00,833.33,821.19,true,false,false,845.00
3104486000,3105223000,737000,28000,29000,0.00,833.33,821.19,true,false,false,845.00
3105223000,3105960000,737000,28000,29000,0.00,833.33,821.98,true,false,false,845.00
3105960000,3106698000,738000,28000,29000,0.00,833.33,821.98,true,false,false,845.00
3106698000,3107435000,737000,28000,29000,0.00,833.33,821.19,true,false,false,845.00
3107435000,3108172000,737000,28000,29000,0.00,833.33,821.19,true,false,false,845.00
3108172000,3108909000,737000,28000,29000,0.00,833.33,821.98,true,false,false,845.00
3108909000,3109646000,737000,28000,29000,0.00,833.33,821.98,true,false,false,845.00
3109646000,3110383000,737000,28000,29000,0.00,833.33,821.19,true,false,false,845.00
3110383000,3111120000,737000,28000,29000,0.00,833.33,821.19,true,false,false,845.00
3111120000,3111858000,738000,28000,29000,0.00,833.33,821.98,true,false,false,845.00
3111858000,3112595000,737000,28000,29000,0.00,833.33,821.19,true,false,false,845.00
3112595000,3113332000,737000,28000,29000,0.00,833.33,821.19,true,false,false,845.00
3113332000,3114069000,737000,28000,29000,0.00,833.33,821.98,true,false,false,845.00
3114069000,3114806000,737000,28000,29000,0.00,833.33,821.98,true,false,false,845.00
3114806000,3115543000,737000,28000,29000,0.00,833.33,821.19,true,false,false,845.00
3115543000,3116433000,890000,28000,80000,0.00,833.33,821.19,true,false,true,845.00
3116433000,3117392000,959000,34000,103000,3.40,0.00,821.19,true,false,false,845.00
3117392000,3118162000,770000,15000,40000,1.50,820.39,820.39,true,false,false,845.00
3118162000,3118935000,773000,28000,41000,1.50,820.39,815.64,true,false,false,845.00
3118935000,3122582000,3647000,28000,28000,1.50,820.39,845.94,false,true,false,845.00
3122582000,3123344000,762000,6000,37000,0.60,820.39,839.96,true,false,false,852.00
3123344000,3124124000,780000,31000,43000,0.60,820.39,816.87,true,false,false,852.00
3124124000,3124885000,761000,32000,37000,0.60,821.60,821.60,true,false,false,852.00
3124885000,3125646000,761000,34000,37000,0.60,821.60,821.60,true,false,false,852.00
3125646000,3126404000,758000,34000,36000,0.60,823.19,823.19,true,false,false,852.00
3126404000,3127162000,758000,34000,36000,0.60,823.19,823.19,true,false,false,852.00
3127162000,3127921000,759000,34000,36000,0.60,823.19,823.19,true,false,false,852.00
3127921000,3128676000,755000,35000,35000,0.60,823.19,823.19,true,false,false,852.00
3128676000,3129431000,755000,35000,35000,0.60,823.19,823.19,true,false,false,852.00
3129431000,3130186000,755000,35000,35000,0.60,823.19,823.19,true,false,false,852.00
3130186000,3130941000,755000,35000,35000,0.60,823.19,823.19,true,false,false,852.00
3130941000,3131696000,755000,35000,35000,0.60,823.19,823.19,true,false,false,852.00
3131696000,3132452000,756000,35000,35000,0.60,823.19,823.19,true,false,false,852.00
3132452000,3133207000,755000,35000,35000,0.60,823.19,823.19,true,false,false,852.00
3133207000,3133962000,755000,35000,35000,0.60,823.19,823.19,true,false,false,852.00
3133962000,3134717000,755000,35000,35000,0.60,823.19,823.19,true,false,false,852.00
3134717000,3135472000,755000,35000,35000,0.60,823.19,823.19,true,false,false,852.00
3135472000,3136228000,756000,35000,35000,0.60,823.19,823.19,true,false,false,852.00
3136228000,3136983000,755000,35000,35000,0.60,823.19,823.19,true,false,false,852.00
3136983000,3137738000,755000,35000,35000,0.60,823.19,823.19,true,false,false,852.00
3137738000,3138494000,756000,35000,35000,0.60,823.19,823.19,true,false,false,852.00
3138494000,3139250000,756000,35000,35000,0.60,823.19,823.19,true,false,false,852.00
3139250000,3140191000,941000,35000,97000,0.60,823.19,823.19,true,false,false,852.00
3140191000,3141213000,1022000,33000,124000,0.60,823.19,773.84,true,false,false,852.00
3141213000,3141996000,783000,16000,44000,0.60,827.99,827.99,true,false,false,852.00
3141996000,3142778000,782000,30000,44000,0.60,827.99,820.81,true,false,true,852.00
3142778000,3143542000,764000,31000,38000,3.10,0.00,820.81,true,false,false,852.00
3143542000,3144303000,761000,34000,37000,3.10,822.39,822.39,true,false,false,852.00
3144303000,3145064000,761000,34000,37000,3.10,823.19,823.19,true,false,false,852.00
3145064000,3148797000,3733000,35000,35000,3.10,823.19,874.54,false,true,false,852.00
3148797000,3149597000,800000,0,50000,0.00,823.19,833.66,true,false,false,845.00
3149597000,3150415000,818000,19000,56000,0.00,823.59,823.59,true,false,false,845.00
3150415000,3151185000,770000,28000,40000,0.00,823.59,818.80,true,false,false,845.00
3151185000,3151938000,753000,29000,34000,0.00,823.59,818.80,true,false,false,845.00
3151938000,3152691000,753000,31000,34000,0.00,823.59,818.01,true,false,false,845.00
3152691000,3153440000,749000,31000,33000,0.00,823.59,819.59,true,false,false,845.00
3153440000,3154189000,749000,31000,33000,0.00,823.59,819.59,true,false,false,845.00
3154189000,3154935000,746000,31000,32000,0.00,823.59,818.80,true,false,false,845.00
3154935000,3155681000,746000,31000,32000,0.00,823.59,818.80,true,false,false,845.00
3155681000,3156428000,747000,32000,32000,0.00,823.59,818.80,true,false,false,845.00
3156428000,3157175000,747000,32000,32000,0.00,823.59,818.80,true,false,false,845.00
3157175000,3157921000,746000,32000,32000,0.00,823.59,818.80,true,false,false,845.00
3157921000,3158667000,746000,32000,32000,0.00,823.59,818.80,true,false,false,845.00
3158667000,3159413000,746000,32000,32000,0.00,823.59,818.80,true,false,false,845.00
3159413000,3160160000,747000,32000,32000,0.00,823.59,818.80,true,false,false,845.00
3160160000,3160906000,746000,32000,32000,0.00,823.59,818.80,true,false,false,845.00
3160906000,3161652000,746000,32000,32000,0.00,823.59,818.80,true,false,false,845.00
3161652000,3162398000,746000,32000,32000,0.00,823.59,818.80,true,false,false,845.00
3162398000,3163144000,746000,32000,32000,0.00,823.59,818.80,true,false,false,845.00
3163144000,3163890000,746000,32000,32000,0.00,823.59,818.80,true,false,false,845.00
3163890000,3164891000,1001000,32000,117000,0.00,823.59,764.71,true,false,false,845.00
3164891000,3165883000,992000,14000,114000,0.00,830.06,830.06,true,false,false,845.00
3165883000,3166653000,770000,13000,40000,0.00,830.06,830.06,true,false,false,845.00
3166653000,3167411000,758000,27000,36000,0.00,830.06,816.43,true,false,false,845.00
3167411000,3168166000,755000,30000,35000,0.00,830.06,818.01,true,false,false,845.00
3168166000,3168915000,749000,30000,33000,0.00,830.06,818.80,true,false,true,845.00
3168915000,3169664000,749000,31000,33000,3.10,0.00,818.80,true,false,false,845.00
3169664000,3170413000,749000,31000,33000,3.10,818.80,818.80,true,false,false,845.00
3170413000,3171159000,746000,31000,32000,3.10,818.80,818.80,true,false,false,845.00
3171159000,3174883000,3724000,32000,32000,3.10,818.80,870.40,false,true,false,845.00
3174883000,3175683000,800000,0,50000,0.00,818.80,824.39,true,false,false,839.00
3175683000,3176498000,815000,14000,55000,0.00,821.74,821.74,true,false,false,839.00
3176498000,3177265000,767000,26000,39000,0.00,821.74,815.35,true,false,false,839.00
3177265000,3178009000,744000,26000,31000,0.00,821.74,815.35,true,false,false,839.00
3178009000,3178755000,746000,28000,32000,0.00,821.74,814.56,true,false,false,839.00
3178755000,3179495000,740000,28000,30000,0.00,821.74,815.35,true,false,false,839.00
3179495000,3180236000,741000,29000,30000,0.00,821.74,815.35,true,false,false,839.00
3180236000,3180976000,740000,29000,30000,0.00,821.74,815.35,true,false,false,839.00
3180976000,3181716000,740000,29000,30000,0.00,821.74,814.56,true,false,false,839.00
3181716000,3182456000,740000,29000,30000,0.00,821.74,815.35,true,false,false,839.00
3182456000,3183197000,741000,29000,30000,0.00,821.74,815.35,true,false,false,839.00
3183197000,3183937000,740000,29000,30000,0.00,821.74,815.35,true,false,false,839.00
3183937000,3184677000,740000,29000,30000,0.00,821.74,815.35,true,false,false,839.00
3184677000,3185417000,740000,29000,30000,0.00,821.74,815.35,true,false,false,839.00
3185417000,3186157000,740000,29000,30000,0.00,821.74,815.35,true,false,false,839.00
3186157000,3186898000,741000,29000,30000,0.00,821.74,815.35,true,false,false,839.00
3186898000,3187638000,740000,29000,30000,0.00,821.74,815.35,true,false,false,839.00
3187638000,3188604000,966000,29000,105000,0.00,821.74,815.35,true,false,false,839.00
3188604000,3189572000,968000,18000,106000,0.00,821.74,758.59,true,false,false,839.00
3189572000,3190348000,776000,16000,42000,0.00,825.79,825.79,true,false,false,839.00
3190348000,3191115000,767000,28000,39000,0.00,825.79,814.56,true,false,false,839.00
3191115000,3191873000,758000,32000,36000,0.00,825.79,812.20,true,false,false,839.00
3191873000,3192626000,753000,31000,34000,0.00,825.79,812.20,true,false,false,839.00
3192626000,3193378000,752000,32000,34000,0.00,825.79,812.20,true,false,false,839.00
3193378000,3194127000,749000,32000,33000,0.00,825.79,812.20,true,false,false,839.00
3194127000,3194876000,749000,32000,33000,0.00,825.79,812.20,true,false,true,839.00
3194876000,3195625000,749000,32000,33000,3.20,0.00,812.20,true,false,false,839.00
3195625000,3196374000,749000,32000,33000,3.20,812.20,812.20,true,false,false,839.00
3196374000,3197123000,749000,32000,33000,3.20,812.20,812.20,true,false,false,839.00
3197123000,3200851000,3728000,33000,33000,3.20,812.20,865.93,false,true,false,839.00
3200851000,3201654000,803000,0,51000,0.00,812.20,817.74,true,false,false,833.00
3201654000,3202475000,821000,14000,57000,0.00,815.87,815.87,true,false,false,833.00
3202475000,3203245000,770000,27000,40000,0.00,815.87,808.74,true,false,false,833.00
3203245000,3203991000,746000,26000,32000,0.00,815.87,808.74,true,false,false,833.00
3203991000,3204740000,749000,29000,33000,0.00,815.87,807.95,true,false,false,833.00
3204740000,3205484000,744000,29000,31000,0.00,815.87,808.74,true,false,false,833.00
3205484000,3206227000,743000,29000,31000,0.00,815.87,808.74,true,false,false,833.00
3206227000,3206968000,741000,30000,30000,0.00,815.87,808.74,true,false,false,833.00
3206968000,3207709000,741000,30000,30000,0.00,815.87,808.74,true,false,false,833.00
3207709000,3208449000,740000,30000,30000,0.00,815.87,808.74,true,false,false,833.00
3208449000,3209189000,740000,30000,30000,0.00,815.87,808.74,true,false,false,833.00
3209189000,3209929000,740000,30000,30000,0.00,815.87,808.74,true,false,false,833.00
3209929000,3210669000,740000,30000,30000,0.00,815.87,808.74,true,false,false,833.00
3210669000,3211409000,740000,30000,30000,0.00,815.87,808.74,true,false,false,833.00
3211409000,3212356000,947000,30000,99000,0.00,815.87,808.74,true,false,false,833.00
3212356000,3213336000,980000,15000,110000,0.00,815.87,757.27,true,false,false,833.00
3213336000,3214103000,767000,12000,39000,0.00,815.87,814.27,true,false,false,833.00
3214103000,3214864000,761000,25000,37000,0.00,815.87,811.89,true,false,false,833.00
3214864000,3215614000,750000,28000,33000,0.00,815.87,811.89,true,false,false,833.00
3215614000,3216357000,743000,29000,31000,0.00,815.87,808.74,true,false,false,833.00
3216357000,3217100000,743000,29000,31000,0.00,815.87,808.74,true,false,false,833.00
3217100000,3217840000,740000,29000,30000,0.00,815.87,808.74,true,false,false,833.00
3217840000,3218580000,740000,30000,30000,0.00,815.87,808.74,true,false,false,833.00
3218580000,3219321000,741000,30000,30000,0.00,815.87,808.74,true,false,false,833.00
3219321000,3220061000,740000,30000,30000,0.00,815.87,808.74,true,false,false,833.00
3220061000,3220801000,740000,30000,30000,0.00,815.87,808.74,true,false,true,833.00
3220801000,3221541000,740000,30000,30000,3.00,0.00,808.74,true,false,false,833.00
3221541000,3222281000,740000,30000,30000,3.00,808.74,808.74,true,false,false,833.00
3222281000,3223021000,740000,30000,30000,3.00,808.74,808.74,true,false,false,833.00
3223021000,3226732000,3711000,30000,30000,3.00,808.74,860.44,false,true,false,833.00
3226732000,3227523000,791000,0,47000,0.00,808.74,810.31,true,false,false,830.00
3227523000,3228332000,809000,14000,53000,0.00,814.52,814.52,true,false,false,830.00
3228332000,3229096000,764000,26000,38000,0.00,814.52,814.52,true,false,false,830.00
3229096000,3229840000,744000,25000,31000,0.00,814.52,807.39,true,false,false,830.00
3229840000,3230586000,746000,27000,32000,0.00,814.52,805.83,true,false,false,830.00
3230586000,3231327000,741000,28000,30000,0.00,814.52,806.61,true,false,false,830.00
3231327000,3232067000,740000,28000,30000,0.00,814.52,806.61,true,false,false,830.00
3232067000,3232805000,738000,28000,29000,0.00,814.52,806.61,true,false,false,830.00
3232805000,3233542000,737000,29000,29000,0.00,814.52,806.61,true,false,false,830.00
3233542000,3234279000,737000,29000,29000,0.00,814.52,806.61,true,false,false,830.00
3234279000,3235017000,738000,29000,29000,0.00,814.52,806.61,true,false,false,830.00
3235017000,3235958000,941000,29000,97000,0.00,814.52,806.61,true,false,false,830.00
3235958000,3236932000,974000,19000,108000,0.00,814.52,760.07,true,false,false,830.00
3236932000,3237699000,767000,11000,39000,0.00,814.52,807.39,true,false,false,830.00
3237699000,3238460000,761000,23000,37000,0.00,814.52,808.18,true,false,false,830.00
3238460000,3239207000,747000,26000,32000,0.00,814.52,808.18,true,false,false,830.00
3239207000,3239947000,740000,27000,30000,0.00,814.52,807.39,true,false,false,830.00
3239947000,3240687000,740000,28000,30000,0.00,814.52,807.39,true,false,false,830.00
3240687000,3241424000,737000,28000,29000,0.00,814.52,807.39,true,false,false,830.00
3241424000,3242161000,737000,29000,29000,0.00,814.52,806.61,true,false,false,830.00
3242161000,3242898000,737000,29000,29000,0.00,814.52,806.61,true,false,false,830.00
3242898000,3243635000,737000,29000,29000,0.00,814.52,806.61,true,false,false,830.00
3243635000,3244372000,737000,29000,29000,0.00,814.52,806.61,true,false,false,830.00
3244372000,3245109000,737000,29000,29000,0.00,814.52,806.61,true,false,false,830.00
3245109000,3245846000,737000,29000,29000,0.00,814.52,806.61,true,false,false,830.00
3245846000,3246583000,737000,29000,29000,0.00,814.52,806.61,true,false,true,830.00
3246583000,3247320000,737000,29000,29000,2.90,0.00,806.61,true,false,false,830.00
3247320000,3248057000,737000,29000,29000,2.90,806.61,806.61,true,false,false,830.00
3248057000,3248795000,738000,29000,29000,2.90,806.61,806.61,true,false,false,830.00
3248795000,3252498000,3703000,29000,29000,2.90,806.61,857.14,false,true,false,830.00
3252498000,3253289000,791000,0,47000,0.00,806.61,807.39,true,false,false,828.00
3253289000,3254093000,804000,13000,51000,0.00,812.56,812.56,true,false,false,828.00
3254093000,3254854000,761000,25000,37000,0.00,812.56,812.56,true,false,false,828.00
3254854000,3255594000,740000,24000,30000,0.00,812.56,807.02,true,false,false,828.00
3255594000,3256337000,743000,27000,31000,0.00,812.56,804.66,true,false,false,828.00
3256337000,3257074000,737000,27000,29000,0.00,812.56,805.45,true,false,false,828.00
3257074000,3257811000,737000,27000,29000,0.00,812.56,805.45,true,false,false,828.00
3257811000,3258545000,734000,28000,28000,0.00,812.56,805.45,true,false,false,828.00
3258545000,3259403000,858000,28000,69000,0.00,812.56,805.45,true,false,false,828.00
3259403000,3260366000,963000,39000,104000,0.00,812.56,760.33,true,false,false,828.00
3260366000,3261140000,774000,14000,41000,0.00,812.56,802.33,true,false,false,828.00
3261140000,3261913000,773000,27000,41000,0.00,812.56,802.33,true,false,false,828.00
3261913000,3262665000,752000,26000,34000,0.00,812.56,806.23,true,false,false,828.00
3262665000,3263417000,752000,29000,34000,0.00,812.56,803.88,true,false,false,828.00
3263417000,3264166000,749000,30000,33000,0.00,812.56,803.88,true,false,false,828.00
3264166000,3264913000,747000,30000,32000,0.00,812.56,802.33,true,false,false,828.00
3264913000,3265659000,746000,31000,32000,0.00,812.56,802.33,true,false,false,828.00
3265659000,3266405000,746000,31000,32000,0.00,812.56,802.33,true,false,false,828.00
3266405000,3267151000,746000,31000,32000,0.00,812.56,802.33,true,false,false,828.00
3267151000,3267897000,746000,31000,32000,0.00,812.56,803.10,true,false,false,828.00
3267897000,3268644000,747000,31000,32000,0.00,812.56,803.10,true,false,false,828.00
3268644000,3269390000,746000,31000,32000,0.00,812.56,803.10,true,false,false,828.00
3269390000,3270137000,747000,31000,32000,0.00,812.56,803.10,true,false,false,828.00
3270137000,3270883000,746000,31000,32000,0.00,812.56,803.10,true,false,false,828.00
3270883000,3271630000,747000,31000,32000,0.00,812.56,803.10,true,false,false,828.00
3271630000,3272376000,746000,31000,32000,0.00,812.56,803.10,true,false,true,828.00
3272376000,3273122000,746000,31000,32000,3.10,0.00,803.10,true,false,false,828.00
3273122000,3273868000,746000,31000,32000,3.10,803.10,803.10,true,false,false,828.00
3273868000,3274614000,746000,31000,32000,3.10,803.10,803.10,true,false,false,828.00
3274614000,3278331000,3717000,31000,31000,3.10,803.10,856.88,false,true,false,828.00
3278331000,3279131000,800000,0,50000,0.00,803.10,806.23,true,false,false,824.00
3279131000,3279946000,815000,14000,55000,0.00,807.05,807.05,true,false,false,824.00
3279946000,3280714000,768000,27000,39000,0.00,807.05,801.56,true,false,false,824.00
3280714000,3281460000,746000,26000,32000,0.00,807.05,801.56,true,false,false,824.00
3281460000,3282206000,746000,28000,32000,0.00,807.05,799.22,true,false,false,824.00
3282206000,3282949000,743000,28000,31000,0.00,807.05,800.00,true,false,false,824.00
3282949000,3283933000,984000,30000,111000,0.00,807.05,748.41,true,false,false,824.00
3283933000,3284868000,935000,11000,95000,0.00,807.05,748.41,true,false,false,824.00
3284868000,3285638000,770000,18000,40000,0.00,807.05,805.47,true,false,false,824.00
3285638000,3286381000,743000,24000,31000,0.00,807.05,803.90,true,false,false,824.00
3286381000,3287130000,749000,28000,33000,0.00,807.05,801.56,true,false,false,824.00
3287130000,3287873000,743000,28000,31000,0.00,807.05,801.56,true,false,false,824.00
3287873000,3288613000,740000,29000,30000,0.00,807.05,800.00,true,false,false,824.00
3288613000,3289353000,740000,29000,30000,0.00,807.05,800.00,true,false,false,824.00
3289353000,3290093000,740000,29000,30000,0.00,807.05,800.00,true,false,false,824.00
3290093000,3290833000,740000,29000,30000,0.00,807.05,800.00,true,false,false,824.00
3290833000,3291573000,740000,29000,30000,0.00,807.05,800.00,true,false,false,824.00
3291573000,3292313000,740000,29000,30000,0.00,807.05,800.00,true,false,false,824.00
3292313000,3293053000,740000,29000,30000,0.00,807.05,800.00,true,false,false,824.00
3293053000,3293793000,740000,29000,30000,0.00,807.05,800.00,true,false,false,824.00
3293793000,3294533000,740000,29000,30000,0.00,807.05,800.00,true,false,false,824.00
3294533000,3295274000,741000,29000,30000,0.00,807.05,800.00,true,false,false,824.00
3295274000,3296014000,740000,29000,30000,0.00,807.05,800.00,true,false,false,824.00
3296014000,3296754000,740000,29000,30000,0.00,807.05,800.00,true,false,false,824.00
3296754000,3297494000,740000,29000,30000,0.00,807.05,800.00,true,false,false,824.00
3297494000,3298234000,740000,29000,30000,0.00,807.05,800.00,true,false,true,824.00
3298234000,3298974000,740000,29000,30000,2.90,0.00,800.00,true,false,false,824.00
3298974000,3299714000,740000,29000,30000,2.90,800.00,800.00,true,false,false,824.00
3299714000,3300454000,740000,29000,30000,2.90,800.00,800.00,true,false,false,824.00
3300454000,3304157000,3703000,30000,30000,2.90,800.00,850.65,false,true,false,824.00
3304157000,3304948000,791000,0,47000,0.00,800.00,801.56,true,false,false,822.00
3304948000,3305755000,807000,13000,52000,0.00,806.67,806.67,true,false,false,822.00
3305755000,3306519000,764000,26000,38000,0.00,806.67,806.67,true,false,false,822.00
3306519000,3307481000,962000,25000,104000,0.00,806.67,799.61,true,false,false,822.00
3307481000,3308446000,965000,16000,105000,0.00,806.67,754.82,true,false,false,822.00
3308446000,3309222000,776000,15000,42000,0.00,806.67,795.74,true,false,false,822.00
3309222000,3309980000,758000,26000,36000,0.00,806.67,799.61,true,false,false,822.00
3309980000,3310735000,755000,30000,35000,0.00,806.67,796.51,true,false,false,822.00
3310735000,3311487000,752000,30000,34000,0.00,806.67,796.51,true,false,false,822.00
3311487000,3312236000,749000,31000,33000,0.00,806.67,796.51,true,false,false,822.00
3312236000,3312986000,750000,31000,33000,0.00,806.67,796.51,true,false,false,822.00
3312986000,3313735000,749000,32000,33000,0.00,806.67,796.51,true,false,false,822.00
3313735000,3314484000,749000,32000,33000,0.00,806.67,796.51,true,false,false,822.00
3314484000,3315231000,747000,32000,32000,0.00,806.67,796.51,true,false,false,822.00
3315231000,3315977000,746000,32000,32000,0.00,806.67,796.51,true,false,false,822.00
3315977000,3316723000,746000,32000,32000,0.00,806.67,796.51,true,false,false,822.00
3316723000,3317470000,747000,32000,32000,0.00,806.67,796.51,true,false,false,822.00
3317470000,3318216000,746000,32000,32000,0.00,806.67,796.51,true,false,false,822.00
3318216000,3318962000,746000,32000,32000,0.00,806.67,796.51,true,false,false,822.00
3318962000,3319708000,746000,32000,32000,0.00,806.67,796.51,true,false,false,822.00
3319708000,3320454000,746000,32000,32000,0.00,806.67,796.51,true,false,false,822.00
3320454000,3321200000,746000,32000,32000,0.00,806.67,796.51,true,false,false,822.00
3321200000,3321946000,746000,32000,32000,0.00,806.67,796.51,true,false,false,822.00
3321946000,3322693000,747000,32000,32000,0.00,806.67,796.51,true,false,false,822.00
3322693000,3323439000,746000,32000,32000,0.00,806.67,796.51,true,false,false,822.00
3323439000,3324185000,746000,32000,32000,0.00,806.67,796.51,true,false,true,822.00
3324185000,3324931000,746000,32000,32000,3.20,0.00,796.51,true,false,false,822.00
3324931000,3325677000,746000,32000,32000,3.20,796.51,796.51,true,false,false,822.00
3325677000,3326424000,747000,32000,32000,3.20,796.51,796.51,true,false,false,822.00
3326424000,3330142000,3718000,32000,32000,3.20,796.51,851.61,false,true,false,822.00
3330142000,3331065000,923000,0,91000,0.00,796.51,789.63,true,false,false,818.00
3331065000,3331997000,932000,38000,94000,0.00,796.51,781.28,true,false,false,818.00
3331997000,3332866000,869000,55000,73000,0.00,796.51,772.43,true,false,false,818.00
3332866000,3333699000,833000,53000,61000,0.00,796.51,772.43,true,false,false,818.00
3333699000,3334532000,833000,56000,61000,0.00,796.51,772.43,true,false,false,818.00
3334532000,3335362000,830000,57000,60000,0.00,796.51,773.16,true,false,false,818.00
3335362000,3336189000,827000,57000,59000,0.00,796.51,773.16,true,false,false,818.00
3336189000,3337016000,827000,57000,59000,0.00,796.51,772.43,true,false,false,818.00
3337016000,3337843000,827000,58000,59000,0.00,796.51,772.43,true,false,false,818.00
3337843000,3338670000,827000,58000,59000,0.00,796.51,773.16,true,false,false,818.00
3338670000,3339494000,824000,58000,58000,0.00,796.51,773.16,true,false,false,818.00
3339494000,3340319000,825000,58000,58000,0.00,796.51,773.16,true,false,false,818.00
3340319000,3341143000,824000,58000,58000,0.00,796.51,773.16,true,false,false,818.00
3341143000,3341967000,824000,58000,58000,0.00,796.51,773.16,true,false,false,818.00
3341967000,3342792000,825000,58000,58000,0.00,796.51,773.16,true,false,false,818.00
3342792000,3343616000,824000,58000,58000,0.00,796.51,773.16,true,false,false,818.00
3343616000,3344441000,825000,58000,58000,0.00,796.51,773.16,true,false,false,818.00
3344441000,3345266000,825000,58000,58000,0.00,796.51,773.16,true,false,false,818.00
3345266000,3346090000,824000,58000,58000,0.00,796.51,773.16,true,false,false,818.00
3346090000,3346915000,825000,58000,58000,0.00,796.51,773.16,true,false,false,818.00
3346915000,3347739000,824000,58000,58000,0.00,796.51,773.16,true,false,false,818.00
3347739000,3348564000,825000,58000,58000,0.00,796.51,773.16,true,false,false,818.00
3348564000,3349389000,825000,58000,58000,0.00,796.51,773.16,true,false,false,818.00
3349389000,3350213000,824000,58000,58000,0.00,796.51,773.16,true,false,false,818.00
3350213000,3351038000,825000,58000,58000,0.00,796.51,773.16,true,false,false,818.00
3351038000,3351862000,824000,58000,58000,0.00,796.51,773.16,true,false,true,818.00
3351862000,3352686000,824000,58000,58000,5.80,0.00,773.16,true,false,false,818.00
3352686000,3353510000,824000,58000,58000,5.80,773.16,773.16,true,false,false,818.00
3353510000,3354334000,824000,58000,58000,5.80,773.16,773.16,true,false,false,818.00
3354334000,3358365000,4031000,58000,58000,5.80,773.16,836.55,false,true,false,818.00
3358365000,3359231000,866000,0,72000,0.00,773.16,811.51,true,false,false,804.00
3359231000,3360121000,890000,0,80000,0.00,792.12,792.12,true,false,false,804.00
3360121000,3360913000,792000,21000,47000,0.00,792.12,784.39,true,false,false,804.00
3360913000,3361665000,752000,22000,34000,0.00,792.12,780.58,true,false,false,804.00
3361665000,3362405000,740000,25000,30000,0.00,792.12,780.58,true,false,false,804.00
3362405000,3363146000,741000,27000,30000,0.00,792.12,781.34,true,false,false,804.00
3363146000,3363883000,737000,27000,29000,0.00,792.12,782.10,true,false,false,804.00
3363883000,3364620000,737000,28000,29000,0.00,792.12,782.10,true,false,false,804.00
3364620000,3365354000,734000,28000,28000,0.00,792.12,782.10,true,false,false,804.00
3365354000,3366088000,734000,28000,28000,0.00,792.12,782.10,true,false,false,804.00
3366088000,3366822000,734000,28000,28000,0.00,792.12,782.10,true,false,false,804.00
3366822000,3367556000,734000,28000,28000,0.00,792.12,782.10,true,false,false,804.00
3367556000,3368291000,735000,28000,28000,0.00,792.12,782.10,true,false,false,804.00
3368291000,3369025000,734000,28000,28000,0.00,792.12,782.10,true,false,false,804.00
3369025000,3369759000,734000,28000,28000,0.00,792.12,782.10,true,false,false,804.00
3369759000,3370494000,735000,28000,28000,0.00,792.12,782.10,true,false,false,804.00
3370494000,3371228000,734000,28000,28000,0.00,792.12,782.10,true,false,false,804.00
3371228000,3371962000,734000,28000,28000,0.00,792.12,782.10,true,false,false,804.00
3371962000,3372696000,734000,28000,28000,0.00,792.12,782.10,true,false,false,804.00
3372696000,3373431000,735000,28000,28000,0.00,792.12,782.10,true,false,false,804.00
3373431000,3374165000,734000,28000,28000,0.00,792.12,782.10,true,false,false,804.00
3374165000,3374899000,734000,28000,28000,0.00,792.12,782.10,true,false,false,804.00
3374899000,3375634000,735000,28000,28000,0.00,792.12,782.10,true,false,false,804.00
3375634000,3376368000,734000,28000,28000,0.00,792.12,782.10,true,false,false,804.00
3376368000,3377102000,734000,28000,28000,0.00,792.12,782.10,true,false,false,804.00
3377102000,3377836000,734000,28000,28000,0.00,792.12,782.10,true,false,true,804.00
3377836000,3378571000,735000,28000,28000,2.80,0.00,782.10,true,false,false,804.00
3378571000,3379305000,734000,28000,28000,2.80,782.10,782.10,true,false,false,804.00
3379305000,3380255000,950000,28000,100000,2.80,782.10,745.83,true,false,false,804.00
3380255000,3383930000,3675000,99000,99000,2.80,782.10,832.87,false,true,false,804.00
3383930000,3384721000,791000,0,47000,0.00,782.10,789.01,true,false,false,806.00
3384721000,3385521000,800000,13000,50000,0.00,792.53,792.53,true,false,false,806.00
3385521000,3386288000,767000,26000,39000,0.00,792.53,783.28,true,false,false,806.00
3386288000,3387034000,746000,25000,32000,0.00,792.53,783.28,true,false,false,806.00
3387034000,3387780000,746000,27000,32000,0.00,792.53,782.52,true,false,false,806.00
3387780000,3388520000,740000,28000,30000,0.00,792.53,783.28,true,false,false,806.00
3388520000,3389257000,737000,28000,29000,0.00,792.53,783.28,true,false,false,806.00
3389257000,3389994000,737000,28000,29000,0.00,792.53,783.28,true,false,false,806.00
3389994000,3390731000,737000,29000,29000,0.00,792.53,783.28,true,false,false,806.00
3390731000,3391468000,737000,29000,29000,0.00,792.53,783.28,true,false,false,806.00
3391468000,3392205000,737000,29000,29000,0.00,792.53,783.28,true,false,false,806.00
3392205000,3392942000,737000,29000,29000,0.00,792.53,783.28,true,false,false,806.00
3392942000,3393680000,738000,29000,29000,0.00,792.53,783.28,true,false,false,806.00
3393680000,3394417000,737000,29000,29000,0.00,792.53,783.28,true,false,false,806.00
3394417000,3395154000,737000,29000,29000,0.00,792.53,783.28,true,false,false,806.00
3395154000,3395891000,737000,29000,29000,0.00,792.53,783.28,true,false,false,806.00
3395891000,3396629000,738000,29000,29000,0.00,792.53,783.28,true,false,false,806.00
3396629000,3397366000,737000,29000,29000,0.00,792.53,783.28,true,false,false,806.00
3397366000,3398103000,737000,29000,29000,0.00,792.53,783.28,true,false,false,806.00
3398103000,3398840000,737000,29000,29000,0.00,792.53,783.28,true,false,false,806.00
3398840000,3399577000,737000,29000,29000,0.00,792.53,783.28,true,false,false,806.00
3399577000,3400314000,737000,29000,29000,0.00,792.53,783.28,true,false,false,806.00
3400314000,3401051000,737000,29000,29000,0.00,792.53,783.28,true,false,false,806.00
3401051000,3401788000,737000,29000,29000,0.00,792.53,783.28,true,false,false,806.00
3401788000,3402525000,737000,29000,29000,0.00,792.53,783.28,true,false,false,806.00
3402525000,3403448000,923000,29000,91000,0.00,792.53,783.28,true,false,true,806.00
3403448000,3404437000,989000,22000,113000,2.20,0.00,783.28,true,false,false,806.00
3404437000,3405205000,768000,11000,39000,1.10,789.42,789.42,true,false,false,806.00
3405205000,3405973000,768000,22000,39000,1.10,789.42,779.50,true,false,false,806.00
3405973000,3409592000,3619000,26000,26000,1.10,789.42,804.02,false,true,false,806.00
3409592000,3410345000,753000,8000,34000,0.80,789.42,798.81,true,false,false,815.00
3410345000,3411116000,771000,29000,40000,0.80,789.42,784.41,true,false,false,815.00
3411116000,3411871000,755000,29000,35000,0.80,789.42,788.20,true,false,false,815.00
3411871000,3412623000,752000,31000,34000,0.80,789.42,788.20,true,false,false,815.00
3412623000,3413372000,749000,31000,33000,0.80,789.73,789.73,true,false,false,815.00
3413372000,3414122000,750000,32000,33000,0.80,789.73,788.96,true,false,false,815.00
3414122000,3414871000,749000,32000,33000,0.80,789.73,789.73,true,false,false,815.00
3414871000,3415620000,749000,32000,33000,0.80,789.73,789.73,true,false,false,815.00
3415620000,3416370000,750000,32000,33000,0.80,789.73,789.73,true,false,false,815.00
3416370000,3417120000,750000,32000,33000,0.80,789.73,789.73,true,false,false,815.00
3417120000,3417869000,749000,32000,33000,0.80,789.73,789.73,true,false,false,815.00
3417869000,3418618000,749000,32000,33000,0.80,789.73,788.96,true,false,false,815.00
3418618000,3419367000,749000,32000,33000,0.80,789.73,788.96,true,false,false,815.00
3419367000,3420117000,750000,32000,33000,0.80,789.73,789.73,true,false,false,815.00
3420117000,3420866000,749000,32000,33000,0.80,789.73,789.73,true,false,false,815.00
3420866000,3421615000,749000,32000,33000,0.80,789.73,789.73,true,false,false,815.00
3421615000,3422364000,749000,32000,33000,0.80,789.73,789.73,true,false,false,815.00
3422364000,3423113000,749000,32000,33000,0.80,789.73,788.96,true,false,false,815.00
3423113000,3423863000,750000,32000,33000,0.80,789.73,788.96,true,false,false,815.00
3423863000,3424612000,749000,32000,33000,0.80,789.73,789.73,true,false,false,815.00
3424612000,3425361000,749000,32000,33000,0.80,789.73,789.73,true,false,false,815.00
3425361000,3426111000,750000,32000,33000,0.80,789.73,789.73,true,false,false,815.00
3426111000,3427106000,995000,32000,115000,0.80,789.73,789.73,true,false,false,815.00
3427106000,3428131000,1025000,12000,125000,0.80,789.73,734.23,true,false,false,815.00
3428131000,3428902000,771000,9000,40000,0.80,795.90,795.90,true,false,false,815.00
3428902000,3429660000,758000,23000,36000,0.80,795.90,795.90,true,false,true,815.00
3429660000,3430406000,746000,28000,32000,2.80,0.00,795.90,true,false,false,815.00
3430406000,3431146000,740000,27000,30000,2.70,792.03,792.03,true,false,false,815.00
3431146000,3431886000,740000,28000,30000,2.70,792.03,792.03,true,false,false,815.00
3431886000,3435576000,3690000,29000,29000,2.70,792.03,840.49,false,true,false,815.00
3435576000,3436365000,789000,0,46000,0.00,792.03,794.35,true,false,false,816.00
3436365000,3437165000,800000,16000,50000,0.00,798.43,798.43,true,false,false,816.00
3437165000,3437933000,768000,27000,39000,0.00,798.43,798.43,true,false,false,816.00
3437933000,3438679000,746000,26000,32000,0.00,798.43,793.77,true,false,false,816.00
3438679000,3439426000,747000,28000,32000,0.00,798.43,791.46,true,false,false,816.00
3439426000,3440166000,740000,28000,30000,0.00,798.43,792.23,true,false,false,816.00
3440166000,3440906000,740000,29000,30000,0.00,798.43,792.23,true,false,false,816.00
3440906000,3441646000,740000,29000,30000,0.00,798.43,792.23,true,false,false,816.00
3441646000,3442386000,740000,29000,30000,0.00,798.43,792.23,true,false,false,816.00
3442386000,3443126000,740000,29000,30000,0.00,798.43,792.23,true,false,false,816.00
3443126000,3443866000,740000,29000,30000,0.00,798.43,792.23,true,false,false,816.00
3443866000,3444606000,740000,29000,30000,0.00,798.43,792.23,true,false,false,816.00
3444606000,3445346000,740000,29000,30000,0.00,798.43,792.23,true,false,false,816.00
3445346000,3446086000,740000,29000,30000,0.00,798.43,792.23,true,false,false,816.00
3446086000,3446826000,740000,29000,30000,0.00,798.43,792.23,true,false,false,816.00
3446826000,3447566000,740000,29000,30000,0.00,798.43,792.23,true,false,false,816.00
3447566000,3448306000,740000,29000,30000,0.00,798.43,792.23,true,false,false,816.00
3448306000,3449046000,740000,29000,30000,0.00,798.43,792.23,true,false,false,816.00
3449046000,3449786000,740000,29000,30000,0.00,798.43,792.23,true,false,false,816.00
3449786000,3450745000,959000,29000,103000,0.00,798.43,757.66,true,false,false,816.00
3450745000,3451734000,989000,14000,113000,0.00,798.43,789.93,true,false,false,816.00
3451734000,3452504000,770000,11000,40000,0.00,798.43,786.89,true,false,false,816.00
3452504000,3453262000,758000,23000,36000,0.00,798.43,786.89,true,false,false,816.00
3453262000,3454011000,749000,28000,33000,0.00,798.43,790.70,true,false,false,816.00
3454011000,3454754000,743000,28000,31000,0.00,798.43,792.23,true,false,false,816.00
3454754000,3455497000,743000,29000,31000,0.00,798.43,792.23,true,false,true,816.00
3455497000,3456237000,740000,29000,30000,2.90,0.00,792.23,true,false,false,816.00
3456237000,3456977000,740000,29000,30000,2.90,792.23,792.23,true,false,false,816.00
3456977000,3457717000,740000,29000,30000,2.90,792.23,792.23,true,false,false,816.00
3457717000,3461416000,3699000,30000,30000,2.90,792.23,843.87,false,true,false,816.00
3461416000,3462210000,794000,0,48000,0.00,792.23,793.77,true,false,false,815.00
3462210000,3463016000,806000,13000,52000,0.00,799.80,799.80,true,false,false,815.00
3463016000,3463784000,768000,26000,39000,0.00,799.80,799.80,true,false,false,815.00
3463784000,3464530000,746000,25000,32000,0.00,799.80,792.80,true,false,false,815.00
3464530000,3465277000,747000,28000,32000,0.00,799.80,791.26,true,false,false,815.00
3465277000,3466018000,741000,28000,30000,0.00,799.80,791.26,true,false,false,815.00
3466018000,3466758000,740000,28000,30000,0.00,799.80,791.26,true,false,false,815.00
3466758000,3467498000,740000,29000,30000,0.00,799.80,792.03,true,false,false,815.00
3467498000,3468238000,740000,29000,30000,0.00,799.80,792.03,true,false,false,815.00
3468238000,3468979000,741000,29000,30000,0.00,799.80,792.03,true,false,false,815.00
3468979000,3469719000,740000,29000,30000,0.00,799.80,792.03,true,false,false,815.00
3469719000,3470456000,737000,29000,29000,0.00,799.80,792.03,true,false,false,815.00
3470456000,3471193000,737000,29000,29000,0.00,799.80,792.03,true,false,false,815.00
3471193000,3471930000,737000,29000,29000,0.00,799.80,792.03,true,false,false,815.00
3471930000,3472668000,738000,29000,29000,0.00,799.80,792.03,true,false,false,815.00
3472668000,3473405000,737000,29000,29000,0.00,799.80,792.03,true,false,false,815.00
3473405000,3474370000,965000,29000,105000,0.00,799.80,744.97,true,false,false,815.00
3474370000,3475362000,992000,13000,114000,0.00,799.80,797.46,true,false,false,815.00
3475362000,3476129000,767000,10000,39000,0.00,799.80,797.46,true,false,false,815.00
3476129000,3476887000,758000,23000,36000,0.00,799.80,789.73,true,false,false,815.00
3476887000,3477633000,746000,28000,32000,0.00,799.80,790.49,true,false,false,815.00
3477633000,3478373000,740000,27000,30000,0.00,799.80,792.03,true,false,false,815.00
3478373000,3479116000,743000,28000,31000,0.00,799.80,792.03,true,false,false,815.00
3479116000,3479856000,740000,28000,30000,0.00,799.80,792.03,true,false,false,815.00
3479856000,3480597000,741000,29000,30000,0.00,799.80,792.03,true,false,false,815.00
3480597000,3481334000,737000,29000,29000,0.00,799.80,792.03,true,false,true,815.00
3481334000,3482072000,738000,29000,29000,2.90,0.00,792.03,true,false,false,815.00
3482072000,3482810000,738000,29000,29000,2.90,792.03,792.03,true,false,false,815.00
3482810000,3483547000,737000,29000,29000,2.90,792.03,792.03,true,false,false,815.00
3483547000,3487244000,3697000,29000,29000,2.90,792.03,842.94,false,true,false,815.00
3487244000,3488032000,788000,0,46000,0.00,792.03,792.03,true,false,false,814.00
3488032000,3488838000,806000,13000,52000,0.00,798.04,798.04,true,false,false,814.00
3488838000,3489605000,767000,26000,39000,0.00,798.04,798.04,true,false,false,814.00
3489605000,3490351000,746000,25000,32000,0.00,798.04,793.37,true,false,false,814.00
3490351000,3491097000,746000,27000,32000,0.00,798.04,791.06,true,false,false,814.00
3491097000,3491837000,740000,27000,30000,0.00,798.04,790.29,true,false,false,814.00
3491837000,3492577000,740000,28000,30000,0.00,798.04,790.29,true,false,false,814.00
3492577000,3493314000,737000,28000,29000,0.00,798.04,791.06,true,false,false,814.00
3493314000,3494052000,738000,29000,29000,0.00,798.04,791.06,true,false,false,814.00
3494052000,3494789000,737000,29000,29000,0.00,798.04,791.06,true,false,false,814.00
3494789000,3495526000,737000,29000,29000,0.00,798.04,791.06,true,false,false,814.00
3495526000,3496263000,737000,29000,29000,0.00,798.04,791.06,true,false,false,814.00
3496263000,3497000000,737000,29000,29000,0.00,798.04,791.06,true,false,false,814.00
3497000000,3497971000,971000,29000,107000,0.00,798.04,735.99,true,false,false,814.00
3497971000,3498957000,986000,14000,112000,0.00,798.04,735.99,true,false,false,814.00
3498957000,3499724000,767000,10000,39000,0.00,801.97,801.97,true,false,false,814.00
3499724000,3500476000,752000,22000,34000,0.00,801.97,794.92,true,false,false,814.00
3500476000,3501223000,747000,27000,32000,0.00,801.97,790.29,true,false,false,814.00
3501223000,3501964000,741000,27000,30000,0.00,801.97,790.29,true,false,false,814.00
3501964000,3502704000,740000,28000,30000,0.00,801.97,790.29,true,false,false,814.00
3502704000,3503441000,737000,28000,29000,0.00,801.97,791.06,true,false,false,814.00
3503441000,3504178000,737000,29000,29000,0.00,801.97,791.06,true,false,false,814.00
3504178000,3504915000,737000,29000,29000,0.00,801.97,791.06,true,false,false,814.00
3504915000,3505652000,737000,29000,29000,0.00,801.97,791.06,true,false,false,814.00
3505652000,3506389000,737000,29000,29000,0.00,801.97,791.06,true,false,false,814.00
3506389000,3507127000,738000,29000,29000,0.00,801.97,791.06,true,false,true,814.00
3507127000,3507864000,737000,29000,29000,2.90,0.00,791.06,true,false,false,814.00
3507864000,3508601000,737000,29000,29000,2.90,791.06,791.06,true,false,false,814.00
3508601000,3509338000,737000,29000,29000,2.90,791.06,791.06,true,false,false,814.00
3509338000,3513036000,3698000,29000,29000,2.90,791.06,842.79,false,true,false,814.00
3513036000,3513827000,791000,0,47000,0.00,791.06,791.06,true,false,false,813.00
3513827000,3514630000,803000,12000,51000,0.00,797.84,797.84,true,false,false,813.00
3514630000,3515397000,767000,26000,39000,0.00,797.84,797.84,true,false,false,813.00
3515397000,3516140000,743000,24000,31000,0.00,797.84,792.40,true,false,false,813.00
3516140000,3516883000,743000,27000,31000,0.00,797.84,790.09,true,false,false,813.00
3516883000,3517620000,737000,27000,29000,0.00,797.84,790.09,true,false,false,813.00
3517620000,3518357000,737000,28000,29000,0.00,797.84,790.09,true,false,false,813.00
3518357000,3519095000,738000,28000,29000,0.00,797.84,790.86,true,false,false,813.00
3519095000,3519832000,737000,28000,29000,0.00,797.84,790.86,true,false,false,813.00
3519832000,3520569000,737000,28000,29000,0.00,797.84,790.86,true,false,false,813.00
3520569000,3521556000,987000,28000,112000,0.00,797.84,790.09,true,false,false,813.00
3521556000,3522543000,987000,13000,112000,0.00,797.84,744.51,true,false,false,813.00
3522543000,3523311000,768000,10000,39000,0.00,797.84,790.09,true,false,false,813.00
3523311000,3524057000,746000,22000,32000,0.00,797.84,792.40,true,false,false,813.00
3524057000,3524803000,746000,27000,32000,0.00,797.84,790.86,true,false,false,813.00
3524803000,3525543000,740000,26000,30000,0.00,797.84,790.86,true,false,false,813.00
3525543000,3526283000,740000,27000,30000,0.00,797.84,790.09,true,false,false,813.00
3526283000,3527020000,737000,28000,29000,0.00,797.84,790.86,true,false,false,813.00
3527020000,3527757000,737000,28000,29000,0.00,797.84,790.86,true,false,false,813.00
3527757000,3528494000,737000,28000,29000,0.00,797.84,790.86,true,false,false,813.00
3528494000,3529231000,737000,28000,29000,0.00,797.84,790.09,true,false,false,813.00
3529231000,3529968000,737000,28000,29000,0.00,797.84,790.86,true,false,false,813.00
3529968000,3530705000,737000,28000,29000,0.00,797.84,790.86,true,false,false,813.00
3530705000,3531442000,737000,28000,29000,0.00,797.84,790.86,true,false,false,813.00
3531442000,3532179000,737000,28000,29000,0.00,797.84,790.86,true,false,false,813.00
3532179000,3532916000,737000,28000,29000,0.00,797.84,790.86,true,false,true,813.00
3532916000,3533653000,737000,28000,29000,2.80,0.00,790.86,true,false,false,813.00
3533653000,3534390000,737000,28000,29000,2.80,790.86,790.86,true,false,false,813.00
3534390000,3535128000,738000,28000,29000,2.80,790.86,790.09,true,false,false,813.00
3535128000,3538819000,3691000,28000,28000,2.80,790.86,840.63,false,true,false,813.00
3538819000,3539607000,788000,0,46000,0.00,790.86,790.86,true,false,false,813.00
3539607000,3540410000,803000,13000,51000,0.00,797.06,797.06,true,false,false,813.00
3540410000,3541174000,764000,25000,38000,0.00,797.06,797.06,true,false,false,813.00
3541174000,3541918000,744000,24000,31000,0.00,797.06,792.40,true,false,false,813.00
3541918000,3542664000,746000,27000,32000,0.00,797.06,790.09,true,false,false,813.00
3542664000,3543404000,740000,27000,30000,0.00,797.06,790.09,true,false,false,813.00
3543404000,3544141000,737000,28000,29000,0.00,797.06,790.09,true,false,false,813.00
3544141000,3545118000,977000,28000,109000,0.00,797.06,772.81,true,false,false,813.00
3545118000,3546095000,977000,11000,109000,0.00,797.06,769.16,true,false,false,813.00
3546095000,3546862000,767000,11000,39000,0.00,797.06,783.24,true,false,false,813.00
3546862000,3547605000,743000,22000,31000,0.00,797.06,791.63,true,false,false,813.00
3547605000,3548352000,747000,26000,32000,0.00,797.06,791.63,true,false,false,813.00
3548352000,3549092000,740000,26000,30000,0.00,797.06,791.63,true,false,false,813.00
3549092000,3549832000,740000,27000,30000,0.00,797.06,790.86,true,false,false,813.00
3549832000,3550569000,737000,28000,29000,0.00,797.06,790.86,true,false,false,813.00
3550569000,3551306000,737000,28000,29000,0.00,797.06,790.86,true,false,false,813.00
3551306000,3552043000,737000,28000,29000,0.00,797.06,790.86,true,false,false,813.00
3552043000,3552780000,737000,28000,29000,0.00,797.06,790.86,true,false,false,813.00
3552780000,3553518000,738000,28000,29000,0.00,797.06,790.86,true,false,false,813.00
3553518000,3554255000,737000,28000,29000,0.00,797.06,790.09,true,false,false,813.00
3554255000,3554992000,737000,28000,29000,0.00,797.06,790.86,true,false,false,813.00
3554992000,3555729000,737000,28000,29000,0.00,797.06,790.86,true,false,false,813.00
3555729000,3556466000,737000,28000,29000,0.00,797.06,790.86,true,false,false,813.00
3556466000,3557203000,737000,28000,29000,0.00,797.06,790.86,true,false,false,813.00
3557203000,3557940000,737000,28000,29000,0.00,797.06,790.09,true,false,false,813.00
3557940000,3558678000,738000,28000,29000,0.00,797.06,790.09,true,false,true,813.00
3558678000,3559415000,737000,28000,29000,2.80,0.00,790.09,true,false,false,813.00
3559415000,3560152000,737000,28000,29000,2.80,790.86,790.86,true,false,false,813.00
3560152000,3560889000,737000,28000,29000,2.80,790.86,790.86,true,false,false,813.00
3560889000,3564579000,3690000,28000,28000,2.80,790.86,840.63,false,true,false,813.00
3564579000,3565367000,788000,0,46000,0.00,790.86,790.09,true,false,false,813.00
3565367000,3566170000,803000,13000,51000,0.00,797.84,797.84,true,false,false,813.00
3566170000,3566934000,764000,25000,38000,0.00,797.84,797.84,true,false,false,813.00
3566934000,3567677000,743000,24000,31000,0.00,797.84,792.40,true,false,false,813.00
3567677000,3568630000,953000,28000,101000,0.00,797.84,760.52,true,false,false,813.00
3568630000,3569580000,950000,14000,100000,0.00,797.84,783.99,true,false,false,813.00
3569580000,3570347000,767000,11000,39000,0.00,797.84,785.51,true,false,false,813.00
3570347000,3571093000,746000,22000,32000,0.00,797.84,785.51,true,false,false,813.00
3571093000,3571839000,746000,27000,32000,0.00,797.84,789.32,true,false,false,813.00
3571839000,3572579000,740000,26000,30000,0.00,797.84,790.86,true,false,false,813.00
3572579000,3573319000,740000,27000,30000,0.00,797.84,790.86,true,false,false,813.00
3573319000,3574056000,737000,28000,29000,0.00,797.84,790.86,true,false,false,813.00
3574056000,3574793000,737000,28000,29000,0.00,797.84,790.86,true,false,false,813.00
3574793000,3575530000,737000,28000,29000,0.00,797.84,790.86,true,false,false,813.00
3575530000,3576267000,737000,28000,29000,0.00,797.84,790.86,true,false,false,813.00
3576267000,3577004000,737000,28000,29000,0.00,797.84,790.86,true,false,false,813.00
3577004000,3577741000,737000,28000,29000,0.00,797.84,790.09,true,false,false,813.00
3577741000,3578479000,738000,28000,29000,0.00,797.84,790.86,true,false,false,813.00
3578479000,3579216000,737000,28000,29000,0.00,797.84,790.86,true,false,false,813.00
3579216000,3579953000,737000,28000,29000,0.00,797.84,790.86,true,false,false,813.00
3579953000,3580690000,737000,28000,29000,0.00,797.84,790.86,true,false,false,813.00
3580690000,3581427000,737000,28000,29000,0.00,797.84,790.86,true,false,false,813.00
3581427000,3582164000,737000,28000,29000,0.00,797.84,790.86,true,false,false,813.00
3582164000,3582901000,737000,28000,29000,0.00,797.84,790.86,true,false,false,813.00
3582901000,3583639000,738000,28000,29000,0.00,797.84,790.86,true,false,false,813.00
3583639000,3584376000,737000,28000,29000,0.00,797.84,790.86,true,false,true,813.00
3584376000,3585113000,737000,28000,29000,2.80,0.00,790.86,true,false,false,813.00
3585113000,3585850000,737000,28000,29000,2.80,790.09,790.09,true,false,false,813.00
3585850000,3586587000,737000,28000,29000,2.80,790.86,790.86,true,false,false,813.00
3586587000,3590279000,3692000,28000,28000,2.80,790.86,840.63,false,true,false,813.00
3590279000,3591067000,788000,0,46000,0.00,790.86,790.86,true,false,false,813.00
3591067000,3591903000,836000,32000,62000,0.00,790.86,773.55,true,false,false,813.00
3591903000,3592754000,851000,43000,67000,0.00,790.86,775.76,true,false,false,813.00
3592754000,3593605000,851000,45000,67000,0.00,790.86,775.76,true,false,false,813.00
3593605000,3594438000,833000,51000,61000,0.00,790.86,772.08,true,false,false,813.00
3594438000,3595266000,828000,54000,59000,0.00,790.86,769.89,true,false,false,813.00
3595266000,3596091000,825000,54000,58000,0.00,790.86,769.89,true,false,false,813.00
3596091000,3596912000,821000,55000,57000,0.00,790.86,769.89,true,false,false,813.00
3596912000,3597734000,822000,55000,57000,0.00,790.86,769.89,true,false,false,813.00
3597734000,3598555000,821000,55000,57000,0.00,790.86,769.89,true,false,false,813.00
3598555000,3599376000,821000,55000,57000,0.00,790.86,769.89,true,false,false,813.00
3599376000,3600194000,818000,55000,56000,0.00,790.86,769.89,true,false,false,813.00
3600194000,3601012000,818000,56000,56000,0.00,790.86,769.89,true,false,false,813.00
3601012000,3601830000,818000,56000,56000,0.00,790.86,769.89,true,false,false,813.00
3601830000,3602648000,818000,56000,56000,0.00,790.86,769.89,true,false,false,813.00
3602648000,3603466000,818000,56000,56000,0.00,790.86,769.89,true,false,false,813.00
3603466000,3604284000,818000,56000,56000,0.00,790.86,769.89,true,false,false,813.00
3604284000,3605102000,818000,56000,56000,0.00,790.86,769.89,true,false,false,813.00
3605102000,3605921000,819000,56000,56000,0.00,790.86,769.89,true,false,false,813.00
3605921000,3606739000,818000,56000,56000,0.00,790.86,769.89,true,false,false,813.00
3606739000,3607557000,818000,56000,56000,0.00,790.86,769.89,true,false,false,813.00
3607557000,3608375000,818000,56000,56000,0.00,790.86,769.89,true,false,false,813.00
3608375000,3609194000,819000,56000,56000,0.00,790.86,769.89,true,false,false,813.00
3609194000,3610012000,818000,56000,56000,0.00,790.86,769.89,true,false,false,813.00
3610012000,3610830000,818000,56000,56000,0.00,790.86,769.89,true,false,false,813.00
3610830000,3611648000,818000,56000,56000,0.00,790.86,769.89,true,false,true,813.00
3611648000,3612466000,818000,56000,56000,5.60,0.00,769.89,true,false,false,813.00
3612466000,3613284000,818000,56000,56000,5.60,769.89,769.89,true,false,false,813.00
3613284000,3614102000,818000,56000,56000,5.60,769.89,769.89,true,false,false,813.00
3614102000,3618129000,4027000,56000,56000,5.60,769.89,855.16,false,true,false,813.00
3618129000,3619263000,1134000,0,161000,0.00,769.89,701.47,true,false,false,782.00
3619263000,3620099000,836000,3000,62000,0.00,771.20,771.20,true,false,false,782.00
3620099000,3620929000,830000,31000,60000,0.00,771.20,757.75,true,false,false,782.00
3620929000,3621735000,806000,40000,52000,0.00,771.20,748.33,true,false,false,782.00
3621735000,3622523000,788000,40000,46000,0.00,771.20,749.04,true,false,false,782.00
3622523000,3623312000,789000,41000,46000,0.00,771.20,749.04,true,false,false,782.00
3623312000,3624098000,786000,42000,45000,0.00,771.20,749.76,true,false,false,782.00
3624098000,3624880000,782000,42000,44000,0.00,771.20,749.76,true,false,false,782.00
3624880000,3625663000,783000,43000,44000,0.00,771.20,749.76,true,false,false,782.00
3625663000,3626446000,783000,43000,44000,0.00,771.20,749.76,true,false,false,782.00
3626446000,3627228000,782000,43000,44000,0.00,771.20,749.76,true,false,false,782.00
3627228000,3628010000,782000,43000,44000,0.00,771.20,749.04,true,false,false,782.00
3628010000,3628792000,782000,43000,44000,0.00,771.20,749.76,true,false,false,782.00
3628792000,3629571000,779000,43000,43000,0.00,771.20,749.76,true,false,false,782.00
3629571000,3630350000,779000,43000,43000,0.00,771.20,749.76,true,false,false,782.00
3630350000,3631129000,779000,43000,43000,0.00,771.20,749.76,true,false,false,782.00
3631129000,3631909000,780000,43000,43000,0.00,771.20,749.76,true,false,false,782.00
3631909000,3632688000,779000,43000,43000,0.00,771.20,749.76,true,false,false,782.00
3632688000,3633467000,779000,43000,43000,0.00,771.20,749.76,true,false,false,782.00
3633467000,3634246000,779000,43000,43000,0.00,771.20,749.76,true,false,false,782.00
3634246000,3635025000,779000,43000,43000,0.00,771.20,749.76,true,false,false,782.00
3635025000,3635804000,779000,43000,43000,0.00,771.20,749.76,true,false,false,782.00
3635804000,3636584000,780000,43000,43000,0.00,771.20,749.76,true,false,false,782.00
3636584000,3637363000,779000,43000,43000,0.00,771.20,749.76,true,false,false,782.00
3637363000,3638142000,779000,43000,43000,0.00,771.20,749.76,true,false,false,782.00
3638142000,3638921000,779000,43000,43000,0.00,771.20,749.76,true,false,true,782.00
3638921000,3639701000,780000,43000,43000,4.30,0.00,749.76,true,false,false,782.00
3639701000,3640480000,779000,43000,43000,4.30,749.76,749.76,true,false,false,782.00
3640480000,3641259000,779000,43000,43000,4.30,749.76,749.76,true,false,false,782.00
3641259000,3645133000,3874000,43000,43000,4.30,749.76,829.69,false,true,false,782.00
3645133000,3645963000,830000,0,60000,0.00,749.76,759.96,true,false,false,782.00
3645963000,3646802000,839000,0,63000,0.00,771.20,771.20,true,false,false,782.00
3646802000,3647584000,782000,22000,44000,0.00,771.20,763.67,true,false,false,782.00
3647584000,3648336000,752000,22000,34000,0.00,771.20,763.67,true,false,false,782.00
3648336000,3649082000,746000,26000,32000,0.00,771.20,758.49,true,false,false,782.00
3649082000,3649825000,743000,27000,31000,0.00,771.20,759.22,true,false,false,782.00
3649825000,3650565000,740000,28000,30000,0.00,771.20,759.96,true,false,false,782.00
3650565000,3651305000,740000,28000,30000,0.00,771.20,759.96,true,false,false,782.00
3651305000,3652042000,737000,28000,29000,0.00,771.20,759.96,true,false,false,782.00
3652042000,3652779000,737000,29000,29000,0.00,771.20,759.96,true,false,false,782.00
3652779000,3653517000,738000,29000,29000,0.00,771.20,759.96,true,false,false,782.00
3653517000,3654254000,737000,29000,29000,0.00,771.20,759.96,true,false,false,782.00
3654254000,3654992000,738000,29000,29000,0.00,771.20,759.96,true,false,false,782.00
3654992000,3655730000,738000,29000,29000,0.00,771.20,759.96,true,false,false,782.00
3655730000,3656467000,737000,29000,29000,0.00,771.20,759.96,true,false,false,782.00
3656467000,3657204000,737000,29000,29000,0.00,771.20,759.96,true,false,false,782.00
3657204000,3657942000,738000,29000,29000,0.00,771.20,759.96,true,false,false,782.00
3657942000,3658680000,738000,29000,29000,0.00,771.20,759.96,true,false,false,782.00
3658680000,3659417000,737000,29000,29000,0.00,771.20,759.96,true,false,false,782.00
3659417000,3660154000,737000,29000,29000,0.00,771.20,759.96,true,false,false,782.00
3660154000,3660891000,737000,29000,29000,0.00,771.20,759.96,true,false,false,782.00
3660891000,3661629000,738000,29000,29000,0.00,771.20,759.96,true,false,false,782.00
3661629000,3662366000,737000,29000,29000,0.00,771.20,759.96,true,false,false,782.00
3662366000,3663103000,737000,29000,29000,0.00,771.20,759.96,true,false,false,782.00
3663103000,3663841000,738000,29000,29000,0.00,771.20,759.96,true,false,false,782.00
3663841000,3664578000,737000,29000,29000,0.00,771.20,759.96,true,false,true,782.00
3664578000,3665315000,737000,29000,29000,2.90,0.00,759.96,true,false,false,782.00
3665315000,3666286000,971000,29000,107000,2.90,739.83,739.83,true,false,false,782.00
3666286000,3667284000,998000,10000,116000,1.00,741.94,741.94,true,false,false,782.00
3667284000,3670887000,3603000,12000,12000,1.00,741.94,783.03,false,true,false,782.00
3670887000,3671627000,740000,7000,30000,0.70,741.94,783.03,true,false,false,787.00
3671627000,3672380000,753000,24000,34000,0.70,741.94,757.02,true,false,false,787.00
3672380000,3673121000,741000,25000,30000,0.70,764.82,764.82,true,false,false,787.00
3673121000,3673861000,740000,26000,30000,0.70,764.82,764.82,true,false,false,787.00
3673861000,3674598000,737000,27000,29000,0.70,766.31,766.31,true,false,false,787.00
3674598000,3675332000,734000,27000,28000,0.70,766.31,766.31,true,false,false,787.00
3675332000,3676066000,734000,27000,28000,0.70,766.31,765.56,true,false,false,787.00
3676066000,3676800000,734000,27000,28000,0.70,766.31,765.56,true,false,false,787.00
3676800000,3677534000,734000,27000,28000,0.70,766.31,765.56,true,false,false,787.00
3677534000,3678269000,735000,27000,28000,0.70,766.31,765.56,true,false,false,787.00
3678269000,3679003000,734000,27000,28000,0.70,766.31,765.56,true,false,false,787.00
3679003000,3679737000,734000,27000,28000,0.70,766.31,765.56,true,false,false,787.00
3679737000,3680471000,734000,27000,28000,0.70,766.31,765.56,true,false,false,787.00
3680471000,3681205000,734000,27000,28000,0.70,766.31,765.56,true,false,false,787.00
3681205000,3681939000,734000,27000,28000,0.70,766.31,765.56,true,false,false,787.00
3681939000,3682673000,734000,27000,28000,0.70,766.31,765.56,true,false,false,787.00
3682673000,3683407000,734000,27000,28000,0.70,766.31,765.56,true,false,false,787.00
3683407000,3684141000,734000,27000,28000,0.70,766.31,765.56,true,false,false,787.00
3684141000,3684875000,734000,27000,28000,0.70,766.31,765.56,true,false,false,787.00
3684875000,3685610000,735000,27000,28000,0.70,766.31,765.56,true,false,false,787.00
3685610000,3686344000,734000,27000,28000,0.70,766.31,765.56,true,false,false,787.00
3686344000,3687079000,735000,27000,28000,0.70,766.31,765.56,true,false,false,787.00
3687079000,3687813000,734000,27000,28000,0.70,766.31,765.56,true,false,false,787.00
3687813000,3688628000,815000,27000,55000,0.70,766.31,765.56,true,false,false,787.00
3688628000,3689617000,989000,52000,113000,0.70,766.31,721.36,true,false,false,787.00
3689617000,3690436000,819000,7000,56000,0.70,766.31,721.36,true,false,true,787.00
3690436000,3691197000,761000,22000,37000,2.20,0.00,721.36,true,false,false,787.00
3691197000,3691934000,737000,17000,29000,1.70,770.81,770.81,true,false,false,787.00
3691934000,3692672000,738000,22000,29000,1.70,770.81,769.31,true,false,false,787.00
3692672000,3696296000,3624000,23000,23000,1.70,770.81,802.29,false,true,false,787.00
3696296000,3697048000,752000,0,34000,0.00,770.81,772.33,true,false,false,799.00
3697048000,3697812000,764000,23000,38000,0.00,777.99,777.99,true,false,false,799.00
3697812000,3698558000,746000,26000,32000,0.00,777.99,777.99,true,false,false,799.00
3698558000,3699301000,743000,27000,31000,0.00,777.99,776.48,true,false,false,799.00
3699301000,3700041000,740000,28000,30000,0.00,777.99,775.73,true,false,false,799.00
3700041000,3700781000,740000,28000,30000,0.00,777.99,776.48,true,false,false,799.00
3700781000,3701521000,740000,29000,30000,0.00,777.99,776.48,true,false,false,799.00
3701521000,3702261000,740000,29000,30000,0.00,777.99,776.48,true,false,false,799.00
3702261000,3702998000,737000,29000,29000,0.00,777.99,776.48,true,false,false,799.00
3702998000,3703736000,738000,29000,29000,0.00,777.99,776.48,true,false,false,799.00
3703736000,3704473000,737000,29000,29000,0.00,777.99,776.48,true,false,false,799.00
3704473000,3705211000,738000,29000,29000,0.00,777.99,776.48,true,false,false,799.00
3705211000,3705949000,738000,29000,29000,0.00,777.99,776.48,true,false,false,799.00
3705949000,3706686000,737000,29000,29000,0.00,777.99,776.48,true,false,false,799.00
3706686000,3707423000,737000,29000,29000,0.00,777.99,776.48,true,false,false,799.00
3707423000,3708160000,737000,29000,29000,0.00,777.99,776.48,true,false,false,799.00
3708160000,3708897000,737000,29000,29000,0.00,777.99,776.48,true,false,false,799.00
3708897000,3709634000,737000,29000,29000,0.00,777.99,776.48,true,false,false,799.00
3709634000,3710371000,737000,29000,29000,0.00,777.99,776.48,true,false,false,799.00
3710371000,3711108000,737000,29000,29000,0.00,777.99,776.48,true,false,false,799.00
3711108000,3711998000,890000,29000,80000,0.00,777.99,776.48,true,false,false,799.00
3711998000,3713000000,1002000,33000,117000,0.00,777.99,729.68,true,false,false,799.00
3713000000,3713761000,761000,8000,37000,0.00,783.33,783.33,true,false,false,799.00
3713761000,3714525000,764000,20000,38000,0.00,783.33,775.73,true,false,false,799.00
3714525000,3715265000,740000,19000,30000,0.00,783.33,777.24,true,false,false,799.00
3715265000,3716002000,737000,24000,29000,0.00,783.33,777.24,true,false,true,799.00
3716002000,3716737000,735000,25000,28000,2.50,0.00,777.24,true,false,false,799.00
3716737000,3717468000,731000,25000,27000,2.50,779.51,779.51,true,false,false,799.00
3717468000,3718200000,732000,26000,27000,2.50,779.51,778.75,true,false,false,799.00
3718200000,3721868000,3668000,26000,26000,2.50,779.51,826.58,false,true,false,799.00
3721868000,3722645000,777000,0,42000,0.00,779.51,777.99,true,false,false,804.00
3722645000,3723433000,788000,16000,46000,0.00,787.46,787.46,true,false,false,804.00
3723433000,3724191000,758000,24000,36000,0.00,787.46,787.46,true,false,false,804.00
3724191000,3724931000,740000,24000,30000,0.00,787.46,784.39,true,false,false,804.00
3724931000,3725674000,743000,27000,31000,0.00,787.46,781.34,true,false,false,804.00
3725674000,3726411000,737000,27000,29000,0.00,787.46,781.34,true,false,false,804.00
3726411000,3727148000,737000,27000,29000,0.00,787.46,781.34,true,false,false,804.00
3727148000,3727882000,734000,28000,28000,0.00,787.46,782.10,true,false,false,804.00
3727882000,3728616000,734000,28000,28000,0.00,787.46,782.10,true,false,false,804.00
3728616000,3729350000,734000,28000,28000,0.00,787.46,782.10,true,false,false,804.00
3729350000,3730085000,735000,28000,28000,0.00,787.46,782.10,true,false,false,804.00
3730085000,3730820000,735000,28000,28000,0.00,787.46,782.10,true,false,false,804.00
3730820000,3731554000,734000,28000,28000,0.00,787.46,782.10,true,false,false,804.00
3731554000,3732288000,734000,28000,28000,0.00,787.46,782.10,true,false,false,804.00
3732288000,3733022000,734000,28000,28000,0.00,787.46,782.10,true,false,false,804.00
3733022000,3733756000,734000,28000,28000,0.00,787.46,782.10,true,false,false,804.00
3733756000,3734490000,734000,28000,28000,0.00,787.46,782.10,true,false,false,804.00
3734490000,3735362000,872000,28000,74000,0.00,787.46,782.10,true,false,false,804.00
3735362000,3736345000,983000,34000,111000,0.00,787.46,732.91,true,false,false,804.00
3736345000,3737109000,764000,11000,38000,0.00,792.90,792.90,true,false,false,804.00
3737109000,3737877000,768000,23000,39000,0.00,792.90,780.58,true,false,false,804.00
3737877000,3738620000,743000,21000,31000,0.00,792.90,780.58,true,false,false,804.00
3738620000,3739363000,743000,26000,31000,0.00,792.90,780.58,true,false,false,804.00
3739363000,3740100000,737000,27000,29000,0.00,792.90,781.34,true,false,false,804.00
3740100000,3740837000,737000,27000,29000,0.00,792.90,782.10,true,false,false,804.00
3740837000,3741574000,737000,28000,29000,0.00,792.90,782.10,true,false,true,804.00
3741574000,3742308000,734000,28000,28000,2.80,0.00,782.10,true,false,false,804.00
3742308000,3743042000,734000,28000,28000,2.80,782.10,782.10,true,false,false,804.00
3743042000,3743776000,734000,28000,28000,2.80,782.10,782.10,true,false,false,804.00
3743776000,3747464000,3688000,28000,28000,2.80,782.10,833.64,false,true,false,804.00
3747464000,3748252000,788000,0,46000,0.00,782.10,780.58,true,false,false,806.00
3748252000,3749053000,801000,13000,50000,0.00,790.20,790.20,true,false,false,806.00
3749053000,3749820000,767000,26000,39000,0.00,790.20,790.20,true,false,false,806.00
3749820000,3750564000,744000,25000,31000,0.00,790.20,785.58,true,false,false,806.00
3750564000,3751311000,747000,27000,32000,0.00,790.20,783.28,true,false,false,806.00
3751311000,3752052000,741000,27000,30000,0.00,790.20,783.28,true,false,false,806.00
3752052000,3752790000,738000,28000,29000,0.00,790.20,783.28,true,false,false,806.00
3752790000,3753528000,738000,28000,29000,0.00,790.20,783.28,true,false,false,806.00
3753528000,3754265000,737000,29000,29000,0.00,790.20,783.28,true,false,false,806.00
3754265000,3755002000,737000,29000,29000,0.00,790.20,783.28,true,false,false,806.00
3755002000,3755739000,737000,29000,29000,0.00,790.20,783.28,true,false,false,806.00
3755739000,3756476000,737000,29000,29000,0.00,790.20,783.28,true,false,false,806.00
3756476000,3757213000,737000,29000,29000,0.00,790.20,783.28,true,false,false,806.00
3757213000,3757950000,737000,29000,29000,0.00,790.20,783.28,true,false,false,806.00
3757950000,3758765000,815000,29000,55000,0.00,790.20,783.28,true,false,false,806.00
3758765000,3759761000,996000,55000,115000,0.00,790.20,734.06,true,false,false,806.00
3759761000,3760594000,833000,10000,61000,0.00,790.20,790.20,true,false,false,806.00
3760594000,3761361000,767000,27000,39000,0.00,790.20,782.52,true,false,false,806.00
3761361000,3762107000,746000,22000,32000,0.00,790.20,782.52,true,false,false,806.00
3762107000,3762853000,746000,27000,32000,0.00,790.20,782.52,true,false,false,806.00
3762853000,3763593000,740000,27000,30000,0.00,790.20,783.28,true,false,false,806.00
3763593000,3764333000,740000,28000,30000,0.00,790.20,783.28,true,false,false,806.00
3764333000,3765071000,738000,28000,29000,0.00,790.20,783.28,true,false,false,806.00
3765071000,3765808000,737000,29000,29000,0.00,790.20,783.28,true,false,false,806.00
3765808000,3766545000,737000,29000,29000,0.00,790.20,783.28,true,false,false,806.00
3766545000,3767282000,737000,29000,29000,0.00,790.20,783.28,true,false,true,806.00
3767282000,3768020000,738000,29000,29000,2.90,0.00,783.28,true,false,false,806.00
3768020000,3768757000,737000,29000,29000,2.90,783.28,783.28,true,false,false,806.00
3768757000,3769495000,738000,29000,29000,2.90,783.28,783.28,true,false,false,806.00
3769495000,3773189000,3694000,29000,29000,2.90,783.28,835.20,false,true,false,806.00
3773189000,3773980000,791000,0,47000,0.00,783.28,783.28,true,false,false,807.00
3773980000,3774784000,804000,13000,51000,0.00,791.18,791.18,true,false,false,807.00
3774784000,3775551000,767000,26000,39000,0.00,791.18,791.18,true,false,false,807.00
3775551000,3776297000,746000,25000,32000,0.00,791.18,785.78,true,false,false,807.00
3776297000,3777043000,746000,27000,32000,0.00,791.18,784.26,true,false,false,807.00
3777043000,3777783000,740000,28000,30000,0.00,791.18,783.50,true,false,false,807.00
3777783000,3778523000,740000,28000,30000,0.00,791.18,783.50,true,false,false,807.00
3778523000,3779264000,741000,29000,30000,0.00,791.18,784.26,true,false,false,807.00
3779264000,3780001000,737000,29000,29000,0.00,791.18,784.26,true,false,false,807.00
3780001000,3780738000,737000,29000,29000,0.00,791.18,784.26,true,false,false,807.00
3780738000,3781475000,737000,29000,29000,0.00,791.18,784.26,true,false,false,807.00
3781475000,3782212000,737000,29000,29000,0.00,791.18,784.26,true,false,false,807.00
3782212000,3783198000,986000,29000,112000,0.00,791.18,732.97,true,false,false,807.00
3783198000,3784128000,930000,11000,93000,0.00,795.07,795.07,true,false,false,807.00
3784128000,3784899000,771000,14000,40000,0.00,795.07,795.07,true,false,false,807.00
3784899000,3785642000,743000,23000,31000,0.00,795.07,784.26,true,false,false,807.00
3785642000,3786392000,750000,27000,33000,0.00,795.07,782.74,true,false,false,807.00
3786392000,3787132000,740000,27000,30000,0.00,795.07,783.50,true,false,false,807.00
3787132000,3787872000,740000,28000,30000,0.00,795.07,783.50,true,false,false,807.00
3787872000,3788612000,740000,29000,30000,0.00,795.07,784.26,true,false,false,807.00
3788612000,3789349000,737000,29000,29000,0.00,795.07,784.26,true,false,false,807.00
3789349000,3790086000,737000,29000,29000,0.00,795.07,784.26,true,false,false,807.00
3790086000,3790823000,737000,29000,29000,0.00,795.07,784.26,true,false,false,807.00
3790823000,3791561000,738000,29000,29000,0.00,795.07,784.26,true,false,false,807.00
3791561000,3792298000,737000,29000,29000,0.00,795.07,784.26,true,false,false,807.00
3792298000,3793035000,737000,29000,29000,0.00,795.07,784.26,true,false,true,807.00
3793035000,3793772000,737000,29000,29000,2.90,0.00,784.26,true,false,false,807.00
3793772000,3794509000,737000,29000,29000,2.90,784.26,784.26,true,false,false,807.00
3794509000,3795246000,737000,29000,29000,2.90,784.26,784.26,true,false,false,807.00
3795246000,3798941000,3695000,29000,29000,2.90,784.26,836.13,false,true,false,807.00
3798941000,3799732000,791000,0,47000,0.00,784.26,782.74,true,false,false,807.00
3799732000,3800538000,806000,12000,52000,0.00,791.18,791.18,true,false,false,807.00
3800538000,3801305000,767000,26000,39000,0.00,791.18,791.18,true,false,false,807.00
3801305000,3802051000,746000,25000,32000,0.00,791.18,786.55,true,false,false,807.00
3802051000,3802797000,746000,27000,32000,0.00,791.18,783.50,true,false,false,807.00
3802797000,3803537000,740000,28000,30000,0.00,791.18,783.50,true,false,false,807.00
3803537000,3804277000,740000,28000,30000,0.00,791.18,783.50,true,false,false,807.00
3804277000,3805017000,740000,29000,30000,0.00,791.18,784.26,true,false,false,807.00
3805017000,3805758000,741000,29000,30000,0.00,791.18,784.26,true,false,false,807.00
3805758000,3806741000,983000,29000,111000,0.00,791.18,732.97,true,false,false,807.00
3806741000,3807718000,977000,11000,109000,0.00,792.73,792.73,true,false,false,807.00
3807718000,3808488000,770000,12000,40000,0.00,792.73,792.73,true,false,false,807.00
3808488000,3809234000,746000,23000,32000,0.00,792.73,785.02,true,false,false,807.00
3809234000,3809981000,747000,27000,32000,0.00,792.73,783.50,true,false,false,807.00
3809981000,3810721000,740000,27000,30000,0.00,792.73,783.50,true,false,false,807.00
3810721000,3811461000,740000,28000,30000,0.00,792.73,783.50,true,false,false,807.00
3811461000,3812201000,740000,29000,30000,0.00,792.73,784.26,true,false,false,807.00
3812201000,3812938000,737000,29000,29000,0.00,792.73,784.26,true,false,false,807.00
3812938000,3813675000,737000,29000,29000,0.00,792.73,784.26,true,false,false,807.00
3813675000,3814412000,737000,29000,29000,0.00,792.73,784.26,true,false,false,807.00
3814412000,3815150000,738000,29000,29000,0.00,792.73,784.26,true,false,false,807.00
3815150000,3815887000,737000,29000,29000,0.00,792.73,784.26,true,false,false,807.00
3815887000,3816625000,738000,29000,29000,0.00,792.73,784.26,true,false,false,807.00
3816625000,3817362000,737000,29000,29000,0.00,792.73,784.26,true,false,false,807.00
3817362000,3818099000,737000,29000,29000,0.00,792.73,784.26,true,false,false,807.00
3818099000,3818836000,737000,29000,29000,0.00,792.73,784.26,true,false,true,807.00
3818836000,3819573000,737000,29000,29000,2.90,0.00,784.26,true,false,false,807.00
3819573000,3820310000,737000,29000,29000,2.90,784.26,784.26,true,false,false,807.00
3820310000,3821047000,737000,29000,29000,2.90,784.26,784.26,true,false,false,807.00
3821047000,3824742000,3695000,29000,29000,2.90,784.26,836.13,false,true,false,807.00
3824742000,3825533000,791000,0,47000,0.00,784.26,783.50,true,false,false,807.00
3825533000,3826339000,806000,12000,52000,0.00,791.18,791.18,true,false,false,807.00
3826339000,3827106000,767000,27000,39000,0.00,791.18,791.18,true,false,false,807.00
3827106000,3827852000,746000,25000,32000,0.00,791.18,786.55,true,false,false,807.00
3827852000,3828598000,746000,27000,32000,0.00,791.18,783.50,true,false,false,807.00
3828598000,3829338000,740000,28000,30000,0.00,791.18,783.50,true,false,false,807.00
3829338000,3830318000,980000,29000,110000,0.00,791.18,727.68,true,false,false,807.00
3830318000,3831301000,983000,14000,111000,0.00,791.18,727.68,true,false,false,807.00
3831301000,3832071000,770000,11000,40000,0.00,795.86,795.86,true,false,false,807.00
3832071000,3832820000,749000,23000,33000,0.00,795.86,787.32,true,false,false,807.00
3832820000,3833570000,750000,28000,33000,0.00,795.86,784.26,true,false,false,807.00
3833570000,3834313000,743000,27000,31000,0.00,795.86,784.26,true,false,false,807.00
3834313000,3835053000,740000,28000,30000,0.00,795.86,783.50,true,false,false,807.00
3835053000,3835794000,741000,29000,30000,0.00,795.86,784.26,true,false,false,807.00
3835794000,3836535000,741000,29000,30000,0.00,795.86,784.26,true,false,false,807.00
3836535000,3837273000,738000,29000,29000,0.00,795.86,784.26,true,false,false,807.00
3837273000,3838010000,737000,29000,29000,0.00,795.86,784.26,true,false,false,807.00
3838010000,3838747000,737000,29000,29000,0.00,795.86,784.26,true,false,false,807.00
3838747000,3839484000,737000,29000,29000,0.00,795.86,784.26,true,false,false,807.00
3839484000,3840221000,737000,29000,29000,0.00,795.86,784.26,true,false,false,807.00
3840221000,3840959000,738000,29000,29000,0.00,795.86,784.26,true,false,false,807.00
3840959000,3841696000,737000,29000,29000,0.00,795.86,784.26,true,false,false,807.00
3841696000,3842434000,738000,29000,29000,0.00,795.86,784.26,true,false,false,807.00
3842434000,3843171000,737000,29000,29000,0.00,795.86,784.26,true,false,false,807.00
3843171000,3843909000,738000,29000,29000,0.00,795.86,784.26,true,false,false,807.00
3843909000,3844647000,738000,29000,29000,0.00,795.86,784.26,true,false,true,807.00
3844647000,3845385000,738000,29000,29000,2.90,0.00,784.26,true,false,false,807.00
3845385000,3846122000,737000,29000,29000,2.90,784.26,784.26,true,false,false,807.00
3846122000,3846859000,737000,29000,29000,2.90,784.26,784.26,true,false,false,807.00
3846859000,3850555000,3696000,29000,29000,2.90,784.26,836.13,false,true,false,807.00
3850555000,3851349000,794000,0,48000,0.00,784.26,783.50,true,false,false,807.00
3851349000,3852155000,806000,12000,52000,0.00,791.18,791.18,true,false,false,807.00
3852155000,3852923000,768000,26000,39000,0.00,791.18,791.18,true,false,false,807.00
3852923000,3853903000,980000,25000,110000,0.00,791.18,786.55,true,false,false,807.00
3853903000,3854880000,977000,12000,109000,0.00,791.18,739.01,true,false,false,807.00
3854880000,3855651000,771000,12000,40000,0.00,791.18,781.98,true,false,false,807.00
3855651000,3856397000,746000,23000,32000,0.00,791.18,787.32,true,false,false,807.00
3856397000,3857143000,746000,27000,32000,0.00,791.18,785.78,true,false,false,807.00
3857143000,3857883000,740000,27000,30000,0.00,791.18,785.78,true,false,false,807.00
3857883000,3858623000,740000,28000,30000,0.00,791.18,784.26,true,false,false,807.00
3858623000,3859364000,741000,29000,30000,0.00,791.18,784.26,true,false,false,807.00
3859364000,3860105000,741000,29000,30000,0.00,791.18,784.26,true,false,false,807.00
3860105000,3860842000,737000,29000,29000,0.00,791.18,784.26,true,false,false,807.00
3860842000,3861579000,737000,29000,29000,0.00,791.18,784.26,true,false,false,807.00
3861579000,3862317000,738000,29000,29000,0.00,791.18,784.26,true,false,false,807.00
3862317000,3863054000,737000,29000,29000,0.00,791.18,784.26,true,false,false,807.00
3863054000,3863791000,737000,29000,29000,0.00,791.18,784.26,true,false,false,807.00
3863791000,3864529000,738000,29000,29000,0.00,791.18,784.26,true,false,false,807.00
3864529000,3865267000,738000,29000,29000,0.00,791.18,784.26,true,false,false,807.00
3865267000,3866004000,737000,29000,29000,0.00,791.18,784.26,true,false,false,807.00
3866004000,3866741000,737000,29000,29000,0.00,791.18,784.26,true,false,false,807.00
3866741000,3867478000,737000,29000,29000,0.00,791.18,784.26,true,false,false,807.00
3867478000,3868215000,737000,29000,29000,0.00,791.18,784.26,true,false,false,807.00
3868215000,3868952000,737000,29000,29000,0.00,791.18,784.26,true,false,false,807.00
3868952000,3869690000,738000,29000,29000,0.00,791.18,784.26,true,false,false,807.00
3869690000,3870428000,738000,29000,29000,0.00,791.18,784.26,true,false,true,807.00
3870428000,3871165000,737000,29000,29000,2.90,0.00,784.26,true,false,false,807.00
3871165000,3871903000,738000,29000,29000,2.90,784.26,784.26,true,false,false,807.00
3871903000,3872641000,738000,29000,29000,2.90,784.26,784.26,true,false,false,807.00
3872641000,3876336000,3695000,29000,29000,2.90,784.26,836.13,false,true,false,807.00
3876336000,3877547000,1211000,0,187000,0.00,784.26,727.03,true,false,false,807.00
3877547000,3878527000,980000,9000,110000,0.00,784.26,779.71,true,false,false,807.00
3878527000,3879333000,806000,23000,52000,0.00,784.26,772.99,true,false,false,807.00
3879333000,3880094000,761000,23000,37000,0.00,784.26,778.96,true,false,false,807.00
3880094000,3880852000,758000,29000,36000,0.00,784.26,778.96,true,false,false,807.00
3880852000,3881605000,753000,31000,34000,0.00,784.26,781.98,true,false,false,807.00
3881605000,3882354000,749000,31000,33000,0.00,784.26,782.74,true,false,false,807.00
3882354000,3883103000,749000,32000,33000,0.00,784.26,781.98,true,false,false,807.00
3883103000,3883852000,749000,32000,33000,0.00,784.26,781.98,true,false,false,807.00
3883852000,3884601000,749000,32000,33000,0.00,784.26,781.22,true,false,false,807.00
3884601000,3885350000,749000,32000,33000,0.00,784.26,781.98,true,false,false,807.00
3885350000,3886100000,750000,32000,33000,0.00,784.26,781.98,true,false,false,807.00
3886100000,3886849000,749000,32000,33000,0.00,784.26,781.98,true,false,false,807.00
3886849000,3887598000,749000,32000,33000,0.00,784.26,781.98,true,false,false,807.00
3887598000,3888347000,749000,32000,33000,0.00,784.26,781.98,true,false,false,807.00
3888347000,3889096000,749000,32000,33000,0.00,784.26,781.98,true,false,false,807.00
3889096000,3889846000,750000,32000,33000,0.00,784.26,781.22,true,false,false,807.00
3889846000,3890595000,749000,32000,33000,0.00,784.26,781.98,true,false,false,807.00
3890595000,3891344000,749000,32000,33000,0.00,784.26,781.98,true,false,false,807.00
3891344000,3892093000,749000,32000,33000,0.00,784.26,781.98,true,false,false,807.00
3892093000,3892842000,749000,32000,33000,0.00,784.26,781.98,true,false,false,807.00
3892842000,3893591000,749000,32000,33000,0.00,784.26,781.98,true,false,false,807.00
3893591000,3894341000,750000,32000,33000,0.00,784.26,781.98,true,false,false,807.00
3894341000,3895090000,749000,32000,33000,0.00,784.26,781.98,true,false,false,807.00
3895090000,3895839000,749000,32000,33000,0.00,784.26,781.98,true,false,false,807.00
3895839000,3896588000,749000,32000,33000,0.00,784.26,781.98,true,false,true,807.00
3896588000,3897337000,749000,32000,33000,3.20,0.00,781.98,true,false,false,807.00
3897337000,3898086000,749000,32000,33000,3.20,781.98,781.98,true,false,false,807.00
3898086000,3898836000,750000,32000,33000,3.20,781.98,781.98,true,false,false,807.00
3898836000,3902640000,3804000,32000,32000,3.20,781.98,862.30,false,true,false,807.00
3902640000,3903417000,777000,0,42000,0.00,781.98,792.73,true,false,false,821.00
3903417000,3904208000,791000,6000,47000,0.00,806.48,806.48,true,false,false,821.00
3904208000,3904960000,752000,22000,34000,0.00,806.48,806.48,true,false,false,821.00
3904960000,3905691000,731000,22000,27000,0.00,806.48,800.98,true,false,false,821.00
3905691000,3906425000,734000,24000,28000,0.00,806.48,800.19,true,false,false,821.00
3906425000,3907153000,728000,24000,26000,0.00,806.48,800.98,true,false,false,821.00
3907153000,3907881000,728000,24000,26000,0.00,806.48,800.98,true,false,false,821.00
3907881000,3908609000,728000,25000,26000,0.00,806.48,800.98,true,false,false,821.00
3908609000,3909334000,725000,25000,25000,0.00,806.48,800.98,true,false,false,821.00
3909334000,3910059000,725000,25000,25000,0.00,806.48,800.98,true,false,false,821.00
3910059000,3910784000,725000,25000,25000,0.00,806.48,800.98,true,false,false,821.00
3910784000,3911509000,725000,25000,25000,0.00,806.48,800.98,true,false,false,821.00
3911509000,3912234000,725000,25000,25000,0.00,806.48,800.98,true,false,false,821.00
3912234000,3912959000,725000,25000,25000,0.00,806.48,800.98,true,false,false,821.00
3912959000,3913684000,725000,25000,25000,0.00,806.48,800.98,true,false,false,821.00
3913684000,3914409000,725000,25000,25000,0.00,806.48,800.98,true,false,false,821.00
3914409000,3915134000,725000,25000,25000,0.00,806.48,800.98,true,false,false,821.00
3915134000,3915859000,725000,25000,25000,0.00,806.48,800.98,true,false,false,821.00
3915859000,3916584000,725000,25000,25000,0.00,806.48,800.98,true,false,false,821.00
3916584000,3917309000,725000,25000,25000,0.00,806.48,800.98,true,false,false,821.00
3917309000,3918035000,726000,25000,25000,0.00,806.48,800.98,true,false,false,821.00
3918035000,3918760000,725000,25000,25000,0.00,806.48,800.98,true,false,false,821.00
3918760000,3919485000,725000,25000,25000,0.00,806.48,800.98,true,false,false,821.00
3919485000,3920211000,726000,25000,25000,0.00,806.48,800.98,true,false,false,821.00
3920211000,3920936000,725000,25000,25000,0.00,806.48,800.98,true,false,false,821.00
3920936000,3921661000,725000,25000,25000,0.00,806.48,800.98,true,false,true,821.00
3921661000,3922387000,726000,25000,25000,2.50,0.00,800.98,true,false,false,821.00
3922387000,3923256000,869000,25000,73000,2.50,800.98,800.98,true,false,false,821.00
3923256000,3924185000,929000,34000,93000,2.50,800.98,761.60,true,false,false,821.00
3924185000,3927871000,3686000,34000,34000,2.50,800.98,842.20,false,true,false,821.00
3927871000,3928650000,779000,0,43000,0.00,800.98,820.18,true,false,false,828.00
3928650000,3929444000,794000,23000,48000,0.00,802.33,802.33,true,false,false,828.00
3929444000,3930206000,762000,28000,37000,0.00,802.33,800.77,true,false,false,828.00
3930206000,3930955000,749000,29000,33000,0.00,802.33,800.77,true,false,false,828.00
3930955000,3931704000,749000,30000,33000,0.00,802.33,802.33,true,false,false,828.00
3931704000,3932450000,746000,30000,32000,0.00,802.33,802.33,true,false,false,828.00
3932450000,3933196000,746000,31000,32000,0.00,802.33,802.33,true,false,false,828.00
3933196000,3933942000,746000,31000,32000,0.00,802.33,802.33,true,false,false,828.00
3933942000,3934688000,746000,31000,32000,0.00,803.10,803.10,true,false,false,828.00
3934688000,3935434000,746000,31000,32000,0.00,803.10,803.10,true,false,false,828.00
3935434000,3936180000,746000,31000,32000,0.00,803.10,803.10,true,false,false,828.00
3936180000,3936926000,746000,31000,32000,0.00,803.10,803.10,true,false,false,828.00
3936926000,3937672000,746000,31000,32000,0.00,803.10,803.10,true,false,false,828.00
3937672000,3938418000,746000,31000,32000,0.00,803.10,803.10,true,false,false,828.00
3938418000,3939164000,746000,31000,32000,0.00,803.10,803.10,true,false,false,828.00
3939164000,3939910000,746000,31000,32000,0.00,803.10,802.33,true,false,false,828.00
3939910000,3940657000,747000,31000,32000,0.00,803.10,803.10,true,false,false,828.00
3940657000,3941403000,746000,31000,32000,0.00,803.10,803.10,true,false,false,828.00
3941403000,3942149000,746000,31000,32000,0.00,803.10,803.10,true,false,false,828.00
3942149000,3942895000,746000,31000,32000,0.00,803.10,803.10,true,false,false,828.00
3942895000,3943641000,746000,31000,32000,0.00,803.10,803.10,true,false,false,828.00
3943641000,3944388000,747000,31000,32000,0.00,803.10,803.10,true,false,false,828.00
3944388000,3945135000,747000,31000,32000,0.00,803.10,803.10,true,false,false,828.00
3945135000,3945881000,746000,31000,32000,0.00,803.10,803.10,true,false,false,828.00
3945881000,3946768000,887000,31000,79000,0.00,803.10,784.09,true,false,false,828.00
3946768000,3947778000,1010000,39000,120000,0.00,803.10,776.01,true,false,true,828.00
3947778000,3948560000,782000,12000,44000,1.20,0.00,776.01,true,false,false,828.00
3948560000,3949333000,773000,26000,41000,1.20,796.15,796.15,true,false,false,828.00
3949333000,3950085000,752000,26000,34000,1.20,802.33,802.33,true,false,false,828.00
3950085000,3953716000,3631000,34000,34000,1.20,802.33,825.71,false,true,false,828.00
3953716000,3954471000,755000,10000,35000,1.00,802.33,809.38,true,false,false,838.00
3954471000,3955253000,782000,33000,44000,1.00,808.10,808.10,true,false,false,838.00
3955253000,3956017000,764000,33000,38000,1.00,808.10,808.10,true,false,false,838.00
3956017000,3956781000,764000,34000,38000,1.00,808.88,808.88,true,false,false,838.00
3956781000,3957542000,761000,35000,37000,1.00,808.88,808.88,true,false,false,838.00
3957542000,3958300000,758000,35000,36000,1.00,809.66,809.66,true,false,false,838.00
3958300000,3959058000,758000,35000,36000,1.00,809.66,809.66,true,false,false,838.00
3959058000,3959817000,759000,35000,36000,1.00,809.66,808.88,true,false,false,838.00
3959817000,3960575000,758000,36000,36000,1.00,809.66,808.88,true,false,false,838.00
3960575000,3961334000,759000,36000,36000,1.00,809.66,808.88,true,false,false,838.00
3961334000,3962092000,758000,36000,36000,1.00,809.66,808.88,true,false,false,838.00
3962092000,3962851000,759000,36000,36000,1.00,809.66,808.88,true,false,false,838.00
3962851000,3963610000,759000,36000,36000,1.00,809.66,808.88,true,false,false,838.00
3963610000,3964369000,759000,36000,36000,1.00,809.66,808.88,true,false,false,838.00
3964369000,3965127000,758000,36000,36000,1.00,809.66,808.88,true,false,false,838.00
3965127000,3965886000,759000,36000,36000,1.00,809.66,808.88,true,false,false,838.00
3965886000,3966644000,758000,36000,36000,1.00,809.66,808.88,true,false,false,838.00
3966644000,3967403000,759000,36000,36000,1.00,809.66,808.88,true,false,false,838.00
3967403000,3968162000,759000,36000,36000,1.00,809.66,808.88,true,false,false,838.00
3968162000,3968921000,759000,36000,36000,1.00,809.66,808.88,true,false,false,838.00
3968921000,3969679000,758000,36000,36000,1.00,809.66,808.88,true,false,false,838.00
3969679000,3970611000,932000,36000,94000,1.00,809.66,808.88,true,false,false,838.00
3970611000,3971654000,1043000,37000,131000,1.00,809.66,761.82,true,false,false,838.00
3971654000,3972424000,770000,14000,40000,1.00,813.59,813.59,true,false,false,838.00
3972424000,3973201000,777000,26000,42000,1.00,813.59,805.77,true,false,false,838.00
3973201000,3973959000,758000,27000,36000,1.00,813.59,809.66,true,false,true,838.00
3973959000,3974715000,756000,30000,35000,3.00,0.00,809.66,true,false,false,838.00
3974715000,3975467000,752000,31000,34000,3.00,812.02,812.02,true,false,false,838.00
3975467000,3976216000,749000,31000,33000,3.00,812.02,812.02,true,false,false,838.00
3976216000,3979933000,3717000,33000,33000,3.00,812.02,862.67,false,true,false,838.00
3979933000,3980733000,800000,0,50000,0.00,812.02,819.16,true,false,false,834.00
3980733000,3981548000,815000,17000,55000,0.00,814.45,814.45,true,false,false,834.00
3981548000,3982316000,768000,27000,39000,0.00,814.45,808.92,true,false,false,834.00
3982316000,3983065000,749000,27000,33000,0.00,814.45,808.92,true,false,false,834.00
3983065000,3983814000,749000,29000,33000,0.00,814.45,808.92,true,false,false,834.00
3983814000,3984557000,743000,29000,31000,0.00,814.45,808.92,true,false,false,834.00
3984557000,3985300000,743000,30000,31000,0.00,814.45,808.92,true,false,false,834.00
3985300000,3986043000,743000,30000,31000,0.00,814.45,808.92,true,false,false,834.00
3986043000,3986786000,743000,30000,31000,0.00,814.45,808.92,true,false,false,834.00
3986786000,3987529000,743000,30000,31000,0.00,814.45,809.71,true,false,false,834.00
3987529000,3988273000,744000,30000,31000,0.00,814.45,809.71,true,false,false,834.00
3988273000,3989016000,743000,30000,31000,0.00,814.45,809.71,true,false,false,834.00
3989016000,3989759000,743000,30000,31000,0.00,814.45,808.92,true,false,false,834.00
3989759000,3990502000,743000,30000,31000,0.00,814.45,808.92,true,false,false,834.00
3990502000,3991245000,743000,30000,31000,0.00,814.45,808.92,true,false,false,834.00
3991245000,3991988000,743000,30000,31000,0.00,814.45,808.92,true,false,false,834.00
3991988000,3992732000,744000,30000,31000,0.00,814.45,808.92,true,false,false,834.00
3992732000,3993475000,743000,30000,31000,0.00,814.45,808.92,true,false,false,834.00
3993475000,3994219000,744000,30000,31000,0.00,814.45,808.92,true,false,false,834.00
3994219000,3995208000,989000,30000,113000,0.00,814.45,765.84,true,false,false,834.00
3995208000,3996152000,944000,12000,98000,0.00,814.45,811.28,true,false,false,834.00
3996152000,3996923000,771000,14000,40000,0.00,814.45,805.80,true,false,false,834.00
3996923000,3997675000,752000,25000,34000,0.00,814.45,805.80,true,false,false,834.00
3997675000,3998424000,749000,29000,33000,0.00,814.45,808.92,true,false,false,834.00
3998424000,3999170000,746000,29000,32000,0.00,814.45,808.92,true,false,false,834.00
3999170000,3999913000,743000,30000,31000,0.00,814.45,808.92,true,false,true,834.00
3999913000,4000656000,743000,30000,31000,3.00,0.00,808.92,true,false,false,834.00
4000656000,4001399000,743000,30000,31000,3.00,808.92,808.92,true,false,false,834.00
4001399000,4002143000,744000,30000,31000,3.00,808.92,808.92,true,false,false,834.00
4002143000,4005855000,3712000,31000,31000,3.00,808.92,861.37,false,true,false,834.00
4005855000,4006649000,794000,0,48000,0.00,808.92,812.87,true,false,false,830.00
4006649000,4007458000,809000,14000,53000,0.00,813.73,813.73,true,false,false,830.00
4007458000,4008225000,767000,26000,39000,0.00,813.73,813.73,true,false,false,830.00
4008225000,4008968000,743000,25000,31000,0.00,813.73,807.39,true,false,false,830.00
4008968000,4009711000,743000,27000,31000,0.00,813.73,805.83,true,false,false,830.00
4009711000,4010452000,741000,28000,30000,0.00,813.73,806.61,true,false,false,830.00
4010452000,4011189000,737000,28000,29000,0.00,813.73,806.61,true,false,false,830.00
4011189000,4011926000,737000,28000,29000,0.00,813.73,806.61,true,false,false,830.00
4011926000,4012663000,737000,29000,29000,0.00,813.73,806.61,true,false,false,830.00
4012663000,4013400000,737000,29000,29000,0.00,813.73,806.61,true,false,false,830.00
4013400000,4014137000,737000,29000,29000,0.00,813.73,806.61,true,false,false,830.00
4014137000,4014874000,737000,29000,29000,0.00,813.73,806.61,true,false,false,830.00
4014874000,4015611000,737000,29000,29000,0.00,813.73,806.61,true,false,false,830.00
4015611000,4016348000,737000,29000,29000,0.00,813.73,806.61,true,false,false,830.00
4016348000,4017085000,737000,29000,29000,0.00,813.73,806.61,true,false,false,830.00
4017085000,4017823000,738000,29000,29000,0.00,813.73,806.61,true,false,false,830.00
4017823000,4018767000,944000,29000,98000,0.00,813.73,762.17,true,false,false,830.00
4018767000,4019744000,977000,14000,109000,0.00,813.73,810.55,true,false,false,830.00
4019744000,4020508000,764000,11000,38000,0.00,813.73,810.55,true,false,false,830.00
4020508000,4021263000,755000,23000,35000,0.00,813.73,804.26,true,false,false,830.00
4021263000,4022009000,746000,27000,32000,0.00,813.73,805.83,true,false,false,830.00
4022009000,4022749000,740000,27000,30000,0.00,813.73,806.61,true,false,false,830.00
4022749000,4023489000,740000,28000,30000,0.00,813.73,806.61,true,false,false,830.00
4023489000,4024227000,738000,28000,29000,0.00,813.73,806.61,true,false,false,830.00
4024227000,4024964000,737000,29000,29000,0.00,813.73,806.61,true,false,false,830.00
4024964000,4025701000,737000,29000,29000,0.00,813.73,806.61,true,false,true,830.00
4025701000,4026438000,737000,29000,29000,2.90,0.00,806.61,true,false,false,830.00
4026438000,4027176000,738000,29000,29000,2.90,806.61,806.61,true,false,false,830.00
4027176000,4027913000,737000,29000,29000,2.90,806.61,806.61,true,false,false,830.00
4027913000,4031616000,3703000,29000,29000,2.90,806.61,857.14,false,true,false,830.00
4031616000,4032404000,788000,0,46000,0.00,806.61,807.39,true,false,false,828.00
4032404000,4033207000,803000,13000,51000,0.00,812.56,812.56,true,false,false,828.00
4033207000,4033971000,764000,25000,38000,0.00,812.56,812.56,true,false,false,828.00
4033971000,4034712000,741000,24000,30000,0.00,812.56,807.02,true,false,false,828.00
4034712000,4035455000,743000,27000,31000,0.00,812.56,804.66,true,false,false,828.00
4035455000,4036192000,737000,27000,29000,0.00,812.56,805.45,true,false,false,828.00
4036192000,4036929000,737000,27000,29000,0.00,812.56,805.45,true,false,false,828.00
4036929000,4037663000,734000,28000,28000,0.00,812.56,805.45,true,false,false,828.00
4037663000,4038397000,734000,28000,28000,0.00,812.56,805.45,true,false,false,828.00
4038397000,4039131000,734000,28000,28000,0.00,812.56,805.45,true,false,false,828.00
4039131000,4039865000,734000,28000,28000,0.00,812.56,805.45,true,false,false,828.00
4039865000,4040599000,734000,28000,28000,0.00,812.56,805.45,true,false,false,828.00
4040599000,4041334000,735000,28000,28000,0.00,812.56,805.45,true,false,false,828.00
4041334000,4042266000,932000,28000,94000,0.00,812.56,805.45,true,false,false,828.00
4042266000,4043228000,962000,16000,104000,0.00,812.56,755.47,true,false,false,828.00
4043228000,4044001000,773000,14000,41000,0.00,813.36,813.36,true,false,false,828.00
4044001000,4044765000,764000,25000,38000,0.00,813.36,802.33,true,false,false,828.00
4044765000,4045517000,752000,29000,34000,0.00,813.36,802.33,true,false,false,828.00
4045517000,4046263000,746000,29000,32000,0.00,813.36,802.33,true,false,false,828.00
4046263000,4047013000,750000,30000,33000,0.00,813.36,802.33,true,false,false,828.00
4047013000,4047759000,746000,30000,32000,0.00,813.36,802.33,true,false,false,828.00
4047759000,4048505000,746000,31000,32000,0.00,813.36,803.10,true,false,false,828.00
4048505000,4049251000,746000,31000,32000,0.00,813.36,803.10,true,false,false,828.00
4049251000,4049998000,747000,31000,32000,0.00,813.36,803.10,true,false,false,828.00
4049998000,4050744000,746000,31000,32000,0.00,813.36,803.10,true,false,false,828.00
4050744000,4051490000,746000,31000,32000,0.00,813.36,803.10,true,false,true,828.00
4051490000,4052237000,747000,31000,32000,3.10,0.00,803.10,true,false,false,828.00
4052237000,4052983000,746000,31000,32000,3.10,803.10,803.10,true,false,false,828.00
4052983000,4053729000,746000,31000,32000,3.10,803.10,803.10,true,false,false,828.00
4053729000,4057444000,3715000,31000,31000,3.10,803.10,856.09,false,true,false,828.00
4057444000,4058244000,800000,0,50000,0.00,803.10,807.02,true,false,false,824.00
4058244000,4059059000,815000,14000,55000,0.00,807.05,807.05,true,false,false,824.00
4059059000,4059826000,767000,27000,39000,0.00,807.05,801.56,true,false,false,824.00
4059826000,4060572000,746000,25000,32000,0.00,807.05,801.56,true,false,false,824.00
4060572000,4061318000,746000,28000,32000,0.00,807.05,799.22,true,false,false,824.00
4061318000,4062062000,744000,28000,31000,0.00,807.05,800.00,true,false,false,824.00
4062062000,4062802000,740000,29000,30000,0.00,807.05,800.00,true,false,false,824.00
4062802000,4063542000,740000,29000,30000,0.00,807.05,800.00,true,false,false,824.00
4063542000,4064282000,740000,29000,30000,0.00,807.05,800.00,true,false,false,824.00
4064282000,4065022000,740000,29000,30000,0.00,807.05,800.00,true,false,false,824.00
4065022000,4065975000,953000,29000,101000,0.00,807.05,800.00,true,false,false,824.00
4065975000,4066955000,980000,16000,110000,0.00,807.05,747.73,true,false,false,824.00
4066955000,4067723000,768000,11000,39000,0.00,810.23,810.23,true,false,false,824.00
4067723000,4068488000,765000,24000,38000,0.00,810.23,801.56,true,false,false,824.00
4068488000,4069237000,749000,28000,33000,0.00,810.23,799.22,true,false,false,824.00
4069237000,4069980000,743000,28000,31000,0.00,810.23,799.22,true,false,false,824.00
4069980000,4070723000,743000,29000,31000,0.00,810.23,800.00,true,false,false,824.00
4070723000,4071463000,740000,29000,30000,0.00,810.23,800.00,true,false,false,824.00
4071463000,4072203000,740000,29000,30000,0.00,810.23,800.00,true,false,false,824.00
4072203000,4072943000,740000,29000,30000,0.00,810.23,800.00,true,false,false,824.00
4072943000,4073683000,740000,29000,30000,0.00,810.23,800.00,true,false,false,824.00
4073683000,4074423000,740000,29000,30000,0.00,810.23,800.00,true,false,false,824.00
4074423000,4075163000,740000,29000,30000,0.00,810.23,800.00,true,false,false,824.00
4075163000,4075903000,740000,29000,30000,0.00,810.23,800.00,true,false,false,824.00
4075903000,4076643000,740000,29000,30000,0.00,810.23,800.00,true,false,false,824.00
4076643000,4077383000,740000,29000,30000,0.00,810.23,800.00,true,false,true,824.00
4077383000,4078123000,740000,29000,30000,2.90,0.00,800.00,true,false,false,824.00
4078123000,4078863000,740000,29000,30000,2.90,800.78,800.78,true,false,false,824.00
4078863000,4079603000,740000,29000,30000,2.90,800.78,800.00,true,false,false,824.00
4079603000,4083304000,3701000,30000,30000,2.90,800.78,851.44,false,true,false,824.00
4083304000,4084095000,791000,0,47000,0.00,800.78,801.56,true,false,false,822.00
4084095000,4084898000,803000,13000,51000,0.00,806.67,806.67,true,false,false,822.00
4084898000,4085666000,768000,26000,39000,0.00,806.67,806.67,true,false,false,822.00
4085666000,4086409000,743000,25000,31000,0.00,806.67,799.61,true,false,false,822.00
4086409000,4087155000,746000,27000,32000,0.00,806.67,798.06,true,false,false,822.00
4087155000,4087895000,740000,28000,30000,0.00,806.67,798.83,true,false,false,822.00
4087895000,4088632000,737000,28000,29000,0.00,806.67,798.83,true,false,false,822.00
4088632000,4089501000,869000,28000,73000,0.00,806.67,798.83,true,false,false,822.00
4089501000,4090485000,984000,37000,111000,0.00,806.67,747.27,true,false,false,822.00
4090485000,4091255000,770000,11000,40000,0.00,809.06,809.06,true,false,false,822.00
4091255000,4092023000,768000,24000,39000,0.00,809.06,798.06,true,false,false,822.00
4092023000,4092769000,746000,23000,32000,0.00,809.06,798.06,true,false,false,822.00
4092769000,4093516000,747000,27000,32000,0.00,809.06,798.06,true,false,false,822.00
4093516000,4094256000,740000,27000,30000,0.00,809.06,798.83,true,false,false,822.00
4094256000,4094994000,738000,28000,29000,0.00,809.06,798.83,true,false,false,822.00
4094994000,4095732000,738000,29000,29000,0.00,809.06,798.83,true,false,false,822.00
4095732000,4096469000,737000,29000,29000,0.00,809.06,798.83,true,false,false,822.00
4096469000,4097206000,737000,29000,29000,0.00,809.06,798.83,true,false,false,822.00
4097206000,4097943000,737000,29000,29000,0.00,809.06,798.83,true,false,false,822.00
4097943000,4098681000,738000,29000,29000,0.00,809.06,798.83,true,false,false,822.00
4098681000,4099418000,737000,29000,29000,0.00,809.06,798.83,true,false,false,822.00
4099418000,4100155000,737000,29000,29000,0.00,809.06,798.83,true,false,false,822.00
4100155000,4100892000,737000,29000,29000,0.00,809.06,798.83,true,false,false,822.00
4100892000,4101630000,738000,29000,29000,0.00,809.06,798.83,true,false,false,822.00
4101630000,4102367000,737000,29000,29000,0.00,809.06,798.83,true,false,false,822.00
4102367000,4103104000,737000,29000,29000,0.00,809.06,798.83,true,false,true,822.00
4103104000,4103841000,737000,29000,29000,2.90,0.00,798.83,true,false,false,822.00
4103841000,4104578000,737000,29000,29000,2.90,798.83,798.83,true,false,false,822.00
4104578000,4105315000,737000,29000,29000,2.90,798.83,798.83,true,false,false,822.00
4105315000,4109015000,3700000,29000,29000,2.90,798.83,849.58,false,true,false,822.00
4109015000,4109803000,788000,0,46000,0.00,798.83,799.61,true,false,false,820.00
4109803000,4110607000,804000,12000,51000,0.00,804.71,804.71,true,false,false,820.00
4110607000,4111371000,764000,25000,38000,0.00,804.71,804.71,true,false,false,820.00
4111371000,4112111000,740000,24000,30000,0.00,804.71,799.22,true,false,false,820.00
4112111000,4112914000,803000,27000,51000,0.00,804.71,797.67,true,false,false,820.00
4112914000,4113885000,971000,50000,107000,0.00,804.71,746.81,true,false,false,820.00
4113885000,4114790000,905000,10000,85000,0.00,807.09,807.09,true,false,false,820.00
4114790000,4115554000,764000,27000,38000,0.00,807.09,807.09,true,false,false,820.00
4115554000,4116297000,743000,22000,31000,0.00,807.09,798.44,true,false,false,820.00
4116297000,4117041000,744000,26000,31000,0.00,807.09,796.89,true,false,false,820.00
4117041000,4117778000,737000,27000,29000,0.00,807.09,797.67,true,false,false,820.00
4117778000,4118515000,737000,27000,29000,0.00,807.09,797.67,true,false,false,820.00
4118515000,4119249000,734000,28000,28000,0.00,807.09,797.67,true,false,false,820.00
4119249000,4119983000,734000,28000,28000,0.00,807.09,797.67,true,false,false,820.00
4119983000,4120717000,734000,28000,28000,0.00,807.09,797.67,true,false,false,820.00
4120717000,4121451000,734000,28000,28000,0.00,807.09,797.67,true,false,false,820.00
4121451000,4122186000,735000,28000,28000,0.00,807.09,797.67,true,false,false,820.00
4122186000,4122920000,734000,28000,28000,0.00,807.09,797.67,true,false,false,820.00
4122920000,4123654000,734000,28000,28000,0.00,807.09,797.67,true,false,false,820.00
4123654000,4124389000,735000,28000,28000,0.00,807.09,797.67,true,false,false,820.00
4124389000,4125123000,734000,28000,28000,0.00,807.09,797.67,true,false,false,820.00
4125123000,4125857000,734000,28000,28000,0.00,807.09,797.67,true,false,false,820.00
4125857000,4126591000,734000,28000,28000,0.00,807.09,797.67,true,false,false,820.00
4126591000,4127326000,735000,28000,28000,0.00,807.09,797.67,true,false,false,820.00
4127326000,4128060000,734000,28000,28000,0.00,807.09,797.67,true,false,false,820.00
4128060000,4128794000,734000,28000,28000,0.00,807.09,797.67,true,false,true,820.00
4128794000,4129529000,735000,28000,28000,2.80,0.00,797.67,true,false,false,820.00
4129529000,4130263000,734000,28000,28000,2.80,797.67,797.67,true,false,false,820.00
4130263000,4130997000,734000,28000,28000,2.80,797.67,797.67,true,false,false,820.00
4130997000,4134690000,3693000,28000,28000,2.80,797.67,847.30,false,true,false,820.00
4134690000,4135476000,786000,0,45000,0.00,797.67,796.89,true,false,false,820.00
4135476000,4136276000,800000,13000,50000,0.00,804.71,804.71,true,false,false,820.00
4136276000,4137148000,872000,25000,74000,0.00,804.71,768.51,true,false,false,820.00
4137148000,4137987000,839000,18000,63000,0.00,804.71,768.51,true,false,false,820.00
4137987000,4138739000,752000,17000,34000,0.00,804.71,802.35,true,false,false,820.00
4138739000,4139482000,743000,24000,31000,0.00,804.71,800.00,true,false,false,820.00
4139482000,4140222000,740000,27000,30000,0.00,804.71,797.67,true,false,false,820.00
4140222000,4140960000,738000,27000,29000,0.00,804.71,797.67,true,false,false,820.00
4140960000,4141698000,738000,27000,29000,0.00,804.71,797.67,true,false,false,820.00
4141698000,4142432000,734000,27000,28000,0.00,804.71,797.67,true,false,false,820.00
4142432000,4143167000,735000,28000,28000,0.00,804.71,797.67,true,false,false,820.00
4143167000,4143902000,735000,28000,28000,0.00,804.71,797.67,true,false,false,820.00
4143902000,4144636000,734000,28000,28000,0.00,804.71,797.67,true,false,false,820.00
4144636000,4145370000,734000,28000,28000,0.00,804.71,797.67,true,false,false,820.00
4145370000,4146104000,734000,28000,28000,0.00,804.71,797.67,true,false,false,820.00
4146104000,4146838000,734000,28000,28000,0.00,804.71,797.67,true,false,false,820.00
4146838000,4147572000,734000,28000,28000,0.00,804.71,797.67,true,false,false,820.00
4147572000,4148307000,735000,28000,28000,0.00,804.71,797.67,true,false,false,820.00
4148307000,4149042000,735000,28000,28000,0.00,804.71,797.67,true,false,false,820.00
4149042000,4149776000,734000,28000,28000,0.00,804.71,797.67,true,false,false,820.00
4149776000,4150510000,734000,28000,28000,0.00,804.71,797.67,true,false,false,820.00
4150510000,4151244000,734000,28000,28000,0.00,804.71,797.67,true,false,false,820.00
4151244000,4151978000,734000,28000,28000,0.00,804.71,797.67,true,false,false,820.00
4151978000,4152712000,734000,28000,28000,0.00,804.71,797.67,true,false,false,820.00
4152712000,4153447000,735000,28000,28000,0.00,804.71,797.67,true,false,false,820.00
4153447000,4154182000,735000,28000,28000,0.00,804.71,797.67,true,false,true,820.00
4154182000,4154916000,734000,28000,28000,2.80,0.00,797.67,true,false,false,820.00
4154916000,4155650000,734000,28000,28000,2.80,797.67,797.67,true,false,false,820.00
4155650000,4156384000,734000,28000,28000,2.80,797.67,797.67,true,false,false,820.00
4156384000,4160179000,3795000,28000,28000,2.80,797.67,819.08,false,true,false,820.00
4160179000,4161138000,959000,18000,103000,1.80,797.67,781.70,true,false,false,806.00
4161138000,4161893000,755000,0,35000,0.00,797.67,778.74,true,false,false,806.00
4161893000,4162639000,746000,11000,32000,0.00,797.67,790.20,true,false,false,806.00
4162639000,4163373000,734000,19000,28000,0.00,797.67,790.20,true,false,false,806.00
4163373000,4164098000,725000,19000,25000,0.00,797.67,790.20,true,false,false,806.00
4164098000,4164826000,728000,21000,26000,0.00,797.67,787.88,true,false,false,806.00
4164826000,4165548000,722000,21000,24000,0.00,797.67,787.88,true,false,false,806.00
4165548000,4166270000,722000,22000,24000,0.00,797.67,787.11,true,false,false,806.00
4166270000,4166989000,719000,22000,23000,0.00,797.67,788.65,true,false,false,806.00
4166989000,4167708000,719000,22000,23000,0.00,797.67,788.65,true,false,false,806.00
4167708000,4168427000,719000,22000,23000,0.00,797.67,788.65,true,false,false,806.00
4168427000,4169147000,720000,22000,23000,0.00,797.67,788.65,true,false,false,806.00
4169147000,4169866000,719000,22000,23000,0.00,797.67,788.65,true,false,false,806.00
4169866000,4170585000,719000,22000,23000,0.00,797.67,788.65,true,false,false,806.00
4170585000,4171304000,719000,22000,23000,0.00,797.67,787.88,true,false,false,806.00
4171304000,4172023000,719000,22000,23000,0.00,797.67,788.65,true,false,false,806.00
4172023000,4172742000,719000,22000,23000,0.00,797.67,788.65,true,false,false,806.00
4172742000,4173461000,719000,22000,23000,0.00,797.67,788.65,true,false,false,806.00
4173461000,4174180000,719000,22000,23000,0.00,797.67,788.65,true,false,false,806.00
4174180000,4174899000,719000,22000,23000,0.00,797.67,788.65,true,false,false,806.00
4174899000,4175618000,719000,22000,23000,0.00,797.67,788.65,true,false,false,806.00
4175618000,4176337000,719000,22000,23000,0.00,797.67,788.65,true,false,false,806.00
4176337000,4177056000,719000,22000,23000,0.00,797.67,788.65,true,false,false,806.00
4177056000,4177775000,719000,22000,23000,0.00,797.67,788.65,true,false,false,806.00
4177775000,4178494000,719000,22000,23000,0.00,797.67,788.65,true,false,false,806.00
4178494000,4179213000,719000,22000,23000,0.00,797.67,788.65,true,false,true,806.00
4179213000,4179932000,719000,22000,23000,2.20,0.00,788.65,true,false,false,806.00
4179932000,4180651000,719000,22000,23000,2.20,788.65,788.65,true,false,false,806.00
4180651000,4181370000,719000,22000,23000,2.20,788.65,788.65,true,false,false,806.00
4181370000,4185073000,3703000,22000,22000,2.20,788.65,827.98,false,true,false,806.00
4185073000,4185837000,764000,0,38000,0.00,788.65,785.58,true,false,false,812.00
4185837000,4186616000,779000,19000,43000,0.00,793.74,793.74,true,false,false,812.00
4186616000,4187368000,752000,24000,34000,0.00,793.74,793.74,true,false,false,812.00
4187368000,4188105000,737000,25000,29000,0.00,793.74,789.88,true,false,false,812.00
4188105000,4188845000,740000,27000,30000,0.00,793.74,789.88,true,false,false,812.00
4188845000,4189582000,737000,27000,29000,0.00,793.74,789.88,true,false,false,812.00
4189582000,4190319000,737000,27000,29000,0.00,793.74,789.88,true,false,false,812.00
4190319000,4191053000,734000,28000,28000,0.00,793.74,789.88,true,false,false,812.00
4191053000,4191788000,735000,28000,28000,0.00,793.74,789.88,true,false,false,812.00
4191788000,4192522000,734000,28000,28000,0.00,793.74,789.88,true,false,false,812.00
4192522000,4193256000,734000,28000,28000,0.00,793.74,789.88,true,false,false,812.00
4193256000,4193990000,734000,28000,28000,0.00,793.74,789.88,true,false,false,812.00
4193990000,4194724000,734000,28000,28000,0.00,793.74,789.88,true,false,false,812.00
4194724000,4195458000,734000,28000,28000,0.00,793.74,789.88,true,false,false,812.00
4195458000,4196192000,734000,28000,28000,0.00,793.74,789.88,true,false,false,812.00
4196192000,4196926000,734000,28000,28000,0.00,793.74,789.88,true,false,false,812.00
4196926000,4197660000,734000,28000,28000,0.00,793.74,789.88,true,false,false,812.00
4197660000,4198394000,734000,28000,28000,0.00,793.74,789.88,true,false,false,812.00
4198394000,4199129000,735000,28000,28000,0.00,793.74,789.88,true,false,false,812.00
4199129000,4199863000,734000,28000,28000,0.00,793.74,789.88,true,false,false,812.00
4199863000,4200597000,734000,28000,28000,0.00,793.74,789.88,true,false,false,812.00
4200597000,4201331000,734000,28000,28000,0.00,793.74,789.88,true,false,false,812.00
4201331000,4202065000,734000,28000,28000,0.00,793.74,789.88,true,false,false,812.00
4202065000,4202799000,734000,28000,28000,0.00,793.74,789.88,true,false,false,812.00
4202799000,4203533000,734000,28000,28000,0.00,793.74,789.88,true,false,false,812.00
4203533000,4204267000,734000,28000,28000,0.00,793.74,789.88,true,false,true,812.00
4204267000,4205133000,866000,28000,72000,2.80,0.00,789.88,true,false,false,812.00
4205133000,4206108000,975000,35000,108000,2.80,744.95,744.95,true,false,false,812.00
4206108000,4206873000,765000,10000,38000,1.00,794.52,794.52,true,false,false,812.00
4206873000,4210483000,3610000,29000,29000,1.00,794.52,807.66,false,true,false,812.00
4210483000,4211229000,746000,9000,32000,0.90,794.52,803.96,true,false,false,815.00
4211229000,4211987000,758000,26000,36000,0.90,794.52,789.73,true,false,false,815.00
4211987000,4212733000,746000,26000,32000,0.90,794.52,791.26,true,false,false,815.00
4212733000,4213476000,743000,28000,31000,0.90,794.52,791.26,true,false,false,815.00
4213476000,4214216000,740000,28000,30000,0.90,794.52,791.26,true,false,false,815.00
4214216000,4214956000,740000,28000,30000,0.90,794.52,792.03,true,false,false,815.00
4214956000,4215696000,740000,29000,30000,0.90,794.52,792.03,true,false,false,815.00
4215696000,4216436000,740000,29000,30000,0.90,794.52,792.03,true,false,false,815.00
4216436000,4217173000,737000,29000,29000,0.90,794.52,792.03,true,false,false,815.00
4217173000,4217910000,737000,29000,29000,0.90,794.52,792.03,true,false,false,815.00
4217910000,4218647000,737000,29000,29000,0.90,794.52,792.03,true,false,false,815.00
4218647000,4219384000,737000,29000,29000,0.90,794.52,792.03,true,false,false,815.00
4219384000,4220121000,737000,29000,29000,0.90,794.52,792.03,true,false,false,815.00
4220121000,4220858000,737000,29000,29000,0.90,794.52,792.03,true,false,false,815.00
4220858000,4221596000,738000,29000,29000,0.90,794.52,792.03,true,false,false,815.00
4221596000,4222333000,737000,29000,29000,0.90,794.52,792.03,true,false,false,815.00
4222333000,4223070000,737000,29000,29000,0.90,794.52,792.03,true,false,false,815.00
4223070000,4223807000,737000,29000,29000,0.90,794.52,792.03,true,false,false,815.00
4223807000,4224544000,737000,29000,29000,0.90,794.52,792.03,true,false,false,815.00
4224544000,4225281000,737000,29000,29000,0.90,794.52,792.03,true,false,false,815.00
4225281000,4226018000,737000,29000,29000,0.90,794.52,792.03,true,false,false,815.00
4226018000,4226755000,737000,29000,29000,0.90,794.52,792.03,true,false,false,815.00
4226755000,4227492000,737000,29000,29000,0.90,794.52,792.03,true,false,false,815.00
4227492000,4228418000,926000,29000,92000,0.90,794.52,773.24,true,false,false,815.00
4228418000,4229407000,989000,21000,113000,0.90,794.52,768.87,true,false,false,815.00
4229407000,4230174000,767000,11000,39000,0.90,794.52,786.68,true,false,true,815.00
4230174000,4230941000,767000,23000,39000,2.30,0.00,786.68,true,false,false,815.00
4230941000,4231688000,747000,25000,32000,2.30,792.03,792.03,true,false,false,815.00
4231688000,4232431000,743000,27000,31000,2.30,792.03,792.03,true,false,false,815.00
4232431000,4236099000,3668000,29000,29000,2.30,792.03,833.80,false,true,false,815.00
4236099000,4236878000,779000,0,43000,0.00,792.03,798.24,true,false,false,819.00
4236878000,4237669000,791000,22000,47000,0.00,797.47,797.47,true,false,false,819.00
4237669000,4238430000,761000,27000,37000,0.00,797.47,797.47,true,false,false,819.00
4238430000,4239177000,747000,28000,32000,0.00,797.47,794.37,true,false,false,819.00
4239177000,4239923000,746000,30000,32000,0.00,797.47,793.60,true,false,false,819.00
4239923000,4240666000,743000,30000,31000,0.00,797.47,794.37,true,false,false,819.00
4240666000,4241409000,743000,30000,31000,0.00,797.47,794.37,true,false,false,819.00
4241409000,4242152000,743000,30000,31000,0.00,797.47,794.37,true,false,false,819.00
4242152000,4242895000,743000,30000,31000,0.00,797.47,794.37,true,false,false,819.00
4242895000,4243638000,743000,31000,31000,0.00,797.47,794.37,true,false,false,819.00
4243638000,4244381000,743000,31000,31000,0.00,797.47,794.37,true,false,false,819.00
4244381000,4245124000,743000,31000,31000,0.00,797.47,794.37,true,false,false,819.00
4245124000,4245868000,744000,31000,31000,0.00,797.47,794.37,true,false,false,819.00
4245868000,4246611000,743000,31000,31000,0.00,797.47,794.37,true,false,false,819.00
4246611000,4247354000,743000,31000,31000,0.00,797.47,794.37,true,false,false,819.00
4247354000,4248097000,743000,31000,31000,0.00,797.47,794.37,true,false,false,819.00
4248097000,4248840000,743000,31000,31000,0.00,797.47,794.37,true,false,false,819.00
4248840000,4249584000,744000,31000,31000,0.00,797.47,794.37,true,false,false,819.00
4249584000,4250327000,743000,31000,31000,0.00,797.47,794.37,true,false,false,819.00
4250327000,4251070000,743000,31000,31000,0.00,797.47,794.37,true,false,false,819.00
4251070000,4252009000,939000,31000,96000,0.00,797.47,753.45,true,false,false,819.00
4252009000,4253013000,1004000,25000,118000,0.00,797.47,795.15,true,false,false,819.00
4253013000,4253786000,773000,12000,41000,0.00,797.47,795.15,true,false,false,819.00
4253786000,4254556000,770000,25000,40000,0.00,797.47,789.78,true,false,false,819.00
4254556000,4255308000,752000,27000,34000,0.00,797.47,792.84,true,false,false,819.00
4255308000,4256057000,749000,29000,33000,0.00,797.47,794.37,true,false,true,819.00
4256057000,4256803000,746000,30000,32000,3.00,0.00,794.37,true,false,false,819.00
4256803000,4257546000,743000,30000,31000,3.00,795.15,795.15,true,false,false,819.00
4257546000,4258289000,743000,31000,31000,3.00,795.15,794.37,true,false,false,819.00
4258289000,4261998000,3709000,31000,31000,3.00,795.15,847.22,false,true,false,819.00
4261998000,4262795000,797000,0,49000,0.00,795.15,796.69,true,false,false,817.00
4262795000,4263608000,813000,14000,54000,0.00,800.20,800.20,true,false,false,817.00
4263608000,4264379000,771000,27000,40000,0.00,800.20,800.20,true,false,false,817.00
4264379000,4265128000,749000,26000,33000,0.00,800.20,793.97,true,false,false,817.00
4265128000,4265878000,750000,28000,33000,0.00,800.20,792.43,true,false,false,817.00
4265878000,4266622000,744000,29000,31000,0.00,800.20,793.20,true,false,false,817.00
4266622000,4267365000,743000,29000,31000,0.00,800.20,793.20,true,false,false,817.00
4267365000,4268106000,741000,30000,30000,0.00,800.20,793.20,true,false,false,817.00
4268106000,4268846000,740000,30000,30000,0.00,800.20,793.20,true,false,false,817.00
4268846000,4269586000,740000,30000,30000,0.00,800.20,793.20,true,false,false,817.00
4269586000,4270327000,741000,30000,30000,0.00,800.20,793.20,true,false,false,817.00
4270327000,4271067000,740000,30000,30000,0.00,800.20,793.20,true,false,false,817.00
4271067000,4271808000,741000,30000,30000,0.00,800.20,793.20,true,false,false,817.00
4271808000,4272549000,741000,30000,30000,0.00,800.20,793.20,true,false,false,817.00
4272549000,4273289000,740000,30000,30000,0.00,800.20,793.20,true,false,false,817.00
4273289000,4274029000,740000,30000,30000,0.00,800.20,793.20,true,false,false,817.00
4274029000,4274769000,740000,30000,30000,0.00,800.20,793.20,true,false,false,817.00
4274769000,4275584000,815000,30000,55000,0.00,800.20,793.20,true,false,false,817.00
4275584000,4276576000,992000,55000,114000,0.00,800.20,759.29,true,false,false,817.00
4276576000,4277415000,839000,12000,63000,0.00,800.20,785.58,true,false,false,817.00
4277415000,4278185000,770000,28000,40000,0.00,800.20,787.85,true,false,false,817.00
4278185000,4278934000,749000,24000,33000,0.00,800.20,793.20,true,false,false,817.00
4278934000,4279683000,749000,28000,33000,0.00,800.20,793.20,true,false,false,817.00
4279683000,4280427000,744000,28000,31000,0.00,800.20,793.20,true,false,false,817.00
4280427000,4281170000,743000,29000,31000,0.00,800.20,793.20,true,false,false,817.00
4281170000,4281911000,741000,30000,30000,0.00,800.20,793.20,true,false,true,817.00
4281911000,4282651000,740000,30000,30000,3.00,0.00,793.20,true,false,false,817.00
4282651000,4283392000,741000,30000,30000,3.00,793.20,793.20,true,false,false,817.00
4283392000,4284132000,740000,30000,30000,3.00,793.20,793.20,true,false,false,817.00
4284132000,4287838000,3706000,30000,30000,3.00,793.20,846.15,false,true,false,817.00
4287838000,4288635000,797000,0,49000,0.00,793.20,793.97,true,false,false,815.00
4288635000,4289444000,809000,12000,53000,0.00,799.02,799.02,true,false,false,815.00
4289444000,4290211000,767000,27000,39000,0.00,799.02,799.02,true,false,false,815.00
4290211000,4290957000,746000,25000,32000,0.00,799.02,793.57,true,false,false,815.00
4290957000,4291703000,746000,27000,32000,0.00,799.02,791.26,true,false,false,815.00
4291703000,4292443000,740000,28000,30000,0.00,799.02,791.26,true,false,false,815.00
4292443000,4293183000,740000,28000,30000,0.00,799.02,791.26,true,false,false,815.00
4293183000,4293923000,740000,29000,30000,0.00,799.02,792.03,true,false,false,815.00
4293923000,4294664000,741000,29000,30000,0.00,799.02,792.03,true,false,false,815.00
4294664000,4295404000,740000,29000,30000,0.00,799.02,792.03,true,false,false,815.00
4295404000,4296144000,740000,29000,30000,0.00,799.02,792.03,true,false,false,815.00
4296144000,4296881000,737000,29000,29000,0.00,799.02,792.03,true,false,false,815.00
4296881000,4297618000,737000,29000,29000,0.00,799.02,792.03,true,false,false,815.00
4297618000,4298355000,737000,29000,29000,0.00,799.02,792.03,true,false,false,815.00
4298355000,4299093000,738000,29000,29000,0.00,799.02,792.03,true,false,false,815.00
4299093000,4300079000,986000,29000,112000,0.00,799.02,754.63,true,false,false,815.00
4300079000,4301042000,963000,11000,104000,0.00,799.02,791.26,true,false,false,815.00
4301042000,4301809000,767000,12000,39000,0.00,799.02,785.92,true,false,false,815.00
4301809000,4302555000,746000,23000,32000,0.00,799.02,785.92,true,false,false,815.00
4302555000,4303302000,747000,27000,32000,0.00,799.02,790.49,true,false,false,815.00
4303302000,4304042000,740000,27000,30000,0.00,799.02,792.03,true,false,false,815.00
4304042000,4304782000,740000,28000,30000,0.00,799.02,792.03,true,false,false,815.00
4304782000,4305522000,740000,29000,30000,0.00,799.02,792.03,true,false,false,815.00
4305522000,4306260000,738000,29000,29000,0.00,799.02,792.03,true,false,false,815.00
4306260000,4306997000,737000,29000,29000,0.00,799.02,792.03,true,false,false,815.00
4306997000,4307734000,737000,29000,29000,0.00,799.02,792.03,true,false,true,815.00
4307734000,4308471000,737000,29000,29000,2.90,0.00,792.03,true,false,false,815.00
4308471000,4309208000,737000,29000,29000,2.90,792.03,792.03,true,false,false,815.00
4309208000,4309945000,737000,29000,29000,2.90,792.03,792.03,true,false,false,815.00
4309945000,4313642000,3697000,29000,29000,2.90,792.03,843.72,false,true,false,815.00
4313642000,4314434000,792000,0,47000,0.00,792.03,792.03,true,false,false,814.00
4314434000,4315240000,806000,13000,52000,0.00,798.04,798.04,true,false,false,814.00
4315240000,4316007000,767000,26000,39000,0.00,798.04,798.04,true,false,false,814.00
4316007000,4316750000,743000,25000,31000,0.00,798.04,793.37,true,false,false,814.00
4316750000,4317496000,746000,27000,32000,0.00,798.04,790.29,true,false,false,814.00
4317496000,4318236000,740000,27000,30000,0.00,798.04,791.06,true,false,false,814.00
4318236000,4318973000,737000,28000,29000,0.00,798.04,791.06,true,false,false,814.00
4318973000,4319710000,737000,28000,29000,0.00,798.04,791.06,true,false,false,814.00
4319710000,4320447000,737000,29000,29000,0.00,798.04,791.06,true,false,false,814.00
4320447000,4321184000,737000,29000,29000,0.00,798.04,791.06,true,false,false,814.00
4321184000,4321921000,737000,29000,29000,0.00,798.04,791.06,true,false,false,814.00
4321921000,4322658000,737000,29000,29000,0.00,798.04,791.06,true,false,false,814.00
4322658000,4323629000,971000,29000,107000,0.00,798.04,746.10,true,false,false,814.00
4323629000,4324619000,990000,13000,113000,0.00,798.04,796.48,true,false,false,814.00
4324619000,4325386000,767000,10000,39000,0.00,798.04,788.00,true,false,false,814.00
4325386000,4326135000,749000,22000,33000,0.00,798.04,788.00,true,false,false,814.00
4326135000,4326881000,746000,27000,32000,0.00,798.04,789.52,true,false,false,814.00
4326881000,4327622000,741000,27000,30000,0.00,798.04,791.06,true,false,false,814.00
4327622000,4328363000,741000,28000,30000,0.00,798.04,791.06,true,false,false,814.00
4328363000,4329100000,737000,28000,29000,0.00,798.04,791.83,true,false,false,814.00
4329100000,4329837000,737000,29000,29000,0.00,798.04,791.06,true,false,false,814.00
4329837000,4330575000,738000,29000,29000,0.00,798.04,791.06,true,false,false,814.00
4330575000,4331313000,738000,29000,29000,0.00,798.04,791.06,true,false,false,814.00
4331313000,4332050000,737000,29000,29000,0.00,798.04,791.06,true,false,false,814.00
4332050000,4332787000,737000,29000,29000,0.00,798.04,791.06,true,false,false,814.00
4332787000,4333525000,738000,29000,29000,0.00,798.04,791.06,true,false,true,814.00
4333525000,4334262000,737000,29000,29000,2.90,0.00,791.06,true,false,false,814.00
4334262000,4334999000,737000,29000,29000,2.90,791.06,791.06,true,false,false,814.00
4334999000,4335736000,737000,29000,29000,2.90,791.06,791.06,true,false,false,814.00
4335736000,4339432000,3696000,29000,29000,2.90,791.06,842.79,false,true,false,814.00
4339432000,4340223000,791000,0,47000,0.00,791.06,791.06,true,false,false,813.00
4340223000,4341026000,803000,11000,51000,0.00,797.84,797.84,true,false,false,813.00
4341026000,4341793000,767000,26000,39000,0.00,797.84,797.84,true,false,false,813.00
4341793000,4342536000,743000,24000,31000,0.00,797.84,792.40,true,false,false,813.00
4342536000,4343279000,743000,27000,31000,0.00,797.84,790.09,true,false,false,813.00
4343279000,4344019000,740000,27000,30000,0.00,797.84,790.09,true,false,false,813.00
4344019000,4344756000,737000,28000,29000,0.00,797.84,790.09,true,false,false,813.00
4344756000,4345494000,738000,28000,29000,0.00,797.84,790.86,true,false,false,813.00
4345494000,4346231000,737000,28000,29000,0.00,797.84,790.86,true,false,false,813.00
4346231000,4347212000,981000,28000,110000,0.00,797.84,737.75,true,false,false,813.00
4347212000,4348195000,983000,13000,111000,0.00,800.99,800.99,true,false,false,813.00
4348195000,4348963000,768000,10000,39000,0.00,800.99,800.99,true,false,false,813.00
4348963000,4349709000,746000,22000,32000,0.00,800.99,791.63,true,false,false,813.00
4349709000,4350455000,746000,27000,32000,0.00,800.99,788.55,true,false,false,813.00
4350455000,4351195000,740000,26000,30000,0.00,800.99,790.09,true,false,false,813.00
4351195000,4351935000,740000,27000,30000,0.00,800.99,790.09,true,false,false,813.00
4351935000,4352672000,737000,28000,29000,0.00,800.99,790.86,true,false,false,813.00
4352672000,4353409000,737000,28000,29000,0.00,800.99,790.09,true,false,false,813.00
4353409000,4354146000,737000,28000,29000,0.00,800.99,790.09,true,false,false,813.00
4354146000,4354884000,738000,28000,29000,0.00,800.99,790.86,true,false,false,813.00
4354884000,4355621000,737000,28000,29000,0.00,800.99,790.86,true,false,false,813.00
4355621000,4356358000,737000,28000,29000,0.00,800.99,790.86,true,false,false,813.00
4356358000,4357095000,737000,28000,29000,0.00,800.99,790.86,true,false,false,813.00
4357095000,4357832000,737000,28000,29000,0.00,800.99,790.86,true,false,false,813.00
4357832000,4358569000,737000,28000,29000,0.00,800.99,790.86,true,false,false,813.00
4358569000,4359306000,737000,28000,29000,0.00,800.99,790.86,true,false,true,813.00
4359306000,4360044000,738000,28000,29000,2.80,0.00,790.86,true,false,false,813.00
4360044000,4360781000,737000,28000,29000,2.80,790.86,790.86,true,false,false,813.00
4360781000,4361518000,737000,28000,29000,2.80,790.86,790.86,true,false,false,813.00
4361518000,4365210000,3692000,28000,28000,2.80,790.86,840.63,false,true,false,813.00
4365210000,4365998000,788000,0,46000,0.00,790.86,790.86,true,false,false,813.00
4365998000,4366798000,800000,13000,50000,0.00,797.84,797.84,true,false,false,813.00
4366798000,4367563000,765000,26000,38000,0.00,797.84,797.84,true,false,false,813.00
4367563000,4368306000,743000,24000,31000,0.00,797.84,792.40,true,false,false,813.00
4368306000,4369049000,743000,27000,31000,0.00,797.84,790.09,true,false,false,813.00
4369049000,4369786000,737000,27000,29000,0.00,797.84,790.09,true,false,false,813.00
4369786000,4370763000,977000,28000,109000,0.00,797.84,790.09,true,false,false,813.00
4370763000,4371740000,977000,13000,109000,0.00,797.84,733.09,true,false,false,813.00
4371740000,4372507000,767000,10000,39000,0.00,804.15,804.15,true,false,false,813.00
4372507000,4373254000,747000,22000,32000,0.00,804.15,793.17,true,false,false,813.00
4373254000,4374000000,746000,27000,32000,0.00,804.15,790.86,true,false,false,813.00
4374000000,4374740000,740000,26000,30000,0.00,804.15,790.86,true,false,false,813.00
4374740000,4375480000,740000,27000,30000,0.00,804.15,790.09,true,false,false,813.00
4375480000,4376218000,738000,28000,29000,0.00,804.15,790.86,true,false,false,813.00
4376218000,4376955000,737000,28000,29000,0.00,804.15,790.86,true,false,false,813.00
4376955000,4377692000,737000,28000,29000,0.00,804.15,790.86,true,false,false,813.00
4377692000,4378429000,737000,28000,29000,0.00,804.15,790.09,true,false,false,813.00
4378429000,4379166000,737000,28000,29000,0.00,804.15,790.86,true,false,false,813.00
4379166000,4379903000,737000,28000,29000,0.00,804.15,790.86,true,false,false,813.00
4379903000,4380640000,737000,28000,29000,0.00,804.15,790.86,true,false,false,813.00
4380640000,4381378000,738000,28000,29000,0.00,804.15,790.86,true,false,false,813.00
4381378000,4382115000,737000,28000,29000,0.00,804.15,790.09,true,false,false,813.00
4382115000,4382852000,737000,28000,29000,0.00,804.15,790.09,true,false,false,813.00
4382852000,4383589000,737000,28000,29000,0.00,804.15,790.86,true,false,false,813.00
4383589000,4384326000,737000,28000,29000,0.00,804.15,790.86,true,false,false,813.00
4384326000,4385063000,737000,28000,29000,0.00,804.15,790.86,true,false,true,813.00
4385063000,4385800000,737000,28000,29000,2.80,0.00,790.86,true,false,false,813.00
4385800000,4386538000,738000,28000,29000,2.80,790.86,790.86,true,false,false,813.00
4386538000,4387275000,737000,28000,29000,2.80,790.86,790.09,true,false,false,813.00
4387275000,4390965000,3690000,28000,28000,2.80,790.86,840.63,false,true,false,813.00
4390965000,4391753000,788000,0,46000,0.00,790.86,790.86,true,false,false,813.00
4391753000,4392553000,800000,13000,50000,0.00,797.06,797.06,true,false,false,813.00
4392553000,4393317000,764000,25000,38000,0.00,797.06,797.06,true,false,false,813.00
4393317000,4394276000,959000,25000,103000,0.00,797.06,792.40,true,false,false,813.00
4394276000,4395232000,956000,13000,102000,0.00,797.06,747.93,true,false,false,813.00
4395232000,4395999000,767000,12000,39000,0.00,797.06,790.09,true,false,false,813.00
4395999000,4396742000,743000,22000,31000,0.00,797.06,792.40,true,false,false,813.00
4396742000,4397489000,747000,26000,32000,0.00,797.06,792.40,true,false,false,813.00
4397489000,4398230000,741000,26000,30000,0.00,797.06,791.63,true,false,false,813.00
4398230000,4398971000,741000,27000,30000,0.00,797.06,790.86,true,false,false,813.00
4398971000,4399709000,738000,28000,29000,0.00,797.06,790.09,true,false,false,813.00
4399709000,4400446000,737000,28000,29000,0.00,797.06,790.09,true,false,false,813.00
4400446000,4401183000,737000,28000,29000,0.00,797.06,790.86,true,false,false,813.00
4401183000,4401920000,737000,28000,29000,0.00,797.06,790.86,true,false,false,813.00
4401920000,4402657000,737000,28000,29000,0.00,797.06,790.86,true,false,false,813.00
4402657000,4403395000,738000,28000,29000,0.00,797.06,790.86,true,false,false,813.00
4403395000,4404132000,737000,28000,29000,0.00,797.06,790.86,true,false,false,813.00
4404132000,4404869000,737000,28000,29000,0.00,797.06,790.86,true,false,false,813.00
4404869000,4405606000,737000,28000,29000,0.00,797.06,790.86,true,false,false,813.00
4405606000,4406343000,737000,28000,29000,0.00,797.06,790.86,true,false,false,813.00
4406343000,4407080000,737000,28000,29000,0.00,797.06,790.86,true,false,false,813.00
4407080000,4407817000,737000,28000,29000,0.00,797.06,790.86,true,false,false,813.00
4407817000,4408555000,738000,28000,29000,0.00,797.06,790.86,true,false,false,813.00
4408555000,4409292000,737000,28000,29000,0.00,797.06,790.09,true,false,false,813.00
4409292000,4410029000,737000,28000,29000,0.00,797.06,790.86,true,false,false,813.00
4410029000,4410766000,737000,28000,29000,0.00,797.06,790.86,true,false,true,813.00
4410766000,4411503000,737000,28000,29000,2.80,0.00,790.86,true,false,false,813.00
4411503000,4412240000,737000,28000,29000,2.80,790.09,790.09,true,false,false,813.00
4412240000,4412977000,737000,28000,29000,2.80,790.86,790.86,true,false,false,813.00
4412977000,4416670000,3693000,28000,28000,2.80,790.86,840.63,false,true,false,813.00
4416670000,4417872000,1202000,0,184000,0.00,790.86,726.54,true,false,false,813.00
4417872000,4418780000,908000,12000,86000,0.00,790.86,786.27,true,false,false,813.00
4418780000,4419595000,815000,27000,55000,0.00,790.86,779.48,true,false,false,813.00
4419595000,4420365000,770000,24000,40000,0.00,790.86,784.75,true,false,false,813.00
4420365000,4421133000,768000,32000,39000,0.00,790.86,784.75,true,false,false,813.00
4421133000,4421894000,761000,33000,37000,0.00,790.86,786.27,true,false,false,813.00
4421894000,4422652000,758000,33000,36000,0.00,790.86,786.27,true,false,false,813.00
4422652000,4423410000,758000,34000,36000,0.00,790.86,786.27,true,false,false,813.00
4423410000,4424165000,755000,34000,35000,0.00,790.86,786.27,true,false,false,813.00
4424165000,4424920000,755000,34000,35000,0.00,790.86,785.51,true,false,false,813.00
4424920000,4425675000,755000,34000,35000,0.00,790.86,785.51,true,false,false,813.00
4425675000,4426431000,756000,34000,35000,0.00,790.86,785.51,true,false,false,813.00
4426431000,4427187000,756000,35000,35000,0.00,790.86,785.51,true,false,false,813.00
4427187000,4427942000,755000,35000,35000,0.00,790.86,785.51,true,false,false,813.00
4427942000,4428697000,755000,35000,35000,0.00,790.86,785.51,true,false,false,813.00
4428697000,4429453000,756000,35000,35000,0.00,790.86,785.51,true,false,false,813.00
4429453000,4430208000,755000,35000,35000,0.00,790.86,785.51,true,false,false,813.00
4430208000,4430963000,755000,35000,35000,0.00,790.86,785.51,true,false,false,813.00
4430963000,4431719000,756000,35000,35000,0.00,790.86,785.51,true,false,false,813.00
4431719000,4432474000,755000,35000,35000,0.00,790.86,785.51,true,false,false,813.00
4432474000,4433230000,756000,35000,35000,0.00,790.86,785.51,true,false,false,813.00
4433230000,4433985000,755000,35000,35000,0.00,790.86,785.51,true,false,false,813.00
4433985000,4434740000,755000,35000,35000,0.00,790.86,785.51,true,false,false,813.00
4434740000,4435495000,755000,35000,35000,0.00,790.86,785.51,true,false,false,813.00
4435495000,4436250000,755000,35000,35000,0.00,790.86,785.51,true,false,false,813.00
4436250000,4437005000,755000,35000,35000,0.00,790.86,785.51,true,false,true,813.00
4437005000,4437760000,755000,35000,35000,3.50,0.00,785.51,true,false,false,813.00
4437760000,4438515000,755000,35000,35000,3.50,785.51,785.51,true,false,false,813.00
4438515000,4439270000,755000,35000,35000,3.50,785.51,785.51,true,false,false,813.00
4439270000,4443107000,3837000,35000,35000,3.50,785.51,864.23,false,true,false,813.00
4443107000,4443895000,788000,0,46000,0.00,785.51,793.95,true,false,false,859.00
4443895000,4444692000,797000,3000,49000,0.00,822.01,822.01,true,false,false,859.00
4444692000,4445471000,779000,32000,43000,0.00,828.35,828.35,true,false,false,859.00
4445471000,4446241000,770000,37000,40000,0.00,828.35,828.35,true,false,false,859.00
4446241000,4447011000,770000,36000,40000,0.00,828.35,828.35,true,false,false,859.00
4447011000,4447778000,767000,37000,39000,0.00,828.35,827.55,true,false,false,859.00
4447778000,4448546000,768000,38000,39000,0.00,828.35,827.55,true,false,false,859.00
4448546000,4449313000,767000,38000,39000,0.00,828.35,826.76,true,false,false,859.00
4449313000,4450081000,768000,38000,39000,0.00,828.35,827.55,true,false,false,859.00
4450081000,4450848000,767000,38000,39000,0.00,828.35,827.55,true,false,false,859.00
4450848000,4451616000,768000,38000,39000,0.00,828.35,827.55,true,false,false,859.00
4451616000,4452383000,767000,38000,39000,0.00,828.35,826.76,true,false,false,859.00
4452383000,4453151000,768000,38000,39000,0.00,828.35,827.55,true,false,false,859.00
4453151000,4453918000,767000,38000,39000,0.00,828.35,827.55,true,false,false,859.00
4453918000,4454685000,767000,38000,39000,0.00,828.35,827.55,true,false,false,859.00
4454685000,4455452000,767000,38000,39000,0.00,828.35,827.55,true,false,false,859.00
4455452000,4456219000,767000,38000,39000,0.00,828.35,826.76,true,false,false,859.00
4456219000,4456986000,767000,38000,39000,0.00,828.35,827.55,true,false,false,859.00
4456986000,4457754000,768000,38000,39000,0.00,828.35,827.55,true,false,false,859.00
4457754000,4458521000,767000,38000,39000,0.00,828.35,827.55,true,false,false,859.00
4458521000,4459289000,768000,38000,39000,0.00,828.35,827.55,true,false,false,859.00
4459289000,4460056000,767000,38000,39000,0.00,828.35,826.76,true,false,false,859.00
4460056000,4460823000,767000,38000,39000,0.00,828.35,826.76,true,false,false,859.00
4460823000,4461590000,767000,38000,39000,0.00,828.35,827.55,true,false,false,859.00
4461590000,4462358000,768000,38000,39000,0.00,828.35,827.55,true,false,false,859.00
4462358000,4463125000,767000,38000,39000,0.00,828.35,826.76,true,false,true,859.00
4463125000,4463892000,767000,38000,39000,3.80,0.00,826.76,true,false,false,859.00
4463892000,4464740000,848000,38000,66000,3.80,826.76,826.76,true,false,false,859.00
4464740000,4465792000,1052000,65000,134000,3.80,826.76,767.65,true,false,false,859.00
4465792000,4469570000,3778000,79000,79000,3.80,826.76,858.96,false,true,false,859.00
4469570000,4470385000,815000,0,55000,0.10,826.76,858.96,true,false,false,859.00
4470385000,4471218000,833000,23000,61000,0.10,826.76,833.17,true,false,false,859.00
4471218000,4471994000,776000,31000,42000,0.10,828.35,828.35,true,false,false,859.00
4471994000,4472752000,758000,32000,36000,0.10,829.95,829.95,true,false,false,859.00
4472752000,4473511000,759000,34000,36000,0.10,829.95,829.95,true,false,false,859.00
4473511000,4474270000,759000,34000,36000,0.10,829.95,829.95,true,false,false,859.00
4474270000,4475025000,755000,34000,35000,0.10,829.95,829.95,true,false,false,859.00
4475025000,4475780000,755000,35000,35000,0.10,829.95,829.95,true,false,false,859.00
4475780000,4476536000,756000,35000,35000,0.10,829.95,829.95,true,false,false,859.00
4476536000,4477291000,755000,35000,35000,0.10,829.95,829.95,true,false,false,859.00
4477291000,4478046000,755000,35000,35000,0.10,829.95,829.95,true,false,false,859.00
4478046000,4478801000,755000,35000,35000,0.10,829.95,829.95,true,false,false,859.00
4478801000,4479556000,755000,35000,35000,0.10,829.95,829.95,true,false,false,859.00
4479556000,4480312000,756000,35000,35000,0.10,829.95,829.95,true,false,false,859.00
4480312000,4481067000,755000,35000,35000,0.10,829.95,829.95,true,false,false,859.00
4481067000,4481822000,755000,35000,35000,0.10,829.95,829.95,true,false,false,859.00
4481822000,4482578000,756000,35000,35000,0.10,829.95,829.95,true,false,false,859.00
4482578000,4483333000,755000,35000,35000,0.10,829.95,829.95,true,false,false,859.00
4483333000,4484088000,755000,35000,35000,0.10,829.95,829.95,true,false,false,859.00
4484088000,4484843000,755000,35000,35000,0.10,829.95,829.95,true,false,false,859.00
4484843000,4485598000,755000,35000,35000,0.10,829.95,829.95,true,false,false,859.00
4485598000,4486353000,755000,35000,35000,0.10,829.95,829.95,true,false,false,859.00
4486353000,4487108000,755000,35000,35000,0.10,829.95,829.95,true,false,false,859.00
4487108000,4487863000,755000,35000,35000,0.10,829.95,829.95,true,false,false,859.00
4487863000,4488618000,755000,35000,35000,0.10,829.95,829.95,true,false,false,859.00
4488618000,4489562000,944000,35000,98000,0.10,829.95,796.11,true,false,true,859.00
4489562000,4490575000,1013000,30000,121000,3.00,0.00,796.11,true,false,false,859.00
4490575000,4491354000,779000,16000,43000,1.60,834.79,834.79,true,false,false,859.00
4491354000,4492133000,779000,30000,43000,1.60,834.79,827.55,true,false,false,859.00
4492133000,4495794000,3661000,32000,32000,1.60,834.79,858.08,false,true,false,859.00
4495794000,4496564000,770000,8000,40000,0.80,834.79,852.18,true,false,false,864.00
4496564000,4497349000,785000,34000,45000,0.80,834.79,828.38,true,false,false,864.00
4497349000,4498116000,767000,34000,39000,0.80,834.79,831.57,true,false,false,864.00
4498116000,4498884000,768000,36000,39000,0.80,834.79,831.57,true,false,false,864.00
4498884000,4499648000,764000,36000,38000,0.80,834.79,833.17,true,false,false,864.00
4499648000,4500412000,764000,37000,38000,0.80,834.79,833.17,true,false,false,864.00
4500412000,4501176000,764000,37000,38000,0.80,834.79,833.17,true,false,false,864.00
4501176000,4501937000,761000,37000,37000,0.80,834.79,833.17,true,false,false,864.00
4501937000,4502698000,761000,37000,37000,0.80,834.79,833.17,true,false,false,864.00
4502698000,4503459000,761000,37000,37000,0.80,834.79,833.17,true,false,false,864.00
4503459000,4504220000,761000,37000,37000,0.80,834.79,833.17,true,false,false,864.00
4504220000,4504981000,761000,37000,37000,0.80,834.79,833.17,true,false,false,864.00
4504981000,4505742000,761000,37000,37000,0.80,834.79,833.17,true,false,false,864.00
4505742000,4506503000,761000,37000,37000,0.80,834.79,833.17,true,false,false,864.00
4506503000,4507264000,761000,37000,37000,0.80,834.79,833.17,true,false,false,864.00
4507264000,4508025000,761000,37000,37000,0.80,834.79,833.17,true,false,false,864.00
4508025000,4508786000,761000,37000,37000,0.80,834.79,833.17,true,false,false,864.00
4508786000,4509547000,761000,37000,37000,0.80,834.79,833.17,true,false,false,864.00
4509547000,4510308000,761000,37000,37000,0.80,834.79,833.17,true,false,false,864.00
4510308000,4511069000,761000,37000,37000,0.80,834.79,833.17,true,false,false,864.00
4511069000,4511830000,761000,37000,37000,0.80,834.79,833.17,true,false,false,864.00
4511830000,4512591000,761000,37000,37000,0.80,834.79,833.17,true,false,false,864.00
4512591000,4513544000,953000,37000,101000,0.80,834.79,787.60,true,false,false,864.00
4513544000,4514575000,1031000,33000,127000,0.80,834.79,834.78,true,false,false,864.00
4514575000,4515366000,791000,17000,47000,0.80,834.79,834.78,true,false,false,864.00
4515366000,4516157000,791000,32000,47000,0.80,834.79,826.79,true,false,true,864.00
4516157000,4516927000,770000,33000,40000,3.30,0.00,826.79,true,false,false,864.00
4516927000,4517694000,767000,36000,39000,3.30,833.17,833.17,true,false,false,864.00
4517694000,4518458000,764000,36000,38000,3.30,833.17,832.37,true,false,false,864.00
4518458000,4522211000,3753000,37000,37000,3.30,833.17,884.65,false,true,false,864.00
4522211000,4523018000,807000,0,52000,0.00,833.17,844.57,true,false,false,854.00
4523018000,4523842000,824000,20000,58000,0.00,833.17,832.36,true,false,false,854.00
4523842000,4524612000,770000,29000,40000,0.00,833.17,827.52,true,false,false,854.00
4524612000,4525364000,752000,29000,34000,0.00,833.17,827.52,true,false,false,854.00
4525364000,4526116000,752000,31000,34000,0.00,833.17,826.72,true,false,false,854.00
4526116000,4526866000,750000,31000,33000,0.00,833.17,826.72,true,false,false,854.00
4526866000,4527615000,749000,32000,33000,0.00,833.17,826.72,true,false,false,854.00
4527615000,4528365000,750000,32000,33000,0.00,833.17,827.52,true,false,false,854.00
4528365000,4529115000,750000,32000,33000,0.00,833.17,826.72,true,false,false,854.00
4529115000,4529864000,749000,32000,33000,0.00,833.17,826.72,true,false,false,854.00
4529864000,4530613000,749000,32000,33000,0.00,833.17,826.72,true,false,false,854.00
4530613000,4531362000,749000,32000,33000,0.00,833.17,827.52,true,false,false,854.00
4531362000,4532112000,750000,32000,33000,0.00,833.17,827.52,true,false,false,854.00
4532112000,4532861000,749000,32000,33000,0.00,833.17,826.72,true,false,false,854.00
4532861000,4533610000,749000,32000,33000,0.00,833.17,826.72,true,false,false,854.00
4533610000,4534359000,749000,32000,33000,0.00,833.17,826.72,true,false,false,854.00
4534359000,4535108000,749000,32000,33000,0.00,833.17,827.52,true,false,false,854.00
4535108000,4535857000,749000,32000,33000,0.00,833.17,827.52,true,false,false,854.00
4535857000,4536606000,749000,32000,33000,0.00,833.17,827.52,true,false,false,854.00
4536606000,4537355000,749000,32000,33000,0.00,833.17,826.72,true,false,false,854.00
4537355000,4538350000,995000,32000,115000,0.00,833.17,780.62,true,false,false,854.00
4538350000,4539345000,995000,15000,115000,0.00,833.17,830.74,true,false,false,854.00
4539345000,4540115000,770000,15000,40000,0.00,833.17,825.12,true,false,false,854.00
4540115000,4540876000,761000,28000,37000,0.00,833.17,825.12,true,false,false,854.00
4540876000,4541631000,755000,32000,35000,0.00,833.17,825.92,true,false,false,854.00
4541631000,4542383000,752000,31000,34000,0.00,833.17,827.52,true,false,true,854.00
4542383000,4543135000,752000,32000,34000,3.20,0.00,827.52,true,false,false,854.00
4543135000,4543884000,749000,32000,33000,3.20,827.52,827.52,true,false,false,854.00
4543884000,4544633000,749000,32000,33000,3.20,827.52,827.52,true,false,false,854.00
4544633000,4548367000,3734000,33000,33000,3.20,827.52,878.32,false,true,false,854.00
4548367000,4549167000,800000,0,50000,0.00,827.52,834.80,true,false,false,846.00
4549167000,4549982000,815000,14000,55000,0.00,828.60,828.60,true,false,false,846.00
4549982000,4550746000,764000,26000,38000,0.00,828.60,822.16,true,false,false,846.00
4550746000,4551490000,744000,25000,31000,0.00,828.60,822.16,true,false,false,846.00
4551490000,4552233000,743000,27000,31000,0.00,828.60,822.16,true,false,false,846.00
4552233000,4552974000,741000,28000,30000,0.00,828.60,822.16,true,false,false,846.00
4552974000,4553711000,737000,28000,29000,0.00,828.60,822.16,true,false,false,846.00
4553711000,4554448000,737000,29000,29000,0.00,828.60,822.16,true,false,false,846.00
4554448000,4555185000,737000,29000,29000,0.00,828.60,822.16,true,false,false,846.00
4555185000,4555922000,737000,29000,29000,0.00,828.60,822.16,true,false,false,846.00
4555922000,4556659000,737000,29000,29000,0.00,828.60,822.16,true,false,false,846.00
4556659000,4557396000,737000,29000,29000,0.00,828.60,822.16,true,false,false,846.00
4557396000,4558133000,737000,29000,29000,0.00,828.60,822.16,true,false,false,846.00
4558133000,4558870000,737000,29000,29000,0.00,828.60,822.16,true,false,false,846.00
4558870000,4559607000,737000,29000,29000,0.00,828.60,822.16,true,false,false,846.00
4559607000,4560345000,738000,29000,29000,0.00,828.60,822.16,true,false,false,846.00
4560345000,4561082000,737000,29000,29000,0.00,828.60,822.16,true,false,false,846.00
4561082000,4562014000,932000,29000,94000,0.00,828.60,822.16,true,false,false,846.00
4562014000,4562976000,962000,17000,104000,0.00,828.60,767.00,true,false,false,846.00
4562976000,4563749000,773000,15000,41000,0.00,831.86,831.86,true,false,false,846.00
4563749000,4564519000,770000,27000,40000,0.00,831.86,822.16,true,false,false,846.00
4564519000,4565274000,755000,30000,35000,0.00,831.86,818.97,true,false,false,846.00
4565274000,4566026000,752000,31000,34000,0.00,831.86,818.97,true,false,false,846.00
4566026000,4566779000,753000,32000,34000,0.00,831.86,819.77,true,false,false,846.00
4566779000,4567528000,749000,32000,33000,0.00,831.86,819.77,true,false,false,846.00
4567528000,4568277000,749000,32000,33000,0.00,831.86,819.77,true,false,true,846.00
4568277000,4569026000,749000,32000,33000,3.20,0.00,819.77,true,false,false,846.00
4569026000,4569775000,749000,32000,33000,3.20,818.97,818.97,true,false,false,846.00
4569775000,4570524000,749000,32000,33000,3.20,819.77,819.77,true,false,false,846.00
4570524000,4574254000,3730000,33000,33000,3.20,819.77,871.68,false,true,false,846.00
4574254000,4575057000,803000,0,51000,0.00,819.77,826.17,true,false,false,839.00
4575057000,4575875000,818000,14000,56000,0.00,821.74,821.74,true,false,false,839.00
4575875000,4576642000,767000,26000,39000,0.00,821.74,815.35,true,false,false,839.00
4576642000,4577385000,743000,25000,31000,0.00,821.74,815.35,true,false,false,839.00
4577385000,4578131000,746000,28000,32000,0.00,821.74,814.56,true,false,false,839.00
4578131000,4578871000,740000,28000,30000,0.00,821.74,814.56,true,false,false,839.00
4578871000,4579611000,740000,29000,30000,0.00,821.74,814.56,true,false,false,839.00
4579611000,4580352000,741000,29000,30000,0.00,821.74,815.35,true,false,false,839.00
4580352000,4581092000,740000,29000,30000,0.00,821.74,815.35,true,false,false,839.00
4581092000,4581832000,740000,29000,30000,0.00,821.74,815.35,true,false,false,839.00
4581832000,4582572000,740000,29000,30000,0.00,821.74,815.35,true,false,false,839.00
4582572000,4583312000,740000,29000,30000,0.00,821.74,814.56,true,false,false,839.00
4583312000,4584052000,740000,29000,30000,0.00,821.74,815.35,true,false,false,839.00
4584052000,4584793000,741000,29000,30000,0.00,821.74,815.35,true,false,false,839.00
4584793000,4585716000,923000,29000,91000,0.00,821.74,815.35,true,false,false,839.00
4585716000,4586684000,968000,23000,106000,0.00,821.74,759.28,true,false,false,839.00
4586684000,4587451000,767000,11000,39000,0.00,828.23,828.23,true,false,false,839.00
4587451000,4588215000,764000,24000,38000,0.00,828.23,817.74,true,false,false,839.00
4588215000,4588961000,746000,25000,32000,0.00,828.23,817.74,true,false,false,839.00
4588961000,4589704000,743000,28000,31000,0.00,828.23,814.56,true,false,false,839.00
4589704000,4590445000,741000,28000,30000,0.00,828.23,814.56,true,false,false,839.00
4590445000,4591185000,740000,28000,30000,0.00,828.23,815.35,true,false,false,839.00
4591185000,4591925000,740000,29000,30000,0.00,828.23,815.35,true,false,false,839.00
4591925000,4592665000,740000,29000,30000,0.00,828.23,815.35,true,false,false,839.00
4592665000,4593405000,740000,29000,30000,0.00,828.23,815.35,true,false,false,839.00
4593405000,4594146000,741000,29000,30000,0.00,828.23,815.35,true,false,true,839.00
4594146000,4594886000,740000,29000,30000,2.90,0.00,815.35,true,false,false,839.00
4594886000,4595627000,741000,29000,30000,2.90,815.35,815.35,true,false,false,839.00
4595627000,4596367000,740000,29000,30000,2.90,815.35,815.35,true,false,false,839.00
4596367000,4600072000,3705000,29000,29000,2.90,815.35,864.81,false,true,false,839.00
4600072000,4600857000,785000,0,45000,0.00,815.35,817.74,true,false,false,836.00
4600857000,4601660000,803000,14000,51000,0.00,820.41,820.41,true,false,false,836.00
4601660000,4602422000,762000,25000,37000,0.00,820.41,820.41,true,false,false,836.00
4602422000,4603162000,740000,24000,30000,0.00,820.41,814.02,true,false,false,836.00
4603162000,4603905000,743000,27000,31000,0.00,820.41,812.44,true,false,false,836.00
4603905000,4604642000,737000,27000,29000,0.00,820.41,813.23,true,false,false,836.00
4604642000,4605380000,738000,27000,29000,0.00,820.41,813.23,true,false,false,836.00
4605380000,4606114000,734000,28000,28000,0.00,820.41,813.23,true,false,false,836.00
4606114000,4606848000,734000,28000,28000,0.00,820.41,813.23,true,false,false,836.00
4606848000,4607583000,735000,28000,28000,0.00,820.41,813.23,true,false,false,836.00
4607583000,4608317000,734000,28000,28000,0.00,820.41,813.23,true,false,false,836.00
4608317000,4609168000,851000,28000,67000,0.00,820.41,813.23,true,false,false,836.00
4609168000,4610125000,957000,41000,102000,0.00,820.41,759.31,true,false,false,836.00
4610125000,4610901000,776000,14000,42000,0.00,822.83,822.83,true,false,false,836.00
4610901000,4611674000,773000,28000,41000,0.00,822.83,822.83,true,false,false,836.00
4611674000,4612427000,753000,26000,34000,0.00,822.83,812.44,true,false,false,836.00
4612427000,4613179000,752000,29000,34000,0.00,822.83,810.08,true,false,false,836.00
4613179000,4613929000,750000,30000,33000,0.00,822.83,810.08,true,false,false,836.00
4613929000,4614675000,746000,30000,32000,0.00,822.83,810.08,true,false,false,836.00
4614675000,4615421000,746000,31000,32000,0.00,822.83,810.86,true,false,false,836.00
4615421000,4616167000,746000,31000,32000,0.00,822.83,810.86,true,false,false,836.00
4616167000,4616913000,746000,31000,32000,0.00,822.83,810.86,true,false,false,836.00
4616913000,4617659000,746000,31000,32000,0.00,822.83,810.86,true,false,false,836.00
4617659000,4618406000,747000,31000,32000,0.00,822.83,810.86,true,false,false,836.00
4618406000,4619153000,747000,31000,32000,0.00,822.83,810.86,true,false,false,836.00
4619153000,4619899000,746000,31000,32000,0.00,822.83,810.86,true,false,true,836.00
4619899000,4620645000,746000,31000,32000,3.10,0.00,810.86,true,false,false,836.00
4620645000,4621392000,747000,31000,32000,3.10,810.08,810.08,true,false,false,836.00
4621392000,4622138000,746000,31000,32000,3.10,810.86,810.86,true,false,false,836.00
4622138000,4625857000,3719000,32000,32000,3.10,810.86,862.80,false,true,false,836.00
4625857000,4626657000,800000,0,50000,0.00,810.86,814.81,true,false,false,831.00
4626657000,4627472000,815000,14000,55000,0.00,814.71,814.71,true,false,false,831.00
4627472000,4628239000,767000,26000,39000,0.00,814.71,807.58,true,false,false,831.00
4628239000,4628982000,743000,25000,31000,0.00,814.71,807.58,true,false,false,831.00
4628982000,4629728000,746000,28000,32000,0.00,814.71,806.80,true,false,false,831.00
4629728000,4630468000,740000,28000,30000,0.00,814.71,807.58,true,false,false,831.00
4630468000,4631208000,740000,29000,30000,0.00,814.71,807.58,true,false,false,831.00
4631208000,4631948000,740000,29000,30000,0.00,814.71,807.58,true,false,false,831.00
4631948000,4632688000,740000,29000,30000,0.00,814.71,807.58,true,false,false,831.00
4632688000,4633665000,977000,29000,109000,0.00,814.71,756.83,true,false,false,831.00
4633665000,4634600000,935000,11000,95000,0.00,815.51,815.51,true,false,false,831.00
4634600000,4635367000,767000,11000,39000,0.00,815.51,815.51,true,false,false,831.00
4635367000,4636116000,749000,24000,33000,0.00,815.51,807.58,true,false,false,831.00
4636116000,4636862000,746000,27000,32000,0.00,815.51,806.01,true,false,false,831.00
4636862000,4637602000,740000,27000,30000,0.00,815.51,807.58,true,false,false,831.00
4637602000,4638342000,740000,28000,30000,0.00,815.51,807.58,true,false,false,831.00
4638342000,4639083000,741000,29000,30000,0.00,815.51,807.58,true,false,false,831.00
4639083000,4639824000,741000,29000,30000,0.00,815.51,807.58,true,false,false,831.00
4639824000,4640565000,741000,29000,30000,0.00,815.51,807.58,true,false,false,831.00
4640565000,4641305000,740000,29000,30000,0.00,815.51,807.58,true,false,false,831.00
4641305000,4642046000,741000,29000,30000,0.00,815.51,807.58,true,false,false,831.00
4642046000,4642786000,740000,29000,30000,0.00,815.51,807.58,true,false,false,831.00
4642786000,4643526000,740000,29000,30000,0.00,815.51,807.58,true,false,false,831.00
4643526000,4644266000,740000,29000,30000,0.00,815.51,807.58,true,false,false,831.00
4644266000,4645007000,741000,29000,30000,0.00,815.51,807.58,true,false,false,831.00
4645007000,4645747000,740000,29000,30000,0.00,815.51,807.58,true,false,true,831.00
4645747000,4646484000,737000,29000,29000,2.90,0.00,807.58,true,false,false,831.00
4646484000,4647222000,738000,29000,29000,2.90,807.58,807.58,true,false,false,831.00
4647222000,4647960000,738000,29000,29000,2.90,807.58,807.58,true,false,false,831.00
4647960000,4651663000,3703000,29000,29000,2.90,807.58,857.28,false,true,false,831.00
4651663000,4652452000,789000,0,46000,0.00,807.58,808.37,true,false,false,829.00
4652452000,4653255000,803000,14000,51000,0.00,813.54,813.54,true,false,false,829.00
4653255000,4654019000,764000,25000,38000,0.00,813.54,813.54,true,false,false,829.00
4654019000,4654762000,743000,25000,31000,0.00,813.54,807.21,true,false,false,829.00
4654762000,4655505000,743000,27000,31000,0.00,813.54,805.64,true,false,false,829.00
4655505000,4656242000,737000,27000,29000,0.00,813.54,805.64,true,false,false,829.00
4656242000,4657208000,966000,28000,105000,0.00,813.54,805.64,true,false,false,829.00
4657208000,4658174000,966000,16000,105000,0.00,813.54,750.91,true,false,false,829.00
4658174000,4658951000,777000,15000,42000,0.00,816.75,816.75,true,false,false,829.00
4658951000,4659707000,756000,26000,35000,0.00,816.75,805.64,true,false,false,829.00
4659707000,4660463000,756000,30000,35000,0.00,816.75,803.29,true,false,false,829.00
4660463000,4661213000,750000,30000,33000,0.00,816.75,803.29,true,false,false,829.00
4661213000,4661962000,749000,31000,33000,0.00,816.75,803.29,true,false,false,829.00
4661962000,4662708000,746000,31000,32000,0.00,816.75,803.29,true,false,false,829.00
4662708000,4663455000,747000,31000,32000,0.00,816.75,803.29,true,false,false,829.00
4663455000,4664201000,746000,31000,32000,0.00,816.75,803.29,true,false,false,829.00
4664201000,4664947000,746000,31000,32000,0.00,816.75,803.29,true,false,false,829.00
4664947000,4665693000,746000,31000,32000,0.00,816.75,803.29,true,false,false,829.00
4665693000,4666439000,746000,31000,32000,0.00,816.75,803.29,true,false,false,829.00
4666439000,4667185000,746000,32000,32000,0.00,816.75,803.29,true,false,false,829.00
4667185000,4667931000,746000,32000,32000,0.00,816.75,803.29,true,false,false,829.00
4667931000,4668678000,747000,32000,32000,0.00,816.75,803.29,true,false,false,829.00
4668678000,4669424000,746000,32000,32000,0.00,816.75,803.29,true,false,false,829.00
4669424000,4670170000,746000,32000,32000,0.00,816.75,803.29,true,false,false,829.00
4670170000,4670916000,746000,32000,32000,0.00,816.75,803.29,true,false,false,829.00
4670916000,4671663000,747000,32000,32000,0.00,816.75,803.29,true,false,true,829.00
4671663000,4672410000,747000,32000,32000,3.20,0.00,803.29,true,false,false,829.00
4672410000,4673156000,746000,32000,32000,3.20,803.29,803.29,true,false,false,829.00
4673156000,4673902000,746000,32000,32000,3.20,803.29,803.29,true,false,false,829.00
4673902000,4677624000,3722000,32000,32000,3.20,803.29,858.20,false,true,false,829.00
4677624000,4678430000,806000,0,52000,0.00,803.29,807.21,true,false,false,824.00
4678430000,4679248000,818000,13000,56000,0.00,807.84,807.84,true,false,false,824.00
4679248000,4680018000,770000,27000,40000,0.00,807.84,800.78,true,false,false,824.00
4680018000,4680966000,948000,25000,99000,0.00,807.84,800.78,true,false,false,824.00
4680966000,4681925000,959000,15000,103000,0.00,807.84,754.58,true,false,false,824.00
4681925000,4682695000,770000,13000,40000,0.00,807.84,803.90,true,false,false,824.00
4682695000,4683453000,758000,24000,36000,0.00,807.84,803.12,true,false,false,824.00
4683453000,4684202000,749000,28000,33000,0.00,807.84,800.78,true,false,false,824.00
4684202000,4684945000,743000,28000,31000,0.00,807.84,800.78,true,false,false,824.00
4684945000,4685688000,743000,29000,31000,0.00,807.84,800.00,true,false,false,824.00
4685688000,4686428000,740000,29000,30000,0.00,807.84,800.78,true,false,false,824.00
4686428000,4687168000,740000,29000,30000,0.00,807.84,800.78,true,false,false,824.00
4687168000,4687908000,740000,29000,30000,0.00,807.84,800.00,true,false,false,824.00
4687908000,4688648000,740000,29000,30000,0.00,807.84,800.00,true,false,false,824.00
4688648000,4689388000,740000,29000,30000,0.00,807.84,800.00,true,false,false,824.00
4689388000,4690128000,740000,29000,30000,0.00,807.84,800.00,true,false,false,824.00
4690128000,4690868000,740000,29000,30000,0.00,807.84,800.00,true,false,false,824.00
4690868000,4691608000,740000,29000,30000,0.00,807.84,800.00,true,false,false,824.00
4691608000,4692349000,741000,29000,30000,0.00,807.84,800.00,true,false,false,824.00
4692349000,4693089000,740000,29000,30000,0.00,807.84,800.00,true,false,false,824.00
4693089000,4693829000,740000,29000,30000,0.00,807.84,800.00,true,false,false,824.00
4693829000,4694569000,740000,29000,30000,0.00,807.84,800.00,true,false,false,824.00
4694569000,4695309000,740000,29000,30000,0.00,807.84,800.00,true,false,false,824.00
4695309000,4696049000,740000,29000,30000,0.00,807.84,800.00,true,false,false,824.00
4696049000,4696789000,740000,29000,30000,0.00,807.84,800.00,true,false,false,824.00
4696789000,4697529000,740000,29000,30000,0.00,807.84,800.00,true,false,true,824.00
4697529000,4698269000,740000,29000,30000,2.90,0.00,800.00,true,false,false,824.00
4698269000,4699009000,740000,29000,30000,2.90,800.00,800.00,true,false,false,824.00
4699009000,4699749000,740000,30000,30000,2.90,800.00,800.00,true,false,false,824.00
4699749000,4703452000,3703000,30000,30000,2.90,800.00,850.65,false,true,false,824.00
4703452000,4704342000,890000,0,80000,0.00,800.00,790.03,true,false,false,822.00
4704342000,4705238000,896000,33000,82000,0.00,800.00,790.38,true,false,false,822.00
4705238000,4706093000,855000,49000,68000,0.00,800.00,779.15,true,false,false,822.00
4706093000,4706915000,822000,50000,57000,0.00,800.00,779.15,true,false,false,822.00
4706915000,4707733000,818000,52000,56000,0.00,800.00,778.41,true,false,false,822.00
4707733000,4708548000,815000,53000,55000,0.00,800.00,779.89,true,false,false,822.00
4708548000,4709363000,815000,53000,55000,0.00,800.00,779.89,true,false,false,822.00
4709363000,4710175000,812000,53000,54000,0.00,800.00,779.89,true,false,false,822.00
4710175000,4710987000,812000,54000,54000,0.00,800.00,779.89,true,false,false,822.00
4710987000,4711799000,812000,54000,54000,0.00,800.00,779.89,true,false,false,822.00
4711799000,4712611000,812000,54000,54000,0.00,800.00,779.89,true,false,false,822.00
4712611000,4713423000,812000,54000,54000,0.00,800.00,779.89,true,false,false,822.00
4713423000,4714235000,812000,54000,54000,0.00,800.00,779.89,true,false,false,822.00
4714235000,4715048000,813000,54000,54000,0.00,800.00,779.89,true,false,false,822.00
4715048000,4715860000,812000,54000,54000,0.00,800.00,779.89,true,false,false,822.00
4715860000,4716672000,812000,54000,54000,0.00,800.00,779.89,true,false,false,822.00
4716672000,4717484000,812000,54000,54000,0.00,800.00,779.89,true,false,false,822.00
4717484000,4718296000,812000,54000,54000,0.00,800.00,779.89,true,false,false,822.00
4718296000,4719108000,812000,54000,54000,0.00,800.00,779.89,true,false,false,822.00
4719108000,4719920000,812000,54000,54000,0.00,800.00,779.89,true,false,false,822.00
4719920000,4720732000,812000,54000,54000,0.00,800.00,779.89,true,false,false,822.00
4720732000,4721544000,812000,54000,54000,0.00,800.00,779.89,true,false,false,822.00
4721544000,4722357000,813000,54000,54000,0.00,800.00,779.89,true,false,false,822.00
4722357000,4723169000,812000,54000,54000,0.00,800.00,779.89,true,false,false,822.00
4723169000,4723981000,812000,54000,54000,0.00,800.00,779.89,true,false,false,822.00
4723981000,4724793000,812000,54000,54000,0.00,800.00,779.89,true,false,true,822.00
4724793000,4725605000,812000,54000,54000,5.40,0.00,779.89,true,false,false,822.00
4725605000,4726417000,812000,54000,54000,5.40,779.89,779.89,true,false,false,822.00
4726417000,4727230000,813000,54000,54000,5.40,779.89,779.89,true,false,false,822.00
4727230000,4731241000,4011000,54000,54000,5.40,779.89,837.70,false,true,false,822.00
4731241000,4732107000,866000,0,72000,0.00,779.89,805.09,true,false,false,813.00
4732107000,4732973000,866000,0,72000,0.00,804.15,804.15,true,false,false,813.00
4732973000,4733762000,789000,22000,46000,0.00,804.15,791.63,true,false,false,813.00
4733762000,4734511000,749000,23000,33000,0.00,804.15,788.55,true,false,false,813.00
4734511000,4735254000,743000,26000,31000,0.00,804.15,788.55,true,false,false,813.00
4735254000,4735994000,740000,28000,30000,0.00,804.15,790.09,true,false,false,813.00
4735994000,4736731000,737000,27000,29000,0.00,804.15,790.86,true,false,false,813.00
4736731000,4737468000,737000,28000,29000,0.00,804.15,790.86,true,false,false,813.00
4737468000,4738205000,737000,28000,29000,0.00,804.15,790.09,true,false,false,813.00
4738205000,4738943000,738000,28000,29000,0.00,804.15,790.86,true,false,false,813.00
4738943000,4739680000,737000,28000,29000,0.00,804.15,790.86,true,false,false,813.00
4739680000,4740418000,738000,28000,29000,0.00,804.15,790.86,true,false,false,813.00
4740418000,4741155000,737000,28000,29000,0.00,804.15,790.09,true,false,false,813.00
4741155000,4741892000,737000,28000,29000,0.00,804.15,790.86,true,false,false,813.00
4741892000,4742629000,737000,28000,29000,0.00,804.15,790.86,true,false,false,813.00
4742629000,4743366000,737000,28000,29000,0.00,804.15,790.86,true,false,false,813.00
4743366000,4744103000,737000,28000,29000,0.00,804.15,790.09,true,false,false,813.00
4744103000,4744840000,737000,28000,29000,0.00,804.15,790.86,true,false,false,813.00
4744840000,4745578000,738000,28000,29000,0.00,804.15,790.86,true,false,false,813.00
4745578000,4746315000,737000,28000,29000,0.00,804.15,790.86,true,false,false,813.00
4746315000,4747052000,737000,28000,29000,0.00,804.15,790.86,true,false,false,813.00
4747052000,4747789000,737000,28000,29000,0.00,804.15,790.86,true,false,false,813.00
4747789000,4748526000,737000,28000,29000,0.00,804.15,790.86,true,false,false,813.00
4748526000,4749263000,737000,28000,29000,0.00,804.15,790.09,true,false,false,813.00
4749263000,4750000000,737000,28000,29000,0.00,804.15,790.86,true,false,false,813.00
4750000000,4750738000,738000,28000,29000,0.00,804.15,790.86,true,false,true,813.00
4750738000,4751475000,737000,28000,29000,2.80,0.00,790.86,true,false,false,813.00
4751475000,4752212000,737000,28000,29000,2.80,790.86,790.86,true,false,false,813.00
4752212000,4753168000,956000,28000,102000,2.80,790.86,748.62,true,false,false,813.00
4753168000,4756847000,3679000,101000,101000,2.80,790.86,839.85,false,true,false,813.00
4756847000,4757636000,789000,0,46000,0.00,790.86,800.20,true,false,false,813.00
4757636000,4758436000,800000,13000,50000,0.00,798.62,798.62,true,false,false,813.00
4758436000,4759200000,764000,25000,38000,0.00,798.62,790.09,true,false,false,813.00
4759200000,4759943000,743000,24000,31000,0.00,798.62,790.09,true,false,false,813.00
4759943000,4760686000,743000,27000,31000,0.00,798.62,789.32,true,false,false,813.00
4760686000,4761424000,738000,27000,29000,0.00,798.62,790.09,true,false,false,813.00
4761424000,4762161000,737000,28000,29000,0.00,798.62,790.09,true,false,false,813.00
4762161000,4762899000,738000,28000,29000,0.00,798.62,790.86,true,false,false,813.00
4762899000,4763637000,738000,28000,29000,0.00,798.62,790.86,true,false,false,813.00
4763637000,4764374000,737000,28000,29000,0.00,798.62,790.09,true,false,false,813.00
4764374000,4765111000,737000,28000,29000,0.00,798.62,790.09,true,false,false,813.00
4765111000,4765848000,737000,28000,29000,0.00,798.62,790.86,true,false,false,813.00
4765848000,4766585000,737000,28000,29000,0.00,798.62,790.86,true,false,false,813.00
4766585000,4767322000,737000,28000,29000,0.00,798.62,790.86,true,false,false,813.00
4767322000,4768059000,737000,28000,29000,0.00,798.62,790.86,true,false,false,813.00
4768059000,4768797000,738000,28000,29000,0.00,798.62,790.86,true,false,false,813.00
4768797000,4769534000,737000,28000,29000,0.00,798.62,790.09,true,false,false,813.00
4769534000,4770271000,737000,28000,29000,0.00,798.62,790.09,true,false,false,813.00
4770271000,4771008000,737000,28000,29000,0.00,798.62,790.86,true,false,false,813.00
4771008000,4771745000,737000,28000,29000,0.00,798.62,790.86,true,false,false,813.00
4771745000,4772482000,737000,28000,29000,0.00,798.62,790.09,true,false,false,813.00
4772482000,4773219000,737000,28000,29000,0.00,798.62,790.09,true,false,false,813.00
4773219000,4773957000,738000,28000,29000,0.00,798.62,790.86,true,false,false,813.00
4773957000,4774694000,737000,28000,29000,0.00,798.62,790.09,true,false,false,813.00
4774694000,4775431000,737000,28000,29000,0.00,798.62,790.09,true,false,false,813.00
4775431000,4776352000,921000,28000,90000,0.00,798.62,790.86,true,false,true,813.00
4776352000,4777338000,986000,19000,112000,1.90,0.00,790.86,true,false,false,813.00
4777338000,4778105000,767000,10000,39000,1.00,795.50,795.50,true,false,false,813.00
4778105000,4778872000,767000,22000,39000,1.00,795.50,788.55,true,false,false,813.00
4778872000,4782488000,3616000,24000,24000,1.00,795.50,810.16,false,true,false,813.00
4782488000,4783235000,747000,9000,32000,0.90,795.50,804.95,true,false,false,822.00
4783235000,4784005000,770000,29000,40000,0.90,795.50,791.15,true,false,false,822.00
4784005000,4784757000,752000,29000,34000,0.90,795.50,794.97,true,false,false,822.00
4784757000,4785509000,752000,31000,34000,0.90,795.50,794.97,true,false,false,822.00
4785509000,4786258000,749000,31000,33000,0.90,796.51,796.51,true,false,false,822.00
4786258000,4787007000,749000,31000,33000,0.90,796.51,796.51,true,false,false,822.00
4787007000,4787756000,749000,32000,33000,0.90,796.51,796.51,true,false,false,822.00
4787756000,4788506000,750000,32000,33000,0.90,796.51,796.51,true,false,false,822.00
4788506000,4789252000,746000,32000,32000,0.90,796.51,796.51,true,false,false,822.00
4789252000,4789998000,746000,32000,32000,0.90,796.51,796.51,true,false,false,822.00
4789998000,4790745000,747000,32000,32000,0.90,796.51,796.51,true,false,false,822.00
4790745000,4791491000,746000,32000,32000,0.90,796.51,796.51,true,false,false,822.00
4791491000,4792237000,746000,32000,32000,0.90,796.51,796.51,true,false,false,822.00
4792237000,4792983000,746000,32000,32000,0.90,796.51,796.51,true,false,false,822.00
4792983000,4793730000,747000,32000,32000,0.90,796.51,796.51,true,false,false,822.00
4793730000,4794477000,747000,32000,32000,0.90,796.51,796.51,true,false,false,822.00
4794477000,4795224000,747000,32000,32000,0.90,796.51,796.51,true,false,false,822.00
4795224000,4795970000,746000,32000,32000,0.90,796.51,796.51,true,false,false,822.00
4795970000,4796716000,746000,32000,32000,0.90,796.51,796.51,true,false,false,822.00
4796716000,4797462000,746000,32000,32000,0.90,796.51,796.51,true,false,false,822.00
4797462000,4798208000,746000,32000,32000,0.90,796.51,796.51,true,false,false,822.00
4798208000,4798954000,746000,32000,32000,0.90,796.51,796.51,true,false,false,822.00
4798954000,4799944000,990000,32000,113000,0.90,796.51,796.51,true,false,false,822.00
4799944000,4800952000,1008000,13000,119000,0.90,796.51,749.32,true,false,false,822.00
4800952000,4801719000,767000,9000,39000,0.90,797.28,797.28,true,false,false,822.00
4801719000,4802474000,755000,23000,35000,0.90,801.17,801.17,true,false,true,822.00
4802474000,4803220000,746000,27000,32000,2.70,0.00,801.17,true,false,false,822.00
4803220000,4803960000,740000,27000,30000,2.70,799.61,799.61,true,false,false,822.00
4803960000,4804700000,740000,28000,30000,2.70,799.61,798.83,true,false,false,822.00
4804700000,4808390000,3690000,28000,28000,2.70,799.61,846.37,false,true,false,822.00
4808390000,4809175000,785000,0,45000,0.00,799.61,801.17,true,false,false,822.00
4809175000,4809975000,800000,15000,50000,0.00,805.88,805.88,true,false,false,822.00
4809975000,4810736000,761000,26000,37000,0.00,805.88,805.88,true,false,false,822.00
4810736000,4811479000,743000,25000,31000,0.00,805.88,799.61,true,false,false,822.00
4811479000,4812225000,746000,27000,32000,0.00,805.88,798.06,true,false,false,822.00
4812225000,4812966000,741000,27000,30000,0.00,805.88,798.83,true,false,false,822.00
4812966000,4813704000,738000,28000,29000,0.00,805.88,798.83,true,false,false,822.00
4813704000,4814441000,737000,28000,29000,0.00,805.88,798.83,true,false,false,822.00
4814441000,4815178000,737000,29000,29000,0.00,805.88,798.83,true,false,false,822.00
4815178000,4815915000,737000,29000,29000,0.00,805.88,798.83,true,false,false,822.00
4815915000,4816652000,737000,29000,29000,0.00,805.88,798.83,true,false,false,822.00
4816652000,4817389000,737000,29000,29000,0.00,805.88,798.83,true,false,false,822.00
4817389000,4818126000,737000,29000,29000,0.00,805.88,798.83,true,false,false,822.00
4818126000,4818863000,737000,29000,29000,0.00,805.88,798.83,true,false,false,822.00
4818863000,4819600000,737000,29000,29000,0.00,805.88,798.83,true,false,false,822.00
4819600000,4820338000,738000,29000,29000,0.00,805.88,798.83,true,false,false,822.00
4820338000,4821075000,737000,29000,29000,0.00,805.88,798.83,true,false,false,822.00
4821075000,4821812000,737000,29000,29000,0.00,805.88,798.83,true,false,false,822.00
4821812000,4822549000,737000,29000,29000,0.00,805.88,798.83,true,false,false,822.00
4822549000,4823502000,953000,29000,101000,0.00,805.88,759.00,true,false,false,822.00
4823502000,4824482000,980000,14000,110000,0.00,805.88,799.61,true,false,false,822.00
4824482000,4825249000,767000,10000,39000,0.00,805.88,794.20,true,false,false,822.00
4825249000,4826005000,756000,23000,35000,0.00,805.88,794.20,true,false,false,822.00
4826005000,4826752000,747000,27000,32000,0.00,805.88,797.28,true,false,false,822.00
4826752000,4827493000,741000,27000,30000,0.00,805.88,799.61,true,false,false,822.00
4827493000,4828233000,740000,28000,30000,0.00,805.88,799.61,true,false,true,822.00
4828233000,4828970000,737000,28000,29000,2.80,0.00,799.61,true,false,false,822.00
4828970000,4829707000,737000,29000,29000,2.80,798.83,798.83,true,false,false,822.00
4829707000,4830444000,737000,29000,29000,2.80,798.83,798.83,true,false,false,822.00
4830444000,4834139000,3695000,29000,29000,2.80,798.83,848.37,false,true,false,822.00
4834139000,4834927000,788000,0,46000,0.00,798.83,798.83,true,false,false,822.00
4834927000,4835730000,803000,15000,51000,0.00,806.67,806.67,true,false,false,822.00
4835730000,4836494000,764000,26000,38000,0.00,806.67,806.67,true,false,false,822.00
4836494000,4837237000,743000,25000,31000,0.00,806.67,800.39,true,false,false,822.00
4837237000,4837980000,743000,27000,31000,0.00,806.67,798.83,true,false,false,822.00
4837980000,4838720000,740000,28000,30000,0.00,806.67,798.83,true,false,false,822.00
4838720000,4839457000,737000,28000,29000,0.00,806.67,798.83,true,false,false,822.00
4839457000,4840194000,737000,28000,29000,0.00,806.67,798.83,true,false,false,822.00
4840194000,4840931000,737000,29000,29000,0.00,806.67,798.83,true,false,false,822.00
4840931000,4841668000,737000,29000,29000,0.00,806.67,798.83,true,false,false,822.00
4841668000,4842405000,737000,29000,29000,0.00,806.67,798.83,true,false,false,822.00
4842405000,4843142000,737000,29000,29000,0.00,806.67,798.83,true,false,false,822.00
4843142000,4843879000,737000,29000,29000,0.00,806.67,798.83,true,false,false,822.00
4843879000,4844616000,737000,29000,29000,0.00,806.67,798.83,true,false,false,822.00
4844616000,4845353000,737000,29000,29000,0.00,806.67,798.83,true,false,false,822.00
4845353000,4846091000,738000,29000,29000,0.00,806.67,798.83,true,false,false,822.00
4846091000,4847045000,954000,29000,101000,0.00,806.67,750.68,true,false,false,822.00
4847045000,4848028000,983000,14000,111000,0.00,806.67,805.09,true,false,false,822.00
4848028000,4848795000,767000,10000,39000,0.00,806.67,805.09,true,false,false,822.00
4848795000,4849550000,755000,23000,35000,0.00,806.67,797.28,true,false,false,822.00
4849550000,4850297000,747000,27000,32000,0.00,806.67,798.06,true,false,false,822.00
4850297000,4851037000,740000,27000,30000,0.00,806.67,798.83,true,false,false,822.00
4851037000,4851778000,741000,28000,30000,0.00,806.67,798.83,true,false,false,822.00
4851778000,4852515000,737000,28000,29000,0.00,806.67,798.83,true,false,false,822.00
4852515000,4853252000,737000,29000,29000,0.00,806.67,798.83,true,false,false,822.00
4853252000,4853989000,737000,29000,29000,0.00,806.67,798.83,true,false,true,822.00
4853989000,4854726000,737000,29000,29000,2.90,0.00,798.83,true,false,false,822.00
4854726000,4855463000,737000,29000,29000,2.90,798.83,798.83,true,false,false,822.00
4855463000,4856200000,737000,29000,29000,2.90,798.83,798.83,true,false,false,822.00
4856200000,4859901000,3701000,29000,29000,2.90,798.83,850.37,false,true,false,822.00
4859901000,4860692000,791000,0,47000,0.00,798.83,798.83,true,false,false,820.00
4860692000,4861495000,803000,12000,51000,0.00,805.50,805.50,true,false,false,820.00
4861495000,4862259000,764000,25000,38000,0.00,805.50,805.50,true,false,false,820.00
4862259000,4862999000,740000,24000,30000,0.00,805.50,799.22,true,false,false,820.00
4862999000,4863742000,743000,27000,31000,0.00,805.50,796.89,true,false,false,820.00
4863742000,4864479000,737000,27000,29000,0.00,805.50,797.67,true,false,false,820.00
4864479000,4865216000,737000,27000,29000,0.00,805.50,797.67,true,false,false,820.00
4865216000,4865950000,734000,28000,28000,0.00,805.50,797.67,true,false,false,820.00
4865950000,4866684000,734000,28000,28000,0.00,805.50,797.67,true,false,false,820.00
4866684000,4867419000,735000,28000,28000,0.00,805.50,797.67,true,false,false,820.00
4867419000,4868153000,734000,28000,28000,0.00,805.50,797.67,true,false,false,820.00
4868153000,4868887000,734000,28000,28000,0.00,805.50,797.67,true,false,false,820.00
4868887000,4869622000,735000,28000,28000,0.00,805.50,797.67,true,false,false,820.00
4869622000,4870570000,948000,28000,99000,0.00,805.50,797.67,true,false,false,820.00
4870570000,4871539000,969000,13000,106000,0.00,805.50,744.78,true,false,false,820.00
4871539000,4872303000,764000,10000,38000,0.00,807.88,807.88,true,false,false,820.00
4872303000,4873055000,752000,22000,34000,0.00,807.88,800.78,true,false,false,820.00
4873055000,4873798000,743000,26000,31000,0.00,807.88,797.67,true,false,false,820.00
4873798000,4874535000,737000,26000,29000,0.00,807.88,797.67,true,false,false,820.00
4874535000,4875272000,737000,27000,29000,0.00,807.88,796.89,true,false,false,820.00
4875272000,4876010000,738000,27000,29000,0.00,807.88,797.67,true,false,false,820.00
4876010000,4876744000,734000,28000,28000,0.00,807.88,797.67,true,false,false,820.00
4876744000,4877478000,734000,28000,28000,0.00,807.88,797.67,true,false,false,820.00
4877478000,4878212000,734000,28000,28000,0.00,807.88,797.67,true,false,false,820.00
4878212000,4878946000,734000,28000,28000,0.00,807.88,797.67,true,false,false,820.00
4878946000,4879680000,734000,28000,28000,0.00,807.88,797.67,true,false,true,820.00
4879680000,4880415000,735000,28000,28000,2.80,0.00,797.67,true,false,false,820.00
4880415000,4881150000,735000,28000,28000,2.80,797.67,797.67,true,false,false,820.00
4881150000,4881884000,734000,28000,28000,2.80,797.67,797.67,true,false,false,820.00
4881884000,4885578000,3694000,28000,28000,2.80,797.67,847.30,false,true,false,820.00
4885578000,4886363000,785000,0,45000,0.00,797.67,796.89,true,false,false,820.00
4886363000,4887163000,800000,13000,50000,0.00,804.71,804.71,true,false,false,820.00
4887163000,4887924000,761000,25000,37000,0.00,804.71,804.71,true,false,false,820.00
4887924000,4888665000,741000,24000,30000,0.00,804.71,800.00,true,false,false,820.00
4888665000,4889409000,744000,26000,31000,0.00,804.71,796.89,true,false,false,820.00
4889409000,4890147000,738000,27000,29000,0.00,804.71,796.89,true,false,false,820.00
4890147000,4890884000,737000,27000,29000,0.00,804.71,796.89,true,false,false,820.00
4890884000,4891618000,734000,28000,28000,0.00,804.71,797.67,true,false,false,820.00
4891618000,4892353000,735000,28000,28000,0.00,804.71,797.67,true,false,false,820.00
4892353000,4893088000,735000,28000,28000,0.00,804.71,797.67,true,false,false,820.00
4893088000,4894038000,950000,28000,100000,0.00,804.71,797.67,true,false,false,820.00
4894038000,4895003000,965000,13000,105000,0.00,804.71,752.98,true,false,false,820.00
4895003000,4895770000,767000,10000,39000,0.00,804.71,797.67,true,false,false,820.00
4895770000,4896525000,755000,22000,35000,0.00,804.71,800.00,true,false,false,820.00
4896525000,4897268000,743000,26000,31000,0.00,804.71,800.00,true,false,false,820.00
4897268000,4898005000,737000,26000,29000,0.00,804.71,798.44,true,false,false,820.00
4898005000,4898742000,737000,27000,29000,0.00,804.71,797.67,true,false,false,820.00
4898742000,4899479000,737000,27000,29000,0.00,804.71,797.67,true,false,false,820.00
4899479000,4900213000,734000,28000,28000,0.00,804.71,797.67,true,false,false,820.00
4900213000,4900947000,734000,28000,28000,0.00,804.71,797.67,true,false,false,820.00
4900947000,4901681000,734000,28000,28000,0.00,804.71,797.67,true,false,false,820.00
4901681000,4902416000,735000,28000,28000,0.00,804.71,797.67,true,false,false,820.00
4902416000,4903151000,735000,28000,28000,0.00,804.71,797.67,true,false,false,820.00
4903151000,4903886000,735000,28000,28000,0.00,804.71,797.67,true,false,false,820.00
4903886000,4904621000,735000,28000,28000,0.00,804.71,797.67,true,false,false,820.00
4904621000,4905355000,734000,28000,28000,0.00,804.71,797.67,true,false,true,820.00
4905355000,4906089000,734000,28000,28000,2.80,0.00,797.67,true,false,false,820.00
4906089000,4906823000,734000,28000,28000,2.80,797.67,797.67,true,false,false,820.00
4906823000,4907557000,734000,28000,28000,2.80,797.67,797.67,true,false,false,820.00
4907557000,4911250000,3693000,28000,28000,2.80,797.67,848.09,false,true,false,820.00
4911250000,4912035000,785000,0,45000,0.00,797.67,796.89,true,false,false,820.00
4912035000,4912835000,800000,13000,50000,0.00,804.71,804.71,true,false,false,820.00
4912835000,4913596000,761000,25000,37000,0.00,804.71,804.71,true,false,false,820.00
4913596000,4914336000,740000,24000,30000,0.00,804.71,800.00,true,false,false,820.00
4914336000,4915079000,743000,26000,31000,0.00,804.71,796.89,true,false,false,820.00
4915079000,4915816000,737000,27000,29000,0.00,804.71,796.89,true,false,false,820.00
4915816000,4916553000,737000,27000,29000,0.00,804.71,796.89,true,false,false,820.00
4916553000,4917503000,950000,28000,100000,0.00,804.71,797.67,true,false,false,820.00
4917503000,4918471000,968000,13000,106000,0.00,804.71,756.46,true,false,false,820.00
4918471000,4919235000,764000,10000,38000,0.00,804.71,795.34,true,false,false,820.00
4919235000,4919987000,752000,22000,34000,0.00,804.71,799.22,true,false,false,820.00
4919987000,4920730000,743000,26000,31000,0.00,804.71,799.22,true,false,false,820.00
4920730000,4921467000,737000,26000,29000,0.00,804.71,797.67,true,false,false,820.00
4921467000,4922205000,738000,27000,29000,0.00,804.71,797.67,true,false,false,820.00
4922205000,4922942000,737000,27000,29000,0.00,804.71,797.67,true,false,false,820.00
4922942000,4923676000,734000,28000,28000,0.00,804.71,797.67,true,false,false,820.00
4923676000,4924410000,734000,28000,28000,0.00,804.71,797.67,true,false,false,820.00
4924410000,4925144000,734000,28000,28000,0.00,804.71,797.67,true,false,false,820.00
4925144000,4925878000,734000,28000,28000,0.00,804.71,797.67,true,false,false,820.00
4925878000,4926612000,734000,28000,28000,0.00,804.71,797.67,true,false,false,820.00
4926612000,4927346000,734000,28000,28000,0.00,804.71,797.67,true,false,false,820.00
4927346000,4928080000,734000,28000,28000,0.00,804.71,797.67,true,false,false,820.00
4928080000,4928814000,734000,28000,28000,0.00,804.71,797.67,true,false,false,820.00
4928814000,4929548000,734000,28000,28000,0.00,804.71,797.67,true,false,false,820.00
4929548000,4930282000,734000,28000,28000,0.00,804.71,797.67,true,false,false,820.00
4930282000,4931016000,734000,28000,28000,0.00,804.71,797.67,true,false,true,820.00
4931016000,4931751000,735000,28000,28000,2.80,0.00,797.67,true,false,false,820.00
4931751000,4932485000,734000,28000,28000,2.80,797.67,797.67,true,false,false,820.00
4932485000,4933220000,735000,28000,28000,2.80,797.67,797.67,true,false,false,820.00
4933220000,4936912000,3692000,28000,28000,2.80,797.67,847.30,false,true,false,820.00
4936912000,4937700000,788000,0,46000,0.00,797.67,797.67,true,false,false,820.00
4937700000,4938500000,800000,13000,50000,0.00,804.71,804.71,true,false,false,820.00
4938500000,4939261000,761000,25000,37000,0.00,804.71,804.71,true,false,false,820.00
4939261000,4940001000,740000,24000,30000,0.00,804.71,800.00,true,false,false,820.00
4940001000,4940934000,933000,28000,94000,0.00,804.71,774.32,true,false,false,820.00
4940934000,4941884000,950000,13000,100000,0.00,804.71,788.46,true,false,false,820.00
4941884000,4942651000,767000,11000,39000,0.00,804.71,789.98,true,false,false,820.00
4942651000,4943403000,752000,22000,34000,0.00,804.71,789.98,true,false,false,820.00
4943403000,4944147000,744000,26000,31000,0.00,804.71,796.12,true,false,false,820.00
4944147000,4944884000,737000,26000,29000,0.00,804.71,798.44,true,false,false,820.00
4944884000,4945622000,738000,27000,29000,0.00,804.71,798.44,true,false,false,820.00
4945622000,4946359000,737000,27000,29000,0.00,804.71,798.44,true,false,false,820.00
4946359000,4947093000,734000,28000,28000,0.00,804.71,797.67,true,false,false,820.00
4947093000,4947827000,734000,28000,28000,0.00,804.71,797.67,true,false,false,820.00
4947827000,4948561000,734000,28000,28000,0.00,804.71,797.67,true,false,false,820.00
4948561000,4949295000,734000,28000,28000,0.00,804.71,797.67,true,false,false,820.00
4949295000,4950029000,734000,28000,28000,0.00,804.71,797.67,true,false,false,820.00
4950029000,4950763000,734000,28000,28000,0.00,804.71,797.67,true,false,false,820.00
4950763000,4951497000,734000,28000,28000,0.00,804.71,797.67,true,false,false,820.00
4951497000,4952232000,735000,28000,28000,0.00,804.71,797.67,true,false,false,820.00
4952232000,4952967000,735000,28000,28000,0.00,804.71,797.67,true,false,false,820.00
4952967000,4953701000,734000,28000,28000,0.00,804.71,797.67,true,false,false,820.00
4953701000,4954435000,734000,28000,28000,0.00,804.71,797.67,true,false,false,820.00
4954435000,4955169000,734000,28000,28000,0.00,804.71,797.67,true,false,false,820.00
4955169000,4955903000,734000,28000,28000,0.00,804.71,797.67,true,false,false,820.00
4955903000,4956637000,734000,28000,28000,0.00,804.71,797.67,true,false,true,820.00
4956637000,4957372000,735000,28000,28000,2.80,0.00,797.67,true,false,false,820.00
4957372000,4958107000,735000,28000,28000,2.80,797.67,797.67,true,false,false,820.00
4958107000,4958841000,734000,28000,28000,2.80,797.67,797.67,true,false,false,820.00
4958841000,4962533000,3692000,28000,28000,2.80,797.67,848.09,false,true,false,820.00
4962533000,4963321000,788000,0,46000,0.00,797.67,796.89,true,false,false,820.00
4963321000,4964151000,830000,31000,60000,0.00,797.67,785.44,true,false,false,820.00
4964151000,4964996000,845000,30000,65000,0.00,797.67,795.34,true,false,false,820.00
4964996000,4965781000,785000,27000,45000,0.00,797.67,795.34,true,false,false,820.00
4965781000,4966561000,780000,34000,43000,0.00,797.67,789.22,true,false,false,820.00
4966561000,4967332000,771000,36000,40000,0.00,797.67,789.22,true,false,false,820.00
4967332000,4968100000,768000,36000,39000,0.00,797.67,789.98,true,false,false,820.00
4968100000,4968867000,767000,37000,39000,0.00,797.67,789.98,true,false,false,820.00
4968867000,4969631000,764000,37000,38000,0.00,797.67,789.98,true,false,false,820.00
4969631000,4970395000,764000,37000,38000,0.00,797.67,789.98,true,false,false,820.00
4970395000,4971160000,765000,38000,38000,0.00,797.67,789.98,true,false,false,820.00
4971160000,4971924000,764000,38000,38000,0.00,797.67,789.98,true,false,false,820.00
4971924000,4972688000,764000,38000,38000,0.00,797.67,789.98,true,false,false,820.00
4972688000,4973452000,764000,38000,38000,0.00,797.67,789.98,true,false,false,820.00
4973452000,4974217000,765000,38000,38000,0.00,797.67,789.98,true,false,false,820.00
4974217000,4974981000,764000,38000,38000,0.00,797.67,789.98,true,false,false,820.00
4974981000,4975746000,765000,38000,38000,0.00,797.67,789.98,true,false,false,820.00
4975746000,4976510000,764000,38000,38000,0.00,797.67,789.98,true,false,false,820.00
4976510000,4977274000,764000,38000,38000,0.00,797.67,789.98,true,false,false,820.00
4977274000,4978038000,764000,38000,38000,0.00,797.67,789.98,true,false,false,820.00
4978038000,4978802000,764000,38000,38000,0.00,797.67,789.98,true,false,false,820.00
4978802000,4979566000,764000,38000,38000,0.00,797.67,789.98,true,false,false,820.00
4979566000,4980331000,765000,38000,38000,0.00,797.67,789.98,true,false,false,820.00
4980331000,4981095000,764000,38000,38000,0.00,797.67,789.98,true,false,false,820.00
4981095000,4981860000,765000,38000,38000,0.00,797.67,789.98,true,false,false,820.00
4981860000,4982624000,764000,38000,38000,0.00,797.67,789.98,true,false,true,820.00
4982624000,4983389000,765000,38000,38000,3.80,0.00,789.98,true,false,false,820.00
4983389000,4984153000,764000,38000,38000,3.80,789.98,789.98,true,false,false,820.00
4984153000,4984917000,764000,38000,38000,3.80,789.98,789.98,true,false,false,820.00
4984917000,4988696000,3779000,38000,38000,3.80,789.98,803.59,false,true,false,820.00
4988696000,4989466000,770000,0,40000,0.00,789.98,806.29,true,false,false,804.00
4989466000,4990281000,815000,0,55000,0.00,799.20,799.20,true,false,false,804.00
4990281000,4991012000,731000,9000,27000,0.00,799.20,799.20,true,false,false,804.00
4991012000,4991713000,701000,10000,17000,0.00,799.20,794.47,true,false,false,804.00
4991713000,4992421000,708000,13000,19000,0.00,799.20,790.56,true,false,false,804.00
4992421000,4993119000,698000,13000,16000,0.00,799.20,791.34,true,false,false,804.00
4993119000,4993817000,698000,14000,16000,0.00,799.20,791.34,true,false,false,804.00
4993817000,4994512000,695000,14000,15000,0.00,799.20,792.12,true,false,false,804.00
4994512000,4995208000,696000,15000,15000,0.00,799.20,792.12,true,false,false,804.00
4995208000,4995903000,695000,15000,15000,0.00,799.20,792.12,true,false,false,804.00
4995903000,4996598000,695000,15000,15000,0.00,799.20,792.12,true,false,false,804.00
4996598000,4997294000,696000,15000,15000,0.00,799.20,792.12,true,false,false,804.00
4997294000,4997990000,696000,15000,15000,0.00,799.20,792.12,true,false,false,804.00
4997990000,4998685000,695000,15000,15000,0.00,799.20,792.12,true,false,false,804.00
4998685000,4999380000,695000,15000,15000,0.00,799.20,792.12,true,false,false,804.00
4999380000,5000075000,695000,15000,15000,0.00,799.20,792.12,true,false,false,804.00
5000075000,5000770000,695000,15000,15000,0.00,799.20,792.12,true,false,false,804.00
5000770000,5001465000,695000,15000,15000,0.00,799.20,792.12,true,false,false,804.00
5001465000,5002160000,695000,15000,15000,0.00,799.20,792.12,true,false,false,804.00
5002160000,5002856000,696000,15000,15000,0.00,799.20,792.12,true,false,false,804.00
5002856000,5003551000,695000,15000,15000,0.00,799.20,792.12,true,false,false,804.00
5003551000,5004246000,695000,15000,15000,0.00,799.20,792.12,true,false,false,804.00
5004246000,5004941000,695000,15000,15000,0.00,799.20,792.12,true,false,false,804.00
5004941000,5005636000,695000,15000,15000,0.00,799.20,792.12,true,false,false,804.00
5005636000,5006331000,695000,15000,15000,0.00,799.20,792.12,true,false,false,804.00
5006331000,5007026000,695000,15000,15000,0.00,799.20,792.12,true,false,true,804.00
5007026000,5007721000,695000,15000,15000,1.50,0.00,792.12,true,false,false,804.00
5007721000,5008417000,696000,15000,15000,1.50,792.12,792.12,true,false,false,804.00
5008417000,5009113000,696000,15000,15000,1.50,792.12,792.12,true,false,false,804.00
5009113000,5012760000,3647000,15000,15000,1.50,792.12,816.09,false,true,false,804.00
5012760000,5013503000,743000,0,31000,0.00,792.12,785.92,true,false,false,812.00
5013503000,5014264000,761000,24000,37000,0.00,792.97,792.97,true,false,false,812.00
5014264000,5015007000,743000,24000,31000,0.00,792.97,792.97,true,false,false,812.00
5015007000,5015747000,740000,26000,30000,0.00,792.97,789.88,true,false,false,812.00
5015747000,5016484000,737000,27000,29000,0.00,792.97,789.12,true,false,false,812.00
5016484000,5017219000,735000,27000,28000,0.00,792.97,789.12,true,false,false,812.00
5017219000,5017953000,734000,28000,28000,0.00,792.97,789.88,true,false,false,812.00
5017953000,5018687000,734000,28000,28000,0.00,792.97,789.88,true,false,false,812.00
5018687000,5019422000,735000,28000,28000,0.00,792.97,789.88,true,false,false,812.00
5019422000,5020156000,734000,28000,28000,0.00,792.97,789.88,true,false,false,812.00
5020156000,5020891000,735000,28000,28000,0.00,792.97,789.88,true,false,false,812.00
5020891000,5021625000,734000,28000,28000,0.00,792.97,789.88,true,false,false,812.00
5021625000,5022359000,734000,28000,28000,0.00,792.97,789.88,true,false,false,812.00
5022359000,5023093000,734000,28000,28000,0.00,792.97,789.88,true,false,false,812.00
5023093000,5023827000,734000,28000,28000,0.00,792.97,789.88,true,false,false,812.00
5023827000,5024562000,735000,28000,28000,0.00,792.97,789.88,true,false,false,812.00
5024562000,5025296000,734000,28000,28000,0.00,792.97,789.88,true,false,false,812.00
5025296000,5026031000,735000,28000,28000,0.00,792.97,789.88,true,false,false,812.00
5026031000,5026765000,734000,28000,28000,0.00,792.97,789.88,true,false,false,812.00
5026765000,5027499000,734000,28000,28000,0.00,792.97,789.88,true,false,false,812.00
5027499000,5028233000,734000,28000,28000,0.00,792.97,789.88,true,false,false,812.00
5028233000,5028967000,734000,28000,28000,0.00,792.97,789.88,true,false,false,812.00
5028967000,5029702000,735000,28000,28000,0.00,792.97,789.88,true,false,false,812.00
5029702000,5030436000,734000,28000,28000,0.00,792.97,789.88,true,false,false,812.00
5030436000,5031171000,735000,28000,28000,0.00,792.97,789.88,true,false,false,812.00
5031171000,5031905000,734000,28000,28000,0.00,792.97,789.88,true,false,true,812.00
5031905000,5032832000,927000,28000,92000,2.80,0.00,789.88,true,false,false,812.00
5032832000,5033806000,974000,19000,108000,1.90,738.85,738.85,true,false,false,812.00
5033806000,5034571000,765000,10000,38000,1.00,800.00,800.00,true,false,false,812.00
5034571000,5038186000,3615000,36000,36000,1.00,800.00,804.39,false,true,false,812.00
5038186000,5038932000,746000,8000,32000,0.80,800.00,804.39,true,false,false,816.00
5038932000,5039691000,759000,26000,36000,0.80,800.00,788.35,true,false,false,816.00
5039691000,5040437000,746000,26000,32000,0.80,800.00,792.23,true,false,false,816.00
5040437000,5041180000,743000,28000,31000,0.80,800.00,792.23,true,false,false,816.00
5041180000,5041921000,741000,29000,30000,0.80,800.00,793.00,true,false,false,816.00
5041921000,5042661000,740000,29000,30000,0.80,800.00,793.00,true,false,false,816.00
5042661000,5043401000,740000,29000,30000,0.80,800.00,792.23,true,false,false,816.00
5043401000,5044141000,740000,29000,30000,0.80,800.00,792.23,true,false,false,816.00
5044141000,5044882000,741000,29000,30000,0.80,800.00,793.00,true,false,false,816.00
5044882000,5045623000,741000,29000,30000,0.80,800.00,792.23,true,false,false,816.00
5045623000,5046363000,740000,29000,30000,0.80,800.00,792.23,true,false,false,816.00
5046363000,5047104000,741000,29000,30000,0.80,800.00,792.23,true,false,false,816.00
5047104000,5047844000,740000,29000,30000,0.80,800.00,792.23,true,false,false,816.00
5047844000,5048584000,740000,29000,30000,0.80,800.00,792.23,true,false,false,816.00
5048584000,5049324000,740000,29000,30000,0.80,800.00,792.23,true,false,false,816.00
5049324000,5050064000,740000,29000,30000,0.80,800.00,792.23,true,false,false,816.00
5050064000,5050804000,740000,29000,30000,0.80,800.00,792.23,true,false,false,816.00
5050804000,5051544000,740000,29000,30000,0.80,800.00,792.23,true,false,false,816.00
5051544000,5052284000,740000,29000,30000,0.80,800.00,792.23,true,false,false,816.00
5052284000,5053024000,740000,29000,30000,0.80,800.00,792.23,true,false,false,816.00
5053024000,5053764000,740000,29000,30000,0.80,800.00,792.23,true,false,false,816.00
5053764000,5054504000,740000,29000,30000,0.80,800.00,792.23,true,false,false,816.00
5054504000,5055244000,740000,29000,30000,0.80,800.00,792.23,true,false,false,816.00
5055244000,5056207000,963000,29000,104000,0.80,800.00,759.78,true,false,false,816.00
5056207000,5057196000,989000,14000,113000,0.80,800.00,786.13,true,false,false,816.00
5057196000,5057966000,770000,11000,40000,0.80,800.00,786.13,true,false,true,816.00
5057966000,5058724000,758000,23000,36000,2.30,0.00,786.13,true,false,false,816.00
5058724000,5059474000,750000,28000,33000,2.30,791.46,791.46,true,false,false,816.00
5059474000,5060217000,743000,27000,31000,2.30,792.23,792.23,true,false,false,816.00
5060217000,5063887000,3670000,31000,31000,2.30,792.23,834.74,false,true,false,816.00
5063887000,5064663000,776000,0,42000,0.00,792.23,799.22,true,false,false,819.00
5064663000,5065455000,792000,23000,47000,0.00,798.25,798.25,true,false,false,819.00
5065455000,5066216000,761000,27000,37000,0.00,798.25,798.25,true,false,false,819.00
5066216000,5066963000,747000,28000,32000,0.00,798.25,793.60,true,false,false,819.00
5066963000,5067709000,746000,30000,32000,0.00,798.25,793.60,true,false,false,819.00
5067709000,5068452000,743000,30000,31000,0.00,798.25,794.37,true,false,false,819.00
5068452000,5069195000,743000,30000,31000,0.00,798.25,794.37,true,false,false,819.00
5069195000,5069938000,743000,30000,31000,0.00,798.25,794.37,true,false,false,819.00
5069938000,5070681000,743000,30000,31000,0.00,798.25,794.37,true,false,false,819.00
5070681000,5071424000,743000,31000,31000,0.00,798.25,794.37,true,false,false,819.00
5071424000,5072167000,743000,31000,31000,0.00,798.25,794.37,true,false,false,819.00
5072167000,5072910000,743000,31000,31000,0.00,798.25,794.37,true,false,false,819.00
5072910000,5073654000,744000,31000,31000,0.00,798.25,794.37,true,false,false,819.00
5073654000,5074397000,743000,31000,31000,0.00,798.25,794.37,true,false,false,819.00
5074397000,5075140000,743000,31000,31000,0.00,798.25,794.37,true,false,false,819.00
5075140000,5075883000,743000,31000,31000,0.00,798.25,794.37,true,false,false,819.00
5075883000,5076626000,743000,31000,31000,0.00,798.25,794.37,true,false,false,819.00
5076626000,5077369000,743000,31000,31000,0.00,798.25,794.37,true,false,false,819.00
5077369000,5078112000,743000,31000,31000,0.00,798.25,794.37,true,false,false,819.00
5078112000,5078855000,743000,31000,31000,0.00,798.25,794.37,true,false,false,819.00
5078855000,5079845000,990000,31000,113000,0.00,798.25,739.84,true,false,false,819.00
5079845000,5080852000,1007000,14000,119000,0.00,804.52,804.52,true,false,false,819.00
5080852000,5081625000,773000,12000,41000,0.00,804.52,804.52,true,false,false,819.00
5081625000,5082378000,753000,25000,34000,0.00,804.52,795.15,true,false,false,819.00
5082378000,5083130000,752000,29000,34000,0.00,804.52,793.60,true,false,false,819.00
5083130000,5083876000,746000,29000,32000,0.00,804.52,794.37,true,false,true,819.00
5083876000,5084622000,746000,30000,32000,3.00,0.00,794.37,true,false,false,819.00
5084622000,5085365000,743000,30000,31000,3.00,794.37,794.37,true,false,false,819.00
5085365000,5086108000,743000,31000,31000,3.00,794.37,794.37,true,false,false,819.00
5086108000,5089817000,3709000,31000,31000,3.00,794.37,847.22,false,true,false,819.00
5089817000,5090614000,797000,0,49000,0.00,794.37,797.47,true,false,false,817.00
5090614000,5091426000,812000,14000,54000,0.00,800.20,800.20,true,false,false,817.00
5091426000,5092196000,770000,27000,40000,0.00,800.20,800.20,true,false,false,817.00
5092196000,5092946000,750000,26000,33000,0.00,800.20,793.97,true,false,false,817.00
5092946000,5093695000,749000,28000,33000,0.00,800.20,792.43,true,false,false,817.00
5093695000,5094438000,743000,29000,31000,0.00,800.20,792.43,true,false,false,817.00
5094438000,5095181000,743000,29000,31000,0.00,800.20,792.43,true,false,false,817.00
5095181000,5095921000,740000,30000,30000,0.00,800.20,793.20,true,false,false,817.00
5095921000,5096661000,740000,30000,30000,0.00,800.20,793.20,true,false,false,817.00
5096661000,5097401000,740000,30000,30000,0.00,800.20,793.20,true,false,false,817.00
5097401000,5098141000,740000,30000,30000,0.00,800.20,793.20,true,false,false,817.00
5098141000,5098881000,740000,30000,30000,0.00,800.20,793.20,true,false,false,817.00
5098881000,5099621000,740000,30000,30000,0.00,800.20,793.20,true,false,false,817.00
5099621000,5100361000,740000,30000,30000,0.00,800.20,793.20,true,false,false,817.00
5100361000,5101102000,741000,30000,30000,0.00,800.20,793.20,true,false,false,817.00
5101102000,5101842000,740000,30000,30000,0.00,800.20,793.20,true,false,false,817.00
5101842000,5102582000,740000,30000,30000,0.00,800.20,793.20,true,false,false,817.00
5102582000,5103559000,977000,30000,109000,0.00,800.20,793.20,true,false,false,817.00
5103559000,5104552000,993000,14000,114000,0.00,800.20,734.05,true,false,false,817.00
5104552000,5105323000,771000,12000,40000,0.00,806.52,806.52,true,false,false,817.00
5105323000,5106076000,753000,24000,34000,0.00,806.52,796.30,true,false,false,817.00
5106076000,5106826000,750000,29000,33000,0.00,806.52,793.20,true,false,false,817.00
5106826000,5107569000,743000,28000,31000,0.00,806.52,793.20,true,false,false,817.00
5107569000,5108312000,743000,29000,31000,0.00,806.52,793.20,true,false,false,817.00
5108312000,5109053000,741000,29000,30000,0.00,806.52,793.20,true,false,false,817.00
5109053000,5109793000,740000,30000,30000,0.00,806.52,793.20,true,false,true,817.00
5109793000,5110533000,740000,30000,30000,3.00,0.00,793.20,true,false,false,817.00
5110533000,5111273000,740000,30000,30000,3.00,793.20,793.20,true,false,false,817.00
5111273000,5112013000,740000,30000,30000,3.00,793.20,793.20,true,false,false,817.00
5112013000,5115719000,3706000,30000,30000,3.00,793.20,846.94,false,true,false,817.00
5115719000,5116516000,797000,0,49000,0.00,793.20,793.97,true,false,false,815.00
5116516000,5117325000,809000,13000,53000,0.00,799.80,799.80,true,false,false,815.00
5117325000,5118092000,767000,26000,39000,0.00,799.80,799.80,true,false,false,815.00
5118092000,5118839000,747000,25000,32000,0.00,799.80,792.80,true,false,false,815.00
5118839000,5119586000,747000,28000,32000,0.00,799.80,791.26,true,false,false,815.00
5119586000,5120326000,740000,28000,30000,0.00,799.80,791.26,true,false,false,815.00
5120326000,5121066000,740000,28000,30000,0.00,799.80,791.26,true,false,false,815.00
5121066000,5121806000,740000,29000,30000,0.00,799.80,792.03,true,false,false,815.00
5121806000,5122546000,740000,29000,30000,0.00,799.80,792.03,true,false,false,815.00
5122546000,5123286000,740000,29000,30000,0.00,799.80,792.03,true,false,false,815.00
5123286000,5124023000,737000,29000,29000,0.00,799.80,792.03,true,false,false,815.00
5124023000,5124760000,737000,29000,29000,0.00,799.80,792.03,true,false,false,815.00
5124760000,5125498000,738000,29000,29000,0.00,799.80,792.03,true,false,false,815.00
5125498000,5126235000,737000,29000,29000,0.00,799.80,792.03,true,false,false,815.00
5126235000,5127209000,974000,29000,108000,0.00,799.80,792.03,true,false,false,815.00
5127209000,5128195000,986000,14000,112000,0.00,799.80,744.97,true,false,false,815.00
5128195000,5128962000,767000,11000,39000,0.00,799.80,790.49,true,false,false,815.00
5128962000,5129714000,752000,23000,34000,0.00,799.80,795.12,true,false,false,815.00
5129714000,5130460000,746000,28000,32000,0.00,799.80,795.12,true,false,false,815.00
5130460000,5131200000,740000,27000,30000,0.00,799.80,793.57,true,false,false,815.00
5131200000,5131940000,740000,28000,30000,0.00,799.80,791.26,true,false,false,815.00
5131940000,5132680000,740000,29000,30000,0.00,799.80,792.03,true,false,false,815.00
5132680000,5133420000,740000,29000,30000,0.00,799.80,792.03,true,false,false,815.00
5133420000,5134157000,737000,29000,29000,0.00,799.80,792.03,true,false,false,815.00
5134157000,5134895000,738000,29000,29000,0.00,799.80,792.03,true,false,false,815.00
5134895000,5135632000,737000,29000,29000,0.00,799.80,792.03,true,false,true,815.00
5135632000,5136369000,737000,29000,29000,2.90,0.00,792.03,true,false,false,815.00
5136369000,5137106000,737000,29000,29000,2.90,792.03,792.03,true,false,false,815.00
5137106000,5137843000,737000,29000,29000,2.90,792.03,792.03,true,false,false,815.00
5137843000,5141541000,3698000,29000,29000,2.90,792.03,842.94,false,true,false,815.00
5141541000,5142332000,791000,0,47000,0.00,792.03,792.03,true,false,false,814.00
5142332000,5143139000,807000,13000,52000,0.00,798.04,798.04,true,false,false,814.00
5143139000,5143907000,768000,26000,39000,0.00,798.04,798.04,true,false,false,814.00
5143907000,5144650000,743000,25000,31000,0.00,798.04,793.37,true,false,false,814.00
5144650000,5145396000,746000,27000,32000,0.00,798.04,791.06,true,false,false,814.00
5145396000,5146136000,740000,28000,30000,0.00,798.04,790.29,true,false,false,814.00
5146136000,5146873000,737000,28000,29000,0.00,798.04,790.29,true,false,false,814.00
5146873000,5147610000,737000,28000,29000,0.00,798.04,791.06,true,false,false,814.00
5147610000,5148347000,737000,29000,29000,0.00,798.04,791.06,true,false,false,814.00
5148347000,5149084000,737000,29000,29000,0.00,798.04,791.06,true,false,false,814.00
5149084000,5149821000,737000,29000,29000,0.00,798.04,791.06,true,false,false,814.00
5149821000,5150801000,980000,29000,110000,0.00,798.04,772.30,true,false,false,814.00
5150801000,5151790000,989000,13000,113000,0.00,798.04,767.20,true,false,false,814.00
5151790000,5152557000,767000,10000,39000,0.00,798.04,787.23,true,false,false,814.00
5152557000,5153306000,749000,22000,33000,0.00,798.04,791.06,true,false,false,814.00
5153306000,5154052000,746000,27000,32000,0.00,798.04,791.06,true,false,false,814.00
5154052000,5154792000,740000,27000,30000,0.00,798.04,791.83,true,false,false,814.00
5154792000,5155532000,740000,28000,30000,0.00,798.04,791.06,true,false,false,814.00
5155532000,5156269000,737000,28000,29000,0.00,798.04,791.06,true,false,false,814.00
5156269000,5157006000,737000,29000,29000,0.00,798.04,791.06,true,false,false,814.00
5157006000,5157743000,737000,29000,29000,0.00,798.04,791.06,true,false,false,814.00
5157743000,5158480000,737000,29000,29000,0.00,798.04,791.06,true,false,false,814.00
5158480000,5159217000,737000,29000,29000,0.00,798.04,791.06,true,false,false,814.00
5159217000,5159954000,737000,29000,29000,0.00,798.04,791.06,true,false,false,814.00
5159954000,5160691000,737000,29000,29000,0.00,798.04,791.06,true,false,false,814.00
5160691000,5161428000,737000,29000,29000,0.00,798.04,791.06,true,false,true,814.00
5161428000,5162165000,737000,29000,29000,2.90,0.00,791.06,true,false,false,814.00
5162165000,5162902000,737000,29000,29000,2.90,791.06,791.06,true,false,false,814.00
5162902000,5163640000,738000,29000,29000,2.90,791.06,791.06,true,false,false,814.00
5163640000,5167336000,3696000,29000,29000,2.90,791.06,842.01,false,true,false,814.00
5167336000,5168128000,792000,0,47000,0.00,791.06,791.06,true,false,false,813.00
5168128000,5168931000,803000,11000,51000,0.00,797.84,797.84,true,false,false,813.00
5168931000,5169698000,767000,26000,39000,0.00,797.84,797.84,true,false,false,813.00
5169698000,5170441000,743000,24000,31000,0.00,797.84,792.40,true,false,false,813.00
5170441000,5171187000,746000,27000,32000,0.00,797.84,790.09,true,false,false,813.00
5171187000,5171927000,740000,27000,30000,0.00,797.84,790.09,true,false,false,813.00
5171927000,5172664000,737000,28000,29000,0.00,797.84,790.09,true,false,false,813.00
5172664000,5173401000,737000,28000,29000,0.00,797.84,790.86,true,false,false,813.00
5173401000,5174381000,980000,28000,110000,0.00,797.84,752.78,true,false,false,813.00
5174381000,5175364000,983000,12000,111000,0.00,797.84,790.09,true,false,false,813.00
5175364000,5176131000,767000,10000,39000,0.00,797.84,785.51,true,false,false,813.00
5176131000,5176874000,743000,22000,31000,0.00,797.84,785.51,true,false,false,813.00
5176874000,5177620000,746000,26000,32000,0.00,797.84,788.55,true,false,false,813.00
5177620000,5178360000,740000,26000,30000,0.00,797.84,790.09,true,false,false,813.00
5178360000,5179100000,740000,27000,30000,0.00,797.84,790.86,true,false,false,813.00
5179100000,5179837000,737000,28000,29000,0.00,797.84,790.86,true,false,false,813.00
5179837000,5180574000,737000,28000,29000,0.00,797.84,790.86,true,false,false,813.00
5180574000,5181311000,737000,28000,29000,0.00,797.84,790.86,true,false,false,813.00
5181311000,5182049000,738000,28000,29000,0.00,797.84,790.86,true,false,false,813.00
5182049000,5182786000,737000,28000,29000,0.00,797.84,790.86,true,false,false,813.00
5182786000,5183523000,737000,28000,29000,0.00,797.84,790.86,true,false,false,813.00
5183523000,5184260000,737000,28000,29000,0.00,797.84,790.86,true,false,false,813.00
5184260000,5184997000,737000,28000,29000,0.00,797.84,790.86,true,false,false,813.00
5184997000,5185734000,737000,28000,29000,0.00,797.84,790.09,true,false,false,813.00
5185734000,5186471000,737000,28000,29000,0.00,797.84,790.86,true,false,false,813.00
5186471000,5187209000,738000,28000,29000,0.00,797.84,790.86,true,false,true,813.00
5187209000,5187946000,737000,28000,29000,2.80,0.00,790.86,true,false,false,813.00
5187946000,5188683000,737000,28000,29000,2.80,790.86,790.86,true,false,false,813.00
5188683000,5189420000,737000,28000,29000,2.80,790.86,790.86,true,false,false,813.00
5189420000,5193112000,3692000,28000,28000,2.80,790.86,840.63,false,true,false,813.00
5193112000,5193900000,788000,0,46000,0.00,790.86,790.86,true,false,false,813.00
5193900000,5194703000,803000,13000,51000,0.00,797.84,797.84,true,false,false,813.00
5194703000,5195467000,764000,26000,38000,0.00,797.84,797.84,true,false,false,813.00
5195467000,5196210000,743000,24000,31000,0.00,797.84,792.40,true,false,false,813.00
5196210000,5196953000,743000,27000,31000,0.00,797.84,790.09,true,false,false,813.00
5196953000,5197921000,968000,27000,106000,0.00,797.84,746.56,true,false,false,813.00
5197921000,5198884000,963000,14000,104000,0.00,797.84,795.50,true,false,false,813.00
5198884000,5199651000,767000,11000,39000,0.00,797.84,795.50,true,false,false,813.00
5199651000,5200397000,746000,22000,32000,0.00,797.84,789.32,true,false,false,813.00
5200397000,5201143000,746000,27000,32000,0.00,797.84,789.32,true,false,false,813.00
5201143000,5201883000,740000,26000,30000,0.00,797.84,790.09,true,false,false,813.00
5201883000,5202623000,740000,27000,30000,0.00,797.84,790.09,true,false,false,813.00
5202623000,5203360000,737000,28000,29000,0.00,797.84,790.09,true,false,false,813.00
5203360000,5204097000,737000,28000,29000,0.00,797.84,790.86,true,false,false,813.00
5204097000,5204834000,737000,28000,29000,0.00,797.84,790.86,true,false,false,813.00
5204834000,5205572000,738000,28000,29000,0.00,797.84,790.86,true,false,false,813.00
5205572000,5206309000,737000,28000,29000,0.00,797.84,790.86,true,false,false,813.00
5206309000,5207046000,737000,28000,29000,0.00,797.84,790.86,true,false,false,813.00
5207046000,5207783000,737000,28000,29000,0.00,797.84,790.86,true,false,false,813.00
5207783000,5208520000,737000,28000,29000,0.00,797.84,790.86,true,false,false,813.00
5208520000,5209257000,737000,28000,29000,0.00,797.84,790.86,true,false,false,813.00
5209257000,5209994000,737000,28000,29000,0.00,797.84,790.09,true,false,false,813.00
5209994000,5210732000,738000,28000,29000,0.00,797.84,790.09,true,false,false,813.00
5210732000,5211469000,737000,28000,29000,0.00,797.84,790.86,true,false,false,813.00
5211469000,5212206000,737000,28000,29000,0.00,797.84,790.86,true,false,false,813.00
5212206000,5212943000,737000,28000,29000,0.00,797.84,790.86,true,false,true,813.00
5212943000,5213680000,737000,28000,29000,2.80,0.00,790.86,true,false,false,813.00
5213680000,5214417000,737000,28000,29000,2.80,790.86,790.86,true,false,false,813.00
5214417000,5215154000,737000,28000,29000,2.80,790.86,790.86,true,false,false,813.00
5215154000,5218846000,3692000,28000,28000,2.80,790.86,840.63,false,true,false,813.00
5218846000,5219634000,788000,0,46000,0.00,790.86,791.63,true,false,false,813.00
5219634000,5220437000,803000,13000,51000,0.00,797.84,797.84,true,false,false,813.00
5220437000,5221304000,867000,26000,72000,0.00,797.84,759.10,true,false,false,813.00
5221304000,5222167000,863000,19000,71000,0.00,797.84,759.10,true,false,false,813.00
5222167000,5222922000,755000,17000,35000,0.00,797.84,797.84,true,false,false,813.00
5222922000,5223674000,752000,24000,34000,0.00,797.84,792.40,true,false,false,813.00
5223674000,5224417000,743000,27000,31000,0.00,797.84,790.09,true,false,false,813.00
5224417000,5225155000,738000,27000,29000,0.00,797.84,790.09,true,false,false,813.00
5225155000,5225892000,737000,28000,29000,0.00,797.84,790.09,true,false,false,813.00
5225892000,5226630000,738000,28000,29000,0.00,797.84,790.86,true,false,false,813.00
5226630000,5227367000,737000,28000,29000,0.00,797.84,790.86,true,false,false,813.00
5227367000,5228105000,738000,28000,29000,0.00,797.84,790.86,true,false,false,813.00
5228105000,5228842000,737000,28000,29000,0.00,797.84,790.86,true,false,false,813.00
5228842000,5229579000,737000,28000,29000,0.00,797.84,790.09,true,false,false,813.00
5229579000,5230316000,737000,28000,29000,0.00,797.84,790.09,true,false,false,813.00
5230316000,5231054000,738000,28000,29000,0.00,797.84,790.86,true,false,false,813.00
5231054000,5231791000,737000,28000,29000,0.00,797.84,790.86,true,false,false,813.00
5231791000,5232528000,737000,28000,29000,0.00,797.84,790.86,true,false,false,813.00
5232528000,5233265000,737000,28000,29000,0.00,797.84,790.86,true,false,false,813.00
5233265000,5234002000,737000,28000,29000,0.00,797.84,790.86,true,false,false,813.00
5234002000,5234739000,737000,28000,29000,0.00,797.84,790.86,true,false,false,813.00
5234739000,5235476000,737000,28000,29000,0.00,797.84,790.86,true,false,false,813.00
5235476000,5236214000,738000,28000,29000,0.00,797.84,790.86,true,false,false,813.00
5236214000,5236951000,737000,28000,29000,0.00,797.84,790.86,true,false,false,813.00
5236951000,5237688000,737000,28000,29000,0.00,797.84,790.86,true,false,false,813.00
5237688000,5238425000,737000,28000,29000,0.00,797.84,790.86,true,false,true,813.00
5238425000,5239162000,737000,28000,29000,2.80,0.00,790.86,true,false,false,813.00
5239162000,5239899000,737000,28000,29000,2.80,790.86,790.86,true,false,false,813.00
5239899000,5240636000,737000,28000,29000,2.80,790.86,790.86,true,false,false,813.00
5240636000,5244432000,3796000,29000,29000,2.80,790.86,811.88,false,true,false,813.00
5244432000,5245397000,965000,18000,105000,1.80,790.86,771.35,true,false,false,800.00
5245397000,5246152000,755000,0,35000,0.00,790.86,776.70,true,false,false,800.00
5246152000,5246895000,743000,5000,31000,0.00,790.86,787.40,true,false,false,800.00
5246895000,5247624000,729000,17000,26000,0.00,790.86,787.40,true,false,false,800.00
5247624000,5248340000,716000,15000,22000,0.00,790.86,785.85,true,false,false,800.00
5248340000,5249059000,719000,18000,23000,0.00,790.86,784.31,true,false,false,800.00
5249059000,5249773000,714000,19000,21000,0.00,790.86,784.31,true,false,false,800.00
5249773000,5250486000,713000,19000,21000,0.00,790.86,783.55,true,false,false,800.00
5250486000,5251199000,713000,19000,21000,0.00,790.86,784.31,true,false,false,800.00
5251199000,5251912000,713000,20000,21000,0.00,790.86,784.31,true,false,false,800.00
5251912000,5252622000,710000,20000,20000,0.00,790.86,784.31,true,false,false,800.00
5252622000,5253332000,710000,20000,20000,0.00,790.86,784.31,true,false,false,800.00
5253332000,5254043000,711000,20000,20000,0.00,790.86,784.31,true,false,false,800.00
5254043000,5254753000,710000,20000,20000,0.00,790.86,784.31,true,false,false,800.00
5254753000,5255463000,710000,20000,20000,0.00,790.86,784.31,true,false,false,800.00
5255463000,5256174000,711000,20000,20000,0.00,790.86,784.31,true,false,false,800.00
5256174000,5256885000,711000,20000,20000,0.00,790.86,784.31,true,false,false,800.00
5256885000,5257595000,710000,20000,20000,0.00,790.86,784.31,true,false,false,800.00
5257595000,5258305000,710000,20000,20000,0.00,790.86,784.31,true,false,false,800.00
5258305000,5259016000,711000,20000,20000,0.00,790.86,784.31,true,false,false,800.00
5259016000,5259726000,710000,20000,20000,0.00,790.86,784.31,true,false,false,800.00
5259726000,5260436000,710000,20000,20000,0.00,790.86,784.31,true,false,false,800.00
5260436000,5261146000,710000,20000,20000,0.00,790.86,784.31,true,false,false,800.00
5261146000,5261856000,710000,20000,20000,0.00,790.86,784.31,true,false,false,800.00
5261856000,5262566000,710000,20000,20000,0.00,790.86,784.31,true,false,false,800.00
5262566000,5263276000,710000,20000,20000,0.00,790.86,784.31,true,false,true,800.00
5263276000,5263986000,710000,20000,20000,2.00,0.00,784.31,true,false,false,800.00
5263986000,5264697000,711000,20000,20000,2.00,784.31,784.31,true,false,false,800.00
5264697000,5265407000,710000,20000,20000,2.00,784.31,784.31,true,false,false,800.00
5265407000,5269094000,3687000,20000,20000,2.00,784.31,817.23,false,true,false,800.00
5269094000,5269861000,767000,0,39000,0.00,784.31,778.97,true,false,false,807.00
5269861000,5270637000,776000,22000,42000,0.00,786.55,786.55,true,false,false,807.00
5270637000,5271392000,755000,26000,35000,0.00,786.55,786.55,true,false,false,807.00
5271392000,5272132000,740000,27000,30000,0.00,786.55,784.26,true,false,false,807.00
5272132000,5272875000,743000,28000,31000,0.00,786.55,784.26,true,false,false,807.00
5272875000,5273615000,740000,28000,30000,0.00,786.55,784.26,true,false,false,807.00
5273615000,5274356000,741000,29000,30000,0.00,786.55,784.26,true,false,false,807.00
5274356000,5275096000,740000,29000,30000,0.00,786.55,784.26,true,false,false,807.00
5275096000,5275834000,738000,29000,29000,0.00,786.55,784.26,true,false,false,807.00
5275834000,5276571000,737000,29000,29000,0.00,786.55,784.26,true,false,false,807.00
5276571000,5277309000,738000,29000,29000,0.00,786.55,784.26,true,false,false,807.00
5277309000,5278047000,738000,29000,29000,0.00,786.55,784.26,true,false,false,807.00
5278047000,5278784000,737000,29000,29000,0.00,786.55,784.26,true,false,false,807.00
5278784000,5279522000,738000,29000,29000,0.00,786.55,784.26,true,false,false,807.00
5279522000,5280259000,737000,29000,29000,0.00,786.55,784.26,true,false,false,807.00
5280259000,5280996000,737000,29000,29000,0.00,786.55,784.26,true,false,false,807.00
5280996000,5281733000,737000,29000,29000,0.00,786.55,784.26,true,false,false,807.00
5281733000,5282470000,737000,29000,29000,0.00,786.55,784.26,true,false,false,807.00
5282470000,5283207000,737000,29000,29000,0.00,786.55,784.26,true,false,false,807.00
5283207000,5283944000,737000,29000,29000,0.00,786.55,784.26,true,false,false,807.00
5283944000,5284681000,737000,29000,29000,0.00,786.55,784.26,true,false,false,807.00
5284681000,5285418000,737000,29000,29000,0.00,786.55,784.26,true,false,false,807.00
5285418000,5286155000,737000,29000,29000,0.00,786.55,784.26,true,false,false,807.00
5286155000,5286893000,738000,29000,29000,0.00,786.55,784.26,true,false,false,807.00
5286893000,5287630000,737000,29000,29000,0.00,786.55,784.26,true,false,false,807.00
5287630000,5288367000,737000,29000,29000,0.00,786.55,784.26,true,false,true,807.00
5288367000,5289257000,890000,29000,80000,2.90,0.00,784.26,true,false,false,807.00
5289257000,5290240000,983000,35000,111000,2.90,736.99,736.99,true,false,false,807.00
5290240000,5291004000,764000,11000,38000,1.10,791.18,791.18,true,false,false,807.00
5291004000,5294621000,3617000,32000,32000,1.10,791.18,799.41,false,true,false,807.00
5294621000,5295373000,752000,8000,34000,0.80,791.18,799.41,true,false,false,810.00
5295373000,5296137000,764000,26000,38000,0.80,791.18,782.74,true,false,false,810.00
5296137000,5296887000,750000,27000,33000,0.80,791.18,785.65,true,false,false,810.00
5296887000,5297633000,746000,29000,32000,0.80,791.18,785.65,true,false,false,810.00
5297633000,5298376000,743000,29000,31000,0.80,791.18,785.65,true,false,false,810.00
5298376000,5299119000,743000,29000,31000,0.80,791.18,786.41,true,false,false,810.00
5299119000,5299862000,743000,30000,31000,0.80,791.18,786.41,true,false,false,810.00
5299862000,5300605000,743000,30000,31000,0.80,791.18,786.41,true,false,false,810.00
5300605000,5301348000,743000,30000,31000,0.80,791.18,786.41,true,false,false,810.00
5301348000,5302091000,743000,30000,31000,0.80,791.18,786.41,true,false,false,810.00
5302091000,5302834000,743000,30000,31000,0.80,791.18,786.41,true,false,false,810.00
5302834000,5303578000,744000,30000,31000,0.80,791.18,786.41,true,false,false,810.00
5303578000,5304322000,744000,30000,31000,0.80,791.18,785.65,true,false,false,810.00
5304322000,5305065000,743000,30000,31000,0.80,791.18,786.41,true,false,false,810.00
5305065000,5305809000,744000,30000,31000,0.80,791.18,786.41,true,false,false,810.00
5305809000,5306552000,743000,30000,31000,0.80,791.18,786.41,true,false,false,810.00
5306552000,5307295000,743000,30000,31000,0.80,791.18,786.41,true,false,false,810.00
5307295000,5308038000,743000,30000,31000,0.80,791.18,786.41,true,false,false,810.00
5308038000,5308782000,744000,30000,31000,0.80,791.18,786.41,true,false,false,810.00
5308782000,5309525000,743000,30000,31000,0.80,791.18,786.41,true,false,false,810.00
5309525000,5310268000,743000,30000,31000,0.80,791.18,785.65,true,false,false,810.00
5310268000,5311011000,743000,30000,31000,0.80,791.18,785.65,true,false,false,810.00
5311011000,5311754000,743000,30000,31000,0.80,791.18,786.41,true,false,false,810.00
5311754000,5312713000,959000,30000,103000,0.80,791.18,770.69,true,false,false,810.00
5312713000,5313720000,1007000,18000,119000,0.80,791.18,757.01,true,false,false,810.00
5313720000,5314484000,764000,8000,38000,0.80,791.18,784.12,true,false,true,810.00
5314484000,5315242000,758000,21000,36000,2.10,0.00,784.12,true,false,false,810.00
5315242000,5315985000,743000,24000,31000,2.10,787.94,787.94,true,false,false,810.00
5315985000,5316719000,734000,25000,28000,2.10,788.70,788.70,true,false,false,810.00
5316719000,5320374000,3655000,27000,27000,2.10,788.70,828.92,false,true,false,810.00
5320374000,5321141000,767000,0,39000,0.00,788.70,793.34,true,false,false,816.00
5321141000,5321920000,779000,22000,43000,0.00,796.88,796.88,true,false,false,816.00
5321920000,5322675000,755000,26000,35000,0.00,796.88,796.88,true,false,false,816.00
5322675000,5323419000,744000,27000,31000,0.00,796.88,792.23,true,false,false,816.00
5323419000,5324163000,744000,28000,31000,0.00,796.88,792.23,true,false,false,816.00
5324163000,5324904000,741000,28000,30000,0.00,796.88,792.23,true,false,false,816.00
5324904000,5325644000,740000,29000,30000,0.00,796.88,792.23,true,false,false,816.00
5325644000,5326384000,740000,29000,30000,0.00,796.88,792.23,true,false,false,816.00
5326384000,5327124000,740000,29000,30000,0.00,796.88,792.23,true,false,false,816.00
5327124000,5327865000,741000,29000,30000,0.00,796.88,792.23,true,false,false,816.00
5327865000,5328605000,740000,29000,30000,0.00,796.88,792.23,true,false,false,816.00
5328605000,5329345000,740000,29000,30000,0.00,796.88,792.23,true,false,false,816.00
5329345000,5330085000,740000,29000,30000,0.00,796.88,792.23,true,false,false,816.00
5330085000,5330826000,741000,29000,30000,0.00,796.88,792.23,true,false,false,816.00
5330826000,5331566000,740000,29000,30000,0.00,796.88,792.23,true,false,false,816.00
5331566000,5332306000,740000,29000,30000,0.00,796.88,792.23,true,false,false,816.00
5332306000,5333046000,740000,29000,30000,0.00,796.88,792.23,true,false,false,816.00
5333046000,5333786000,740000,29000,30000,0.00,796.88,792.23,true,false,false,816.00
5333786000,5334526000,740000,29000,30000,0.00,796.88,792.23,true,false,false,816.00
5334526000,5335266000,740000,29000,30000,0.00,796.88,792.23,true,false,false,816.00
5335266000,5336190000,924000,29000,91000,0.00,796.88,792.23,true,false,false,816.00
5336190000,5337179000,989000,24000,113000,0.00,796.88,748.62,true,false,false,816.00
5337179000,5337946000,767000,11000,39000,0.00,796.88,796.88,true,false,false,816.00
5337946000,5338716000,770000,23000,40000,0.00,796.88,789.93,true,false,false,816.00
5338716000,5339465000,749000,25000,33000,0.00,796.88,790.70,true,false,false,816.00
5339465000,5340208000,743000,27000,31000,0.00,796.88,790.70,true,false,true,816.00
5340208000,5340951000,743000,29000,31000,2.90,0.00,790.70,true,false,false,816.00
5340951000,5341691000,740000,29000,30000,2.90,793.00,793.00,true,false,false,816.00
5341691000,5342431000,740000,29000,30000,2.90,793.00,792.23,true,false,false,816.00
5342431000,5346130000,3699000,30000,30000,2.90,793.00,843.87,false,true,false,816.00
5346130000,5346921000,791000,0,47000,0.00,793.00,793.77,true,false,false,815.00
5346921000,5347727000,806000,13000,52000,0.00,799.02,799.02,true,false,false,815.00
5347727000,5348495000,768000,26000,39000,0.00,799.02,799.02,true,false,false,815.00
5348495000,5349241000,746000,25000,32000,0.00,799.02,792.80,true,false,false,815.00
5349241000,5349987000,746000,27000,32000,0.00,799.02,791.26,true,false,false,815.00
5349987000,5350727000,740000,28000,30000,0.00,799.02,791.26,true,false,false,815.00
5350727000,5351467000,740000,28000,30000,0.00,799.02,791.26,true,false,false,815.00
5351467000,5352208000,741000,29000,30000,0.00,799.02,792.03,true,false,false,815.00
5352208000,5352948000,740000,29000,30000,0.00,799.02,792.03,true,false,false,815.00
5352948000,5353688000,740000,29000,30000,0.00,799.02,792.03,true,false,false,815.00
5353688000,5354429000,741000,29000,30000,0.00,799.02,792.03,true,false,false,815.00
5354429000,5355166000,737000,29000,29000,0.00,799.02,792.03,true,false,false,815.00
5355166000,5355904000,738000,29000,29000,0.00,799.02,792.03,true,false,false,815.00
5355904000,5356641000,737000,29000,29000,0.00,799.02,792.03,true,false,false,815.00
5356641000,5357378000,737000,29000,29000,0.00,799.02,792.03,true,false,false,815.00
5357378000,5358115000,737000,29000,29000,0.00,799.02,792.03,true,false,false,815.00
5358115000,5358853000,738000,29000,29000,0.00,799.02,792.03,true,false,false,815.00
5358853000,5359728000,875000,29000,75000,0.00,799.02,792.03,true,false,false,815.00
5359728000,5360720000,992000,36000,114000,0.00,799.02,747.02,true,false,false,815.00
5360720000,5361490000,770000,11000,40000,0.00,799.02,795.90,true,false,false,815.00
5361490000,5362257000,767000,24000,39000,0.00,799.02,788.96,true,false,false,815.00
5362257000,5363003000,746000,23000,32000,0.00,799.02,790.49,true,false,false,815.00
5363003000,5363749000,746000,27000,32000,0.00,799.02,790.49,true,false,false,815.00
5363749000,5364492000,743000,28000,31000,0.00,799.02,792.03,true,false,false,815.00
5364492000,5365233000,741000,28000,30000,0.00,799.02,792.03,true,false,false,815.00
5365233000,5365973000,740000,29000,30000,0.00,799.02,792.03,true,false,true,815.00
5365973000,5366710000,737000,29000,29000,2.90,0.00,792.03,true,false,false,815.00
5366710000,5367448000,738000,29000,29000,2.90,792.03,792.03,true,false,false,815.00
5367448000,5368186000,738000,29000,29000,2.90,792.03,792.03,true,false,false,815.00
5368186000,5371884000,3698000,29000,29000,2.90,792.03,842.94,false,true,false,815.00
5371884000,5372675000,791000,0,47000,0.00,792.03,792.03,true,false,false,814.00
5372675000,5373482000,807000,13000,52000,0.00,798.04,798.04,true,false,false,814.00
5373482000,5374250000,768000,26000,39000,0.00,798.04,798.04,true,false,false,814.00
5374250000,5374993000,743000,25000,31000,0.00,798.04,793.37,true,false,false,814.00
5374993000,5375739000,746000,27000,32000,0.00,798.04,790.29,true,false,false,814.00
5375739000,5376479000,740000,27000,30000,0.00,798.04,791.06,true,false,false,814.00
5376479000,5377219000,740000,28000,30000,0.00,798.04,791.06,true,false,false,814.00
5377219000,5377957000,738000,28000,29000,0.00,798.04,791.06,true,false,false,814.00
5377957000,5378695000,738000,29000,29000,0.00,798.04,791.06,true,false,false,814.00
5378695000,5379432000,737000,29000,29000,0.00,798.04,791.06,true,false,false,814.00
5379432000,5380169000,737000,29000,29000,0.00,798.04,791.06,true,false,false,814.00
5380169000,5380906000,737000,29000,29000,0.00,798.04,791.06,true,false,false,814.00
5380906000,5381644000,738000,29000,29000,0.00,798.04,791.06,true,false,false,814.00
5381644000,5382381000,737000,29000,29000,0.00,798.04,791.06,true,false,false,814.00
5382381000,5383193000,812000,29000,54000,0.00,798.04,791.06,true,false,false,814.00
5383193000,5384179000,986000,54000,112000,0.00,798.04,746.10,true,false,false,814.00
5384179000,5385105000,926000,10000,92000,0.00,798.04,798.04,true,false,false,814.00
5385105000,5385872000,767000,27000,39000,0.00,798.04,787.23,true,false,false,814.00
5385872000,5386618000,746000,22000,32000,0.00,798.04,787.23,true,false,false,814.00
5386618000,5387364000,746000,27000,32000,0.00,798.04,789.52,true,false,false,814.00
5387364000,5388104000,740000,27000,30000,0.00,798.04,791.06,true,false,false,814.00
5388104000,5388844000,740000,28000,30000,0.00,798.04,791.06,true,false,false,814.00
5388844000,5389581000,737000,28000,29000,0.00,798.04,791.06,true,false,false,814.00
5389581000,5390318000,737000,29000,29000,0.00,798.04,791.06,true,false,false,814.00
5390318000,5391055000,737000,29000,29000,0.00,798.04,791.06,true,false,false,814.00
5391055000,5391792000,737000,29000,29000,0.00,798.04,791.06,true,false,true,814.00
5391792000,5392529000,737000,29000,29000,2.90,0.00,791.06,true,false,false,814.00
5392529000,5393266000,737000,29000,29000,2.90,791.06,791.06,true,false,false,814.00
5393266000,5394003000,737000,29000,29000,2.90,791.06,791.06,true,false,false,814.00
5394003000,5397701000,3698000,29000,29000,2.90,791.06,842.79,false,true,false,814.00
5397701000,5398493000,792000,0,47000,0.00,791.06,791.06,true,false,false,813.00
5398493000,5399296000,803000,12000,51000,0.00,797.84,797.84,true,false,false,813.00
5399296000,5400063000,767000,26000,39000,0.00,797.84,797.84,true,false,false,813.00
5400063000,5400806000,743000,24000,31000,0.00,797.84,792.40,true,false,false,813.00
5400806000,5401550000,744000,27000,31000,0.00,797.84,790.09,true,false,false,813.00
5401550000,5402290000,740000,27000,30000,0.00,797.84,790.09,true,false,false,813.00
5402290000,5403027000,737000,28000,29000,0.00,797.84,790.09,true,false,false,813.00
5403027000,5403764000,737000,28000,29000,0.00,797.84,790.86,true,false,false,813.00
5403764000,5404501000,737000,28000,29000,0.00,797.84,790.86,true,false,false,813.00
5404501000,5405239000,738000,28000,29000,0.00,797.84,790.86,true,false,false,813.00
5405239000,5405976000,737000,28000,29000,0.00,797.84,790.86,true,false,false,813.00
5405976000,5406714000,738000,28000,29000,0.00,797.84,790.86,true,false,false,813.00
5406714000,5407698000,984000,28000,111000,0.00,797.84,737.75,true,false,false,813.00
5407698000,5408630000,932000,10000,94000,0.00,801.78,801.78,true,false,false,813.00
5408630000,5409397000,767000,16000,39000,0.00,801.78,801.78,true,false,false,813.00
5409397000,5410138000,741000,22000,30000,0.00,801.78,790.86,true,false,false,813.00
5410138000,5410884000,746000,26000,32000,0.00,801.78,789.32,true,false,false,813.00
5410884000,5411625000,741000,26000,30000,0.00,801.78,790.09,true,false,false,813.00
5411625000,5412362000,737000,27000,29000,0.00,801.78,790.09,true,false,false,813.00
5412362000,5413100000,738000,28000,29000,0.00,801.78,790.09,true,false,false,813.00
5413100000,5413837000,737000,28000,29000,0.00,801.78,790.86,true,false,false,813.00
5413837000,5414574000,737000,28000,29000,0.00,801.78,790.86,true,false,false,813.00
5414574000,5415311000,737000,28000,29000,0.00,801.78,790.86,true,false,false,813.00
5415311000,5416048000,737000,28000,29000,0.00,801.78,790.86,true,false,false,813.00
5416048000,5416785000,737000,28000,29000,0.00,801.78,790.09,true,false,false,813.00
5416785000,5417522000,737000,28000,29000,0.00,801.78,790.09,true,false,true,813.00
5417522000,5418260000,738000,28000,29000,2.80,0.00,790.09,true,false,false,813.00
5418260000,5418997000,737000,28000,29000,2.80,790.86,790.86,true,false,false,813.00
5418997000,5419734000,737000,28000,29000,2.80,790.86,790.86,true,false,false,813.00
5419734000,5423425000,3691000,28000,28000,2.80,790.86,840.63,false,true,false,813.00
5423425000,5424213000,788000,0,46000,0.00,790.86,790.86,true,false,false,813.00
5424213000,5425016000,803000,13000,51000,0.00,797.06,797.06,true,false,false,813.00
5425016000,5425780000,764000,25000,38000,0.00,797.06,797.06,true,false,false,813.00
5425780000,5426523000,743000,24000,31000,0.00,797.06,792.40,true,false,false,813.00
5426523000,5427269000,746000,27000,32000,0.00,797.06,790.09,true,false,false,813.00
5427269000,5428009000,740000,27000,30000,0.00,797.06,790.09,true,false,false,813.00
5428009000,5428746000,737000,28000,29000,0.00,797.06,790.09,true,false,false,813.00
5428746000,5429483000,737000,28000,29000,0.00,797.06,790.86,true,false,false,813.00
5429483000,5430221000,738000,28000,29000,0.00,797.06,790.86,true,false,false,813.00
5430221000,5431204000,983000,28000,111000,0.00,797.06,734.42,true,false,false,813.00
5431204000,5432137000,933000,10000,94000,0.00,801.78,801.78,true,false,false,813.00
5432137000,5432904000,767000,12000,39000,0.00,801.78,801.78,true,false,false,813.00
5432904000,5433647000,743000,22000,31000,0.00,801.78,793.95,true,false,false,813.00
5433647000,5434393000,746000,26000,32000,0.00,801.78,790.09,true,false,false,813.00
5434393000,5435134000,741000,26000,30000,0.00,801.78,790.09,true,false,false,813.00
5435134000,5435874000,740000,27000,30000,0.00,801.78,790.09,true,false,false,813.00
5435874000,5436611000,737000,28000,29000,0.00,801.78,790.09,true,false,false,813.00
5436611000,5437348000,737000,28000,29000,0.00,801.78,790.86,true,false,false,813.00
5437348000,5438085000,737000,28000,29000,0.00,801.78,790.86,true,false,false,813.00
5438085000,5438823000,738000,28000,29000,0.00,801.78,790.86,true,false,false,813.00
5438823000,5439560000,737000,28000,29000,0.00,801.78,790.86,true,false,false,813.00
5439560000,5440297000,737000,28000,29000,0.00,801.78,790.86,true,false,false,813.00
5440297000,5441034000,737000,28000,29000,0.00,801.78,790.86,true,false,false,813.00
5441034000,5441771000,737000,28000,29000,0.00,801.78,790.09,true,false,false,813.00
5441771000,5442508000,737000,28000,29000,0.00,801.78,790.86,true,false,false,813.00
5442508000,5443245000,737000,28000,29000,0.00,801.78,790.86,true,false,true,813.00
5443245000,5443983000,738000,28000,29000,2.80,0.00,790.86,true,false,false,813.00
5443983000,5444720000,737000,28000,29000,2.80,790.86,790.86,true,false,false,813.00
5444720000,5445457000,737000,28000,29000,2.80,790.86,790.86,true,false,false,813.00
5445457000,5449148000,3691000,28000,28000,2.80,790.86,840.63,false,true,false,813.00
5449148000,5449936000,788000,0,46000,0.00,790.86,790.86,true,false,false,813.00
5449936000,5450739000,803000,13000,51000,0.00,797.06,797.06,true,false,false,813.00
5450739000,5451503000,764000,25000,38000,0.00,797.06,797.06,true,false,false,813.00
5451503000,5452246000,743000,24000,31000,0.00,797.06,792.40,true,false,false,813.00
5452246000,5452992000,746000,27000,32000,0.00,797.06,790.09,true,false,false,813.00
5452992000,5453732000,740000,27000,30000,0.00,797.06,790.09,true,false,false,813.00
5453732000,5454700000,968000,28000,106000,0.00,797.06,741.11,true,false,false,813.00
5454700000,5455638000,938000,11000,96000,0.00,797.06,741.11,true,false,false,813.00
5455638000,5456405000,767000,11000,39000,0.00,797.06,795.50,true,false,false,813.00
5456405000,5457151000,746000,22000,32000,0.00,797.06,794.72,true,false,false,813.00
5457151000,5457897000,746000,26000,32000,0.00,797.06,791.63,true,false,false,813.00
5457897000,5458638000,741000,26000,30000,0.00,797.06,791.63,true,false,false,813.00
5458638000,5459378000,740000,27000,30000,0.00,797.06,790.09,true,false,false,813.00
5459378000,5460115000,737000,28000,29000,0.00,797.06,790.09,true,false,false,813.00
5460115000,5460853000,738000,28000,29000,0.00,797.06,790.09,true,false,false,813.00
5460853000,5461590000,737000,28000,29000,0.00,797.06,790.86,true,false,false,813.00
5461590000,5462327000,737000,28000,29000,0.00,797.06,790.86,true,false,false,813.00
5462327000,5463064000,737000,28000,29000,0.00,797.06,790.86,true,false,false,813.00
5463064000,5463802000,738000,28000,29000,0.00,797.06,790.86,true,false,false,813.00
5463802000,5464539000,737000,28000,29000,0.00,797.06,790.86,true,false,false,813.00
5464539000,5465277000,738000,28000,29000,0.00,797.06,790.86,true,false,false,813.00
5465277000,5466014000,737000,28000,29000,0.00,797.06,790.09,true,false,false,813.00
5466014000,5466751000,737000,28000,29000,0.00,797.06,790.09,true,false,false,813.00
5466751000,5467488000,737000,28000,29000,0.00,797.06,790.86,true,false,false,813.00
5467488000,5468225000,737000,28000,29000,0.00,797.06,790.86,true,false,false,813.00
5468225000,5468962000,737000,28000,29000,0.00,797.06,790.86,true,false,true,813.00
5468962000,5469699000,737000,28000,29000,2.80,0.00,790.86,true,false,false,813.00
5469699000,5470437000,738000,28000,29000,2.80,790.86,790.86,true,false,false,813.00
5470437000,5471174000,737000,28000,29000,2.80,790.86,790.86,true,false,false,813.00
5471174000,5474865000,3691000,28000,28000,2.80,790.86,840.63,false,true,false,813.00
5474865000,5475653000,788000,0,46000,0.00,790.86,790.86,true,false,false,813.00
5475653000,5476454000,801000,13000,50000,0.00,797.06,797.06,true,false,false,813.00
5476454000,5477218000,764000,26000,38000,0.00,797.06,797.06,true,false,false,813.00
5477218000,5478177000,959000,25000,103000,0.00,797.06,792.40,true,false,false,813.00
5478177000,5479121000,944000,14000,98000,0.00,797.06,747.93,true,false,false,813.00
5479121000,5479888000,767000,12000,39000,0.00,797.06,790.09,true,false,false,813.00
5479888000,5480634000,746000,22000,32000,0.00,797.06,792.40,true,false,false,813.00
5480634000,5481380000,746000,26000,32000,0.00,797.06,792.40,true,false,false,813.00
5481380000,5482120000,740000,26000,30000,0.00,797.06,790.86,true,false,false,813.00
5482120000,5482860000,740000,27000,30000,0.00,797.06,790.86,true,false,false,813.00
5482860000,5483597000,737000,28000,29000,0.00,797.06,790.86,true,false,false,813.00
5483597000,5484334000,737000,28000,29000,0.00,797.06,790.86,true,false,false,813.00
5484334000,5485071000,737000,28000,29000,0.00,797.06,790.09,true,false,false,813.00
5485071000,5485808000,737000,28000,29000,0.00,797.06,790.86,true,false,false,813.00
5485808000,5486545000,737000,28000,29000,0.00,797.06,790.86,true,false,false,813.00
5486545000,5487282000,737000,28000,29000,0.00,797.06,790.86,true,false,false,813.00
5487282000,5488019000,737000,28000,29000,0.00,797.06,790.86,true,false,false,813.00
5488019000,5488757000,738000,28000,29000,0.00,797.06,790.86,true,false,false,813.00
5488757000,5489494000,737000,28000,29000,0.00,797.06,790.86,true,false,false,813.00
5489494000,5490231000,737000,28000,29000,0.00,797.06,790.86,true,false,false,813.00
5490231000,5490968000,737000,28000,29000,0.00,797.06,790.86,true,false,false,813.00
5490968000,5491705000,737000,28000,29000,0.00,797.06,790.86,true,false,false,813.00
5491705000,5492442000,737000,28000,29000,0.00,797.06,790.86,true,false,false,813.00
5492442000,5493179000,737000,28000,29000,0.00,797.06,790.86,true,false,false,813.00
5493179000,5493917000,738000,28000,29000,0.00,797.06,790.09,true,false,false,813.00
5493917000,5494654000,737000,28000,29000,0.00,797.06,790.09,true,false,true,813.00
5494654000,5495391000,737000,28000,29000,2.80,0.00,790.09,true,false,false,813.00
5495391000,5496128000,737000,28000,29000,2.80,790.09,790.09,true,false,false,813.00
5496128000,5496865000,737000,28000,29000,2.80,790.86,790.86,true,false,false,813.00
5496865000,5500563000,3698000,28000,28000,2.80,790.86,840.63,false,true,false,813.00
5500563000,5501759000,1196000,5000,182000,0.70,790.86,724.60,true,false,false,813.00
5501759000,5502652000,893000,18000,81000,0.70,790.86,788.55,true,false,false,813.00
5502652000,5503506000,854000,35000,68000,0.70,790.86,772.08,true,false,false,813.00
5503506000,5504303000,797000,33000,49000,0.70,790.86,776.50,true,false,false,813.00
5504303000,5505097000,794000,41000,48000,0.70,790.86,776.50,true,false,false,813.00
5505097000,5505886000,789000,43000,46000,0.70,790.86,778.74,true,false,false,813.00
5505886000,5506671000,785000,43000,45000,0.70,790.86,779.48,true,false,false,813.00
5506671000,5507457000,786000,44000,45000,0.70,790.86,778.74,true,false,false,813.00
5507457000,5508242000,785000,44000,45000,0.70,790.86,778.74,true,false,false,813.00
5508242000,5509028000,786000,44000,45000,0.70,790.86,778.74,true,false,false,813.00
5509028000,5509813000,785000,44000,45000,0.70,790.86,778.74,true,false,false,813.00
5509813000,5510595000,782000,44000,44000,0.70,790.86,778.74,true,false,false,813.00
5510595000,5511377000,782000,44000,44000,0.70,790.86,778.74,true,false,false,813.00
5511377000,5512160000,783000,44000,44000,0.70,790.86,778.74,true,false,false,813.00
5512160000,5512942000,782000,44000,44000,0.70,790.86,778.74,true,false,false,813.00
5512942000,5513725000,783000,44000,44000,0.70,790.86,778.74,true,false,false,813.00
5513725000,5514508000,783000,44000,44000,0.70,790.86,778.74,true,false,false,813.00
5514508000,5515290000,782000,44000,44000,0.70,790.86,778.74,true,false,false,813.00
5515290000,5516072000,782000,44000,44000,0.70,790.86,778.74,true,false,false,813.00
5516072000,5516854000,782000,44000,44000,0.70,790.86,778.74,true,false,false,813.00
5516854000,5517636000,782000,44000,44000,0.70,790.86,778.74,true,false,false,813.00
5517636000,5518418000,782000,44000,44000,0.70,790.86,778.74,true,false,false,813.00
5518418000,5519200000,782000,44000,44000,0.70,790.86,778.74,true,false,false,813.00
5519200000,5519982000,782000,44000,44000,0.70,790.86,778.74,true,false,false,813.00
5519982000,5520764000,782000,44000,44000,0.70,790.86,778.74,true,false,false,813.00
5520764000,5521546000,782000,44000,44000,0.70,790.86,778.74,true,false,true,813.00
5521546000,5522328000,782000,44000,44000,4.40,0.00,778.74,true,false,false,813.00
5522328000,5523110000,782000,44000,44000,4.40,778.74,778.74,true,false,false,813.00
5523110000,5523893000,783000,44000,44000,4.40,778.74,778.74,true,false,false,813.00
5523893000,5527819000,3926000,44000,44000,4.40,778.74,856.76,false,true,false,813.00
5527819000,5528625000,806000,0,52000,0.10,778.74,797.06,true,false,false,832.00
5528625000,5529449000,824000,0,58000,0.00,818.09,818.09,true,false,false,832.00
5529449000,5530217000,768000,26000,39000,0.00,818.09,808.55,true,false,false,832.00
5530217000,5530967000,750000,26000,33000,0.00,818.09,808.55,true,false,false,832.00
5530967000,5531713000,746000,28000,32000,0.00,818.09,806.98,true,false,false,832.00
5531713000,5532456000,743000,28000,31000,0.00,818.09,807.77,true,false,false,832.00
5532456000,5533196000,740000,29000,30000,0.00,818.09,807.77,true,false,false,832.00
5533196000,5533936000,740000,29000,30000,0.00,818.09,807.77,true,false,false,832.00
5533936000,5534676000,740000,29000,30000,0.00,818.09,807.77,true,false,false,832.00
5534676000,5535416000,740000,29000,30000,0.00,818.09,807.77,true,false,false,832.00
5535416000,5536156000,740000,29000,30000,0.00,818.09,807.77,true,false,false,832.00
5536156000,5536896000,740000,29000,30000,0.00,818.09,807.77,true,false,false,832.00
5536896000,5537636000,740000,29000,30000,0.00,818.09,807.77,true,false,false,832.00
5537636000,5538376000,740000,29000,30000,0.00,818.09,807.77,true,false,false,832.00
5538376000,5539116000,740000,29000,30000,0.00,818.09,807.77,true,false,false,832.00
5539116000,5539856000,740000,29000,30000,0.00,818.09,807.77,true,false,false,832.00
5539856000,5540596000,740000,29000,30000,0.00,818.09,807.77,true,false,false,832.00
5540596000,5541336000,740000,30000,30000,0.00,818.09,807.77,true,false,false,832.00
5541336000,5542076000,740000,30000,30000,0.00,818.09,807.77,true,false,false,832.00
5542076000,5542816000,740000,30000,30000,0.00,818.09,807.77,true,false,false,832.00
5542816000,5543556000,740000,30000,30000,0.00,818.09,807.77,true,false,false,832.00
5543556000,5544296000,740000,30000,30000,0.00,818.09,807.77,true,false,false,832.00
5544296000,5545036000,740000,30000,30000,0.00,818.09,807.77,true,false,false,832.00
5545036000,5545776000,740000,30000,30000,0.00,818.09,807.77,true,false,false,832.00
5545776000,5546516000,740000,30000,30000,0.00,818.09,807.77,true,false,false,832.00
5546516000,5547256000,740000,30000,30000,0.00,818.09,807.77,true,false,true,832.00
5547256000,5547996000,740000,30000,30000,3.00,0.00,807.77,true,false,false,832.00
5547996000,5548736000,740000,30000,30000,3.00,807.77,807.77,true,false,false,832.00
5548736000,5549702000,966000,30000,105000,3.00,807.77,764.00,true,false,false,832.00
5549702000,5553397000,3695000,105000,105000,3.00,807.77,857.80,false,true,false,832.00
5553397000,5554191000,794000,0,48000,0.00,807.77,820.51,true,false,false,829.00
5554191000,5554997000,806000,13000,52000,0.00,812.75,812.75,true,false,false,829.00
5554997000,5555762000,765000,26000,38000,0.00,812.75,804.85,true,false,false,829.00
5555762000,5556505000,743000,24000,31000,0.00,812.75,804.85,true,false,false,829.00
5556505000,5557249000,744000,27000,31000,0.00,812.75,804.85,true,false,false,829.00
5557249000,5557986000,737000,27000,29000,0.00,812.75,806.42,true,false,false,829.00
5557986000,5558724000,738000,28000,29000,0.00,812.75,806.42,true,false,false,829.00
5558724000,5559461000,737000,28000,29000,0.00,812.75,806.42,true,false,false,829.00
5559461000,5560198000,737000,28000,29000,0.00,812.75,805.64,true,false,false,829.00
5560198000,5560935000,737000,28000,29000,0.00,812.75,806.42,true,false,false,829.00
5560935000,5561672000,737000,28000,29000,0.00,812.75,806.42,true,false,false,829.00
5561672000,5562409000,737000,28000,29000,0.00,812.75,806.42,true,false,false,829.00
5562409000,5563146000,737000,28000,29000,0.00,812.75,805.64,true,false,false,829.00
5563146000,5563884000,738000,28000,29000,0.00,812.75,806.42,true,false,false,829.00
5563884000,5564621000,737000,28000,29000,0.00,812.75,806.42,true,false,false,829.00
5564621000,5565358000,737000,28000,29000,0.00,812.75,805.64,true,false,false,829.00
5565358000,5566095000,737000,28000,29000,0.00,812.75,806.42,true,false,false,829.00
5566095000,5566832000,737000,28000,29000,0.00,812.75,806.42,true,false,false,829.00
5566832000,5567569000,737000,28000,29000,0.00,812.75,806.42,true,false,false,829.00
5567569000,5568306000,737000,28000,29000,0.00,812.75,805.64,true,false,false,829.00
5568306000,5569044000,738000,28000,29000,0.00,812.75,806.42,true,false,false,829.00
5569044000,5569781000,737000,28000,29000,0.00,812.75,806.42,true,false,false,829.00
5569781000,5570518000,737000,28000,29000,0.00,812.75,805.64,true,false,false,829.00
5570518000,5571255000,737000,28000,29000,0.00,812.75,806.42,true,false,false,829.00
5571255000,5571992000,737000,28000,29000,0.00,812.75,806.42,true,false,false,829.00
5571992000,5572900000,908000,28000,86000,0.00,812.75,806.42,true,false,true,829.00
5572900000,5573875000,975000,25000,108000,2.50,0.00,806.42,true,false,false,829.00
5573875000,5574639000,764000,10000,38000,1.00,809.57,809.57,true,false,false,829.00
5574639000,5575403000,764000,23000,38000,1.00,809.57,803.29,true,false,false,829.00
5575403000,5579021000,3618000,26000,26000,1.00,809.57,824.88,false,true,false,829.00
5579021000,5579767000,746000,9000,32000,0.90,809.57,820.79,true,false,false,839.00
5579767000,5580540000,773000,30000,41000,0.90,809.57,806.73,true,false,false,839.00
5580540000,5581292000,752000,30000,34000,0.90,811.41,811.41,true,false,false,839.00
5581292000,5582045000,753000,31000,34000,0.90,811.41,811.41,true,false,false,839.00
5582045000,5582797000,752000,31000,34000,0.90,812.20,812.20,true,false,false,839.00
5582797000,5583549000,752000,32000,34000,0.90,812.20,812.20,true,false,false,839.00
5583549000,5584298000,749000,32000,33000,0.90,812.20,812.20,true,false,false,839.00
5584298000,5585048000,750000,32000,33000,0.90,812.20,812.20,true,false,false,839.00
5585048000,5585798000,750000,32000,33000,0.90,812.20,812.20,true,false,false,839.00
5585798000,5586547000,749000,32000,33000,0.90,812.98,812.98,true,false,false,839.00
5586547000,5587296000,749000,32000,33000,0.90,812.98,812.98,true,false,false,839.00
5587296000,5588045000,749000,33000,33000,0.90,812.98,812.20,true,false,false,839.00
5588045000,5588794000,749000,33000,33000,0.90,812.98,812.20,true,false,false,839.00
5588794000,5589543000,749000,33000,33000,0.90,812.98,812.20,true,false,false,839.00
5589543000,5590292000,749000,33000,33000,0.90,812.98,812.20,true,false,false,839.00
5590292000,5591041000,749000,33000,33000,0.90,812.98,812.20,true,false,false,839.00
5591041000,5591790000,749000,33000,33000,0.90,812.98,812.20,true,false,false,839.00
5591790000,5592539000,749000,33000,33000,0.90,812.98,812.20,true,false,false,839.00
5592539000,5593288000,749000,33000,33000,0.90,812.98,812.20,true,false,false,839.00
5593288000,5594037000,749000,33000,33000,0.90,812.98,812.20,true,false,false,839.00
5594037000,5594787000,750000,33000,33000,0.90,812.98,812.20,true,false,false,839.00
5594787000,5595536000,749000,33000,33000,0.90,812.98,812.20,true,false,false,839.00
5595536000,5596514000,978000,33000,109000,0.90,812.98,812.20,true,false,false,839.00
5596514000,5597524000,1010000,16000,120000,0.90,812.98,759.96,true,false,false,839.00
5597524000,5598301000,777000,14000,42000,0.90,815.35,815.35,true,false,false,839.00
5598301000,5599068000,767000,28000,39000,0.90,816.15,816.15,true,false,true,839.00
5599068000,5599826000,758000,31000,36000,3.10,0.00,816.15,true,false,false,839.00
5599826000,5600578000,752000,31000,34000,3.10,813.77,813.77,true,false,false,839.00
5600578000,5601330000,752000,32000,34000,3.10,813.77,812.20,true,false,false,839.00
5601330000,5605051000,3721000,33000,33000,3.10,813.77,863.97,false,true,false,839.00
5605051000,5605855000,804000,0,51000,0.00,813.77,820.14,true,false,false,834.00
5605855000,5606674000,819000,17000,56000,0.00,815.25,815.25,true,false,false,834.00
5606674000,5607441000,767000,28000,39000,0.00,815.25,808.92,true,false,false,834.00
5607441000,5608190000,749000,27000,33000,0.00,815.25,808.92,true,false,false,834.00
5608190000,5608939000,749000,29000,33000,0.00,815.25,808.14,true,false,false,834.00
5608939000,5609682000,743000,29000,31000,0.00,815.25,808.92,true,false,false,834.00
5609682000,5610425000,743000,30000,31000,0.00,815.25,808.92,true,false,false,834.00
5610425000,5611169000,744000,30000,31000,0.00,815.25,809.71,true,false,false,834.00
5611169000,5611912000,743000,30000,31000,0.00,815.25,808.92,true,false,false,834.00
5611912000,5612655000,743000,30000,31000,0.00,815.25,809.71,true,false,false,834.00
5612655000,5613398000,743000,30000,31000,0.00,815.25,809.71,true,false,false,834.00
5613398000,5614141000,743000,30000,31000,0.00,815.25,809.71,true,false,false,834.00
5614141000,5614884000,743000,30000,31000,0.00,815.25,808.92,true,false,false,834.00
5614884000,5615627000,743000,30000,31000,0.00,815.25,808.92,true,false,false,834.00
5615627000,5616370000,743000,30000,31000,0.00,815.25,808.92,true,false,false,834.00
5616370000,5617113000,743000,30000,31000,0.00,815.25,808.92,true,false,false,834.00
5617113000,5617857000,744000,30000,31000,0.00,815.25,808.92,true,false,false,834.00
5617857000,5618601000,744000,30000,31000,0.00,815.25,808.92,true,false,false,834.00
5618601000,5619344000,743000,30000,31000,0.00,815.25,808.92,true,false,false,834.00
5619344000,5620303000,959000,30000,103000,0.00,815.25,791.27,true,false,false,834.00
5620303000,5621292000,989000,19000,113000,0.00,815.25,783.10,true,false,false,834.00
5621292000,5622063000,771000,12000,40000,0.00,815.25,805.02,true,false,false,834.00
5622063000,5622827000,764000,25000,38000,0.00,815.25,805.02,true,false,false,834.00
5622827000,5623576000,749000,29000,33000,0.00,815.25,810.50,true,false,false,834.00
5623576000,5624322000,746000,29000,32000,0.00,815.25,809.71,true,false,false,834.00
5624322000,5625068000,746000,30000,32000,0.00,815.25,808.92,true,false,true,834.00
5625068000,5625811000,743000,30000,31000,3.00,0.00,808.92,true,false,false,834.00
5625811000,5626554000,743000,30000,31000,3.00,808.92,808.92,true,false,false,834.00
5626554000,5627297000,743000,30000,31000,3.00,808.92,808.92,true,false,false,834.00
5627297000,5631010000,3713000,30000,30000,3.00,808.92,861.37,false,true,false,834.00
5631010000,5631804000,794000,0,48000,0.00,808.92,812.07,true,false,false,830.00
5631804000,5632613000,809000,14000,53000,0.00,813.73,813.73,true,false,false,830.00
5632613000,5633380000,767000,26000,39000,0.00,813.73,813.73,true,false,false,830.00
5633380000,5634123000,743000,25000,31000,0.00,813.73,808.18,true,false,false,830.00
5634123000,5634866000,743000,27000,31000,0.00,813.73,805.83,true,false,false,830.00
5634866000,5635607000,741000,28000,30000,0.00,813.73,806.61,true,false,false,830.00
5635607000,5636345000,738000,28000,29000,0.00,813.73,806.61,true,false,false,830.00
5636345000,5637082000,737000,28000,29000,0.00,813.73,806.61,true,false,false,830.00
5637082000,5637819000,737000,29000,29000,0.00,813.73,806.61,true,false,false,830.00
5637819000,5638556000,737000,29000,29000,0.00,813.73,806.61,true,false,false,830.00
5638556000,5639293000,737000,29000,29000,0.00,813.73,806.61,true,false,false,830.00
5639293000,5640030000,737000,29000,29000,0.00,813.73,806.61,true,false,false,830.00
5640030000,5640767000,737000,29000,29000,0.00,813.73,806.61,true,false,false,830.00
5640767000,5641504000,737000,29000,29000,0.00,813.73,806.61,true,false,false,830.00
5641504000,5642241000,737000,29000,29000,0.00,813.73,806.61,true,false,false,830.00
5642241000,5642978000,737000,29000,29000,0.00,813.73,806.61,true,false,false,830.00
5642978000,5643844000,866000,29000,72000,0.00,813.73,788.97,true,false,false,830.00
5643844000,5644823000,979000,40000,109000,0.00,813.73,781.54,true,false,false,830.00
5644823000,5645597000,774000,11000,41000,0.00,813.73,781.54,true,false,false,830.00
5645597000,5646364000,767000,26000,39000,0.00,813.73,802.71,true,false,false,830.00
5646364000,5647107000,743000,23000,31000,0.00,813.73,807.39,true,false,false,830.00
5647107000,5647853000,746000,27000,32000,0.00,813.73,807.39,true,false,false,830.00
5647853000,5648593000,740000,27000,30000,0.00,813.73,807.39,true,false,false,830.00
5648593000,5649331000,738000,28000,29000,0.00,813.73,806.61,true,false,false,830.00
5649331000,5650068000,737000,28000,29000,0.00,813.73,806.61,true,false,false,830.00
5650068000,5650805000,737000,29000,29000,0.00,813.73,806.61,true,false,true,830.00
5650805000,5651543000,738000,29000,29000,2.90,0.00,806.61,true,false,false,830.00
5651543000,5652280000,737000,29000,29000,2.90,806.61,806.61,true,false,false,830.00
5652280000,5653017000,737000,29000,29000,2.90,806.61,806.61,true,false,false,830.00
5653017000,5656719000,3702000,29000,29000,2.90,806.61,857.14,false,true,false,830.00
5656719000,5657508000,789000,0,46000,0.00,806.61,807.39,true,false,false,828.00
5657508000,5658311000,803000,12000,51000,0.00,812.56,812.56,true,false,false,828.00
5658311000,5659075000,764000,25000,38000,0.00,812.56,812.56,true,false,false,828.00
5659075000,5659815000,740000,24000,30000,0.00,812.56,807.02,true,false,false,828.00
5659815000,5660558000,743000,27000,31000,0.00,812.56,804.66,true,false,false,828.00
5660558000,5661295000,737000,27000,29000,0.00,812.56,805.45,true,false,false,828.00
5661295000,5662032000,737000,27000,29000,0.00,812.56,805.45,true,false,false,828.00
5662032000,5662766000,734000,28000,28000,0.00,812.56,805.45,true,false,false,828.00
5662766000,5663500000,734000,28000,28000,0.00,812.56,805.45,true,false,false,828.00
5663500000,5664234000,734000,28000,28000,0.00,812.56,805.45,true,false,false,828.00
5664234000,5664968000,734000,28000,28000,0.00,812.56,805.45,true,false,false,828.00
5664968000,5665702000,734000,28000,28000,0.00,812.56,805.45,true,false,false,828.00
5665702000,5666437000,735000,28000,28000,0.00,812.56,805.45,true,false,false,828.00
5666437000,5667172000,735000,28000,28000,0.00,812.56,805.45,true,false,false,828.00
5667172000,5668134000,962000,28000,104000,0.00,812.56,788.57,true,false,false,828.00
5668134000,5669051000,917000,15000,89000,0.00,812.56,781.13,true,false,false,828.00
5669051000,5669824000,773000,14000,41000,0.00,812.56,799.23,true,false,false,828.00
5669824000,5670579000,755000,25000,35000,0.00,812.56,803.10,true,false,false,828.00
5670579000,5671331000,752000,29000,34000,0.00,812.56,803.10,true,false,false,828.00
5671331000,5672080000,749000,29000,33000,0.00,812.56,802.33,true,false,false,828.00
5672080000,5672826000,746000,30000,32000,0.00,812.56,803.10,true,false,false,828.00
5672826000,5673573000,747000,31000,32000,0.00,812.56,803.10,true,false,false,828.00
5673573000,5674319000,746000,31000,32000,0.00,812.56,803.10,true,false,false,828.00
5674319000,5675065000,746000,31000,32000,0.00,812.56,803.10,true,false,false,828.00
5675065000,5675812000,747000,31000,32000,0.00,812.56,803.10,true,false,false,828.00
5675812000,5676559000,747000,31000,32000,0.00,812.56,803.10,true,false,true,828.00
5676559000,5677305000,746000,31000,32000,3.10,0.00,803.10,true,false,false,828.00
5677305000,5678051000,746000,31000,32000,3.10,803.10,803.10,true,false,false,828.00
5678051000,5678798000,747000,31000,32000,3.10,803.10,803.10,true,false,false,828.00
5678798000,5682514000,3716000,31000,31000,3.10,803.10,856.09,false,true,false,828.00
5682514000,5683315000,801000,0,50000,0.00,803.10,807.02,true,false,false,824.00
5683315000,5684130000,815000,14000,55000,0.00,807.05,807.05,true,false,false,824.00
5684130000,5684897000,767000,27000,39000,0.00,807.05,801.56,true,false,false,824.00
5684897000,5685643000,746000,26000,32000,0.00,807.05,801.56,true,false,false,824.00
5685643000,5686390000,747000,28000,32000,0.00,807.05,799.22,true,false,false,824.00
5686390000,5687134000,744000,28000,31000,0.00,807.05,800.00,true,false,false,824.00
5687134000,5687875000,741000,29000,30000,0.00,807.05,800.00,true,false,false,824.00
5687875000,5688615000,740000,29000,30000,0.00,807.05,800.00,true,false,false,824.00
5688615000,5689355000,740000,29000,30000,0.00,807.05,800.00,true,false,false,824.00
5689355000,5690095000,740000,29000,30000,0.00,807.05,800.00,true,false,false,824.00
5690095000,5690835000,740000,29000,30000,0.00,807.05,800.00,true,false,false,824.00
5690835000,5691797000,962000,29000,104000,0.00,807.05,781.78,true,false,false,824.00
5691797000,5692780000,983000,14000,111000,0.00,807.05,778.09,true,false,false,824.00
5692780000,5693550000,770000,11000,40000,0.00,807.05,793.83,true,false,false,824.00
5693550000,5694308000,758000,24000,36000,0.00,807.05,801.56,true,false,false,824.00
5694308000,5695057000,749000,28000,33000,0.00,807.05,801.56,true,false,false,824.00
5695057000,5695800000,743000,28000,31000,0.00,807.05,800.78,true,false,false,824.00
5695800000,5696543000,743000,29000,31000,0.00,807.05,800.00,true,false,false,824.00
5696543000,5697283000,740000,29000,30000,0.00,807.05,800.00,true,false,false,824.00
5697283000,5698023000,740000,29000,30000,0.00,807.05,800.00,true,false,false,824.00
5698023000,5698763000,740000,29000,30000,0.00,807.05,800.00,true,false,false,824.00
5698763000,5699503000,740000,29000,30000,0.00,807.05,800.00,true,false,false,824.00
5699503000,5700243000,740000,29000,30000,0.00,807.05,800.00,true,false,false,824.00
5700243000,5700983000,740000,29000,30000,0.00,807.05,800.00,true,false,false,824.00
5700983000,5701723000,740000,29000,30000,0.00,807.05,800.00,true,false,false,824.00
5701723000,5702463000,740000,29000,30000,0.00,807.05,800.00,true,false,true,824.00
5702463000,5703203000,740000,29000,30000,2.90,0.00,800.00,true,false,false,824.00
5703203000,5703943000,740000,29000,30000,2.90,800.00,800.00,true,false,false,824.00
5703943000,5704683000,740000,29000,30000,2.90,800.00,800.00,true,false,false,824.00
5704683000,5708385000,3702000,30000,30000,2.90,800.00,850.65,false,true,false,824.00
5708385000,5709176000,791000,0,47000,0.00,800.00,802.34,true,false,false,822.00
5709176000,5709982000,806000,13000,52000,0.00,805.88,805.88,true,false,false,822.00
5709982000,5710746000,764000,26000,38000,0.00,805.88,805.88,true,false,false,822.00
5710746000,5711489000,743000,25000,31000,0.00,805.88,799.61,true,false,false,822.00
5711489000,5712235000,746000,27000,32000,0.00,805.88,798.83,true,false,false,822.00
5712235000,5712976000,741000,28000,30000,0.00,805.88,798.83,true,false,false,822.00
5712976000,5713716000,740000,28000,30000,0.00,805.88,798.83,true,false,false,822.00
5713716000,5714453000,737000,28000,29000,0.00,805.88,798.83,true,false,false,822.00
5714453000,5715403000,950000,29000,100000,0.00,805.88,766.79,true,false,false,822.00
5715403000,5716383000,980000,14000,110000,0.00,805.88,791.15,true,false,false,822.00
5716383000,5717150000,767000,11000,39000,0.00,805.88,792.67,true,false,false,822.00
5717150000,5717906000,756000,23000,35000,0.00,805.88,792.67,true,false,false,822.00
5717906000,5718653000,747000,27000,32000,0.00,805.88,798.06,true,false,false,822.00
5718653000,5719393000,740000,27000,30000,0.00,805.88,799.61,true,false,false,822.00
5719393000,5720133000,740000,28000,30000,0.00,805.88,799.61,true,false,false,822.00
5720133000,5720871000,738000,28000,29000,0.00,805.88,799.61,true,false,false,822.00
5720871000,5721608000,737000,29000,29000,0.00,805.88,798.83,true,false,false,822.00
5721608000,5722345000,737000,29000,29000,0.00,805.88,798.83,true,false,false,822.00
5722345000,5723082000,737000,29000,29000,0.00,805.88,798.83,true,false,false,822.00
5723082000,5723819000,737000,29000,29000,0.00,805.88,798.83,true,false,false,822.00
5723819000,5724557000,738000,29000,29000,0.00,805.88,798.83,true,false,false,822.00
5724557000,5725294000,737000,29000,29000,0.00,805.88,798.83,true,false,false,822.00
5725294000,5726031000,737000,29000,29000,0.00,805.88,798.83,true,false,false,822.00
5726031000,5726768000,737000,29000,29000,0.00,805.88,798.83,true,false,false,822.00
5726768000,5727505000,737000,29000,29000,0.00,805.88,798.83,true,false,false,822.00
5727505000,5728242000,737000,29000,29000,0.00,805.88,798.83,true,false,true,822.00
5728242000,5728979000,737000,29000,29000,2.90,0.00,798.83,true,false,false,822.00
5728979000,5729717000,738000,29000,29000,2.90,798.83,798.83,true,false,false,822.00
5729717000,5730454000,737000,29000,29000,2.90,798.83,798.83,true,false,false,822.00
5730454000,5734154000,3700000,29000,29000,2.90,798.83,850.37,false,true,false,822.00
5734154000,5734945000,791000,0,47000,0.00,798.83,798.83,true,false,false,820.00
5734945000,5735748000,803000,12000,51000,0.00,805.50,805.50,true,false,false,820.00
5735748000,5736513000,765000,25000,38000,0.00,805.50,805.50,true,false,false,820.00
5736513000,5737253000,740000,24000,30000,0.00,805.50,799.22,true,false,false,820.00
5737253000,5737996000,743000,27000,31000,0.00,805.50,796.89,true,false,false,820.00
5737996000,5738928000,932000,27000,94000,0.00,805.50,757.16,true,false,false,820.00
5738928000,5739888000,960000,13000,103000,0.00,805.50,800.78,true,false,false,820.00
5739888000,5740653000,765000,10000,38000,0.00,805.50,800.78,true,false,false,820.00
5740653000,5741408000,755000,22000,35000,0.00,805.50,795.34,true,false,false,820.00
5741408000,5742151000,743000,26000,31000,0.00,805.50,796.89,true,false,false,820.00
5742151000,5742888000,737000,26000,29000,0.00,805.50,797.67,true,false,false,820.00
5742888000,5743625000,737000,27000,29000,0.00,805.50,797.67,true,false,false,820.00
5743625000,5744359000,734000,27000,28000,0.00,805.50,797.67,true,false,false,820.00
5744359000,5745093000,734000,28000,28000,0.00,805.50,797.67,true,false,false,820.00
5745093000,5745828000,735000,28000,28000,0.00,805.50,797.67,true,false,false,820.00
5745828000,5746562000,734000,28000,28000,0.00,805.50,797.67,true,false,false,820.00
5746562000,5747297000,735000,28000,28000,0.00,805.50,797.67,true,false,false,820.00
5747297000,5748031000,734000,28000,28000,0.00,805.50,797.67,true,false,false,820.00
5748031000,5748765000,734000,28000,28000,0.00,805.50,797.67,true,false,false,820.00
5748765000,5749499000,734000,28000,28000,0.00,805.50,797.67,true,false,false,820.00
5749499000,5750233000,734000,28000,28000,0.00,805.50,797.67,true,false,false,820.00
5750233000,5750968000,735000,28000,28000,0.00,805.50,797.67,true,false,false,820.00
5750968000,5751702000,734000,28000,28000,0.00,805.50,797.67,true,false,false,820.00
5751702000,5752437000,735000,28000,28000,0.00,805.50,797.67,true,false,false,820.00
5752437000,5753171000,734000,28000,28000,0.00,805.50,797.67,true,false,false,820.00
5753171000,5753905000,734000,28000,28000,0.00,805.50,797.67,true,false,true,820.00
5753905000,5754639000,734000,28000,28000,2.80,0.00,797.67,true,false,false,820.00
5754639000,5755373000,734000,28000,28000,2.80,797.67,797.67,true,false,false,820.00
5755373000,5756108000,735000,28000,28000,2.80,797.67,797.67,true,false,false,820.00
5756108000,5759800000,3692000,28000,28000,2.80,797.67,847.30,false,true,false,820.00
5759800000,5760588000,788000,0,46000,0.00,797.67,796.89,true,false,false,820.00
5760588000,5761388000,800000,13000,50000,0.00,804.71,804.71,true,false,false,820.00
5761388000,5762242000,854000,25000,68000,0.00,804.71,770.68,true,false,false,820.00
5762242000,5763108000,866000,25000,72000,0.00,804.71,770.68,true,false,false,820.00
5763108000,5763873000,765000,20000,38000,0.00,804.71,799.22,true,false,false,820.00
5763873000,5764631000,758000,27000,36000,0.00,804.71,795.34,true,false,false,820.00
5764631000,5765380000,749000,28000,33000,0.00,804.71,795.34,true,false,false,820.00
5765380000,5766127000,747000,30000,32000,0.00,804.71,795.34,true,false,false,820.00
5766127000,5766873000,746000,30000,32000,0.00,804.71,794.57,true,false,false,820.00
5766873000,5767619000,746000,30000,32000,0.00,804.71,795.34,true,false,false,820.00
5767619000,5768366000,747000,31000,32000,0.00,804.71,795.34,true,false,false,820.00
5768366000,5769112000,746000,31000,32000,0.00,804.71,795.34,true,false,false,820.00
5769112000,5769859000,747000,31000,32000,0.00,804.71,795.34,true,false,false,820.00
5769859000,5770605000,746000,31000,32000,0.00,804.71,795.34,true,false,false,820.00
5770605000,5771351000,746000,31000,32000,0.00,804.71,795.34,true,false,false,820.00
5771351000,5772094000,743000,31000,31000,0.00,804.71,795.34,true,false,false,820.00
5772094000,5772837000,743000,31000,31000,0.00,804.71,795.34,true,false,false,820.00
5772837000,5773580000,743000,31000,31000,0.00,804.71,795.34,true,false,false,820.00
5773580000,5774323000,743000,31000,31000,0.00,804.71,795.34,true,false,false,820.00
5774323000,5775066000,743000,31000,31000,0.00,804.71,795.34,true,false,false,820.00
5775066000,5775810000,744000,31000,31000,0.00,804.71,795.34,true,false,false,820.00
5775810000,5776553000,743000,31000,31000,0.00,804.71,795.34,true,false,false,820.00
5776553000,5777296000,743000,31000,31000,0.00,804.71,795.34,true,false,false,820.00
5777296000,5778040000,744000,31000,31000,0.00,804.71,795.34,true,false,false,820.00
5778040000,5778783000,743000,31000,31000,0.00,804.71,795.34,true,false,false,820.00
5778783000,5779526000,743000,31000,31000,0.00,804.71,795.34,true,false,true,820.00
5779526000,5780269000,743000,31000,31000,3.10,0.00,795.34,true,false,false,820.00
5780269000,5781012000,743000,31000,31000,3.10,795.34,795.34,true,false,false,820.00
5781012000,5781755000,743000,31000,31000,3.10,795.34,795.34,true,false,false,820.00
5781755000,5785536000,3781000,31000,31000,3.10,795.34,849.35,false,true,false,820.00
5785536000,5786709000,1173000,46000,174000,3.10,795.34,725.02,true,false,false,817.00
5786709000,5787596000,887000,25000,79000,2.50,795.34,790.14,true,false,false,817.00
5787596000,5788508000,912000,44000,87000,2.50,795.34,766.42,true,false,false,817.00
5788508000,5789353000,845000,51000,65000,2.50,795.34,770.75,true,false,false,817.00
5789353000,5790186000,833000,54000,61000,2.50,795.34,772.94,true,false,false,817.00
5790186000,5791016000,830000,56000,60000,2.50,795.34,772.94,true,false,false,817.00
5791016000,5791843000,827000,56000,59000,2.50,795.34,772.94,true,false,false,817.00
5791843000,5792670000,827000,57000,59000,2.50,795.34,772.94,true,false,false,817.00
5792670000,5793494000,824000,57000,58000,2.50,795.34,772.21,true,false,false,817.00
5793494000,5794318000,824000,57000,58000,2.50,795.34,772.21,true,false,false,817.00
5794318000,5795142000,824000,57000,58000,2.50,795.34,772.21,true,false,false,817.00
5795142000,5795967000,825000,57000,58000,2.50,795.34,772.21,true,false,false,817.00
5795967000,5796791000,824000,57000,58000,2.50,795.34,772.21,true,false,false,817.00
5796791000,5797616000,825000,57000,58000,2.50,795.34,772.21,true,false,false,817.00
5797616000,5798440000,824000,57000,58000,2.50,795.34,772.21,true,false,false,817.00
5798440000,5799264000,824000,57000,58000,2.50,795.34,772.21,true,false,false,817.00
5799264000,5800089000,825000,57000,58000,2.50,795.34,772.21,true,false,false,817.00
5800089000,5800913000,824000,58000,58000,2.50,795.34,772.21,true,false,false,817.00
5800913000,5801737000,824000,58000,58000,2.50,795.34,772.21,true,false,false,817.00
5801737000,5802561000,824000,58000,58000,2.50,795.34,772.21,true,false,false,817.00
5802561000,5803386000,825000,58000,58000,2.50,795.34,772.21,true,false,false,817.00
5803386000,5804211000,825000,58000,58000,2.50,795.34,772.21,true,false,false,817.00
5804211000,5805035000,824000,58000,58000,2.50,795.34,772.21,true,false,false,817.00
5805035000,5805859000,824000,58000,58000,2.50,795.34,772.21,true,false,false,817.00
5805859000,5806683000,824000,58000,58000,2.50,795.34,772.21,true,false,false,817.00
5806683000,5807508000,825000,58000,58000,2.50,795.34,772.21,true,false,true,817.00
5807508000,5808333000,825000,58000,58000,5.80,0.00,772.21,true,false,false,817.00
5808333000,5809158000,825000,58000,58000,5.80,772.21,772.21,true,false,false,817.00
5809158000,5809982000,824000,58000,58000,5.80,772.21,772.21,true,false,false,817.00
5809982000,5814019000,4037000,58000,58000,5.80,772.21,884.65,false,true,false,817.00
5814019000,5814882000,863000,0,71000,0.00,772.21,805.72,true,false,false,802.00
5814882000,5815769000,887000,0,79000,0.00,794.85,794.85,true,false,false,802.00
5815769000,5816560000,791000,19000,47000,0.00,794.85,782.44,true,false,false,802.00
5816560000,5817312000,752000,21000,34000,0.00,794.85,777.89,true,false,false,802.00
5817312000,5818050000,738000,24000,29000,0.00,794.85,777.89,true,false,false,802.00
5818050000,5818787000,737000,26000,29000,0.00,794.85,780.16,true,false,false,802.00
5818787000,5819522000,735000,26000,28000,0.00,794.85,780.92,true,false,false,802.00
5819522000,5820256000,734000,27000,28000,0.00,794.85,780.92,true,false,false,802.00
5820256000,5820987000,731000,27000,27000,0.00,794.85,780.92,true,false,false,802.00
5820987000,5821718000,731000,27000,27000,0.00,794.85,780.92,true,false,false,802.00
5821718000,5822449000,731000,27000,27000,0.00,794.85,780.92,true,false,false,802.00
5822449000,5823181000,732000,27000,27000,0.00,794.85,780.92,true,false,false,802.00
5823181000,5823912000,731000,27000,27000,0.00,794.85,780.92,true,false,false,802.00
5823912000,5824644000,732000,27000,27000,0.00,794.85,780.92,true,false,false,802.00
5824644000,5825376000,732000,27000,27000,0.00,794.85,780.92,true,false,false,802.00
5825376000,5826107000,731000,27000,27000,0.00,794.85,780.92,true,false,false,802.00
5826107000,5826839000,732000,27000,27000,0.00,794.85,780.92,true,false,false,802.00
5826839000,5827571000,732000,27000,27000,0.00,794.85,780.92,true,false,false,802.00
5827571000,5828303000,732000,27000,27000,0.00,794.85,780.92,true,false,false,802.00
5828303000,5829035000,732000,27000,27000,0.00,794.85,780.92,true,false,false,802.00
5829035000,5829766000,731000,27000,27000,0.00,794.85,780.92,true,false,false,802.00
5829766000,5830498000,732000,27000,27000,0.00,794.85,780.92,true,false,false,802.00
5830498000,5831229000,731000,27000,27000,0.00,794.85,780.92,true,false,false,802.00
5831229000,5831961000,732000,27000,27000,0.00,794.85,780.92,true,false,false,802.00
5831961000,5832693000,732000,27000,27000,0.00,794.85,780.92,true,false,false,802.00
5832693000,5833424000,731000,27000,27000,0.00,794.85,780.92,true,false,true,802.00
5833424000,5834156000,732000,27000,27000,2.70,0.00,780.92,true,false,false,802.00
5834156000,5834960000,804000,27000,51000,2.70,780.92,780.92,true,false,false,802.00
5834960000,5835928000,968000,51000,106000,2.70,780.92,731.75,true,false,false,802.00
5835928000,5839608000,3680000,88000,88000,2.70,780.92,828.20,false,true,false,802.00
5839608000,5840390000,782000,0,44000,0.00,780.92,792.49,true,false,false,847.00
5840390000,5841239000,849000,19000,66000,0.00,801.32,801.32,true,false,false,847.00
5841239000,5842039000,800000,40000,50000,0.00,807.44,807.44,true,false,false,847.00
5842039000,5842839000,800000,44000,50000,0.00,807.44,807.44,true,false,false,847.00
5842839000,5843634000,795000,45000,48000,0.00,809.75,809.75,true,false,false,847.00
5843634000,5844425000,791000,46000,47000,0.00,809.75,809.75,true,false,false,847.00
5844425000,5845216000,791000,46000,47000,0.00,809.75,808.98,true,false,false,847.00
5845216000,5846008000,792000,46000,47000,0.00,809.75,808.98,true,false,false,847.00
5846008000,5846799000,791000,46000,47000,0.00,809.75,809.75,true,false,false,847.00
5846799000,5847590000,791000,46000,47000,0.00,809.75,809.75,true,false,false,847.00
5847590000,5848381000,791000,46000,47000,0.00,809.75,809.75,true,false,false,847.00
5848381000,5849172000,791000,46000,47000,0.00,809.75,809.75,true,false,false,847.00
5849172000,5849964000,792000,46000,47000,0.00,809.75,809.75,true,false,false,847.00
5849964000,5850755000,791000,46000,47000,0.00,809.75,809.75,true,false,false,847.00
5850755000,5851546000,791000,46000,47000,0.00,809.75,809.75,true,false,false,847.00
5851546000,5852337000,791000,46000,47000,0.00,809.75,809.75,true,false,false,847.00
5852337000,5853128000,791000,46000,47000,0.00,809.75,809.75,true,false,false,847.00
5853128000,5853920000,792000,46000,47000,0.00,809.75,808.98,true,false,false,847.00
5853920000,5854711000,791000,46000,47000,0.00,809.75,808.98,true,false,false,847.00
5854711000,5855502000,791000,46000,47000,0.00,809.75,809.75,true,false,false,847.00
5855502000,5856294000,792000,46000,47000,0.00,809.75,809.75,true,false,false,847.00
5856294000,5857085000,791000,46000,47000,0.00,809.75,809.75,true,false,false,847.00
5857085000,5857876000,791000,46000,47000,0.00,809.75,809.75,true,false,false,847.00
5857876000,5858667000,791000,46000,47000,0.00,809.75,809.75,true,false,false,847.00
5858667000,5859459000,792000,46000,47000,0.00,809.75,809.75,true,false,false,847.00
5859459000,5860589000,1130000,46000,160000,0.00,809.75,809.75,true,false,true,847.00
5860589000,5861698000,1109000,13000,153000,1.30,827.15,827.15,true,false,false,847.00
5861698000,5862492000,794000,30000,48000,1.30,827.15,827.15,true,false,false,847.00
5862492000,5863265000,773000,28000,41000,1.30,827.15,823.13,true,false,false,847.00
5863265000,5866918000,3653000,40000,40000,1.30,827.15,842.16,false,true,false,847.00
5866918000,5867688000,770000,13000,40000,1.30,827.15,842.16,true,false,false,853.00
5867688000,5868480000,792000,36000,47000,1.30,827.15,810.53,true,false,false,853.00
5868480000,5869253000,773000,36000,41000,1.30,827.15,820.98,true,false,false,853.00
5869253000,5870026000,773000,38000,41000,1.30,827.15,820.98,true,false,false,853.00
5870026000,5870796000,770000,38000,40000,1.30,827.15,820.98,true,false,false,853.00
5870796000,5871566000,770000,38000,40000,1.30,827.15,820.98,true,false,false,853.00
5871566000,5872336000,770000,39000,40000,1.30,827.15,820.98,true,false,false,853.00
5872336000,5873103000,767000,39000,39000,1.30,827.15,820.98,true,false,false,853.00
5873103000,5873870000,767000,39000,39000,1.30,827.15,820.98,true,false,false,853.00
5873870000,5874637000,767000,39000,39000,1.30,827.15,820.98,true,false,false,853.00
5874637000,5875404000,767000,39000,39000,1.30,827.15,820.98,true,false,false,853.00
5875404000,5876171000,767000,39000,39000,1.30,827.15,820.98,true,false,false,853.00
5876171000,5876938000,767000,39000,39000,1.30,827.15,820.98,true,false,false,853.00
5876938000,5877705000,767000,39000,39000,1.30,827.15,820.98,true,false,false,853.00
5877705000,5878473000,768000,39000,39000,1.30,827.15,820.98,true,false,false,853.00
5878473000,5879240000,767000,39000,39000,1.30,827.15,820.98,true,false,false,853.00
5879240000,5880007000,767000,39000,39000,1.30,827.15,820.98,true,false,false,853.00
5880007000,5880774000,767000,39000,39000,1.30,827.15,820.98,true,false,false,853.00
5880774000,5881541000,767000,39000,39000,1.30,827.15,820.98,true,false,false,853.00
5881541000,5882308000,767000,39000,39000,1.30,827.15,820.98,true,false,false,853.00
5882308000,5883076000,768000,39000,39000,1.30,827.15,820.98,true,false,false,853.00
5883076000,5883843000,767000,39000,39000,1.30,827.15,820.98,true,false,false,853.00
5883843000,5884910000,1067000,39000,139000,1.30,827.15,756.88,true,false,false,853.00
5884910000,5885920000,1010000,15000,120000,1.30,835.46,835.46,true,false,false,853.00
5885920000,5886708000,788000,31000,46000,1.30,835.46,824.95,true,false,false,853.00
5886708000,5887476000,768000,29000,39000,1.30,835.46,824.95,true,false,true,853.00
5887476000,5888243000,767000,34000,39000,3.40,0.00,824.95,true,false,false,853.00
5888243000,5889004000,761000,34000,37000,3.40,824.15,824.15,true,false,false,853.00
5889004000,5889766000,762000,35000,37000,3.40,824.15,823.36,true,false,false,853.00
5889766000,5893517000,3751000,36000,36000,3.40,824.15,878.18,false,true,false,853.00
5893517000,5894326000,809000,0,53000,0.00,824.15,833.82,true,false,false,844.00
5894326000,5895153000,827000,17000,59000,0.00,824.22,824.22,true,false,false,844.00
5895153000,5895923000,770000,28000,40000,0.00,824.22,817.83,true,false,false,844.00
5895923000,5896672000,749000,28000,33000,0.00,824.22,817.83,true,false,false,844.00
5896672000,5897424000,752000,30000,34000,0.00,824.22,817.83,true,false,false,844.00
5897424000,5898170000,746000,30000,32000,0.00,824.22,818.62,true,false,false,844.00
5898170000,5898916000,746000,31000,32000,0.00,824.22,818.62,true,false,false,844.00
5898916000,5899662000,746000,31000,32000,0.00,824.22,818.62,true,false,false,844.00
5899662000,5900408000,746000,31000,32000,0.00,824.22,818.62,true,false,false,844.00
5900408000,5901155000,747000,31000,32000,0.00,824.22,817.83,true,false,false,844.00
5901155000,5901901000,746000,31000,32000,0.00,824.22,817.83,true,false,false,844.00
5901901000,5902647000,746000,31000,32000,0.00,824.22,817.83,true,false,false,844.00
5902647000,5903393000,746000,31000,32000,0.00,824.22,817.83,true,false,false,844.00
5903393000,5904139000,746000,31000,32000,0.00,824.22,818.62,true,false,false,844.00
5904139000,5904885000,746000,31000,32000,0.00,824.22,818.62,true,false,false,844.00
5904885000,5905631000,746000,31000,32000,0.00,824.22,818.62,true,false,false,844.00
5905631000,5906377000,746000,31000,32000,0.00,824.22,817.83,true,false,false,844.00
5906377000,5907123000,746000,31000,32000,0.00,824.22,817.83,true,false,false,844.00
5907123000,5907869000,746000,31000,32000,0.00,824.22,817.83,true,false,false,844.00
5907869000,5908840000,971000,31000,107000,0.00,824.22,791.74,true,false,false,844.00
5908840000,5909838000,998000,16000,116000,0.00,824.22,800.00,true,false,false,844.00
5909838000,5910608000,770000,12000,40000,0.00,824.22,814.67,true,false,false,844.00
5910608000,5911369000,761000,27000,37000,0.00,824.22,814.67,true,false,false,844.00
5911369000,5912122000,753000,30000,34000,0.00,824.22,817.83,true,false,false,844.00
5912122000,5912872000,750000,30000,33000,0.00,824.22,818.62,true,false,false,844.00
5912872000,5913621000,749000,31000,33000,0.00,824.22,817.83,true,false,true,844.00
5913621000,5914368000,747000,31000,32000,3.10,0.00,817.83,true,false,false,844.00
5914368000,5915115000,747000,31000,32000,3.10,817.83,817.83,true,false,false,844.00
5915115000,5915861000,746000,31000,32000,3.10,818.62,818.62,true,false,false,844.00
5915861000,5919583000,3722000,32000,32000,3.10,818.62,869.49,false,true,false,844.00
5919583000,5920380000,797000,0,49000,0.00,818.62,823.41,true,false,false,838.00
5920380000,5921192000,812000,14000,54000,0.00,821.57,821.57,true,false,false,838.00
5921192000,5921956000,764000,26000,38000,0.00,821.57,821.57,true,false,false,838.00
5921956000,5922699000,743000,25000,31000,0.00,821.57,814.38,true,false,false,838.00
5922699000,5923442000,743000,27000,31000,0.00,821.57,814.38,true,false,false,838.00
5923442000,5924183000,741000,28000,30000,0.00,821.57,814.38,true,false,false,838.00
5924183000,5924920000,737000,28000,29000,0.00,821.57,814.38,true,false,false,838.00
5924920000,5925657000,737000,28000,29000,0.00,821.57,814.38,true,false,false,838.00
5925657000,5926394000,737000,29000,29000,0.00,821.57,814.38,true,false,false,838.00
5926394000,5927131000,737000,29000,29000,0.00,821.57,814.38,true,false,false,838.00
5927131000,5927868000,737000,29000,29000,0.00,821.57,814.38,true,false,false,838.00
5927868000,5928605000,737000,29000,29000,0.00,821.57,814.38,true,false,false,838.00
5928605000,5929343000,738000,29000,29000,0.00,821.57,814.38,true,false,false,838.00
5929343000,5930080000,737000,29000,29000,0.00,821.57,814.38,true,false,false,838.00
5930080000,5930818000,738000,29000,29000,0.00,821.57,814.38,true,false,false,838.00
5930818000,5931556000,738000,29000,29000,0.00,821.57,814.38,true,false,false,838.00
5931556000,5932494000,938000,29000,96000,0.00,821.57,772.35,true,false,false,838.00
5932494000,5933465000,971000,24000,107000,0.00,821.57,814.38,true,false,false,838.00
5933465000,5934241000,776000,14000,42000,0.00,821.57,814.38,true,false,false,838.00
5934241000,5935012000,771000,27000,40000,0.00,821.57,808.88,true,false,false,838.00
5935012000,5935767000,755000,30000,35000,0.00,821.57,810.44,true,false,false,838.00
5935767000,5936517000,750000,30000,33000,0.00,821.57,812.02,true,false,false,838.00
5936517000,5937270000,753000,31000,34000,0.00,821.57,812.02,true,false,false,838.00
5937270000,5938019000,749000,31000,33000,0.00,821.57,812.02,true,false,false,838.00
5938019000,5938768000,749000,32000,33000,0.00,821.57,812.02,true,false,false,838.00
5938768000,5939517000,749000,32000,33000,0.00,821.57,812.02,true,false,true,838.00
5939517000,5940267000,750000,32000,33000,3.20,0.00,812.02,true,false,false,838.00
5940267000,5941017000,750000,32000,33000,3.20,812.02,812.02,true,false,false,838.00
5941017000,5941767000,750000,32000,33000,3.20,812.02,812.02,true,false,false,838.00
5941767000,5945493000,3726000,32000,32000,3.20,812.02,865.01,false,true,false,838.00
5945493000,5946296000,803000,0,51000,0.00,812.02,818.36,true,false,false,832.00
5946296000,5947114000,818000,14000,56000,0.00,814.89,814.89,true,false,false,832.00
5947114000,5947881000,767000,27000,39000,0.00,814.89,808.55,true,false,false,832.00
5947881000,5948628000,747000,26000,32000,0.00,814.89,808.55,true,false,false,832.00
5948628000,5949375000,747000,28000,32000,0.00,814.89,806.98,true,false,false,832.00
5949375000,5950118000,743000,28000,31000,0.00,814.89,807.77,true,false,false,832.00
5950118000,5950858000,740000,29000,30000,0.00,814.89,807.77,true,false,false,832.00
5950858000,5951598000,740000,29000,30000,0.00,814.89,807.77,true,false,false,832.00
5951598000,5952338000,740000,29000,30000,0.00,814.89,807.77,true,false,false,832.00
5952338000,5953078000,740000,29000,30000,0.00,814.89,807.77,true,false,false,832.00
5953078000,5953818000,740000,29000,30000,0.00,814.89,807.77,true,false,false,832.00
5953818000,5954558000,740000,29000,30000,0.00,814.89,807.77,true,false,false,832.00
5954558000,5955298000,740000,29000,30000,0.00,814.89,807.77,true,false,false,832.00
5955298000,5956170000,872000,29000,74000,0.00,814.89,776.84,true,false,false,832.00
5956170000,5957156000,986000,57000,112000,0.00,814.89,776.84,true,false,false,832.00
5957156000,5957977000,821000,11000,57000,0.00,814.89,800.00,true,false,false,832.00
5957977000,5958744000,767000,26000,39000,0.00,814.89,800.77,true,false,false,832.00
5958744000,5959491000,747000,24000,32000,0.00,814.89,807.77,true,false,false,832.00
5959491000,5960238000,747000,28000,32000,0.00,814.89,807.77,true,false,false,832.00
5960238000,5960982000,744000,28000,31000,0.00,814.89,808.55,true,false,false,832.00
5960982000,5961722000,740000,29000,30000,0.00,814.89,807.77,true,false,false,832.00
5961722000,5962462000,740000,29000,30000,0.00,814.89,807.77,true,false,false,832.00
5962462000,5963202000,740000,29000,30000,0.00,814.89,807.77,true,false,false,832.00
5963202000,5963942000,740000,29000,30000,0.00,814.89,807.77,true,false,false,832.00
5963942000,5964682000,740000,29000,30000,0.00,814.89,807.77,true,false,false,832.00
5964682000,5965422000,740000,29000,30000,0.00,814.89,807.77,true,false,true,832.00
5965422000,5966162000,740000,29000,30000,2.90,0.00,807.77,true,false,false,832.00
5966162000,5966902000,740000,29000,30000,2.90,807.77,807.77,true,false,false,832.00
5966902000,5967642000,740000,29000,30000,2.90,807.77,807.77,true,false,false,832.00
5967642000,5971347000,3705000,30000,30000,2.90,807.77,858.20,false,true,false,832.00
5971347000,5972135000,788000,0,46000,0.00,807.77,810.13,true,false,false,829.00
5972135000,5972938000,803000,14000,51000,0.00,813.54,813.54,true,false,false,829.00
5972938000,5973702000,764000,25000,38000,0.00,813.54,813.54,true,false,false,829.00
5973702000,5974445000,743000,25000,31000,0.00,813.54,807.21,true,false,false,829.00
5974445000,5975188000,743000,27000,31000,0.00,813.54,804.85,true,false,false,829.00
5975188000,5975925000,737000,27000,29000,0.00,813.54,805.64,true,false,false,829.00
5975925000,5976662000,737000,28000,29000,0.00,813.54,805.64,true,false,false,829.00
5976662000,5977399000,737000,28000,29000,0.00,813.54,806.42,true,false,false,829.00
5977399000,5978137000,738000,28000,29000,0.00,813.54,806.42,true,false,false,829.00
5978137000,5978874000,737000,28000,29000,0.00,813.54,806.42,true,false,false,829.00
5978874000,5979611000,737000,28000,29000,0.00,813.54,806.42,true,false,false,829.00
5979611000,5980585000,974000,28000,108000,0.00,813.54,774.77,true,false,false,829.00
5980585000,5981511000,926000,10000,92000,0.00,813.54,797.12,true,false,false,829.00
5981511000,5982275000,764000,12000,38000,0.00,813.54,801.74,true,false,false,829.00
5982275000,5983021000,746000,23000,32000,0.00,813.54,801.74,true,false,false,829.00
5983021000,5983767000,746000,27000,32000,0.00,813.54,805.64,true,false,false,829.00
5983767000,5984507000,740000,27000,30000,0.00,813.54,806.42,true,false,false,829.00
5984507000,5985247000,740000,28000,30000,0.00,813.54,805.64,true,false,false,829.00
5985247000,5985984000,737000,28000,29000,0.00,813.54,805.64,true,false,false,829.00
5985984000,5986722000,738000,28000,29000,0.00,813.54,806.42,true,false,false,829.00
5986722000,5987460000,738000,28000,29000,0.00,813.54,806.42,true,false,false,829.00
5987460000,5988197000,737000,28000,29000,0.00,813.54,805.64,true,false,false,829.00
5988197000,5988934000,737000,28000,29000,0.00,813.54,805.64,true,false,false,829.00
5988934000,5989671000,737000,28000,29000,0.00,813.54,806.42,true,false,false,829.00
5989671000,5990409000,738000,28000,29000,0.00,813.54,805.64,true,false,false,829.00
5990409000,5991146000,737000,28000,29000,0.00,813.54,805.64,true,false,true,829.00
5991146000,5991883000,737000,28000,29000,2.80,0.00,805.64,true,false,false,829.00
5991883000,5992620000,737000,28000,29000,2.80,805.64,805.64,true,false,false,829.00
5992620000,5993357000,737000,28000,29000,2.80,806.42,806.42,true,false,false,829.00
5993357000,5997054000,3697000,28000,28000,2.80,806.42,855.02,false,true,false,829.00
5997054000,5997842000,788000,0,46000,0.00,806.42,807.21,true,false,false,828.00
5997842000,5998643000,801000,14000,50000,0.00,812.56,812.56,true,false,false,828.00
5998643000,5999404000,761000,25000,37000,0.00,812.56,812.56,true,false,false,828.00
5999404000,6000144000,740000,25000,30000,0.00,812.56,806.23,true,false,false,828.00
6000144000,6000887000,743000,27000,31000,0.00,812.56,805.45,true,false,false,828.00
6000887000,6001625000,738000,27000,29000,0.00,812.56,804.66,true,false,false,828.00
6001625000,6002362000,737000,27000,29000,0.00,812.56,804.66,true,false,false,828.00
6002362000,6003096000,734000,28000,28000,0.00,812.56,805.45,true,false,false,828.00
6003096000,6004061000,965000,28000,105000,0.00,812.56,765.25,true,false,false,828.00
6004061000,6005002000,941000,16000,97000,0.00,812.56,806.23,true,false,false,828.00
6005002000,6005775000,773000,14000,41000,0.00,812.56,799.23,true,false,false,828.00
6005775000,6006530000,755000,25000,35000,0.00,812.56,799.23,true,false,false,828.00
6006530000,6007283000,753000,30000,34000,0.00,812.56,802.33,true,false,false,828.00
6007283000,6008032000,749000,29000,33000,0.00,812.56,802.33,true,false,false,828.00
6008032000,6008781000,749000,30000,33000,0.00,812.56,803.10,true,false,false,828.00
6008781000,6009528000,747000,31000,32000,0.00,812.56,803.10,true,false,false,828.00
6009528000,6010274000,746000,31000,32000,0.00,812.56,803.10,true,false,false,828.00
6010274000,6011020000,746000,31000,32000,0.00,812.56,803.10,true,false,false,828.00
6011020000,6011766000,746000,31000,32000,0.00,812.56,803.10,true,false,false,828.00
6011766000,6012513000,747000,31000,32000,0.00,812.56,803.10,true,false,false,828.00
6012513000,6013259000,746000,31000,32000,0.00,812.56,803.10,true,false,false,828.00
6013259000,6014006000,747000,31000,32000,0.00,812.56,802.33,true,false,false,828.00
6014006000,6014752000,746000,31000,32000,0.00,812.56,802.33,true,false,false,828.00
6014752000,6015498000,746000,31000,32000,0.00,812.56,803.10,true,false,false,828.00
6015498000,6016245000,747000,31000,32000,0.00,812.56,803.10,true,false,false,828.00
6016245000,6016992000,747000,31000,32000,0.00,812.56,803.10,true,false,true,828.00
6016992000,6017738000,746000,31000,32000,3.10,0.00,803.10,true,false,false,828.00
6017738000,6018484000,746000,31000,32000,3.10,803.10,803.10,true,false,false,828.00
6018484000,6019231000,747000,31000,32000,3.10,803.10,802.33,true,false,false,828.00
6019231000,6022947000,3716000,31000,31000,3.10,803.10,856.09,false,true,false,828.00
6022947000,6023747000,800000,0,50000,0.00,803.10,807.02,true,false,false,824.00
6023747000,6024562000,815000,14000,55000,0.00,807.05,807.05,true,false,false,824.00
6024562000,6025329000,767000,27000,39000,0.00,807.05,800.78,true,false,false,824.00
6025329000,6026075000,746000,25000,32000,0.00,807.05,800.78,true,false,false,824.00
6026075000,6026822000,747000,28000,32000,0.00,807.05,800.00,true,false,false,824.00
6026822000,6027805000,983000,28000,111000,0.00,807.05,755.96,true,false,false,824.00
6027805000,6028785000,980000,12000,110000,0.00,807.05,805.47,true,false,false,824.00
6028785000,6029555000,770000,11000,40000,0.00,807.05,797.68,true,false,false,824.00
6029555000,6030305000,750000,24000,33000,0.00,807.05,797.68,true,false,false,824.00
6030305000,6031054000,749000,28000,33000,0.00,807.05,798.45,true,false,false,824.00
6031054000,6031797000,743000,28000,31000,0.00,807.05,800.00,true,false,false,824.00
6031797000,6032540000,743000,29000,31000,0.00,807.05,800.00,true,false,false,824.00
6032540000,6033281000,741000,29000,30000,0.00,807.05,800.00,true,false,false,824.00
6033281000,6034021000,740000,29000,30000,0.00,807.05,800.00,true,false,false,824.00
6034021000,6034761000,740000,29000,30000,0.00,807.05,800.00,true,false,false,824.00
6034761000,6035501000,740000,29000,30000,0.00,807.05,800.00,true,false,false,824.00
6035501000,6036241000,740000,29000,30000,0.00,807.05,800.00,true,false,false,824.00
6036241000,6036981000,740000,29000,30000,0.00,807.05,800.00,true,false,false,824.00
6036981000,6037721000,740000,29000,30000,0.00,807.05,800.00,true,false,false,824.00
6037721000,6038461000,740000,29000,30000,0.00,807.05,800.00,true,false,false,824.00
6038461000,6039201000,740000,29000,30000,0.00,807.05,800.00,true,false,false,824.00
6039201000,6039941000,740000,29000,30000,0.00,807.05,800.00,true,false,false,824.00
6039941000,6040681000,740000,29000,30000,0.00,807.05,800.00,true,false,false,824.00
6040681000,6041421000,740000,29000,30000,0.00,807.05,800.00,true,false,false,824.00
6041421000,6042161000,740000,29000,30000,0.00,807.05,800.00,true,false,false,824.00
6042161000,6042901000,740000,29000,30000,0.00,807.05,800.00,true,false,true,824.00
6042901000,6043641000,740000,29000,30000,2.90,0.00,800.00,true,false,false,824.00
6043641000,6044381000,740000,29000,30000,2.90,800.00,800.00,true,false,false,824.00
6044381000,6045121000,740000,29000,30000,2.90,800.00,800.00,true,false,false,824.00
6045121000,6048822000,3701000,30000,30000,2.90,800.00,851.44,false,true,false,824.00
6048822000,6049613000,791000,0,47000,0.00,800.00,801.56,true,false,false,822.00
6049613000,6050416000,803000,13000,51000,0.00,806.67,806.67,true,false,false,822.00
6050416000,6051285000,869000,26000,73000,0.00,806.67,766.08,true,false,false,822.00
6051285000,6052152000,867000,20000,72000,0.00,806.67,766.08,true,false,false,822.00
6052152000,6052910000,758000,17000,36000,0.00,806.67,805.88,true,false,false,822.00
6052910000,6053660000,750000,25000,33000,0.00,806.67,800.39,true,false,false,822.00
6053660000,6054403000,743000,27000,31000,0.00,806.67,798.83,true,false,false,822.00
6054403000,6055143000,740000,27000,30000,0.00,806.67,798.83,true,false,false,822.00
6055143000,6055884000,741000,28000,30000,0.00,806.67,798.83,true,false,false,822.00
6055884000,6056622000,738000,28000,29000,0.00,806.67,798.83,true,false,false,822.00
6056622000,6057359000,737000,29000,29000,0.00,806.67,798.83,true,false,false,822.00
6057359000,6058096000,737000,29000,29000,0.00,806.67,798.83,true,false,false,822.00
6058096000,6058833000,737000,29000,29000,0.00,806.67,798.83,true,false,false,822.00
6058833000,6059570000,737000,29000,29000,0.00,806.67,798.83,true,false,false,822.00
6059570000,6060307000,737000,29000,29000,0.00,806.67,798.83,true,false,false,822.00
6060307000,6061044000,737000,29000,29000,0.00,806.67,798.83,true,false,false,822.00
6061044000,6061781000,737000,29000,29000,0.00,806.67,798.83,true,false,false,822.00
6061781000,6062518000,737000,29000,29000,0.00,806.67,798.83,true,false,false,822.00
6062518000,6063255000,737000,29000,29000,0.00,806.67,798.83,true,false,false,822.00
6063255000,6063992000,737000,29000,29000,0.00,806.67,798.83,true,false,false,822.00
6063992000,6064729000,737000,29000,29000,0.00,806.67,798.83,true,false,false,822.00
6064729000,6065466000,737000,29000,29000,0.00,806.67,798.83,true,false,false,822.00
6065466000,6066204000,738000,29000,29000,0.00,806.67,798.83,true,false,false,822.00
6066204000,6066941000,737000,29000,29000,0.00,806.67,798.83,true,false,false,822.00
6066941000,6067679000,738000,29000,29000,0.00,806.67,798.83,true,false,false,822.00
6067679000,6068416000,737000,29000,29000,0.00,806.67,798.83,true,false,true,822.00
6068416000,6069153000,737000,29000,29000,2.90,0.00,798.83,true,false,false,822.00
6069153000,6069890000,737000,29000,29000,2.90,798.83,798.83,true,false,false,822.00
6069890000,6070627000,737000,29000,29000,2.90,798.83,798.83,true,false,false,822.00
6070627000,6074432000,3805000,29000,29000,2.90,798.83,819.89,false,true,false,822.00
6074432000,6075404000,972000,20000,107000,2.00,798.83,774.74,true,false,false,810.00
6075404000,6076166000,762000,0,37000,0.00,798.83,789.47,true,false,false,810.00
6076166000,6076918000,752000,6000,34000,0.00,798.83,796.46,true,false,false,810.00
6076918000,6077649000,731000,18000,27000,0.00,798.83,796.46,true,false,false,810.00
6077649000,6078365000,716000,17000,22000,0.00,798.83,794.90,true,false,false,810.00
6078365000,6079084000,719000,19000,23000,0.00,798.83,793.34,true,false,false,810.00
6079084000,6079800000,716000,19000,22000,0.00,798.83,793.34,true,false,false,810.00
6079800000,6080517000,717000,20000,22000,0.00,798.83,793.34,true,false,false,810.00
6080517000,6081230000,713000,20000,21000,0.00,798.83,794.12,true,false,false,810.00
6081230000,6081943000,713000,20000,21000,0.00,798.83,793.34,true,false,false,810.00
6081943000,6082656000,713000,20000,21000,0.00,798.83,793.34,true,false,false,810.00
6082656000,6083369000,713000,20000,21000,0.00,798.83,793.34,true,false,false,810.00
6083369000,6084082000,713000,20000,21000,0.00,798.83,793.34,true,false,false,810.00
6084082000,6084796000,714000,20000,21000,0.00,798.83,793.34,true,false,false,810.00
6084796000,6085509000,713000,20000,21000,0.00,798.83,793.34,true,false,false,810.00
6085509000,6086223000,714000,20000,21000,0.00,798.83,793.34,true,false,false,810.00
6086223000,6086936000,713000,20000,21000,0.00,798.83,793.34,true,false,false,810.00
6086936000,6087649000,713000,20000,21000,0.00,798.83,793.34,true,false,false,810.00
6087649000,6088363000,714000,20000,21000,0.00,798.83,793.34,true,false,false,810.00
6088363000,6089076000,713000,20000,21000,0.00,798.83,793.34,true,false,false,810.00
6089076000,6089790000,714000,20000,21000,0.00,798.83,793.34,true,false,false,810.00
6089790000,6090503000,713000,20000,21000,0.00,798.83,793.34,true,false,false,810.00
6090503000,6091216000,713000,20000,21000,0.00,798.83,793.34,true,false,false,810.00
6091216000,6091930000,714000,20000,21000,0.00,798.83,793.34,true,false,false,810.00
6091930000,6092643000,713000,20000,21000,0.00,798.83,793.34,true,false,false,810.00
6092643000,6093357000,714000,20000,21000,0.00,798.83,793.34,true,false,true,810.00
6093357000,6094070000,713000,20000,21000,2.00,0.00,793.34,true,false,false,810.00
6094070000,6094783000,713000,20000,21000,2.00,793.34,793.34,true,false,false,810.00
6094783000,6095497000,714000,20000,21000,2.00,793.34,793.34,true,false,false,810.00
6095497000,6099189000,3692000,21000,21000,2.00,793.34,826.09,false,true,false,810.00
6099189000,6099956000,767000,0,39000,0.00,793.34,789.47,true,false,false,815.00
6099956000,6100735000,779000,22000,43000,0.00,794.35,794.35,true,false,false,815.00
6100735000,6101491000,756000,26000,35000,0.00,794.35,794.35,true,false,false,815.00
6101491000,6102231000,740000,27000,30000,0.00,794.35,792.03,true,false,false,815.00
6102231000,6102975000,744000,28000,31000,0.00,794.35,791.26,true,false,false,815.00
6102975000,6103716000,741000,28000,30000,0.00,794.35,792.03,true,false,false,815.00
6103716000,6104456000,740000,29000,30000,0.00,794.35,792.03,true,false,false,815.00
6104456000,6105196000,740000,29000,30000,0.00,794.35,792.03,true,false,false,815.00
6105196000,6105933000,737000,29000,29000,0.00,794.35,792.03,true,false,false,815.00
6105933000,6106670000,737000,29000,29000,0.00,794.35,792.03,true,false,false,815.00
6106670000,6107407000,737000,29000,29000,0.00,794.35,792.03,true,false,false,815.00
6107407000,6108145000,738000,29000,29000,0.00,794.35,792.03,true,false,false,815.00
6108145000,6108883000,738000,29000,29000,0.00,794.35,792.03,true,false,false,815.00
6108883000,6109620000,737000,29000,29000,0.00,794.35,792.03,true,false,false,815.00
6109620000,6110358000,738000,29000,29000,0.00,794.35,792.03,true,false,false,815.00
6110358000,6111095000,737000,29000,29000,0.00,794.35,792.03,true,false,false,815.00
6111095000,6111832000,737000,29000,29000,0.00,794.35,792.03,true,false,false,815.00
6111832000,6112569000,737000,29000,29000,0.00,794.35,792.03,true,false,false,815.00
6112569000,6113306000,737000,29000,29000,0.00,794.35,792.03,true,false,false,815.00
6113306000,6114043000,737000,29000,29000,0.00,794.35,792.03,true,false,false,815.00
6114043000,6114781000,738000,29000,29000,0.00,794.35,792.03,true,false,false,815.00
6114781000,6115519000,738000,29000,29000,0.00,794.35,792.03,true,false,false,815.00
6115519000,6116256000,737000,29000,29000,0.00,794.35,792.03,true,false,false,815.00
6116256000,6116993000,737000,29000,29000,0.00,794.35,792.03,true,false,false,815.00
6116993000,6117730000,737000,29000,29000,0.00,794.35,792.03,true,false,false,815.00
6117730000,6118467000,737000,29000,29000,0.00,794.35,792.03,true,false,true,815.00
6118467000,6119348000,881000,29000,77000,2.90,0.00,792.03,true,false,false,815.00
6119348000,6120335000,987000,36000,112000,2.90,744.97,744.97,true,false,false,815.00
6120335000,6121102000,767000,10000,39000,1.00,798.24,798.24,true,false,false,815.00
6121102000,6124716000,3614000,31000,31000,1.00,798.24,809.75,false,true,false,815.00
6124716000,6125469000,753000,10000,34000,1.00,798.24,806.13,true,false,false,818.00
6125469000,6126230000,761000,27000,37000,1.00,798.24,790.90,true,false,false,818.00
6126230000,6126979000,749000,27000,33000,1.00,798.24,792.64,true,false,false,818.00
6126979000,6127725000,746000,29000,32000,1.00,798.24,792.64,true,false,false,818.00
6127725000,6128468000,743000,30000,31000,1.00,798.24,794.17,true,false,false,818.00
6128468000,6129212000,744000,30000,31000,1.00,798.24,794.17,true,false,false,818.00
6129212000,6129955000,743000,30000,31000,1.00,798.24,794.17,true,false,false,818.00
6129955000,6130699000,744000,30000,31000,1.00,798.24,794.17,true,false,false,818.00
6130699000,6131442000,743000,30000,31000,1.00,798.24,794.17,true,false,false,818.00
6131442000,6132186000,744000,30000,31000,1.00,798.24,793.40,true,false,false,818.00
6132186000,6132930000,744000,30000,31000,1.00,798.24,793.40,true,false,false,818.00
6132930000,6133673000,743000,30000,31000,1.00,798.24,794.17,true,false,false,818.00
6133673000,6134416000,743000,30000,31000,1.00,798.24,793.40,true,false,false,818.00
6134416000,6135159000,743000,30000,31000,1.00,798.24,793.40,true,false,false,818.00
6135159000,6135903000,744000,30000,31000,1.00,798.24,793.40,true,false,false,818.00
6135903000,6136646000,743000,30000,31000,1.00,798.24,794.17,true,false,false,818.00
6136646000,6137389000,743000,30000,31000,1.00,798.24,794.17,true,false,false,818.00
6137389000,6138132000,743000,30000,31000,1.00,798.24,794.17,true,false,false,818.00
6138132000,6138875000,743000,30000,31000,1.00,798.24,794.17,true,false,false,818.00
6138875000,6139618000,743000,30000,31000,1.00,798.24,794.17,true,false,false,818.00
6139618000,6140361000,743000,30000,31000,1.00,798.24,793.40,true,false,false,818.00
6140361000,6141105000,744000,30000,31000,1.00,798.24,793.40,true,false,false,818.00
6141105000,6141849000,744000,30000,31000,1.00,798.24,793.40,true,false,false,818.00
6141849000,6142802000,953000,30000,101000,1.00,798.24,774.62,true,false,false,818.00
6142802000,6143803000,1001000,22000,117000,1.00,798.24,770.97,true,false,false,818.00
6143803000,6144573000,770000,11000,40000,1.00,798.24,787.30,true,false,true,818.00
6144573000,6145340000,767000,24000,39000,2.40,0.00,787.30,true,false,false,818.00
6145340000,6146092000,752000,27000,34000,2.40,792.64,792.64,true,false,false,818.00
6146092000,6146835000,743000,28000,31000,2.40,794.95,794.95,true,false,false,818.00
6146835000,6150513000,3678000,31000,31000,2.40,794.95,836.45,false,true,false,818.00
6150513000,6151298000,785000,0,45000,0.00,794.95,801.18,true,false,false,820.00
6151298000,6152093000,795000,22000,48000,0.00,798.44,798.44,true,false,false,820.00
6152093000,6152857000,764000,28000,38000,0.00,798.44,798.44,true,false,false,820.00
6152857000,6153607000,750000,28000,33000,0.00,798.44,794.57,true,false,false,820.00
6153607000,6154356000,749000,30000,33000,0.00,798.44,794.57,true,false,false,820.00
6154356000,6155102000,746000,30000,32000,0.00,798.44,795.34,true,false,false,820.00
6155102000,6155848000,746000,31000,32000,0.00,798.44,795.34,true,false,false,820.00
6155848000,6156594000,746000,31000,32000,0.00,798.44,795.34,true,false,false,820.00
6156594000,6157340000,746000,31000,32000,0.00,798.44,795.34,true,false,false,820.00
6157340000,6158086000,746000,31000,32000,0.00,798.44,795.34,true,false,false,820.00
6158086000,6158832000,746000,31000,32000,0.00,798.44,795.34,true,false,false,820.00
6158832000,6159578000,746000,31000,32000,0.00,798.44,795.34,true,false,false,820.00
6159578000,6160322000,744000,31000,31000,0.00,798.44,795.34,true,false,false,820.00
6160322000,6161065000,743000,31000,31000,0.00,798.44,795.34,true,false,false,820.00
6161065000,6161808000,743000,31000,31000,0.00,798.44,795.34,true,false,false,820.00
6161808000,6162551000,743000,31000,31000,0.00,798.44,795.34,true,false,false,820.00
6162551000,6163294000,743000,31000,31000,0.00,798.44,795.34,true,false,false,820.00
6163294000,6164037000,743000,31000,31000,0.00,798.44,795.34,true,false,false,820.00
6164037000,6164780000,743000,31000,31000,0.00,798.44,795.34,true,false,false,820.00
6164780000,6165523000,743000,31000,31000,0.00,798.44,795.34,true,false,false,820.00
6165523000,6166458000,935000,31000,95000,0.00,798.44,757.16,true,false,false,820.00
6166458000,6167465000,1007000,25000,119000,0.00,798.44,793.04,true,false,false,820.00
6167465000,6168238000,773000,12000,41000,0.00,798.44,793.04,true,false,false,820.00
6168238000,6169011000,773000,25000,41000,0.00,798.44,789.22,true,false,false,820.00
6169011000,6169764000,753000,27000,34000,0.00,798.44,793.80,true,false,false,820.00
6169764000,6170514000,750000,29000,33000,0.00,798.44,794.57,true,false,true,820.00
6170514000,6171264000,750000,31000,33000,3.10,0.00,794.57,true,false,false,820.00
6171264000,6172010000,746000,30000,32000,3.00,795.34,795.34,true,false,false,820.00
6172010000,6172756000,746000,31000,32000,3.00,795.34,795.34,true,false,false,820.00
6172756000,6176465000,3709000,31000,31000,3.00,795.34,847.36,false,true,false,820.00
6176465000,6177262000,797000,0,49000,0.00,795.34,799.22,true,false,false,818.00
6177262000,6178074000,812000,15000,54000,0.00,800.39,800.39,true,false,false,818.00
6178074000,6178844000,770000,28000,40000,0.00,800.39,794.17,true,false,false,818.00
6178844000,6179593000,749000,26000,33000,0.00,800.39,794.17,true,false,false,818.00
6179593000,6180343000,750000,29000,33000,0.00,800.39,793.40,true,false,false,818.00
6180343000,6181086000,743000,29000,31000,0.00,800.39,793.40,true,false,false,818.00
6181086000,6181829000,743000,30000,31000,0.00,800.39,793.40,true,false,false,818.00
6181829000,6182572000,743000,30000,31000,0.00,800.39,793.40,true,false,false,818.00
6182572000,6183315000,743000,30000,31000,0.00,800.39,793.40,true,false,false,818.00
6183315000,6184058000,743000,30000,31000,0.00,800.39,794.17,true,false,false,818.00
6184058000,6184801000,743000,30000,31000,0.00,800.39,794.17,true,false,false,818.00
6184801000,6185544000,743000,30000,31000,0.00,800.39,794.17,true,false,false,818.00
6185544000,6186288000,744000,30000,31000,0.00,800.39,794.17,true,false,false,818.00
6186288000,6187031000,743000,30000,31000,0.00,800.39,794.17,true,false,false,818.00
6187031000,6187774000,743000,30000,31000,0.00,800.39,794.17,true,false,false,818.00
6187774000,6188517000,743000,30000,31000,0.00,800.39,794.17,true,false,false,818.00
6188517000,6189260000,743000,30000,31000,0.00,800.39,793.40,true,false,false,818.00
6189260000,6190144000,884000,30000,78000,0.00,800.39,793.40,true,false,false,818.00
6190144000,6191145000,1001000,47000,117000,0.00,800.39,758.81,true,false,false,818.00
6191145000,6191936000,791000,11000,47000,0.00,800.39,785.78,true,false,false,818.00
6191936000,6192709000,773000,27000,41000,0.00,800.39,789.58,true,false,false,818.00
6192709000,6193459000,750000,25000,33000,0.00,800.39,792.64,true,false,false,818.00
6193459000,6194211000,752000,28000,34000,0.00,800.39,792.64,true,false,false,818.00
6194211000,6194957000,746000,29000,32000,0.00,800.39,794.17,true,false,false,818.00
6194957000,6195701000,744000,29000,31000,0.00,800.39,794.17,true,false,false,818.00
6195701000,6196444000,743000,30000,31000,0.00,800.39,793.40,true,false,true,818.00
6196444000,6197187000,743000,30000,31000,3.00,0.00,793.40,true,false,false,818.00
6197187000,6197931000,744000,30000,31000,3.00,793.40,793.40,true,false,false,818.00
6197931000,6198675000,744000,30000,31000,3.00,794.17,794.17,true,false,false,818.00
6198675000,6202383000,3708000,31000,31000,3.00,794.17,847.08,false,true,false,818.00
6202383000,6203181000,798000,0,49000,0.00,794.17,795.72,true,false,false,816.00
6203181000,6203990000,809000,13000,53000,0.00,800.00,800.00,true,false,false,816.00
6203990000,6204760000,770000,27000,40000,0.00,800.00,800.00,true,false,false,816.00
6204760000,6205507000,747000,25000,32000,0.00,800.00,793.00,true,false,false,816.00
6205507000,6206253000,746000,28000,32000,0.00,800.00,792.23,true,false,false,816.00
6206253000,6206996000,743000,28000,31000,0.00,800.00,792.23,true,false,false,816.00
6206996000,6207736000,740000,29000,30000,0.00,800.00,792.23,true,false,false,816.00
6207736000,6208476000,740000,29000,30000,0.00,800.00,792.23,true,false,false,816.00
6208476000,6209216000,740000,29000,30000,0.00,800.00,792.23,true,false,false,816.00
6209216000,6209957000,741000,29000,30000,0.00,800.00,792.23,true,false,false,816.00
6209957000,6210697000,740000,29000,30000,0.00,800.00,792.23,true,false,false,816.00
6210697000,6211437000,740000,29000,30000,0.00,800.00,792.23,true,false,false,816.00
6211437000,6212177000,740000,29000,30000,0.00,800.00,792.23,true,false,false,816.00
6212177000,6212917000,740000,29000,30000,0.00,800.00,792.23,true,false,false,816.00
6212917000,6213657000,740000,29000,30000,0.00,800.00,792.23,true,false,false,816.00
6213657000,6214646000,989000,30000,113000,0.00,800.00,754.16,true,false,false,816.00
6214646000,6215585000,939000,11000,96000,0.00,800.00,793.00,true,false,false,816.00
6215585000,6216355000,770000,12000,40000,0.00,800.00,786.89,true,false,false,816.00
6216355000,6217101000,746000,23000,32000,0.00,800.00,786.89,true,false,false,816.00
6217101000,6217850000,749000,28000,33000,0.00,800.00,790.70,true,false,false,816.00
6217850000,6218594000,744000,28000,31000,0.00,800.00,793.00,true,false,false,816.00
6218594000,6219338000,744000,29000,31000,0.00,800.00,793.00,true,false,false,816.00
6219338000,6220078000,740000,29000,30000,0.00,800.00,793.00,true,false,false,816.00
6220078000,6220818000,740000,29000,30000,0.00,800.00,792.23,true,false,false,816.00
6220818000,6221559000,741000,29000,30000,0.00,800.00,792.23,true,false,false,816.00
6221559000,6222299000,740000,29000,30000,0.00,800.00,792.23,true,false,true,816.00
6222299000,6223040000,741000,29000,30000,2.90,0.00,792.23,true,false,false,816.00
6223040000,6223780000,740000,29000,30000,2.90,792.23,792.23,true,false,false,816.00
6223780000,6224520000,740000,29000,30000,2.90,792.23,792.23,true,false,false,816.00
6224520000,6228219000,3699000,30000,30000,2.90,792.23,843.87,false,true,false,816.00
6228219000,6229013000,794000,0,48000,0.00,792.23,793.77,true,false,false,815.00
6229013000,6229820000,807000,13000,52000,0.00,799.02,799.02,true,false,false,815.00
6229820000,6230587000,767000,26000,39000,0.00,799.02,799.02,true,false,false,815.00
6230587000,6231333000,746000,25000,32000,0.00,799.02,792.80,true,false,false,815.00
6231333000,6232080000,747000,28000,32000,0.00,799.02,791.26,true,false,false,815.00
6232080000,6232821000,741000,28000,30000,0.00,799.02,791.26,true,false,false,815.00
6232821000,6233562000,741000,28000,30000,0.00,799.02,791.26,true,false,false,815.00
6233562000,6234302000,740000,29000,30000,0.00,799.02,792.03,true,false,false,815.00
6234302000,6235042000,740000,29000,30000,0.00,799.02,792.03,true,false,false,815.00
6235042000,6235782000,740000,29000,30000,0.00,799.02,792.03,true,false,false,815.00
6235782000,6236522000,740000,29000,30000,0.00,799.02,792.03,true,false,false,815.00
6236522000,6237262000,740000,29000,30000,0.00,799.02,792.03,true,false,false,815.00
6237262000,6238248000,986000,29000,112000,0.00,799.02,747.02,true,false,false,815.00
6238248000,6239237000,989000,11000,113000,0.00,799.02,799.02,true,false,false,815.00
6239237000,6240004000,767000,11000,39000,0.00,799.02,787.44,true,false,false,815.00
6240004000,6240751000,747000,23000,32000,0.00,799.02,787.44,true,false,false,815.00
6240751000,6241497000,746000,27000,32000,0.00,799.02,789.73,true,false,false,815.00
6241497000,6242238000,741000,27000,30000,0.00,799.02,792.03,true,false,false,815.00
6242238000,6242978000,740000,28000,30000,0.00,799.02,792.03,true,false,false,815.00
6242978000,6243718000,740000,29000,30000,0.00,799.02,792.03,true,false,false,815.00
6243718000,6244456000,738000,29000,29000,0.00,799.02,792.03,true,false,false,815.00
6244456000,6245193000,737000,29000,29000,0.00,799.02,792.03,true,false,false,815.00
6245193000,6245931000,738000,29000,29000,0.00,799.02,792.03,true,false,false,815.00
6245931000,6246669000,738000,29000,29000,0.00,799.02,792.03,true,false,false,815.00
6246669000,6247406000,737000,29000,29000,0.00,799.02,792.03,true,false,false,815.00
6247406000,6248143000,737000,29000,29000,0.00,799.02,792.03,true,false,true,815.00
6248143000,6248880000,737000,29000,29000,2.90,0.00,792.03,true,false,false,815.00
6248880000,6249618000,738000,29000,29000,2.90,792.03,792.03,true,false,false,815.00
6249618000,6250355000,737000,29000,29000,2.90,792.03,792.03,true,false,false,815.00
6250355000,6254053000,3698000,29000,29000,2.90,792.03,842.94,false,true,false,815.00
6254053000,6254844000,791000,0,47000,0.00,792.03,792.03,true,false,false,814.00
6254844000,6255651000,807000,13000,52000,0.00,798.82,798.82,true,false,false,814.00
6255651000,6256418000,767000,26000,39000,0.00,798.82,798.82,true,false,false,814.00
6256418000,6257164000,746000,25000,32000,0.00,798.82,792.60,true,false,false,814.00
6257164000,6257910000,746000,27000,32000,0.00,798.82,791.06,true,false,false,814.00
6257910000,6258651000,741000,28000,30000,0.00,798.82,791.06,true,false,false,814.00
6258651000,6259388000,737000,28000,29000,0.00,798.82,791.06,true,false,false,814.00
6259388000,6260125000,737000,28000,29000,0.00,798.82,791.06,true,false,false,814.00
6260125000,6260863000,738000,29000,29000,0.00,798.82,791.06,true,false,false,814.00
6260863000,6261831000,968000,29000,106000,0.00,798.82,738.66,true,false,false,814.00
6261831000,6262820000,989000,13000,113000,0.00,802.76,802.76,true,false,false,814.00
6262820000,6263587000,767000,10000,39000,0.00,802.76,802.76,true,false,false,814.00
6263587000,6264342000,755000,22000,35000,0.00,802.76,790.29,true,false,false,814.00
6264342000,6265088000,746000,27000,32000,0.00,802.76,789.52,true,false,false,814.00
6265088000,6265828000,740000,27000,30000,0.00,802.76,791.06,true,false,false,814.00
6265828000,6266568000,740000,28000,30000,0.00,802.76,791.06,true,false,false,814.00
6266568000,6267306000,738000,28000,29000,0.00,802.76,791.06,true,false,false,814.00
6267306000,6268043000,737000,29000,29000,0.00,802.76,791.06,true,false,false,814.00
6268043000,6268780000,737000,29000,29000,0.00,802.76,791.06,true,false,false,814.00
6268780000,6269517000,737000,29000,29000,0.00,802.76,791.06,true,false,false,814.00
6269517000,6270254000,737000,29000,29000,0.00,802.76,791.06,true,false,false,814.00
6270254000,6270991000,737000,29000,29000,0.00,802.76,791.06,true,false,false,814.00
6270991000,6271728000,737000,29000,29000,0.00,802.76,791.06,true,false,false,814.00
6271728000,6272466000,738000,29000,29000,0.00,802.76,791.06,true,false,false,814.00
6272466000,6273203000,737000,29000,29000,0.00,802.76,791.06,true,false,false,814.00
6273203000,6273940000,737000,29000,29000,0.00,802.76,791.06,true,false,true,814.00
6273940000,6274677000,737000,29000,29000,2.90,0.00,791.06,true,false,false,814.00
6274677000,6275414000,737000,29000,29000,2.90,791.06,791.06,true,false,false,814.00
6275414000,6276151000,737000,29000,29000,2.90,791.06,791.06,true,false,false,814.00
6276151000,6279848000,3697000,29000,29000,2.90,791.06,842.01,false,true,false,814.00
6279848000,6280639000,791000,0,47000,0.00,791.06,791.06,true,false,false,813.00
6280639000,6281443000,804000,12000,51000,0.00,797.84,797.84,true,false,false,813.00
6281443000,6282210000,767000,26000,39000,0.00,797.84,797.84,true,false,false,813.00
6282210000,6282953000,743000,24000,31000,0.00,797.84,793.17,true,false,false,813.00
6282953000,6283696000,743000,27000,31000,0.00,797.84,790.09,true,false,false,813.00
6283696000,6284436000,740000,27000,30000,0.00,797.84,790.09,true,false,false,813.00
6284436000,6285404000,968000,28000,106000,0.00,797.84,790.09,true,false,false,813.00
6285404000,6286378000,974000,14000,108000,0.00,797.84,734.42,true,false,false,813.00
6286378000,6287142000,764000,11000,38000,0.00,802.57,802.57,true,false,false,813.00
6287142000,6287891000,749000,22000,33000,0.00,802.57,793.95,true,false,false,813.00
6287891000,6288637000,746000,27000,32000,0.00,802.57,790.09,true,false,false,813.00
6288637000,6289377000,740000,26000,30000,0.00,802.57,790.09,true,false,false,813.00
6289377000,6290117000,740000,27000,30000,0.00,802.57,790.09,true,false,false,813.00
6290117000,6290854000,737000,28000,29000,0.00,802.57,790.86,true,false,false,813.00
6290854000,6291591000,737000,28000,29000,0.00,802.57,790.09,true,false,false,813.00
6291591000,6292328000,737000,28000,29000,0.00,802.57,790.09,true,false,false,813.00
6292328000,6293065000,737000,28000,29000,0.00,802.57,790.86,true,false,false,813.00
6293065000,6293802000,737000,28000,29000,0.00,802.57,790.86,true,false,false,813.00
6293802000,6294539000,737000,28000,29000,0.00,802.57,790.86,true,false,false,813.00
6294539000,6295276000,737000,28000,29000,0.00,802.57,790.86,true,false,false,813.00
6295276000,6296014000,738000,28000,29000,0.00,802.57,790.86,true,false,false,813.00
6296014000,6296751000,737000,28000,29000,0.00,802.57,790.86,true,false,false,813.00
6296751000,6297488000,737000,28000,29000,0.00,802.57,790.86,true,false,false,813.00
6297488000,6298225000,737000,28000,29000,0.00,802.57,790.86,true,false,false,813.00
6298225000,6298962000,737000,28000,29000,0.00,802.57,790.86,true,false,false,813.00
6298962000,6299699000,737000,28000,29000,0.00,802.57,790.86,true,false,true,813.00
6299699000,6300436000,737000,28000,29000,2.80,0.00,790.86,true,false,false,813.00
6300436000,6301174000,738000,28000,29000,2.80,790.86,790.86,true,false,false,813.00
6301174000,6301911000,737000,28000,29000,2.80,790.86,790.86,true,false,false,813.00
6301911000,6305601000,3690000,29000,29000,2.80,790.86,840.63,false,true,false,813.00
6305601000,6306389000,788000,0,46000,0.00,790.86,790.86,true,false,false,813.00
6306389000,6307192000,803000,13000,51000,0.00,797.84,797.84,true,false,false,813.00
6307192000,6307956000,764000,26000,38000,0.00,797.84,797.84,true,false,false,813.00
6307956000,6308918000,962000,25000,104000,0.00,797.84,791.63,true,false,false,813.00
6308918000,6309889000,971000,16000,107000,0.00,797.84,747.93,true,false,false,813.00
6309889000,6310668000,779000,14000,43000,0.00,797.84,785.51,true,false,false,813.00
6310668000,6311423000,755000,25000,35000,0.00,797.84,790.86,true,false,false,813.00
6311423000,6312178000,755000,30000,35000,0.00,797.84,787.79,true,false,false,813.00
6312178000,6312927000,749000,29000,33000,0.00,797.84,787.79,true,false,false,813.00
6312927000,6313676000,749000,31000,33000,0.00,797.84,787.79,true,false,false,813.00
6313676000,6314422000,746000,31000,32000,0.00,797.84,787.79,true,false,false,813.00
6314422000,6315168000,746000,31000,32000,0.00,797.84,787.79,true,false,false,813.00
6315168000,6315915000,747000,31000,32000,0.00,797.84,788.55,true,false,false,813.00
6315915000,6316661000,746000,31000,32000,0.00,797.84,787.79,true,false,false,813.00
6316661000,6317407000,746000,31000,32000,0.00,797.84,788.55,true,false,false,813.00
6317407000,6318153000,746000,31000,32000,0.00,797.84,788.55,true,false,false,813.00
6318153000,6318899000,746000,31000,32000,0.00,797.84,787.79,true,false,false,813.00
6318899000,6319645000,746000,31000,32000,0.00,797.84,787.79,true,false,false,813.00
6319645000,6320392000,747000,31000,32000,0.00,797.84,787.79,true,false,false,813.00
6320392000,6321138000,746000,31000,32000,0.00,797.84,787.79,true,false,false,813.00
6321138000,6321884000,746000,31000,32000,0.00,797.84,787.79,true,false,false,813.00
6321884000,6322631000,747000,31000,32000,0.00,797.84,788.55,true,false,false,813.00
6322631000,6323377000,746000,31000,32000,0.00,797.84,788.55,true,false,false,813.00
6323377000,6324123000,746000,31000,32000,0.00,797.84,787.79,true,false,false,813.00
6324123000,6324869000,746000,31000,32000,0.00,797.84,787.79,true,false,false,813.00
6324869000,6325615000,746000,31000,32000,0.00,797.84,787.79,true,false,true,813.00
6325615000,6326361000,746000,31000,32000,3.10,0.00,787.79,true,false,false,813.00
6326361000,6327107000,746000,31000,32000,3.10,787.79,787.79,true,false,false,813.00
6327107000,6327853000,746000,31000,32000,3.10,787.79,787.79,true,false,false,813.00
6327853000,6331565000,3712000,32000,32000,3.10,787.79,842.74,false,true,false,813.00
6331565000,6332473000,908000,0,86000,0.00,787.79,777.99,true,false,false,810.00
6332473000,6333387000,914000,34000,88000,0.00,787.79,776.61,true,false,false,810.00
6333387000,6334256000,869000,53000,73000,0.00,787.79,765.60,true,false,false,810.00
6334256000,6335089000,833000,53000,61000,0.00,787.79,764.87,true,false,false,810.00
6335089000,6335919000,830000,55000,60000,0.00,787.79,764.87,true,false,false,810.00
6335919000,6336746000,827000,56000,59000,0.00,787.79,765.60,true,false,false,810.00
6336746000,6337571000,825000,56000,58000,0.00,787.79,766.32,true,false,false,810.00
6337571000,6338396000,825000,57000,58000,0.00,787.79,766.32,true,false,false,810.00
6338396000,6339220000,824000,57000,58000,0.00,787.79,766.32,true,false,false,810.00
6339220000,6340044000,824000,57000,58000,0.00,787.79,765.60,true,false,false,810.00
6340044000,6340868000,824000,57000,58000,0.00,787.79,765.60,true,false,false,810.00
6340868000,6341693000,825000,57000,58000,0.00,787.79,766.32,true,false,false,810.00
6341693000,6342517000,824000,57000,58000,0.00,787.79,765.60,true,false,false,810.00
6342517000,6343341000,824000,57000,58000,0.00,787.79,765.60,true,false,false,810.00
6343341000,6344165000,824000,57000,58000,0.00,787.79,765.60,true,false,false,810.00
6344165000,6344989000,824000,57000,58000,0.00,787.79,766.32,true,false,false,810.00
6344989000,6345814000,825000,57000,58000,0.00,787.79,765.60,true,false,false,810.00
6345814000,6346639000,825000,57000,58000,0.00,787.79,765.60,true,false,false,810.00
6346639000,6347463000,824000,57000,58000,0.00,787.79,765.60,true,false,false,810.00
6347463000,6348287000,824000,57000,58000,0.00,787.79,765.60,true,false,false,810.00
6348287000,6349111000,824000,57000,58000,0.00,787.79,766.32,true,false,false,810.00
6349111000,6349935000,824000,57000,58000,0.00,787.79,765.60,true,false,false,810.00
6349935000,6350759000,824000,57000,58000,0.00,787.79,765.60,true,false,false,810.00
6350759000,6351583000,824000,57000,58000,0.00,787.79,765.60,true,false,false,810.00
6351583000,6352407000,824000,57000,58000,0.00,787.79,766.32,true,false,false,810.00
6352407000,6353231000,824000,57000,58000,0.00,787.79,765.60,true,false,true,810.00
6353231000,6354055000,824000,57000,58000,5.70,0.00,765.60,true,false,false,810.00
6354055000,6354879000,824000,57000,58000,5.70,765.60,765.60,true,false,false,810.00
6354879000,6355703000,824000,57000,58000,5.70,765.60,765.60,true,false,false,810.00
6355703000,6359739000,4036000,58000,58000,5.70,765.60,847.68,false,true,false,810.00
6359739000,6360614000,875000,0,75000,0.00,765.60,791.79,true,false,false,801.00
6360614000,6361495000,881000,0,77000,0.00,790.72,790.72,true,false,false,801.00
6361495000,6362293000,798000,22000,49000,0.00,790.72,780.70,true,false,false,801.00
6362293000,6363051000,758000,24000,36000,0.00,790.72,775.41,true,false,false,801.00
6363051000,6363797000,746000,27000,32000,0.00,790.72,775.41,true,false,false,801.00
6363797000,6364543000,746000,29000,32000,0.00,790.72,776.92,true,false,false,801.00
6364543000,6365286000,743000,29000,31000,0.00,790.72,777.67,true,false,false,801.00
6365286000,6366030000,744000,29000,31000,0.00,790.72,777.67,true,false,false,801.00
6366030000,6366770000,740000,30000,30000,0.00,790.72,777.67,true,false,false,801.00
6366770000,6367510000,740000,30000,30000,0.00,790.72,777.67,true,false,false,801.00
6367510000,6368251000,741000,30000,30000,0.00,790.72,777.67,true,false,false,801.00
6368251000,6368991000,740000,30000,30000,0.00,790.72,777.67,true,false,false,801.00
6368991000,6369731000,740000,30000,30000,0.00,790.72,777.67,true,false,false,801.00
6369731000,6370471000,740000,30000,30000,0.00,790.72,777.67,true,false,false,801.00
6370471000,6371211000,740000,30000,30000,0.00,790.72,777.67,true,false,false,801.00
6371211000,6371951000,740000,30000,30000,0.00,790.72,777.67,true,false,false,801.00
6371951000,6372691000,740000,30000,30000,0.00,790.72,777.67,true,false,false,801.00
6372691000,6373431000,740000,30000,30000,0.00,790.72,777.67,true,false,false,801.00
6373431000,6374171000,740000,30000,30000,0.00,790.72,777.67,true,false,false,801.00
6374171000,6374911000,740000,30000,30000,0.00,790.72,777.67,true,false,false,801.00
6374911000,6375651000,740000,30000,30000,0.00,790.72,777.67,true,false,false,801.00
6375651000,6376391000,740000,30000,30000,0.00,790.72,777.67,true,false,false,801.00
6376391000,6377131000,740000,30000,30000,0.00,790.72,777.67,true,false,false,801.00
6377131000,6377871000,740000,30000,30000,0.00,790.72,777.67,true,false,false,801.00
6377871000,6378612000,741000,30000,30000,0.00,790.72,777.67,true,false,false,801.00
6378612000,6379353000,741000,30000,30000,0.00,790.72,777.67,true,false,true,801.00
6379353000,6380094000,741000,30000,30000,3.00,0.00,777.67,true,false,false,801.00
6380094000,6380834000,740000,30000,30000,3.00,777.67,777.67,true,false,false,801.00
6380834000,6381808000,974000,30000,108000,3.00,777.67,736.21,true,false,false,801.00
6381808000,6385490000,3682000,107000,107000,3.00,777.67,832.56,false,true,false,801.00
6385490000,6386281000,791000,0,47000,0.00,777.67,789.94,true,false,false,803.00
6386281000,6387084000,803000,9000,51000,0.00,789.58,789.58,true,false,false,803.00
6387084000,6387851000,767000,25000,39000,0.00,789.58,780.37,true,false,false,803.00
6387851000,6388595000,744000,23000,31000,0.00,789.58,780.37,true,false,false,803.00
6388595000,6389338000,743000,25000,31000,0.00,789.58,780.37,true,false,false,803.00
6389338000,6390075000,737000,26000,29000,0.00,789.58,781.13,true,false,false,803.00
6390075000,6390809000,734000,27000,28000,0.00,789.58,781.89,true,false,false,803.00
6390809000,6391543000,734000,27000,28000,0.00,789.58,781.89,true,false,false,803.00
6391543000,6392278000,735000,27000,28000,0.00,789.58,781.13,true,false,false,803.00
6392278000,6393012000,734000,27000,28000,0.00,789.58,781.13,true,false,false,803.00
6393012000,6393746000,734000,27000,28000,0.00,789.58,781.13,true,false,false,803.00
6393746000,6394480000,734000,27000,28000,0.00,789.58,781.13,true,false,false,803.00
6394480000,6395214000,734000,27000,28000,0.00,789.58,781.13,true,false,false,803.00
6395214000,6395949000,735000,27000,28000,0.00,789.58,781.13,true,false,false,803.00
6395949000,6396683000,734000,27000,28000,0.00,789.58,781.13,true,false,false,803.00
6396683000,6397418000,735000,27000,28000,0.00,789.58,781.89,true,false,false,803.00
6397418000,6398153000,735000,27000,28000,0.00,789.58,781.13,true,false,false,803.00
6398153000,6398887000,734000,27000,28000,0.00,789.58,781.13,true,false,false,803.00
6398887000,6399621000,734000,27000,28000,0.00,789.58,781.13,true,false,false,803.00
6399621000,6400356000,735000,27000,28000,0.00,789.58,781.13,true,false,false,803.00
6400356000,6401090000,734000,27000,28000,0.00,789.58,781.13,true,false,false,803.00
6401090000,6401824000,734000,27000,28000,0.00,789.58,781.13,true,false,false,803.00
6401824000,6402559000,735000,27000,28000,0.00,789.58,781.13,true,false,false,803.00
6402559000,6403294000,735000,27000,28000,0.00,789.58,781.13,true,false,false,803.00
6403294000,6404029000,735000,27000,28000,0.00,789.58,781.13,true,false,false,803.00
6404029000,6404947000,918000,27000,89000,0.00,789.58,781.13,true,false,true,803.00
6404947000,6405924000,977000,18000,109000,1.80,0.00,781.13,true,false,false,803.00
6405924000,6406691000,767000,10000,39000,1.00,786.48,786.48,true,false,false,803.00
6406691000,6407458000,767000,21000,39000,1.00,786.48,778.86,true,false,false,803.00
6407458000,6411070000,3612000,23000,23000,1.00,786.48,801.34,false,true,false,803.00
6411070000,6411816000,746000,8000,32000,0.80,786.48,795.84,true,false,false,814.00
6411816000,6412589000,773000,29000,41000,0.80,786.48,782.69,true,false,false,814.00
6412589000,6413341000,752000,29000,34000,0.80,788.00,788.00,true,false,false,814.00
6413341000,6414094000,753000,31000,34000,0.80,788.00,788.00,true,false,false,814.00
6414094000,6414844000,750000,31000,33000,0.80,788.76,788.76,true,false,false,814.00
6414844000,6415593000,749000,31000,33000,0.80,788.76,788.76,true,false,false,814.00
6415593000,6416342000,749000,32000,33000,0.80,788.76,788.76,true,false,false,814.00
6416342000,6417089000,747000,32000,32000,0.80,788.76,788.76,true,false,false,814.00
6417089000,6417835000,746000,32000,32000,0.80,788.76,788.76,true,false,false,814.00
6417835000,6418581000,746000,32000,32000,0.80,788.76,788.76,true,false,false,814.00
6418581000,6419327000,746000,32000,32000,0.80,788.76,788.76,true,false,false,814.00
6419327000,6420073000,746000,32000,32000,0.80,788.76,788.76,true,false,false,814.00
6420073000,6420819000,746000,32000,32000,0.80,788.76,788.76,true,false,false,814.00
6420819000,6421565000,746000,32000,32000,0.80,788.76,788.76,true,false,false,814.00
6421565000,6422311000,746000,32000,32000,0.80,788.76,788.76,true,false,false,814.00
6422311000,6423057000,746000,32000,32000,0.80,788.76,788.76,true,false,false,814.00
6423057000,6423803000,746000,32000,32000,0.80,788.76,788.76,true,false,false,814.00
6423803000,6424549000,746000,32000,32000,0.80,788.76,788.76,true,false,false,814.00
6424549000,6425295000,746000,32000,32000,0.80,788.76,788.76,true,false,false,814.00
6425295000,6426041000,746000,32000,32000,0.80,788.76,788.76,true,false,false,814.00
6426041000,6426788000,747000,32000,32000,0.80,788.76,788.76,true,false,false,814.00
6426788000,6427534000,746000,32000,32000,0.80,788.76,788.76,true,false,false,814.00
6427534000,6428532000,998000,32000,116000,0.80,788.76,788.76,true,false,false,814.00
6428532000,6429542000,1010000,12000,120000,0.80,788.76,740.67,true,false,false,814.00
6429542000,6430309000,767000,9000,39000,0.80,789.52,789.52,true,false,false,814.00
6430309000,6431058000,749000,22000,33000,0.80,794.15,794.15,true,false,true,814.00
6431058000,6431805000,747000,27000,32000,2.70,0.00,794.15,true,false,false,814.00
6431805000,6432545000,740000,27000,30000,2.70,791.83,791.83,true,false,false,814.00
6432545000,6433285000,740000,28000,30000,2.70,791.83,791.06,true,false,false,814.00
6433285000,6436974000,3689000,28000,28000,2.70,791.83,839.55,false,true,false,814.00
6436974000,6437762000,788000,0,46000,0.00,791.83,793.37,true,false,false,815.00
6437762000,6438563000,801000,16000,50000,0.00,799.02,799.02,true,false,false,815.00
6438563000,6439328000,765000,26000,38000,0.00,799.02,799.02,true,false,false,815.00
6439328000,6440074000,746000,25000,32000,0.00,799.02,792.80,true,false,false,815.00
6440074000,6440820000,746000,28000,32000,0.00,799.02,791.26,true,false,false,815.00
6440820000,6441561000,741000,28000,30000,0.00,799.02,791.26,true,false,false,815.00
6441561000,6442302000,741000,29000,30000,0.00,799.02,791.26,true,false,false,815.00
6442302000,6443042000,740000,29000,30000,0.00,799.02,792.03,true,false,false,815.00
6443042000,6443782000,740000,29000,30000,0.00,799.02,792.03,true,false,false,815.00
6443782000,6444523000,741000,29000,30000,0.00,799.02,792.03,true,false,false,815.00
6444523000,6445263000,740000,29000,30000,0.00,799.02,792.03,true,false,false,815.00
6445263000,6446000000,737000,29000,29000,0.00,799.02,792.03,true,false,false,815.00
6446000000,6446737000,737000,29000,29000,0.00,799.02,792.03,true,false,false,815.00
6446737000,6447475000,738000,29000,29000,0.00,799.02,792.03,true,false,false,815.00
6447475000,6448212000,737000,29000,29000,0.00,799.02,792.03,true,false,false,815.00
6448212000,6448949000,737000,29000,29000,0.00,799.02,792.03,true,false,false,815.00
6448949000,6449686000,737000,29000,29000,0.00,799.02,792.03,true,false,false,815.00
6449686000,6450423000,737000,29000,29000,0.00,799.02,792.03,true,false,false,815.00
6450423000,6451161000,738000,29000,29000,0.00,799.02,792.03,true,false,false,815.00
6451161000,6452132000,971000,29000,107000,0.00,799.02,747.71,true,false,false,815.00
6452132000,6453124000,992000,14000,114000,0.00,799.02,795.90,true,false,false,815.00
6453124000,6453891000,767000,11000,39000,0.00,799.02,787.44,true,false,false,815.00
6453891000,6454643000,752000,23000,34000,0.00,799.02,787.44,true,false,false,815.00
6454643000,6455389000,746000,28000,32000,0.00,799.02,790.49,true,false,false,815.00
6455389000,6456130000,741000,27000,30000,0.00,799.02,792.03,true,false,false,815.00
6456130000,6456870000,740000,28000,30000,0.00,799.02,792.03,true,false,true,815.00
6456870000,6457610000,740000,29000,30000,2.90,0.00,792.03,true,false,false,815.00
6457610000,6458351000,741000,29000,30000,2.90,792.03,792.03,true,false,false,815.00
6458351000,6459088000,737000,29000,29000,2.90,792.03,792.03,true,false,false,815.00
6459088000,6462785000,3697000,29000,29000,2.90,792.03,842.94,false,true,false,815.00
6462785000,6463576000,791000,0,47000,0.00,792.03,792.03,true,false,false,814.00
6463576000,6464382000,806000,13000,52000,0.00,798.82,798.82,true,false,false,814.00
6464382000,6465149000,767000,26000,39000,0.00,798.82,798.82,true,false,false,814.00
6465149000,6465896000,747000,25000,32000,0.00,798.82,792.60,true,false,false,814.00
6465896000,6466642000,746000,27000,32000,0.00,798.82,790.29,true,false,false,814.00
6466642000,6467382000,740000,27000,30000,0.00,798.82,791.06,true,false,false,814.00
6467382000,6468119000,737000,28000,29000,0.00,798.82,791.06,true,false,false,814.00
6468119000,6468856000,737000,28000,29000,0.00,798.82,791.06,true,false,false,814.00
6468856000,6469593000,737000,29000,29000,0.00,798.82,791.06,true,false,false,814.00
6469593000,6470330000,737000,29000,29000,0.00,798.82,791.06,true,false,false,814.00
6470330000,6471067000,737000,29000,29000,0.00,798.82,791.06,true,false,false,814.00
6471067000,6471804000,737000,29000,29000,0.00,798.82,791.06,true,false,false,814.00
6471804000,6472542000,738000,29000,29000,0.00,798.82,791.06,true,false,false,814.00
6472542000,6473279000,737000,29000,29000,0.00,798.82,791.06,true,false,false,814.00
6473279000,6474016000,737000,29000,29000,0.00,798.82,791.06,true,false,false,814.00
6474016000,6474754000,738000,29000,29000,0.00,798.82,791.06,true,false,false,814.00
6474754000,6475735000,981000,29000,110000,0.00,798.82,738.66,true,false,false,814.00
6475735000,6476721000,986000,14000,112000,0.00,802.76,802.76,true,false,false,814.00
6476721000,6477488000,767000,10000,39000,0.00,802.76,802.76,true,false,false,814.00
6477488000,6478234000,746000,22000,32000,0.00,802.76,791.83,true,false,false,814.00
6478234000,6478980000,746000,27000,32000,0.00,802.76,789.52,true,false,false,814.00
6478980000,6479720000,740000,27000,30000,0.00,802.76,790.29,true,false,false,814.00
6479720000,6480460000,740000,28000,30000,0.00,802.76,790.29,true,false,false,814.00
6480460000,6481197000,737000,28000,29000,0.00,802.76,791.06,true,false,false,814.00
6481197000,6481934000,737000,29000,29000,0.00,802.76,791.06,true,false,false,814.00
6481934000,6482671000,737000,29000,29000,0.00,802.76,791.06,true,false,true,814.00
6482671000,6483409000,738000,29000,29000,2.90,0.00,791.06,true,false,false,814.00
6483409000,6484146000,737000,29000,29000,2.90,791.06,791.06,true,false,false,814.00
6484146000,6484883000,737000,29000,29000,2.90,791.06,791.06,true,false,false,814.00
6484883000,6488581000,3698000,29000,29000,2.90,791.06,842.79,false,true,false,814.00
6488581000,6489373000,792000,0,47000,0.00,791.06,791.83,true,false,false,813.00
6489373000,6490176000,803000,12000,51000,0.00,797.84,797.84,true,false,false,813.00
6490176000,6490943000,767000,26000,39000,0.00,797.84,797.84,true,false,false,813.00
6490943000,6491686000,743000,24000,31000,0.00,797.84,792.40,true,false,false,813.00
6491686000,6492429000,743000,27000,31000,0.00,797.84,789.32,true,false,false,813.00
6492429000,6493166000,737000,27000,29000,0.00,797.84,790.09,true,false,false,813.00
6493166000,6493903000,737000,28000,29000,0.00,797.84,790.09,true,false,false,813.00
6493903000,6494641000,738000,28000,29000,0.00,797.84,790.86,true,false,false,813.00
6494641000,6495378000,737000,28000,29000,0.00,797.84,790.86,true,false,false,813.00
6495378000,6496115000,737000,28000,29000,0.00,797.84,790.86,true,false,false,813.00
6496115000,6496853000,738000,28000,29000,0.00,797.84,790.86,true,false,false,813.00
6496853000,6497590000,737000,28000,29000,0.00,797.84,790.86,true,false,false,813.00
6497590000,6498328000,738000,28000,29000,0.00,797.84,790.86,true,false,false,813.00
6498328000,6499303000,975000,28000,108000,0.00,797.84,735.08,true,false,false,813.00
6499303000,6500287000,984000,13000,111000,0.00,797.84,735.08,true,false,false,813.00
6500287000,6501054000,767000,10000,39000,0.00,800.99,800.99,true,false,false,813.00
6501054000,6501800000,746000,22000,32000,0.00,800.99,793.95,true,false,false,813.00
6501800000,6502547000,747000,27000,32000,0.00,800.99,790.09,true,false,false,813.00
6502547000,6503287000,740000,26000,30000,0.00,800.99,790.09,true,false,false,813.00
6503287000,6504028000,741000,27000,30000,0.00,800.99,790.09,true,false,false,813.00
6504028000,6504765000,737000,28000,29000,0.00,800.99,790.09,true,false,false,813.00
6504765000,6505502000,737000,28000,29000,0.00,800.99,790.86,true,false,false,813.00
6505502000,6506239000,737000,28000,29000,0.00,800.99,790.86,true,false,false,813.00
6506239000,6506976000,737000,28000,29000,0.00,800.99,790.86,true,false,false,813.00
6506976000,6507713000,737000,28000,29000,0.00,800.99,790.86,true,false,false,813.00
6507713000,6508450000,737000,28000,29000,0.00,800.99,790.86,true,false,true,813.00
6508450000,6509188000,738000,28000,29000,2.80,0.00,790.86,true,false,false,813.00
6509188000,6509925000,737000,28000,29000,2.80,790.09,790.09,true,false,false,813.00
6509925000,6510662000,737000,28000,29000,2.80,790.86,790.86,true,false,false,813.00
6510662000,6514352000,3690000,29000,29000,2.80,790.86,840.63,false,true,false,813.00
6514352000,6515140000,788000,0,46000,0.00,790.86,790.86,true,false,false,813.00
6515140000,6515943000,803000,13000,51000,0.00,797.06,797.06,true,false,false,813.00
6515943000,6516707000,764000,26000,38000,0.00,797.06,797.06,true,false,false,813.00
6516707000,6517451000,744000,24000,31000,0.00,797.06,792.40,true,false,false,813.00
6517451000,6518195000,744000,27000,31000,0.00,797.06,790.09,true,false,false,813.00
6518195000,6518936000,741000,27000,30000,0.00,797.06,790.09,true,false,false,813.00
6518936000,6519673000,737000,28000,29000,0.00,797.06,790.09,true,false,false,813.00
6519673000,6520410000,737000,28000,29000,0.00,797.06,790.86,true,false,false,813.00
6520410000,6521147000,737000,28000,29000,0.00,797.06,790.86,true,false,false,813.00
6521147000,6521885000,738000,28000,29000,0.00,797.06,790.86,true,false,false,813.00
6521885000,6522865000,980000,28000,110000,0.00,797.06,790.86,true,false,false,813.00
6522865000,6523848000,983000,13000,111000,0.00,797.06,741.79,true,false,false,813.00
6523848000,6524612000,764000,10000,38000,0.00,797.06,790.86,true,false,false,813.00
6524612000,6525358000,746000,22000,32000,0.00,797.06,793.95,true,false,false,813.00
6525358000,6526104000,746000,27000,32000,0.00,797.06,790.86,true,false,false,813.00
6526104000,6526844000,740000,26000,30000,0.00,797.06,790.86,true,false,false,813.00
6526844000,6527584000,740000,27000,30000,0.00,797.06,790.09,true,false,false,813.00
6527584000,6528321000,737000,28000,29000,0.00,797.06,790.86,true,false,false,813.00
6528321000,6529058000,737000,28000,29000,0.00,797.06,790.86,true,false,false,813.00
6529058000,6529796000,738000,28000,29000,0.00,797.06,790.86,true,false,false,813.00
6529796000,6530533000,737000,28000,29000,0.00,797.06,790.86,true,false,false,813.00
6530533000,6531270000,737000,28000,29000,0.00,797.06,790.86,true,false,false,813.00
6531270000,6532007000,737000,28000,29000,0.00,797.06,790.86,true,false,false,813.00
6532007000,6532744000,737000,28000,29000,0.00,797.06,790.86,true,false,false,813.00
6532744000,6533481000,737000,28000,29000,0.00,797.06,790.86,true,false,false,813.00
6533481000,6534218000,737000,28000,29000,0.00,797.06,790.86,true,false,true,813.00
6534218000,6534956000,738000,28000,29000,2.80,0.00,790.86,true,false,false,813.00
6534956000,6535693000,737000,28000,29000,2.80,790.86,790.86,true,false,false,813.00
6535693000,6536430000,737000,28000,29000,2.80,790.86,790.09,true,false,false,813.00
6536430000,6540121000,3691000,29000,29000,2.80,790.86,840.63,false,true,false,813.00
6540121000,6540909000,788000,0,46000,0.00,790.86,790.86,true,false,false,813.00
6540909000,6541712000,803000,13000,51000,0.00,797.84,797.84,true,false,false,813.00
6541712000,6542477000,765000,26000,38000,0.00,797.84,797.84,true,false,false,813.00
6542477000,6543220000,743000,24000,31000,0.00,797.84,792.40,true,false,false,813.00
6543220000,6543963000,743000,27000,31000,0.00,797.84,790.09,true,false,false,813.00
6543963000,6544703000,740000,27000,30000,0.00,797.84,790.09,true,false,false,813.00
6544703000,6545440000,737000,28000,29000,0.00,797.84,790.09,true,false,false,813.00
6545440000,6546414000,974000,28000,108000,0.00,797.84,790.86,true,false,false,813.00
6546414000,6547391000,977000,14000,109000,0.00,797.84,750.00,true,false,false,813.00
6547391000,6548159000,768000,10000,39000,0.00,797.84,785.51,true,false,false,813.00
6548159000,6548905000,746000,22000,32000,0.00,797.84,791.63,true,false,false,813.00
6548905000,6549652000,747000,27000,32000,0.00,797.84,791.63,true,false,false,813.00
6549652000,6550393000,741000,26000,30000,0.00,797.84,791.63,true,false,false,813.00
6550393000,6551133000,740000,27000,30000,0.00,797.84,790.86,true,false,false,813.00
6551133000,6551870000,737000,28000,29000,0.00,797.84,790.09,true,false,false,813.00
6551870000,6552608000,738000,28000,29000,0.00,797.84,790.09,true,false,false,813.00
6552608000,6553345000,737000,28000,29000,0.00,797.84,790.86,true,false,false,813.00
6553345000,6554082000,737000,28000,29000,0.00,797.84,790.86,true,false,false,813.00
6554082000,6554820000,738000,28000,29000,0.00,797.84,790.86,true,false,false,813.00
6554820000,6555557000,737000,28000,29000,0.00,797.84,790.09,true,false,false,813.00
6555557000,6556294000,737000,28000,29000,0.00,797.84,790.86,true,false,false,813.00
6556294000,6557032000,738000,28000,29000,0.00,797.84,790.86,true,false,false,813.00
6557032000,6557769000,737000,28000,29000,0.00,797.84,790.86,true,false,false,813.00
6557769000,6558506000,737000,28000,29000,0.00,797.84,790.09,true,false,false,813.00
6558506000,6559243000,737000,28000,29000,0.00,797.84,790.86,true,false,false,813.00
6559243000,6559980000,737000,28000,29000,0.00,797.84,790.86,true,false,true,813.00
6559980000,6560717000,737000,28000,29000,2.80,0.00,790.86,true,false,false,813.00
6560717000,6561454000,737000,28000,29000,2.80,790.86,790.86,true,false,false,813.00
6561454000,6562192000,738000,28000,29000,2.80,790.86,790.86,true,false,false,813.00
6562192000,6565883000,3691000,28000,28000,2.80,790.86,840.63,false,true,false,813.00
6565883000,6566671000,788000,0,46000,0.00,790.86,790.86,true,false,false,813.00
6566671000,6567474000,803000,13000,51000,0.00,797.06,797.06,true,false,false,813.00
6567474000,6568238000,764000,25000,38000,0.00,797.06,797.06,true,false,false,813.00
6568238000,6568981000,743000,24000,31000,0.00,797.06,792.40,true,false,false,813.00
6568981000,6569931000,950000,29000,100000,0.00,797.06,761.24,true,false,false,813.00
6569931000,6570887000,956000,14000,102000,0.00,797.06,783.99,true,false,false,813.00
6570887000,6571654000,767000,12000,39000,0.00,797.06,784.75,true,false,false,813.00
6571654000,6572400000,746000,22000,32000,0.00,797.06,784.75,true,false,false,813.00
6572400000,6573146000,746000,27000,32000,0.00,797.06,790.09,true,false,false,813.00
6573146000,6573886000,740000,26000,30000,0.00,797.06,790.86,true,false,false,813.00
6573886000,6574627000,741000,27000,30000,0.00,797.06,790.86,true,false,false,813.00
6574627000,6575364000,737000,28000,29000,0.00,797.06,790.86,true,false,false,813.00
6575364000,6576101000,737000,28000,29000,0.00,797.06,790.86,true,false,false,813.00
6576101000,6576838000,737000,28000,29000,0.00,797.06,790.86,true,false,false,813.00
6576838000,6577575000,737000,28000,29000,0.00,797.06,790.86,true,false,false,813.00
6577575000,6578313000,738000,28000,29000,0.00,797.06,790.86,true,false,false,813.00
6578313000,6579050000,737000,28000,29000,0.00,797.06,790.86,true,false,false,813.00
6579050000,6579787000,737000,28000,29000,0.00,797.06,790.86,true,false,false,813.00
6579787000,6580524000,737000,28000,29000,0.00,797.06,790.86,true,false,false,813.00
6580524000,6581261000,737000,28000,29000,0.00,797.06,790.86,true,false,false,813.00
6581261000,6581998000,737000,28000,29000,0.00,797.06,790.86,true,false,false,813.00
6581998000,6582735000,737000,28000,29000,0.00,797.06,790.86,true,false,false,813.00
6582735000,6583473000,738000,28000,29000,0.00,797.06,790.86,true,false,false,813.00
6583473000,6584210000,737000,28000,29000,0.00,797.06,790.86,true,false,false,813.00
6584210000,6584947000,737000,28000,29000,0.00,797.06,790.86,true,false,false,813.00
6584947000,6585684000,737000,28000,29000,0.00,797.06,790.86,true,false,true,813.00
6585684000,6586421000,737000,28000,29000,2.80,0.00,790.86,true,false,false,813.00
6586421000,6587158000,737000,28000,29000,2.80,790.09,790.09,true,false,false,813.00
6587158000,6587895000,737000,28000,29000,2.80,790.86,790.86,true,false,false,813.00
6587895000,6591588000,3693000,28000,28000,2.80,790.86,840.63,false,true,false,813.00
6591588000,6592376000,788000,0,46000,0.00,790.86,790.86,true,false,false,813.00
6592376000,6593212000,836000,32000,62000,0.00,790.86,776.50,true,false,false,813.00
6593212000,6594069000,857000,44000,69000,0.00,790.86,776.50,true,false,false,813.00
6594069000,6594921000,852000,45000,67000,0.00,790.86,776.50,true,false,false,813.00
6594921000,6595755000,834000,51000,61000,0.00,790.86,771.35,true,false,false,813.00
6595755000,6596582000,827000,54000,59000,0.00,790.86,768.43,true,false,false,813.00
6596582000,6597406000,824000,54000,58000,0.00,790.86,769.16,true,false,false,813.00
6597406000,6598227000,821000,55000,57000,0.00,790.86,769.16,true,false,false,813.00
6598227000,6599048000,821000,55000,57000,0.00,790.86,769.16,true,false,false,813.00
6599048000,6599869000,821000,55000,57000,0.00,790.86,769.89,true,false,false,813.00
6599869000,6600690000,821000,55000,57000,0.00,790.86,769.89,true,false,false,813.00
6600690000,6601508000,818000,56000,56000,0.00,790.86,769.89,true,false,false,813.00
6601508000,6602326000,818000,56000,56000,0.00,790.86,769.89,true,false,false,813.00
6602326000,6603144000,818000,56000,56000,0.00,790.86,769.89,true,false,false,813.00
6603144000,6603962000,818000,56000,56000,0.00,790.86,769.89,true,false,false,813.00
6603962000,6604780000,818000,56000,56000,0.00,790.86,769.89,true,false,false,813.00
6604780000,6605598000,818000,56000,56000,0.00,790.86,769.89,true,false,false,813.00
6605598000,6606416000,818000,56000,56000,0.00,790.86,769.89,true,false,false,813.00
6606416000,6607234000,818000,56000,56000,0.00,790.86,769.89,true,false,false,813.00
6607234000,6608052000,818000,56000,56000,0.00,790.86,769.89,true,false,false,813.00
6608052000,6608870000,818000,56000,56000,0.00,790.86,769.89,true,false,false,813.00
6608870000,6609688000,818000,56000,56000,0.00,790.86,769.89,true,false,false,813.00
6609688000,6610506000,818000,56000,56000,0.00,790.86,769.89,true,false,false,813.00
6610506000,6611324000,818000,56000,56000,0.00,790.86,769.89,true,false,false,813.00
6611324000,6612143000,819000,56000,56000,0.00,790.86,769.89,true,false,false,813.00
6612143000,6612961000,818000,56000,56000,0.00,790.86,769.89,true,false,true,813.00
6612961000,6613780000,819000,56000,56000,5.60,0.00,769.89,true,false,false,813.00
6613780000,6614598000,818000,56000,56000,5.60,769.89,769.89,true,false,false,813.00
6614598000,6615417000,819000,56000,56000,5.60,769.89,769.89,true,false,false,813.00
6615417000,6619443000,4026000,56000,56000,5.60,769.89,854.42,false,true,false,813.00
6619443000,6620582000,1139000,0,163000,0.00,769.89,699.66,true,false,false,782.00
6620582000,6621418000,836000,4000,62000,0.00,775.02,775.02,true,false,false,782.00
6621418000,6622248000,830000,32000,60000,0.00,775.02,757.75,true,false,false,782.00
6622248000,6623054000,806000,39000,52000,0.00,775.02,747.61,true,false,false,782.00
6623054000,6623842000,788000,40000,46000,0.00,775.02,749.04,true,false,false,782.00
6623842000,6624628000,786000,41000,45000,0.00,775.02,749.04,true,false,false,782.00
6624628000,6625414000,786000,42000,45000,0.00,775.02,749.04,true,false,false,782.00
6625414000,6626196000,782000,42000,44000,0.00,775.02,749.76,true,false,false,782.00
6626196000,6626978000,782000,43000,44000,0.00,775.02,749.76,true,false,false,782.00
6626978000,6627760000,782000,43000,44000,0.00,775.02,749.76,true,false,false,782.00
6627760000,6628542000,782000,43000,44000,0.00,775.02,749.76,true,false,false,782.00
6628542000,6629324000,782000,43000,44000,0.00,775.02,749.76,true,false,false,782.00
6629324000,6630106000,782000,43000,44000,0.00,775.02,749.76,true,false,false,782.00
6630106000,6630886000,780000,43000,43000,0.00,775.02,749.76,true,false,false,782.00
6630886000,6631665000,779000,43000,43000,0.00,775.02,749.76,true,false,false,782.00
6631665000,6632444000,779000,43000,43000,0.00,775.02,749.76,true,false,false,782.00
6632444000,6633223000,779000,43000,43000,0.00,775.02,749.76,true,false,false,782.00
6633223000,6634003000,780000,43000,43000,0.00,775.02,749.76,true,false,false,782.00
6634003000,6634783000,780000,43000,43000,0.00,775.02,749.76,true,false,false,782.00
6634783000,6635562000,779000,43000,43000,0.00,775.02,749.76,true,false,false,782.00
6635562000,6636341000,779000,43000,43000,0.00,775.02,749.76,true,false,false,782.00
6636341000,6637120000,779000,43000,43000,0.00,775.02,749.76,true,false,false,782.00
6637120000,6637899000,779000,43000,43000,0.00,775.02,749.76,true,false,false,782.00
6637899000,6638678000,779000,43000,43000,0.00,775.02,749.76,true,false,false,782.00
6638678000,6639457000,779000,43000,43000,0.00,775.02,749.76,true,false,false,782.00
6639457000,6640236000,779000,43000,43000,0.00,775.02,749.76,true,false,true,782.00
6640236000,6641015000,779000,43000,43000,4.30,0.00,749.76,true,false,false,782.00
6641015000,6641794000,779000,43000,43000,4.30,749.76,749.76,true,false,false,782.00
6641794000,6642573000,779000,43000,43000,4.30,749.76,749.76,true,false,false,782.00
6642573000,6646448000,3875000,43000,43000,4.30,749.76,829.69,false,true,false,782.00
6646448000,6647282000,834000,0,61000,0.00,749.76,758.49,true,false,false,782.00
6647282000,6648130000,848000,0,66000,0.00,771.96,771.96,true,false,false,782.00
6648130000,6648912000,782000,22000,44000,0.00,771.96,763.67,true,false,false,782.00
6648912000,6649664000,752000,23000,34000,0.00,771.96,763.67,true,false,false,782.00
6649664000,6650410000,746000,26000,32000,0.00,771.96,759.22,true,false,false,782.00
6650410000,6651151000,741000,27000,30000,0.00,771.96,759.22,true,false,false,782.00
6651151000,6651891000,740000,28000,30000,0.00,771.96,759.96,true,false,false,782.00
6651891000,6652631000,740000,28000,30000,0.00,771.96,759.96,true,false,false,782.00
6652631000,6653368000,737000,28000,29000,0.00,771.96,759.96,true,false,false,782.00
6653368000,6654105000,737000,29000,29000,0.00,771.96,759.96,true,false,false,782.00
6654105000,6654842000,737000,29000,29000,0.00,771.96,759.96,true,false,false,782.00
6654842000,6655579000,737000,29000,29000,0.00,771.96,759.96,true,false,false,782.00
6655579000,6656317000,738000,29000,29000,0.00,771.96,759.96,true,false,false,782.00
6656317000,6657054000,737000,29000,29000,0.00,771.96,759.96,true,false,false,782.00
6657054000,6657791000,737000,29000,29000,0.00,771.96,759.96,true,false,false,782.00
6657791000,6658529000,738000,29000,29000,0.00,771.96,759.96,true,false,false,782.00
6658529000,6659267000,738000,29000,29000,0.00,771.96,759.96,true,false,false,782.00
6659267000,6660005000,738000,29000,29000,0.00,771.96,759.96,true,false,false,782.00
6660005000,6660742000,737000,29000,29000,0.00,771.96,759.96,true,false,false,782.00
6660742000,6661479000,737000,29000,29000,0.00,771.96,759.96,true,false,false,782.00
6661479000,6662216000,737000,29000,29000,0.00,771.96,759.96,true,false,false,782.00
6662216000,6662954000,738000,29000,29000,0.00,771.96,759.96,true,false,false,782.00
6662954000,6663691000,737000,29000,29000,0.00,771.96,759.96,true,false,false,782.00
6663691000,6664428000,737000,29000,29000,0.00,771.96,759.96,true,false,false,782.00
6664428000,6665165000,737000,29000,29000,0.00,771.96,759.96,true,false,false,782.00
6665165000,6665902000,737000,29000,29000,0.00,771.96,759.96,true,false,true,782.00
6665902000,6666640000,738000,29000,29000,2.90,0.00,759.96,true,false,false,782.00
6666640000,6667611000,971000,29000,107000,2.90,739.83,739.83,true,false,false,782.00
6667611000,6668609000,998000,10000,116000,1.00,741.94,741.94,true,false,false,782.00
6668609000,6672212000,3603000,12000,12000,1.00,741.94,783.03,false,true,false,782.00
6672212000,6672952000,740000,7000,30000,0.70,741.94,783.03,true,false,false,787.00
6672952000,6673705000,753000,24000,34000,0.70,741.94,757.02,true,false,false,787.00
6673705000,6674446000,741000,25000,30000,0.70,764.82,764.82,true,false,false,787.00
6674446000,6675186000,740000,26000,30000,0.70,764.82,764.82,true,false,false,787.00
6675186000,6675923000,737000,27000,29000,0.70,766.31,766.31,true,false,false,787.00
6675923000,6676657000,734000,27000,28000,0.70,766.31,766.31,true,false,false,787.00
6676657000,6677391000,734000,27000,28000,0.70,766.31,765.56,true,false,false,787.00
6677391000,6678125000,734000,27000,28000,0.70,766.31,765.56,true,false,false,787.00
6678125000,6678859000,734000,27000,28000,0.70,766.31,765.56,true,false,false,787.00
6678859000,6679594000,735000,27000,28000,0.70,766.31,765.56,true,false,false,787.00
6679594000,6680328000,734000,27000,28000,0.70,766.31,765.56,true,false,false,787.00
6680328000,6681062000,734000,27000,28000,0.70,766.31,765.56,true,false,false,787.00
6681062000,6681796000,734000,27000,28000,0.70,766.31,765.56,true,false,false,787.00
6681796000,6682530000,734000,27000,28000,0.70,766.31,765.56,true,false,false,787.00
6682530000,6683265000,735000,27000,28000,0.70,766.31,765.56,true,false,false,787.00
6683265000,6683999000,734000,27000,28000,0.70,766.31,765.56,true,false,false,787.00
6683999000,6684733000,734000,27000,28000,0.70,766.31,765.56,true,false,false,787.00
6684733000,6685467000,734000,27000,28000,0.70,766.31,765.56,true,false,false,787.00
6685467000,6686201000,734000,27000,28000,0.70,766.31,765.56,true,false,false,787.00
6686201000,6686935000,734000,27000,28000,0.70,766.31,765.56,true,false,false,787.00
6686935000,6687669000,734000,27000,28000,0.70,766.31,765.56,true,false,false,787.00
6687669000,6688404000,735000,27000,28000,0.70,766.31,765.56,true,false,false,787.00
6688404000,6689138000,734000,27000,28000,0.70,766.31,765.56,true,false,false,787.00
6689138000,6689957000,819000,27000,56000,0.70,766.31,765.56,true,false,false,787.00
6689957000,6690946000,989000,53000,113000,0.70,766.31,722.68,true,false,false,787.00
6690946000,6691764000,818000,7000,56000,0.70,766.31,722.68,true,false,true,787.00
6691764000,6692525000,761000,22000,37000,2.20,0.00,722.68,true,false,false,787.00
6692525000,6693262000,737000,17000,29000,1.70,770.81,770.81,true,false,false,787.00
6693262000,6694000000,738000,22000,29000,1.70,770.81,769.31,true,false,false,787.00
6694000000,6697625000,3625000,23000,23000,1.70,770.81,802.29,false,true,false,787.00
6697625000,6698377000,752000,0,34000,0.10,770.81,772.33,true,false,false,799.00
6698377000,6699138000,761000,23000,37000,0.10,778.75,778.75,true,false,false,799.00
6699138000,6699884000,746000,26000,32000,0.10,778.75,778.75,true,false,false,799.00
6699884000,6700627000,743000,28000,31000,0.10,778.75,775.73,true,false,false,799.00
6700627000,6701367000,740000,28000,30000,0.10,778.75,775.73,true,false,false,799.00
6701367000,6702107000,740000,28000,30000,0.10,778.75,776.48,true,false,false,799.00
6702107000,6702848000,741000,29000,30000,0.10,778.75,776.48,true,false,false,799.00
6702848000,6703589000,741000,29000,30000,0.10,778.75,776.48,true,false,false,799.00
6703589000,6704326000,737000,29000,29000,0.10,778.75,776.48,true,false,false,799.00
6704326000,6705063000,737000,29000,29000,0.10,778.75,776.48,true,false,false,799.00
6705063000,6705801000,738000,29000,29000,0.10,778.75,776.48,true,false,false,799.00
6705801000,6706538000,737000,29000,29000,0.10,778.75,776.48,true,false,false,799.00
6706538000,6707275000,737000,29000,29000,0.10,778.75,776.48,true,false,false,799.00
6707275000,6708012000,737000,29000,29000,0.10,778.75,776.48,true,false,false,799.00
6708012000,6708749000,737000,29000,29000,0.10,778.75,776.48,true,false,false,799.00
6708749000,6709486000,737000,29000,29000,0.10,778.75,776.48,true,false,false,799.00
6709486000,6710224000,738000,29000,29000,0.10,778.75,776.48,true,false,false,799.00
6710224000,6710961000,737000,29000,29000,0.10,778.75,776.48,true,false,false,799.00
6710961000,6711698000,737000,29000,29000,0.10,778.75,776.48,true,false,false,799.00
6711698000,6712435000,737000,29000,29000,0.10,778.75,776.48,true,false,false,799.00
6712435000,6713337000,902000,29000,84000,0.10,778.75,776.48,true,false,false,799.00
6713337000,6714338000,1001000,31000,117000,0.10,778.75,729.68,true,false,false,799.00
6714338000,6715084000,746000,8000,32000,0.10,785.64,785.64,true,false,false,799.00
6715084000,6715848000,764000,20000,38000,0.10,785.64,774.22,true,false,false,799.00
6715848000,6716588000,740000,18000,30000,0.10,785.64,776.48,true,false,false,799.00
6716588000,6717325000,737000,24000,29000,0.10,785.64,776.48,true,false,true,799.00
6717325000,6718059000,734000,25000,28000,2.50,0.00,776.48,true,false,false,799.00
6718059000,6718791000,732000,25000,27000,2.50,778.75,778.75,true,false,false,799.00
6718791000,6719522000,731000,26000,27000,2.50,778.75,778.75,true,false,false,799.00
6719522000,6723190000,3668000,26000,26000,2.50,778.75,825.80,false,true,false,799.00
6723190000,6723966000,776000,0,42000,0.00,778.75,777.99,true,false,false,804.00
6723966000,6724755000,789000,16000,46000,0.00,788.24,788.24,true,false,false,804.00
6724755000,6725514000,759000,24000,36000,0.00,788.24,788.24,true,false,false,804.00
6725514000,6726254000,740000,24000,30000,0.00,788.24,783.63,true,false,false,804.00
6726254000,6726997000,743000,26000,31000,0.00,788.24,782.10,true,false,false,804.00
6726997000,6727734000,737000,26000,29000,0.00,788.24,781.34,true,false,false,804.00
6727734000,6728471000,737000,27000,29000,0.00,788.24,781.34,true,false,false,804.00
6728471000,6729205000,734000,28000,28000,0.00,788.24,782.10,true,false,false,804.00
6729205000,6729939000,734000,28000,28000,0.00,788.24,782.10,true,false,false,804.00
6729939000,6730673000,734000,28000,28000,0.00,788.24,782.10,true,false,false,804.00
6730673000,6731407000,734000,28000,28000,0.00,788.24,782.10,true,false,false,804.00
6731407000,6732142000,735000,28000,28000,0.00,788.24,782.10,true,false,false,804.00
6732142000,6732876000,734000,28000,28000,0.00,788.24,782.10,true,false,false,804.00
6732876000,6733611000,735000,28000,28000,0.00,788.24,782.10,true,false,false,804.00
6733611000,6734345000,734000,28000,28000,0.00,788.24,782.10,true,false,false,804.00
6734345000,6735079000,734000,28000,28000,0.00,788.24,782.10,true,false,false,804.00
6735079000,6735813000,734000,28000,28000,0.00,788.24,782.10,true,false,false,804.00
6735813000,6736686000,873000,28000,74000,0.00,788.24,782.10,true,false,false,804.00
6736686000,6737670000,984000,34000,111000,0.00,788.24,732.24,true,false,false,804.00
6737670000,6738431000,761000,10000,37000,0.00,792.90,792.90,true,false,false,804.00
6738431000,6739198000,767000,23000,39000,0.00,792.90,781.34,true,false,false,804.00
6739198000,6739941000,743000,21000,31000,0.00,792.90,781.34,true,false,false,804.00
6739941000,6740684000,743000,26000,31000,0.00,792.90,780.58,true,false,false,804.00
6740684000,6741421000,737000,27000,29000,0.00,792.90,781.34,true,false,false,804.00
6741421000,6742158000,737000,27000,29000,0.00,792.90,782.10,true,false,false,804.00
6742158000,6742895000,737000,28000,29000,0.00,792.90,782.10,true,false,true,804.00
6742895000,6743629000,734000,28000,28000,2.80,0.00,782.10,true,false,false,804.00
6743629000,6744363000,734000,28000,28000,2.80,782.10,782.10,true,false,false,804.00
6744363000,6745097000,734000,28000,28000,2.80,782.10,782.10,true,false,false,804.00
6745097000,6748786000,3689000,28000,28000,2.80,782.10,833.64,false,true,false,804.00
6748786000,6749574000,788000,0,46000,0.00,782.10,780.58,true,false,false,805.00
6749574000,6750374000,800000,12000,50000,0.00,789.22,789.22,true,false,false,805.00
6750374000,6751138000,764000,26000,38000,0.00,789.22,789.22,true,false,false,805.00
6751138000,6751881000,743000,24000,31000,0.00,789.22,785.37,true,false,false,805.00
6751881000,6752627000,746000,27000,32000,0.00,789.22,782.31,true,false,false,805.00
6752627000,6753367000,740000,27000,30000,0.00,789.22,782.31,true,false,false,805.00
6753367000,6754104000,737000,28000,29000,0.00,789.22,782.31,true,false,false,805.00
6754104000,6754841000,737000,28000,29000,0.00,789.22,783.07,true,false,false,805.00
6754841000,6755578000,737000,28000,29000,0.00,789.22,783.07,true,false,false,805.00
6755578000,6756315000,737000,28000,29000,0.00,789.22,783.07,true,false,false,805.00
6756315000,6757053000,738000,28000,29000,0.00,789.22,783.07,true,false,false,805.00
6757053000,6757790000,737000,28000,29000,0.00,789.22,783.07,true,false,false,805.00
6757790000,6758527000,737000,28000,29000,0.00,789.22,783.07,true,false,false,805.00
6758527000,6759264000,737000,28000,29000,0.00,789.22,783.07,true,false,false,805.00
6759264000,6760119000,855000,28000,68000,0.00,789.22,783.07,true,false,false,805.00
6760119000,6761111000,992000,56000,114000,0.00,789.22,730.49,true,false,false,805.00
6761111000,6761944000,833000,10000,61000,0.00,793.89,793.89,true,false,false,805.00
6761944000,6762712000,768000,24000,39000,0.00,793.89,781.55,true,false,false,805.00
6762712000,6763458000,746000,21000,32000,0.00,793.89,781.55,true,false,false,805.00
6763458000,6764204000,746000,26000,32000,0.00,793.89,780.80,true,false,false,805.00
6764204000,6764944000,740000,27000,30000,0.00,793.89,782.31,true,false,false,805.00
6764944000,6765682000,738000,27000,29000,0.00,793.89,783.07,true,false,false,805.00
6765682000,6766419000,737000,28000,29000,0.00,793.89,783.07,true,false,false,805.00
6766419000,6767156000,737000,28000,29000,0.00,793.89,783.07,true,false,false,805.00
6767156000,6767893000,737000,28000,29000,0.00,793.89,783.07,true,false,false,805.00
6767893000,6768630000,737000,28000,29000,0.00,793.89,783.07,true,false,true,805.00
6768630000,6769367000,737000,28000,29000,2.80,0.00,783.07,true,false,false,805.00
6769367000,6770104000,737000,28000,29000,2.80,783.07,783.07,true,false,false,805.00
6770104000,6770842000,738000,28000,29000,2.80,783.07,783.07,true,false,false,805.00
6770842000,6774531000,3689000,28000,28000,2.80,783.07,833.80,false,true,false,805.00
6774531000,6775322000,791000,0,47000,0.00,783.07,782.31,true,false,false,806.00
6775322000,6776125000,803000,13000,51000,0.00,790.20,790.20,true,false,false,806.00
6776125000,6776892000,767000,26000,39000,0.00,790.20,790.20,true,false,false,806.00
6776892000,6777638000,746000,25000,32000,0.00,790.20,785.58,true,false,false,806.00
6777638000,6778384000,746000,27000,32000,0.00,790.20,782.52,true,false,false,806.00
6778384000,6779124000,740000,28000,30000,0.00,790.20,783.28,true,false,false,806.00
6779124000,6779861000,737000,28000,29000,0.00,790.20,783.28,true,false,false,806.00
6779861000,6780598000,737000,28000,29000,0.00,790.20,783.28,true,false,false,806.00
6780598000,6781336000,738000,29000,29000,0.00,790.20,783.28,true,false,false,806.00
6781336000,6782074000,738000,29000,29000,0.00,790.20,783.28,true,false,false,806.00
6782074000,6782811000,737000,29000,29000,0.00,790.20,783.28,true,false,false,806.00
6782811000,6783627000,816000,29000,55000,0.00,790.20,783.28,true,false,false,806.00
6783627000,6784623000,996000,55000,115000,0.00,790.20,730.07,true,false,false,806.00
6784623000,6785456000,833000,10000,61000,0.00,792.53,792.53,true,false,false,806.00
6785456000,6786223000,767000,26000,39000,0.00,792.53,792.53,true,false,false,806.00
6786223000,6786970000,747000,22000,32000,0.00,792.53,784.81,true,false,false,806.00
6786970000,6787716000,746000,27000,32000,0.00,792.53,782.52,true,false,false,806.00
6787716000,6788457000,741000,27000,30000,0.00,792.53,783.28,true,false,false,806.00
6788457000,6789197000,740000,28000,30000,0.00,792.53,783.28,true,false,false,806.00
6789197000,6789934000,737000,28000,29000,0.00,792.53,783.28,true,false,false,806.00
6789934000,6790671000,737000,29000,29000,0.00,792.53,783.28,true,false,false,806.00
6790671000,6791409000,738000,29000,29000,0.00,792.53,783.28,true,false,false,806.00
6791409000,6792146000,737000,29000,29000,0.00,792.53,783.28,true,false,false,806.00
6792146000,6792883000,737000,29000,29000,0.00,792.53,783.28,true,false,false,806.00
6792883000,6793620000,737000,29000,29000,0.00,792.53,783.28,true,false,false,806.00
6793620000,6794357000,737000,29000,29000,0.00,792.53,783.28,true,false,true,806.00
6794357000,6795094000,737000,29000,29000,2.90,0.00,783.28,true,false,false,806.00
6795094000,6795831000,737000,29000,29000,2.90,783.28,783.28,true,false,false,806.00
6795831000,6796569000,738000,29000,29000,2.90,783.28,783.28,true,false,false,806.00
6796569000,6800263000,3694000,29000,29000,2.90,783.28,835.97,false,true,false,806.00
6800263000,6801054000,791000,0,47000,0.00,783.28,783.28,true,false,false,807.00
6801054000,6801861000,807000,13000,52000,0.00,791.18,791.18,true,false,false,807.00
6801861000,6802628000,767000,27000,39000,0.00,791.18,791.18,true,false,false,807.00
6802628000,6803374000,746000,25000,32000,0.00,791.18,785.78,true,false,false,807.00
6803374000,6804120000,746000,27000,32000,0.00,791.18,783.50,true,false,false,807.00
6804120000,6804860000,740000,28000,30000,0.00,791.18,784.26,true,false,false,807.00
6804860000,6805600000,740000,28000,30000,0.00,791.18,784.26,true,false,false,807.00
6805600000,6806340000,740000,29000,30000,0.00,791.18,784.26,true,false,false,807.00
6806340000,6807077000,737000,29000,29000,0.00,791.18,784.26,true,false,false,807.00
6807077000,6808072000,995000,29000,115000,0.00,791.18,728.34,true,false,false,807.00
6808072000,6809007000,935000,11000,95000,0.00,795.07,795.07,true,false,false,807.00
6809007000,6809777000,770000,13000,40000,0.00,795.07,795.07,true,false,false,807.00
6809777000,6810521000,744000,22000,31000,0.00,795.07,786.55,true,false,false,807.00
6810521000,6811270000,749000,27000,33000,0.00,795.07,783.50,true,false,false,807.00
6811270000,6812013000,743000,27000,31000,0.00,795.07,783.50,true,false,false,807.00
6812013000,6812753000,740000,28000,30000,0.00,795.07,783.50,true,false,false,807.00
6812753000,6813493000,740000,29000,30000,0.00,795.07,784.26,true,false,false,807.00
6813493000,6814231000,738000,29000,29000,0.00,795.07,784.26,true,false,false,807.00
6814231000,6814968000,737000,29000,29000,0.00,795.07,784.26,true,false,false,807.00
6814968000,6815705000,737000,29000,29000,0.00,795.07,784.26,true,false,false,807.00
6815705000,6816443000,738000,29000,29000,0.00,795.07,784.26,true,false,false,807.00
6816443000,6817180000,737000,29000,29000,0.00,795.07,784.26,true,false,false,807.00
6817180000,6817917000,737000,29000,29000,0.00,795.07,784.26,true,false,false,807.00
6817917000,6818654000,737000,29000,29000,0.00,795.07,784.26,true,false,false,807.00
6818654000,6819391000,737000,29000,29000,0.00,795.07,784.26,true,false,false,807.00
6819391000,6820128000,737000,29000,29000,0.00,795.07,784.26,true,false,true,807.00
6820128000,6820865000,737000,29000,29000,2.90,0.00,784.26,true,false,false,807.00
6820865000,6821602000,737000,29000,29000,2.90,784.26,784.26,true,false,false,807.00
6821602000,6822339000,737000,29000,29000,2.90,784.26,784.26,true,false,false,807.00
6822339000,6826034000,3695000,29000,29000,2.90,784.26,836.13,false,true,false,807.00
6826034000,6826828000,794000,0,48000,0.00,784.26,783.50,true,false,false,807.00
6826828000,6827634000,806000,12000,52000,0.00,791.18,791.18,true,false,false,807.00
6827634000,6828402000,768000,27000,39000,0.00,791.18,791.18,true,false,false,807.00
6828402000,6829149000,747000,25000,32000,0.00,791.18,785.78,true,false,false,807.00
6829149000,6829895000,746000,27000,32000,0.00,791.18,783.50,true,false,false,807.00
6829895000,6830635000,740000,28000,30000,0.00,791.18,784.26,true,false,false,807.00
6830635000,6831630000,995000,29000,115000,0.00,791.18,723.77,true,false,false,807.00
6831630000,6832622000,992000,11000,114000,0.00,798.22,798.22,true,false,false,807.00
6832622000,6833392000,770000,11000,40000,0.00,798.22,798.22,true,false,false,807.00
6833392000,6834139000,747000,23000,32000,0.00,798.22,787.32,true,false,false,807.00
6834139000,6834886000,747000,27000,32000,0.00,798.22,784.26,true,false,false,807.00
6834886000,6835629000,743000,27000,31000,0.00,798.22,784.26,true,false,false,807.00
6835629000,6836369000,740000,28000,30000,0.00,798.22,783.50,true,false,false,807.00
6836369000,6837109000,740000,29000,30000,0.00,798.22,784.26,true,false,false,807.00
6837109000,6837849000,740000,29000,30000,0.00,798.22,784.26,true,false,false,807.00
6837849000,6838586000,737000,29000,29000,0.00,798.22,784.26,true,false,false,807.00
6838586000,6839324000,738000,29000,29000,0.00,798.22,784.26,true,false,false,807.00
6839324000,6840061000,737000,29000,29000,0.00,798.22,784.26,true,false,false,807.00
6840061000,6840799000,738000,29000,29000,0.00,798.22,784.26,true,false,false,807.00
6840799000,6841537000,738000,29000,29000,0.00,798.22,784.26,true,false,false,807.00
6841537000,6842274000,737000,29000,29000,0.00,798.22,784.26,true,false,false,807.00
6842274000,6843011000,737000,29000,29000,0.00,798.22,784.26,true,false,false,807.00
6843011000,6843748000,737000,29000,29000,0.00,798.22,784.26,true,false,false,807.00
6843748000,6844485000,737000,29000,29000,0.00,798.22,784.26,true,false,false,807.00
6844485000,6845222000,737000,29000,29000,0.00,798.22,784.26,true,false,false,807.00
6845222000,6845959000,737000,29000,29000,0.00,798.22,784.26,true,false,true,807.00
6845959000,6846696000,737000,29000,29000,2.90,0.00,784.26,true,false,false,807.00
6846696000,6847433000,737000,29000,29000,2.90,784.26,784.26,true,false,false,807.00
6847433000,6848170000,737000,29000,29000,2.90,784.26,784.26,true,false,false,807.00
6848170000,6851866000,3696000,29000,29000,2.90,784.26,836.13,false,true,false,807.00
6851866000,6852657000,791000,0,47000,0.00,784.26,783.50,true,false,false,807.00
6852657000,6853464000,807000,12000,52000,0.00,791.18,791.18,true,false,false,807.00
6853464000,6854231000,767000,26000,39000,0.00,791.18,791.18,true,false,false,807.00
6854231000,6855194000,963000,25000,104000,0.00,791.18,786.55,true,false,false,807.00
6855194000,6856165000,971000,15000,107000,0.00,791.18,742.41,true,false,false,807.00
6856165000,6856935000,770000,12000,40000,0.00,791.18,781.22,true,false,false,807.00
6856935000,6857682000,747000,23000,32000,0.00,791.18,787.32,true,false,false,807.00
6857682000,6858428000,746000,27000,32000,0.00,791.18,787.32,true,false,false,807.00
6858428000,6859168000,740000,27000,30000,0.00,791.18,785.02,true,false,false,807.00
6859168000,6859908000,740000,28000,30000,0.00,791.18,783.50,true,false,false,807.00
6859908000,6860648000,740000,29000,30000,0.00,791.18,784.26,true,false,false,807.00
6860648000,6861388000,740000,29000,30000,0.00,791.18,784.26,true,false,false,807.00
6861388000,6862129000,741000,29000,30000,0.00,791.18,784.26,true,false,false,807.00
6862129000,6862867000,738000,29000,29000,0.00,791.18,784.26,true,false,false,807.00
6862867000,6863604000,737000,29000,29000,0.00,791.18,784.26,true,false,false,807.00
6863604000,6864342000,738000,29000,29000,0.00,791.18,784.26,true,false,false,807.00
6864342000,6865079000,737000,29000,29000,0.00,791.18,784.26,true,false,false,807.00
6865079000,6865816000,737000,29000,29000,0.00,791.18,784.26,true,false,false,807.00
6865816000,6866553000,737000,29000,29000,0.00,791.18,784.26,true,false,false,807.00
6866553000,6867290000,737000,29000,29000,0.00,791.18,784.26,true,false,false,807.00
6867290000,6868027000,737000,29000,29000,0.00,791.18,784.26,true,false,false,807.00
6868027000,6868764000,737000,29000,29000,0.00,791.18,784.26,true,false,false,807.00
6868764000,6869501000,737000,29000,29000,0.00,791.18,784.26,true,false,false,807.00
6869501000,6870238000,737000,29000,29000,0.00,791.18,784.26,true,false,false,807.00
6870238000,6870975000,737000,29000,29000,0.00,791.18,784.26,true,false,false,807.00
6870975000,6871712000,737000,29000,29000,0.00,791.18,784.26,true,false,true,807.00
6871712000,6872450000,738000,29000,29000,2.90,0.00,784.26,true,false,false,807.00
6872450000,6873187000,737000,29000,29000,2.90,784.26,784.26,true,false,false,807.00
6873187000,6873925000,738000,29000,29000,2.90,784.26,784.26,true,false,false,807.00
6873925000,6877620000,3695000,29000,29000,2.90,784.26,835.35,false,true,false,807.00
6877620000,6878501000,881000,0,77000,0.00,784.26,773.73,true,false,false,807.00
6878501000,6879389000,888000,34000,79000,0.00,784.26,775.96,true,false,false,807.00
6879389000,6880255000,866000,51000,72000,0.00,784.26,763.48,true,false,false,807.00
6880255000,6881085000,830000,51000,60000,0.00,784.26,763.48,true,false,false,807.00
6881085000,6881912000,827000,54000,59000,0.00,784.26,763.48,true,false,false,807.00
6881912000,6882736000,824000,55000,58000,0.00,784.26,763.48,true,false,false,807.00
6882736000,6883557000,821000,55000,57000,0.00,784.26,763.48,true,false,false,807.00
6883557000,6884379000,822000,56000,57000,0.00,784.26,764.20,true,false,false,807.00
6884379000,6885200000,821000,56000,57000,0.00,784.26,764.20,true,false,false,807.00
6885200000,6886021000,821000,56000,57000,0.00,784.26,764.20,true,false,false,807.00
6886021000,6886842000,821000,56000,57000,0.00,784.26,764.20,true,false,false,807.00
6886842000,6887661000,819000,56000,56000,0.00,784.26,764.20,true,false,false,807.00
6887661000,6888479000,818000,56000,56000,0.00,784.26,764.20,true,false,false,807.00
6888479000,6889297000,818000,56000,56000,0.00,784.26,764.20,true,false,false,807.00
6889297000,6890115000,818000,56000,56000,0.00,784.26,764.20,true,false,false,807.00
6890115000,6890933000,818000,56000,56000,0.00,784.26,764.20,true,false,false,807.00
6890933000,6891751000,818000,56000,56000,0.00,784.26,764.20,true,false,false,807.00
6891751000,6892570000,819000,56000,56000,0.00,784.26,764.20,true,false,false,807.00
6892570000,6893388000,818000,56000,56000,0.00,784.26,764.20,true,false,false,807.00
6893388000,6894206000,818000,56000,56000,0.00,784.26,764.20,true,false,false,807.00
6894206000,6895024000,818000,56000,56000,0.00,784.26,764.20,true,false,false,807.00
6895024000,6895842000,818000,56000,56000,0.00,784.26,764.20,true,false,false,807.00
6895842000,6896660000,818000,56000,56000,0.00,784.26,764.20,true,false,false,807.00
6896660000,6897479000,819000,56000,56000,0.00,784.26,764.20,true,false,false,807.00
6897479000,6898297000,818000,56000,56000,0.00,784.26,764.20,true,false,false,807.00
6898297000,6899115000,818000,56000,56000,0.00,784.26,764.20,true,false,true,807.00
6899115000,6899933000,818000,56000,56000,5.60,0.00,764.20,true,false,false,807.00
6899933000,6900751000,818000,56000,56000,5.60,764.20,764.20,true,false,false,807.00
6900751000,6901569000,818000,56000,56000,5.60,764.20,764.20,true,false,false,807.00
6901569000,6905580000,4011000,56000,56000,5.60,764.20,826.86,false,true,false,807.00
6905580000,6906434000,854000,0,68000,0.00,764.20,796.64,true,false,false,801.00
6906434000,6907315000,881000,0,77000,0.00,793.86,793.86,true,false,false,801.00
6907315000,6908103000,788000,23000,46000,0.00,793.86,777.67,true,false,false,801.00
6908103000,6908859000,756000,24000,35000,0.00,793.86,775.41,true,false,false,801.00
6908859000,6909609000,750000,28000,33000,0.00,793.86,775.41,true,false,false,801.00
6909609000,6910355000,746000,29000,32000,0.00,793.86,777.67,true,false,false,801.00
6910355000,6911098000,743000,29000,31000,0.00,793.86,777.67,true,false,false,801.00
6911098000,6911841000,743000,30000,31000,0.00,793.86,777.67,true,false,false,801.00
6911841000,6912581000,740000,30000,30000,0.00,793.86,777.67,true,false,false,801.00
6912581000,6913322000,741000,30000,30000,0.00,793.86,777.67,true,false,false,801.00
6913322000,6914063000,741000,30000,30000,0.00,793.86,777.67,true,false,false,801.00
6914063000,6914803000,740000,30000,30000,0.00,793.86,777.67,true,false,false,801.00
6914803000,6915543000,740000,30000,30000,0.00,793.86,777.67,true,false,false,801.00
6915543000,6916283000,740000,30000,30000,0.00,793.86,777.67,true,false,false,801.00
6916283000,6917023000,740000,30000,30000,0.00,793.86,777.67,true,false,false,801.00
6917023000,6917763000,740000,30000,30000,0.00,793.86,777.67,true,false,false,801.00
6917763000,6918504000,741000,30000,30000,0.00,793.86,777.67,true,false,false,801.00
6918504000,6919244000,740000,30000,30000,0.00,793.86,777.67,true,false,false,801.00
6919244000,6919984000,740000,30000,30000,0.00,793.86,777.67,true,false,false,801.00
6919984000,6920724000,740000,30000,30000,0.00,793.86,777.67,true,false,false,801.00
6920724000,6921464000,740000,30000,30000,0.00,793.86,777.67,true,false,false,801.00
6921464000,6922204000,740000,30000,30000,0.00,793.86,777.67,true,false,false,801.00
6922204000,6922944000,740000,30000,30000,0.00,793.86,777.67,true,false,false,801.00
6922944000,6923684000,740000,30000,30000,0.00,793.86,777.67,true,false,false,801.00
6923684000,6924424000,740000,30000,30000,0.00,793.86,777.67,true,false,false,801.00
6924424000,6925164000,740000,30000,30000,0.00,793.86,777.67,true,false,true,801.00
6925164000,6925904000,740000,30000,30000,3.00,0.00,777.67,true,false,false,801.00
6925904000,6926645000,741000,30000,30000,3.00,777.67,777.67,true,false,false,801.00
6926645000,6927607000,962000,30000,104000,3.00,777.67,743.04,true,false,false,801.00
6927607000,6931290000,3683000,104000,104000,3.00,777.67,833.33,false,true,false,801.00
6931290000,6932081000,791000,0,47000,0.00,777.67,788.39,true,false,false,803.00
6932081000,6932884000,803000,10000,51000,0.00,790.35,790.35,true,false,false,803.00
6932884000,6933648000,764000,25000,38000,0.00,790.35,780.37,true,false,false,803.00
6933648000,6934391000,743000,23000,31000,0.00,790.35,780.37,true,false,false,803.00
6934391000,6935135000,744000,26000,31000,0.00,790.35,780.37,true,false,false,803.00
6935135000,6935872000,737000,26000,29000,0.00,790.35,781.13,true,false,false,803.00
6935872000,6936606000,734000,27000,28000,0.00,790.35,781.13,true,false,false,803.00
6936606000,6937340000,734000,27000,28000,0.00,790.35,781.13,true,false,false,803.00
6937340000,6938074000,734000,27000,28000,0.00,790.35,781.89,true,false,false,803.00
6938074000,6938808000,734000,27000,28000,0.00,790.35,781.13,true,false,false,803.00
6938808000,6939542000,734000,27000,28000,0.00,790.35,781.13,true,false,false,803.00
6939542000,6940276000,734000,27000,28000,0.00,790.35,781.13,true,false,false,803.00
6940276000,6941010000,734000,27000,28000,0.00,790.35,781.13,true,false,false,803.00
6941010000,6941744000,734000,27000,28000,0.00,790.35,781.13,true,false,false,803.00
6941744000,6942479000,735000,27000,28000,0.00,790.35,781.13,true,false,false,803.00
6942479000,6943213000,734000,27000,28000,0.00,790.35,781.13,true,false,false,803.00
6943213000,6943948000,735000,27000,28000,0.00,790.35,781.13,true,false,false,803.00
6943948000,6944682000,734000,27000,28000,0.00,790.35,781.13,true,false,false,803.00
6944682000,6945416000,734000,27000,28000,0.00,790.35,781.13,true,false,false,803.00
6945416000,6946150000,734000,27000,28000,0.00,790.35,781.13,true,false,false,803.00
6946150000,6946884000,734000,27000,28000,0.00,790.35,781.13,true,false,false,803.00
6946884000,6947619000,735000,27000,28000,0.00,790.35,781.13,true,false,false,803.00
6947619000,6948353000,734000,27000,28000,0.00,790.35,781.13,true,false,false,803.00
6948353000,6949087000,734000,27000,28000,0.00,790.35,781.13,true,false,false,803.00
6949087000,6949821000,734000,27000,28000,0.00,790.35,781.13,true,false,false,803.00
6949821000,6950739000,918000,27000,89000,0.00,790.35,781.13,true,false,true,803.00
6950739000,6951720000,981000,25000,110000,2.50,0.00,781.13,true,false,false,803.00
6951720000,6952487000,767000,10000,39000,1.00,785.71,785.71,true,false,false,803.00
6952487000,6953251000,764000,20000,38000,1.00,785.71,778.86,true,false,false,803.00
6953251000,6956862000,3611000,22000,22000,1.00,785.71,801.34,false,true,false,803.00
6956862000,6957608000,746000,8000,32000,0.80,785.71,795.84,true,false,false,813.00
6957608000,6958378000,770000,29000,40000,0.80,785.71,782.48,true,false,false,813.00
6958378000,6959130000,752000,29000,34000,0.80,787.03,787.03,true,false,false,813.00
6959130000,6959880000,750000,30000,33000,0.80,787.03,787.03,true,false,false,813.00
6959880000,6960627000,747000,31000,32000,0.80,788.55,788.55,true,false,false,813.00
6960627000,6961373000,746000,31000,32000,0.80,788.55,787.79,true,false,false,813.00
6961373000,6962119000,746000,31000,32000,0.80,788.55,787.79,true,false,false,813.00
6962119000,6962865000,746000,31000,32000,0.80,788.55,787.79,true,false,false,813.00
6962865000,6963611000,746000,31000,32000,0.80,788.55,787.79,true,false,false,813.00
6963611000,6964357000,746000,31000,32000,0.80,788.55,787.79,true,false,false,813.00
6964357000,6965104000,747000,31000,32000,0.80,788.55,787.79,true,false,false,813.00
6965104000,6965851000,747000,31000,32000,0.80,788.55,788.55,true,false,false,813.00
6965851000,6966597000,746000,31000,32000,0.80,788.55,787.79,true,false,false,813.00
6966597000,6967344000,747000,31000,32000,0.80,788.55,787.79,true,false,false,813.00
6967344000,6968090000,746000,31000,32000,0.80,788.55,787.79,true,false,false,813.00
6968090000,6968836000,746000,31000,32000,0.80,788.55,787.79,true,false,false,813.00
6968836000,6969583000,747000,31000,32000,0.80,788.55,787.79,true,false,false,813.00
6969583000,6970330000,747000,31000,32000,0.80,788.55,787.79,true,false,false,813.00
6970330000,6971076000,746000,31000,32000,0.80,788.55,787.79,true,false,false,813.00
6971076000,6971822000,746000,31000,32000,0.80,788.55,787.79,true,false,false,813.00
6971822000,6972568000,746000,31000,32000,0.80,788.55,787.79,true,false,false,813.00
6972568000,6973314000,746000,31000,32000,0.80,788.55,787.79,true,false,false,813.00
6973314000,6974303000,989000,31000,113000,0.80,788.55,787.79,true,false,false,813.00
6974303000,6975325000,1022000,11000,124000,0.80,788.55,741.11,true,false,false,813.00
6975325000,6976095000,770000,8000,40000,0.80,788.55,787.03,true,false,false,813.00
6976095000,6976850000,755000,22000,35000,0.80,792.40,792.40,true,false,true,813.00
6976850000,6977596000,746000,27000,32000,2.70,0.00,792.40,true,false,false,813.00
6977596000,6978336000,740000,26000,30000,2.60,790.86,790.86,true,false,false,813.00
6978336000,6979076000,740000,27000,30000,2.60,790.86,790.86,true,false,false,813.00
6979076000,6982759000,3683000,28000,28000,2.60,790.86,838.17,false,true,false,813.00
6982759000,6983541000,782000,0,44000,0.00,790.86,793.17,true,false,false,814.00
6983541000,6984338000,797000,16000,49000,0.00,797.26,797.26,true,false,false,814.00
6984338000,6985099000,761000,25000,37000,0.00,797.26,797.26,true,false,false,814.00
6985099000,6985842000,743000,25000,31000,0.00,797.26,792.60,true,false,false,814.00
6985842000,6986586000,744000,27000,31000,0.00,797.26,790.29,true,false,false,814.00
6986586000,6987327000,741000,27000,30000,0.00,797.26,791.06,true,false,false,814.00
6987327000,6988065000,738000,28000,29000,0.00,797.26,791.06,true,false,false,814.00
6988065000,6988803000,738000,28000,29000,0.00,797.26,791.06,true,false,false,814.00
6988803000,6989540000,737000,29000,29000,0.00,797.26,791.06,true,false,false,814.00
6989540000,6990277000,737000,29000,29000,0.00,797.26,791.06,true,false,false,814.00
6990277000,6991015000,738000,29000,29000,0.00,797.26,791.06,true,false,false,814.00
6991015000,6991753000,738000,29000,29000,0.00,797.26,791.06,true,false,false,814.00
6991753000,6992491000,738000,29000,29000,0.00,797.26,791.06,true,false,false,814.00
6992491000,6993228000,737000,29000,29000,0.00,797.26,791.06,true,false,false,814.00
6993228000,6993965000,737000,29000,29000,0.00,797.26,791.06,true,false,false,814.00
6993965000,6994703000,738000,29000,29000,0.00,797.26,791.06,true,false,false,814.00
6994703000,6995440000,737000,29000,29000,0.00,797.26,791.06,true,false,false,814.00
6995440000,6996177000,737000,29000,29000,0.00,797.26,791.06,true,false,false,814.00
6996177000,6996915000,738000,29000,29000,0.00,797.26,791.06,true,false,false,814.00
6996915000,6997878000,963000,29000,104000,0.00,797.26,746.10,true,false,false,814.00
6997878000,6998867000,989000,13000,113000,0.00,797.26,795.70,true,false,false,814.00
6998867000,6999634000,767000,10000,39000,0.00,797.26,787.23,true,false,false,814.00
6999634000,7000390000,756000,23000,35000,0.00,797.26,787.23,true,false,false,814.00
7000390000,7001137000,747000,27000,32000,0.00,797.26,790.29,true,false,false,814.00
7001137000,7001877000,740000,27000,30000,0.00,797.26,791.06,true,false,false,814.00
7001877000,7002618000,741000,28000,30000,0.00,797.26,791.06,true,false,true,814.00
7002618000,7003355000,737000,28000,29000,2.80,0.00,791.06,true,false,false,814.00
7003355000,7004092000,737000,29000,29000,2.80,791.06,791.06,true,false,false,814.00
7004092000,7004830000,738000,29000,29000,2.80,791.06,791.06,true,false,false,814.00
7004830000,7008523000,3693000,29000,29000,2.80,791.06,841.57,false,true,false,814.00
7008523000,7009311000,788000,0,46000,0.00,791.06,791.06,true,false,false,815.00
7009311000,7010114000,803000,14000,51000,0.00,799.02,799.02,true,false,false,815.00
7010114000,7010881000,767000,26000,39000,0.00,799.02,799.02,true,false,false,815.00
7010881000,7011627000,746000,25000,32000,0.00,799.02,793.57,true,false,false,815.00
7011627000,7012373000,746000,28000,32000,0.00,799.02,791.26,true,false,false,815.00
7012373000,7013113000,740000,28000,30000,0.00,799.02,791.26,true,false,false,815.00
7013113000,7013853000,740000,28000,30000,0.00,799.02,791.26,true,false,false,815.00
7013853000,7014593000,740000,29000,30000,0.00,799.02,792.03,true,false,false,815.00
7014593000,7015333000,740000,29000,30000,0.00,799.02,792.03,true,false,false,815.00
7015333000,7016074000,741000,29000,30000,0.00,799.02,792.03,true,false,false,815.00
7016074000,7016814000,740000,29000,30000,0.00,799.02,792.03,true,false,false,815.00
7016814000,7017554000,740000,29000,30000,0.00,799.02,792.03,true,false,false,815.00
7017554000,7018292000,738000,29000,29000,0.00,799.02,792.03,true,false,false,815.00
7018292000,7019029000,737000,29000,29000,0.00,799.02,792.03,true,false,false,815.00
7019029000,7019766000,737000,29000,29000,0.00,799.02,792.03,true,false,false,815.00
7019766000,7020503000,737000,29000,29000,0.00,799.02,792.03,true,false,false,815.00
7020503000,7021486000,983000,29000,111000,0.00,799.02,739.56,true,false,false,815.00
7021486000,7022476000,990000,14000,113000,0.00,802.96,802.96,true,false,false,815.00
7022476000,7023243000,767000,11000,39000,0.00,802.96,802.96,true,false,false,815.00
7023243000,7023989000,746000,23000,32000,0.00,802.96,792.03,true,false,false,815.00
7023989000,7024735000,746000,28000,32000,0.00,802.96,790.49,true,false,false,815.00
7024735000,7025475000,740000,27000,30000,0.00,802.96,791.26,true,false,false,815.00
7025475000,7026215000,740000,28000,30000,0.00,802.96,791.26,true,false,false,815.00
7026215000,7026955000,740000,29000,30000,0.00,802.96,792.03,true,false,false,815.00
7026955000,7027693000,738000,29000,29000,0.00,802.96,792.03,true,false,false,815.00
7027693000,7028431000,738000,29000,29000,0.00,802.96,792.03,true,false,true,815.00
7028431000,7029168000,737000,29000,29000,2.90,0.00,792.03,true,false,false,815.00
7029168000,7029905000,737000,29000,29000,2.90,792.03,792.03,true,false,false,815.00
7029905000,7030642000,737000,29000,29000,2.90,792.03,792.03,true,false,false,815.00
7030642000,7034339000,3697000,29000,29000,2.90,792.03,843.72,false,true,false,815.00
7034339000,7035130000,791000,0,47000,0.00,792.03,792.03,true,false,false,814.00
7035130000,7035937000,807000,13000,52000,0.00,798.82,798.82,true,false,false,814.00
7035937000,7036705000,768000,26000,39000,0.00,798.82,798.82,true,false,false,814.00
7036705000,7037448000,743000,25000,31000,0.00,798.82,792.60,true,false,false,814.00
7037448000,7038194000,746000,27000,32000,0.00,798.82,791.06,true,false,false,814.00
7038194000,7038934000,740000,27000,30000,0.00,798.82,790.29,true,false,false,814.00
7038934000,7039671000,737000,28000,29000,0.00,798.82,790.29,true,false,false,814.00
7039671000,7040408000,737000,28000,29000,0.00,798.82,791.06,true,false,false,814.00
7040408000,7041145000,737000,29000,29000,0.00,798.82,791.06,true,false,false,814.00
7041145000,7041882000,737000,29000,29000,0.00,798.82,791.06,true,false,false,814.00
7041882000,7042619000,737000,29000,29000,0.00,798.82,791.06,true,false,false,814.00
7042619000,7043356000,737000,29000,29000,0.00,798.82,791.06,true,false,false,814.00
7043356000,7044094000,738000,29000,29000,0.00,798.82,791.06,true,false,false,814.00
7044094000,7045062000,968000,29000,106000,0.00,798.82,737.32,true,false,false,814.00
7045062000,7046051000,989000,13000,113000,0.00,798.82,737.32,true,false,false,814.00
7046051000,7046818000,767000,10000,39000,0.00,801.18,801.18,true,false,false,814.00
7046818000,7047573000,755000,22000,35000,0.00,801.18,793.37,true,false,false,814.00
7047573000,7048319000,746000,27000,32000,0.00,801.18,790.29,true,false,false,814.00
7048319000,7049059000,740000,27000,30000,0.00,801.18,790.29,true,false,false,814.00
7049059000,7049800000,741000,28000,30000,0.00,801.18,791.06,true,false,false,814.00
7049800000,7050537000,737000,28000,29000,0.00,801.18,791.06,true,false,false,814.00
7050537000,7051274000,737000,29000,29000,0.00,801.18,791.06,true,false,false,814.00
7051274000,7052011000,737000,29000,29000,0.00,801.18,791.06,true,false,false,814.00
7052011000,7052748000,737000,29000,29000,0.00,801.18,791.06,true,false,false,814.00
7052748000,7053485000,737000,29000,29000,0.00,801.18,791.06,true,false,false,814.00
7053485000,7054222000,737000,29000,29000,0.00,801.18,791.06,true,false,true,814.00
7054222000,7054959000,737000,29000,29000,2.90,0.00,791.06,true,false,false,814.00
7054959000,7055696000,737000,29000,29000,2.90,791.06,791.06,true,false,false,814.00
7055696000,7056433000,737000,29000,29000,2.90,791.06,791.06,true,false,false,814.00
7056433000,7060130000,3697000,29000,29000,2.90,791.06,842.01,false,true,false,814.00
7060130000,7060921000,791000,0,47000,0.00,791.06,791.06,true,false,false,813.00
7060921000,7061725000,804000,12000,51000,0.00,797.84,797.84,true,false,false,813.00
7061725000,7062492000,767000,26000,39000,0.00,797.84,797.84,true,false,false,813.00
7062492000,7063235000,743000,24000,31000,0.00,797.84,793.17,true,false,false,813.00
7063235000,7063978000,743000,27000,31000,0.00,797.84,790.09,true,false,false,813.00
7063978000,7064718000,740000,27000,30000,0.00,797.84,790.09,true,false,false,813.00
7064718000,7065455000,737000,28000,29000,0.00,797.84,790.09,true,false,false,813.00
7065455000,7066192000,737000,28000,29000,0.00,797.84,790.09,true,false,false,813.00
7066192000,7066929000,737000,28000,29000,0.00,797.84,790.86,true,false,false,813.00
7066929000,7067666000,737000,28000,29000,0.00,797.84,790.86,true,false,false,813.00
7067666000,7068653000,987000,28000,112000,0.00,797.84,790.86,true,false,false,813.00
7068653000,7069639000,986000,13000,112000,0.00,797.84,743.82,true,false,false,813.00
7069639000,7070404000,765000,10000,38000,0.00,797.84,790.09,true,false,false,813.00
7070404000,7071151000,747000,22000,32000,0.00,797.84,792.40,true,false,false,813.00
7071151000,7071898000,747000,27000,32000,0.00,797.84,790.86,true,false,false,813.00
7071898000,7072639000,741000,26000,30000,0.00,797.84,790.86,true,false,false,813.00
7072639000,7073379000,740000,27000,30000,0.00,797.84,790.09,true,false,false,813.00
7073379000,7074116000,737000,28000,29000,0.00,797.84,790.86,true,false,false,813.00
7074116000,7074853000,737000,28000,29000,0.00,797.84,790.86,true,false,false,813.00
7074853000,7075591000,738000,28000,29000,0.00,797.84,790.86,true,false,false,813.00
7075591000,7076328000,737000,28000,29000,0.00,797.84,790.86,true,false,false,813.00
7076328000,7077066000,738000,28000,29000,0.00,797.84,790.09,true,false,false,813.00
7077066000,7077803000,737000,28000,29000,0.00,797.84,790.09,true,false,false,813.00
7077803000,7078540000,737000,28000,29000,0.00,797.84,790.86,true,false,false,813.00
7078540000,7079277000,737000,28000,29000,0.00,797.84,790.86,true,false,false,813.00
7079277000,7080014000,737000,28000,29000,0.00,797.84,790.86,true,false,true,813.00
7080014000,7080751000,737000,28000,29000,2.80,0.00,790.86,true,false,false,813.00
7080751000,7081488000,737000,28000,29000,2.80,790.86,790.86,true,false,false,813.00
7081488000,7082226000,738000,28000,29000,2.80,790.86,790.09,true,false,false,813.00
7082226000,7085917000,3691000,28000,28000,2.80,790.86,840.63,false,true,false,813.00
7085917000,7086705000,788000,0,46000,0.00,790.86,790.86,true,false,false,813.00
7086705000,7087508000,803000,13000,51000,0.00,797.06,797.06,true,false,false,813.00
7087508000,7088272000,764000,25000,38000,0.00,797.06,797.06,true,false,false,813.00
7088272000,7089015000,743000,24000,31000,0.00,797.06,792.40,true,false,false,813.00
7089015000,7089758000,743000,27000,31000,0.00,797.06,790.09,true,false,false,813.00
7089758000,7090496000,738000,27000,29000,0.00,797.06,790.09,true,false,false,813.00
7090496000,7091233000,737000,28000,29000,0.00,797.06,790.09,true,false,false,813.00
7091233000,7092207000,974000,28000,108000,0.00,797.06,772.81,true,false,false,813.00
7092207000,7093184000,977000,12000,109000,0.00,797.06,769.16,true,false,false,813.00
7093184000,7093948000,764000,10000,38000,0.00,797.06,783.24,true,false,false,813.00
7093948000,7094691000,743000,22000,31000,0.00,797.06,791.63,true,false,false,813.00
7094691000,7095438000,747000,26000,32000,0.00,797.06,791.63,true,false,false,813.00
7095438000,7096178000,740000,26000,30000,0.00,797.06,791.63,true,false,false,813.00
7096178000,7096918000,740000,27000,30000,0.00,797.06,790.86,true,false,false,813.00
7096918000,7097655000,737000,28000,29000,0.00,797.06,790.86,true,false,false,813.00
7097655000,7098393000,738000,28000,29000,0.00,797.06,790.86,true,false,false,813.00
7098393000,7099131000,738000,28000,29000,0.00,797.06,790.86,true,false,false,813.00
7099131000,7099868000,737000,28000,29000,0.00,797.06,790.86,true,false,false,813.00
7099868000,7100605000,737000,28000,29000,0.00,797.06,790.86,true,false,false,813.00
7100605000,7101342000,737000,28000,29000,0.00,797.06,790.09,true,false,false,813.00
7101342000,7102079000,737000,28000,29000,0.00,797.06,790.86,true,false,false,813.00
7102079000,7102816000,737000,28000,29000,0.00,797.06,790.86,true,false,false,813.00
7102816000,7103553000,737000,28000,29000,0.00,797.06,790.86,true,false,false,813.00
7103553000,7104291000,738000,28000,29000,0.00,797.06,790.86,true,false,false,813.00
7104291000,7105028000,737000,28000,29000,0.00,797.06,790.09,true,false,false,813.00
7105028000,7105765000,737000,28000,29000,0.00,797.06,790.09,true,false,true,813.00
7105765000,7106502000,737000,28000,29000,2.80,0.00,790.09,true,false,false,813.00
7106502000,7107239000,737000,28000,29000,2.80,790.86,790.86,true,false,false,813.00
7107239000,7107976000,737000,28000,29000,2.80,790.86,790.09,true,false,false,813.00
7107976000,7111668000,3692000,28000,28000,2.80,790.86,840.63,false,true,false,813.00
7111668000,7112456000,788000,0,46000,0.00,790.86,790.86,true,false,false,813.00
7112456000,7113259000,803000,13000,51000,0.00,797.06,797.06,true,false,false,813.00
7113259000,7114023000,764000,26000,38000,0.00,797.06,797.06,true,false,false,813.00
7114023000,7114766000,743000,24000,31000,0.00,797.06,792.40,true,false,false,813.00
7114766000,7115719000,953000,28000,101000,0.00,797.06,761.24,true,false,false,813.00
7115719000,7116669000,950000,14000,100000,0.00,797.06,783.24,true,false,false,813.00
7116669000,7117436000,767000,11000,39000,0.00,797.06,785.51,true,false,false,813.00
7117436000,7118182000,746000,22000,32000,0.00,797.06,785.51,true,false,false,813.00
7118182000,7118928000,746000,27000,32000,0.00,797.06,790.09,true,false,false,813.00
7118928000,7119668000,740000,26000,30000,0.00,797.06,790.86,true,false,false,813.00
7119668000,7120408000,740000,27000,30000,0.00,797.06,790.86,true,false,false,813.00
7120408000,7121145000,737000,28000,29000,0.00,797.06,790.86,true,false,false,813.00
7121145000,7121882000,737000,28000,29000,0.00,797.06,790.09,true,false,false,813.00
7121882000,7122619000,737000,28000,29000,0.00,797.06,790.86,true,false,false,813.00
7122619000,7123356000,737000,28000,29000,0.00,797.06,790.86,true,false,false,813.00
7123356000,7124093000,737000,28000,29000,0.00,797.06,790.86,true,false,false,813.00
7124093000,7124830000,737000,28000,29000,0.00,797.06,790.86,true,false,false,813.00
7124830000,7125568000,738000,28000,29000,0.00,797.06,790.86,true,false,false,813.00
7125568000,7126305000,737000,28000,29000,0.00,797.06,790.86,true,false,false,813.00
7126305000,7127042000,737000,28000,29000,0.00,797.06,790.86,true,false,false,813.00
7127042000,7127779000,737000,28000,29000,0.00,797.06,790.86,true,false,false,813.00
7127779000,7128516000,737000,28000,29000,0.00,797.06,790.86,true,false,false,813.00
7128516000,7129253000,737000,28000,29000,0.00,797.06,790.86,true,false,false,813.00
7129253000,7129990000,737000,28000,29000,0.00,797.06,790.09,true,false,false,813.00
7129990000,7130728000,738000,28000,29000,0.00,797.06,790.86,true,false,false,813.00
7130728000,7131465000,737000,28000,29000,0.00,797.06,790.86,true,false,true,813.00
7131465000,7132202000,737000,28000,29000,2.80,0.00,790.86,true,false,false,813.00
7132202000,7132939000,737000,28000,29000,2.80,790.09,790.09,true,false,false,813.00
7132939000,7133676000,737000,28000,29000,2.80,790.86,790.86,true,false,false,813.00
7133676000,7137368000,3692000,28000,28000,2.80,790.86,840.63,false,true,false,813.00
7137368000,7138156000,788000,0,46000,0.00,790.86,790.86,true,false,false,813.00
7138156000,7138992000,836000,32000,62000,0.00,790.86,773.55,true,false,false,813.00
7138992000,7139843000,851000,43000,67000,0.00,790.86,775.76,true,false,false,813.00
7139843000,7140694000,851000,45000,67000,0.00,790.86,775.76,true,false,false,813.00
7140694000,7141527000,833000,51000,61000,0.00,790.86,772.08,true,false,false,813.00
7141527000,7142355000,828000,54000,59000,0.00,790.86,769.89,true,false,false,813.00
7142355000,7143180000,825000,54000,58000,0.00,790.86,769.89,true,false,false,813.00
7143180000,7144001000,821000,55000,57000,0.00,790.86,769.89,true,false,false,813.00
7144001000,7144823000,822000,55000,57000,0.00,790.86,769.89,true,false,false,813.00
7144823000,7145644000,821000,55000,57000,0.00,790.86,769.89,true,false,false,813.00
7145644000,7146465000,821000,55000,57000,0.00,790.86,769.89,true,false,false,813.00
7146465000,7147283000,818000,55000,56000,0.00,790.86,769.89,true,false,false,813.00
7147283000,7148101000,818000,56000,56000,0.00,790.86,769.89,true,false,false,813.00
7148101000,7148919000,818000,56000,56000,0.00,790.86,769.89,true,false,false,813.00
7148919000,7149737000,818000,56000,56000,0.00,790.86,769.89,true,false,false,813.00
7149737000,7150555000,818000,56000,56000,0.00,790.86,769.89,true,false,false,813.00
7150555000,7151373000,818000,56000,56000,0.00,790.86,769.89,true,false,false,813.00
7151373000,7152191000,818000,56000,56000,0.00,790.86,769.89,true,false,false,813.00
7152191000,7153010000,819000,56000,56000,0.00,790.86,769.89,true,false,false,813.00
7153010000,7153828000,818000,56000,56000,0.00,790.86,769.89,true,false,false,813.00
7153828000,7154646000,818000,56000,56000,0.00,790.86,769.89,true,false,false,813.00
7154646000,7155464000,818000,56000,56000,0.00,790.86,769.89,true,false,false,813.00
7155464000,7156283000,819000,56000,56000,0.00,790.86,769.89,true,false,false,813.00
7156283000,7157101000,818000,56000,56000,0.00,790.86,769.89,true,false,false,813.00
7157101000,7157919000,818000,56000,56000,0.00,790.86,769.89,true,false,false,813.00
7157919000,7158737000,818000,56000,56000,0.00,790.86,769.89,true,false,true,813.00
7158737000,7159555000,818000,56000,56000,5.60,0.00,769.89,true,false,false,813.00
7159555000,7160373000,818000,56000,56000,5.60,769.89,769.89,true,false,false,813.00
7160373000,7161191000,818000,56000,56000,5.60,769.89,769.89,true,false,false,813.00
7161191000,7165218000,4027000,56000,56000,5.60,769.89,855.16,false,true,false,813.00
7165218000,7166352000,1134000,0,161000,0.00,769.89,701.47,true,false,false,782.00
7166352000,7167188000,836000,3000,62000,0.00,771.20,771.20,true,false,false,782.00
7167188000,7168018000,830000,31000,60000,0.00,771.20,757.75,true,false,false,782.00
7168018000,7168824000,806000,40000,52000,0.00,771.20,748.33,true,false,false,782.00
7168824000,7169612000,788000,40000,46000,0.00,771.20,749.04,true,false,false,782.00
7169612000,7170401000,789000,41000,46000,0.00,771.20,749.04,true,false,false,782.00
7170401000,7171187000,786000,42000,45000,0.00,771.20,749.76,true,false,false,782.00
7171187000,7171969000,782000,42000,44000,0.00,771.20,749.76,true,false,false,782.00
7171969000,7172752000,783000,43000,44000,0.00,771.20,749.76,true,false,false,782.00
7172752000,7173535000,783000,43000,44000,0.00,771.20,749.76,true,false,false,782.00
7173535000,7174317000,782000,43000,44000,0.00,771.20,749.76,true,false,false,782.00
7174317000,7175099000,782000,43000,44000,0.00,771.20,749.04,true,false,false,782.00
7175099000,7175881000,782000,43000,44000,0.00,771.20,749.76,true,false,false,782.00
7175881000,7176660000,779000,43000,43000,0.00,771.20,749.76,true,false,false,782.00
7176660000,7177439000,779000,43000,43000,0.00,771.20,749.76,true,false,false,782.00
7177439000,7178218000,779000,43000,43000,0.00,771.20,749.76,true,false,false,782.00
7178218000,7178998000,780000,43000,43000,0.00,771.20,749.76,true,false,false,782.00
7178998000,7179777000,779000,43000,43000,0.00,771.20,749.76,true,false,false,782.00
7179777000,7180556000,779000,43000,43000,0.00,771.20,749.76,true,false,false,782.00
7180556000,7181335000,779000,43000,43000,0.00,771.20,749.76,true,false,false,782.00
7181335000,7182114000,779000,43000,43000,0.00,771.20,749.76,true,false,false,782.00
7182114000,7182893000,779000,43000,43000,0.00,771.20,749.76,true,false,false,782.00
7182893000,7183673000,780000,43000,43000,0.00,771.20,749.76,true,false,false,782.00
7183673000,7184452000,779000,43000,43000,0.00,771.20,749.76,true,false,false,782.00
7184452000,7185231000,779000,43000,43000,0.00,771.20,749.76,true,false,false,782.00
7185231000,7186010000,779000,43000,43000,0.00,771.20,749.76,true,false,true,782.00
7186010000,7186790000,780000,43000,43000,4.30,0.00,749.76,true,false,false,782.00
7186790000,7187569000,779000,43000,43000,4.30,749.76,749.76,true,false,false,782.00
7187569000,7188348000,779000,43000,43000,4.30,749.76,749.76,true,false,false,782.00
7188348000,7192222000,3874000,43000,43000,4.30,749.76,829.69,false,true,false,782.00
7192222000,7193052000,830000,0,60000,0.00,749.76,759.96,true,false,false,782.00
7193052000,7193891000,839000,0,63000,0.00,771.20,771.20,true,false,false,782.00
7193891000,7194673000,782000,22000,44000,0.00,771.20,763.67,true,false,false,782.00
7194673000,7195425000,752000,22000,34000,0.00,771.20,763.67,true,false,false,782.00
7195425000,7196171000,746000,26000,32000,0.00,771.20,758.49,true,false,false,782.00
7196171000,7196914000,743000,27000,31000,0.00,771.20,759.22,true,false,false,782.00
7196914000,7197654000,740000,28000,30000,0.00,771.20,759.96,true,false,false,782.00
7197654000,7198394000,740000,28000,30000,0.00,771.20,759.96,true,false,false,782.00
7198394000,7199131000,737000,28000,29000,0.00,771.20,759.96,true,false,false,782.00
7199131000,7199868000,737000,29000,29000,0.00,771.20,759.96,true,false,false,782.00
7199868000,7200606000,738000,29000,29000,0.00,771.20,759.96,true,false,false,782.00
7200606000,7201343000,737000,29000,29000,0.00,771.20,759.96,true,false,false,782.00
7201343000,7202081000,738000,29000,29000,0.00,771.20,759.96,true,false,false,782.00
7202081000,7202819000,738000,29000,29000,0.00,771.20,759.96,true,false,false,782.00
7202819000,7203556000,737000,29000,29000,0.00,771.20,759.96,true,false,false,782.00
7203556000,7204293000,737000,29000,29000,0.00,771.20,759.96,true,false,false,782.00
7204293000,7205031000,738000,29000,29000,0.00,771.20,759.96,true,false,false,782.00
7205031000,7205769000,738000,29000,29000,0.00,771.20,759.96,true,false,false,782.00
7205769000,7206506000,737000,29000,29000,0.00,771.20,759.96,true,false,false,782.00
7206506000,7207243000,737000,29000,29000,0.00,771.20,759.96,true,false,false,782.00
7207243000,7207980000,737000,29000,29000,0.00,771.20,759.96,true,false,false,782.00
7207980000,7208718000,738000,29000,29000,0.00,771.20,759.96,true,false,false,782.00
7208718000,7209455000,737000,29000,29000,0.00,771.20,759.96,true,false,false,782.00
7209455000,7210192000,737000,29000,29000,0.00,771.20,759.96,true,false,false,782.00
7210192000,7210930000,738000,29000,29000,0.00,771.20,759.96,true,false,false,782.00
7210930000,7211667000,737000,29000,29000,0.00,771.20,759.96,true,false,true,782.00
7211667000,7212404000,737000,29000,29000,2.90,0.00,759.96,true,false,false,782.00
7212404000,7213375000,971000,29000,107000,2.90,739.83,739.83,true,false,false,782.00
7213375000,7214373000,998000,10000,116000,1.00,741.94,741.94,true,false,false,782.00
7214373000,7217976000,3603000,12000,12000,1.00,741.94,783.03,false,true,false,782.00
7217976000,7218716000,740000,7000,30000,0.70,741.94,783.03,true,false,false,787.00
7218716000,7219469000,753000,24000,34000,0.70,741.94,757.02,true,false,false,787.00
7219469000,7220210000,741000,25000,30000,0.70,764.82,764.82,true,false,false,787.00
7220210000,7220950000,740000,26000,30000,0.70,764.82,764.82,true,false,false,787.00
7220950000,7221687000,737000,27000,29000,0.70,766.31,766.31,true,false,false,787.00
7221687000,7222421000,734000,27000,28000,0.70,766.31,766.31,true,false,false,787.00
7222421000,7223155000,734000,27000,28000,0.70,766.31,765.56,true,false,false,787.00
7223155000,7223889000,734000,27000,28000,0.70,766.31,765.56,true,false,false,787.00
7223889000,7224623000,734000,27000,28000,0.70,766.31,765.56,true,false,false,787.00
7224623000,7225358000,735000,27000,28000,0.70,766.31,765.56,true,false,false,787.00
7225358000,7226092000,734000,27000,28000,0.70,766.31,765.56,true,false,false,787.00
7226092000,7226826000,734000,27000,28000,0.70,766.31,765.56,true,false,false,787.00
7226826000,7227560000,734000,27000,28000,0.70,766.31,765.56,true,false,false,787.00
7227560000,7228294000,734000,27000,28000,0.70,766.31,765.56,true,false,false,787.00
7228294000,7229028000,734000,27000,28000,0.70,766.31,765.56,true,false,false,787.00
7229028000,7229762000,734000,27000,28000,0.70,766.31,765.56,true,false,false,787.00
7229762000,7230496000,734000,27000,28000,0.70,766.31,765.56,true,false,false,787.00
7230496000,7231230000,734000,27000,28000,0.70,766.31,765.56,true,false,false,787.00
7231230000,7231964000,734000,27000,28000,0.70,766.31,765.56,true,false,false,787.00
7231964000,7232699000,735000,27000,28000,0.70,766.31,765.56,true,false,false,787.00
7232699000,7233433000,734000,27000,28000,0.70,766.31,765.56,true,false,false,787.00
7233433000,7234168000,735000,27000,28000,0.70,766.31,765.56,true,false,false,787.00
7234168000,7234902000,734000,27000,28000,0.70,766.31,765.56,true,false,false,787.00
7234902000,7235717000,815000,27000,55000,0.70,766.31,765.56,true,false,false,787.00
7235717000,7236706000,989000,52000,113000,0.70,766.31,721.36,true,false,false,787.00
7236706000,7237525000,819000,7000,56000,0.70,766.31,721.36,true,false,true,787.00
7237525000,7238286000,761000,22000,37000,2.20,0.00,721.36,true,false,false,787.00
7238286000,7239023000,737000,17000,29000,1.70,770.81,770.81,true,false,false,787.00
7239023000,7239761000,738000,22000,29000,1.70,770.81,769.31,true,false,false,787.00
7239761000,7243385000,3624000,23000,23000,1.70,770.81,802.29,false,true,false,787.00
7243385000,7244137000,752000,0,34000,0.00,770.81,772.33,true,false,false,799.00
7244137000,7244901000,764000,23000,38000,0.00,777.99,777.99,true,false,false,799.00
7244901000,7245647000,746000,26000,32000,0.00,777.99,777.99,true,false,false,799.00
7245647000,7246390000,743000,27000,31000,0.00,777.99,776.48,true,false,false,799.00
7246390000,7247130000,740000,28000,30000,0.00,777.99,775.73,true,false,false,799.00
7247130000,7247870000,740000,28000,30000,0.00,777.99,776.48,true,false,false,799.00
7247870000,7248610000,740000,29000,30000,0.00,777.99,776.48,true,false,false,799.00
7248610000,7249350000,740000,29000,30000,0.00,777.99,776.48,true,false,false,799.00
7249350000,7250087000,737000,29000,29000,0.00,777.99,776.48,true,false,false,799.00
7250087000,7250825000,738000,29000,29000,0.00,777.99,776.48,true,false,false,799.00
7250825000,7251562000,737000,29000,29000,0.00,777.99,776.48,true,false,false,799.00
7251562000,7252300000,738000,29000,29000,0.00,777.99,776.48,true,false,false,799.00
7252300000,7253038000,738000,29000,29000,0.00,777.99,776.48,true,false,false,799.00
7253038000,7253775000,737000,29000,29000,0.00,777.99,776.48,true,false,false,799.00
7253775000,7254512000,737000,29000,29000,0.00,777.99,776.48,true,false,false,799.00
7254512000,7255249000,737000,29000,29000,0.00,777.99,776.48,true,false,false,799.00
7255249000,7255986000,737000,29000,29000,0.00,777.99,776.48,true,false,false,799.00
7255986000,7256723000,737000,29000,29000,0.00,777.99,776.48,true,false,false,799.00
7256723000,7257460000,737000,29000,29000,0.00,777.99,776.48,true,false,false,799.00
7257460000,7258197000,737000,29000,29000,0.00,777.99,776.48,true,false,false,799.00
7258197000,7259087000,890000,29000,80000,0.00,777.99,776.48,true,false,false,799.00
7259087000,7260089000,1002000,33000,117000,0.00,777.99,729.68,true,false,false,799.00
7260089000,7260850000,761000,8000,37000,0.00,783.33,783.33,true,false,false,799.00
7260850000,7261614000,764000,20000,38000,0.00,783.33,775.73,true,false,false,799.00
7261614000,7262354000,740000,19000,30000,0.00,783.33,777.24,true,false,false,799.00
7262354000,7263091000,737000,24000,29000,0.00,783.33,777.24,true,false,true,799.00
7263091000,7263826000,735000,25000,28000,2.50,0.00,777.24,true,false,false,799.00
7263826000,7264557000,731000,25000,27000,2.50,779.51,779.51,true,false,false,799.00
7264557000,7265289000,732000,26000,27000,2.50,779.51,778.75,true,false,false,799.00
7265289000,7268957000,3668000,26000,26000,2.50,779.51,826.58,false,true,false,799.00
7268957000,7269734000,777000,0,42000,0.00,779.51,777.99,true,false,false,804.00
7269734000,7270522000,788000,16000,46000,0.00,787.46,787.46,true,false,false,804.00
7270522000,7271280000,758000,24000,36000,0.00,787.46,787.46,true,false,false,804.00
7271280000,7272020000,740000,24000,30000,0.00,787.46,784.39,true,false,false,804.00
7272020000,7272763000,743000,27000,31000,0.00,787.46,781.34,true,false,false,804.00
7272763000,7273500000,737000,27000,29000,0.00,787.46,781.34,true,false,false,804.00
7273500000,7274237000,737000,27000,29000,0.00,787.46,781.34,true,false,false,804.00
7274237000,7274971000,734000,28000,28000,0.00,787.46,782.10,true,false,false,804.00
7274971000,7275705000,734000,28000,28000,0.00,787.46,782.10,true,false,false,804.00
7275705000,7276439000,734000,28000,28000,0.00,787.46,782.10,true,false,false,804.00
7276439000,7277174000,735000,28000,28000,0.00,787.46,782.10,true,false,false,804.00
7277174000,7277909000,735000,28000,28000,0.00,787.46,782.10,true,false,false,804.00
7277909000,7278643000,734000,28000,28000,0.00,787.46,782.10,true,false,false,804.00
7278643000,7279377000,734000,28000,28000,0.00,787.46,782.10,true,false,false,804.00
7279377000,7280111000,734000,28000,28000,0.00,787.46,782.10,true,false,false,804.00
7280111000,7280845000,734000,28000,28000,0.00,787.46,782.10,true,false,false,804.00
7280845000,7281579000,734000,28000,28000,0.00,787.46,782.10,true,false,false,804.00
7281579000,7282451000,872000,28000,74000,0.00,787.46,782.10,true,false,false,804.00
7282451000,7283434000,983000,34000,111000,0.00,787.46,732.91,true,false,false,804.00
7283434000,7284198000,764000,11000,38000,0.00,792.90,792.90,true,false,false,804.00
7284198000,7284966000,768000,23000,39000,0.00,792.90,780.58,true,false,false,804.00
7284966000,7285709000,743000,21000,31000,0.00,792.90,780.58,true,false,false,804.00
7285709000,7286452000,743000,26000,31000,0.00,792.90,780.58,true,false,false,804.00
7286452000,7287189000,737000,27000,29000,0.00,792.90,781.34,true,false,false,804.00
7287189000,7287926000,737000,27000,29000,0.00,792.90,782.10,true,false,false,804.00
7287926000,7288663000,737000,28000,29000,0.00,792.90,782.10,true,false,true,804.00
7288663000,7289397000,734000,28000,28000,2.80,0.00,782.10,true,false,false,804.00
7289397000,7290131000,734000,28000,28000,2.80,782.10,782.10,true,false,false,804.00
7290131000,7290865000,734000,28000,28000,2.80,782.10,782.10,true,false,false,804.00
7290865000,7294553000,3688000,28000,28000,2.80,782.10,833.64,false,true,false,804.00
7294553000,7295341000,788000,0,46000,0.00,782.10,780.58,true,false,false,806.00
7295341000,7296142000,801000,13000,50000,0.00,790.20,790.20,true,false,false,806.00
7296142000,7296909000,767000,26000,39000,0.00,790.20,790.20,true,false,false,806.00
7296909000,7297653000,744000,25000,31000,0.00,790.20,785.58,true,false,false,806.00
7297653000,7298400000,747000,27000,32000,0.00,790.20,783.28,true,false,false,806.00
7298400000,7299141000,741000,27000,30000,0.00,790.20,783.28,true,false,false,806.00
7299141000,7299879000,738000,28000,29000,0.00,790.20,783.28,true,false,false,806.00
7299879000,7300617000,738000,28000,29000,0.00,790.20,783.28,true,false,false,806.00
7300617000,7301354000,737000,29000,29000,0.00,790.20,783.28,true,false,false,806.00
7301354000,7302091000,737000,29000,29000,0.00,790.20,783.28,true,false,false,806.00
7302091000,7302828000,737000,29000,29000,0.00,790.20,783.28,true,false,false,806.00
7302828000,7303565000,737000,29000,29000,0.00,790.20,783.28,true,false,false,806.00
7303565000,7304302000,737000,29000,29000,0.00,790.20,783.28,true,false,false,806.00
7304302000,7305039000,737000,29000,29000,0.00,790.20,783.28,true,false,false,806.00
7305039000,7305854000,815000,29000,55000,0.00,790.20,783.28,true,false,false,806.00
7305854000,7306850000,996000,55000,115000,0.00,790.20,734.06,true,false,false,806.00
7306850000,7307683000,833000,10000,61000,0.00,790.20,790.20,true,false,false,806.00
7307683000,7308450000,767000,27000,39000,0.00,790.20,782.52,true,false,false,806.00
7308450000,7309196000,746000,22000,32000,0.00,790.20,782.52,true,false,false,806.00
7309196000,7309942000,746000,27000,32000,0.00,790.20,782.52,true,false,false,806.00
7309942000,7310682000,740000,27000,30000,0.00,790.20,783.28,true,false,false,806.00
7310682000,7311422000,740000,28000,30000,0.00,790.20,783.28,true,false,false,806.00
7311422000,7312160000,738000,28000,29000,0.00,790.20,783.28,true,false,false,806.00
7312160000,7312897000,737000,29000,29000,0.00,790.20,783.28,true,false,false,806.00
7312897000,7313634000,737000,29000,29000,0.00,790.20,783.28,true,false,false,806.00
7313634000,7314371000,737000,29000,29000,0.00,790.20,783.28,true,false,true,806.00
7314371000,7315109000,738000,29000,29000,2.90,0.00,783.28,true,false,false,806.00
7315109000,7315846000,737000,29000,29000,2.90,783.28,783.28,true,false,false,806.00
7315846000,7316584000,738000,29000,29000,2.90,783.28,783.28,true,false,false,806.00
7316584000,7320278000,3694000,29000,29000,2.90,783.28,835.20,false,true,false,806.00
7320278000,7321069000,791000,0,47000,0.00,783.28,783.28,true,false,false,807.00
7321069000,7321873000,804000,13000,51000,0.00,791.18,791.18,true,false,false,807.00
7321873000,7322640000,767000,26000,39000,0.00,791.18,791.18,true,false,false,807.00
7322640000,7323386000,746000,25000,32000,0.00,791.18,785.78,true,false,false,807.00
7323386000,7324132000,746000,27000,32000,0.00,791.18,784.26,true,false,false,807.00
7324132000,7324872000,740000,28000,30000,0.00,791.18,783.50,true,false,false,807.00
7324872000,7325612000,740000,28000,30000,0.00,791.18,783.50,true,false,false,807.00
7325612000,7326353000,741000,29000,30000,0.00,791.18,784.26,true,false,false,807.00
7326353000,7327090000,737000,29000,29000,0.00,791.18,784.26,true,false,false,807.00
7327090000,7327827000,737000,29000,29000,0.00,791.18,784.26,true,false,false,807.00
7327827000,7328564000,737000,29000,29000,0.00,791.18,784.26,true,false,false,807.00
7328564000,7329301000,737000,29000,29000,0.00,791.18,784.26,true,false,false,807.00
7329301000,7330287000,986000,29000,112000,0.00,791.18,732.97,true,false,false,807.00
7330287000,7331217000,930000,11000,93000,0.00,795.07,795.07,true,false,false,807.00
7331217000,7331988000,771000,14000,40000,0.00,795.07,795.07,true,false,false,807.00
7331988000,7332731000,743000,23000,31000,0.00,795.07,784.26,true,false,false,807.00
7332731000,7333481000,750000,27000,33000,0.00,795.07,782.74,true,false,false,807.00
7333481000,7334221000,740000,27000,30000,0.00,795.07,783.50,true,false,false,807.00
7334221000,7334961000,740000,28000,30000,0.00,795.07,783.50,true,false,false,807.00
7334961000,7335701000,740000,29000,30000,0.00,795.07,784.26,true,false,false,807.00
7335701000,7336438000,737000,29000,29000,0.00,795.07,784.26,true,false,false,807.00
7336438000,7337175000,737000,29000,29000,0.00,795.07,784.26,true,false,false,807.00
7337175000,7337912000,737000,29000,29000,0.00,795.07,784.26,true,false,false,807.00
7337912000,7338650000,738000,29000,29000,0.00,795.07,784.26,true,false,false,807.00
7338650000,7339387000,737000,29000,29000,0.00,795.07,784.26,true,false,false,807.00
7339387000,7340124000,737000,29000,29000,0.00,795.07,784.26,true,false,true,807.00
7340124000,7340861000,737000,29000,29000,2.90,0.00,784.26,true,false,false,807.00
7340861000,7341598000,737000,29000,29000,2.90,784.26,784.26,true,false,false,807.00
7341598000,7342335000,737000,29000,29000,2.90,784.26,784.26,true,false,false,807.00
7342335000,7346030000,3695000,29000,29000,2.90,784.26,836.13,false,true,false,807.00
7346030000,7346821000,791000,0,47000,0.00,784.26,782.74,true,false,false,807.00
7346821000,7347627000,806000,12000,52000,0.00,791.18,791.18,true,false,false,807.00
7347627000,7348394000,767000,26000,39000,0.00,791.18,791.18,true,false,false,807.00
7348394000,7349140000,746000,25000,32000,0.00,791.18,786.55,true,false,false,807.00
7349140000,7349886000,746000,27000,32000,0.00,791.18,783.50,true,false,false,807.00
7349886000,7350626000,740000,28000,30000,0.00,791.18,783.50,true,false,false,807.00
7350626000,7351366000,740000,28000,30000,0.00,791.18,783.50,true,false,false,807.00
7351366000,7352106000,740000,29000,30000,0.00,791.18,784.26,true,false,false,807.00
7352106000,7352847000,741000,29000,30000,0.00,791.18,784.26,true,false,false,807.00
7352847000,7353830000,983000,29000,111000,0.00,791.18,732.97,true,false,false,807.00
7353830000,7354807000,977000,11000,109000,0.00,792.73,792.73,true,false,false,807.00
7354807000,7355577000,770000,12000,40000,0.00,792.73,792.73,true,false,false,807.00
7355577000,7356323000,746000,23000,32000,0.00,792.73,785.02,true,false,false,807.00
7356323000,7357070000,747000,27000,32000,0.00,792.73,783.50,true,false,false,807.00
7357070000,7357810000,740000,27000,30000,0.00,792.73,783.50,true,false,false,807.00
7357810000,7358550000,740000,28000,30000,0.00,792.73,783.50,true,false,false,807.00
7358550000,7359290000,740000,29000,30000,0.00,792.73,784.26,true,false,false,807.00
7359290000,7360027000,737000,29000,29000,0.00,792.73,784.26,true,false,false,807.00
7360027000,7360764000,737000,29000,29000,0.00,792.73,784.26,true,false,false,807.00
7360764000,7361501000,737000,29000,29000,0.00,792.73,784.26,true,false,false,807.00
7361501000,7362239000,738000,29000,29000,0.00,792.73,784.26,true,false,false,807.00
7362239000,7362976000,737000,29000,29000,0.00,792.73,784.26,true,false,false,807.00
7362976000,7363714000,738000,29000,29000,0.00,792.73,784.26,true,false,false,807.00
7363714000,7364451000,737000,29000,29000,0.00,792.73,784.26,true,false,false,807.00
7364451000,7365188000,737000,29000,29000,0.00,792.73,784.26,true,false,false,807.00
7365188000,7365925000,737000,29000,29000,0.00,792.73,784.26,true,false,true,807.00
7365925000,7366662000,737000,29000,29000,2.90,0.00,784.26,true,false,false,807.00
7366662000,7367399000,737000,29000,29000,2.90,784.26,784.26,true,false,false,807.00
7367399000,7368136000,737000,29000,29000,2.90,784.26,784.26,true,false,false,807.00
7368136000,7371831000,3695000,29000,29000,2.90,784.26,836.13,false,true,false,807.00
7371831000,7372622000,791000,0,47000,0.00,784.26,783.50,true,false,false,807.00
7372622000,7373428000,806000,12000,52000,0.00,791.18,791.18,true,false,false,807.00
7373428000,7374195000,767000,27000,39000,0.00,791.18,791.18,true,false,false,807.00
7374195000,7374941000,746000,25000,32000,0.00,791.18,786.55,true,false,false,807.00
7374941000,7375687000,746000,27000,32000,0.00,791.18,783.50,true,false,false,807.00
7375687000,7376427000,740000,28000,30000,0.00,791.18,783.50,true,false,false,807.00
7376427000,7377407000,980000,29000,110000,0.00,791.18,727.68,true,false,false,807.00
7377407000,7378390000,983000,14000,111000,0.00,791.18,727.68,true,false,false,807.00
7378390000,7379160000,770000,11000,40000,0.00,795.86,795.86,true,false,false,807.00
7379160000,7379909000,749000,23000,33000,0.00,795.86,787.32,true,false,false,807.00
7379909000,7380659000,750000,28000,33000,0.00,795.86,784.26,true,false,false,807.00
7380659000,7381402000,743000,27000,31000,0.00,795.86,784.26,true,false,false,807.00
7381402000,7382142000,740000,28000,30000,0.00,795.86,783.50,true,false,false,807.00
7382142000,7382883000,741000,29000,30000,0.00,795.86,784.26,true,false,false,807.00
7382883000,7383624000,741000,29000,30000,0.00,795.86,784.26,true,false,false,807.00
7383624000,7384362000,738000,29000,29000,0.00,795.86,784.26,true,false,false,807.00
7384362000,7385099000,737000,29000,29000,0.00,795.86,784.26,true,false,false,807.00
7385099000,7385836000,737000,29000,29000,0.00,795.86,784.26,true,false,false,807.00
7385836000,7386573000,737000,29000,29000,0.00,795.86,784.26,true,false,false,807.00
7386573000,7387310000,737000,29000,29000,0.00,795.86,784.26,true,false,false,807.00
7387310000,7388048000,738000,29000,29000,0.00,795.86,784.26,true,false,false,807.00
7388048000,7388785000,737000,29000,29000,0.00,795.86,784.26,true,false,false,807.00
7388785000,7389523000,738000,29000,29000,0.00,795.86,784.26,true,false,false,807.00
7389523000,7390260000,737000,29000,29000,0.00,795.86,784.26,true,false,false,807.00
7390260000,7390998000,738000,29000,29000,0.00,795.86,784.26,true,false,false,807.00
7390998000,7391736000,738000,29000,29000,0.00,795.86,784.26,true,false,true,807.00
7391736000,7392474000,738000,29000,29000,2.90,0.00,784.26,true,false,false,807.00
7392474000,7393211000,737000,29000,29000,2.90,784.26,784.26,true,false,false,807.00
7393211000,7393948000,737000,29000,29000,2.90,784.26,784.26,true,false,false,807.00
7393948000,7397644000,3696000,29000,29000,2.90,784.26,836.13,false,true,false,807.00
7397644000,7398438000,794000,0,48000,0.00,784.26,783.50,true,false,false,807.00
7398438000,7399244000,806000,12000,52000,0.00,791.18,791.18,true,false,false,807.00
7399244000,7400012000,768000,26000,39000,0.00,791.18,791.18,true,false,false,807.00
7400012000,7400992000,980000,25000,110000,0.00,791.18,786.55,true,false,false,807.00
7400992000,7401969000,977000,12000,109000,0.00,791.18,739.01,true,false,false,807.00
7401969000,7402740000,771000,12000,40000,0.00,791.18,781.98,true,false,false,807.00
7402740000,7403486000,746000,23000,32000,0.00,791.18,787.32,true,false,false,807.00
7403486000,7404232000,746000,27000,32000,0.00,791.18,785.78,true,false,false,807.00
7404232000,7404972000,740000,27000,30000,0.00,791.18,785.78,true,false,false,807.00
7404972000,7405712000,740000,28000,30000,0.00,791.18,784.26,true,false,false,807.00
7405712000,7406453000,741000,29000,30000,0.00,791.18,784.26,true,false,false,807.00
7406453000,7407194000,741000,29000,30000,0.00,791.18,784.26,true,false,false,807.00
7407194000,7407931000,737000,29000,29000,0.00,791.18,784.26,true,false,false,807.00
7407931000,7408668000,737000,29000,29000,0.00,791.18,784.26,true,false,false,807.00
7408668000,7409406000,738000,29000,29000,0.00,791.18,784.26,true,false,false,807.00
7409406000,7410143000,737000,29000,29000,0.00,791.18,784.26,true,false,false,807.00
7410143000,7410880000,737000,29000,29000,0.00,791.18,784.26,true,false,false,807.00
7410880000,7411618000,738000,29000,29000,0.00,791.18,784.26,true,false,false,807.00
7411618000,7412356000,738000,29000,29000,0.00,791.18,784.26,true,false,false,807.00
7412356000,7413093000,737000,29000,29000,0.00,791.18,784.26,true,false,false,807.00
7413093000,7413830000,737000,29000,29000,0.00,791.18,784.26,true,false,false,807.00
7413830000,7414567000,737000,29000,29000,0.00,791.18,784.26,true,false,false,807.00
7414567000,7415304000,737000,29000,29000,0.00,791.18,784.26,true,false,false,807.00
7415304000,7416041000,737000,29000,29000,0.00,791.18,784.26,true,false,false,807.00
7416041000,7416779000,738000,29000,29000,0.00,791.18,784.26,true,false,false,807.00
7416779000,7417517000,738000,29000,29000,0.00,791.18,784.26,true,false,true,807.00
7417517000,7418254000,737000,29000,29000,2.90,0.00,784.26,true,false,false,807.00
7418254000,7418992000,738000,29000,29000,2.90,784.26,784.26,true,false,false,807.00
7418992000,7419730000,738000,29000,29000,2.90,784.26,784.26,true,false,false,807.00
7419730000,7423425000,3695000,29000,29000,2.90,784.26,836.13,false,true,false,807.00
7423425000,7424636000,1211000,0,187000,0.00,784.26,727.03,true,false,false,807.00
7424636000,7425616000,980000,9000,110000,0.00,784.26,779.71,true,false,false,807.00
7425616000,7426422000,806000,23000,52000,0.00,784.26,772.99,true,false,false,807.00
7426422000,7427183000,761000,23000,37000,0.00,784.26,778.96,true,false,false,807.00
7427183000,7427941000,758000,29000,36000,0.00,784.26,778.96,true,false,false,807.00
7427941000,7428694000,753000,31000,34000,0.00,784.26,781.98,true,false,false,807.00
7428694000,7429443000,749000,31000,33000,0.00,784.26,782.74,true,false,false,807.00
7429443000,7430192000,749000,32000,33000,0.00,784.26,781.98,true,false,false,807.00
7430192000,7430941000,749000,32000,33000,0.00,784.26,781.98,true,false,false,807.00
7430941000,7431690000,749000,32000,33000,0.00,784.26,781.22,true,false,false,807.00
7431690000,7432439000,749000,32000,33000,0.00,784.26,781.98,true,false,false,807.00
7432439000,7433189000,750000,32000,33000,0.00,784.26,781.98,true,false,false,807.00
7433189000,7433938000,749000,32000,33000,0.00,784.26,781.98,true,false,false,807.00
7433938000,7434687000,749000,32000,33000,0.00,784.26,781.98,true,false,false,807.00
7434687000,7435436000,749000,32000,33000,0.00,784.26,781.98,true,false,false,807.00
7435436000,7436185000,749000,32000,33000,0.00,784.26,781.98,true,false,false,807.00
7436185000,7436935000,750000,32000,33000,0.00,784.26,781.22,true,false,false,807.00
7436935000,7437684000,749000,32000,33000,0.00,784.26,781.98,true,false,false,807.00
7437684000,7438433000,749000,32000,33000,0.00,784.26,781.98,true,false,false,807.00
7438433000,7439182000,749000,32000,33000,0.00,784.26,781.98,true,false,false,807.00
7439182000,7439931000,749000,32000,33000,0.00,784.26,781.98,true,false,false,807.00
7439931000,7440680000,749000,32000,33000,0.00,784.26,781.98,true,false,false,807.00
7440680000,7441430000,750000,32000,33000,0.00,784.26,781.98,true,false,false,807.00
7441430000,7442179000,749000,32000,33000,0.00,784.26,781.98,true,false,false,807.00
7442179000,7442928000,749000,32000,33000,0.00,784.26,781.98,true,false,false,807.00
7442928000,7443677000,749000,32000,33000,0.00,784.26,781.98,true,false,true,807.00
7443677000,7444426000,749000,32000,33000,3.20,0.00,781.98,true,false,false,807.00
7444426000,7445175000,749000,32000,33000,3.20,781.98,781.98,true,false,false,807.00
7445175000,7445925000,750000,32000,33000,3.20,781.98,781.98,true,false,false,807.00
7445925000,7449729000,3804000,32000,32000,3.20,781.98,862.30,false,true,false,807.00
7449729000,7450506000,777000,0,42000,0.00,781.98,792.73,true,false,false,821.00
7450506000,7451297000,791000,6000,47000,0.00,806.48,806.48,true,false,false,821.00
7451297000,7452049000,752000,22000,34000,0.00,806.48,806.48,true,false,false,821.00
7452049000,7452780000,731000,22000,27000,0.00,806.48,800.98,true,false,false,821.00
7452780000,7453514000,734000,24000,28000,0.00,806.48,800.19,true,false,false,821.00
7453514000,7454242000,728000,24000,26000,0.00,806.48,800.98,true,false,false,821.00
7454242000,7454970000,728000,24000,26000,0.00,806.48,800.98,true,false,false,821.00
7454970000,7455698000,728000,25000,26000,0.00,806.48,800.98,true,false,false,821.00
7455698000,7456423000,725000,25000,25000,0.00,806.48,800.98,true,false,false,821.00
7456423000,7457148000,725000,25000,25000,0.00,806.48,800.98,true,false,false,821.00
7457148000,7457873000,725000,25000,25000,0.00,806.48,800.98,true,false,false,821.00
7457873000,7458598000,725000,25000,25000,0.00,806.48,800.98,true,false,false,821.00
7458598000,7459323000,725000,25000,25000,0.00,806.48,800.98,true,false,false,821.00
7459323000,7460048000,725000,25000,25000,0.00,806.48,800.98,true,false,false,821.00
7460048000,7460773000,725000,25000,25000,0.00,806.48,800.98,true,false,false,821.00
7460773000,7461498000,725000,25000,25000,0.00,806.48,800.98,true,false,false,821.00
7461498000,7462223000,725000,25000,25000,0.00,806.48,800.98,true,false,false,821.00
7462223000,7462948000,725000,25000,25000,0.00,806.48,800.98,true,false,false,821.00
7462948000,7463673000,725000,25000,25000,0.00,806.48,800.98,true,false,false,821.00
7463673000,7464398000,725000,25000,25000,0.00,806.48,800.98,true,false,false,821.00
7464398000,7465124000,726000,25000,25000,0.00,806.48,800.98,true,false,false,821.00
7465124000,7465849000,725000,25000,25000,0.00,806.48,800.98,true,false,false,821.00
7465849000,7466574000,725000,25000,25000,0.00,806.48,800.98,true,false,false,821.00
7466574000,7467300000,726000,25000,25000,0.00,806.48,800.98,true,false,false,821.00
7467300000,7468025000,725000,25000,25000,0.00,806.48,800.98,true,false,false,821.00
7468025000,7468750000,725000,25000,25000,0.00,806.48,800.98,true,false,true,821.00
7468750000,7469476000,726000,25000,25000,2.50,0.00,800.98,true,false,false,821.00
7469476000,7470345000,869000,25000,73000,2.50,800.98,800.98,true,false,false,821.00
7470345000,7471274000,929000,34000,93000,2.50,800.98,761.60,true,false,false,821.00
7471274000,7474960000,3686000,34000,34000,2.50,800.98,842.20,false,true,false,821.00
7474960000,7475739000,779000,0,43000,0.00,800.98,820.18,true,false,false,828.00
7475739000,7476533000,794000,23000,48000,0.00,802.33,802.33,true,false,false,828.00
7476533000,7477295000,762000,28000,37000,0.00,802.33,800.77,true,false,false,828.00
7477295000,7478044000,749000,29000,33000,0.00,802.33,800.77,true,false,false,828.00
7478044000,7478793000,749000,30000,33000,0.00,802.33,802.33,true,false,false,828.00
7478793000,7479539000,746000,30000,32000,0.00,802.33,802.33,true,false,false,828.00
7479539000,7480285000,746000,31000,32000,0.00,802.33,802.33,true,false,false,828.00
7480285000,7481031000,746000,31000,32000,0.00,802.33,802.33,true,false,false,828.00
7481031000,7481777000,746000,31000,32000,0.00,803.10,803.10,true,false,false,828.00
7481777000,7482523000,746000,31000,32000,0.00,803.10,803.10,true,false,false,828.00
7482523000,7483269000,746000,31000,32000,0.00,803.10,803.10,true,false,false,828.00
7483269000,7484015000,746000,31000,32000,0.00,803.10,803.10,true,false,false,828.00
7484015000,7484761000,746000,31000,32000,0.00,803.10,803.10,true,false,false,828.00
7484761000,7485507000,746000,31000,32000,0.00,803.10,803.10,true,false,false,828.00
7485507000,7486253000,746000,31000,32000,0.00,803.10,803.10,true,false,false,828.00
7486253000,7486999000,746000,31000,32000,0.00,803.10,802.33,true,false,false,828.00
7486999000,7487746000,747000,31000,32000,0.00,803.10,803.10,true,false,false,828.00
7487746000,7488492000,746000,31000,32000,0.00,803.10,803.10,true,false,false,828.00
7488492000,7489238000,746000,31000,32000,0.00,803.10,803.10,true,false,false,828.00
7489238000,7489984000,746000,31000,32000,0.00,803.10,803.10,true,false,false,828.00
7489984000,7490730000,746000,31000,32000,0.00,803.10,803.10,true,false,false,828.00
7490730000,7491477000,747000,31000,32000,0.00,803.10,803.10,true,false,false,828.00
7491477000,7492224000,747000,31000,32000,0.00,803.10,803.10,true,false,false,828.00
7492224000,7492970000,746000,31000,32000,0.00,803.10,803.10,true,false,false,828.00
7492970000,7493857000,887000,31000,79000,0.00,803.10,784.09,true,false,false,828.00
7493857000,7494867000,1010000,39000,120000,0.00,803.10,776.01,true,false,true,828.00
7494867000,7495649000,782000,12000,44000,1.20,0.00,776.01,true,false,false,828.00
7495649000,7496422000,773000,26000,41000,1.20,796.15,796.15,true,false,false,828.00
7496422000,7497174000,752000,26000,34000,1.20,802.33,802.33,true,false,false,828.00
7497174000,7500805000,3631000,34000,34000,1.20,802.33,825.71,false,true,false,828.00
7500805000,7501560000,755000,10000,35000,1.00,802.33,809.38,true,false,false,838.00
7501560000,7502342000,782000,33000,44000,1.00,808.10,808.10,true,false,false,838.00
7502342000,7503106000,764000,33000,38000,1.00,808.10,808.10,true,false,false,838.00
7503106000,7503870000,764000,34000,38000,1.00,808.88,808.88,true,false,false,838.00
7503870000,7504631000,761000,35000,37000,1.00,808.88,808.88,true,false,false,838.00
7504631000,7505389000,758000,35000,36000,1.00,809.66,809.66,true,false,false,838.00
7505389000,7506147000,758000,35000,36000,1.00,809.66,809.66,true,false,false,838.00
7506147000,7506906000,759000,35000,36000,1.00,809.66,808.88,true,false,false,838.00
7506906000,7507664000,758000,36000,36000,1.00,809.66,808.88,true,false,false,838.00
7507664000,7508423000,759000,36000,36000,1.00,809.66,808.88,true,false,false,838.00
7508423000,7509181000,758000,36000,36000,1.00,809.66,808.88,true,false,false,838.00
7509181000,7509940000,759000,36000,36000,1.00,809.66,808.88,true,false,false,838.00
7509940000,7510699000,759000,36000,36000,1.00,809.66,808.88,true,false,false,838.00
7510699000,7511458000,759000,36000,36000,1.00,809.66,808.88,true,false,false,838.00
7511458000,7512216000,758000,36000,36000,1.00,809.66,808.88,true,false,false,838.00
7512216000,7512975000,759000,36000,36000,1.00,809.66,808.88,true,false,false,838.00
7512975000,7513733000,758000,36000,36000,1.00,809.66,808.88,true,false,false,838.00
7513733000,7514492000,759000,36000,36000,1.00,809.66,808.88,true,false,false,838.00
7514492000,7515251000,759000,36000,36000,1.00,809.66,808.88,true,false,false,838.00
7515251000,7516010000,759000,36000,36000,1.00,809.66,808.88,true,false,false,838.00
7516010000,7516768000,758000,36000,36000,1.00,809.66,808.88,true,false,false,838.00
7516768000,7517700000,932000,36000,94000,1.00,809.66,808.88,true,false,false,838.00
7517700000,7518743000,1043000,37000,131000,1.00,809.66,761.82,true,false,false,838.00
7518743000,7519513000,770000,14000,40000,1.00,813.59,813.59,true,false,false,838.00
7519513000,7520290000,777000,26000,42000,1.00,813.59,805.77,true,false,false,838.00
7520290000,7521048000,758000,27000,36000,1.00,813.59,809.66,true,false,true,838.00
7521048000,7521804000,756000,30000,35000,3.00,0.00,809.66,true,false,false,838.00
7521804000,7522556000,752000,31000,34000,3.00,812.02,812.02,true,false,false,838.00
7522556000,7523305000,749000,31000,33000,3.00,812.02,812.02,true,false,false,838.00
7523305000,7527022000,3717000,33000,33000,3.00,812.02,862.67,false,true,false,838.00
7527022000,7527822000,800000,0,50000,0.00,812.02,819.16,true,false,false,834.00
7527822000,7528637000,815000,17000,55000,0.00,814.45,814.45,true,false,false,834.00
7528637000,7529405000,768000,27000,39000,0.00,814.45,808.92,true,false,false,834.00
7529405000,7530154000,749000,27000,33000,0.00,814.45,808.92,true,false,false,834.00
7530154000,7530903000,749000,29000,33000,0.00,814.45,808.92,true,false,false,834.00
7530903000,7531646000,743000,29000,31000,0.00,814.45,808.92,true,false,false,834.00
7531646000,7532389000,743000,30000,31000,0.00,814.45,808.92,true,false,false,834.00
7532389000,7533132000,743000,30000,31000,0.00,814.45,808.92,true,false,false,834.00
7533132000,7533875000,743000,30000,31000,0.00,814.45,808.92,true,false,false,834.00
7533875000,7534618000,743000,30000,31000,0.00,814.45,809.71,true,false,false,834.00
7534618000,7535362000,744000,30000,31000,0.00,814.45,809.71,true,false,false,834.00
7535362000,7536105000,743000,30000,31000,0.00,814.45,809.71,true,false,false,834.00
7536105000,7536848000,743000,30000,31000,0.00,814.45,808.92,true,false,false,834.00
7536848000,7537591000,743000,30000,31000,0.00,814.45,808.92,true,false,false,834.00
7537591000,7538334000,743000,30000,31000,0.00,814.45,808.92,true,false,false,834.00
7538334000,7539077000,743000,30000,31000,0.00,814.45,808.92,true,false,false,834.00
7539077000,7539821000,744000,30000,31000,0.00,814.45,808.92,true,false,false,834.00
7539821000,7540564000,743000,30000,31000,0.00,814.45,808.92,true,false,false,834.00
7540564000,7541308000,744000,30000,31000,0.00,814.45,808.92,true,false,false,834.00
7541308000,7542297000,989000,30000,113000,0.00,814.45,765.84,true,false,false,834.00
7542297000,7543241000,944000,12000,98000,0.00,814.45,811.28,true,false,false,834.00
7543241000,7544012000,771000,14000,40000,0.00,814.45,805.80,true,false,false,834.00
7544012000,7544764000,752000,25000,34000,0.00,814.45,805.80,true,false,false,834.00
7544764000,7545513000,749000,29000,33000,0.00,814.45,808.92,true,false,false,834.00
7545513000,7546259000,746000,29000,32000,0.00,814.45,808.92,true,false,false,834.00
7546259000,7547002000,743000,30000,31000,0.00,814.45,808.92,true,false,true,834.00
7547002000,7547745000,743000,30000,31000,3.00,0.00,808.92,true,false,false,834.00
7547745000,7548488000,743000,30000,31000,3.00,808.92,808.92,true,false,false,834.00
7548488000,7549232000,744000,30000,31000,3.00,808.92,808.92,true,false,false,834.00
7549232000,7552944000,3712000,31000,31000,3.00,808.92,861.37,false,true,false,834.00
7552944000,7553738000,794000,0,48000,0.00,808.92,812.87,true,false,false,830.00
7553738000,7554547000,809000,14000,53000,0.00,813.73,813.73,true,false,false,830.00
7554547000,7555314000,767000,26000,39000,0.00,813.73,813.73,true,false,false,830.00
7555314000,7556057000,743000,25000,31000,0.00,813.73,807.39,true,false,false,830.00
7556057000,7556800000,743000,27000,31000,0.00,813.73,805.83,true,false,false,830.00
7556800000,7557541000,741000,28000,30000,0.00,813.73,806.61,true,false,false,830.00
7557541000,7558278000,737000,28000,29000,0.00,813.73,806.61,true,false,false,830.00
7558278000,7559015000,737000,28000,29000,0.00,813.73,806.61,true,false,false,830.00
7559015000,7559752000,737000,29000,29000,0.00,813.73,806.61,true,false,false,830.00
7559752000,7560489000,737000,29000,29000,0.00,813.73,806.61,true,false,false,830.00
7560489000,7561226000,737000,29000,29000,0.00,813.73,806.61,true,false,false,830.00
7561226000,7561963000,737000,29000,29000,0.00,813.73,806.61,true,false,false,830.00
7561963000,7562700000,737000,29000,29000,0.00,813.73,806.61,true,false,false,830.00
7562700000,7563437000,737000,29000,29000,0.00,813.73,806.61,true,false,false,830.00
7563437000,7564174000,737000,29000,29000,0.00,813.73,806.61,true,false,false,830.00
7564174000,7564912000,738000,29000,29000,0.00,813.73,806.61,true,false,false,830.00
7564912000,7565856000,944000,29000,98000,0.00,813.73,762.17,true,false,false,830.00
7565856000,7566833000,977000,14000,109000,0.00,813.73,810.55,true,false,false,830.00
7566833000,7567597000,764000,11000,38000,0.00,813.73,810.55,true,false,false,830.00
7567597000,7568352000,755000,23000,35000,0.00,813.73,804.26,true,false,false,830.00
7568352000,7569098000,746000,27000,32000,0.00,813.73,805.83,true,false,false,830.00
7569098000,7569838000,740000,27000,30000,0.00,813.73,806.61,true,false,false,830.00
7569838000,7570578000,740000,28000,30000,0.00,813.73,806.61,true,false,false,830.00
7570578000,7571316000,738000,28000,29000,0.00,813.73,806.61,true,false,false,830.00
7571316000,7572053000,737000,29000,29000,0.00,813.73,806.61,true,false,false,830.00
7572053000,7572790000,737000,29000,29000,0.00,813.73,806.61,true,false,true,830.00
7572790000,7573527000,737000,29000,29000,2.90,0.00,806.61,true,false,false,830.00
7573527000,7574265000,738000,29000,29000,2.90,806.61,806.61,true,false,false,830.00
7574265000,7575002000,737000,29000,29000,2.90,806.61,806.61,true,false,false,830.00
7575002000,7578705000,3703000,29000,29000,2.90,806.61,857.14,false,true,false,830.00
7578705000,7579493000,788000,0,46000,0.00,806.61,807.39,true,false,false,828.00
7579493000,7580296000,803000,13000,51000,0.00,812.56,812.56,true,false,false,828.00
7580296000,7581060000,764000,25000,38000,0.00,812.56,812.56,true,false,false,828.00
7581060000,7581801000,741000,24000,30000,0.00,812.56,807.02,true,false,false,828.00
7581801000,7582544000,743000,27000,31000,0.00,812.56,804.66,true,false,false,828.00
7582544000,7583281000,737000,27000,29000,0.00,812.56,805.45,true,false,false,828.00
7583281000,7584018000,737000,27000,29000,0.00,812.56,805.45,true,false,false,828.00
7584018000,7584752000,734000,28000,28000,0.00,812.56,805.45,true,false,false,828.00
7584752000,7585486000,734000,28000,28000,0.00,812.56,805.45,true,false,false,828.00
7585486000,7586220000,734000,28000,28000,0.00,812.56,805.45,true,false,false,828.00
7586220000,7586954000,734000,28000,28000,0.00,812.56,805.45,true,false,false,828.00
7586954000,7587688000,734000,28000,28000,0.00,812.56,805.45,true,false,false,828.00
7587688000,7588423000,735000,28000,28000,0.00,812.56,805.45,true,false,false,828.00
7588423000,7589355000,932000,28000,94000,0.00,812.56,805.45,true,false,false,828.00
7589355000,7590317000,962000,16000,104000,0.00,812.56,755.47,true,false,false,828.00
7590317000,7591090000,773000,14000,41000,0.00,813.36,813.36,true,false,false,828.00
7591090000,7591854000,764000,25000,38000,0.00,813.36,802.33,true,false,false,828.00
7591854000,7592606000,752000,29000,34000,0.00,813.36,802.33,true,false,false,828.00
7592606000,7593352000,746000,29000,32000,0.00,813.36,802.33,true,false,false,828.00
7593352000,7594102000,750000,30000,33000,0.00,813.36,802.33,true,false,false,828.00
7594102000,7594848000,746000,30000,32000,0.00,813.36,802.33,true,false,false,828.00
7594848000,7595594000,746000,31000,32000,0.00,813.36,803.10,true,false,false,828.00
7595594000,7596340000,746000,31000,32000,0.00,813.36,803.10,true,false,false,828.00
7596340000,7597087000,747000,31000,32000,0.00,813.36,803.10,true,false,false,828.00
7597087000,7597833000,746000,31000,32000,0.00,813.36,803.10,true,false,false,828.00
7597833000,7598579000,746000,31000,32000,0.00,813.36,803.10,true,false,true,828.00
7598579000,7599326000,747000,31000,32000,3.10,0.00,803.10,true,false,false,828.00
7599326000,7600072000,746000,31000,32000,3.10,803.10,803.10,true,false,false,828.00
7600072000,7600818000,746000,31000,32000,3.10,803.10,803.10,true,false,false,828.00
7600818000,7604533000,3715000,31000,31000,3.10,803.10,856.09,false,true,false,828.00
7604533000,7605333000,800000,0,50000,0.00,803.10,807.02,true,false,false,824.00
7605333000,7606148000,815000,14000,55000,0.00,807.05,807.05,true,false,false,824.00
7606148000,7606915000,767000,27000,39000,0.00,807.05,801.56,true,false,false,824.00
7606915000,7607661000,746000,25000,32000,0.00,807.05,801.56,true,false,false,824.00
7607661000,7608407000,746000,28000,32000,0.00,807.05,799.22,true,false,false,824.00
7608407000,7609151000,744000,28000,31000,0.00,807.05,800.00,true,false,false,824.00
7609151000,7609891000,740000,29000,30000,0.00,807.05,800.00,true,false,false,824.00
7609891000,7610631000,740000,29000,30000,0.00,807.05,800.00,true,false,false,824.00
7610631000,7611371000,740000,29000,30000,0.00,807.05,800.00,true,false,false,824.00
7611371000,7612111000,740000,29000,30000,0.00,807.05,800.00,true,false,false,824.00
7612111000,7613064000,953000,29000,101000,0.00,807.05,800.00,true,false,false,824.00
7613064000,7614044000,980000,16000,110000,0.00,807.05,747.73,true,false,false,824.00
7614044000,7614812000,768000,11000,39000,0.00,810.23,810.23,true,false,false,824.00
7614812000,7615577000,765000,24000,38000,0.00,810.23,801.56,true,false,false,824.00
7615577000,7616326000,749000,28000,33000,0.00,810.23,799.22,true,false,false,824.00
7616326000,7617069000,743000,28000,31000,0.00,810.23,799.22,true,false,false,824.00
7617069000,7617812000,743000,29000,31000,0.00,810.23,800.00,true,false,false,824.00
7617812000,7618552000,740000,29000,30000,0.00,810.23,800.00,true,false,false,824.00
7618552000,7619292000,740000,29000,30000,0.00,810.23,800.00,true,false,false,824.00
7619292000,7620032000,740000,29000,30000,0.00,810.23,800.00,true,false,false,824.00
7620032000,7620772000,740000,29000,30000,0.00,810.23,800.00,true,false,false,824.00
7620772000,7621512000,740000,29000,30000,0.00,810.23,800.00,true,false,false,824.00
7621512000,7622252000,740000,29000,30000,0.00,810.23,800.00,true,false,false,824.00
7622252000,7622992000,740000,29000,30000,0.00,810.23,800.00,true,false,false,824.00
7622992000,7623732000,740000,29000,30000,0.00,810.23,800.00,true,false,false,824.00
7623732000,7624472000,740000,29000,30000,0.00,810.23,800.00,true,false,true,824.00
7624472000,7625212000,740000,29000,30000,2.90,0.00,800.00,true,false,false,824.00
7625212000,7625952000,740000,29000,30000,2.90,800.78,800.78,true,false,false,824.00
7625952000,7626692000,740000,29000,30000,2.90,800.78,800.00,true,false,false,824.00
7626692000,7630393000,3701000,30000,30000,2.90,800.78,851.44,false,true,false,824.00
7630393000,7631184000,791000,0,47000,0.00,800.78,801.56,true,false,false,822.00
7631184000,7631987000,803000,13000,51000,0.00,806.67,806.67,true,false,false,822.00
7631987000,7632755000,768000,26000,39000,0.00,806.67,806.67,true,false,false,822.00
7632755000,7633498000,743000,25000,31000,0.00,806.67,799.61,true,false,false,822.00
7633498000,7634244000,746000,27000,32000,0.00,806.67,798.06,true,false,false,822.00
7634244000,7634984000,740000,28000,30000,0.00,806.67,798.83,true,false,false,822.00
7634984000,7635721000,737000,28000,29000,0.00,806.67,798.83,true,false,false,822.00
7635721000,7636590000,869000,28000,73000,0.00,806.67,798.83,true,false,false,822.00
7636590000,7637574000,984000,37000,111000,0.00,806.67,747.27,true,false,false,822.00
7637574000,7638344000,770000,11000,40000,0.00,809.06,809.06,true,false,false,822.00
7638344000,7639112000,768000,24000,39000,0.00,809.06,798.06,true,false,false,822.00
7639112000,7639858000,746000,23000,32000,0.00,809.06,798.06,true,false,false,822.00
7639858000,7640605000,747000,27000,32000,0.00,809.06,798.06,true,false,false,822.00
7640605000,7641345000,740000,27000,30000,0.00,809.06,798.83,true,false,false,822.00
7641345000,7642083000,738000,28000,29000,0.00,809.06,798.83,true,false,false,822.00
7642083000,7642821000,738000,29000,29000,0.00,809.06,798.83,true,false,false,822.00
7642821000,7643558000,737000,29000,29000,0.00,809.06,798.83,true,false,false,822.00
7643558000,7644295000,737000,29000,29000,0.00,809.06,798.83,true,false,false,822.00
7644295000,7645032000,737000,29000,29000,0.00,809.06,798.83,true,false,false,822.00
7645032000,7645770000,738000,29000,29000,0.00,809.06,798.83,true,false,false,822.00
7645770000,7646507000,737000,29000,29000,0.00,809.06,798.83,true,false,false,822.00
7646507000,7647244000,737000,29000,29000,0.00,809.06,798.83,true,false,false,822.00
7647244000,7647981000,737000,29000,29000,0.00,809.06,798.83,true,false,false,822.00
7647981000,7648719000,738000,29000,29000,0.00,809.06,798.83,true,false,false,822.00
7648719000,7649456000,737000,29000,29000,0.00,809.06,798.83,true,false,false,822.00
7649456000,7650193000,737000,29000,29000,0.00,809.06,798.83,true,false,true,822.00
7650193000,7650930000,737000,29000,29000,2.90,0.00,798.83,true,false,false,822.00
7650930000,7651667000,737000,29000,29000,2.90,798.83,798.83,true,false,false,822.00
7651667000,7652404000,737000,29000,29000,2.90,798.83,798.83,true,false,false,822.00
7652404000,7656104000,3700000,29000,29000,2.90,798.83,849.58,false,true,false,822.00
7656104000,7656892000,788000,0,46000,0.00,798.83,799.61,true,false,false,820.00
7656892000,7657696000,804000,12000,51000,0.00,804.71,804.71,true,false,false,820.00
7657696000,7658460000,764000,25000,38000,0.00,804.71,804.71,true,false,false,820.00
7658460000,7659200000,740000,24000,30000,0.00,804.71,799.22,true,false,false,820.00
7659200000,7660003000,803000,27000,51000,0.00,804.71,797.67,true,false,false,820.00
7660003000,7660974000,971000,50000,107000,0.00,804.71,746.81,true,false,false,820.00
7660974000,7661879000,905000,10000,85000,0.00,807.09,807.09,true,false,false,820.00
7661879000,7662643000,764000,27000,38000,0.00,807.09,807.09,true,false,false,820.00
7662643000,7663386000,743000,22000,31000,0.00,807.09,798.44,true,false,false,820.00
7663386000,7664130000,744000,26000,31000,0.00,807.09,796.89,true,false,false,820.00
7664130000,7664867000,737000,27000,29000,0.00,807.09,797.67,true,false,false,820.00
7664867000,7665604000,737000,27000,29000,0.00,807.09,797.67,true,false,false,820.00
7665604000,7666338000,734000,28000,28000,0.00,807.09,797.67,true,false,false,820.00
7666338000,7667072000,734000,28000,28000,0.00,807.09,797.67,true,false,false,820.00
7667072000,7667806000,734000,28000,28000,0.00,807.09,797.67,true,false,false,820.00
7667806000,7668540000,734000,28000,28000,0.00,807.09,797.67,true,false,false,820.00
7668540000,7669275000,735000,28000,28000,0.00,807.09,797.67,true,false,false,820.00
7669275000,7670009000,734000,28000,28000,0.00,807.09,797.67,true,false,false,820.00
7670009000,7670743000,734000,28000,28000,0.00,807.09,797.67,true,false,false,820.00
7670743000,7671478000,735000,28000,28000,0.00,807.09,797.67,true,false,false,820.00
7671478000,7672212000,734000,28000,28000,0.00,807.09,797.67,true,false,false,820.00
7672212000,7672946000,734000,28000,28000,0.00,807.09,797.67,true,false,false,820.00
7672946000,7673680000,734000,28000,28000,0.00,807.09,797.67,true,false,false,820.00
7673680000,7674415000,735000,28000,28000,0.00,807.09,797.67,true,false,false,820.00
7674415000,7675149000,734000,28000,28000,0.00,807.09,797.67,true,false,false,820.00
7675149000,7675883000,734000,28000,28000,0.00,807.09,797.67,true,false,true,820.00
7675883000,7676618000,735000,28000,28000,2.80,0.00,797.67,true,false,false,820.00
7676618000,7677352000,734000,28000,28000,2.80,797.67,797.67,true,false,false,820.00
7677352000,7678086000,734000,28000,28000,2.80,797.67,797.67,true,false,false,820.00
7678086000,7681779000,3693000,28000,28000,2.80,797.67,847.30,false,true,false,820.00
7681779000,7682565000,786000,0,45000,0.00,797.67,796.89,true,false,false,820.00
7682565000,7683365000,800000,13000,50000,0.00,804.71,804.71,true,false,false,820.00
7683365000,7684237000,872000,25000,74000,0.00,804.71,768.51,true,false,false,820.00
7684237000,7685076000,839000,18000,63000,0.00,804.71,768.51,true,false,false,820.00
7685076000,7685828000,752000,17000,34000,0.00,804.71,802.35,true,false,false,820.00
7685828000,7686571000,743000,24000,31000,0.00,804.71,800.00,true,false,false,820.00
7686571000,7687311000,740000,27000,30000,0.00,804.71,797.67,true,false,false,820.00
7687311000,7688049000,738000,27000,29000,0.00,804.71,797.67,true,false,false,820.00
7688049000,7688787000,738000,27000,29000,0.00,804.71,797.67,true,false,false,820.00
7688787000,7689521000,734000,27000,28000,0.00,804.71,797.67,true,false,false,820.00
7689521000,7690256000,735000,28000,28000,0.00,804.71,797.67,true,false,false,820.00
7690256000,7690991000,735000,28000,28000,0.00,804.71,797.67,true,false,false,820.00
7690991000,7691725000,734000,28000,28000,0.00,804.71,797.67,true,false,false,820.00
7691725000,7692459000,734000,28000,28000,0.00,804.71,797.67,true,false,false,820.00
7692459000,7693193000,734000,28000,28000,0.00,804.71,797.67,true,false,false,820.00
7693193000,7693927000,734000,28000,28000,0.00,804.71,797.67,true,false,false,820.00
7693927000,7694661000,734000,28000,28000,0.00,804.71,797.67,true,false,false,820.00
7694661000,7695396000,735000,28000,28000,0.00,804.71,797.67,true,false,false,820.00
7695396000,7696131000,735000,28000,28000,0.00,804.71,797.67,true,false,false,820.00
7696131000,7696865000,734000,28000,28000,0.00,804.71,797.67,true,false,false,820.00
7696865000,7697599000,734000,28000,28000,0.00,804.71,797.67,true,false,false,820.00
7697599000,7698333000,734000,28000,28000,0.00,804.71,797.67,true,false,false,820.00
7698333000,7699067000,734000,28000,28000,0.00,804.71,797.67,true,false,false,820.00
7699067000,7699801000,734000,28000,28000,0.00,804.71,797.67,true,false,false,820.00
7699801000,7700536000,735000,28000,28000,0.00,804.71,797.67,true,false,false,820.00
7700536000,7701271000,735000,28000,28000,0.00,804.71,797.67,true,false,true,820.00
7701271000,7702005000,734000,28000,28000,2.80,0.00,797.67,true,false,false,820.00
7702005000,7702739000,734000,28000,28000,2.80,797.67,797.67,true,false,false,820.00
7702739000,7703473000,734000,28000,28000,2.80,797.67,797.67,true,false,false,820.00
7703473000,7707268000,3795000,28000,28000,2.80,797.67,819.08,false,true,false,820.00
7707268000,7708227000,959000,18000,103000,1.80,797.67,781.70,true,false,false,806.00
7708227000,7708982000,755000,0,35000,0.00,797.67,778.74,true,false,false,806.00
7708982000,7709728000,746000,11000,32000,0.00,797.67,790.20,true,false,false,806.00
7709728000,7710462000,734000,19000,28000,0.00,797.67,790.20,true,false,false,806.00
7710462000,7711187000,725000,19000,25000,0.00,797.67,790.20,true,false,false,806.00
7711187000,7711915000,728000,21000,26000,0.00,797.67,787.88,true,false,false,806.00
7711915000,7712637000,722000,21000,24000,0.00,797.67,787.88,true,false,false,806.00
7712637000,7713359000,722000,22000,24000,0.00,797.67,787.11,true,false,false,806.00
7713359000,7714078000,719000,22000,23000,0.00,797.67,788.65,true,false,false,806.00
7714078000,7714797000,719000,22000,23000,0.00,797.67,788.65,true,false,false,806.00
7714797000,7715516000,719000,22000,23000,0.00,797.67,788.65,true,false,false,806.00
7715516000,7716236000,720000,22000,23000,0.00,797.67,788.65,true,false,false,806.00
7716236000,7716955000,719000,22000,23000,0.00,797.67,788.65,true,false,false,806.00
7716955000,7717674000,719000,22000,23000,0.00,797.67,788.65,true,false,false,806.00
7717674000,7718393000,719000,22000,23000,0.00,797.67,787.88,true,false,false,806.00
7718393000,7719112000,719000,22000,23000,0.00,797.67,788.65,true,false,false,806.00
7719112000,7719831000,719000,22000,23000,0.00,797.67,788.65,true,false,false,806.00
7719831000,7720550000,719000,22000,23000,0.00,797.67,788.65,true,false,false,806.00
7720550000,7721269000,719000,22000,23000,0.00,797.67,788.65,true,false,false,806.00
7721269000,7721988000,719000,22000,23000,0.00,797.67,788.65,true,false,false,806.00
7721988000,7722707000,719000,22000,23000,0.00,797.67,788.65,true,false,false,806.00
7722707000,7723426000,719000,22000,23000,0.00,797.67,788.65,true,false,false,806.00
7723426000,7724145000,719000,22000,23000,0.00,797.67,788.65,true,false,false,806.00
7724145000,7724864000,719000,22000,23000,0.00,797.67,788.65,true,false,false,806.00
7724864000,7725583000,719000,22000,23000,0.00,797.67,788.65,true,false,false,806.00
7725583000,7726302000,719000,22000,23000,0.00,797.67,788.65,true,false,true,806.00
7726302000,7727021000,719000,22000,23000,2.20,0.00,788.65,true,false,false,806.00
7727021000,7727740000,719000,22000,23000,2.20,788.65,788.65,true,false,false,806.00
7727740000,7728459000,719000,22000,23000,2.20,788.65,788.65,true,false,false,806.00
7728459000,7732162000,3703000,22000,22000,2.20,788.65,827.98,false,true,false,806.00
7732162000,7732926000,764000,0,38000,0.00,788.65,785.58,true,false,false,812.00
7732926000,7733705000,779000,19000,43000,0.00,793.74,793.74,true,false,false,812.00
7733705000,7734457000,752000,24000,34000,0.00,793.74,793.74,true,false,false,812.00
7734457000,7735194000,737000,25000,29000,0.00,793.74,789.88,true,false,false,812.00
7735194000,7735934000,740000,27000,30000,0.00,793.74,789.88,true,false,false,812.00
7735934000,7736671000,737000,27000,29000,0.00,793.74,789.88,true,false,false,812.00
7736671000,7737408000,737000,27000,29000,0.00,793.74,789.88,true,false,false,812.00
7737408000,7738142000,734000,28000,28000,0.00,793.74,789.88,true,false,false,812.00
7738142000,7738877000,735000,28000,28000,0.00,793.74,789.88,true,false,false,812.00
7738877000,7739611000,734000,28000,28000,0.00,793.74,789.88,true,false,false,812.00
7739611000,7740345000,734000,28000,28000,0.00,793.74,789.88,true,false,false,812.00
7740345000,7741079000,734000,28000,28000,0.00,793.74,789.88,true,false,false,812.00
7741079000,7741813000,734000,28000,28000,0.00,793.74,789.88,true,false,false,812.00
7741813000,7742547000,734000,28000,28000,0.00,793.74,789.88,true,false,false,812.00
7742547000,7743281000,734000,28000,28000,0.00,793.74,789.88,true,false,false,812.00
7743281000,7744015000,734000,28000,28000,0.00,793.74,789.88,true,false,false,812.00
7744015000,7744749000,734000,28000,28000,0.00,793.74,789.88,true,false,false,812.00
7744749000,7745483000,734000,28000,28000,0.00,793.74,789.88,true,false,false,812.00
7745483000,7746218000,735000,28000,28000,0.00,793.74,789.88,true,false,false,812.00
7746218000,7746952000,734000,28000,28000,0.00,793.74,789.88,true,false,false,812.00
7746952000,7747686000,734000,28000,28000,0.00,793.74,789.88,true,false,false,812.00
7747686000,7748420000,734000,28000,28000,0.00,793.74,789.88,true,false,false,812.00
7748420000,7749154000,734000,28000,28000,0.00,793.74,789.88,true,false,false,812.00
7749154000,7749888000,734000,28000,28000,0.00,793.74,789.88,true,false,false,812.00
7749888000,7750622000,734000,28000,28000,0.00,793.74,789.88,true,false,false,812.00
7750622000,7751356000,734000,28000,28000,0.00,793.74,789.88,true,false,true,812.00
7751356000,7752222000,866000,28000,72000,2.80,0.00,789.88,true,false,false,812.00
7752222000,7753197000,975000,35000,108000,2.80,744.95,744.95,true,false,false,812.00
7753197000,7753962000,765000,10000,38000,1.00,794.52,794.52,true,false,false,812.00
7753962000,7757572000,3610000,29000,29000,1.00,794.52,807.66,false,true,false,812.00
7757572000,7758318000,746000,9000,32000,0.90,794.52,803.96,true,false,false,815.00
7758318000,7759076000,758000,26000,36000,0.90,794.52,789.73,true,false,false,815.00
7759076000,7759822000,746000,26000,32000,0.90,794.52,791.26,true,false,false,815.00
7759822000,7760565000,743000,28000,31000,0.90,794.52,791.26,true,false,false,815.00
7760565000,7761305000,740000,28000,30000,0.90,794.52,791.26,true,false,false,815.00
7761305000,7762045000,740000,28000,30000,0.90,794.52,792.03,true,false,false,815.00
7762045000,7762785000,740000,29000,30000,0.90,794.52,792.03,true,false,false,815.00
7762785000,7763525000,740000,29000,30000,0.90,794.52,792.03,true,false,false,815.00
7763525000,7764262000,737000,29000,29000,0.90,794.52,792.03,true,false,false,815.00
7764262000,7764999000,737000,29000,29000,0.90,794.52,792.03,true,false,false,815.00
7764999000,7765736000,737000,29000,29000,0.90,794.52,792.03,true,false,false,815.00
7765736000,7766473000,737000,29000,29000,0.90,794.52,792.03,true,false,false,815.00
7766473000,7767210000,737000,29000,29000,0.90,794.52,792.03,true,false,false,815.00
7767210000,7767947000,737000,29000,29000,0.90,794.52,792.03,true,false,false,815.00
7767947000,7768685000,738000,29000,29000,0.90,794.52,792.03,true,false,false,815.00
7768685000,7769422000,737000,29000,29000,0.90,794.52,792.03,true,false,false,815.00
7769422000,7770159000,737000,29000,29000,0.90,794.52,792.03,true,false,false,815.00
7770159000,7770896000,737000,29000,29000,0.90,794.52,792.03,true,false,false,815.00
7770896000,7771633000,737000,29000,29000,0.90,794.52,792.03,true,false,false,815.00
7771633000,7772370000,737000,29000,29000,0.90,794.52,792.03,true,false,false,815.00
7772370000,7773107000,737000,29000,29000,0.90,794.52,792.03,true,false,false,815.00
7773107000,7773844000,737000,29000,29000,0.90,794.52,792.03,true,false,false,815.00
7773844000,7774581000,737000,29000,29000,0.90,794.52,792.03,true,false,false,815.00
7774581000,7775507000,926000,29000,92000,0.90,794.52,773.24,true,false,false,815.00
7775507000,7776496000,989000,21000,113000,0.90,794.52,768.87,true,false,false,815.00
7776496000,7777263000,767000,11000,39000,0.90,794.52,786.68,true,false,true,815.00
7777263000,7778030000,767000,23000,39000,2.30,0.00,786.68,true,false,false,815.00
7778030000,7778777000,747000,25000,32000,2.30,792.03,792.03,true,false,false,815.00
7778777000,7779520000,743000,27000,31000,2.30,792.03,792.03,true,false,false,815.00
7779520000,7783188000,3668000,29000,29000,2.30,792.03,833.80,false,true,false,815.00
7783188000,7783967000,779000,0,43000,0.00,792.03,798.24,true,false,false,819.00
7783967000,7784758000,791000,22000,47000,0.00,797.47,797.47,true,false,false,819.00
7784758000,7785519000,761000,27000,37000,0.00,797.47,797.47,true,false,false,819.00
7785519000,7786266000,747000,28000,32000,0.00,797.47,794.37,true,false,false,819.00
7786266000,7787012000,746000,30000,32000,0.00,797.47,793.60,true,false,false,819.00
7787012000,7787755000,743000,30000,31000,0.00,797.47,794.37,true,false,false,819.00
7787755000,7788498000,743000,30000,31000,0.00,797.47,794.37,true,false,false,819.00
7788498000,7789241000,743000,30000,31000,0.00,797.47,794.37,true,false,false,819.00
7789241000,7789984000,743000,30000,31000,0.00,797.47,794.37,true,false,false,819.00
7789984000,7790727000,743000,31000,31000,0.00,797.47,794.37,true,false,false,819.00
7790727000,7791470000,743000,31000,31000,0.00,797.47,794.37,true,false,false,819.00
7791470000,7792213000,743000,31000,31000,0.00,797.47,794.37,true,false,false,819.00
7792213000,7792957000,744000,31000,31000,0.00,797.47,794.37,true,false,false,819.00
7792957000,7793700000,743000,31000,31000,0.00,797.47,794.37,true,false,false,819.00
7793700000,7794443000,743000,31000,31000,0.00,797.47,794.37,true,false,false,819.00
7794443000,7795186000,743000,31000,31000,0.00,797.47,794.37,true,false,false,819.00
7795186000,7795929000,743000,31000,31000,0.00,797.47,794.37,true,false,false,819.00
7795929000,7796673000,744000,31000,31000,0.00,797.47,794.37,true,false,false,819.00
7796673000,7797416000,743000,31000,31000,0.00,797.47,794.37,true,false,false,819.00
7797416000,7798159000,743000,31000,31000,0.00,797.47,794.37,true,false,false,819.00
7798159000,7799098000,939000,31000,96000,0.00,797.47,753.45,true,false,false,819.00
7799098000,7800102000,1004000,25000,118000,0.00,797.47,795.15,true,false,false,819.00
7800102000,7800875000,773000,12000,41000,0.00,797.47,795.15,true,false,false,819.00
7800875000,7801645000,770000,25000,40000,0.00,797.47,789.78,true,false,false,819.00
7801645000,7802397000,752000,27000,34000,0.00,797.47,792.84,true,false,false,819.00
7802397000,7803146000,749000,29000,33000,0.00,797.47,794.37,true,false,true,819.00
7803146000,7803892000,746000,30000,32000,3.00,0.00,794.37,true,false,false,819.00
7803892000,7804635000,743000,30000,31000,3.00,795.15,795.15,true,false,false,819.00
7804635000,7805378000,743000,31000,31000,3.00,795.15,794.37,true,false,false,819.00
7805378000,7809087000,3709000,31000,31000,3.00,795.15,847.22,false,true,false,819.00
7809087000,7809884000,797000,0,49000,0.00,795.15,796.69,true,false,false,817.00
7809884000,7810697000,813000,14000,54000,0.00,800.20,800.20,true,false,false,817.00
7810697000,7811468000,771000,27000,40000,0.00,800.20,800.20,true,false,false,817.00
7811468000,7812217000,749000,26000,33000,0.00,800.20,793.97,true,false,false,817.00
7812217000,7812967000,750000,28000,33000,0.00,800.20,792.43,true,false,false,817.00
7812967000,7813711000,744000,29000,31000,0.00,800.20,793.20,true,false,false,817.00
7813711000,7814454000,743000,29000,31000,0.00,800.20,793.20,true,false,false,817.00
7814454000,7815195000,741000,30000,30000,0.00,800.20,793.20,true,false,false,817.00
7815195000,7815935000,740000,30000,30000,0.00,800.20,793.20,true,false,false,817.00
7815935000,7816675000,740000,30000,30000,0.00,800.20,793.20,true,false,false,817.00
7816675000,7817416000,741000,30000,30000,0.00,800.20,793.20,true,false,false,817.00
7817416000,7818156000,740000,30000,30000,0.00,800.20,793.20,true,false,false,817.00
7818156000,7818897000,741000,30000,30000,0.00,800.20,793.20,true,false,false,817.00
7818897000,7819638000,741000,30000,30000,0.00,800.20,793.20,true,false,false,817.00
7819638000,7820378000,740000,30000,30000,0.00,800.20,793.20,true,false,false,817.00
7820378000,7821118000,740000,30000,30000,0.00,800.20,793.20,true,false,false,817.00
7821118000,7821858000,740000,30000,30000,0.00,800.20,793.20,true,false,false,817.00
7821858000,7822673000,815000,30000,55000,0.00,800.20,793.20,true,false,false,817.00
7822673000,7823665000,992000,55000,114000,0.00,800.20,759.29,true,false,false,817.00
7823665000,7824504000,839000,12000,63000,0.00,800.20,785.58,true,false,false,817.00
7824504000,7825274000,770000,28000,40000,0.00,800.20,787.85,true,false,false,817.00
7825274000,7826023000,749000,24000,33000,0.00,800.20,793.20,true,false,false,817.00
7826023000,7826772000,749000,28000,33000,0.00,800.20,793.20,true,false,false,817.00
7826772000,7827516000,744000,28000,31000,0.00,800.20,793.20,true,false,false,817.00
7827516000,7828259000,743000,29000,31000,0.00,800.20,793.20,true,false,false,817.00
7828259000,7829000000,741000,30000,30000,0.00,800.20,793.20,true,false,true,817.00
7829000000,7829740000,740000,30000,30000,3.00,0.00,793.20,true,false,false,817.00
7829740000,7830481000,741000,30000,30000,3.00,793.20,793.20,true,false,false,817.00
7830481000,7831221000,740000,30000,30000,3.00,793.20,793.20,true,false,false,817.00
7831221000,7834927000,3706000,30000,30000,3.00,793.20,846.15,false,true,false,817.00
7834927000,7835724000,797000,0,49000,0.00,793.20,793.97,true,false,false,815.00
7835724000,7836533000,809000,12000,53000,0.00,799.02,799.02,true,false,false,815.00
7836533000,7837300000,767000,27000,39000,0.00,799.02,799.02,true,false,false,815.00
7837300000,7838046000,746000,25000,32000,0.00,799.02,793.57,true,false,false,815.00
7838046000,7838792000,746000,27000,32000,0.00,799.02,791.26,true,false,false,815.00
7838792000,7839532000,740000,28000,30000,0.00,799.02,791.26,true,false,false,815.00
7839532000,7840272000,740000,28000,30000,0.00,799.02,791.26,true,false,false,815.00
7840272000,7841012000,740000,29000,30000,0.00,799.02,792.03,true,false,false,815.00
7841012000,7841753000,741000,29000,30000,0.00,799.02,792.03,true,false,false,815.00
7841753000,7842493000,740000,29000,30000,0.00,799.02,792.03,true,false,false,815.00
7842493000,7843233000,740000,29000,30000,0.00,799.02,792.03,true,false,false,815.00
7843233000,7843970000,737000,29000,29000,0.00,799.02,792.03,true,false,false,815.00
7843970000,7844707000,737000,29000,29000,0.00,799.02,792.03,true,false,false,815.00
7844707000,7845444000,737000,29000,29000,0.00,799.02,792.03,true,false,false,815.00
7845444000,7846182000,738000,29000,29000,0.00,799.02,792.03,true,false,false,815.00
7846182000,7847168000,986000,29000,112000,0.00,799.02,754.63,true,false,false,815.00
7847168000,7848131000,963000,11000,104000,0.00,799.02,791.26,true,false,false,815.00
7848131000,7848898000,767000,12000,39000,0.00,799.02,785.92,true,false,false,815.00
7848898000,7849644000,746000,23000,32000,0.00,799.02,785.92,true,false,false,815.00
7849644000,7850391000,747000,27000,32000,0.00,799.02,790.49,true,false,false,815.00
7850391000,7851131000,740000,27000,30000,0.00,799.02,792.03,true,false,false,815.00
7851131000,7851871000,740000,28000,30000,0.00,799.02,792.03,true,false,false,815.00
7851871000,7852611000,740000,29000,30000,0.00,799.02,792.03,true,false,false,815.00
7852611000,7853349000,738000,29000,29000,0.00,799.02,792.03,true,false,false,815.00
7853349000,7854086000,737000,29000,29000,0.00,799.02,792.03,true,false,false,815.00
7854086000,7854823000,737000,29000,29000,0.00,799.02,792.03,true,false,true,815.00
7854823000,7855560000,737000,29000,29000,2.90,0.00,792.03,true,false,false,815.00
7855560000,7856297000,737000,29000,29000,2.90,792.03,792.03,true,false,false,815.00
7856297000,7857034000,737000,29000,29000,2.90,792.03,792.03,true,false,false,815.00
7857034000,7860731000,3697000,29000,29000,2.90,792.03,843.72,false,true,false,815.00
7860731000,7861523000,792000,0,47000,0.00,792.03,792.03,true,false,false,814.00
7861523000,7862329000,806000,13000,52000,0.00,798.04,798.04,true,false,false,814.00
7862329000,7863096000,767000,26000,39000,0.00,798.04,798.04,true,false,false,814.00
7863096000,7863839000,743000,25000,31000,0.00,798.04,793.37,true,false,false,814.00
7863839000,7864585000,746000,27000,32000,0.00,798.04,790.29,true,false,false,814.00
7864585000,7865325000,740000,27000,30000,0.00,798.04,791.06,true,false,false,814.00
7865325000,7866062000,737000,28000,29000,0.00,798.04,791.06,true,false,false,814.00
7866062000,7866799000,737000,28000,29000,0.00,798.04,791.06,true,false,false,814.00
7866799000,7867536000,737000,29000,29000,0.00,798.04,791.06,true,false,false,814.00
7867536000,7868273000,737000,29000,29000,0.00,798.04,791.06,true,false,false,814.00
7868273000,7869010000,737000,29000,29000,0.00,798.04,791.06,true,false,false,814.00
7869010000,7869747000,737000,29000,29000,0.00,798.04,791.06,true,false,false,814.00
7869747000,7870718000,971000,29000,107000,0.00,798.04,746.10,true,false,false,814.00
7870718000,7871708000,990000,13000,113000,0.00,798.04,796.48,true,false,false,814.00
7871708000,7872475000,767000,10000,39000,0.00,798.04,788.00,true,false,false,814.00
7872475000,7873224000,749000,22000,33000,0.00,798.04,788.00,true,false,false,814.00
7873224000,7873970000,746000,27000,32000,0.00,798.04,789.52,true,false,false,814.00
7873970000,7874711000,741000,27000,30000,0.00,798.04,791.06,true,false,false,814.00
7874711000,7875452000,741000,28000,30000,0.00,798.04,791.06,true,false,false,814.00
7875452000,7876189000,737000,28000,29000,0.00,798.04,791.83,true,false,false,814.00
7876189000,7876926000,737000,29000,29000,0.00,798.04,791.06,true,false,false,814.00
7876926000,7877664000,738000,29000,29000,0.00,798.04,791.06,true,false,false,814.00
7877664000,7878402000,738000,29000,29000,0.00,798.04,791.06,true,false,false,814.00
7878402000,7879139000,737000,29000,29000,0.00,798.04,791.06,true,false,false,814.00
7879139000,7879876000,737000,29000,29000,0.00,798.04,791.06,true,false,false,814.00
7879876000,7880614000,738000,29000,29000,0.00,798.04,791.06,true,false,true,814.00
7880614000,7881351000,737000,29000,29000,2.90,0.00,791.06,true,false,false,814.00
7881351000,7882088000,737000,29000,29000,2.90,791.06,791.06,true,false,false,814.00
7882088000,7882825000,737000,29000,29000,2.90,791.06,791.06,true,false,false,814.00
7882825000,7886521000,3696000,29000,29000,2.90,791.06,842.79,false,true,false,814.00
7886521000,7887312000,791000,0,47000,0.00,791.06,791.06,true,false,false,813.00
7887312000,7888115000,803000,11000,51000,0.00,797.84,797.84,true,false,false,813.00
7888115000,7888882000,767000,26000,39000,0.00,797.84,797.84,true,false,false,813.00
7888882000,7889625000,743000,24000,31000,0.00,797.84,792.40,true,false,false,813.00
7889625000,7890368000,743000,27000,31000,0.00,797.84,790.09,true,false,false,813.00
7890368000,7891108000,740000,27000,30000,0.00,797.84,790.09,true,false,false,813.00
7891108000,7891845000,737000,28000,29000,0.00,797.84,790.09,true,false,false,813.00
7891845000,7892583000,738000,28000,29000,0.00,797.84,790.86,true,false,false,813.00
7892583000,7893320000,737000,28000,29000,0.00,797.84,790.86,true,false,false,813.00
7893320000,7894301000,981000,28000,110000,0.00,797.84,737.75,true,false,false,813.00
7894301000,7895284000,983000,13000,111000,0.00,800.99,800.99,true,false,false,813.00
7895284000,7896052000,768000,10000,39000,0.00,800.99,800.99,true,false,false,813.00
7896052000,7896798000,746000,22000,32000,0.00,800.99,791.63,true,false,false,813.00
7896798000,7897544000,746000,27000,32000,0.00,800.99,788.55,true,false,false,813.00
7897544000,7898284000,740000,26000,30000,0.00,800.99,790.09,true,false,false,813.00
7898284000,7899024000,740000,27000,30000,0.00,800.99,790.09,true,false,false,813.00
7899024000,7899761000,737000,28000,29000,0.00,800.99,790.86,true,false,false,813.00
7899761000,7900498000,737000,28000,29000,0.00,800.99,790.09,true,false,false,813.00
7900498000,7901235000,737000,28000,29000,0.00,800.99,790.09,true,false,false,813.00
7901235000,7901973000,738000,28000,29000,0.00,800.99,790.86,true,false,false,813.00
7901973000,7902710000,737000,28000,29000,0.00,800.99,790.86,true,false,false,813.00
7902710000,7903447000,737000,28000,29000,0.00,800.99,790.86,true,false,false,813.00
7903447000,7904184000,737000,28000,29000,0.00,800.99,790.86,true,false,false,813.00
7904184000,7904921000,737000,28000,29000,0.00,800.99,790.86,true,false,false,813.00
7904921000,7905658000,737000,28000,29000,0.00,800.99,790.86,true,false,false,813.00
7905658000,7906395000,737000,28000,29000,0.00,800.99,790.86,true,false,true,813.00
7906395000,7907133000,738000,28000,29000,2.80,0.00,790.86,true,false,false,813.00
7907133000,7907870000,737000,28000,29000,2.80,790.86,790.86,true,false,false,813.00
7907870000,7908607000,737000,28000,29000,2.80,790.86,790.86,true,false,false,813.00
7908607000,7912299000,3692000,28000,28000,2.80,790.86,840.63,false,true,false,813.00
7912299000,7913087000,788000,0,46000,0.00,790.86,790.86,true,false,false,813.00
7913087000,7913887000,800000,13000,50000,0.00,797.84,797.84,true,false,false,813.00
7913887000,7914652000,765000,26000,38000,0.00,797.84,797.84,true,false,false,813.00
7914652000,7915395000,743000,24000,31000,0.00,797.84,792.40,true,false,false,813.00
7915395000,7916138000,743000,27000,31000,0.00,797.84,790.09,true,false,false,813.00
7916138000,7916875000,737000,27000,29000,0.00,797.84,790.09,true,false,false,813.00
7916875000,7917852000,977000,28000,109000,0.00,797.84,790.09,true,false,false,813.00
7917852000,7918829000,977000,13000,109000,0.00,797.84,733.09,true,false,false,813.00
7918829000,7919596000,767000,10000,39000,0.00,804.15,804.15,true,false,false,813.00
7919596000,7920343000,747000,22000,32000,0.00,804.15,793.17,true,false,false,813.00
7920343000,7921089000,746000,27000,32000,0.00,804.15,790.86,true,false,false,813.00
7921089000,7921829000,740000,26000,30000,0.00,804.15,790.86,true,false,false,813.00
7921829000,7922569000,740000,27000,30000,0.00,804.15,790.09,true,false,false,813.00
7922569000,7923307000,738000,28000,29000,0.00,804.15,790.86,true,false,false,813.00
7923307000,7924044000,737000,28000,29000,0.00,804.15,790.86,true,false,false,813.00
7924044000,7924781000,737000,28000,29000,0.00,804.15,790.86,true,false,false,813.00
7924781000,7925518000,737000,28000,29000,0.00,804.15,790.09,true,false,false,813.00
7925518000,7926255000,737000,28000,29000,0.00,804.15,790.86,true,false,false,813.00
7926255000,7926992000,737000,28000,29000,0.00,804.15,790.86,true,false,false,813.00
7926992000,7927729000,737000,28000,29000,0.00,804.15,790.86,true,false,false,813.00
7927729000,7928467000,738000,28000,29000,0.00,804.15,790.86,true,false,false,813.00
7928467000,7929204000,737000,28000,29000,0.00,804.15,790.09,true,false,false,813.00
7929204000,7929941000,737000,28000,29000,0.00,804.15,790.09,true,false,false,813.00
7929941000,7930678000,737000,28000,29000,0.00,804.15,790.86,true,false,false,813.00
7930678000,7931415000,737000,28000,29000,0.00,804.15,790.86,true,false,false,813.00
7931415000,7932152000,737000,28000,29000,0.00,804.15,790.86,true,false,true,813.00
7932152000,7932889000,737000,28000,29000,2.80,0.00,790.86,true,false,false,813.00
7932889000,7933627000,738000,28000,29000,2.80,790.86,790.86,true,false,false,813.00
7933627000,7934364000,737000,28000,29000,2.80,790.86,790.09,true,false,false,813.00
7934364000,7938054000,3690000,28000,28000,2.80,790.86,840.63,false,true,false,813.00
7938054000,7938842000,788000,0,46000,0.00,790.86,790.86,true,false,false,813.00
7938842000,7939642000,800000,13000,50000,0.00,797.06,797.06,true,false,false,813.00
7939642000,7940406000,764000,25000,38000,0.00,797.06,797.06,true,false,false,813.00
7940406000,7941365000,959000,25000,103000,0.00,797.06,792.40,true,false,false,813.00
7941365000,7942321000,956000,13000,102000,0.00,797.06,747.93,true,false,false,813.00
7942321000,7943088000,767000,12000,39000,0.00,797.06,790.09,true,false,false,813.00
7943088000,7943831000,743000,22000,31000,0.00,797.06,792.40,true,false,false,813.00
7943831000,7944578000,747000,26000,32000,0.00,797.06,792.40,true,false,false,813.00
7944578000,7945319000,741000,26000,30000,0.00,797.06,791.63,true,false,false,813.00
7945319000,7946060000,741000,27000,30000,0.00,797.06,790.86,true,false,false,813.00
7946060000,7946798000,738000,28000,29000,0.00,797.06,790.09,true,false,false,813.00
7946798000,7947535000,737000,28000,29000,0.00,797.06,790.09,true,false,false,813.00
7947535000,7948272000,737000,28000,29000,0.00,797.06,790.86,true,false,false,813.00
7948272000,7949009000,737000,28000,29000,0.00,797.06,790.86,true,false,false,813.00
7949009000,7949746000,737000,28000,29000,0.00,797.06,790.86,true,false,false,813.00
7949746000,7950484000,738000,28000,29000,0.00,797.06,790.86,true,false,false,813.00
7950484000,7951221000,737000,28000,29000,0.00,797.06,790.86,true,false,false,813.00
7951221000,7951958000,737000,28000,29000,0.00,797.06,790.86,true,false,false,813.00
7951958000,7952695000,737000,28000,29000,0.00,797.06,790.86,true,false,false,813.00
7952695000,7953432000,737000,28000,29000,0.00,797.06,790.86,true,false,false,813.00
7953432000,7954169000,737000,28000,29000,0.00,797.06,790.86,true,false,false,813.00
7954169000,7954906000,737000,28000,29000,0.00,797.06,790.86,true,false,false,813.00
7954906000,7955644000,738000,28000,29000,0.00,797.06,790.86,true,false,false,813.00
7955644000,7956381000,737000,28000,29000,0.00,797.06,790.09,true,false,false,813.00
7956381000,7957118000,737000,28000,29000,0.00,797.06,790.86,true,false,false,813.00
7957118000,7957855000,737000,28000,29000,0.00,797.06,790.86,true,false,true,813.00
7957855000,7958592000,737000,28000,29000,2.80,0.00,790.86,true,false,false,813.00
7958592000,7959329000,737000,28000,29000,2.80,790.09,790.09,true,false,false,813.00
7959329000,7960066000,737000,28000,29000,2.80,790.86,790.86,true,false,false,813.00
7960066000,7963759000,3693000,28000,28000,2.80,790.86,840.63,false,true,false,813.00
7963759000,7964961000,1202000,0,184000,0.00,790.86,726.54,true,false,false,813.00
7964961000,7965869000,908000,12000,86000,0.00,790.86,786.27,true,false,false,813.00
7965869000,7966684000,815000,27000,55000,0.00,790.86,779.48,true,false,false,813.00
7966684000,7967454000,770000,24000,40000,0.00,790.86,784.75,true,false,false,813.00
7967454000,7968222000,768000,32000,39000,0.00,790.86,784.75,true,false,false,813.00
7968222000,7968983000,761000,33000,37000,0.00,790.86,786.27,true,false,false,813.00
7968983000,7969741000,758000,33000,36000,0.00,790.86,786.27,true,false,false,813.00
7969741000,7970499000,758000,34000,36000,0.00,790.86,786.27,true,false,false,813.00
7970499000,7971254000,755000,34000,35000,0.00,790.86,786.27,true,false,false,813.00
7971254000,7972009000,755000,34000,35000,0.00,790.86,785.51,true,false,false,813.00
7972009000,7972764000,755000,34000,35000,0.00,790.86,785.51,true,false,false,813.00
7972764000,7973520000,756000,34000,35000,0.00,790.86,785.51,true,false,false,813.00
7973520000,7974276000,756000,35000,35000,0.00,790.86,785.51,true,false,false,813.00
7974276000,7975031000,755000,35000,35000,0.00,790.86,785.51,true,false,false,813.00
7975031000,7975786000,755000,35000,35000,0.00,790.86,785.51,true,false,false,813.00
7975786000,7976542000,756000,35000,35000,0.00,790.86,785.51,true,false,false,813.00
7976542000,7977297000,755000,35000,35000,0.00,790.86,785.51,true,false,false,813.00
7977297000,7978052000,755000,35000,35000,0.00,790.86,785.51,true,false,false,813.00
7978052000,7978808000,756000,35000,35000,0.00,790.86,785.51,true,false,false,813.00
7978808000,7979563000,755000,35000,35000,0.00,790.86,785.51,true,false,false,813.00
7979563000,7980319000,756000,35000,35000,0.00,790.86,785.51,true,false,false,813.00
7980319000,7981074000,755000,35000,35000,0.00,790.86,785.51,true,false,false,813.00
7981074000,7981829000,755000,35000,35000,0.00,790.86,785.51,true,false,false,813.00
7981829000,7982584000,755000,35000,35000,0.00,790.86,785.51,true,false,false,813.00
7982584000,7983339000,755000,35000,35000,0.00,790.86,785.51,true,false,false,813.00
7983339000,7984094000,755000,35000,35000,0.00,790.86,785.51,true,false,true,813.00
7984094000,7984849000,755000,35000,35000,3.50,0.00,785.51,true,false,false,813.00
7984849000,7985604000,755000,35000,35000,3.50,785.51,785.51,true,false,false,813.00
7985604000,7986359000,755000,35000,35000,3.50,785.51,785.51,true,false,false,813.00
7986359000,7990196000,3837000,35000,35000,3.50,785.51,864.23,false,true,false,813.00
7990196000,7990984000,788000,0,46000,0.00,785.51,793.95,true,false,false,859.00
7990984000,7991781000,797000,3000,49000,0.00,822.01,822.01,true,false,false,859.00
7991781000,7992560000,779000,32000,43000,0.00,828.35,828.35,true,false,false,859.00
7992560000,7993330000,770000,37000,40000,0.00,828.35,828.35,true,false,false,859.00
7993330000,7994100000,770000,36000,40000,0.00,828.35,828.35,true,false,false,859.00
7994100000,7994867000,767000,37000,39000,0.00,828.35,827.55,true,false,false,859.00
7994867000,7995635000,768000,38000,39000,0.00,828.35,827.55,true,false,false,859.00
7995635000,7996402000,767000,38000,39000,0.00,828.35,826.76,true,false,false,859.00
7996402000,7997170000,768000,38000,39000,0.00,828.35,827.55,true,false,false,859.00
7997170000,7997937000,767000,38000,39000,0.00,828.35,827.55,true,false,false,859.00
7997937000,7998705000,768000,38000,39000,0.00,828.35,827.55,true,false,false,859.00
7998705000,7999472000,767000,38000,39000,0.00,828.35,826.76,true,false,false,859.00
7999472000,8000240000,768000,38000,39000,0.00,828.35,827.55,true,false,false,859.00
8000240000,8001007000,767000,38000,39000,0.00,828.35,827.55,true,false,false,859.00
8001007000,8001774000,767000,38000,39000,0.00,828.35,827.55,true,false,false,859.00
8001774000,8002541000,767000,38000,39000,0.00,828.35,827.55,true,false,false,859.00
8002541000,8003308000,767000,38000,39000,0.00,828.35,826.76,true,false,false,859.00
8003308000,8004075000,767000,38000,39000,0.00,828.35,827.55,true,false,false,859.00
8004075000,8004843000,768000,38000,39000,0.00,828.35,827.55,true,false,false,859.00
8004843000,8005610000,767000,38000,39000,0.00,828.35,827.55,true,false,false,859.00
8005610000,8006378000,768000,38000,39000,0.00,828.35,827.55,true,false,false,859.00
8006378000,8007145000,767000,38000,39000,0.00,828.35,826.76,true,false,false,859.00
8007145000,8007912000,767000,38000,39000,0.00,828.35,826.76,true,false,false,859.00
8007912000,8008679000,767000,38000,39000,0.00,828.35,827.55,true,false,false,859.00
8008679000,8009447000,768000,38000,39000,0.00,828.35,827.55,true,false,false,859.00
8009447000,8010214000,767000,38000,39000,0.00,828.35,826.76,true,false,true,859.00
8010214000,8010981000,767000,38000,39000,3.80,0.00,826.76,true,false,false,859.00
8010981000,8011829000,848000,38000,66000,3.80,826.76,826.76,true,false,false,859.00
8011829000,8012881000,1052000,65000,134000,3.80,826.76,767.65,true,false,false,859.00
8012881000,8016659000,3778000,79000,79000,3.80,826.76,858.96,false,true,false,859.00
8016659000,8017474000,815000,0,55000,0.10,826.76,858.96,true,false,false,859.00
8017474000,8018307000,833000,23000,61000,0.10,826.76,833.17,true,false,false,859.00
8018307000,8019083000,776000,31000,42000,0.10,828.35,828.35,true,false,false,859.00
8019083000,8019841000,758000,32000,36000,0.10,829.95,829.95,true,false,false,859.00
8019841000,8020600000,759000,34000,36000,0.10,829.95,829.95,true,false,false,859.00
8020600000,8021359000,759000,34000,36000,0.10,829.95,829.95,true,false,false,859.00
8021359000,8022114000,755000,34000,35000,0.10,829.95,829.95,true,false,false,859.00
8022114000,8022869000,755000,35000,35000,0.10,829.95,829.95,true,false,false,859.00
8022869000,8023625000,756000,35000,35000,0.10,829.95,829.95,true,false,false,859.00
8023625000,8024380000,755000,35000,35000,0.10,829.95,829.95,true,false,false,859.00
8024380000,8025135000,755000,35000,35000,0.10,829.95,829.95,true,false,false,859.00
8025135000,8025890000,755000,35000,35000,0.10,829.95,829.95,true,false,false,859.00
8025890000,8026645000,755000,35000,35000,0.10,829.95,829.95,true,false,false,859.00
8026645000,8027401000,756000,35000,35000,0.10,829.95,829.95,true,false,false,859.00
8027401000,8028156000,755000,35000,35000,0.10,829.95,829.95,true,false,false,859.00
8028156000,8028911000,755000,35000,35000,0.10,829.95,829.95,true,false,false,859.00
8028911000,8029667000,756000,35000,35000,0.10,829.95,829.95,true,false,false,859.00
8029667000,8030422000,755000,35000,35000,0.10,829.95,829.95,true,false,false,859.00
8030422000,8031177000,755000,35000,35000,0.10,829.95,829.95,true,false,false,859.00
8031177000,8031932000,755000,35000,35000,0.10,829.95,829.95,true,false,false,859.00
8031932000,8032687000,755000,35000,35000,0.10,829.95,829.95,true,false,false,859.00
8032687000,8033442000,755000,35000,35000,0.10,829.95,829.95,true,false,false,859.00
8033442000,8034197000,755000,35000,35000,0.10,829.95,829.95,true,false,false,859.00
8034197000,8034952000,755000,35000,35000,0.10,829.95,829.95,true,false,false,859.00
8034952000,8035707000,755000,35000,35000,0.10,829.95,829.95,true,false,false,859.00
8035707000,8036651000,944000,35000,98000,0.10,829.95,796.11,true,false,true,859.00
8036651000,8037664000,1013000,30000,121000,3.00,0.00,796.11,true,false,false,859.00
8037664000,8038443000,779000,16000,43000,1.60,834.79,834.79,true,false,false,859.00
8038443000,8039222000,779000,30000,43000,1.60,834.79,827.55,true,false,false,859.00
8039222000,8042883000,3661000,32000,32000,1.60,834.79,858.08,false,true,false,859.00
8042883000,8043653000,770000,8000,40000,0.80,834.79,852.18,true,false,false,864.00
8043653000,8044438000,785000,34000,45000,0.80,834.79,828.38,true,false,false,864.00
8044438000,8045205000,767000,34000,39000,0.80,834.79,831.57,true,false,false,864.00
8045205000,8045973000,768000,36000,39000,0.80,834.79,831.57,true,false,false,864.00
8045973000,8046737000,764000,36000,38000,0.80,834.79,833.17,true,false,false,864.00
8046737000,8047501000,764000,37000,38000,0.80,834.79,833.17,true,false,false,864.00
8047501000,8048265000,764000,37000,38000,0.80,834.79,833.17,true,false,false,864.00
8048265000,8049026000,761000,37000,37000,0.80,834.79,833.17,true,false,false,864.00
8049026000,8049787000,761000,37000,37000,0.80,834.79,833.17,true,false,false,864.00
8049787000,8050548000,761000,37000,37000,0.80,834.79,833.17,true,false,false,864.00
8050548000,8051309000,761000,37000,37000,0.80,834.79,833.17,true,false,false,864.00
8051309000,8052070000,761000,37000,37000,0.80,834.79,833.17,true,false,false,864.00
8052070000,8052831000,761000,37000,37000,0.80,834.79,833.17,true,false,false,864.00
8052831000,8053592000,761000,37000,37000,0.80,834.79,833.17,true,false,false,864.00
8053592000,8054353000,761000,37000,37000,0.80,834.79,833.17,true,false,false,864.00
8054353000,8055114000,761000,37000,37000,0.80,834.79,833.17,true,false,false,864.00
8055114000,8055875000,761000,37000,37000,0.80,834.79,833.17,true,false,false,864.00
8055875000,8056636000,761000,37000,37000,0.80,834.79,833.17,true,false,false,864.00
8056636000,8057397000,761000,37000,37000,0.80,834.79,833.17,true,false,false,864.00
8057397000,8058158000,761000,37000,37000,0.80,834.79,833.17,true,false,false,864.00
8058158000,8058919000,761000,37000,37000,0.80,834.79,833.17,true,false,false,864.00
8058919000,8059680000,761000,37000,37000,0.80,834.79,833.17,true,false,false,864.00
8059680000,8060633000,953000,37000,101000,0.80,834.79,787.60,true,false,false,864.00
8060633000,8061664000,1031000,33000,127000,0.80,834.79,834.78,true,false,false,864.00
8061664000,8062455000,791000,17000,47000,0.80,834.79,834.78,true,false,false,864.00
8062455000,8063246000,791000,32000,47000,0.80,834.79,826.79,true,false,true,864.00
8063246000,8064016000,770000,33000,40000,3.30,0.00,826.79,true,false,false,864.00
8064016000,8064783000,767000,36000,39000,3.30,833.17,833.17,true,false,false,864.00
8064783000,8065547000,764000,36000,38000,3.30,833.17,832.37,true,false,false,864.00
8065547000,8069300000,3753000,37000,37000,3.30,833.17,884.65,false,true,false,864.00
8069300000,8070107000,807000,0,52000,0.00,833.17,844.57,true,false,false,854.00
8070107000,8070931000,824000,20000,58000,0.00,833.17,832.36,true,false,false,854.00
8070931000,8071701000,770000,29000,40000,0.00,833.17,827.52,true,false,false,854.00
8071701000,8072453000,752000,29000,34000,0.00,833.17,827.52,true,false,false,854.00
8072453000,8073205000,752000,31000,34000,0.00,833.17,826.72,true,false,false,854.00
8073205000,8073955000,750000,31000,33000,0.00,833.17,826.72,true,false,false,854.00
8073955000,8074704000,749000,32000,33000,0.00,833.17,826.72,true,false,false,854.00
8074704000,8075454000,750000,32000,33000,0.00,833.17,827.52,true,false,false,854.00
8075454000,8076204000,750000,32000,33000,0.00,833.17,826.72,true,false,false,854.00
8076204000,8076953000,749000,32000,33000,0.00,833.17,826.72,true,false,false,854.00
8076953000,8077702000,749000,32000,33000,0.00,833.17,826.72,true,false,false,854.00
8077702000,8078451000,749000,32000,33000,0.00,833.17,827.52,true,false,false,854.00
8078451000,8079201000,750000,32000,33000,0.00,833.17,827.52,true,false,false,854.00
8079201000,8079950000,749000,32000,33000,0.00,833.17,826.72,true,false,false,854.00
8079950000,8080699000,749000,32000,33000,0.00,833.17,826.72,true,false,false,854.00
8080699000,8081448000,749000,32000,33000,0.00,833.17,826.72,true,false,false,854.00
8081448000,8082197000,749000,32000,33000,0.00,833.17,827.52,true,false,false,854.00
8082197000,8082946000,749000,32000,33000,0.00,833.17,827.52,true,false,false,854.00
8082946000,8083695000,749000,32000,33000,0.00,833.17,827.52,true,false,false,854.00
8083695000,8084444000,749000,32000,33000,0.00,833.17,826.72,true,false,false,854.00
8084444000,8085439000,995000,32000,115000,0.00,833.17,780.62,true,false,false,854.00
8085439000,8086434000,995000,15000,115000,0.00,833.17,830.74,true,false,false,854.00
8086434000,8087204000,770000,15000,40000,0.00,833.17,825.12,true,false,false,854.00
8087204000,8087965000,761000,28000,37000,0.00,833.17,825.12,true,false,false,854.00
8087965000,8088720000,755000,32000,35000,0.00,833.17,825.92,true,false,false,854.00
8088720000,8089472000,752000,31000,34000,0.00,833.17,827.52,true,false,true,854.00
8089472000,8090224000,752000,32000,34000,3.20,0.00,827.52,true,false,false,854.00
8090224000,8090973000,749000,32000,33000,3.20,827.52,827.52,true,false,false,854.00
8090973000,8091722000,749000,32000,33000,3.20,827.52,827.52,true,false,false,854.00
8091722000,8095456000,3734000,33000,33000,3.20,827.52,878.32,false,true,false,854.00
8095456000,8096256000,800000,0,50000,0.00,827.52,834.80,true,false,false,846.00
8096256000,8097071000,815000,14000,55000,0.00,828.60,828.60,true,false,false,846.00
8097071000,8097835000,764000,26000,38000,0.00,828.60,822.16,true,false,false,846.00
8097835000,8098579000,744000,25000,31000,0.00,828.60,822.16,true,false,false,846.00
8098579000,8099322000,743000,27000,31000,0.00,828.60,822.16,true,false,false,846.00
8099322000,8100063000,741000,28000,30000,0.00,828.60,822.16,true,false,false,846.00
8100063000,8100800000,737000,28000,29000,0.00,828.60,822.16,true,false,false,846.00
8100800000,8101537000,737000,29000,29000,0.00,828.60,822.16,true,false,false,846.00
8101537000,8102274000,737000,29000,29000,0.00,828.60,822.16,true,false,false,846.00
8102274000,8103011000,737000,29000,29000,0.00,828.60,822.16,true,false,false,846.00
8103011000,8103748000,737000,29000,29000,0.00,828.60,822.16,true,false,false,846.00
8103748000,8104485000,737000,29000,29000,0.00,828.60,822.16,true,false,false,846.00
8104485000,8105222000,737000,29000,29000,0.00,828.60,822.16,true,false,false,846.00
8105222000,8105959000,737000,29000,29000,0.00,828.60,822.16,true,false,false,846.00
8105959000,8106696000,737000,29000,29000,0.00,828.60,822.16,true,false,false,846.00
8106696000,8107434000,738000,29000,29000,0.00,828.60,822.16,true,false,false,846.00
8107434000,8108171000,737000,29000,29000,0.00,828.60,822.16,true,false,false,846.00
8108171000,8109103000,932000,29000,94000,0.00,828.60,822.16,true,false,false,846.00
8109103000,8110065000,962000,17000,104000,0.00,828.60,767.00,true,false,false,846.00
8110065000,8110838000,773000,15000,41000,0.00,831.86,831.86,true,false,false,846.00
8110838000,8111608000,770000,27000,40000,0.00,831.86,822.16,true,false,false,846.00
8111608000,8112363000,755000,30000,35000,0.00,831.86,818.97,true,false,false,846.00
8112363000,8113115000,752000,31000,34000,0.00,831.86,818.97,true,false,false,846.00
8113115000,8113868000,753000,32000,34000,0.00,831.86,819.77,true,false,false,846.00
8113868000,8114617000,749000,32000,33000,0.00,831.86,819.77,true,false,false,846.00
8114617000,8115366000,749000,32000,33000,0.00,831.86,819.77,true,false,true,846.00
8115366000,8116115000,749000,32000,33000,3.20,0.00,819.77,true,false,false,846.00
8116115000,8116864000,749000,32000,33000,3.20,818.97,818.97,true,false,false,846.00
8116864000,8117613000,749000,32000,33000,3.20,819.77,819.77,true,false,false,846.00
8117613000,8121343000,3730000,33000,33000,3.20,819.77,871.68,false,true,false,846.00
8121343000,8122146000,803000,0,51000,0.00,819.77,826.17,true,false,false,839.00
8122146000,8122964000,818000,14000,56000,0.00,821.74,821.74,true,false,false,839.00
8122964000,8123731000,767000,26000,39000,0.00,821.74,815.35,true,false,false,839.00
8123731000,8124474000,743000,25000,31000,0.00,821.74,815.35,true,false,false,839.00
8124474000,8125220000,746000,28000,32000,0.00,821.74,814.56,true,false,false,839.00
8125220000,8125960000,740000,28000,30000,0.00,821.74,814.56,true,false,false,839.00
8125960000,8126700000,740000,29000,30000,0.00,821.74,814.56,true,false,false,839.00
8126700000,8127441000,741000,29000,30000,0.00,821.74,815.35,true,false,false,839.00
8127441000,8128181000,740000,29000,30000,0.00,821.74,815.35,true,false,false,839.00
8128181000,8128921000,740000,29000,30000,0.00,821.74,815.35,true,false,false,839.00
8128921000,8129661000,740000,29000,30000,0.00,821.74,815.35,true,false,false,839.00
8129661000,8130401000,740000,29000,30000,0.00,821.74,814.56,true,false,false,839.00
8130401000,8131141000,740000,29000,30000,0.00,821.74,815.35,true,false,false,839.00
8131141000,8131882000,741000,29000,30000,0.00,821.74,815.35,true,false,false,839.00
8131882000,8132805000,923000,29000,91000,0.00,821.74,815.35,true,false,false,839.00
8132805000,8133773000,968000,23000,106000,0.00,821.74,759.28,true,false,false,839.00
8133773000,8134540000,767000,11000,39000,0.00,828.23,828.23,true,false,false,839.00
8134540000,8135304000,764000,24000,38000,0.00,828.23,817.74,true,false,false,839.00
8135304000,8136050000,746000,25000,32000,0.00,828.23,817.74,true,false,false,839.00
8136050000,8136793000,743000,28000,31000,0.00,828.23,814.56,true,false,false,839.00
8136793000,8137534000,741000,28000,30000,0.00,828.23,814.56,true,false,false,839.00
8137534000,8138274000,740000,28000,30000,0.00,828.23,815.35,true,false,false,839.00
8138274000,8139014000,740000,29000,30000,0.00,828.23,815.35,true,false,false,839.00
8139014000,8139754000,740000,29000,30000,0.00,828.23,815.35,true,false,false,839.00
8139754000,8140494000,740000,29000,30000,0.00,828.23,815.35,true,false,false,839.00
8140494000,8141235000,741000,29000,30000,0.00,828.23,815.35,true,false,true,839.00
8141235000,8141975000,740000,29000,30000,2.90,0.00,815.35,true,false,false,839.00
8141975000,8142716000,741000,29000,30000,2.90,815.35,815.35,true,false,false,839.00
8142716000,8143456000,740000,29000,30000,2.90,815.35,815.35,true,false,false,839.00
8143456000,8147161000,3705000,29000,29000,2.90,815.35,864.81,false,true,false,839.00
8147161000,8147946000,785000,0,45000,0.00,815.35,817.74,true,false,false,836.00
8147946000,8148749000,803000,14000,51000,0.00,820.41,820.41,true,false,false,836.00
8148749000,8149511000,762000,25000,37000,0.00,820.41,820.41,true,false,false,836.00
8149511000,8150251000,740000,24000,30000,0.00,820.41,814.02,true,false,false,836.00
8150251000,8150994000,743000,27000,31000,0.00,820.41,812.44,true,false,false,836.00
8150994000,8151731000,737000,27000,29000,0.00,820.41,813.23,true,false,false,836.00
8151731000,8152469000,738000,27000,29000,0.00,820.41,813.23,true,false,false,836.00
8152469000,8153203000,734000,28000,28000,0.00,820.41,813.23,true,false,false,836.00
8153203000,8153937000,734000,28000,28000,0.00,820.41,813.23,true,false,false,836.00
8153937000,8154672000,735000,28000,28000,0.00,820.41,813.23,true,false,false,836.00
8154672000,8155406000,734000,28000,28000,0.00,820.41,813.23,true,false,false,836.00
8155406000,8156257000,851000,28000,67000,0.00,820.41,813.23,true,false,false,836.00
8156257000,8157214000,957000,41000,102000,0.00,820.41,759.31,true,false,false,836.00
8157214000,8157990000,776000,14000,42000,0.00,822.83,822.83,true,false,false,836.00
8157990000,8158763000,773000,28000,41000,0.00,822.83,822.83,true,false,false,836.00
8158763000,8159516000,753000,26000,34000,0.00,822.83,812.44,true,false,false,836.00
8159516000,8160268000,752000,29000,34000,0.00,822.83,810.08,true,false,false,836.00
8160268000,8161018000,750000,30000,33000,0.00,822.83,810.08,true,false,false,836.00
8161018000,8161764000,746000,30000,32000,0.00,822.83,810.08,true,false,false,836.00
8161764000,8162510000,746000,31000,32000,0.00,822.83,810.86,true,false,false,836.00
8162510000,8163256000,746000,31000,32000,0.00,822.83,810.86,true,false,false,836.00
8163256000,8164002000,746000,31000,32000,0.00,822.83,810.86,true,false,false,836.00
8164002000,8164748000,746000,31000,32000,0.00,822.83,810.86,true,false,false,836.00
8164748000,8165495000,747000,31000,32000,0.00,822.83,810.86,true,false,false,836.00
8165495000,8166242000,747000,31000,32000,0.00,822.83,810.86,true,false,false,836.00
8166242000,8166988000,746000,31000,32000,0.00,822.83,810.86,true,false,true,836.00
8166988000,8167734000,746000,31000,32000,3.10,0.00,810.86,true,false,false,836.00
8167734000,8168481000,747000,31000,32000,3.10,810.08,810.08,true,false,false,836.00
8168481000,8169227000,746000,31000,32000,3.10,810.86,810.86,true,false,false,836.00
8169227000,8172946000,3719000,32000,32000,3.10,810.86,862.80,false,true,false,836.00
8172946000,8173746000,800000,0,50000,0.00,810.86,814.81,true,false,false,831.00
8173746000,8174561000,815000,14000,55000,0.00,814.71,814.71,true,false,false,831.00
8174561000,8175328000,767000,26000,39000,0.00,814.71,807.58,true,false,false,831.00
8175328000,8176071000,743000,25000,31000,0.00,814.71,807.58,true,false,false,831.00
8176071000,8176817000,746000,28000,32000,0.00,814.71,806.80,true,false,false,831.00
8176817000,8177557000,740000,28000,30000,0.00,814.71,807.58,true,false,false,831.00
8177557000,8178297000,740000,29000,30000,0.00,814.71,807.58,true,false,false,831.00
8178297000,8179037000,740000,29000,30000,0.00,814.71,807.58,true,false,false,831.00
8179037000,8179777000,740000,29000,30000,0.00,814.71,807.58,true,false,false,831.00
8179777000,8180754000,977000,29000,109000,0.00,814.71,756.83,true,false,false,831.00
8180754000,8181689000,935000,11000,95000,0.00,815.51,815.51,true,false,false,831.00
8181689000,8182456000,767000,11000,39000,0.00,815.51,815.51,true,false,false,831.00
8182456000,8183205000,749000,24000,33000,0.00,815.51,807.58,true,false,false,831.00
8183205000,8183951000,746000,27000,32000,0.00,815.51,806.01,true,false,false,831.00
8183951000,8184691000,740000,27000,30000,0.00,815.51,807.58,true,false,false,831.00
8184691000,8185431000,740000,28000,30000,0.00,815.51,807.58,true,false,false,831.00
8185431000,8186172000,741000,29000,30000,0.00,815.51,807.58,true,false,false,831.00
8186172000,8186913000,741000,29000,30000,0.00,815.51,807.58,true,false,false,831.00
8186913000,8187654000,741000,29000,30000,0.00,815.51,807.58,true,false,false,831.00
8187654000,8188394000,740000,29000,30000,0.00,815.51,807.58,true,false,false,831.00
8188394000,8189135000,741000,29000,30000,0.00,815.51,807.58,true,false,false,831.00
8189135000,8189875000,740000,29000,30000,0.00,815.51,807.58,true,false,false,831.00
8189875000,8190615000,740000,29000,30000,0.00,815.51,807.58,true,false,false,831.00
8190615000,8191355000,740000,29000,30000,0.00,815.51,807.58,true,false,false,831.00
8191355000,8192096000,741000,29000,30000,0.00,815.51,807.58,true,false,false,831.00
8192096000,8192836000,740000,29000,30000,0.00,815.51,807.58,true,false,true,831.00
8192836000,8193573000,737000,29000,29000,2.90,0.00,807.58,true,false,false,831.00
8193573000,8194311000,738000,29000,29000,2.90,807.58,807.58,true,false,false,831.00
8194311000,8195049000,738000,29000,29000,2.90,807.58,807.58,true,false,false,831.00
8195049000,8198752000,3703000,29000,29000,2.90,807.58,857.28,false,true,false,831.00
8198752000,8199541000,789000,0,46000,0.00,807.58,808.37,true,false,false,829.00
8199541000,8200344000,803000,14000,51000,0.00,813.54,813.54,true,false,false,829.00
8200344000,8201108000,764000,25000,38000,0.00,813.54,813.54,true,false,false,829.00
8201108000,8201851000,743000,25000,31000,0.00,813.54,807.21,true,false,false,829.00
8201851000,8202594000,743000,27000,31000,0.00,813.54,805.64,true,false,false,829.00
8202594000,8203331000,737000,27000,29000,0.00,813.54,805.64,true,false,false,829.00
8203331000,8204297000,966000,28000,105000,0.00,813.54,805.64,true,false,false,829.00
8204297000,8205263000,966000,16000,105000,0.00,813.54,750.91,true,false,false,829.00
8205263000,8206040000,777000,15000,42000,0.00,816.75,816.75,true,false,false,829.00
8206040000,8206796000,756000,26000,35000,0.00,816.75,805.64,true,false,false,829.00
8206796000,8207552000,756000,30000,35000,0.00,816.75,803.29,true,false,false,829.00
8207552000,8208302000,750000,30000,33000,0.00,816.75,803.29,true,false,false,829.00
8208302000,8209051000,749000,31000,33000,0.00,816.75,803.29,true,false,false,829.00
8209051000,8209797000,746000,31000,32000,0.00,816.75,803.29,true,false,false,829.00
8209797000,8210544000,747000,31000,32000,0.00,816.75,803.29,true,false,false,829.00
8210544000,8211290000,746000,31000,32000,0.00,816.75,803.29,true,false,false,829.00
8211290000,8212036000,746000,31000,32000,0.00,816.75,803.29,true,false,false,829.00
8212036000,8212782000,746000,31000,32000,0.00,816.75,803.29,true,false,false,829.00
8212782000,8213528000,746000,31000,32000,0.00,816.75,803.29,true,false,false,829.00
8213528000,8214274000,746000,32000,32000,0.00,816.75,803.29,true,false,false,829.00
8214274000,8215020000,746000,32000,32000,0.00,816.75,803.29,true,false,false,829.00
8215020000,8215767000,747000,32000,32000,0.00,816.75,803.29,true,false,false,829.00
8215767000,8216513000,746000,32000,32000,0.00,816.75,803.29,true,false,false,829.00
8216513000,8217259000,746000,32000,32000,0.00,816.75,803.29,true,false,false,829.00
8217259000,8218005000,746000,32000,32000,0.00,816.75,803.29,true,false,false,829.00
8218005000,8218752000,747000,32000,32000,0.00,816.75,803.29,true,false,true,829.00
8218752000,8219499000,747000,32000,32000,3.20,0.00,803.29,true,false,false,829.00
8219499000,8220245000,746000,32000,32000,3.20,803.29,803.29,true,false,false,829.00
8220245000,8220991000,746000,32000,32000,3.20,803.29,803.29,true,false,false,829.00
8220991000,8224713000,3722000,32000,32000,3.20,803.29,858.20,false,true,false,829.00
8224713000,8225519000,806000,0,52000,0.00,803.29,807.21,true,false,false,824.00
8225519000,8226337000,818000,13000,56000,0.00,807.84,807.84,true,false,false,824.00
8226337000,8227107000,770000,27000,40000,0.00,807.84,800.78,true,false,false,824.00
8227107000,8228055000,948000,25000,99000,0.00,807.84,800.78,true,false,false,824.00
8228055000,8229014000,959000,15000,103000,0.00,807.84,754.58,true,false,false,824.00
8229014000,8229784000,770000,13000,40000,0.00,807.84,803.90,true,false,false,824.00
8229784000,8230542000,758000,24000,36000,0.00,807.84,803.12,true,false,false,824.00
8230542000,8231291000,749000,28000,33000,0.00,807.84,800.78,true,false,false,824.00
8231291000,8232034000,743000,28000,31000,0.00,807.84,800.78,true,false,false,824.00
8232034000,8232777000,743000,29000,31000,0.00,807.84,800.00,true,false,false,824.00
8232777000,8233517000,740000,29000,30000,0.00,807.84,800.78,true,false,false,824.00
8233517000,8234257000,740000,29000,30000,0.00,807.84,800.78,true,false,false,824.00
8234257000,8234997000,740000,29000,30000,0.00,807.84,800.00,true,false,false,824.00
8234997000,8235737000,740000,29000,30000,0.00,807.84,800.00,true,false,false,824.00
8235737000,8236477000,740000,29000,30000,0.00,807.84,800.00,true,false,false,824.00
8236477000,8237217000,740000,29000,30000,0.00,807.84,800.00,true,false,false,824.00
8237217000,8237957000,740000,29000,30000,0.00,807.84,800.00,true,false,false,824.00
8237957000,8238697000,740000,29000,30000,0.00,807.84,800.00,true,false,false,824.00
8238697000,8239438000,741000,29000,30000,0.00,807.84,800.00,true,false,false,824.00
8239438000,8240178000,740000,29000,30000,0.00,807.84,800.00,true,false,false,824.00
8240178000,8240918000,740000,29000,30000,0.00,807.84,800.00,true,false,false,824.00
8240918000,8241658000,740000,29000,30000,0.00,807.84,800.00,true,false,false,824.00
8241658000,8242398000,740000,29000,30000,0.00,807.84,800.00,true,false,false,824.00
8242398000,8243138000,740000,29000,30000,0.00,807.84,800.00,true,false,false,824.00
8243138000,8243878000,740000,29000,30000,0.00,807.84,800.00,true,false,false,824.00
8243878000,8244618000,740000,29000,30000,0.00,807.84,800.00,true,false,true,824.00
8244618000,8245358000,740000,29000,30000,2.90,0.00,800.00,true,false,false,824.00
8245358000,8246098000,740000,29000,30000,2.90,800.00,800.00,true,false,false,824.00
8246098000,8246838000,740000,30000,30000,2.90,800.00,800.00,true,false,false,824.00
8246838000,8250541000,3703000,30000,30000,2.90,800.00,850.65,false,true,false,824.00
8250541000,8251431000,890000,0,80000,0.00,800.00,790.03,true,false,false,822.00
8251431000,8252327000,896000,33000,82000,0.00,800.00,790.38,true,false,false,822.00
8252327000,8253182000,855000,49000,68000,0.00,800.00,779.15,true,false,false,822.00
8253182000,8254004000,822000,50000,57000,0.00,800.00,779.15,true,false,false,822.00
8254004000,8254822000,818000,52000,56000,0.00,800.00,778.41,true,false,false,822.00
8254822000,8255637000,815000,53000,55000,0.00,800.00,779.89,true,false,false,822.00
8255637000,8256452000,815000,53000,55000,0.00,800.00,779.89,true,false,false,822.00
8256452000,8257264000,812000,53000,54000,0.00,800.00,779.89,true,false,false,822.00
8257264000,8258076000,812000,54000,54000,0.00,800.00,779.89,true,false,false,822.00
8258076000,8258888000,812000,54000,54000,0.00,800.00,779.89,true,false,false,822.00
8258888000,8259700000,812000,54000,54000,0.00,800.00,779.89,true,false,false,822.00
8259700000,8260512000,812000,54000,54000,0.00,800.00,779.89,true,false,false,822.00
8260512000,8261324000,812000,54000,54000,0.00,800.00,779.89,true,false,false,822.00
8261324000,8262137000,813000,54000,54000,0.00,800.00,779.89,true,false,false,822.00
8262137000,8262949000,812000,54000,54000,0.00,800.00,779.89,true,false,false,822.00
8262949000,8263761000,812000,54000,54000,0.00,800.00,779.89,true,false,false,822.00
8263761000,8264573000,812000,54000,54000,0.00,800.00,779.89,true,false,false,822.00
8264573000,8265385000,812000,54000,54000,0.00,800.00,779.89,true,false,false,822.00
8265385000,8266197000,812000,54000,54000,0.00,800.00,779.89,true,false,false,822.00
8266197000,8267009000,812000,54000,54000,0.00,800.00,779.89,true,false,false,822.00
8267009000,8267821000,812000,54000,54000,0.00,800.00,779.89,true,false,false,822.00
8267821000,8268633000,812000,54000,54000,0.00,800.00,779.89,true,false,false,822.00
8268633000,8269446000,813000,54000,54000,0.00,800.00,779.89,true,false,false,822.00
8269446000,8270258000,812000,54000,54000,0.00,800.00,779.89,true,false,false,822.00
8270258000,8271070000,812000,54000,54000,0.00,800.00,779.89,true,false,false,822.00
8271070000,8271882000,812000,54000,54000,0.00,800.00,779.89,true,false,true,822.00
8271882000,8272694000,812000,54000,54000,5.40,0.00,779.89,true,false,false,822.00
8272694000,8273506000,812000,54000,54000,5.40,779.89,779.89,true,false,false,822.00
8273506000,8274319000,813000,54000,54000,5.40,779.89,779.89,true,false,false,822.00
8274319000,8278330000,4011000,54000,54000,5.40,779.89,837.70,false,true,false,822.00
8278330000,8279196000,866000,0,72000,0.00,779.89,805.09,true,false,false,813.00
8279196000,8280062000,866000,0,72000,0.00,804.15,804.15,true,false,false,813.00
8280062000,8280851000,789000,22000,46000,0.00,804.15,791.63,true,false,false,813.00
8280851000,8281600000,749000,23000,33000,0.00,804.15,788.55,true,false,false,813.00
8281600000,8282343000,743000,26000,31000,0.00,804.15,788.55,true,false,false,813.00
8282343000,8283083000,740000,28000,30000,0.00,804.15,790.09,true,false,false,813.00
8283083000,8283820000,737000,27000,29000,0.00,804.15,790.86,true,false,false,813.00
8283820000,8284557000,737000,28000,29000,0.00,804.15,790.86,true,false,false,813.00
8284557000,8285294000,737000,28000,29000,0.00,804.15,790.09,true,false,false,813.00
8285294000,8286032000,738000,28000,29000,0.00,804.15,790.86,true,false,false,813.00
8286032000,8286769000,737000,28000,29000,0.00,804.15,790.86,true,false,false,813.00
8286769000,8287507000,738000,28000,29000,0.00,804.15,790.86,true,false,false,813.00
8287507000,8288244000,737000,28000,29000,0.00,804.15,790.09,true,false,false,813.00
8288244000,8288981000,737000,28000,29000,0.00,804.15,790.86,true,false,false,813.00
8288981000,8289718000,737000,28000,29000,0.00,804.15,790.86,true,false,false,813.00
8289718000,8290455000,737000,28000,29000,0.00,804.15,790.86,true,false,false,813.00
8290455000,8291192000,737000,28000,29000,0.00,804.15,790.09,true,false,false,813.00
8291192000,8291929000,737000,28000,29000,0.00,804.15,790.86,true,false,false,813.00
8291929000,8292667000,738000,28000,29000,0.00,804.15,790.86,true,false,false,813.00
8292667000,8293404000,737000,28000,29000,0.00,804.15,790.86,true,false,false,813.00
8293404000,8294141000,737000,28000,29000,0.00,804.15,790.86,true,false,false,813.00
8294141000,8294878000,737000,28000,29000,0.00,804.15,790.86,true,false,false,813.00
8294878000,8295615000,737000,28000,29000,0.00,804.15,790.86,true,false,false,813.00
8295615000,8296352000,737000,28000,29000,0.00,804.15,790.09,true,false,false,813.00
8296352000,8297089000,737000,28000,29000,0.00,804.15,790.86,true,false,false,813.00
8297089000,8297827000,738000,28000,29000,0.00,804.15,790.86,true,false,true,813.00
8297827000,8298564000,737000,28000,29000,2.80,0.00,790.86,true,false,false,813.00
8298564000,8299301000,737000,28000,29000,2.80,790.86,790.86,true,false,false,813.00
8299301000,8300257000,956000,28000,102000,2.80,790.86,748.62,true,false,false,813.00
8300257000,8303936000,3679000,101000,101000,2.80,790.86,839.85,false,true,false,813.00
8303936000,8304725000,789000,0,46000,0.00,790.86,800.20,true,false,false,813.00
8304725000,8305525000,800000,13000,50000,0.00,798.62,798.62,true,false,false,813.00
8305525000,8306289000,764000,25000,38000,0.00,798.62,790.09,true,false,false,813.00
8306289000,8307032000,743000,24000,31000,0.00,798.62,790.09,true,false,false,813.00
8307032000,8307775000,743000,27000,31000,0.00,798.62,789.32,true,false,false,813.00
8307775000,8308513000,738000,27000,29000,0.00,798.62,790.09,true,false,false,813.00
8308513000,8309250000,737000,28000,29000,0.00,798.62,790.09,true,false,false,813.00
8309250000,8309988000,738000,28000,29000,0.00,798.62,790.86,true,false,false,813.00
8309988000,8310726000,738000,28000,29000,0.00,798.62,790.86,true,false,false,813.00
8310726000,8311463000,737000,28000,29000,0.00,798.62,790.09,true,false,false,813.00
8311463000,8312200000,737000,28000,29000,0.00,798.62,790.09,true,false,false,813.00
8312200000,8312937000,737000,28000,29000,0.00,798.62,790.86,true,false,false,813.00
8312937000,8313674000,737000,28000,29000,0.00,798.62,790.86,true,false,false,813.00
8313674000,8314411000,737000,28000,29000,0.00,798.62,790.86,true,false,false,813.00
8314411000,8315148000,737000,28000,29000,0.00,798.62,790.86,true,false,false,813.00
8315148000,8315886000,738000,28000,29000,0.00,798.62,790.86,true,false,false,813.00
8315886000,8316623000,737000,28000,29000,0.00,798.62,790.09,true,false,false,813.00
8316623000,8317360000,737000,28000,29000,0.00,798.62,790.09,true,false,false,813.00
8317360000,8318097000,737000,28000,29000,0.00,798.62,790.86,true,false,false,813.00
8318097000,8318834000,737000,28000,29000,0.00,798.62,790.86,true,false,false,813.00
8318834000,8319571000,737000,28000,29000,0.00,798.62,790.09,true,false,false,813.00
8319571000,8320308000,737000,28000,29000,0.00,798.62,790.09,true,false,false,813.00
8320308000,8321046000,738000,28000,29000,0.00,798.62,790.86,true,false,false,813.00
8321046000,8321783000,737000,28000,29000,0.00,798.62,790.09,true,false,false,813.00
8321783000,8322520000,737000,28000,29000,0.00,798.62,790.09,true,false,false,813.00
8322520000,8323441000,921000,28000,90000,0.00,798.62,790.86,true,false,true,813.00
8323441000,8324427000,986000,19000,112000,1.90,0.00,790.86,true,false,false,813.00
8324427000,8325194000,767000,10000,39000,1.00,795.50,795.50,true,false,false,813.00
8325194000,8325961000,767000,22000,39000,1.00,795.50,788.55,true,false,false,813.00
8325961000,8329577000,3616000,24000,24000,1.00,795.50,810.16,false,true,false,813.00
8329577000,8330324000,747000,9000,32000,0.90,795.50,804.95,true,false,false,822.00
8330324000,8331094000,770000,29000,40000,0.90,795.50,791.15,true,false,false,822.00
8331094000,8331846000,752000,29000,34000,0.90,795.50,794.97,true,false,false,822.00
8331846000,8332598000,752000,31000,34000,0.90,795.50,794.97,true,false,false,822.00
8332598000,8333347000,749000,31000,33000,0.90,796.51,796.51,true,false,false,822.00
8333347000,8334096000,749000,31000,33000,0.90,796.51,796.51,true,false,false,822.00
8334096000,8334845000,749000,32000,33000,0.90,796.51,796.51,true,false,false,822.00
8334845000,8335595000,750000,32000,33000,0.90,796.51,796.51,true,false,false,822.00
8335595000,8336341000,746000,32000,32000,0.90,796.51,796.51,true,false,false,822.00
8336341000,8337087000,746000,32000,32000,0.90,796.51,796.51,true,false,false,822.00
8337087000,8337834000,747000,32000,32000,0.90,796.51,796.51,true,false,false,822.00
8337834000,8338580000,746000,32000,32000,0.90,796.51,796.51,true,false,false,822.00
8338580000,8339326000,746000,32000,32000,0.90,796.51,796.51,true,false,false,822.00
8339326000,8340072000,746000,32000,32000,0.90,796.51,796.51,true,false,false,822.00
8340072000,8340819000,747000,32000,32000,0.90,796.51,796.51,true,false,false,822.00
8340819000,8341566000,747000,32000,32000,0.90,796.51,796.51,true,false,false,822.00
8341566000,8342313000,747000,32000,32000,0.90,796.51,796.51,true,false,false,822.00
8342313000,8343059000,746000,32000,32000,0.90,796.51,796.51,true,false,false,822.00
8343059000,8343805000,746000,32000,32000,0.90,796.51,796.51,true,false,false,822.00
8343805000,8344551000,746000,32000,32000,0.90,796.51,796.51,true,false,false,822.00
8344551000,8345297000,746000,32000,32000,0.90,796.51,796.51,true,false,false,822.00
8345297000,8346043000,746000,32000,32000,0.90,796.51,796.51,true,false,false,822.00
8346043000,8347033000,990000,32000,113000,0.90,796.51,796.51,true,false,false,822.00
8347033000,8348041000,1008000,13000,119000,0.90,796.51,749.32,true,false,false,822.00
8348041000,8348808000,767000,9000,39000,0.90,797.28,797.28,true,false,false,822.00
8348808000,8349563000,755000,23000,35000,0.90,801.17,801.17,true,false,true,822.00
8349563000,8350309000,746000,27000,32000,2.70,0.00,801.17,true,false,false,822.00
8350309000,8351049000,740000,27000,30000,2.70,799.61,799.61,true,false,false,822.00
8351049000,8351789000,740000,28000,30000,2.70,799.61,798.83,true,false,false,822.00
8351789000,8355479000,3690000,28000,28000,2.70,799.61,846.37,false,true,false,822.00
8355479000,8356264000,785000,0,45000,0.00,799.61,801.17,true,false,false,822.00
8356264000,8357064000,800000,15000,50000,0.00,805.88,805.88,true,false,false,822.00
8357064000,8357825000,761000,26000,37000,0.00,805.88,805.88,true,false,false,822.00
8357825000,8358568000,743000,25000,31000,0.00,805.88,799.61,true,false,false,822.00
8358568000,8359314000,746000,27000,32000,0.00,805.88,798.06,true,false,false,822.00
8359314000,8360055000,741000,27000,30000,0.00,805.88,798.83,true,false,false,822.00
8360055000,8360793000,738000,28000,29000,0.00,805.88,798.83,true,false,false,822.00
8360793000,8361530000,737000,28000,29000,0.00,805.88,798.83,true,false,false,822.00
8361530000,8362267000,737000,29000,29000,0.00,805.88,798.83,true,false,false,822.00
8362267000,8363004000,737000,29000,29000,0.00,805.88,798.83,true,false,false,822.00
8363004000,8363741000,737000,29000,29000,0.00,805.88,798.83,true,false,false,822.00
8363741000,8364478000,737000,29000,29000,0.00,805.88,798.83,true,false,false,822.00
8364478000,8365215000,737000,29000,29000,0.00,805.88,798.83,true,false,false,822.00
8365215000,8365952000,737000,29000,29000,0.00,805.88,798.83,true,false,false,822.00
8365952000,8366689000,737000,29000,29000,0.00,805.88,798.83,true,false,false,822.00
8366689000,8367427000,738000,29000,29000,0.00,805.88,798.83,true,false,false,822.00
8367427000,8368164000,737000,29000,29000,0.00,805.88,798.83,true,false,false,822.00
8368164000,8368901000,737000,29000,29000,0.00,805.88,798.83,true,false,false,822.00
8368901000,8369638000,737000,29000,29000,0.00,805.88,798.83,true,false,false,822.00
8369638000,8370591000,953000,29000,101000,0.00,805.88,759.00,true,false,false,822.00
8370591000,8371571000,980000,14000,110000,0.00,805.88,799.61,true,false,false,822.00
8371571000,8372338000,767000,10000,39000,0.00,805.88,794.20,true,false,false,822.00
8372338000,8373094000,756000,23000,35000,0.00,805.88,794.20,true,false,false,822.00
8373094000,8373841000,747000,27000,32000,0.00,805.88,797.28,true,false,false,822.00
8373841000,8374582000,741000,27000,30000,0.00,805.88,799.61,true,false,false,822.00
8374582000,8375322000,740000,28000,30000,0.00,805.88,799.61,true,false,true,822.00
8375322000,8376059000,737000,28000,29000,2.80,0.00,799.61,true,false,false,822.00
8376059000,8376796000,737000,29000,29000,2.80,798.83,798.83,true,false,false,822.00
8376796000,8377533000,737000,29000,29000,2.80,798.83,798.83,true,false,false,822.00
8377533000,8381228000,3695000,29000,29000,2.80,798.83,848.37,false,true,false,822.00
8381228000,8382016000,788000,0,46000,0.00,798.83,798.83,true,false,false,822.00
8382016000,8382819000,803000,15000,51000,0.00,806.67,806.67,true,false,false,822.00
8382819000,8383583000,764000,26000,38000,0.00,806.67,806.67,true,false,false,822.00
8383583000,8384326000,743000,25000,31000,0.00,806.67,800.39,true,false,false,822.00
8384326000,8385069000,743000,27000,31000,0.00,806.67,798.83,true,false,false,822.00
8385069000,8385809000,740000,28000,30000,0.00,806.67,798.83,true,false,false,822.00
8385809000,8386546000,737000,28000,29000,0.00,806.67,798.83,true,false,false,822.00
8386546000,8387283000,737000,28000,29000,0.00,806.67,798.83,true,false,false,822.00
8387283000,8388020000,737000,29000,29000,0.00,806.67,798.83,true,false,false,822.00
8388020000,8388757000,737000,29000,29000,0.00,806.67,798.83,true,false,false,822.00
8388757000,8389494000,737000,29000,29000,0.00,806.67,798.83,true,false,false,822.00
8389494000,8390231000,737000,29000,29000,0.00,806.67,798.83,true,false,false,822.00
8390231000,8390968000,737000,29000,29000,0.00,806.67,798.83,true,false,false,822.00
8390968000,8391705000,737000,29000,29000,0.00,806.67,798.83,true,false,false,822.00
8391705000,8392442000,737000,29000,29000,0.00,806.67,798.83,true,false,false,822.00
8392442000,8393180000,738000,29000,29000,0.00,806.67,798.83,true,false,false,822.00
8393180000,8394134000,954000,29000,101000,0.00,806.67,750.68,true,false,false,822.00
8394134000,8395117000,983000,14000,111000,0.00,806.67,805.09,true,false,false,822.00
8395117000,8395884000,767000,10000,39000,0.00,806.67,805.09,true,false,false,822.00
8395884000,8396639000,755000,23000,35000,0.00,806.67,797.28,true,false,false,822.00
8396639000,8397386000,747000,27000,32000,0.00,806.67,798.06,true,false,false,822.00
8397386000,8398126000,740000,27000,30000,0.00,806.67,798.83,true,false,false,822.00
8398126000,8398867000,741000,28000,30000,0.00,806.67,798.83,true,false,false,822.00
8398867000,8399604000,737000,28000,29000,0.00,806.67,798.83,true,false,false,822.00
8399604000,8400341000,737000,29000,29000,0.00,806.67,798.83,true,false,false,822.00
8400341000,8401078000,737000,29000,29000,0.00,806.67,798.83,true,false,true,822.00
8401078000,8401815000,737000,29000,29000,2.90,0.00,798.83,true,false,false,822.00
8401815000,8402552000,737000,29000,29000,2.90,798.83,798.83,true,false,false,822.00
8402552000,8403289000,737000,29000,29000,2.90,798.83,798.83,true,false,false,822.00
8403289000,8406990000,3701000,29000,29000,2.90,798.83,850.37,false,true,false,822.00
8406990000,8407781000,791000,0,47000,0.00,798.83,798.83,true,false,false,820.00
8407781000,8408584000,803000,12000,51000,0.00,805.50,805.50,true,false,false,820.00
8408584000,8409348000,764000,25000,38000,0.00,805.50,805.50,true,false,false,820.00
8409348000,8410088000,740000,24000,30000,0.00,805.50,799.22,true,false,false,820.00
8410088000,8410831000,743000,27000,31000,0.00,805.50,796.89,true,false,false,820.00
8410831000,8411568000,737000,27000,29000,0.00,805.50,797.67,true,false,false,820.00
8411568000,8412305000,737000,27000,29000,0.00,805.50,797.67,true,false,false,820.00
8412305000,8413039000,734000,28000,28000,0.00,805.50,797.67,true,false,false,820.00
8413039000,8413773000,734000,28000,28000,0.00,805.50,797.67,true,false,false,820.00
8413773000,8414508000,735000,28000,28000,0.00,805.50,797.67,true,false,false,820.00
8414508000,8415242000,734000,28000,28000,0.00,805.50,797.67,true,false,false,820.00
8415242000,8415976000,734000,28000,28000,0.00,805.50,797.67,true,false,false,820.00
8415976000,8416711000,735000,28000,28000,0.00,805.50,797.67,true,false,false,820.00
8416711000,8417659000,948000,28000,99000,0.00,805.50,797.67,true,false,false,820.00
8417659000,8418628000,969000,13000,106000,0.00,805.50,744.78,true,false,false,820.00
8418628000,8419392000,764000,10000,38000,0.00,807.88,807.88,true,false,false,820.00
8419392000,8420144000,752000,22000,34000,0.00,807.88,800.78,true,false,false,820.00
8420144000,8420887000,743000,26000,31000,0.00,807.88,797.67,true,false,false,820.00
8420887000,8421624000,737000,26000,29000,0.00,807.88,797.67,true,false,false,820.00
8421624000,8422361000,737000,27000,29000,0.00,807.88,796.89,true,false,false,820.00
8422361000,8423099000,738000,27000,29000,0.00,807.88,797.67,true,false,false,820.00
8423099000,8423833000,734000,28000,28000,0.00,807.88,797.67,true,false,false,820.00
8423833000,8424567000,734000,28000,28000,0.00,807.88,797.67,true,false,false,820.00
8424567000,8425301000,734000,28000,28000,0.00,807.88,797.67,true,false,false,820.00
8425301000,8426035000,734000,28000,28000,0.00,807.88,797.67,true,false,false,820.00
8426035000,8426769000,734000,28000,28000,0.00,807.88,797.67,true,false,true,820.00
8426769000,8427504000,735000,28000,28000,2.80,0.00,797.67,true,false,false,820.00
8427504000,8428239000,735000,28000,28000,2.80,797.67,797.67,true,false,false,820.00
8428239000,8428973000,734000,28000,28000,2.80,797.67,797.67,true,false,false,820.00
8428973000,8432667000,3694000,28000,28000,2.80,797.67,847.30,false,true,false,820.00
8432667000,8433452000,785000,0,45000,0.00,797.67,796.89,true,false,false,820.00
8433452000,8434252000,800000,13000,50000,0.00,804.71,804.71,true,false,false,820.00
8434252000,8435013000,761000,25000,37000,0.00,804.71,804.71,true,false,false,820.00
8435013000,8435754000,741000,24000,30000,0.00,804.71,800.00,true,false,false,820.00
8435754000,8436498000,744000,26000,31000,0.00,804.71,796.89,true,false,false,820.00
8436498000,8437236000,738000,27000,29000,0.00,804.71,796.89,true,false,false,820.00
8437236000,8437973000,737000,27000,29000,0.00,804.71,796.89,true,false,false,820.00
8437973000,8438707000,734000,28000,28000,0.00,804.71,797.67,true,false,false,820.00
8438707000,8439442000,735000,28000,28000,0.00,804.71,797.67,true,false,false,820.00
8439442000,8440177000,735000,28000,28000,0.00,804.71,797.67,true,false,false,820.00
8440177000,8441127000,950000,28000,100000,0.00,804.71,797.67,true,false,false,820.00
8441127000,8442092000,965000,13000,105000,0.00,804.71,752.98,true,false,false,820.00
8442092000,8442859000,767000,10000,39000,0.00,804.71,797.67,true,false,false,820.00
8442859000,8443614000,755000,22000,35000,0.00,804.71,800.00,true,false,false,820.00
8443614000,8444357000,743000,26000,31000,0.00,804.71,800.00,true,false,false,820.00
8444357000,8445094000,737000,26000,29000,0.00,804.71,798.44,true,false,false,820.00
8445094000,8445831000,737000,27000,29000,0.00,804.71,797.67,true,false,false,820.00
8445831000,8446568000,737000,27000,29000,0.00,804.71,797.67,true,false,false,820.00
8446568000,8447302000,734000,28000,28000,0.00,804.71,797.67,true,false,false,820.00
8447302000,8448036000,734000,28000,28000,0.00,804.71,797.67,true,false,false,820.00
8448036000,8448770000,734000,28000,28000,0.00,804.71,797.67,true,false,false,820.00
8448770000,8449505000,735000,28000,28000,0.00,804.71,797.67,true,false,false,820.00
8449505000,8450240000,735000,28000,28000,0.00,804.71,797.67,true,false,false,820.00
8450240000,8450975000,735000,28000,28000,0.00,804.71,797.67,true,false,false,820.00
8450975000,8451710000,735000,28000,28000,0.00,804.71,797.67,true,false,false,820.00
8451710000,8452444000,734000,28000,28000,0.00,804.71,797.67,true,false,true,820.00
8452444000,8453178000,734000,28000,28000,2.80,0.00,797.67,true,false,false,820.00
8453178000,8453912000,734000,28000,28000,2.80,797.67,797.67,true,false,false,820.00
8453912000,8454646000,734000,28000,28000,2.80,797.67,797.67,true,false,false,820.00
8454646000,8458339000,3693000,28000,28000,2.80,797.67,848.09,false,true,false,820.00
8458339000,8459124000,785000,0,45000,0.00,797.67,796.89,true,false,false,820.00
8459124000,8459924000,800000,13000,50000,0.00,804.71,804.71,true,false,false,820.00
8459924000,8460685000,761000,25000,37000,0.00,804.71,804.71,true,false,false,820.00
8460685000,8461425000,740000,24000,30000,0.00,804.71,800.00,true,false,false,820.00
8461425000,8462168000,743000,26000,31000,0.00,804.71,796.89,true,false,false,820.00
8462168000,8462905000,737000,27000,29000,0.00,804.71,796.89,true,false,false,820.00
8462905000,8463642000,737000,27000,29000,0.00,804.71,796.89,true,false,false,820.00
8463642000,8464592000,950000,28000,100000,0.00,804.71,797.67,true,false,false,820.00
8464592000,8465560000,968000,13000,106000,0.00,804.71,756.46,true,false,false,820.00
8465560000,8466324000,764000,10000,38000,0.00,804.71,795.34,true,false,false,820.00
8466324000,8467076000,752000,22000,34000,0.00,804.71,799.22,true,false,false,820.00
8467076000,8467819000,743000,26000,31000,0.00,804.71,799.22,true,false,false,820.00
8467819000,8468556000,737000,26000,29000,0.00,804.71,797.67,true,false,false,820.00
8468556000,8469294000,738000,27000,29000,0.00,804.71,797.67,true,false,false,820.00
8469294000,8470031000,737000,27000,29000,0.00,804.71,797.67,true,false,false,820.00
8470031000,8470765000,734000,28000,28000,0.00,804.71,797.67,true,false,false,820.00
8470765000,8471499000,734000,28000,28000,0.00,804.71,797.67,true,false,false,820.00
8471499000,8472233000,734000,28000,28000,0.00,804.71,797.67,true,false,false,820.00
8472233000,8472967000,734000,28000,28000,0.00,804.71,797.67,true,false,false,820.00
8472967000,8473701000,734000,28000,28000,0.00,804.71,797.67,true,false,false,820.00
8473701000,8474435000,734000,28000,28000,0.00,804.71,797.67,true,false,false,820.00
8474435000,8475169000,734000,28000,28000,0.00,804.71,797.67,true,false,false,820.00
8475169000,8475903000,734000,28000,28000,0.00,804.71,797.67,true,false,false,820.00
8475903000,8476637000,734000,28000,28000,0.00,804.71,797.67,true,false,false,820.00
8476637000,8477371000,734000,28000,28000,0.00,804.71,797.67,true,false,false,820.00
8477371000,8478105000,734000,28000,28000,0.00,804.71,797.67,true,false,true,820.00
8478105000,8478840000,735000,28000,28000,2.80,0.00,797.67,true,false,false,820.00
8478840000,8479574000,734000,28000,28000,2.80,797.67,797.67,true,false,false,820.00
8479574000,8480309000,735000,28000,28000,2.80,797.67,797.67,true,false,false,820.00
8480309000,8484001000,3692000,28000,28000,2.80,797.67,847.30,false,true,false,820.00
8484001000,8484789000,788000,0,46000,0.00,797.67,797.67,true,false,false,820.00
8484789000,8485589000,800000,13000,50000,0.00,804.71,804.71,true,false,false,820.00
8485589000,8486350000,761000,25000,37000,0.00,804.71,804.71,true,false,false,820.00
8486350000,8487090000,740000,24000,30000,0.00,804.71,800.00,true,false,false,820.00
8487090000,8488023000,933000,28000,94000,0.00,804.71,774.32,true,false,false,820.00
8488023000,8488973000,950000,13000,100000,0.00,804.71,788.46,true,false,false,820.00
8488973000,8489740000,767000,11000,39000,0.00,804.71,789.98,true,false,false,820.00
8489740000,8490492000,752000,22000,34000,0.00,804.71,789.98,true,false,false,820.00
8490492000,8491236000,744000,26000,31000,0.00,804.71,796.12,true,false,false,820.00
8491236000,8491973000,737000,26000,29000,0.00,804.71,798.44,true,false,false,820.00
8491973000,8492711000,738000,27000,29000,0.00,804.71,798.44,true,false,false,820.00
8492711000,8493448000,737000,27000,29000,0.00,804.71,798.44,true,false,false,820.00
8493448000,8494182000,734000,28000,28000,0.00,804.71,797.67,true,false,false,820.00
8494182000,8494916000,734000,28000,28000,0.00,804.71,797.67,true,false,false,820.00
8494916000,8495650000,734000,28000,28000,0.00,804.71,797.67,true,false,false,820.00
8495650000,8496384000,734000,28000,28000,0.00,804.71,797.67,true,false,false,820.00
8496384000,8497118000,734000,28000,28000,0.00,804.71,797.67,true,false,false,820.00
8497118000,8497852000,734000,28000,28000,0.00,804.71,797.67,true,false,false,820.00
8497852000,8498586000,734000,28000,28000,0.00,804.71,797.67,true,false,false,820.00
8498586000,8499321000,735000,28000,28000,0.00,804.71,797.67,true,false,false,820.00
8499321000,8500056000,735000,28000,28000,0.00,804.71,797.67,true,false,false,820.00
8500056000,8500790000,734000,28000,28000,0.00,804.71,797.67,true,false,false,820.00
8500790000,8501524000,734000,28000,28000,0.00,804.71,797.67,true,false,false,820.00
8501524000,8502258000,734000,28000,28000,0.00,804.71,797.67,true,false,false,820.00
8502258000,8502992000,734000,28000,28000,0.00,804.71,797.67,true,false,false,820.00
8502992000,8503726000,734000,28000,28000,0.00,804.71,797.67,true,false,true,820.00
8503726000,8504461000,735000,28000,28000,2.80,0.00,797.67,true,false,false,820.00
8504461000,8505196000,735000,28000,28000,2.80,797.67,797.67,true,false,false,820.00
8505196000,8505930000,734000,28000,28000,2.80,797.67,797.67,true,false,false,820.00
8505930000,8509622000,3692000,28000,28000,2.80,797.67,848.09,false,true,false,820.00
8509622000,8510410000,788000,0,46000,0.00,797.67,796.89,true,false,false,820.00
8510410000,8511240000,830000,31000,60000,0.00,797.67,785.44,true,false,false,820.00
8511240000,8512085000,845000,30000,65000,0.00,797.67,795.34,true,false,false,820.00
8512085000,8512870000,785000,27000,45000,0.00,797.67,795.34,true,false,false,820.00
8512870000,8513650000,780000,34000,43000,0.00,797.67,789.22,true,false,false,820.00
8513650000,8514421000,771000,36000,40000,0.00,797.67,789.22,true,false,false,820.00
8514421000,8515189000,768000,36000,39000,0.00,797.67,789.98,true,false,false,820.00
8515189000,8515956000,767000,37000,39000,0.00,797.67,789.98,true,false,false,820.00
8515956000,8516720000,764000,37000,38000,0.00,797.67,789.98,true,false,false,820.00
8516720000,8517484000,764000,37000,38000,0.00,797.67,789.98,true,false,false,820.00
8517484000,8518249000,765000,38000,38000,0.00,797.67,789.98,true,false,false,820.00
8518249000,8519013000,764000,38000,38000,0.00,797.67,789.98,true,false,false,820.00
8519013000,8519777000,764000,38000,38000,0.00,797.67,789.98,true,false,false,820.00
8519777000,8520541000,764000,38000,38000,0.00,797.67,789.98,true,false,false,820.00
8520541000,8521306000,765000,38000,38000,0.00,797.67,789.98,true,false,false,820.00
8521306000,8522070000,764000,38000,38000,0.00,797.67,789.98,true,false,false,820.00
8522070000,8522835000,765000,38000,38000,0.00,797.67,789.98,true,false,false,820.00
8522835000,8523599000,764000,38000,38000,0.00,797.67,789.98,true,false,false,820.00
8523599000,8524363000,764000,38000,38000,0.00,797.67,789.98,true,false,false,820.00
8524363000,8525127000,764000,38000,38000,0.00,797.67,789.98,true,false,false,820.00
8525127000,8525891000,764000,38000,38000,0.00,797.67,789.98,true,false,false,820.00
8525891000,8526655000,764000,38000,38000,0.00,797.67,789.98,true,false,false,820.00
8526655000,8527420000,765000,38000,38000,0.00,797.67,789.98,true,false,false,820.00
8527420000,8528184000,764000,38000,38000,0.00,797.67,789.98,true,false,false,820.00
8528184000,8528949000,765000,38000,38000,0.00,797.67,789.98,true,false,false,820.00
8528949000,8529713000,764000,38000,38000,0.00,797.67,789.98,true,false,true,820.00
8529713000,8530478000,765000,38000,38000,3.80,0.00,789.98,true,false,false,820.00
8530478000,8531242000,764000,38000,38000,3.80,789.98,789.98,true,false,false,820.00
8531242000,8532006000,764000,38000,38000,3.80,789.98,789.98,true,false,false,820.00
8532006000,8535785000,3779000,38000,38000,3.80,789.98,803.59,false,true,false,820.00
8535785000,8536555000,770000,0,40000,0.00,789.98,806.29,true,false,false,804.00
8536555000,8537370000,815000,0,55000,0.00,799.20,799.20,true,false,false,804.00
8537370000,8538101000,731000,9000,27000,0.00,799.20,799.20,true,false,false,804.00
8538101000,8538802000,701000,10000,17000,0.00,799.20,794.47,true,false,false,804.00
8538802000,8539510000,708000,13000,19000,0.00,799.20,790.56,true,false,false,804.00
8539510000,8540208000,698000,13000,16000,0.00,799.20,791.34,true,false,false,804.00
8540208000,8540906000,698000,14000,16000,0.00,799.20,791.34,true,false,false,804.00
8540906000,8541601000,695000,14000,15000,0.00,799.20,792.12,true,false,false,804.00
8541601000,8542297000,696000,15000,15000,0.00,799.20,792.12,true,false,false,804.00
8542297000,8542992000,695000,15000,15000,0.00,799.20,792.12,true,false,false,804.00
8542992000,8543687000,695000,15000,15000,0.00,799.20,792.12,true,false,false,804.00
8543687000,8544383000,696000,15000,15000,0.00,799.20,792.12,true,false,false,804.00
8544383000,8545079000,696000,15000,15000,0.00,799.20,792.12,true,false,false,804.00
8545079000,8545774000,695000,15000,15000,0.00,799.20,792.12,true,false,false,804.00
8545774000,8546469000,695000,15000,15000,0.00,799.20,792.12,true,false,false,804.00
8546469000,8547164000,695000,15000,15000,0.00,799.20,792.12,true,false,false,804.00
8547164000,8547859000,695000,15000,15000,0.00,799.20,792.12,true,false,false,804.00
8547859000,8548554000,695000,15000,15000,0.00,799.20,792.12,true,false,false,804.00
8548554000,8549249000,695000,15000,15000,0.00,799.20,792.12,true,false,false,804.00
8549249000,8549945000,696000,15000,15000,0.00,799.20,792.12,true,false,false,804.00
8549945000,8550640000,695000,15000,15000,0.00,799.20,792.12,true,false,false,804.00
8550640000,8551335000,695000,15000,15000,0.00,799.20,792.12,true,false,false,804.00
8551335000,8552030000,695000,15000,15000,0.00,799.20,792.12,true,false,false,804.00
8552030000,8552725000,695000,15000,15000,0.00,799.20,792.12,true,false,false,804.00
8552725000,8553420000,695000,15000,15000,0.00,799.20,792.12,true,false,false,804.00
8553420000,8554115000,695000,15000,15000,0.00,799.20,792.12,true,false,true,804.00
8554115000,8554810000,695000,15000,15000,1.50,0.00,792.12,true,false,false,804.00
8554810000,8555506000,696000,15000,15000,1.50,792.12,792.12,true,false,false,804.00
8555506000,8556202000,696000,15000,15000,1.50,792.12,792.12,true,false,false,804.00
8556202000,8559849000,3647000,15000,15000,1.50,792.12,816.09,false,true,false,804.00
8559849000,8560592000,743000,0,31000,0.00,792.12,785.92,true,false,false,812.00
8560592000,8561353000,761000,24000,37000,0.00,792.97,792.97,true,false,false,812.00
8561353000,8562096000,743000,24000,31000,0.00,792.97,792.97,true,false,false,812.00
8562096000,8562836000,740000,26000,30000,0.00,792.97,789.88,true,false,false,812.00
8562836000,8563573000,737000,27000,29000,0.00,792.97,789.12,true,false,false,812.00
8563573000,8564308000,735000,27000,28000,0.00,792.97,789.12,true,false,false,812.00
8564308000,8565042000,734000,28000,28000,0.00,792.97,789.88,true,false,false,812.00
8565042000,8565776000,734000,28000,28000,0.00,792.97,789.88,true,false,false,812.00
8565776000,8566511000,735000,28000,28000,0.00,792.97,789.88,true,false,false,812.00
8566511000,8567245000,734000,28000,28000,0.00,792.97,789.88,true,false,false,812.00
8567245000,8567980000,735000,28000,28000,0.00,792.97,789.88,true,false,false,812.00
8567980000,8568714000,734000,28000,28000,0.00,792.97,789.88,true,false,false,812.00
8568714000,8569448000,734000,28000,28000,0.00,792.97,789.88,true,false,false,812.00
8569448000,8570182000,734000,28000,28000,0.00,792.97,789.88,true,false,false,812.00
8570182000,8570916000,734000,28000,28000,0.00,792.97,789.88,true,false,false,812.00
8570916000,8571651000,735000,28000,28000,0.00,792.97,789.88,true,false,false,812.00
8571651000,8572385000,734000,28000,28000,0.00,792.97,789.88,true,false,false,812.00
8572385000,8573120000,735000,28000,28000,0.00,792.97,789.88,true,false,false,812.00
8573120000,8573854000,734000,28000,28000,0.00,792.97,789.88,true,false,false,812.00
8573854000,8574588000,734000,28000,28000,0.00,792.97,789.88,true,false,false,812.00
8574588000,8575322000,734000,28000,28000,0.00,792.97,789.88,true,false,false,812.00
8575322000,8576056000,734000,28000,28000,0.00,792.97,789.88,true,false,false,812.00
8576056000,8576791000,735000,28000,28000,0.00,792.97,789.88,true,false,false,812.00
8576791000,8577525000,734000,28000,28000,0.00,792.97,789.88,true,false,false,812.00
8577525000,8578260000,735000,28000,28000,0.00,792.97,789.88,true,false,false,812.00
8578260000,8578994000,734000,28000,28000,0.00,792.97,789.88,true,false,true,812.00
8578994000,8579921000,927000,28000,92000,2.80,0.00,789.88,true,false,false,812.00
8579921000,8580895000,974000,19000,108000,1.90,738.85,738.85,true,false,false,812.00
8580895000,8581660000,765000,10000,38000,1.00,800.00,800.00,true,false,false,812.00
8581660000,8585275000,3615000,36000,36000,1.00,800.00,804.39,false,true,false,812.00
8585275000,8586021000,746000,8000,32000,0.80,800.00,804.39,true,false,false,816.00
8586021000,8586780000,759000,26000,36000,0.80,800.00,788.35,true,false,false,816.00
8586780000,8587526000,746000,26000,32000,0.80,800.00,792.23,true,false,false,816.00
8587526000,8588269000,743000,28000,31000,0.80,800.00,792.23,true,false,false,816.00
8588269000,8589010000,741000,29000,30000,0.80,800.00,793.00,true,false,false,816.00
8589010000,8589750000,740000,29000,30000,0.80,800.00,793.00,true,false,false,816.00
8589750000,8590490000,740000,29000,30000,0.80,800.00,792.23,true,false,false,816.00
8590490000,8591230000,740000,29000,30000,0.80,800.00,792.23,true,false,false,816.00
8591230000,8591971000,741000,29000,30000,0.80,800.00,793.00,true,false,false,816.00
8591971000,8592712000,741000,29000,30000,0.80,800.00,792.23,true,false,false,816.00
8592712000,8593452000,740000,29000,30000,0.80,800.00,792.23,true,false,false,816.00
8593452000,8594193000,741000,29000,30000,0.80,800.00,792.23,true,false,false,816.00
8594193000,8594933000,740000,29000,30000,0.80,800.00,792.23,true,false,false,816.00
8594933000,8595673000,740000,29000,30000,0.80,800.00,792.23,true,false,false,816.00
8595673000,8596413000,740000,29000,30000,0.80,800.00,792.23,true,false,false,816.00
8596413000,8597153000,740000,29000,30000,0.80,800.00,792.23,true,false,false,816.00
8597153000,8597893000,740000,29000,30000,0.80,800.00,792.23,true,false,false,816.00
8597893000,8598633000,740000,29000,30000,0.80,800.00,792.23,true,false,false,816.00
8598633000,8599373000,740000,29000,30000,0.80,800.00,792.23,true,false,false,816.00
8599373000,8600113000,740000,29000,30000,0.80,800.00,792.23,true,false,false,816.00
8600113000,8600853000,740000,29000,30000,0.80,800.00,792.23,true,false,false,816.00
8600853000,8601593000,740000,29000,30000,0.80,800.00,792.23,true,false,false,816.00
8601593000,8602333000,740000,29000,30000,0.80,800.00,792.23,true,false,false,816.00
8602333000,8603296000,963000,29000,104000,0.80,800.00,759.78,true,false,false,816.00
8603296000,8604285000,989000,14000,113000,0.80,800.00,786.13,true,false,false,816.00
8604285000,8605055000,770000,11000,40000,0.80,800.00,786.13,true,false,true,816.00
8605055000,8605813000,758000,23000,36000,2.30,0.00,786.13,true,false,false,816.00
8605813000,8606563000,750000,28000,33000,2.30,791.46,791.46,true,false,false,816.00
8606563000,8607306000,743000,27000,31000,2.30,792.23,792.23,true,false,false,816.00
8607306000,8610976000,3670000,31000,31000,2.30,792.23,834.74,false,true,false,816.00
8610976000,8611752000,776000,0,42000,0.00,792.23,799.22,true,false,false,819.00
8611752000,8612544000,792000,23000,47000,0.00,798.25,798.25,true,false,false,819.00
8612544000,8613305000,761000,27000,37000,0.00,798.25,798.25,true,false,false,819.00
8613305000,8614052000,747000,28000,32000,0.00,798.25,793.60,true,false,false,819.00
8614052000,8614798000,746000,30000,32000,0.00,798.25,793.60,true,false,false,819.00
8614798000,8615541000,743000,30000,31000,0.00,798.25,794.37,true,false,false,819.00
8615541000,8616284000,743000,30000,31000,0.00,798.25,794.37,true,false,false,819.00
8616284000,8617027000,743000,30000,31000,0.00,798.25,794.37,true,false,false,819.00
8617027000,8617770000,743000,30000,31000,0.00,798.25,794.37,true,false,false,819.00
8617770000,8618513000,743000,31000,31000,0.00,798.25,794.37,true,false,false,819.00
8618513000,8619256000,743000,31000,31000,0.00,798.25,794.37,true,false,false,819.00
8619256000,8619999000,743000,31000,31000,0.00,798.25,794.37,true,false,false,819.00
8619999000,8620743000,744000,31000,31000,0.00,798.25,794.37,true,false,false,819.00
8620743000,8621486000,743000,31000,31000,0.00,798.25,794.37,true,false,false,819.00
8621486000,8622229000,743000,31000,31000,0.00,798.25,794.37,true,false,false,819.00
8622229000,8622972000,743000,31000,31000,0.00,798.25,794.37,true,false,false,819.00
8622972000,8623715000,743000,31000,31000,0.00,798.25,794.37,true,false,false,819.00
8623715000,8624458000,743000,31000,31000,0.00,798.25,794.37,true,false,false,819.00
8624458000,8625201000,743000,31000,31000,0.00,798.25,794.37,true,false,false,819.00
8625201000,8625944000,743000,31000,31000,0.00,798.25,794.37,true,false,false,819.00
8625944000,8626934000,990000,31000,113000,0.00,798.25,739.84,true,false,false,819.00
8626934000,8627941000,1007000,14000,119000,0.00,804.52,804.52,true,false,false,819.00
8627941000,8628714000,773000,12000,41000,0.00,804.52,804.52,true,false,false,819.00
8628714000,8629467000,753000,25000,34000,0.00,804.52,795.15,true,false,false,819.00
8629467000,8630219000,752000,29000,34000,0.00,804.52,793.60,true,false,false,819.00
8630219000,8630965000,746000,29000,32000,0.00,804.52,794.37,true,false,true,819.00
8630965000,8631711000,746000,30000,32000,3.00,0.00,794.37,true,false,false,819.00
8631711000,8632454000,743000,30000,31000,3.00,794.37,794.37,true,false,false,819.00
8632454000,8633197000,743000,31000,31000,3.00,794.37,794.37,true,false,false,819.00
8633197000,8636906000,3709000,31000,31000,3.00,794.37,847.22,false,true,false,819.00
8636906000,8637703000,797000,0,49000,0.00,794.37,797.47,true,false,false,817.00
8637703000,8638515000,812000,14000,54000,0.00,800.20,800.20,true,false,false,817.00
8638515000,8639285000,770000,27000,40000,0.00,800.20,800.20,true,false,false,817.00
8639285000,8640035000,750000,26000,33000,0.00,800.20,793.97,true,false,false,817.00
8640035000,8640784000,749000,28000,33000,0.00,800.20,792.43,true,false,false,817.00
8640784000,8641527000,743000,29000,31000,0.00,800.20,792.43,true,false,false,817.00
8641527000,8642270000,743000,29000,31000,0.00,800.20,792.43,true,false,false,817.00
8642270000,8643010000,740000,30000,30000,0.00,800.20,793.20,true,false,false,817.00
8643010000,8643750000,740000,30000,30000,0.00,800.20,793.20,true,false,false,817.00
8643750000,8644490000,740000,30000,30000,0.00,800.20,793.20,true,false,false,817.00
8644490000,8645230000,740000,30000,30000,0.00,800.20,793.20,true,false,false,817.00
8645230000,8645970000,740000,30000,30000,0.00,800.20,793.20,true,false,false,817.00
8645970000,8646710000,740000,30000,30000,0.00,800.20,793.20,true,false,false,817.00
8646710000,8647450000,740000,30000,30000,0.00,800.20,793.20,true,false,false,817.00
8647450000,8648191000,741000,30000,30000,0.00,800.20,793.20,true,false,false,817.00
8648191000,8648931000,740000,30000,30000,0.00,800.20,793.20,true,false,false,817.00
8648931000,8649671000,740000,30000,30000,0.00,800.20,793.20,true,false,false,817.00
8649671000,8650648000,977000,30000,109000,0.00,800.20,793.20,true,false,false,817.00
8650648000,8651641000,993000,14000,114000,0.00,800.20,734.05,true,false,false,817.00
8651641000,8652412000,771000,12000,40000,0.00,806.52,806.52,true,false,false,817.00
8652412000,8653165000,753000,24000,34000,0.00,806.52,796.30,true,false,false,817.00
8653165000,8653915000,750000,29000,33000,0.00,806.52,793.20,true,false,false,817.00
8653915000,8654658000,743000,28000,31000,0.00,806.52,793.20,true,false,false,817.00
8654658000,8655401000,743000,29000,31000,0.00,806.52,793.20,true,false,false,817.00
8655401000,8656142000,741000,29000,30000,0.00,806.52,793.20,true,false,false,817.00
8656142000,8656882000,740000,30000,30000,0.00,806.52,793.20,true,false,true,817.00
8656882000,8657622000,740000,30000,30000,3.00,0.00,793.20,true,false,false,817.00
8657622000,8658362000,740000,30000,30000,3.00,793.20,793.20,true,false,false,817.00
8658362000,8659102000,740000,30000,30000,3.00,793.20,793.20,true,false,false,817.00
8659102000,8662808000,3706000,30000,30000,3.00,793.20,846.94,false,true,false,817.00
8662808000,8663605000,797000,0,49000,0.00,793.20,793.97,true,false,false,815.00
8663605000,8664414000,809000,13000,53000,0.00,799.80,799.80,true,false,false,815.00
8664414000,8665181000,767000,26000,39000,0.00,799.80,799.80,true,false,false,815.00
8665181000,8665928000,747000,25000,32000,0.00,799.80,792.80,true,false,false,815.00
8665928000,8666675000,747000,28000,32000,0.00,799.80,791.26,true,false,false,815.00
8666675000,8667415000,740000,28000,30000,0.00,799.80,791.26,true,false,false,815.00
8667415000,8668155000,740000,28000,30000,0.00,799.80,791.26,true,false,false,815.00
8668155000,8668895000,740000,29000,30000,0.00,799.80,792.03,true,false,false,815.00
8668895000,8669635000,740000,29000,30000,0.00,799.80,792.03,true,false,false,815.00
8669635000,8670375000,740000,29000,30000,0.00,799.80,792.03,true,false,false,815.00
8670375000,8671112000,737000,29000,29000,0.00,799.80,792.03,true,false,false,815.00
8671112000,8671849000,737000,29000,29000,0.00,799.80,792.03,true,false,false,815.00
8671849000,8672587000,738000,29000,29000,0.00,799.80,792.03,true,false,false,815.00
8672587000,8673324000,737000,29000,29000,0.00,799.80,792.03,true,false,false,815.00
8673324000,8674298000,974000,29000,108000,0.00,799.80,792.03,true,false,false,815.00
8674298000,8675284000,986000,14000,112000,0.00,799.80,744.97,true,false,false,815.00
8675284000,8676051000,767000,11000,39000,0.00,799.80,790.49,true,false,false,815.00
8676051000,8676803000,752000,23000,34000,0.00,799.80,795.12,true,false,false,815.00
8676803000,8677549000,746000,28000,32000,0.00,799.80,795.12,true,false,false,815.00
8677549000,8678289000,740000,27000,30000,0.00,799.80,793.57,true,false,false,815.00
8678289000,8679029000,740000,28000,30000,0.00,799.80,791.26,true,false,false,815.00
8679029000,8679769000,740000,29000,30000,0.00,799.80,792.03,true,false,false,815.00
8679769000,8680509000,740000,29000,30000,0.00,799.80,792.03,true,false,false,815.00
8680509000,8681246000,737000,29000,29000,0.00,799.80,792.03,true,false,false,815.00
8681246000,8681984000,738000,29000,29000,0.00,799.80,792.03,true,false,false,815.00
8681984000,8682721000,737000,29000,29000,0.00,799.80,792.03,true,false,true,815.00
8682721000,8683458000,737000,29000,29000,2.90,0.00,792.03,true,false,false,815.00
8683458000,8684195000,737000,29000,29000,2.90,792.03,792.03,true,false,false,815.00
8684195000,8684932000,737000,29000,29000,2.90,792.03,792.03,true,false,false,815.00
8684932000,8688630000,3698000,29000,29000,2.90,792.03,842.94,false,true,false,815.00
8688630000,8689421000,791000,0,47000,0.00,792.03,792.03,true,false,false,814.00
8689421000,8690228000,807000,13000,52000,0.00,798.04,798.04,true,false,false,814.00
8690228000,8690996000,768000,26000,39000,0.00,798.04,798.04,true,false,false,814.00
8690996000,8691739000,743000,25000,31000,0.00,798.04,793.37,true,false,false,814.00
8691739000,8692485000,746000,27000,32000,0.00,798.04,791.06,true,false,false,814.00
8692485000,8693225000,740000,28000,30000,0.00,798.04,790.29,true,false,false,814.00
8693225000,8693962000,737000,28000,29000,0.00,798.04,790.29,true,false,false,814.00
8693962000,8694699000,737000,28000,29000,0.00,798.04,791.06,true,false,false,814.00
8694699000,8695436000,737000,29000,29000,0.00,798.04,791.06,true,false,false,814.00
8695436000,8696173000,737000,29000,29000,0.00,798.04,791.06,true,false,false,814.00
8696173000,8696910000,737000,29000,29000,0.00,798.04,791.06,true,false,false,814.00
8696910000,8697890000,980000,29000,110000,0.00,798.04,772.30,true,false,false,814.00
8697890000,8698879000,989000,13000,113000,0.00,798.04,767.20,true,false,false,814.00
8698879000,8699646000,767000,10000,39000,0.00,798.04,787.23,true,false,false,814.00
8699646000,8700395000,749000,22000,33000,0.00,798.04,791.06,true,false,false,814.00
8700395000,8701141000,746000,27000,32000,0.00,798.04,791.06,true,false,false,814.00
8701141000,8701881000,740000,27000,30000,0.00,798.04,791.83,true,false,false,814.00
8701881000,8702621000,740000,28000,30000,0.00,798.04,791.06,true,false,false,814.00
8702621000,8703358000,737000,28000,29000,0.00,798.04,791.06,true,false,false,814.00
8703358000,8704095000,737000,29000,29000,0.00,798.04,791.06,true,false,false,814.00
8704095000,8704832000,737000,29000,29000,0.00,798.04,791.06,true,false,false,814.00
8704832000,8705569000,737000,29000,29000,0.00,798.04,791.06,true,false,false,814.00
8705569000,8706306000,737000,29000,29000,0.00,798.04,791.06,true,false,false,814.00
8706306000,8707043000,737000,29000,29000,0.00,798.04,791.06,true,false,false,814.00
8707043000,8707780000,737000,29000,29000,0.00,798.04,791.06,true,false,false,814.00
8707780000,8708517000,737000,29000,29000,0.00,798.04,791.06,true,false,true,814.00
8708517000,8709254000,737000,29000,29000,2.90,0.00,791.06,true,false,false,814.00
8709254000,8709991000,737000,29000,29000,2.90,791.06,791.06,true,false,false,814.00
8709991000,8710729000,738000,29000,29000,2.90,791.06,791.06,true,false,false,814.00
8710729000,8714425000,3696000,29000,29000,2.90,791.06,842.01,false,true,false,814.00
8714425000,8715217000,792000,0,47000,0.00,791.06,791.06,true,false,false,813.00
8715217000,8716020000,803000,11000,51000,0.00,797.84,797.84,true,false,false,813.00
8716020000,8716787000,767000,26000,39000,0.00,797.84,797.84,true,false,false,813.00
8716787000,8717530000,743000,24000,31000,0.00,797.84,792.40,true,false,false,813.00
8717530000,8718276000,746000,27000,32000,0.00,797.84,790.09,true,false,false,813.00
8718276000,8719016000,740000,27000,30000,0.00,797.84,790.09,true,false,false,813.00
8719016000,8719753000,737000,28000,29000,0.00,797.84,790.09,true,false,false,813.00
8719753000,8720490000,737000,28000,29000,0.00,797.84,790.86,true,false,false,813.00
8720490000,8721470000,980000,28000,110000,0.00,797.84,752.78,true,false,false,813.00
8721470000,8722453000,983000,12000,111000,0.00,797.84,790.09,true,false,false,813.00
8722453000,8723220000,767000,10000,39000,0.00,797.84,785.51,true,false,false,813.00
8723220000,8723963000,743000,22000,31000,0.00,797.84,785.51,true,false,false,813.00
8723963000,8724709000,746000,26000,32000,0.00,797.84,788.55,true,false,false,813.00
8724709000,8725449000,740000,26000,30000,0.00,797.84,790.09,true,false,false,813.00
8725449000,8726189000,740000,27000,30000,0.00,797.84,790.86,true,false,false,813.00
8726189000,8726926000,737000,28000,29000,0.00,797.84,790.86,true,false,false,813.00
8726926000,8727663000,737000,28000,29000,0.00,797.84,790.86,true,false,false,813.00
8727663000,8728400000,737000,28000,29000,0.00,797.84,790.86,true,false,false,813.00
8728400000,8729138000,738000,28000,29000,0.00,797.84,790.86,true,false,false,813.00
8729138000,8729875000,737000,28000,29000,0.00,797.84,790.86,true,false,false,813.00
8729875000,8730612000,737000,28000,29000,0.00,797.84,790.86,true,false,false,813.00
8730612000,8731349000,737000,28000,29000,0.00,797.84,790.86,true,false,false,813.00
8731349000,8732086000,737000,28000,29000,0.00,797.84,790.86,true,false,false,813.00
8732086000,8732823000,737000,28000,29000,0.00,797.84,790.09,true,false,false,813.00
8732823000,8733560000,737000,28000,29000,0.00,797.84,790.86,true,false,false,813.00
8733560000,8734298000,738000,28000,29000,0.00,797.84,790.86,true,false,true,813.00
8734298000,8735035000,737000,28000,29000,2.80,0.00,790.86,true,false,false,813.00
8735035000,8735772000,737000,28000,29000,2.80,790.86,790.86,true,false,false,813.00
8735772000,8736509000,737000,28000,29000,2.80,790.86,790.86,true,false,false,813.00
8736509000,8740201000,3692000,28000,28000,2.80,790.86,840.63,false,true,false,813.00
8740201000,8740989000,788000,0,46000,0.00,790.86,790.86,true,false,false,813.00
8740989000,8741792000,803000,13000,51000,0.00,797.84,797.84,true,false,false,813.00
8741792000,8742556000,764000,26000,38000,0.00,797.84,797.84,true,false,false,813.00
8742556000,8743299000,743000,24000,31000,0.00,797.84,792.40,true,false,false,813.00
8743299000,8744042000,743000,27000,31000,0.00,797.84,790.09,true,false,false,813.00
8744042000,8745010000,968000,27000,106000,0.00,797.84,746.56,true,false,false,813.00
8745010000,8745973000,963000,14000,104000,0.00,797.84,795.50,true,false,false,813.00
8745973000,8746740000,767000,11000,39000,0.00,797.84,795.50,true,false,false,813.00
8746740000,8747486000,746000,22000,32000,0.00,797.84,789.32,true,false,false,813.00
8747486000,8748232000,746000,27000,32000,0.00,797.84,789.32,true,false,false,813.00
8748232000,8748972000,740000,26000,30000,0.00,797.84,790.09,true,false,false,813.00
8748972000,8749712000,740000,27000,30000,0.00,797.84,790.09,true,false,false,813.00
8749712000,8750449000,737000,28000,29000,0.00,797.84,790.09,true,false,false,813.00
8750449000,8751186000,737000,28000,29000,0.00,797.84,790.86,true,false,false,813.00
8751186000,8751923000,737000,28000,29000,0.00,797.84,790.86,true,false,false,813.00
8751923000,8752661000,738000,28000,29000,0.00,797.84,790.86,true,false,false,813.00
8752661000,8753398000,737000,28000,29000,0.00,797.84,790.86,true,false,false,813.00
8753398000,8754135000,737000,28000,29000,0.00,797.84,790.86,true,false,false,813.00
8754135000,8754872000,737000,28000,29000,0.00,797.84,790.86,true,false,false,813.00
8754872000,8755609000,737000,28000,29000,0.00,797.84,790.86,true,false,false,813.00
8755609000,8756346000,737000,28000,29000,0.00,797.84,790.86,true,false,false,813.00
8756346000,8757083000,737000,28000,29000,0.00,797.84,790.09,true,false,false,813.00
8757083000,8757821000,738000,28000,29000,0.00,797.84,790.09,true,false,false,813.00
8757821000,8758558000,737000,28000,29000,0.00,797.84,790.86,true,false,false,813.00
8758558000,8759295000,737000,28000,29000,0.00,797.84,790.86,true,false,false,813.00
8759295000,8760032000,737000,28000,29000,0.00,797.84,790.86,true,false,true,813.00
8760032000,8760769000,737000,28000,29000,2.80,0.00,790.86,true,false,false,813.00
8760769000,8761506000,737000,28000,29000,2.80,790.86,790.86,true,false,false,813.00
8761506000,8762243000,737000,28000,29000,2.80,790.86,790.86,true,false,false,813.00
8762243000,8765935000,3692000,28000,28000,2.80,790.86,840.63,false,true,false,813.00
8765935000,8766723000,788000,0,46000,0.00,790.86,791.63,true,false,false,813.00
8766723000,8767526000,803000,13000,51000,0.00,797.84,797.84,true,false,false,813.00
8767526000,8768393000,867000,26000,72000,0.00,797.84,759.10,true,false,false,813.00
8768393000,8769256000,863000,19000,71000,0.00,797.84,759.10,true,false,false,813.00
8769256000,8770011000,755000,17000,35000,0.00,797.84,797.84,true,false,false,813.00
8770011000,8770763000,752000,24000,34000,0.00,797.84,792.40,true,false,false,813.00
8770763000,8771506000,743000,27000,31000,0.00,797.84,790.09,true,false,false,813.00
8771506000,8772244000,738000,27000,29000,0.00,797.84,790.09,true,false,false,813.00
8772244000,8772981000,737000,28000,29000,0.00,797.84,790.09,true,false,false,813.00
8772981000,8773719000,738000,28000,29000,0.00,797.84,790.86,true,false,false,813.00
8773719000,8774456000,737000,28000,29000,0.00,797.84,790.86,true,false,false,813.00
8774456000,8775194000,738000,28000,29000,0.00,797.84,790.86,true,false,false,813.00
8775194000,8775931000,737000,28000,29000,0.00,797.84,790.86,true,false,false,813.00
8775931000,8776668000,737000,28000,29000,0.00,797.84,790.09,true,false,false,813.00
8776668000,8777405000,737000,28000,29000,0.00,797.84,790.09,true,false,false,813.00
8777405000,8778143000,738000,28000,29000,0.00,797.84,790.86,true,false,false,813.00
8778143000,8778880000,737000,28000,29000,0.00,797.84,790.86,true,false,false,813.00
8778880000,8779617000,737000,28000,29000,0.00,797.84,790.86,true,false,false,813.00
8779617000,8780354000,737000,28000,29000,0.00,797.84,790.86,true,false,false,813.00
8780354000,8781091000,737000,28000,29000,0.00,797.84,790.86,true,false,false,813.00
8781091000,8781828000,737000,28000,29000,0.00,797.84,790.86,true,false,false,813.00
8781828000,8782565000,737000,28000,29000,0.00,797.84,790.86,true,false,false,813.00
8782565000,8783303000,738000,28000,29000,0.00,797.84,790.86,true,false,false,813.00
8783303000,8784040000,737000,28000,29000,0.00,797.84,790.86,true,false,false,813.00
8784040000,8784777000,737000,28000,29000,0.00,797.84,790.86,true,false,false,813.00
8784777000,8785514000,737000,28000,29000,0.00,797.84,790.86,true,false,true,813.00
8785514000,8786251000,737000,28000,29000,2.80,0.00,790.86,true,false,false,813.00
8786251000,8786988000,737000,28000,29000,2.80,790.86,790.86,true,false,false,813.00
8786988000,8787725000,737000,28000,29000,2.80,790.86,790.86,true,false,false,813.00
8787725000,8791521000,3796000,29000,29000,2.80,790.86,811.88,false,true,false,813.00
8791521000,8792486000,965000,18000,105000,1.80,790.86,771.35,true,false,false,800.00
8792486000,8793241000,755000,0,35000,0.00,790.86,776.70,true,false,false,800.00
8793241000,8793984000,743000,5000,31000,0.00,790.86,787.40,true,false,false,800.00
8793984000,8794713000,729000,17000,26000,0.00,790.86,787.40,true,false,false,800.00
8794713000,8795429000,716000,15000,22000,0.00,790.86,785.85,true,false,false,800.00
8795429000,8796148000,719000,18000,23000,0.00,790.86,784.31,true,false,false,800.00
8796148000,8796862000,714000,19000,21000,0.00,790.86,784.31,true,false,false,800.00
8796862000,8797575000,713000,19000,21000,0.00,790.86,783.55,true,false,false,800.00
8797575000,8798288000,713000,19000,21000,0.00,790.86,784.31,true,false,false,800.00
8798288000,8799001000,713000,20000,21000,0.00,790.86,784.31,true,false,false,800.00
8799001000,8799711000,710000,20000,20000,0.00,790.86,784.31,true,false,false,800.00
8799711000,8800421000,710000,20000,20000,0.00,790.86,784.31,true,false,false,800.00
8800421000,8801132000,711000,20000,20000,0.00,790.86,784.31,true,false,false,800.00
8801132000,8801842000,710000,20000,20000,0.00,790.86,784.31,true,false,false,800.00
8801842000,8802552000,710000,20000,20000,0.00,790.86,784.31,true,false,false,800.00
8802552000,8803263000,711000,20000,20000,0.00,790.86,784.31,true,false,false,800.00
8803263000,8803974000,711000,20000,20000,0.00,790.86,784.31,true,false,false,800.00
8803974000,8804684000,710000,20000,20000,0.00,790.86,784.31,true,false,false,800.00
8804684000,8805394000,710000,20000,20000,0.00,790.86,784.31,true,false,false,800.00
8805394000,8806105000,711000,20000,20000,0.00,790.86,784.31,true,false,false,800.00
8806105000,8806815000,710000,20000,20000,0.00,790.86,784.31,true,false,false,800.00
8806815000,8807525000,710000,20000,20000,0.00,790.86,784.31,true,false,false,800.00
8807525000,8808235000,710000,20000,20000,0.00,790.86,784.31,true,false,false,800.00
8808235000,8808945000,710000,20000,20000,0.00,790.86,784.31,true,false,false,800.00
8808945000,8809655000,710000,20000,20000,0.00,790.86,784.31,true,false,false,800.00
8809655000,8810365000,710000,20000,20000,0.00,790.86,784.31,true,false,true,800.00
8810365000,8811075000,710000,20000,20000,2.00,0.00,784.31,true,false,false,800.00
8811075000,8811786000,711000,20000,20000,2.00,784.31,784.31,true,false,false,800.00
8811786000,8812496000,710000,20000,20000,2.00,784.31,784.31,true,false,false,800.00
8812496000,8816183000,3687000,20000,20000,2.00,784.31,817.23,false,true,false,800.00
8816183000,8816950000,767000,0,39000,0.00,784.31,778.97,true,false,false,807.00
8816950000,8817726000,776000,22000,42000,0.00,786.55,786.55,true,false,false,807.00
8817726000,8818481000,755000,26000,35000,0.00,786.55,786.55,true,false,false,807.00
8818481000,8819221000,740000,27000,30000,0.00,786.55,784.26,true,false,false,807.00
8819221000,8819964000,743000,28000,31000,0.00,786.55,784.26,true,false,false,807.00
8819964000,8820704000,740000,28000,30000,0.00,786.55,784.26,true,false,false,807.00
8820704000,8821445000,741000,29000,30000,0.00,786.55,784.26,true,false,false,807.00
8821445000,8822185000,740000,29000,30000,0.00,786.55,784.26,true,false,false,807.00
8822185000,8822923000,738000,29000,29000,0.00,786.55,784.26,true,false,false,807.00
8822923000,8823660000,737000,29000,29000,0.00,786.55,784.26,true,false,false,807.00
8823660000,8824398000,738000,29000,29000,0.00,786.55,784.26,true,false,false,807.00
8824398000,8825136000,738000,29000,29000,0.00,786.55,784.26,true,false,false,807.00
8825136000,8825873000,737000,29000,29000,0.00,786.55,784.26,true,false,false,807.00
8825873000,8826611000,738000,29000,29000,0.00,786.55,784.26,true,false,false,807.00
8826611000,8827348000,737000,29000,29000,0.00,786.55,784.26,true,false,false,807.00
8827348000,8828085000,737000,29000,29000,0.00,786.55,784.26,true,false,false,807.00
8828085000,8828822000,737000,29000,29000,0.00,786.55,784.26,true,false,false,807.00
8828822000,8829559000,737000,29000,29000,0.00,786.55,784.26,true,false,false,807.00
8829559000,8830296000,737000,29000,29000,0.00,786.55,784.26,true,false,false,807.00
8830296000,8831033000,737000,29000,29000,0.00,786.55,784.26,true,false,false,807.00
8831033000,8831770000,737000,29000,29000,0.00,786.55,784.26,true,false,false,807.00
8831770000,8832507000,737000,29000,29000,0.00,786.55,784.26,true,false,false,807.00
8832507000,8833244000,737000,29000,29000,0.00,786.55,784.26,true,false,false,807.00
8833244000,8833982000,738000,29000,29000,0.00,786.55,784.26,true,false,false,807.00
8833982000,8834719000,737000,29000,29000,0.00,786.55,784.26,true,false,false,807.00
8834719000,8835456000,737000,29000,29000,0.00,786.55,784.26,true,false,true,807.00
8835456000,8836346000,890000,29000,80000,2.90,0.00,784.26,true,false,false,807.00
8836346000,8837329000,983000,35000,111000,2.90,736.99,736.99,true,false,false,807.00
8837329000,8838093000,764000,11000,38000,1.10,791.18,791.18,true,false,false,807.00
8838093000,8841710000,3617000,32000,32000,1.10,791.18,799.41,false,true,false,807.00
8841710000,8842462000,752000,8000,34000,0.80,791.18,799.41,true,false,false,810.00
8842462000,8843226000,764000,26000,38000,0.80,791.18,782.74,true,false,false,810.00
8843226000,8843976000,750000,27000,33000,0.80,791.18,785.65,true,false,false,810.00
8843976000,8844722000,746000,29000,32000,0.80,791.18,785.65,true,false,false,810.00
8844722000,8845465000,743000,29000,31000,0.80,791.18,785.65,true,false,false,810.00
8845465000,8846208000,743000,29000,31000,0.80,791.18,786.41,true,false,false,810.00
8846208000,8846951000,743000,30000,31000,0.80,791.18,786.41,true,false,false,810.00
8846951000,8847694000,743000,30000,31000,0.80,791.18,786.41,true,false,false,810.00
8847694000,8848437000,743000,30000,31000,0.80,791.18,786.41,true,false,false,810.00
8848437000,8849180000,743000,30000,31000,0.80,791.18,786.41,true,false,false,810.00
8849180000,8849923000,743000,30000,31000,0.80,791.18,786.41,true,false,false,810.00
8849923000,8850667000,744000,30000,31000,0.80,791.18,786.41,true,false,false,810.00
8850667000,8851411000,744000,30000,31000,0.80,791.18,785.65,true,false,false,810.00
8851411000,8852154000,743000,30000,31000,0.80,791.18,786.41,true,false,false,810.00
8852154000,8852898000,744000,30000,31000,0.80,791.18,786.41,true,false,false,810.00
8852898000,8853641000,743000,30000,31000,0.80,791.18,786.41,true,false,false,810.00
8853641000,8854384000,743000,30000,31000,0.80,791.18,786.41,true,false,false,810.00
8854384000,8855127000,743000,30000,31000,0.80,791.18,786.41,true,false,false,810.00
8855127000,8855871000,744000,30000,31000,0.80,791.18,786.41,true,false,false,810.00
8855871000,8856614000,743000,30000,31000,0.80,791.18,786.41,true,false,false,810.00
8856614000,8857357000,743000,30000,31000,0.80,791.18,785.65,true,false,false,810.00
8857357000,8858100000,743000,30000,31000,0.80,791.18,785.65,true,false,false,810.00
8858100000,8858843000,743000,30000,31000,0.80,791.18,786.41,true,false,false,810.00
8858843000,8859802000,959000,30000,103000,0.80,791.18,770.69,true,false,false,810.00
8859802000,8860809000,1007000,18000,119000,0.80,791.18,757.01,true,false,false,810.00
8860809000,8861573000,764000,8000,38000,0.80,791.18,784.12,true,false,true,810.00
8861573000,8862331000,758000,21000,36000,2.10,0.00,784.12,true,false,false,810.00
8862331000,8863074000,743000,24000,31000,2.10,787.94,787.94,true,false,false,810.00
8863074000,8863808000,734000,25000,28000,2.10,788.70,788.70,true,false,false,810.00
8863808000,8867463000,3655000,27000,27000,2.10,788.70,828.92,false,true,false,810.00
8867463000,8868230000,767000,0,39000,0.00,788.70,793.34,true,false,false,816.00
8868230000,8869009000,779000,22000,43000,0.00,796.88,796.88,true,false,false,816.00
8869009000,8869764000,755000,26000,35000,0.00,796.88,796.88,true,false,false,816.00
8869764000,8870508000,744000,27000,31000,0.00,796.88,792.23,true,false,false,816.00
8870508000,8871252000,744000,28000,31000,0.00,796.88,792.23,true,false,false,816.00
8871252000,8871993000,741000,28000,30000,0.00,796.88,792.23,true,false,false,816.00
8871993000,8872733000,740000,29000,30000,0.00,796.88,792.23,true,false,false,816.00
8872733000,8873473000,740000,29000,30000,0.00,796.88,792.23,true,false,false,816.00
8873473000,8874213000,740000,29000,30000,0.00,796.88,792.23,true,false,false,816.00
8874213000,8874954000,741000,29000,30000,0.00,796.88,792.23,true,false,false,816.00
8874954000,8875694000,740000,29000,30000,0.00,796.88,792.23,true,false,false,816.00
8875694000,8876434000,740000,29000,30000,0.00,796.88,792.23,true,false,false,816.00
8876434000,8877174000,740000,29000,30000,0.00,796.88,792.23,true,false,false,816.00
8877174000,8877915000,741000,29000,30000,0.00,796.88,792.23,true,false,false,816.00
8877915000,8878655000,740000,29000,30000,0.00,796.88,792.23,true,false,false,816.00
8878655000,8879395000,740000,29000,30000,0.00,796.88,792.23,true,false,false,816.00
8879395000,8880135000,740000,29000,30000,0.00,796.88,792.23,true,false,false,816.00
8880135000,8880875000,740000,29000,30000,0.00,796.88,792.23,true,false,false,816.00
8880875000,8881615000,740000,29000,30000,0.00,796.88,792.23,true,false,false,816.00
8881615000,8882355000,740000,29000,30000,0.00,796.88,792.23,true,false,false,816.00
8882355000,8883279000,924000,29000,91000,0.00,796.88,792.23,true,false,false,816.00
8883279000,8884268000,989000,24000,113000,0.00,796.88,748.62,true,false,false,816.00
8884268000,8885035000,767000,11000,39000,0.00,796.88,796.88,true,false,false,816.00
8885035000,8885805000,770000,23000,40000,0.00,796.88,789.93,true,false,false,816.00
8885805000,8886554000,749000,25000,33000,0.00,796.88,790.70,true,false,false,816.00
8886554000,8887297000,743000,27000,31000,0.00,796.88,790.70,true,false,true,816.00
8887297000,8888040000,743000,29000,31000,2.90,0.00,790.70,true,false,false,816.00
8888040000,8888780000,740000,29000,30000,2.90,793.00,793.00,true,false,false,816.00
8888780000,8889520000,740000,29000,30000,2.90,793.00,792.23,true,false,false,816.00
8889520000,8893219000,3699000,30000,30000,2.90,793.00,843.87,false,true,false,816.00
8893219000,8894010000,791000,0,47000,0.00,793.00,793.77,true,false,false,815.00
8894010000,8894816000,806000,13000,52000,0.00,799.02,799.02,true,false,false,815.00
8894816000,8895584000,768000,26000,39000,0.00,799.02,799.02,true,false,false,815.00
8895584000,8896330000,746000,25000,32000,0.00,799.02,792.80,true,false,false,815.00
8896330000,8897076000,746000,27000,32000,0.00,799.02,791.26,true,false,false,815.00
8897076000,8897816000,740000,28000,30000,0.00,799.02,791.26,true,false,false,815.00
8897816000,8898556000,740000,28000,30000,0.00,799.02,791.26,true,false,false,815.00
8898556000,8899297000,741000,29000,30000,0.00,799.02,792.03,true,false,false,815.00
8899297000,8900037000,740000,29000,30000,0.00,799.02,792.03,true,false,false,815.00
8900037000,8900777000,740000,29000,30000,0.00,799.02,792.03,true,false,false,815.00
8900777000,8901518000,741000,29000,30000,0.00,799.02,792.03,true,false,false,815.00
8901518000,8902255000,737000,29000,29000,0.00,799.02,792.03,true,false,false,815.00
8902255000,8902993000,738000,29000,29000,0.00,799.02,792.03,true,false,false,815.00
8902993000,8903730000,737000,29000,29000,0.00,799.02,792.03,true,false,false,815.00
8903730000,8904467000,737000,29000,29000,0.00,799.02,792.03,true,false,false,815.00
8904467000,8905204000,737000,29000,29000,0.00,799.02,792.03,true,false,false,815.00
8905204000,8905942000,738000,29000,29000,0.00,799.02,792.03,true,false,false,815.00
8905942000,8906817000,875000,29000,75000,0.00,799.02,792.03,true,false,false,815.00
8906817000,8907809000,992000,36000,114000,0.00,799.02,747.02,true,false,false,815.00
8907809000,8908579000,770000,11000,40000,0.00,799.02,795.90,true,false,false,815.00
8908579000,8909346000,767000,24000,39000,0.00,799.02,788.96,true,false,false,815.00
8909346000,8910092000,746000,23000,32000,0.00,799.02,790.49,true,false,false,815.00
8910092000,8910838000,746000,27000,32000,0.00,799.02,790.49,true,false,false,815.00
8910838000,8911581000,743000,28000,31000,0.00,799.02,792.03,true,false,false,815.00
8911581000,8912322000,741000,28000,30000,0.00,799.02,792.03,true,false,false,815.00
8912322000,8913062000,740000,29000,30000,0.00,799.02,792.03,true,false,true,815.00
8913062000,8913799000,737000,29000,29000,2.90,0.00,792.03,true,false,false,815.00
8913799000,8914537000,738000,29000,29000,2.90,792.03,792.03,true,false,false,815.00
8914537000,8915275000,738000,29000,29000,2.90,792.03,792.03,true,false,false,815.00
8915275000,8918973000,3698000,29000,29000,2.90,792.03,842.94,false,true,false,815.00
8918973000,8919764000,791000,0,47000,0.00,792.03,792.03,true,false,false,814.00
8919764000,8920571000,807000,13000,52000,0.00,798.04,798.04,true,false,false,814.00
8920571000,8921339000,768000,26000,39000,0.00,798.04,798.04,true,false,false,814.00
8921339000,8922082000,743000,25000,31000,0.00,798.04,793.37,true,false,false,814.00
8922082000,8922828000,746000,27000,32000,0.00,798.04,790.29,true,false,false,814.00
8922828000,8923568000,740000,27000,30000,0.00,798.04,791.06,true,false,false,814.00
8923568000,8924308000,740000,28000,30000,0.00,798.04,791.06,true,false,false,814.00
8924308000,8925046000,738000,28000,29000,0.00,798.04,791.06,true,false,false,814.00
8925046000,8925784000,738000,29000,29000,0.00,798.04,791.06,true,false,false,814.00
8925784000,8926521000,737000,29000,29000,0.00,798.04,791.06,true,false,false,814.00
8926521000,8927258000,737000,29000,29000,0.00,798.04,791.06,true,false,false,814.00
8927258000,8927995000,737000,29000,29000,0.00,798.04,791.06,true,false,false,814.00
8927995000,8928733000,738000,29000,29000,0.00,798.04,791.06,true,false,false,814.00
8928733000,8929470000,737000,29000,29000,0.00,798.04,791.06,true,false,false,814.00
8929470000,8930282000,812000,29000,54000,0.00,798.04,791.06,true,false,false,814.00
8930282000,8931268000,986000,54000,112000,0.00,798.04,746.10,true,false,false,814.00
8931268000,8932194000,926000,10000,92000,0.00,798.04,798.04,true,false,false,814.00
8932194000,8932961000,767000,27000,39000,0.00,798.04,787.23,true,false,false,814.00
8932961000,8933707000,746000,22000,32000,0.00,798.04,787.23,true,false,false,814.00
8933707000,8934453000,746000,27000,32000,0.00,798.04,789.52,true,false,false,814.00
8934453000,8935193000,740000,27000,30000,0.00,798.04,791.06,true,false,false,814.00
8935193000,8935933000,740000,28000,30000,0.00,798.04,791.06,true,false,false,814.00
8935933000,8936670000,737000,28000,29000,0.00,798.04,791.06,true,false,false,814.00
8936670000,8937407000,737000,29000,29000,0.00,798.04,791.06,true,false,false,814.00
8937407000,8938144000,737000,29000,29000,0.00,798.04,791.06,true,false,false,814.00
8938144000,8938881000,737000,29000,29000,0.00,798.04,791.06,true,false,true,814.00
8938881000,8939618000,737000,29000,29000,2.90,0.00,791.06,true,false,false,814.00
8939618000,8940355000,737000,29000,29000,2.90,791.06,791.06,true,false,false,814.00
8940355000,8941092000,737000,29000,29000,2.90,791.06,791.06,true,false,false,814.00
8941092000,8944790000,3698000,29000,29000,2.90,791.06,842.79,false,true,false,814.00
8944790000,8945582000,792000,0,47000,0.00,791.06,791.06,true,false,false,813.00
8945582000,8946385000,803000,12000,51000,0.00,797.84,797.84,true,false,false,813.00
8946385000,8947152000,767000,26000,39000,0.00,797.84,797.84,true,false,false,813.00
8947152000,8947895000,743000,24000,31000,0.00,797.84,792.40,true,false,false,813.00
8947895000,8948639000,744000,27000,31000,0.00,797.84,790.09,true,false,false,813.00
8948639000,8949379000,740000,27000,30000,0.00,797.84,790.09,true,false,false,813.00
8949379000,8950116000,737000,28000,29000,0.00,797.84,790.09,true,false,false,813.00
8950116000,8950853000,737000,28000,29000,0.00,797.84,790.86,true,false,false,813.00
8950853000,8951590000,737000,28000,29000,0.00,797.84,790.86,true,false,false,813.00
8951590000,8952328000,738000,28000,29000,0.00,797.84,790.86,true,false,false,813.00
8952328000,8953065000,737000,28000,29000,0.00,797.84,790.86,true,false,false,813.00
8953065000,8953803000,738000,28000,29000,0.00,797.84,790.86,true,false,false,813.00
8953803000,8954787000,984000,28000,111000,0.00,797.84,737.75,true,false,false,813.00
8954787000,8955719000,932000,10000,94000,0.00,801.78,801.78,true,false,false,813.00
8955719000,8956486000,767000,16000,39000,0.00,801.78,801.78,true,false,false,813.00
8956486000,8957227000,741000,22000,30000,0.00,801.78,790.86,true,false,false,813.00
8957227000,8957973000,746000,26000,32000,0.00,801.78,789.32,true,false,false,813.00
8957973000,8958714000,741000,26000,30000,0.00,801.78,790.09,true,false,false,813.00
8958714000,8959451000,737000,27000,29000,0.00,801.78,790.09,true,false,false,813.00
8959451000,8960189000,738000,28000,29000,0.00,801.78,790.09,true,false,false,813.00
8960189000,8960926000,737000,28000,29000,0.00,801.78,790.86,true,false,false,813.00
8960926000,8961663000,737000,28000,29000,0.00,801.78,790.86,true,false,false,813.00
8961663000,8962400000,737000,28000,29000,0.00,801.78,790.86,true,false,false,813.00
8962400000,8963137000,737000,28000,29000,0.00,801.78,790.86,true,false,false,813.00
8963137000,8963874000,737000,28000,29000,0.00,801.78,790.09,true,false,false,813.00
8963874000,8964611000,737000,28000,29000,0.00,801.78,790.09,true,false,true,813.00
8964611000,8965349000,738000,28000,29000,2.80,0.00,790.09,true,false,false,813.00
8965349000,8966086000,737000,28000,29000,2.80,790.86,790.86,true,false,false,813.00
8966086000,8966823000,737000,28000,29000,2.80,790.86,790.86,true,false,false,813.00
8966823000,8970514000,3691000,28000,28000,2.80,790.86,840.63,false,true,false,813.00
8970514000,8971302000,788000,0,46000,0.00,790.86,790.86,true,false,false,813.00
8971302000,8972105000,803000,13000,51000,0.00,797.06,797.06,true,false,false,813.00
8972105000,8972869000,764000,25000,38000,0.00,797.06,797.06,true,false,false,813.00
8972869000,8973612000,743000,24000,31000,0.00,797.06,792.40,true,false,false,813.00
8973612000,8974358000,746000,27000,32000,0.00,797.06,790.09,true,false,false,813.00
8974358000,8975098000,740000,27000,30000,0.00,797.06,790.09,true,false,false,813.00
8975098000,8975835000,737000,28000,29000,0.00,797.06,790.09,true,false,false,813.00
8975835000,8976572000,737000,28000,29000,0.00,797.06,790.86,true,false,false,813.00
8976572000,8977310000,738000,28000,29000,0.00,797.06,790.86,true,false,false,813.00
8977310000,8978293000,983000,28000,111000,0.00,797.06,734.42,true,false,false,813.00
8978293000,8979226000,933000,10000,94000,0.00,801.78,801.78,true,false,false,813.00
8979226000,8979993000,767000,12000,39000,0.00,801.78,801.78,true,false,false,813.00
8979993000,8980736000,743000,22000,31000,0.00,801.78,793.95,true,false,false,813.00
8980736000,8981482000,746000,26000,32000,0.00,801.78,790.09,true,false,false,813.00
8981482000,8982223000,741000,26000,30000,0.00,801.78,790.09,true,false,false,813.00
8982223000,8982963000,740000,27000,30000,0.00,801.78,790.09,true,false,false,813.00
8982963000,8983700000,737000,28000,29000,0.00,801.78,790.09,true,false,false,813.00
8983700000,8984437000,737000,28000,29000,0.00,801.78,790.86,true,false,false,813.00
8984437000,8985174000,737000,28000,29000,0.00,801.78,790.86,true,false,false,813.00
8985174000,8985912000,738000,28000,29000,0.00,801.78,790.86,true,false,false,813.00
8985912000,8986649000,737000,28000,29000,0.00,801.78,790.86,true,false,false,813.00
8986649000,8987386000,737000,28000,29000,0.00,801.78,790.86,true,false,false,813.00
8987386000,8988123000,737000,28000,29000,0.00,801.78,790.86,true,false,false,813.00
8988123000,8988860000,737000,28000,29000,0.00,801.78,790.09,true,false,false,813.00
8988860000,8989597000,737000,28000,29000,0.00,801.78,790.86,true,false,false,813.00
8989597000,8990334000,737000,28000,29000,0.00,801.78,790.86,true,false,true,813.00
8990334000,8991072000,738000,28000,29000,2.80,0.00,790.86,true,false,false,813.00
8991072000,8991809000,737000,28000,29000,2.80,790.86,790.86,true,false,false,813.00
8991809000,8992546000,737000,28000,29000,2.80,790.86,790.86,true,false,false,813.00
8992546000,8996237000,3691000,28000,28000,2.80,790.86,840.63,false,true,false,813.00
8996237000,8997025000,788000,0,46000,0.00,790.86,790.86,true,false,false,813.00
8997025000,8997828000,803000,13000,51000,0.00,797.06,797.06,true,false,false,813.00
8997828000,8998592000,764000,25000,38000,0.00,797.06,797.06,true,false,false,813.00
8998592000,8999335000,743000,24000,31000,0.00,797.06,792.40,true,false,false,813.00
8999335000,9000081000,746000,27000,32000,0.00,797.06,790.09,true,false,false,813.00
9000081000,9000821000,740000,27000,30000,0.00,797.06,790.09,true,false,false,813.00
9000821000,9001789000,968000,28000,106000,0.00,797.06,741.11,true,false,false,813.00
9001789000,9002727000,938000,11000,96000,0.00,797.06,741.11,true,false,false,813.00
9002727000,9003494000,767000,11000,39000,0.00,797.06,795.50,true,false,false,813.00
9003494000,9004240000,746000,22000,32000,0.00,797.06,794.72,true,false,false,813.00
9004240000,9004986000,746000,26000,32000,0.00,797.06,791.63,true,false,false,813.00
9004986000,9005727000,741000,26000,30000,0.00,797.06,791.63,true,false,false,813.00
9005727000,9006467000,740000,27000,30000,0.00,797.06,790.09,true,false,false,813.00
9006467000,9007204000,737000,28000,29000,0.00,797.06,790.09,true,false,false,813.00
9007204000,9007942000,738000,28000,29000,0.00,797.06,790.09,true,false,false,813.00
9007942000,9008679000,737000,28000,29000,0.00,797.06,790.86,true,false,false,813.00
9008679000,9009416000,737000,28000,29000,0.00,797.06,790.86,true,false,false,813.00
9009416000,9010153000,737000,28000,29000,0.00,797.06,790.86,true,false,false,813.00
9010153000,9010891000,738000,28000,29000,0.00,797.06,790.86,true,false,false,813.00
9010891000,9011628000,737000,28000,29000,0.00,797.06,790.86,true,false,false,813.00
9011628000,9012366000,738000,28000,29000,0.00,797.06,790.86,true,false,false,813.00
9012366000,9013103000,737000,28000,29000,0.00,797.06,790.09,true,false,false,813.00
9013103000,9013840000,737000,28000,29000,0.00,797.06,790.09,true,false,false,813.00
9013840000,9014577000,737000,28000,29000,0.00,797.06,790.86,true,false,false,813.00
9014577000,9015314000,737000,28000,29000,0.00,797.06,790.86,true,false,false,813.00
9015314000,9016051000,737000,28000,29000,0.00,797.06,790.86,true,false,true,813.00
9016051000,9016788000,737000,28000,29000,2.80,0.00,790.86,true,false,false,813.00
9016788000,9017526000,738000,28000,29000,2.80,790.86,790.86,true,false,false,813.00
9017526000,9018263000,737000,28000,29000,2.80,790.86,790.86,true,false,false,813.00
9018263000,9021954000,3691000,28000,28000,2.80,790.86,840.63,false,true,false,813.00
9021954000,9022742000,788000,0,46000,0.00,790.86,790.86,true,false,false,813.00
9022742000,9023543000,801000,13000,50000,0.00,797.06,797.06,true,false,false,813.00
9023543000,9024307000,764000,26000,38000,0.00,797.06,797.06,true,false,false,813.00
9024307000,9025266000,959000,25000,103000,0.00,797.06,792.40,true,false,false,813.00
9025266000,9026210000,944000,14000,98000,0.00,797.06,747.93,true,false,false,813.00
9026210000,9026977000,767000,12000,39000,0.00,797.06,790.09,true,false,false,813.00
9026977000,9027723000,746000,22000,32000,0.00,797.06,792.40,true,false,false,813.00
9027723000,9028469000,746000,26000,32000,0.00,797.06,792.40,true,false,false,813.00
9028469000,9029209000,740000,26000,30000,0.00,797.06,790.86,true,false,false,813.00
9029209000,9029949000,740000,27000,30000,0.00,797.06,790.86,true,false,false,813.00
9029949000,9030686000,737000,28000,29000,0.00,797.06,790.86,true,false,false,813.00
9030686000,9031423000,737000,28000,29000,0.00,797.06,790.86,true,false,false,813.00
9031423000,9032160000,737000,28000,29000,0.00,797.06,790.09,true,false,false,813.00
9032160000,9032897000,737000,28000,29000,0.00,797.06,790.86,true,false,false,813.00
9032897000,9033634000,737000,28000,29000,0.00,797.06,790.86,true,false,false,813.00
9033634000,9034371000,737000,28000,29000,0.00,797.06,790.86,true,false,false,813.00
9034371000,9035108000,737000,28000,29000,0.00,797.06,790.86,true,false,false,813.00
9035108000,9035846000,738000,28000,29000,0.00,797.06,790.86,true,false,false,813.00
9035846000,9036583000,737000,28000,29000,0.00,797.06,790.86,true,false,false,813.00
9036583000,9037320000,737000,28000,29000,0.00,797.06,790.86,true,false,false,813.00
9037320000,9038057000,737000,28000,29000,0.00,797.06,790.86,true,false,false,813.00
9038057000,9038794000,737000,28000,29000,0.00,797.06,790.86,true,false,false,813.00
9038794000,9039531000,737000,28000,29000,0.00,797.06,790.86,true,false,false,813.00
9039531000,9040268000,737000,28000,29000,0.00,797.06,790.86,true,false,false,813.00
9040268000,9041006000,738000,28000,29000,0.00,797.06,790.09,true,false,false,813.00
9041006000,9041743000,737000,28000,29000,0.00,797.06,790.09,true,false,true,813.00
9041743000,9042480000,737000,28000,29000,2.80,0.00,790.09,true,false,false,813.00
9042480000,9043217000,737000,28000,29000,2.80,790.09,790.09,true,false,false,813.00
9043217000,9043954000,737000,28000,29000,2.80,790.86,790.86,true,false,false,813.00
9043954000,9047652000,3698000,28000,28000,2.80,790.86,840.63,false,true,false,813.00
9047652000,9048848000,1196000,5000,182000,0.70,790.86,724.60,true,false,false,813.00
9048848000,9049741000,893000,18000,81000,0.70,790.86,788.55,true,false,false,813.00
9049741000,9050595000,854000,35000,68000,0.70,790.86,772.08,true,false,false,813.00
9050595000,9051392000,797000,33000,49000,0.70,790.86,776.50,true,false,false,813.00
9051392000,9052186000,794000,41000,48000,0.70,790.86,776.50,true,false,false,813.00
9052186000,9052975000,789000,43000,46000,0.70,790.86,778.74,true,false,false,813.00
9052975000,9053760000,785000,43000,45000,0.70,790.86,779.48,true,false,false,813.00
9053760000,9054546000,786000,44000,45000,0.70,790.86,778.74,true,false,false,813.00
9054546000,9055331000,785000,44000,45000,0.70,790.86,778.74,true,false,false,813.00
9055331000,9056117000,786000,44000,45000,0.70,790.86,778.74,true,false,false,813.00
9056117000,9056902000,785000,44000,45000,0.70,790.86,778.74,true,false,false,813.00
9056902000,9057684000,782000,44000,44000,0.70,790.86,778.74,true,false,false,813.00
9057684000,9058466000,782000,44000,44000,0.70,790.86,778.74,true,false,false,813.00
9058466000,9059249000,783000,44000,44000,0.70,790.86,778.74,true,false,false,813.00
9059249000,9060031000,782000,44000,44000,0.70,790.86,778.74,true,false,false,813.00
9060031000,9060814000,783000,44000,44000,0.70,790.86,778.74,true,false,false,813.00
9060814000,9061597000,783000,44000,44000,0.70,790.86,778.74,true,false,false,813.00
9061597000,9062379000,782000,44000,44000,0.70,790.86,778.74,true,false,false,813.00
9062379000,9063161000,782000,44000,44000,0.70,790.86,778.74,true,false,false,813.00
9063161000,9063943000,782000,44000,44000,0.70,790.86,778.74,true,false,false,813.00
9063943000,9064725000,782000,44000,44000,0.70,790.86,778.74,true,false,false,813.00
9064725000,9065507000,782000,44000,44000,0.70,790.86,778.74,true,false,false,813.00
9065507000,9066289000,782000,44000,44000,0.70,790.86,778.74,true,false,false,813.00
9066289000,9067071000,782000,44000,44000,0.70,790.86,778.74,true,false,false,813.00
9067071000,9067853000,782000,44000,44000,0.70,790.86,778.74,true,false,false,813.00
9067853000,9068635000,782000,44000,44000,0.70,790.86,778.74,true,false,true,813.00
9068635000,9069417000,782000,44000,44000,4.40,0.00,778.74,true,false,false,813.00
9069417000,9070199000,782000,44000,44000,4.40,778.74,778.74,true,false,false,813.00
9070199000,9070982000,783000,44000,44000,4.40,778.74,778.74,true,false,false,813.00
9070982000,9074908000,3926000,44000,44000,4.40,778.74,856.76,false,true,false,813.00
9074908000,9075714000,806000,0,52000,0.10,778.74,797.06,true,false,false,832.00
9075714000,9076538000,824000,0,58000,0.00,818.09,818.09,true,false,false,832.00
9076538000,9077306000,768000,26000,39000,0.00,818.09,808.55,true,false,false,832.00
9077306000,9078056000,750000,26000,33000,0.00,818.09,808.55,true,false,false,832.00
9078056000,9078802000,746000,28000,32000,0.00,818.09,806.98,true,false,false,832.00
9078802000,9079545000,743000,28000,31000,0.00,818.09,807.77,true,false,false,832.00
9079545000,9080285000,740000,29000,30000,0.00,818.09,807.77,true,false,false,832.00
9080285000,9081025000,740000,29000,30000,0.00,818.09,807.77,true,false,false,832.00
9081025000,9081765000,740000,29000,30000,0.00,818.09,807.77,true,false,false,832.00
9081765000,9082505000,740000,29000,30000,0.00,818.09,807.77,true,false,false,832.00
9082505000,9083245000,740000,29000,30000,0.00,818.09,807.77,true,false,false,832.00
9083245000,9083985000,740000,29000,30000,0.00,818.09,807.77,true,false,false,832.00
9083985000,9084725000,740000,29000,30000,0.00,818.09,807.77,true,false,false,832.00
9084725000,9085465000,740000,29000,30000,0.00,818.09,807.77,true,false,false,832.00
9085465000,9086205000,740000,29000,30000,0.00,818.09,807.77,true,false,false,832.00
9086205000,9086945000,740000,29000,30000,0.00,818.09,807.77,true,false,false,832.00
9086945000,9087685000,740000,29000,30000,0.00,818.09,807.77,true,false,false,832.00
9087685000,9088425000,740000,30000,30000,0.00,818.09,807.77,true,false,false,832.00
9088425000,9089165000,740000,30000,30000,0.00,818.09,807.77,true,false,false,832.00
9089165000,9089905000,740000,30000,30000,0.00,818.09,807.77,true,false,false,832.00
9089905000,9090645000,740000,30000,30000,0.00,818.09,807.77,true,false,false,832.00
9090645000,9091385000,740000,30000,30000,0.00,818.09,807.77,true,false,false,832.00
9091385000,9092125000,740000,30000,30000,0.00,818.09,807.77,true,false,false,832.00
9092125000,9092865000,740000,30000,30000,0.00,818.09,807.77,true,false,false,832.00
9092865000,9093605000,740000,30000,30000,0.00,818.09,807.77,true,false,false,832.00
9093605000,9094345000,740000,30000,30000,0.00,818.09,807.77,true,false,true,832.00
9094345000,9095085000,740000,30000,30000,3.00,0.00,807.77,true,false,false,832.00
9095085000,9095825000,740000,30000,30000,3.00,807.77,807.77,true,false,false,832.00
9095825000,9096791000,966000,30000,105000,3.00,807.77,764.00,true,false,false,832.00
9096791000,9100486000,3695000,105000,105000,3.00,807.77,857.80,false,true,false,832.00
9100486000,9101280000,794000,0,48000,0.00,807.77,820.51,true,false,false,829.00
9101280000,9102086000,806000,13000,52000,0.00,812.75,812.75,true,false,false,829.00
9102086000,9102851000,765000,26000,38000,0.00,812.75,804.85,true,false,false,829.00
9102851000,9103594000,743000,24000,31000,0.00,812.75,804.85,true,false,false,829.00
9103594000,9104338000,744000,27000,31000,0.00,812.75,804.85,true,false,false,829.00
9104338000,9105075000,737000,27000,29000,0.00,812.75,806.42,true,false,false,829.00
9105075000,9105813000,738000,28000,29000,0.00,812.75,806.42,true,false,false,829.00
9105813000,9106550000,737000,28000,29000,0.00,812.75,806.42,true,false,false,829.00
9106550000,9107287000,737000,28000,29000,0.00,812.75,805.64,true,false,false,829.00
9107287000,9108024000,737000,28000,29000,0.00,812.75,806.42,true,false,false,829.00
9108024000,9108761000,737000,28000,29000,0.00,812.75,806.42,true,false,false,829.00
9108761000,9109498000,737000,28000,29000,0.00,812.75,806.42,true,false,false,829.00
9109498000,9110235000,737000,28000,29000,0.00,812.75,805.64,true,false,false,829.00
9110235000,9110973000,738000,28000,29000,0.00,812.75,806.42,true,false,false,829.00
9110973000,9111710000,737000,28000,29000,0.00,812.75,806.42,true,false,false,829.00
9111710000,9112447000,737000,28000,29000,0.00,812.75,805.64,true,false,false,829.00
9112447000,9113184000,737000,28000,29000,0.00,812.75,806.42,true,false,false,829.00
9113184000,9113921000,737000,28000,29000,0.00,812.75,806.42,true,false,false,829.00
9113921000,9114658000,737000,28000,29000,0.00,812.75,806.42,true,false,false,829.00
9114658000,9115395000,737000,28000,29000,0.00,812.75,805.64,true,false,false,829.00
9115395000,9116133000,738000,28000,29000,0.00,812.75,806.42,true,false,false,829.00
9116133000,9116870000,737000,28000,29000,0.00,812.75,806.42,true,false,false,829.00
9116870000,9117607000,737000,28000,29000,0.00,812.75,805.64,true,false,false,829.00
9117607000,9118344000,737000,28000,29000,0.00,812.75,806.42,true,false,false,829.00
9118344000,9119081000,737000,28000,29000,0.00,812.75,806.42,true,false,false,829.00
9119081000,9119989000,908000,28000,86000,0.00,812.75,806.42,true,false,true,829.00
9119989000,9120964000,975000,25000,108000,2.50,0.00,806.42,true,false,false,829.00
9120964000,9121728000,764000,10000,38000,1.00,809.57,809.57,true,false,false,829.00
9121728000,9122492000,764000,23000,38000,1.00,809.57,803.29,true,false,false,829.00
9122492000,9126110000,3618000,26000,26000,1.00,809.57,824.88,false,true,false,829.00
9126110000,9126856000,746000,9000,32000,0.90,809.57,820.79,true,false,false,839.00
9126856000,9127629000,773000,30000,41000,0.90,809.57,806.73,true,false,false,839.00
9127629000,9128381000,752000,30000,34000,0.90,811.41,811.41,true,false,false,839.00
9128381000,9129134000,753000,31000,34000,0.90,811.41,811.41,true,false,false,839.00
9129134000,9129886000,752000,31000,34000,0.90,812.20,812.20,true,false,false,839.00
9129886000,9130638000,752000,32000,34000,0.90,812.20,812.20,true,false,false,839.00
9130638000,9131387000,749000,32000,33000,0.90,812.20,812.20,true,false,false,839.00
9131387000,9132137000,750000,32000,33000,0.90,812.20,812.20,true,false,false,839.00
9132137000,9132887000,750000,32000,33000,0.90,812.20,812.20,true,false,false,839.00
9132887000,9133636000,749000,32000,33000,0.90,812.98,812.98,true,false,false,839.00
9133636000,9134385000,749000,32000,33000,0.90,812.98,812.98,true,false,false,839.00
9134385000,9135134000,749000,33000,33000,0.90,812.98,812.20,true,false,false,839.00
9135134000,9135883000,749000,33000,33000,0.90,812.98,812.20,true,false,false,839.00
9135883000,9136632000,749000,33000,33000,0.90,812.98,812.20,true,false,false,839.00
9136632000,9137381000,749000,33000,33000,0.90,812.98,812.20,true,false,false,839.00
9137381000,9138130000,749000,33000,33000,0.90,812.98,812.20,true,false,false,839.00
9138130000,9138879000,749000,33000,33000,0.90,812.98,812.20,true,false,false,839.00
9138879000,9139628000,749000,33000,33000,0.90,812.98,812.20,true,false,false,839.00
9139628000,9140377000,749000,33000,33000,0.90,812.98,812.20,true,false,false,839.00
9140377000,9141126000,749000,33000,33000,0.90,812.98,812.20,true,false,false,839.00
9141126000,9141876000,750000,33000,33000,0.90,812.98,812.20,true,false,false,839.00
9141876000,9142625000,749000,33000,33000,0.90,812.98,812.20,true,false,false,839.00
9142625000,9143603000,978000,33000,109000,0.90,812.98,812.20,true,false,false,839.00
9143603000,9144613000,1010000,16000,120000,0.90,812.98,759.96,true,false,false,839.00
9144613000,9145390000,777000,14000,42000,0.90,815.35,815.35,true,false,false,839.00
9145390000,9146157000,767000,28000,39000,0.90,816.15,816.15,true,false,true,839.00
9146157000,9146915000,758000,31000,36000,3.10,0.00,816.15,true,false,false,839.00
9146915000,9147667000,752000,31000,34000,3.10,813.77,813.77,true,false,false,839.00
9147667000,9148419000,752000,32000,34000,3.10,813.77,812.20,true,false,false,839.00
9148419000,9152140000,3721000,33000,33000,3.10,813.77,863.97,false,true,false,839.00
9152140000,9152944000,804000,0,51000,0.00,813.77,820.14,true,false,false,834.00
9152944000,9153763000,819000,17000,56000,0.00,815.25,815.25,true,false,false,834.00
9153763000,9154530000,767000,28000,39000,0.00,815.25,808.92,true,false,false,834.00
9154530000,9155279000,749000,27000,33000,0.00,815.25,808.92,true,false,false,834.00
9155279000,9156028000,749000,29000,33000,0.00,815.25,808.14,true,false,false,834.00
9156028000,9156771000,743000,29000,31000,0.00,815.25,808.92,true,false,false,834.00
9156771000,9157514000,743000,30000,31000,0.00,815.25,808.92,true,false,false,834.00
9157514000,9158258000,744000,30000,31000,0.00,815.25,809.71,true,false,false,834.00
9158258000,9159001000,743000,30000,31000,0.00,815.25,808.92,true,false,false,834.00
9159001000,9159744000,743000,30000,31000,0.00,815.25,809.71,true,false,false,834.00
9159744000,9160487000,743000,30000,31000,0.00,815.25,809.71,true,false,false,834.00
9160487000,9161230000,743000,30000,31000,0.00,815.25,809.71,true,false,false,834.00
9161230000,9161973000,743000,30000,31000,0.00,815.25,808.92,true,false,false,834.00
9161973000,9162716000,743000,30000,31000,0.00,815.25,808.92,true,false,false,834.00
9162716000,9163459000,743000,30000,31000,0.00,815.25,808.92,true,false,false,834.00
9163459000,9164202000,743000,30000,31000,0.00,815.25,808.92,true,false,false,834.00
9164202000,9164946000,744000,30000,31000,0.00,815.25,808.92,true,false,false,834.00
9164946000,9165690000,744000,30000,31000,0.00,815.25,808.92,true,false,false,834.00
9165690000,9166433000,743000,30000,31000,0.00,815.25,808.92,true,false,false,834.00
9166433000,9167392000,959000,30000,103000,0.00,815.25,791.27,true,false,false,834.00
9167392000,9168381000,989000,19000,113000,0.00,815.25,783.10,true,false,false,834.00
9168381000,9169152000,771000,12000,40000,0.00,815.25,805.02,true,false,false,834.00
9169152000,9169916000,764000,25000,38000,0.00,815.25,805.02,true,false,false,834.00
9169916000,9170665000,749000,29000,33000,0.00,815.25,810.50,true,false,false,834.00
9170665000,9171411000,746000,29000,32000,0.00,815.25,809.71,true,false,false,834.00
9171411000,9172157000,746000,30000,32000,0.00,815.25,808.92,true,false,true,834.00
9172157000,9172900000,743000,30000,31000,3.00,0.00,808.92,true,false,false,834.00
9172900000,9173643000,743000,30000,31000,3.00,808.92,808.92,true,false,false,834.00
9173643000,9174386000,743000,30000,31000,3.00,808.92,808.92,true,false,false,834.00
9174386000,9178099000,3713000,30000,30000,3.00,808.92,861.37,false,true,false,834.00
9178099000,9178893000,794000,0,48000,0.00,808.92,812.07,true,false,false,830.00
9178893000,9179702000,809000,14000,53000,0.00,813.73,813.73,true,false,false,830.00
9179702000,9180469000,767000,26000,39000,0.00,813.73,813.73,true,false,false,830.00
9180469000,9181212000,743000,25000,31000,0.00,813.73,808.18,true,false,false,830.00
9181212000,9181955000,743000,27000,31000,0.00,813.73,805.83,true,false,false,830.00
9181955000,9182696000,741000,28000,30000,0.00,813.73,806.61,true,false,false,830.00
9182696000,9183434000,738000,28000,29000,0.00,813.73,806.61,true,false,false,830.00
9183434000,9184171000,737000,28000,29000,0.00,813.73,806.61,true,false,false,830.00
9184171000,9184908000,737000,29000,29000,0.00,813.73,806.61,true,false,false,830.00
9184908000,9185645000,737000,29000,29000,0.00,813.73,806.61,true,false,false,830.00
9185645000,9186382000,737000,29000,29000,0.00,813.73,806.61,true,false,false,830.00
9186382000,9187119000,737000,29000,29000,0.00,813.73,806.61,true,false,false,830.00
9187119000,9187856000,737000,29000,29000,0.00,813.73,806.61,true,false,false,830.00
9187856000,9188593000,737000,29000,29000,0.00,813.73,806.61,true,false,false,830.00
9188593000,9189330000,737000,29000,29000,0.00,813.73,806.61,true,false,false,830.00
9189330000,9190067000,737000,29000,29000,0.00,813.73,806.61,true,false,false,830.00
9190067000,9190933000,866000,29000,72000,0.00,813.73,788.97,true,false,false,830.00
9190933000,9191912000,979000,40000,109000,0.00,813.73,781.54,true,false,false,830.00
9191912000,9192686000,774000,11000,41000,0.00,813.73,781.54,true,false,false,830.00
9192686000,9193453000,767000,26000,39000,0.00,813.73,802.71,true,false,false,830.00
9193453000,9194196000,743000,23000,31000,0.00,813.73,807.39,true,false,false,830.00
9194196000,9194942000,746000,27000,32000,0.00,813.73,807.39,true,false,false,830.00
9194942000,9195682000,740000,27000,30000,0.00,813.73,807.39,true,false,false,830.00
9195682000,9196420000,738000,28000,29000,0.00,813.73,806.61,true,false,false,830.00
9196420000,9197157000,737000,28000,29000,0.00,813.73,806.61,true,false,false,830.00
9197157000,9197894000,737000,29000,29000,0.00,813.73,806.61,true,false,true,830.00
9197894000,9198632000,738000,29000,29000,2.90,0.00,806.61,true,false,false,830.00
9198632000,9199369000,737000,29000,29000,2.90,806.61,806.61,true,false,false,830.00
9199369000,9200106000,737000,29000,29000,2.90,806.61,806.61,true,false,false,830.00
9200106000,9203808000,3702000,29000,29000,2.90,806.61,857.14,false,true,false,830.00
9203808000,9204597000,789000,0,46000,0.00,806.61,807.39,true,false,false,828.00
9204597000,9205400000,803000,12000,51000,0.00,812.56,812.56,true,false,false,828.00
9205400000,9206164000,764000,25000,38000,0.00,812.56,812.56,true,false,false,828.00
9206164000,9206904000,740000,24000,30000,0.00,812.56,807.02,true,false,false,828.00
9206904000,9207647000,743000,27000,31000,0.00,812.56,804.66,true,false,false,828.00
9207647000,9208384000,737000,27000,29000,0.00,812.56,805.45,true,false,false,828.00
9208384000,9209121000,737000,27000,29000,0.00,812.56,805.45,true,false,false,828.00
9209121000,9209855000,734000,28000,28000,0.00,812.56,805.45,true,false,false,828.00
9209855000,9210589000,734000,28000,28000,0.00,812.56,805.45,true,false,false,828.00
9210589000,9211323000,734000,28000,28000,0.00,812.56,805.45,true,false,false,828.00
9211323000,9212057000,734000,28000,28000,0.00,812.56,805.45,true,false,false,828.00
9212057000,9212791000,734000,28000,28000,0.00,812.56,805.45,true,false,false,828.00
9212791000,9213526000,735000,28000,28000,0.00,812.56,805.45,true,false,false,828.00
9213526000,9214261000,735000,28000,28000,0.00,812.56,805.45,true,false,false,828.00
9214261000,9215223000,962000,28000,104000,0.00,812.56,788.57,true,false,false,828.00
9215223000,9216140000,917000,15000,89000,0.00,812.56,781.13,true,false,false,828.00
9216140000,9216913000,773000,14000,41000,0.00,812.56,799.23,true,false,false,828.00
9216913000,9217668000,755000,25000,35000,0.00,812.56,803.10,true,false,false,828.00
9217668000,9218420000,752000,29000,34000,0.00,812.56,803.10,true,false,false,828.00
9218420000,9219169000,749000,29000,33000,0.00,812.56,802.33,true,false,false,828.00
9219169000,9219915000,746000,30000,32000,0.00,812.56,803.10,true,false,false,828.00
9219915000,9220662000,747000,31000,32000,0.00,812.56,803.10,true,false,false,828.00
9220662000,9221408000,746000,31000,32000,0.00,812.56,803.10,true,false,false,828.00
9221408000,9222154000,746000,31000,32000,0.00,812.56,803.10,true,false,false,828.00
9222154000,9222901000,747000,31000,32000,0.00,812.56,803.10,true,false,false,828.00
9222901000,9223648000,747000,31000,32000,0.00,812.56,803.10,true,false,true,828.00
9223648000,9224394000,746000,31000,32000,3.10,0.00,803.10,true,false,false,828.00
9224394000,9225140000,746000,31000,32000,3.10,803.10,803.10,true,false,false,828.00
9225140000,9225887000,747000,31000,32000,3.10,803.10,803.10,true,false,false,828.00
9225887000,9229603000,3716000,31000,31000,3.10,803.10,856.09,false,true,false,828.00
9229603000,9230404000,801000,0,50000,0.00,803.10,807.02,true,false,false,824.00
9230404000,9231219000,815000,14000,55000,0.00,807.05,807.05,true,false,false,824.00
9231219000,9231986000,767000,27000,39000,0.00,807.05,801.56,true,false,false,824.00
9231986000,9232732000,746000,26000,32000,0.00,807.05,801.56,true,false,false,824.00
9232732000,9233479000,747000,28000,32000,0.00,807.05,799.22,true,false,false,824.00
9233479000,9234223000,744000,28000,31000,0.00,807.05,800.00,true,false,false,824.00
9234223000,9234964000,741000,29000,30000,0.00,807.05,800.00,true,false,false,824.00
9234964000,9235704000,740000,29000,30000,0.00,807.05,800.00,true,false,false,824.00
9235704000,9236444000,740000,29000,30000,0.00,807.05,800.00,true,false,false,824.00
9236444000,9237184000,740000,29000,30000,0.00,807.05,800.00,true,false,false,824.00
9237184000,9237924000,740000,29000,30000,0.00,807.05,800.00,true,false,false,824.00
9237924000,9238886000,962000,29000,104000,0.00,807.05,781.78,true,false,false,824.00
9238886000,9239869000,983000,14000,111000,0.00,807.05,778.09,true,false,false,824.00
9239869000,9240639000,770000,11000,40000,0.00,807.05,793.83,true,false,false,824.00
9240639000,9241397000,758000,24000,36000,0.00,807.05,801.56,true,false,false,824.00
9241397000,9242146000,749000,28000,33000,0.00,807.05,801.56,true,false,false,824.00
9242146000,9242889000,743000,28000,31000,0.00,807.05,800.78,true,false,false,824.00
9242889000,9243632000,743000,29000,31000,0.00,807.05,800.00,true,false,false,824.00
9243632000,9244372000,740000,29000,30000,0.00,807.05,800.00,true,false,false,824.00
9244372000,9245112000,740000,29000,30000,0.00,807.05,800.00,true,false,false,824.00
9245112000,9245852000,740000,29000,30000,0.00,807.05,800.00,true,false,false,824.00
9245852000,9246592000,740000,29000,30000,0.00,807.05,800.00,true,false,false,824.00
9246592000,9247332000,740000,29000,30000,0.00,807.05,800.00,true,false,false,824.00
9247332000,9248072000,740000,29000,30000,0.00,807.05,800.00,true,false,false,824.00
9248072000,9248812000,740000,29000,30000,0.00,807.05,800.00,true,false,false,824.00
9248812000,9249552000,740000,29000,30000,0.00,807.05,800.00,true,false,true,824.00
9249552000,9250292000,740000,29000,30000,2.90,0.00,800.00,true,false,false,824.00
9250292000,9251032000,740000,29000,30000,2.90,800.00,800.00,true,false,false,824.00
9251032000,9251772000,740000,29000,30000,2.90,800.00,800.00,true,false,false,824.00
9251772000,9255474000,3702000,30000,30000,2.90,800.00,850.65,false,true,false,824.00
9255474000,9256265000,791000,0,47000,0.00,800.00,802.34,true,false,false,822.00
9256265000,9257071000,806000,13000,52000,0.00,805.88,805.88,true,false,false,822.00
9257071000,9257835000,764000,26000,38000,0.00,805.88,805.88,true,false,false,822.00
9257835000,9258578000,743000,25000,31000,0.00,805.88,799.61,true,false,false,822.00
9258578000,9259324000,746000,27000,32000,0.00,805.88,798.83,true,false,false,822.00
9259324000,9260065000,741000,28000,30000,0.00,805.88,798.83,true,false,false,822.00
9260065000,9260805000,740000,28000,30000,0.00,805.88,798.83,true,false,false,822.00
9260805000,9261542000,737000,28000,29000,0.00,805.88,798.83,true,false,false,822.00
9261542000,9262492000,950000,29000,100000,0.00,805.88,766.79,true,false,false,822.00
9262492000,9263472000,980000,14000,110000,0.00,805.88,791.15,true,false,false,822.00
9263472000,9264239000,767000,11000,39000,0.00,805.88,792.67,true,false,false,822.00
9264239000,9264995000,756000,23000,35000,0.00,805.88,792.67,true,false,false,822.00
9264995000,9265742000,747000,27000,32000,0.00,805.88,798.06,true,false,false,822.00
9265742000,9266482000,740000,27000,30000,0.00,805.88,799.61,true,false,false,822.00
9266482000,9267222000,740000,28000,30000,0.00,805.88,799.61,true,false,false,822.00
9267222000,9267960000,738000,28000,29000,0.00,805.88,799.61,true,false,false,822.00
9267960000,9268697000,737000,29000,29000,0.00,805.88,798.83,true,false,false,822.00
9268697000,9269434000,737000,29000,29000,0.00,805.88,798.83,true,false,false,822.00
9269434000,9270171000,737000,29000,29000,0.00,805.88,798.83,true,false,false,822.00
9270171000,9270908000,737000,29000,29000,0.00,805.88,798.83,true,false,false,822.00
9270908000,9271646000,738000,29000,29000,0.00,805.88,798.83,true,false,false,822.00
9271646000,9272383000,737000,29000,29000,0.00,805.88,798.83,true,false,false,822.00
9272383000,9273120000,737000,29000,29000,0.00,805.88,798.83,true,false,false,822.00
9273120000,9273857000,737000,29000,29000,0.00,805.88,798.83,true,false,false,822.00
9273857000,9274594000,737000,29000,29000,0.00,805.88,798.83,true,false,false,822.00
9274594000,9275331000,737000,29000,29000,0.00,805.88,798.83,true,false,true,822.00
9275331000,9276068000,737000,29000,29000,2.90,0.00,798.83,true,false,false,822.00
9276068000,9276806000,738000,29000,29000,2.90,798.83,798.83,true,false,false,822.00
9276806000,9277543000,737000,29000,29000,2.90,798.83,798.83,true,false,false,822.00
9277543000,9281243000,3700000,29000,29000,2.90,798.83,850.37,false,true,false,822.00
9281243000,9282034000,791000,0,47000,0.00,798.83,798.83,true,false,false,820.00
9282034000,9282837000,803000,12000,51000,0.00,805.50,805.50,true,false,false,820.00
9282837000,9283602000,765000,25000,38000,0.00,805.50,805.50,true,false,false,820.00
9283602000,9284342000,740000,24000,30000,0.00,805.50,799.22,true,false,false,820.00
9284342000,9285085000,743000,27000,31000,0.00,805.50,796.89,true,false,false,820.00
9285085000,9286017000,932000,27000,94000,0.00,805.50,757.16,true,false,false,820.00
9286017000,9286977000,960000,13000,103000,0.00,805.50,800.78,true,false,false,820.00
9286977000,9287742000,765000,10000,38000,0.00,805.50,800.78,true,false,false,820.00
9287742000,9288497000,755000,22000,35000,0.00,805.50,795.34,true,false,false,820.00
9288497000,9289240000,743000,26000,31000,0.00,805.50,796.89,true,false,false,820.00
9289240000,9289977000,737000,26000,29000,0.00,805.50,797.67,true,false,false,820.00
9289977000,9290714000,737000,27000,29000,0.00,805.50,797.67,true,false,false,820.00
9290714000,9291448000,734000,27000,28000,0.00,805.50,797.67,true,false,false,820.00
9291448000,9292182000,734000,28000,28000,0.00,805.50,797.67,true,false,false,820.00
9292182000,9292917000,735000,28000,28000,0.00,805.50,797.67,true,false,false,820.00
9292917000,9293651000,734000,28000,28000,0.00,805.50,797.67,true,false,false,820.00
9293651000,9294386000,735000,28000,28000,0.00,805.50,797.67,true,false,false,820.00
9294386000,9295120000,734000,28000,28000,0.00,805.50,797.67,true,false,false,820.00
9295120000,9295854000,734000,28000,28000,0.00,805.50,797.67,true,false,false,820.00
9295854000,9296588000,734000,28000,28000,0.00,805.50,797.67,true,false,false,820.00
9296588000,9297322000,734000,28000,28000,0.00,805.50,797.67,true,false,false,820.00
9297322000,9298057000,735000,28000,28000,0.00,805.50,797.67,true,false,false,820.00
9298057000,9298791000,734000,28000,28000,0.00,805.50,797.67,true,false,false,820.00
9298791000,9299526000,735000,28000,28000,0.00,805.50,797.67,true,false,false,820.00
9299526000,9300260000,734000,28000,28000,0.00,805.50,797.67,true,false,false,820.00
9300260000,9300994000,734000,28000,28000,0.00,805.50,797.67,true,false,true,820.00
9300994000,9301728000,734000,28000,28000,2.80,0.00,797.67,true,false,false,820.00
9301728000,9302462000,734000,28000,28000,2.80,797.67,797.67,true,false,false,820.00
9302462000,9303197000,735000,28000,28000,2.80,797.67,797.67,true,false,false,820.00
9303197000,9306889000,3692000,28000,28000,2.80,797.67,847.30,false,true,false,820.00
9306889000,9307677000,788000,0,46000,0.00,797.67,796.89,true,false,false,820.00
9307677000,9308477000,800000,13000,50000,0.00,804.71,804.71,true,false,false,820.00
9308477000,9309331000,854000,25000,68000,0.00,804.71,770.68,true,false,false,820.00
9309331000,9310197000,866000,25000,72000,0.00,804.71,770.68,true,false,false,820.00
9310197000,9310962000,765000,20000,38000,0.00,804.71,799.22,true,false,false,820.00
9310962000,9311720000,758000,27000,36000,0.00,804.71,795.34,true,false,false,820.00
9311720000,9312469000,749000,28000,33000,0.00,804.71,795.34,true,false,false,820.00
9312469000,9313216000,747000,30000,32000,0.00,804.71,795.34,true,false,false,820.00
9313216000,9313962000,746000,30000,32000,0.00,804.71,794.57,true,false,false,820.00
9313962000,9314708000,746000,30000,32000,0.00,804.71,795.34,true,false,false,820.00
9314708000,9315455000,747000,31000,32000,0.00,804.71,795.34,true,false,false,820.00
9315455000,9316201000,746000,31000,32000,0.00,804.71,795.34,true,false,false,820.00
9316201000,9316948000,747000,31000,32000,0.00,804.71,795.34,true,false,false,820.00
9316948000,9317694000,746000,31000,32000,0.00,804.71,795.34,true,false,false,820.00
9317694000,9318440000,746000,31000,32000,0.00,804.71,795.34,true,false,false,820.00
9318440000,9319183000,743000,31000,31000,0.00,804.71,795.34,true,false,false,820.00
9319183000,9319926000,743000,31000,31000,0.00,804.71,795.34,true,false,false,820.00
9319926000,9320669000,743000,31000,31000,0.00,804.71,795.34,true,false,false,820.00
9320669000,9321412000,743000,31000,31000,0.00,804.71,795.34,true,false,false,820.00
9321412000,9322155000,743000,31000,31000,0.00,804.71,795.34,true,false,false,820.00
9322155000,9322899000,744000,31000,31000,0.00,804.71,795.34,true,false,false,820.00
9322899000,9323642000,743000,31000,31000,0.00,804.71,795.34,true,false,false,820.00
9323642000,9324385000,743000,31000,31000,0.00,804.71,795.34,true,false,false,820.00
9324385000,9325129000,744000,31000,31000,0.00,804.71,795.34,true,false,false,820.00
9325129000,9325872000,743000,31000,31000,0.00,804.71,795.34,true,false,false,820.00
9325872000,9326615000,743000,31000,31000,0.00,804.71,795.34,true,false,true,820.00
9326615000,9327358000,743000,31000,31000,3.10,0.00,795.34,true,false,false,820.00
9327358000,9328101000,743000,31000,31000,3.10,795.34,795.34,true,false,false,820.00
9328101000,9328844000,743000,31000,31000,3.10,795.34,795.34,true,false,false,820.00
9328844000,9332625000,3781000,31000,31000,3.10,795.34,849.35,false,true,false,820.00
9332625000,9333798000,1173000,46000,174000,3.10,795.34,725.02,true,false,false,817.00
9333798000,9334685000,887000,25000,79000,2.50,795.34,790.14,true,false,false,817.00
9334685000,9335597000,912000,44000,87000,2.50,795.34,766.42,true,false,false,817.00
9335597000,9336442000,845000,51000,65000,2.50,795.34,770.75,true,false,false,817.00
9336442000,9337275000,833000,54000,61000,2.50,795.34,772.94,true,false,false,817.00
9337275000,9338105000,830000,56000,60000,2.50,795.34,772.94,true,false,false,817.00
9338105000,9338932000,827000,56000,59000,2.50,795.34,772.94,true,false,false,817.00
9338932000,9339759000,827000,57000,59000,2.50,795.34,772.94,true,false,false,817.00
9339759000,9340583000,824000,57000,58000,2.50,795.34,772.21,true,false,false,817.00
9340583000,9341407000,824000,57000,58000,2.50,795.34,772.21,true,false,false,817.00
9341407000,9342231000,824000,57000,58000,2.50,795.34,772.21,true,false,false,817.00
9342231000,9343056000,825000,57000,58000,2.50,795.34,772.21,true,false,false,817.00
9343056000,9343880000,824000,57000,58000,2.50,795.34,772.21,true,false,false,817.00
9343880000,9344705000,825000,57000,58000,2.50,795.34,772.21,true,false,false,817.00
9344705000,9345529000,824000,57000,58000,2.50,795.34,772.21,true,false,false,817.00
9345529000,9346353000,824000,57000,58000,2.50,795.34,772.21,true,false,false,817.00
9346353000,9347178000,825000,57000,58000,2.50,795.34,772.21,true,false,false,817.00
9347178000,9348002000,824000,58000,58000,2.50,795.34,772.21,true,false,false,817.00
9348002000,9348826000,824000,58000,58000,2.50,795.34,772.21,true,false,false,817.00
9348826000,9349650000,824000,58000,58000,2.50,795.34,772.21,true,false,false,817.00
9349650000,9350475000,825000,58000,58000,2.50,795.34,772.21,true,false,false,817.00
9350475000,9351300000,825000,58000,58000,2.50,795.34,772.21,true,false,false,817.00
9351300000,9352124000,824000,58000,58000,2.50,795.34,772.21,true,false,false,817.00
9352124000,9352948000,824000,58000,58000,2.50,795.34,772.21,true,false,false,817.00
9352948000,9353772000,824000,58000,58000,2.50,795.34,772.21,true,false,false,817.00
9353772000,9354597000,825000,58000,58000,2.50,795.34,772.21,true,false,true,817.00
9354597000,9355422000,825000,58000,58000,5.80,0.00,772.21,true,false,false,817.00
9355422000,9356247000,825000,58000,58000,5.80,772.21,772.21,true,false,false,817.00
9356247000,9357071000,824000,58000,58000,5.80,772.21,772.21,true,false,false,817.00
9357071000,9361108000,4037000,58000,58000,5.80,772.21,884.65,false,true,false,817.00
9361108000,9361971000,863000,0,71000,0.00,772.21,805.72,true,false,false,802.00
9361971000,9362858000,887000,0,79000,0.00,794.85,794.85,true,false,false,802.00
9362858000,9363649000,791000,19000,47000,0.00,794.85,782.44,true,false,false,802.00
9363649000,9364401000,752000,21000,34000,0.00,794.85,777.89,true,false,false,802.00
9364401000,9365139000,738000,24000,29000,0.00,794.85,777.89,true,false,false,802.00
9365139000,9365876000,737000,26000,29000,0.00,794.85,780.16,true,false,false,802.00
9365876000,9366611000,735000,26000,28000,0.00,794.85,780.92,true,false,false,802.00
9366611000,9367345000,734000,27000,28000,0.00,794.85,780.92,true,false,false,802.00
9367345000,9368076000,731000,27000,27000,0.00,794.85,780.92,true,false,false,802.00
9368076000,9368807000,731000,27000,27000,0.00,794.85,780.92,true,false,false,802.00
9368807000,9369538000,731000,27000,27000,0.00,794.85,780.92,true,false,false,802.00
9369538000,9370270000,732000,27000,27000,0.00,794.85,780.92,true,false,false,802.00
9370270000,9371001000,731000,27000,27000,0.00,794.85,780.92,true,false,false,802.00
9371001000,9371733000,732000,27000,27000,0.00,794.85,780.92,true,false,false,802.00
9371733000,9372465000,732000,27000,27000,0.00,794.85,780.92,true,false,false,802.00
9372465000,9373196000,731000,27000,27000,0.00,794.85,780.92,true,false,false,802.00
9373196000,9373928000,732000,27000,27000,0.00,794.85,780.92,true,false,false,802.00
9373928000,9374660000,732000,27000,27000,0.00,794.85,780.92,true,false,false,802.00
9374660000,9375392000,732000,27000,27000,0.00,794.85,780.92,true,false,false,802.00
9375392000,9376124000,732000,27000,27000,0.00,794.85,780.92,true,false,false,802.00
9376124000,9376855000,731000,27000,27000,0.00,794.85,780.92,true,false,false,802.00
9376855000,9377587000,732000,27000,27000,0.00,794.85,780.92,true,false,false,802.00
9377587000,9378318000,731000,27000,27000,0.00,794.85,780.92,true,false,false,802.00
9378318000,9379050000,732000,27000,27000,0.00,794.85,780.92,true,false,false,802.00
9379050000,9379782000,732000,27000,27000,0.00,794.85,780.92,true,false,false,802.00
9379782000,9380513000,731000,27000,27000,0.00,794.85,780.92,true,false,true,802.00
9380513000,9381245000,732000,27000,27000,2.70,0.00,780.92,true,false,false,802.00
9381245000,9382049000,804000,27000,51000,2.70,780.92,780.92,true,false,false,802.00
9382049000,9383017000,968000,51000,106000,2.70,780.92,731.75,true,false,false,802.00
9383017000,9386697000,3680000,88000,88000,2.70,780.92,828.20,false,true,false,802.00
9386697000,9387479000,782000,0,44000,0.00,780.92,792.49,true,false,false,847.00
9387479000,9388328000,849000,19000,66000,0.00,801.32,801.32,true,false,false,847.00
9388328000,9389128000,800000,40000,50000,0.00,807.44,807.44,true,false,false,847.00
9389128000,9389928000,800000,44000,50000,0.00,807.44,807.44,true,false,false,847.00
9389928000,9390723000,795000,45000,48000,0.00,809.75,809.75,true,false,false,847.00
9390723000,9391514000,791000,46000,47000,0.00,809.75,809.75,true,false,false,847.00
9391514000,9392305000,791000,46000,47000,0.00,809.75,808.98,true,false,false,847.00
9392305000,9393097000,792000,46000,47000,0.00,809.75,808.98,true,false,false,847.00
9393097000,9393888000,791000,46000,47000,0.00,809.75,809.75,true,false,false,847.00
9393888000,9394679000,791000,46000,47000,0.00,809.75,809.75,true,false,false,847.00
9394679000,9395470000,791000,46000,47000,0.00,809.75,809.75,true,false,false,847.00
9395470000,9396261000,791000,46000,47000,0.00,809.75,809.75,true,false,false,847.00
9396261000,9397053000,792000,46000,47000,0.00,809.75,809.75,true,false,false,847.00
9397053000,9397844000,791000,46000,47000,0.00,809.75,809.75,true,false,false,847.00
9397844000,9398635000,791000,46000,47000,0.00,809.75,809.75,true,false,false,847.00
9398635000,9399426000,791000,46000,47000,0.00,809.75,809.75,true,false,false,847.00
9399426000,9400217000,791000,46000,47000,0.00,809.75,809.75,true,false,false,847.00
9400217000,9401009000,792000,46000,47000,0.00,809.75,808.98,true,false,false,847.00
9401009000,9401800000,791000,46000,47000,0.00,809.75,808.98,true,false,false,847.00
9401800000,9402591000,791000,46000,47000,0.00,809.75,809.75,true,false,false,847.00
9402591000,9403383000,792000,46000,47000,0.00,809.75,809.75,true,false,false,847.00
9403383000,9404174000,791000,46000,47000,0.00,809.75,809.75,true,false,false,847.00
9404174000,9404965000,791000,46000,47000,0.00,809.75,809.75,true,false,false,847.00
9404965000,9405756000,791000,46000,47000,0.00,809.75,809.75,true,false,false,847.00
9405756000,9406548000,792000,46000,47000,0.00,809.75,809.75,true,false,false,847.00
9406548000,9407678000,1130000,46000,160000,0.00,809.75,809.75,true,false,true,847.00
9407678000,9408787000,1109000,13000,153000,1.30,827.15,827.15,true,false,false,847.00
9408787000,9409581000,794000,30000,48000,1.30,827.15,827.15,true,false,false,847.00
9409581000,9410354000,773000,28000,41000,1.30,827.15,823.13,true,false,false,847.00
9410354000,9414007000,3653000,40000,40000,1.30,827.15,842.16,false,true,false,847.00
9414007000,9414777000,770000,13000,40000,1.30,827.15,842.16,true,false,false,853.00
9414777000,9415569000,792000,36000,47000,1.30,827.15,810.53,true,false,false,853.00
9415569000,9416342000,773000,36000,41000,1.30,827.15,820.98,true,false,false,853.00
9416342000,9417115000,773000,38000,41000,1.30,827.15,820.98,true,false,false,853.00
9417115000,9417885000,770000,38000,40000,1.30,827.15,820.98,true,false,false,853.00
9417885000,9418655000,770000,38000,40000,1.30,827.15,820.98,true,false,false,853.00
9418655000,9419425000,770000,39000,40000,1.30,827.15,820.98,true,false,false,853.00
9419425000,9420192000,767000,39000,39000,1.30,827.15,820.98,true,false,false,853.00
9420192000,9420959000,767000,39000,39000,1.30,827.15,820.98,true,false,false,853.00
9420959000,9421726000,767000,39000,39000,1.30,827.15,820.98,true,false,false,853.00
9421726000,9422493000,767000,39000,39000,1.30,827.15,820.98,true,false,false,853.00
9422493000,9423260000,767000,39000,39000,1.30,827.15,820.98,true,false,false,853.00
9423260000,9424027000,767000,39000,39000,1.30,827.15,820.98,true,false,false,853.00
9424027000,9424794000,767000,39000,39000,1.30,827.15,820.98,true,false,false,853.00
9424794000,9425562000,768000,39000,39000,1.30,827.15,820.98,true,false,false,853.00
9425562000,9426329000,767000,39000,39000,1.30,827.15,820.98,true,false,false,853.00
9426329000,9427096000,767000,39000,39000,1.30,827.15,820.98,true,false,false,853.00
9427096000,9427863000,767000,39000,39000,1.30,827.15,820.98,true,false,false,853.00
9427863000,9428630000,767000,39000,39000,1.30,827.15,820.98,true,false,false,853.00
9428630000,9429397000,767000,39000,39000,1.30,827.15,820.98,true,false,false,853.00
9429397000,9430165000,768000,39000,39000,1.30,827.15,820.98,true,false,false,853.00
9430165000,9430932000,767000,39000,39000,1.30,827.15,820.98,true,false,false,853.00
9430932000,9431999000,1067000,39000,139000,1.30,827.15,756.88,true,false,false,853.00
9431999000,9433009000,1010000,15000,120000,1.30,835.46,835.46,true,false,false,853.00
9433009000,9433797000,788000,31000,46000,1.30,835.46,824.95,true,false,false,853.00
9433797000,9434565000,768000,29000,39000,1.30,835.46,824.95,true,false,true,853.00
9434565000,9435332000,767000,34000,39000,3.40,0.00,824.95,true,false,false,853.00
9435332000,9436093000,761000,34000,37000,3.40,824.15,824.15,true,false,false,853.00
9436093000,9436855000,762000,35000,37000,3.40,824.15,823.36,true,false,false,853.00
9436855000,9440606000,3751000,36000,36000,3.40,824.15,878.18,false,true,false,853.00
9440606000,9441415000,809000,0,53000,0.00,824.15,833.82,true,false,false,844.00
9441415000,9442242000,827000,17000,59000,0.00,824.22,824.22,true,false,false,844.00
9442242000,9443012000,770000,28000,40000,0.00,824.22,817.83,true,false,false,844.00
9443012000,9443761000,749000,28000,33000,0.00,824.22,817.83,true,false,false,844.00
9443761000,9444513000,752000,30000,34000,0.00,824.22,817.83,true,false,false,844.00
9444513000,9445259000,746000,30000,32000,0.00,824.22,818.62,true,false,false,844.00
9445259000,9446005000,746000,31000,32000,0.00,824.22,818.62,true,false,false,844.00
9446005000,9446751000,746000,31000,32000,0.00,824.22,818.62,true,false,false,844.00
9446751000,9447497000,746000,31000,32000,0.00,824.22,818.62,true,false,false,844.00
9447497000,9448244000,747000,31000,32000,0.00,824.22,817.83,true,false,false,844.00
9448244000,9448990000,746000,31000,32000,0.00,824.22,817.83,true,false,false,844.00
9448990000,9449736000,746000,31000,32000,0.00,824.22,817.83,true,false,false,844.00
9449736000,9450482000,746000,31000,32000,0.00,824.22,817.83,true,false,false,844.00
9450482000,9451228000,746000,31000,32000,0.00,824.22,818.62,true,false,false,844.00
9451228000,9451974000,746000,31000,32000,0.00,824.22,818.62,true,false,false,844.00
9451974000,9452720000,746000,31000,32000,0.00,824.22,818.62,true,false,false,844.00
9452720000,9453466000,746000,31000,32000,0.00,824.22,817.83,true,false,false,844.00
9453466000,9454212000,746000,31000,32000,0.00,824.22,817.83,true,false,false,844.00
9454212000,9454958000,746000,31000,32000,0.00,824.22,817.83,true,false,false,844.00
9454958000,9455929000,971000,31000,107000,0.00,824.22,791.74,true,false,false,844.00
9455929000,9456927000,998000,16000,116000,0.00,824.22,800.00,true,false,false,844.00
9456927000,9457697000,770000,12000,40000,0.00,824.22,814.67,true,false,false,844.00
9457697000,9458458000,761000,27000,37000,0.00,824.22,814.67,true,false,false,844.00
9458458000,9459211000,753000,30000,34000,0.00,824.22,817.83,true,false,false,844.00
9459211000,9459961000,750000,30000,33000,0.00,824.22,818.62,true,false,false,844.00
9459961000,9460710000,749000,31000,33000,0.00,824.22,817.83,true,false,true,844.00
9460710000,9461457000,747000,31000,32000,3.10,0.00,817.83,true,false,false,844.00
9461457000,9462204000,747000,31000,32000,3.10,817.83,817.83,true,false,false,844.00
9462204000,9462950000,746000,31000,32000,3.10,818.62,818.62,true,false,false,844.00
9462950000,9466672000,3722000,32000,32000,3.10,818.62,869.49,false,true,false,844.00
9466672000,9467469000,797000,0,49000,0.00,818.62,823.41,true,false,false,838.00
9467469000,9468281000,812000,14000,54000,0.00,821.57,821.57,true,false,false,838.00
9468281000,9469045000,764000,26000,38000,0.00,821.57,821.57,true,false,false,838.00
9469045000,9469788000,743000,25000,31000,0.00,821.57,814.38,true,false,false,838.00
9469788000,9470531000,743000,27000,31000,0.00,821.57,814.38,true,false,false,838.00
9470531000,9471272000,741000,28000,30000,0.00,821.57,814.38,true,false,false,838.00
9471272000,9472009000,737000,28000,29000,0.00,821.57,814.38,true,false,false,838.00
9472009000,9472746000,737000,28000,29000,0.00,821.57,814.38,true,false,false,838.00
9472746000,9473483000,737000,29000,29000,0.00,821.57,814.38,true,false,false,838.00
9473483000,9474220000,737000,29000,29000,0.00,821.57,814.38,true,false,false,838.00
9474220000,9474957000,737000,29000,29000,0.00,821.57,814.38,true,false,false,838.00
9474957000,9475694000,737000,29000,29000,0.00,821.57,814.38,true,false,false,838.00
9475694000,9476432000,738000,29000,29000,0.00,821.57,814.38,true,false,false,838.00
9476432000,9477169000,737000,29000,29000,0.00,821.57,814.38,true,false,false,838.00
9477169000,9477907000,738000,29000,29000,0.00,821.57,814.38,true,false,false,838.00
9477907000,9478645000,738000,29000,29000,0.00,821.57,814.38,true,false,false,838.00
9478645000,9479583000,938000,29000,96000,0.00,821.57,772.35,true,false,false,838.00
9479583000,9480554000,971000,24000,107000,0.00,821.57,814.38,true,false,false,838.00
9480554000,9481330000,776000,14000,42000,0.00,821.57,814.38,true,false,false,838.00
9481330000,9482101000,771000,27000,40000,0.00,821.57,808.88,true,false,false,838.00
9482101000,9482856000,755000,30000,35000,0.00,821.57,810.44,true,false,false,838.00
9482856000,9483606000,750000,30000,33000,0.00,821.57,812.02,true,false,false,838.00
9483606000,9484359000,753000,31000,34000,0.00,821.57,812.02,true,false,false,838.00
9484359000,9485108000,749000,31000,33000,0.00,821.57,812.02,true,false,false,838.00
9485108000,9485857000,749000,32000,33000,0.00,821.57,812.02,true,false,false,838.00
9485857000,9486606000,749000,32000,33000,0.00,821.57,812.02,true,false,true,838.00
9486606000,9487356000,750000,32000,33000,3.20,0.00,812.02,true,false,false,838.00
9487356000,9488106000,750000,32000,33000,3.20,812.02,812.02,true,false,false,838.00
9488106000,9488856000,750000,32000,33000,3.20,812.02,812.02,true,false,false,838.00
9488856000,9492582000,3726000,32000,32000,3.20,812.02,865.01,false,true,false,838.00
9492582000,9493385000,803000,0,51000,0.00,812.02,818.36,true,false,false,832.00
9493385000,9494203000,818000,14000,56000,0.00,814.89,814.89,true,false,false,832.00
9494203000,9494970000,767000,27000,39000,0.00,814.89,808.55,true,false,false,832.00
9494970000,9495717000,747000,26000,32000,0.00,814.89,808.55,true,false,false,832.00
9495717000,9496464000,747000,28000,32000,0.00,814.89,806.98,true,false,false,832.00
9496464000,9497207000,743000,28000,31000,0.00,814.89,807.77,true,false,false,832.00
9497207000,9497947000,740000,29000,30000,0.00,814.89,807.77,true,false,false,832.00
9497947000,9498687000,740000,29000,30000,0.00,814.89,807.77,true,false,false,832.00
9498687000,9499427000,740000,29000,30000,0.00,814.89,807.77,true,false,false,832.00
9499427000,9500167000,740000,29000,30000,0.00,814.89,807.77,true,false,false,832.00
9500167000,9500907000,740000,29000,30000,0.00,814.89,807.77,true,false,false,832.00
9500907000,9501647000,740000,29000,30000,0.00,814.89,807.77,true,false,false,832.00
9501647000,9502387000,740000,29000,30000,0.00,814.89,807.77,true,false,false,832.00
9502387000,9503259000,872000,29000,74000,0.00,814.89,776.84,true,false,false,832.00
9503259000,9504245000,986000,57000,112000,0.00,814.89,776.84,true,false,false,832.00
9504245000,9505066000,821000,11000,57000,0.00,814.89,800.00,true,false,false,832.00
9505066000,9505833000,767000,26000,39000,0.00,814.89,800.77,true,false,false,832.00
9505833000,9506580000,747000,24000,32000,0.00,814.89,807.77,true,false,false,832.00
9506580000,9507327000,747000,28000,32000,0.00,814.89,807.77,true,false,false,832.00
9507327000,9508071000,744000,28000,31000,0.00,814.89,808.55,true,false,false,832.00
9508071000,9508811000,740000,29000,30000,0.00,814.89,807.77,true,false,false,832.00
9508811000,9509551000,740000,29000,30000,0.00,814.89,807.77,true,false,false,832.00
9509551000,9510291000,740000,29000,30000,0.00,814.89,807.77,true,false,false,832.00
9510291000,9511031000,740000,29000,30000,0.00,814.89,807.77,true,false,false,832.00
9511031000,9511771000,740000,29000,30000,0.00,814.89,807.77,true,false,false,832.00
9511771000,9512511000,740000,29000,30000,0.00,814.89,807.77,true,false,true,832.00
9512511000,9513251000,740000,29000,30000,2.90,0.00,807.77,true,false,false,832.00
9513251000,9513991000,740000,29000,30000,2.90,807.77,807.77,true,false,false,832.00
9513991000,9514731000,740000,29000,30000,2.90,807.77,807.77,true,false,false,832.00
9514731000,9518436000,3705000,30000,30000,2.90,807.77,858.20,false,true,false,832.00
9518436000,9519224000,788000,0,46000,0.00,807.77,810.13,true,false,false,829.00
9519224000,9520027000,803000,14000,51000,0.00,813.54,813.54,true,false,false,829.00
9520027000,9520791000,764000,25000,38000,0.00,813.54,813.54,true,false,false,829.00
9520791000,9521534000,743000,25000,31000,0.00,813.54,807.21,true,false,false,829.00
9521534000,9522277000,743000,27000,31000,0.00,813.54,804.85,true,false,false,829.00
9522277000,9523014000,737000,27000,29000,0.00,813.54,805.64,true,false,false,829.00
9523014000,9523751000,737000,28000,29000,0.00,813.54,805.64,true,false,false,829.00
9523751000,9524488000,737000,28000,29000,0.00,813.54,806.42,true,false,false,829.00
9524488000,9525226000,738000,28000,29000,0.00,813.54,806.42,true,false,false,829.00
9525226000,9525963000,737000,28000,29000,0.00,813.54,806.42,true,false,false,829.00
9525963000,9526700000,737000,28000,29000,0.00,813.54,806.42,true,false,false,829.00
9526700000,9527674000,974000,28000,108000,0.00,813.54,774.77,true,false,false,829.00
9527674000,9528600000,926000,10000,92000,0.00,813.54,797.12,true,false,false,829.00
9528600000,9529364000,764000,12000,38000,0.00,813.54,801.74,true,false,false,829.00
9529364000,9530110000,746000,23000,32000,0.00,813.54,801.74,true,false,false,829.00
9530110000,9530856000,746000,27000,32000,0.00,813.54,805.64,true,false,false,829.00
9530856000,9531596000,740000,27000,30000,0.00,813.54,806.42,true,false,false,829.00
9531596000,9532336000,740000,28000,30000,0.00,813.54,805.64,true,false,false,829.00
9532336000,9533073000,737000,28000,29000,0.00,813.54,805.64,true,false,false,829.00
9533073000,9533811000,738000,28000,29000,0.00,813.54,806.42,true,false,false,829.00
9533811000,9534549000,738000,28000,29000,0.00,813.54,806.42,true,false,false,829.00
9534549000,9535286000,737000,28000,29000,0.00,813.54,805.64,true,false,false,829.00
9535286000,9536023000,737000,28000,29000,0.00,813.54,805.64,true,false,false,829.00
9536023000,9536760000,737000,28000,29000,0.00,813.54,806.42,true,false,false,829.00
9536760000,9537498000,738000,28000,29000,0.00,813.54,805.64,true,false,false,829.00
9537498000,9538235000,737000,28000,29000,0.00,813.54,805.64,true,false,true,829.00
9538235000,9538972000,737000,28000,29000,2.80,0.00,805.64,true,false,false,829.00
9538972000,9539709000,737000,28000,29000,2.80,805.64,805.64,true,false,false,829.00
9539709000,9540446000,737000,28000,29000,2.80,806.42,806.42,true,false,false,829.00
9540446000,9544143000,3697000,28000,28000,2.80,806.42,855.02,false,true,false,829.00
9544143000,9544931000,788000,0,46000,0.00,806.42,807.21,true,false,false,828.00
9544931000,9545732000,801000,14000,50000,0.00,812.56,812.56,true,false,false,828.00
9545732000,9546493000,761000,25000,37000,0.00,812.56,812.56,true,false,false,828.00
9546493000,9547233000,740000,25000,30000,0.00,812.56,806.23,true,false,false,828.00
9547233000,9547976000,743000,27000,31000,0.00,812.56,805.45,true,false,false,828.00
9547976000,9548714000,738000,27000,29000,0.00,812.56,804.66,true,false,false,828.00
9548714000,9549451000,737000,27000,29000,0.00,812.56,804.66,true,false,false,828.00
9549451000,9550185000,734000,28000,28000,0.00,812.56,805.45,true,false,false,828.00
9550185000,9551150000,965000,28000,105000,0.00,812.56,765.25,true,false,false,828.00
9551150000,9552091000,941000,16000,97000,0.00,812.56,806.23,true,false,false,828.00
9552091000,9552864000,773000,14000,41000,0.00,812.56,799.23,true,false,false,828.00
9552864000,9553619000,755000,25000,35000,0.00,812.56,799.23,true,false,false,828.00
9553619000,9554372000,753000,30000,34000,0.00,812.56,802.33,true,false,false,828.00
9554372000,9555121000,749000,29000,33000,0.00,812.56,802.33,true,false,false,828.00
9555121000,9555870000,749000,30000,33000,0.00,812.56,803.10,true,false,false,828.00
9555870000,9556617000,747000,31000,32000,0.00,812.56,803.10,true,false,false,828.00
9556617000,9557363000,746000,31000,32000,0.00,812.56,803.10,true,false,false,828.00
9557363000,9558109000,746000,31000,32000,0.00,812.56,803.10,true,false,false,828.00
9558109000,9558855000,746000,31000,32000,0.00,812.56,803.10,true,false,false,828.00
9558855000,9559602000,747000,31000,32000,0.00,812.56,803.10,true,false,false,828.00
9559602000,9560348000,746000,31000,32000,0.00,812.56,803.10,true,false,false,828.00
9560348000,9561095000,747000,31000,32000,0.00,812.56,802.33,true,false,false,828.00
9561095000,9561841000,746000,31000,32000,0.00,812.56,802.33,true,false,false,828.00
9561841000,9562587000,746000,31000,32000,0.00,812.56,803.10,true,false,false,828.00
9562587000,9563334000,747000,31000,32000,0.00,812.56,803.10,true,false,false,828.00
9563334000,9564081000,747000,31000,32000,0.00,812.56,803.10,true,false,true,828.00
9564081000,9564827000,746000,31000,32000,3.10,0.00,803.10,true,false,false,828.00
9564827000,9565573000,746000,31000,32000,3.10,803.10,803.10,true,false,false,828.00
9565573000,9566320000,747000,31000,32000,3.10,803.10,802.33,true,false,false,828.00
9566320000,9570036000,3716000,31000,31000,3.10,803.10,856.09,false,true,false,828.00
9570036000,9570836000,800000,0,50000,0.00,803.10,807.02,true,false,false,824.00
9570836000,9571651000,815000,14000,55000,0.00,807.05,807.05,true,false,false,824.00
9571651000,9572418000,767000,27000,39000,0.00,807.05,800.78,true,false,false,824.00
9572418000,9573164000,746000,25000,32000,0.00,807.05,800.78,true,false,false,824.00
9573164000,9573911000,747000,28000,32000,0.00,807.05,800.00,true,false,false,824.00
9573911000,9574894000,983000,28000,111000,0.00,807.05,755.96,true,false,false,824.00
9574894000,9575874000,980000,12000,110000,0.00,807.05,805.47,true,false,false,824.00
9575874000,9576644000,770000,11000,40000,0.00,807.05,797.68,true,false,false,824.00
9576644000,9577394000,750000,24000,33000,0.00,807.05,797.68,true,false,false,824.00
9577394000,9578143000,749000,28000,33000,0.00,807.05,798.45,true,false,false,824.00
9578143000,9578886000,743000,28000,31000,0.00,807.05,800.00,true,false,false,824.00
9578886000,9579629000,743000,29000,31000,0.00,807.05,800.00,true,false,false,824.00
9579629000,9580370000,741000,29000,30000,0.00,807.05,800.00,true,false,false,824.00
9580370000,9581110000,740000,29000,30000,0.00,807.05,800.00,true,false,false,824.00
9581110000,9581850000,740000,29000,30000,0.00,807.05,800.00,true,false,false,824.00
9581850000,9582590000,740000,29000,30000,0.00,807.05,800.00,true,false,false,824.00
9582590000,9583330000,740000,29000,30000,0.00,807.05,800.00,true,false,false,824.00
9583330000,9584070000,740000,29000,30000,0.00,807.05,800.00,true,false,false,824.00
9584070000,9584810000,740000,29000,30000,0.00,807.05,800.00,true,false,false,824.00
9584810000,9585550000,740000,29000,30000,0.00,807.05,800.00,true,false,false,824.00
9585550000,9586290000,740000,29000,30000,0.00,807.05,800.00,true,false,false,824.00
9586290000,9587030000,740000,29000,30000,0.00,807.05,800.00,true,false,false,824.00
9587030000,9587770000,740000,29000,30000,0.00,807.05,800.00,true,false,false,824.00
9587770000,9588510000,740000,29000,30000,0.00,807.05,800.00,true,false,false,824.00
9588510000,9589250000,740000,29000,30000,0.00,807.05,800.00,true,false,false,824.00
9589250000,9589990000,740000,29000,30000,0.00,807.05,800.00,true,false,true,824.00
9589990000,9590730000,740000,29000,30000,2.90,0.00,800.00,true,false,false,824.00
9590730000,9591470000,740000,29000,30000,2.90,800.00,800.00,true,false,false,824.00
9591470000,9592210000,740000,29000,30000,2.90,800.00,800.00,true,false,false,824.00
9592210000,9595911000,3701000,30000,30000,2.90,800.00,851.44,false,true,false,824.00
9595911000,9596702000,791000,0,47000,0.00,800.00,801.56,true,false,false,822.00
9596702000,9597505000,803000,13000,51000,0.00,806.67,806.67,true,false,false,822.00
9597505000,9598374000,869000,26000,73000,0.00,806.67,766.08,true,false,false,822.00
9598374000,9599241000,867000,20000,72000,0.00,806.67,766.08,true,false,false,822.00
9599241000,9599999000,758000,17000,36000,0.00,806.67,805.88,true,false,false,822.00
9599999000,9600749000,750000,25000,33000,0.00,806.67,800.39,true,false,false,822.00
9600749000,9601492000,743000,27000,31000,0.00,806.67,798.83,true,false,false,822.00
9601492000,9602232000,740000,27000,30000,0.00,806.67,798.83,true,false,false,822.00
9602232000,9602973000,741000,28000,30000,0.00,806.67,798.83,true,false,false,822.00
9602973000,9603711000,738000,28000,29000,0.00,806.67,798.83,true,false,false,822.00
9603711000,9604448000,737000,29000,29000,0.00,806.67,798.83,true,false,false,822.00
9604448000,9605185000,737000,29000,29000,0.00,806.67,798.83,true,false,false,822.00
9605185000,9605922000,737000,29000,29000,0.00,806.67,798.83,true,false,false,822.00
9605922000,9606659000,737000,29000,29000,0.00,806.67,798.83,true,false,false,822.00
9606659000,9607396000,737000,29000,29000,0.00,806.67,798.83,true,false,false,822.00
9607396000,9608133000,737000,29000,29000,0.00,806.67,798.83,true,false,false,822.00
9608133000,9608870000,737000,29000,29000,0.00,806.67,798.83,true,false,false,822.00
9608870000,9609607000,737000,29000,29000,0.00,806.67,798.83,true,false,false,822.00
9609607000,9610344000,737000,29000,29000,0.00,806.67,798.83,true,false,false,822.00
9610344000,9611081000,737000,29000,29000,0.00,806.67,798.83,true,false,false,822.00
9611081000,9611818000,737000,29000,29000,0.00,806.67,798.83,true,false,false,822.00
9611818000,9612555000,737000,29000,29000,0.00,806.67,798.83,true,false,false,822.00
9612555000,9613293000,738000,29000,29000,0.00,806.67,798.83,true,false,false,822.00
9613293000,9614030000,737000,29000,29000,0.00,806.67,798.83,true,false,false,822.00
9614030000,9614768000,738000,29000,29000,0.00,806.67,798.83,true,false,false,822.00
9614768000,9615505000,737000,29000,29000,0.00,806.67,798.83,true,false,true,822.00
9615505000,9616242000,737000,29000,29000,2.90,0.00,798.83,true,false,false,822.00
9616242000,9616979000,737000,29000,29000,2.90,798.83,798.83,true,false,false,822.00
9616979000,9617716000,737000,29000,29000,2.90,798.83,798.83,true,false,false,822.00
9617716000,9621521000,3805000,29000,29000,2.90,798.83,819.89,false,true,false,822.00
9621521000,9622493000,972000,20000,107000,2.00,798.83,774.74,true,false,false,810.00
9622493000,9623255000,762000,0,37000,0.00,798.83,789.47,true,false,false,810.00
9623255000,9624007000,752000,6000,34000,0.00,798.83,796.46,true,false,false,810.00
9624007000,9624738000,731000,18000,27000,0.00,798.83,796.46,true,false,false,810.00
9624738000,9625454000,716000,17000,22000,0.00,798.83,794.90,true,false,false,810.00
9625454000,9626173000,719000,19000,23000,0.00,798.83,793.34,true,false,false,810.00
9626173000,9626889000,716000,19000,22000,0.00,798.83,793.34,true,false,false,810.00
9626889000,9627606000,717000,20000,22000,0.00,798.83,793.34,true,false,false,810.00
9627606000,9628319000,713000,20000,21000,0.00,798.83,794.12,true,false,false,810.00
9628319000,9629032000,713000,20000,21000,0.00,798.83,793.34,true,false,false,810.00
9629032000,9629745000,713000,20000,21000,0.00,798.83,793.34,true,false,false,810.00
9629745000,9630458000,713000,20000,21000,0.00,798.83,793.34,true,false,false,810.00
9630458000,9631171000,713000,20000,21000,0.00,798.83,793.34,true,false,false,810.00
9631171000,9631885000,714000,20000,21000,0.00,798.83,793.34,true,false,false,810.00
9631885000,9632598000,713000,20000,21000,0.00,798.83,793.34,true,false,false,810.00
9632598000,9633312000,714000,20000,21000,0.00,798.83,793.34,true,false,false,810.00
9633312000,9634025000,713000,20000,21000,0.00,798.83,793.34,true,false,false,810.00
9634025000,9634738000,713000,20000,21000,0.00,798.83,793.34,true,false,false,810.00
9634738000,9635452000,714000,20000,21000,0.00,798.83,793.34,true,false,false,810.00
9635452000,9636165000,713000,20000,21000,0.00,798.83,793.34,true,false,false,810.00
9636165000,9636879000,714000,20000,21000,0.00,798.83,793.34,true,false,false,810.00
9636879000,9637592000,713000,20000,21000,0.00,798.83,793.34,true,false,false,810.00
9637592000,9638305000,713000,20000,21000,0.00,798.83,793.34,true,false,false,810.00
9638305000,9639019000,714000,20000,21000,0.00,798.83,793.34,true,false,false,810.00
9639019000,9639732000,713000,20000,21000,0.00,798.83,793.34,true,false,false,810.00
9639732000,9640446000,714000,20000,21000,0.00,798.83,793.34,true,false,true,810.00
9640446000,9641159000,713000,20000,21000,2.00,0.00,793.34,true,false,false,810.00
9641159000,9641872000,713000,20000,21000,2.00,793.34,793.34,true,false,false,810.00
9641872000,9642586000,714000,20000,21000,2.00,793.34,793.34,true,false,false,810.00
9642586000,9646278000,3692000,21000,21000,2.00,793.34,826.09,false,true,false,810.00
9646278000,9647045000,767000,0,39000,0.00,793.34,789.47,true,false,false,815.00
9647045000,9647824000,779000,22000,43000,0.00,794.35,794.35,true,false,false,815.00
9647824000,9648580000,756000,26000,35000,0.00,794.35,794.35,true,false,false,815.00
9648580000,9649320000,740000,27000,30000,0.00,794.35,792.03,true,false,false,815.00
9649320000,9650064000,744000,28000,31000,0.00,794.35,791.26,true,false,false,815.00
9650064000,9650805000,741000,28000,30000,0.00,794.35,792.03,true,false,false,815.00
9650805000,9651545000,740000,29000,30000,0.00,794.35,792.03,true,false,false,815.00
9651545000,9652285000,740000,29000,30000,0.00,794.35,792.03,true,false,false,815.00
9652285000,9653022000,737000,29000,29000,0.00,794.35,792.03,true,false,false,815.00
9653022000,9653759000,737000,29000,29000,0.00,794.35,792.03,true,false,false,815.00
9653759000,9654496000,737000,29000,29000,0.00,794.35,792.03,true,false,false,815.00
9654496000,9655234000,738000,29000,29000,0.00,794.35,792.03,true,false,false,815.00
9655234000,9655972000,738000,29000,29000,0.00,794.35,792.03,true,false,false,815.00
9655972000,9656709000,737000,29000,29000,0.00,794.35,792.03,true,false,false,815.00
9656709000,9657447000,738000,29000,29000,0.00,794.35,792.03,true,false,false,815.00
9657447000,9658184000,737000,29000,29000,0.00,794.35,792.03,true,false,false,815.00
9658184000,9658921000,737000,29000,29000,0.00,794.35,792.03,true,false,false,815.00
9658921000,9659658000,737000,29000,29000,0.00,794.35,792.03,true,false,false,815.00
9659658000,9660395000,737000,29000,29000,0.00,794.35,792.03,true,false,false,815.00
9660395000,9661132000,737000,29000,29000,0.00,794.35,792.03,true,false,false,815.00
9661132000,9661870000,738000,29000,29000,0.00,794.35,792.03,true,false,false,815.00
9661870000,9662608000,738000,29000,29000,0.00,794.35,792.03,true,false,false,815.00
9662608000,9663345000,737000,29000,29000,0.00,794.35,792.03,true,false,false,815.00
9663345000,9664082000,737000,29000,29000,0.00,794.35,792.03,true,false,false,815.00
9664082000,9664819000,737000,29000,29000,0.00,794.35,792.03,true,false,false,815.00
9664819000,9665556000,737000,29000,29000,0.00,794.35,792.03,true,false,true,815.00
9665556000,9666437000,881000,29000,77000,2.90,0.00,792.03,true,false,false,815.00
9666437000,9667424000,987000,36000,112000,2.90,744.97,744.97,true,false,false,815.00
9667424000,9668191000,767000,10000,39000,1.00,798.24,798.24,true,false,false,815.00
9668191000,9671805000,3614000,31000,31000,1.00,798.24,809.75,false,true,false,815.00
9671805000,9672558000,753000,10000,34000,1.00,798.24,806.13,true,false,false,818.00
9672558000,9673319000,761000,27000,37000,1.00,798.24,790.90,true,false,false,818.00
9673319000,9674068000,749000,27000,33000,1.00,798.24,792.64,true,false,false,818.00
9674068000,9674814000,746000,29000,32000,1.00,798.24,792.64,true,false,false,818.00
9674814000,9675557000,743000,30000,31000,1.00,798.24,794.17,true,false,false,818.00
9675557000,9676301000,744000,30000,31000,1.00,798.24,794.17,true,false,false,818.00
9676301000,9677044000,743000,30000,31000,1.00,798.24,794.17,true,false,false,818.00
9677044000,9677788000,744000,30000,31000,1.00,798.24,794.17,true,false,false,818.00
9677788000,9678531000,743000,30000,31000,1.00,798.24,794.17,true,false,false,818.00
9678531000,9679275000,744000,30000,31000,1.00,798.24,793.40,true,false,false,818.00
9679275000,9680019000,744000,30000,31000,1.00,798.24,793.40,true,false,false,818.00
9680019000,9680762000,743000,30000,31000,1.00,798.24,794.17,true,false,false,818.00
9680762000,9681505000,743000,30000,31000,1.00,798.24,793.40,true,false,false,818.00
9681505000,9682248000,743000,30000,31000,1.00,798.24,793.40,true,false,false,818.00
9682248000,9682992000,744000,30000,31000,1.00,798.24,793.40,true,false,false,818.00
9682992000,9683735000,743000,30000,31000,1.00,798.24,794.17,true,false,false,818.00
9683735000,9684478000,743000,30000,31000,1.00,798.24,794.17,true,false,false,818.00
9684478000,9685221000,743000,30000,31000,1.00,798.24,794.17,true,false,false,818.00
9685221000,9685964000,743000,30000,31000,1.00,798.24,794.17,true,false,false,818.00
9685964000,9686707000,743000,30000,31000,1.00,798.24,794.17,true,false,false,818.00
9686707000,9687450000,743000,30000,31000,1.00,798.24,793.40,true,false,false,818.00
9687450000,9688194000,744000,30000,31000,1.00,798.24,793.40,true,false,false,818.00
9688194000,9688938000,744000,30000,31000,1.00,798.24,793.40,true,false,false,818.00
9688938000,9689891000,953000,30000,101000,1.00,798.24,774.62,true,false,false,818.00
9689891000,9690892000,1001000,22000,117000,1.00,798.24,770.97,true,false,false,818.00
9690892000,9691662000,770000,11000,40000,1.00,798.24,787.30,true,false,true,818.00
9691662000,9692429000,767000,24000,39000,2.40,0.00,787.30,true,false,false,818.00
9692429000,9693181000,752000,27000,34000,2.40,792.64,792.64,true,false,false,818.00
9693181000,9693924000,743000,28000,31000,2.40,794.95,794.95,true,false,false,818.00
9693924000,9697602000,3678000,31000,31000,2.40,794.95,836.45,false,true,false,818.00
9697602000,9698387000,785000,0,45000,0.00,794.95,801.18,true,false,false,820.00
9698387000,9699182000,795000,22000,48000,0.00,798.44,798.44,true,false,false,820.00
9699182000,9699946000,764000,28000,38000,0.00,798.44,798.44,true,false,false,820.00
9699946000,9700696000,750000,28000,33000,0.00,798.44,794.57,true,false,false,820.00
9700696000,9701445000,749000,30000,33000,0.00,798.44,794.57,true,false,false,820.00
9701445000,9702191000,746000,30000,32000,0.00,798.44,795.34,true,false,false,820.00
9702191000,9702937000,746000,31000,32000,0.00,798.44,795.34,true,false,false,820.00
9702937000,9703683000,746000,31000,32000,0.00,798.44,795.34,true,false,false,820.00
9703683000,9704429000,746000,31000,32000,0.00,798.44,795.34,true,false,false,820.00
9704429000,9705175000,746000,31000,32000,0.00,798.44,795.34,true,false,false,820.00
9705175000,9705921000,746000,31000,32000,0.00,798.44,795.34,true,false,false,820.00
9705921000,9706667000,746000,31000,32000,0.00,798.44,795.34,true,false,false,820.00
9706667000,9707411000,744000,31000,31000,0.00,798.44,795.34,true,false,false,820.00
9707411000,9708154000,743000,31000,31000,0.00,798.44,795.34,true,false,false,820.00
9708154000,9708897000,743000,31000,31000,0.00,798.44,795.34,true,false,false,820.00
9708897000,9709640000,743000,31000,31000,0.00,798.44,795.34,true,false,false,820.00
9709640000,9710383000,743000,31000,31000,0.00,798.44,795.34,true,false,false,820.00
9710383000,9711126000,743000,31000,31000,0.00,798.44,795.34,true,false,false,820.00
9711126000,9711869000,743000,31000,31000,0.00,798.44,795.34,true,false,false,820.00
9711869000,9712612000,743000,31000,31000,0.00,798.44,795.34,true,false,false,820.00
9712612000,9713547000,935000,31000,95000,0.00,798.44,757.16,true,false,false,820.00
9713547000,9714554000,1007000,25000,119000,0.00,798.44,793.04,true,false,false,820.00
9714554000,9715327000,773000,12000,41000,0.00,798.44,793.04,true,false,false,820.00
9715327000,9716100000,773000,25000,41000,0.00,798.44,789.22,true,false,false,820.00
9716100000,9716853000,753000,27000,34000,0.00,798.44,793.80,true,false,false,820.00
9716853000,9717603000,750000,29000,33000,0.00,798.44,794.57,true,false,true,820.00
9717603000,9718353000,750000,31000,33000,3.10,0.00,794.57,true,false,false,820.00
9718353000,9719099000,746000,30000,32000,3.00,795.34,795.34,true,false,false,820.00
9719099000,9719845000,746000,31000,32000,3.00,795.34,795.34,true,false,false,820.00
9719845000,9723554000,3709000,31000,31000,3.00,795.34,847.36,false,true,false,820.00
9723554000,9724351000,797000,0,49000,0.00,795.34,799.22,true,false,false,818.00
9724351000,9725163000,812000,15000,54000,0.00,800.39,800.39,true,false,false,818.00
9725163000,9725933000,770000,28000,40000,0.00,800.39,794.17,true,false,false,818.00
9725933000,9726682000,749000,26000,33000,0.00,800.39,794.17,true,false,false,818.00
9726682000,9727432000,750000,29000,33000,0.00,800.39,793.40,true,false,false,818.00
9727432000,9728175000,743000,29000,31000,0.00,800.39,793.40,true,false,false,818.00
9728175000,9728918000,743000,30000,31000,0.00,800.39,793.40,true,false,false,818.00
9728918000,9729661000,743000,30000,31000,0.00,800.39,793.40,true,false,false,818.00
9729661000,9730404000,743000,30000,31000,0.00,800.39,793.40,true,false,false,818.00
9730404000,9731147000,743000,30000,31000,0.00,800.39,794.17,true,false,false,818.00
9731147000,9731890000,743000,30000,31000,0.00,800.39,794.17,true,false,false,818.00
9731890000,9732633000,743000,30000,31000,0.00,800.39,794.17,true,false,false,818.00
9732633000,9733377000,744000,30000,31000,0.00,800.39,794.17,true,false,false,818.00
9733377000,9734120000,743000,30000,31000,0.00,800.39,794.17,true,false,false,818.00
9734120000,9734863000,743000,30000,31000,0.00,800.39,794.17,true,false,false,818.00
9734863000,9735606000,743000,30000,31000,0.00,800.39,794.17,true,false,false,818.00
9735606000,9736349000,743000,30000,31000,0.00,800.39,793.40,true,false,false,818.00
9736349000,9737233000,884000,30000,78000,0.00,800.39,793.40,true,false,false,818.00
9737233000,9738234000,1001000,47000,117000,0.00,800.39,758.81,true,false,false,818.00
9738234000,9739025000,791000,11000,47000,0.00,800.39,785.78,true,false,false,818.00
9739025000,9739798000,773000,27000,41000,0.00,800.39,789.58,true,false,false,818.00
9739798000,9740548000,750000,25000,33000,0.00,800.39,792.64,true,false,false,818.00
9740548000,9741300000,752000,28000,34000,0.00,800.39,792.64,true,false,false,818.00
9741300000,9742046000,746000,29000,32000,0.00,800.39,794.17,true,false,false,818.00
9742046000,9742790000,744000,29000,31000,0.00,800.39,794.17,true,false,false,818.00
9742790000,9743533000,743000,30000,31000,0.00,800.39,793.40,true,false,true,818.00
9743533000,9744276000,743000,30000,31000,3.00,0.00,793.40,true,false,false,818.00
9744276000,9745020000,744000,30000,31000,3.00,793.40,793.40,true,false,false,818.00
9745020000,9745764000,744000,30000,31000,3.00,794.17,794.17,true,false,false,818.00
9745764000,9749472000,3708000,31000,31000,3.00,794.17,847.08,false,true,false,818.00
9749472000,9750270000,798000,0,49000,0.00,794.17,795.72,true,false,false,816.00
9750270000,9751079000,809000,13000,53000,0.00,800.00,800.00,true,false,false,816.00
9751079000,9751849000,770000,27000,40000,0.00,800.00,800.00,true,false,false,816.00
9751849000,9752596000,747000,25000,32000,0.00,800.00,793.00,true,false,false,816.00
9752596000,9753342000,746000,28000,32000,0.00,800.00,792.23,true,false,false,816.00
9753342000,9754085000,743000,28000,31000,0.00,800.00,792.23,true,false,false,816.00
9754085000,9754825000,740000,29000,30000,0.00,800.00,792.23,true,false,false,816.00
9754825000,9755565000,740000,29000,30000,0.00,800.00,792.23,true,false,false,816.00
9755565000,9756305000,740000,29000,30000,0.00,800.00,792.23,true,false,false,816.00
9756305000,9757046000,741000,29000,30000,0.00,800.00,792.23,true,false,false,816.00
9757046000,9757786000,740000,29000,30000,0.00,800.00,792.23,true,false,false,816.00
9757786000,9758526000,740000,29000,30000,0.00,800.00,792.23,true,false,false,816.00
9758526000,9759266000,740000,29000,30000,0.00,800.00,792.23,true,false,false,816.00
9759266000,9760006000,740000,29000,30000,0.00,800.00,792.23,true,false,false,816.00
9760006000,9760746000,740000,29000,30000,0.00,800.00,792.23,true,false,false,816.00
9760746000,9761735000,989000,30000,113000,0.00,800.00,754.16,true,false,false,816.00
9761735000,9762674000,939000,11000,96000,0.00,800.00,793.00,true,false,false,816.00
9762674000,9763444000,770000,12000,40000,0.00,800.00,786.89,true,false,false,816.00
9763444000,9764190000,746000,23000,32000,0.00,800.00,786.89,true,false,false,816.00
9764190000,9764939000,749000,28000,33000,0.00,800.00,790.70,true,false,false,816.00
9764939000,9765683000,744000,28000,31000,0.00,800.00,793.00,true,false,false,816.00
9765683000,9766427000,744000,29000,31000,0.00,800.00,793.00,true,false,false,816.00
9766427000,9767167000,740000,29000,30000,0.00,800.00,793.00,true,false,false,816.00
9767167000,9767907000,740000,29000,30000,0.00,800.00,792.23,true,false,false,816.00
9767907000,9768648000,741000,29000,30000,0.00,800.00,792.23,true,false,false,816.00
9768648000,9769388000,740000,29000,30000,0.00,800.00,792.23,true,false,true,816.00
9769388000,9770129000,741000,29000,30000,2.90,0.00,792.23,true,false,false,816.00
9770129000,9770869000,740000,29000,30000,2.90,792.23,792.23,true,false,false,816.00
9770869000,9771609000,740000,29000,30000,2.90,792.23,792.23,true,false,false,816.00
9771609000,9775308000,3699000,30000,30000,2.90,792.23,843.87,false,true,false,816.00
9775308000,9776102000,794000,0,48000,0.00,792.23,793.77,true,false,false,815.00
9776102000,9776909000,807000,13000,52000,0.00,799.02,799.02,true,false,false,815.00
9776909000,9777676000,767000,26000,39000,0.00,799.02,799.02,true,false,false,815.00
9777676000,9778422000,746000,25000,32000,0.00,799.02,792.80,true,false,false,815.00
9778422000,9779169000,747000,28000,32000,0.00,799.02,791.26,true,false,false,815.00
9779169000,9779910000,741000,28000,30000,0.00,799.02,791.26,true,false,false,815.00
9779910000,9780651000,741000,28000,30000,0.00,799.02,791.26,true,false,false,815.00
9780651000,9781391000,740000,29000,30000,0.00,799.02,792.03,true,false,false,815.00
9781391000,9782131000,740000,29000,30000,0.00,799.02,792.03,true,false,false,815.00
9782131000,9782871000,740000,29000,30000,0.00,799.02,792.03,true,false,false,815.00
9782871000,9783611000,740000,29000,30000,0.00,799.02,792.03,true,false,false,815.00
9783611000,9784351000,740000,29000,30000,0.00,799.02,792.03,true,false,false,815.00
9784351000,9785337000,986000,29000,112000,0.00,799.02,747.02,true,false,false,815.00
9785337000,9786326000,989000,11000,113000,0.00,799.02,799.02,true,false,false,815.00
9786326000,9787093000,767000,11000,39000,0.00,799.02,787.44,true,false,false,815.00
9787093000,9787840000,747000,23000,32000,0.00,799.02,787.44,true,false,false,815.00
9787840000,9788586000,746000,27000,32000,0.00,799.02,789.73,true,false,false,815.00
9788586000,9789327000,741000,27000,30000,0.00,799.02,792.03,true,false,false,815.00
9789327000,9790067000,740000,28000,30000,0.00,799.02,792.03,true,false,false,815.00
9790067000,9790807000,740000,29000,30000,0.00,799.02,792.03,true,false,false,815.00
9790807000,9791545000,738000,29000,29000,0.00,799.02,792.03,true,false,false,815.00
9791545000,9792282000,737000,29000,29000,0.00,799.02,792.03,true,false,false,815.00
9792282000,9793020000,738000,29000,29000,0.00,799.02,792.03,true,false,false,815.00
9793020000,9793758000,738000,29000,29000,0.00,799.02,792.03,true,false,false,815.00
9793758000,9794495000,737000,29000,29000,0.00,799.02,792.03,true,false,false,815.00
9794495000,9795232000,737000,29000,29000,0.00,799.02,792.03,true,false,true,815.00
9795232000,9795969000,737000,29000,29000,2.90,0.00,792.03,true,false,false,815.00
9795969000,9796707000,738000,29000,29000,2.90,792.03,792.03,true,false,false,815.00
9796707000,9797444000,737000,29000,29000,2.90,792.03,792.03,true,false,false,815.00
9797444000,9801142000,3698000,29000,29000,2.90,792.03,842.94,false,true,false,815.00
9801142000,9801933000,791000,0,47000,0.00,792.03,792.03,true,false,false,814.00
9801933000,9802740000,807000,13000,52000,0.00,798.82,798.82,true,false,false,814.00
9802740000,9803507000,767000,26000,39000,0.00,798.82,798.82,true,false,false,814.00
9803507000,9804253000,746000,25000,32000,0.00,798.82,792.60,true,false,false,814.00
9804253000,9804999000,746000,27000,32000,0.00,798.82,791.06,true,false,false,814.00
9804999000,9805740000,741000,28000,30000,0.00,798.82,791.06,true,false,false,814.00
9805740000,9806477000,737000,28000,29000,0.00,798.82,791.06,true,false,false,814.00
9806477000,9807214000,737000,28000,29000,0.00,798.82,791.06,true,false,false,814.00
9807214000,9807952000,738000,29000,29000,0.00,798.82,791.06,true,false,false,814.00
9807952000,9808920000,968000,29000,106000,0.00,798.82,738.66,true,false,false,814.00
9808920000,9809909000,989000,13000,113000,0.00,802.76,802.76,true,false,false,814.00
9809909000,9810676000,767000,10000,39000,0.00,802.76,802.76,true,false,false,814.00
9810676000,9811431000,755000,22000,35000,0.00,802.76,790.29,true,false,false,814.00
9811431000,9812177000,746000,27000,32000,0.00,802.76,789.52,true,false,false,814.00
9812177000,9812917000,740000,27000,30000,0.00,802.76,791.06,true,false,false,814.00
9812917000,9813657000,740000,28000,30000,0.00,802.76,791.06,true,false,false,814.00
9813657000,9814395000,738000,28000,29000,0.00,802.76,791.06,true,false,false,814.00
9814395000,9815132000,737000,29000,29000,0.00,802.76,791.06,true,false,false,814.00
9815132000,9815869000,737000,29000,29000,0.00,802.76,791.06,true,false,false,814.00
9815869000,9816606000,737000,29000,29000,0.00,802.76,791.06,true,false,false,814.00
9816606000,9817343000,737000,29000,29000,0.00,802.76,791.06,true,false,false,814.00
9817343000,9818080000,737000,29000,29000,0.00,802.76,791.06,true,false,false,814.00
9818080000,9818817000,737000,29000,29000,0.00,802.76,791.06,true,false,false,814.00
9818817000,9819555000,738000,29000,29000,0.00,802.76,791.06,true,false,false,814.00
9819555000,9820292000,737000,29000,29000,0.00,802.76,791.06,true,false,false,814.00
9820292000,9821029000,737000,29000,29000,0.00,802.76,791.06,true,false,true,814.00
9821029000,9821766000,737000,29000,29000,2.90,0.00,791.06,true,false,false,814.00
9821766000,9822503000,737000,29000,29000,2.90,791.06,791.06,true,false,false,814.00
9822503000,9823240000,737000,29000,29000,2.90,791.06,791.06,true,false,false,814.00
9823240000,9826937000,3697000,29000,29000,2.90,791.06,842.01,false,true,false,814.00
9826937000,9827728000,791000,0,47000,0.00,791.06,791.06,true,false,false,813.00
9827728000,9828532000,804000,12000,51000,0.00,797.84,797.84,true,false,false,813.00
9828532000,9829299000,767000,26000,39000,0.00,797.84,797.84,true,false,false,813.00
9829299000,9830042000,743000,24000,31000,0.00,797.84,793.17,true,false,false,813.00
9830042000,9830785000,743000,27000,31000,0.00,797.84,790.09,true,false,false,813.00
9830785000,9831525000,740000,27000,30000,0.00,797.84,790.09,true,false,false,813.00
9831525000,9832493000,968000,28000,106000,0.00,797.84,790.09,true,false,false,813.00
9832493000,9833467000,974000,14000,108000,0.00,797.84,734.42,true,false,false,813.00
9833467000,9834231000,764000,11000,38000,0.00,802.57,802.57,true,false,false,813.00
9834231000,9834980000,749000,22000,33000,0.00,802.57,793.95,true,false,false,813.00
9834980000,9835726000,746000,27000,32000,0.00,802.57,790.09,true,false,false,813.00
9835726000,9836466000,740000,26000,30000,0.00,802.57,790.09,true,false,false,813.00
9836466000,9837206000,740000,27000,30000,0.00,802.57,790.09,true,false,false,813.00
9837206000,9837943000,737000,28000,29000,0.00,802.57,790.86,true,false,false,813.00
9837943000,9838680000,737000,28000,29000,0.00,802.57,790.09,true,false,false,813.00
9838680000,9839417000,737000,28000,29000,0.00,802.57,790.09,true,false,false,813.00
9839417000,9840154000,737000,28000,29000,0.00,802.57,790.86,true,false,false,813.00
9840154000,9840891000,737000,28000,29000,0.00,802.57,790.86,true,false,false,813.00
9840891000,9841628000,737000,28000,29000,0.00,802.57,790.86,true,false,false,813.00
9841628000,9842365000,737000,28000,29000,0.00,802.57,790.86,true,false,false,813.00
9842365000,9843103000,738000,28000,29000,0.00,802.57,790.86,true,false,false,813.00
9843103000,9843840000,737000,28000,29000,0.00,802.57,790.86,true,false,false,813.00
9843840000,9844577000,737000,28000,29000,0.00,802.57,790.86,true,false,false,813.00
9844577000,9845314000,737000,28000,29000,0.00,802.57,790.86,true,false,false,813.00
9845314000,9846051000,737000,28000,29000,0.00,802.57,790.86,true,false,false,813.00
9846051000,9846788000,737000,28000,29000,0.00,802.57,790.86,true,false,true,813.00
9846788000,9847525000,737000,28000,29000,2.80,0.00,790.86,true,false,false,813.00
9847525000,9848263000,738000,28000,29000,2.80,790.86,790.86,true,false,false,813.00
9848263000,9849000000,737000,28000,29000,2.80,790.86,790.86,true,false,false,813.00
9849000000,9852690000,3690000,29000,29000,2.80,790.86,840.63,false,true,false,813.00
9852690000,9853478000,788000,0,46000,0.00,790.86,790.86,true,false,false,813.00
9853478000,9854281000,803000,13000,51000,0.00,797.84,797.84,true,false,false,813.00
9854281000,9855045000,764000,26000,38000,0.00,797.84,797.84,true,false,false,813.00
9855045000,9856007000,962000,25000,104000,0.00,797.84,791.63,true,false,false,813.00
9856007000,9856978000,971000,16000,107000,0.00,797.84,747.93,true,false,false,813.00
9856978000,9857757000,779000,14000,43000,0.00,797.84,785.51,true,false,false,813.00
9857757000,9858512000,755000,25000,35000,0.00,797.84,790.86,true,false,false,813.00
9858512000,9859267000,755000,30000,35000,0.00,797.84,787.79,true,false,false,813.00
9859267000,9860016000,749000,29000,33000,0.00,797.84,787.79,true,false,false,813.00
9860016000,9860765000,749000,31000,33000,0.00,797.84,787.79,true,false,false,813.00
9860765000,9861511000,746000,31000,32000,0.00,797.84,787.79,true,false,false,813.00
9861511000,9862257000,746000,31000,32000,0.00,797.84,787.79,true,false,false,813.00
9862257000,9863004000,747000,31000,32000,0.00,797.84,788.55,true,false,false,813.00
9863004000,9863750000,746000,31000,32000,0.00,797.84,787.79,true,false,false,813.00
9863750000,9864496000,746000,31000,32000,0.00,797.84,788.55,true,false,false,813.00
9864496000,9865242000,746000,31000,32000,0.00,797.84,788.55,true,false,false,813.00
9865242000,9865988000,746000,31000,32000,0.00,797.84,787.79,true,false,false,813.00
9865988000,9866734000,746000,31000,32000,0.00,797.84,787.79,true,false,false,813.00
9866734000,9867481000,747000,31000,32000,0.00,797.84,787.79,true,false,false,813.00
9867481000,9868227000,746000,31000,32000,0.00,797.84,787.79,true,false,false,813.00
9868227000,9868973000,746000,31000,32000,0.00,797.84,787.79,true,false,false,813.00
9868973000,9869720000,747000,31000,32000,0.00,797.84,788.55,true,false,false,813.00
9869720000,9870466000,746000,31000,32000,0.00,797.84,788.55,true,false,false,813.00
9870466000,9871212000,746000,31000,32000,0.00,797.84,787.79,true,false,false,813.00
9871212000,9871958000,746000,31000,32000,0.00,797.84,787.79,true,false,false,813.00
9871958000,9872704000,746000,31000,32000,0.00,797.84,787.79,true,false,true,813.00
9872704000,9873450000,746000,31000,32000,3.10,0.00,787.79,true,false,false,813.00
9873450000,9874196000,746000,31000,32000,3.10,787.79,787.79,true,false,false,813.00
9874196000,9874942000,746000,31000,32000,3.10,787.79,787.79,true,false,false,813.00
9874942000,9878654000,3712000,32000,32000,3.10,787.79,842.74,false,true,false,813.00
9878654000,9879562000,908000,0,86000,0.00,787.79,777.99,true,false,false,810.00
9879562000,9880476000,914000,34000,88000,0.00,787.79,776.61,true,false,false,810.00
9880476000,9881345000,869000,53000,73000,0.00,787.79,765.60,true,false,false,810.00
9881345000,9882178000,833000,53000,61000,0.00,787.79,764.87,true,false,false,810.00
9882178000,9883008000,830000,55000,60000,0.00,787.79,764.87,true,false,false,810.00
9883008000,9883835000,827000,56000,59000,0.00,787.79,765.60,true,false,false,810.00
9883835000,9884660000,825000,56000,58000,0.00,787.79,766.32,true,false,false,810.00
9884660000,9885485000,825000,57000,58000,0.00,787.79,766.32,true,false,false,810.00
9885485000,9886309000,824000,57000,58000,0.00,787.79,766.32,true,false,false,810.00
9886309000,9887133000,824000,57000,58000,0.00,787.79,765.60,true,false,false,810.00
9887133000,9887957000,824000,57000,58000,0.00,787.79,765.60,true,false,false,810.00
9887957000,9888782000,825000,57000,58000,0.00,787.79,766.32,true,false,false,810.00
9888782000,9889606000,824000,57000,58000,0.00,787.79,765.60,true,false,false,810.00
9889606000,9890430000,824000,57000,58000,0.00,787.79,765.60,true,false,false,810.00
9890430000,9891254000,824000,57000,58000,0.00,787.79,765.60,true,false,false,810.00
9891254000,9892078000,824000,57000,58000,0.00,787.79,766.32,true,false,false,810.00
9892078000,9892903000,825000,57000,58000,0.00,787.79,765.60,true,false,false,810.00
9892903000,9893728000,825000,57000,58000,0.00,787.79,765.60,true,false,false,810.00
9893728000,9894552000,824000,57000,58000,0.00,787.79,765.60,true,false,false,810.00
9894552000,9895376000,824000,57000,58000,0.00,787.79,765.60,true,false,false,810.00
9895376000,9896200000,824000,57000,58000,0.00,787.79,766.32,true,false,false,810.00
9896200000,9897024000,824000,57000,58000,0.00,787.79,765.60,true,false,false,810.00
9897024000,9897848000,824000,57000,58000,0.00,787.79,765.60,true,false,false,810.00
9897848000,9898672000,824000,57000,58000,0.00,787.79,765.60,true,false,false,810.00
9898672000,9899496000,824000,57000,58000,0.00,787.79,766.32,true,false,false,810.00
9899496000,9900320000,824000,57000,58000,0.00,787.79,765.60,true,false,true,810.00
9900320000,9901144000,824000,57000,58000,5.70,0.00,765.60,true,false,false,810.00
9901144000,9901968000,824000,57000,58000,5.70,765.60,765.60,true,false,false,810.00
9901968000,9902792000,824000,57000,58000,5.70,765.60,765.60,true,false,false,810.00
9902792000,9906828000,4036000,58000,58000,5.70,765.60,847.68,false,true,false,810.00
9906828000,9907703000,875000,0,75000,0.00,765.60,791.79,true,false,false,801.00
9907703000,9908584000,881000,0,77000,0.00,790.72,790.72,true,false,false,801.00
9908584000,9909382000,798000,22000,49000,0.00,790.72,780.70,true,false,false,801.00
9909382000,9910140000,758000,24000,36000,0.00,790.72,775.41,true,false,false,801.00
9910140000,9910886000,746000,27000,32000,0.00,790.72,775.41,true,false,false,801.00
9910886000,9911632000,746000,29000,32000,0.00,790.72,776.92,true,false,false,801.00
9911632000,9912375000,743000,29000,31000,0.00,790.72,777.67,true,false,false,801.00
9912375000,9913119000,744000,29000,31000,0.00,790.72,777.67,true,false,false,801.00
9913119000,9913859000,740000,30000,30000,0.00,790.72,777.67,true,false,false,801.00
9913859000,9914599000,740000,30000,30000,0.00,790.72,777.67,true,false,false,801.00
9914599000,9915340000,741000,30000,30000,0.00,790.72,777.67,true,false,false,801.00
9915340000,9916080000,740000,30000,30000,0.00,790.72,777.67,true,false,false,801.00
9916080000,9916820000,740000,30000,30000,0.00,790.72,777.67,true,false,false,801.00
9916820000,9917560000,740000,30000,30000,0.00,790.72,777.67,true,false,false,801.00
9917560000,9918300000,740000,30000,30000,0.00,790.72,777.67,true,false,false,801.00
9918300000,9919040000,740000,30000,30000,0.00,790.72,777.67,true,false,false,801.00
9919040000,9919780000,740000,30000,30000,0.00,790.72,777.67,true,false,false,801.00
9919780000,9920520000,740000,30000,30000,0.00,790.72,777.67,true,false,false,801.00
9920520000,9921260000,740000,30000,30000,0.00,790.72,777.67,true,false,false,801.00
9921260000,9922000000,740000,30000,30000,0.00,790.72,777.67,true,false,false,801.00
9922000000,9922740000,740000,30000,30000,0.00,790.72,777.67,true,false,false,801.00
9922740000,9923480000,740000,30000,30000,0.00,790.72,777.67,true,false,false,801.00
9923480000,9924220000,740000,30000,30000,0.00,790.72,777.67,true,false,false,801.00
9924220000,9924960000,740000,30000,30000,0.00,790.72,777.67,true,false,false,801.00
9924960000,9925701000,741000,30000,30000,0.00,790.72,777.67,true,false,false,801.00
9925701000,9926442000,741000,30000,30000,0.00,790.72,777.67,true,false,true,801.00
9926442000,9927183000,741000,30000,30000,3.00,0.00,777.67,true,false,false,801.00
9927183000,9927923000,740000,30000,30000,3.00,777.67,777.67,true,false,false,801.00
9927923000,9928897000,974000,30000,108000,3.00,777.67,736.21,true,false,false,801.00
9928897000,9932579000,3682000,107000,107000,3.00,777.67,832.56,false,true,false,801.00
9932579000,9933370000,791000,0,47000,0.00,777.67,789.94,true,false,false,803.00
9933370000,9934173000,803000,9000,51000,0.00,789.58,789.58,true,false,false,803.00
9934173000,9934940000,767000,25000,39000,0.00,789.58,780.37,true,false,false,803.00
9934940000,9935684000,744000,23000,31000,0.00,789.58,780.37,true,false,false,803.00
9935684000,9936427000,743000,25000,31000,0.00,789.58,780.37,true,false,false,803.00
9936427000,9937164000,737000,26000,29000,0.00,789.58,781.13,true,false,false,803.00
9937164000,9937898000,734000,27000,28000,0.00,789.58,781.89,true,false,false,803.00
9937898000,9938632000,734000,27000,28000,0.00,789.58,781.89,true,false,false,803.00
9938632000,9939367000,735000,27000,28000,0.00,789.58,781.13,true,false,false,803.00
9939367000,9940101000,734000,27000,28000,0.00,789.58,781.13,true,false,false,803.00
9940101000,9940835000,734000,27000,28000,0.00,789.58,781.13,true,false,false,803.00
9940835000,9941569000,734000,27000,28000,0.00,789.58,781.13,true,false,false,803.00
9941569000,9942303000,734000,27000,28000,0.00,789.58,781.13,true,false,false,803.00
9942303000,9943038000,735000,27000,28000,0.00,789.58,781.13,true,false,false,803.00
9943038000,9943772000,734000,27000,28000,0.00,789.58,781.13,true,false,false,803.00
9943772000,9944507000,735000,27000,28000,0.00,789.58,781.89,true,false,false,803.00
9944507000,9945242000,735000,27000,28000,0.00,789.58,781.13,true,false,false,803.00
9945242000,9945976000,734000,27000,28000,0.00,789.58,781.13,true,false,false,803.00
9945976000,9946710000,734000,27000,28000,0.00,789.58,781.13,true,false,false,803.00
9946710000,9947445000,735000,27000,28000,0.00,789.58,781.13,true,false,false,803.00
9947445000,9948179000,734000,27000,28000,0.00,789.58,781.13,true,false,false,803.00
9948179000,9948913000,734000,27000,28000,0.00,789.58,781.13,true,false,false,803.00
9948913000,9949648000,735000,27000,28000,0.00,789.58,781.13,true,false,false,803.00
9949648000,9950383000,735000,27000,28000,0.00,789.58,781.13,true,false,false,803.00
9950383000,9951118000,735000,27000,28000,0.00,789.58,781.13,true,false,false,803.00
9951118000,9952036000,918000,27000,89000,0.00,789.58,781.13,true,false,true,803.00
9952036000,9953013000,977000,18000,109000,1.80,0.00,781.13,true,false,false,803.00
9953013000,9953780000,767000,10000,39000,1.00,786.48,786.48,true,false,false,803.00
9953780000,9954547000,767000,21000,39000,1.00,786.48,778.86,true,false,false,803.00
9954547000,9958159000,3612000,23000,23000,1.00,786.48,801.34,false,true,false,803.00
9958159000,9958905000,746000,8000,32000,0.80,786.48,795.84,true,false,false,814.00
9958905000,9959678000,773000,29000,41000,0.80,786.48,782.69,true,false,false,814.00
9959678000,9960430000,752000,29000,34000,0.80,788.00,788.00,true,false,false,814.00
9960430000,9961183000,753000,31000,34000,0.80,788.00,788.00,true,false,false,814.00
9961183000,9961933000,750000,31000,33000,0.80,788.76,788.76,true,false,false,814.00
9961933000,9962682000,749000,31000,33000,0.80,788.76,788.76,true,false,false,814.00
9962682000,9963431000,749000,32000,33000,0.80,788.76,788.76,true,false,false,814.00
9963431000,9964178000,747000,32000,32000,0.80,788.76,788.76,true,false,false,814.00
9964178000,9964924000,746000,32000,32000,0.80,788.76,788.76,true,false,false,814.00
9964924000,9965670000,746000,32000,32000,0.80,788.76,788.76,true,false,false,814.00
9965670000,9966416000,746000,32000,32000,0.80,788.76,788.76,true,false,false,814.00
9966416000,9967162000,746000,32000,32000,0.80,788.76,788.76,true,false,false,814.00
9967162000,9967908000,746000,32000,32000,0.80,788.76,788.76,true,false,false,814.00
9967908000,9968654000,746000,32000,32000,0.80,788.76,788.76,true,false,false,814.00
9968654000,9969400000,746000,32000,32000,0.80,788.76,788.76,true,false,false,814.00
9969400000,9970146000,746000,32000,32000,0.80,788.76,788.76,true,false,false,814.00
9970146000,9970892000,746000,32000,32000,0.80,788.76,788.76,true,false,false,814.00
9970892000,9971638000,746000,32000,32000,0.80,788.76,788.76,true,false,false,814.00
9971638000,9972384000,746000,32000,32000,0.80,788.76,788.76,true,false,false,814.00
9972384000,9973130000,746000,32000,32000,0.80,788.76,788.76,true,false,false,814.00
9973130000,9973877000,747000,32000,32000,0.80,788.76,788.76,true,false,false,814.00
9973877000,9974623000,746000,32000,32000,0.80,788.76,788.76,true,false,false,814.00
9974623000,9975621000,998000,32000,116000,0.80,788.76,788.76,true,false,false,814.00
9975621000,9976631000,1010000,12000,120000,0.80,788.76,740.67,true,false,false,814.00
9976631000,9977398000,767000,9000,39000,0.80,789.52,789.52,true,false,false,814.00
9977398000,9978147000,749000,22000,33000,0.80,794.15,794.15,true,false,true,814.00
9978147000,9978894000,747000,27000,32000,2.70,0.00,794.15,true,false,false,814.00
9978894000,9979634000,740000,27000,30000,2.70,791.83,791.83,true,false,false,814.00
9979634000,9980374000,740000,28000,30000,2.70,791.83,791.06,true,false,false,814.00
9980374000,9984063000,3689000,28000,28000,2.70,791.83,839.55,false,true,false,814.00
9984063000,9984851000,788000,0,46000,0.00,791.83,793.37,true,false,false,815.00
9984851000,9985652000,801000,16000,50000,0.00,799.02,799.02,true,false,false,815.00
9985652000,9986417000,765000,26000,38000,0.00,799.02,799.02,true,false,false,815.00
9986417000,9987163000,746000,25000,32000,0.00,799.02,792.80,true,false,false,815.00
9987163000,9987909000,746000,28000,32000,0.00,799.02,791.26,true,false,false,815.00
9987909000,9988650000,741000,28000,30000,0.00,799.02,791.26,true,false,false,815.00
9988650000,9989391000,741000,29000,30000,0.00,799.02,791.26,true,false,false,815.00
9989391000,9990131000,740000,29000,30000,0.00,799.02,792.03,true,false,false,815.00
9990131000,9990871000,740000,29000,30000,0.00,799.02,792.03,true,false,false,815.00
9990871000,9991612000,741000,29000,30000,0.00,799.02,792.03,true,false,false,815.00
9991612000,9992352000,740000,29000,30000,0.00,799.02,792.03,true,false,false,815.00
9992352000,9993089000,737000,29000,29000,0.00,799.02,792.03,true,false,false,815.00
9993089000,9993826000,737000,29000,29000,0.00,799.02,792.03,true,false,false,815.00
9993826000,9994564000,738000,29000,29000,0.00,799.02,792.03,true,false,false,815.00
9994564000,9995301000,737000,29000,29000,0.00,799.02,792.03,true,false,false,815.00
9995301000,9996038000,737000,29000,29000,0.00,799.02,792.03,true,false,false,815.00
9996038000,9996775000,737000,29000,29000,0.00,799.02,792.03,true,false,false,815.00
9996775000,9997512000,737000,29000,29000,0.00,799.02,792.03,true,false,false,815.00
9997512000,9998250000,738000,29000,29000,0.00,799.02,792.03,true,false,false,815.00
9998250000,9999221000,971000,29000,107000,0.00,799.02,747.71,true,false,false,815.00
