start_time,start_tot_tx,start_tot_rx,start_tot_ld,start_seq,end_time,end_tot_tx,end_tot_rx,end_tot_ld,end_seq,duration,acked,ack_rate,probe_ongoing
10000,2,1,0,1,20000,6,3,0,3,10000,2,200.00,false
20000,6,3,0,3,30000,14,7,0,7,10000,4,400.00,false
30000,14,7,0,7,40000,30,15,0,15,10000,8,800.00,false
40000,30,15,0,15,50000,62,31,0,31,10000,16,1600.00,false
50000,62,31,0,31,60000,126,63,0,63,10000,32,3200.00,false
60000,126,63,0,63,72800,254,127,0,127,12800,64,5000.00,false
72800,254,127,0,127,98400,510,255,0,255,25600,128,5000.00,false
98400,510,255,0,255,149600,661,511,0,511,51200,256,5000.00,false
167400,751,601,0,601,197500,902,752,0,752,30100,151,5016.61,false
197500,902,752,0,752,227600,1053,903,0,903,30100,151,5016.61,false
227600,1053,903,0,903,257700,1204,1054,0,1054,30100,151,5016.61,false
257700,1204,1054,0,1054,287800,1355,1205,0,1205,30100,151,5016.61,false
287800,1355,1205,0,1205,317900,1506,1356,0,1356,30100,151,5016.61,false
317900,1506,1356,0,1356,348000,1657,1507,0,1507,30100,151,5016.61,false
348000,1657,1507,0,1507,378100,1808,1658,0,1658,30100,151,5016.61,false
378100,1808,1658,0,1658,408200,1959,1809,0,1809,30100,151,5016.61,false
408200,1959,1809,0,1809,438300,2110,1960,0,1960,30100,151,5016.61,false
438300,2110,1960,0,1960,468400,2261,2111,0,2111,30100,151,5016.61,false
468400,2261,2111,0,2111,498500,2412,2262,0,2262,30100,151,5016.61,false
498500,2412,2262,0,2262,528600,2563,2413,0,2413,30100,151,5016.61,false
528600,2563,2413,0,2413,558700,2714,2564,0,2564,30100,151,5016.61,false
558700,2714,2564,0,2564,588800,2865,2715,0,2715,30100,151,5016.61,false
588800,2865,2715,0,2715,618900,3016,2866,0,2866,30100,151,5016.61,false
618900,3016,2866,0,2866,649000,3571,3017,0,3017,30100,151,5016.61,true
649000,3571,3017,0,3017,759600,4126,3572,0,3572,110600,555,5018.08,true
759600,4126,3572,0,3572,870200,4277,4127,0,4127,110600,555,5018.08,true
870200,4277,4127,0,4127,900300,4393,4278,0,4278,30100,151,5016.61,true
900300,4393,4278,0,4278,924700,4509,4394,0,4394,24400,116,4754.10,false
924700,4509,4394,0,4394,947900,4625,4510,0,4510,23200,116,5000.00,false
947900,4625,4510,0,4510,971100,4741,4626,0,4626,23200,116,5000.00,false
971100,4741,4626,0,4626,994300,4857,4742,0,4742,23200,116,5000.00,false
994300,4857,4742,0,4742,1017500,4973,4858,0,4858,23200,116,5000.00,false
1017500,4973,4858,0,4858,1040700,5089,4974,0,4974,23200,116,5000.00,false
1040700,5089,4974,0,4974,1063900,5205,5090,0,5090,23200,116,5000.00,false
1063900,5205,5090,0,5090,1087100,5321,5206,0,5206,23200,116,5000.00,false
1087100,5321,5206,0,5206,1110300,5437,5322,0,5322,23200,116,5000.00,false
1110300,5437,5322,0,5322,1133500,5553,5438,0,5438,23200,116,5000.00,false
1133500,5553,5438,0,5438,1156700,5669,5554,0,5554,23200,116,5000.00,false
1156700,5669,5554,0,5554,1179900,5785,5670,0,5670,23200,116,5000.00,false
1179900,5785,5670,0,5670,1203100,5901,5786,0,5786,23200,116,5000.00,false
1203100,5901,5786,0,5786,1226300,6017,5902,0,5902,23200,116,5000.00,false
1226300,6017,5902,0,5902,1249500,6133,6018,0,6018,23200,116,5000.00,false
1249500,6133,6018,0,6018,1272700,6249,6134,0,6134,23200,116,5000.00,false
1272700,6249,6134,0,6134,1295900,6365,6250,0,6250,23200,116,5000.00,false
1295900,6365,6250,0,6250,1319100,6481,6366,0,6366,23200,116,5000.00,false
1319100,6481,6366,0,6366,1342300,6597,6482,0,6482,23200,116,5000.00,false
1342300,6597,6482,0,6482,1365500,6713,6598,0,6598,23200,116,5000.00,false
1365500,6713,6598,0,6598,1388700,6829,6714,0,6714,23200,116,5000.00,false
1388700,6829,6714,0,6714,1411900,6945,6830,0,6830,23200,116,5000.00,false
1411900,6945,6830,0,6830,1435100,7061,6946,0,6946,23200,116,5000.00,false
1435100,7061,6946,0,6946,1458300,7177,7062,0,7062,23200,116,5000.00,false
1458300,7177,7062,0,7062,1481500,7293,7178,0,7178,23200,116,5000.00,false
1481500,7293,7178,0,7178,1504700,7409,7294,0,7294,23200,116,5000.00,false
1504700,7409,7294,0,7294,1527900,7525,7410,0,7410,23200,116,5000.00,false
1527900,7525,7410,0,7410,1551100,7641,7526,0,7526,23200,116,5000.00,false
1551100,7641,7526,0,7526,1574300,7757,7642,0,7642,23200,116,5000.00,false
1574300,7757,7642,0,7642,1597500,7873,7758,0,7758,23200,116,5000.00,false
1597500,7873,7758,0,7758,1620700,7989,7874,0,7874,23200,116,5000.00,false
1620700,7989,7874,0,7874,1643900,8105,7990,0,7990,23200,116,5000.00,false
1643900,8105,7990,0,7990,1667100,8221,8106,0,8106,23200,116,5000.00,false
1667100,8221,8106,0,8106,1690300,8337,8222,0,8222,23200,116,5000.00,false
1690300,8337,8222,0,8222,1713500,8453,8338,0,8338,23200,116,5000.00,false
1713500,8453,8338,0,8338,1736700,8569,8454,0,8454,23200,116,5000.00,false
1736700,8569,8454,0,8454,1759900,8685,8570,0,8570,23200,116,5000.00,false
1759900,8685,8570,0,8570,1783100,8801,8686,0,8686,23200,116,5000.00,false
1783100,8801,8686,0,8686,1806300,8917,8802,0,8802,23200,116,5000.00,false
1806300,8917,8802,0,8802,1829500,9033,8918,0,8918,23200,116,5000.00,false
1829500,9033,8918,0,8918,1852700,9149,9034,0,9034,23200,116,5000.00,false
1852700,9149,9034,0,9034,1875900,9265,9150,0,9150,23200,116,5000.00,false
1875900,9265,9150,0,9150,1899100,9381,9266,0,9266,23200,116,5000.00,false
1899100,9381,9266,0,9266,1922300,9497,9382,0,9382,23200,116,5000.00,false
1922300,9497,9382,0,9382,1945500,9613,9498,0,9498,23200,116,5000.00,false
1945500,9613,9498,0,9498,1968700,9729,9614,0,9614,23200,116,5000.00,false
1968700,9729,9614,0,9614,1991900,9845,9730,0,9730,23200,116,5000.00,false
1991900,9845,9730,0,9730,2015100,9961,9846,0,9846,23200,116,5000.00,false
2015100,9961,9846,0,9846,2038300,10077,9962,0,9962,23200,116,5000.00,false
2038300,10077,9962,0,9962,2061500,10193,10078,0,10078,23200,116,5000.00,false
2061500,10193,10078,0,10078,2084700,10309,10194,0,10194,23200,116,5000.00,false
2084700,10309,10194,0,10194,2107900,10425,10310,0,10310,23200,116,5000.00,false
2107900,10425,10310,0,10310,2131100,10541,10426,0,10426,23200,116,5000.00,false
2131100,10541,10426,0,10426,2154300,10657,10542,0,10542,23200,116,5000.00,false
2154300,10657,10542,0,10542,2177500,10773,10658,0,10658,23200,116,5000.00,false
2177500,10773,10658,0,10658,2200700,10889,10774,0,10774,23200,116,5000.00,false
2200700,10889,10774,0,10774,2223900,11005,10890,0,10890,23200,116,5000.00,false
2223900,11005,10890,0,10890,2247100,11121,11006,0,11006,23200,116,5000.00,false
2247100,11121,11006,0,11006,2270300,11237,11122,0,11122,23200,116,5000.00,false
2270300,11237,11122,0,11122,2293500,11353,11238,0,11238,23200,116,5000.00,false
2293500,11353,11238,0,11238,2316700,11469,11354,0,11354,23200,116,5000.00,false
2316700,11469,11354,0,11354,2339900,11585,11470,0,11470,23200,116,5000.00,false
2339900,11585,11470,0,11470,2363100,11701,11586,0,11586,23200,116,5000.00,false
2363100,11701,11586,0,11586,2386300,11817,11702,0,11702,23200,116,5000.00,false
2386300,11817,11702,0,11702,2409500,11933,11818,0,11818,23200,116,5000.00,false
2409500,11933,11818,0,11818,2432700,12049,11934,0,11934,23200,116,5000.00,false
2432700,12049,11934,0,11934,2455900,12165,12050,0,12050,23200,116,5000.00,false
2455900,12165,12050,0,12050,2479100,12281,12166,0,12166,23200,116,5000.00,false
2479100,12281,12166,0,12166,2502300,12397,12282,0,12282,23200,116,5000.00,false
2502300,12397,12282,0,12282,2525500,12513,12398,0,12398,23200,116,5000.00,false
2525500,12513,12398,0,12398,2548700,12629,12514,0,12514,23200,116,5000.00,false
2548700,12629,12514,0,12514,2571900,12745,12630,0,12630,23200,116,5000.00,false
2571900,12745,12630,0,12630,2595100,12861,12746,0,12746,23200,116,5000.00,false
2595100,12861,12746,0,12746,2618300,12977,12862,0,12862,23200,116,5000.00,false
2618300,12977,12862,0,12862,2641500,13093,12978,0,12978,23200,116,5000.00,false
2641500,13093,12978,0,12978,2664700,13209,13094,0,13094,23200,116,5000.00,false
2664700,13209,13094,0,13094,2687900,13325,13210,0,13210,23200,116,5000.00,false
2687900,13325,13210,0,13210,2711100,13441,13326,0,13326,23200,116,5000.00,false
2711100,13441,13326,0,13326,2734300,13557,13442,0,13442,23200,116,5000.00,false
2734300,13557,13442,0,13442,2757500,13673,13558,0,13558,23200,116,5000.00,false
2757500,13673,13558,0,13558,2780700,13789,13674,0,13674,23200,116,5000.00,false
2780700,13789,13674,0,13674,2803900,13905,13790,0,13790,23200,116,5000.00,false
2803900,13905,13790,0,13790,2827100,14021,13906,0,13906,23200,116,5000.00,false
2827100,14021,13906,0,13906,2850300,14137,14022,0,14022,23200,116,5000.00,false
2850300,14137,14022,0,14022,2873500,14253,14138,0,14138,23200,116,5000.00,false
2873500,14253,14138,0,14138,2896700,14369,14254,0,14254,23200,116,5000.00,false
2896700,14369,14254,0,14254,2919900,14485,14370,0,14370,23200,116,5000.00,false
2919900,14485,14370,0,14370,2943100,14601,14486,0,14486,23200,116,5000.00,false
2943100,14601,14486,0,14486,2966300,14717,14602,0,14602,23200,116,5000.00,false
2966300,14717,14602,0,14602,2989500,14833,14718,0,14718,23200,116,5000.00,false
2989500,14833,14718,0,14718,3012700,14949,14834,0,14834,23200,116,5000.00,false
3012700,14949,14834,0,14834,3035900,15065,14950,0,14950,23200,116,5000.00,false
3035900,15065,14950,0,14950,3059100,15181,15066,0,15066,23200,116,5000.00,false
3059100,15181,15066,0,15066,3082300,15297,15182,0,15182,23200,116,5000.00,false
3082300,15297,15182,0,15182,3105500,15413,15298,0,15298,23200,116,5000.00,false
3105500,15413,15298,0,15298,3128700,15529,15414,0,15414,23200,116,5000.00,false
3128700,15529,15414,0,15414,3151900,15645,15530,0,15530,23200,116,5000.00,false
3151900,15645,15530,0,15530,3175100,15761,15646,0,15646,23200,116,5000.00,false
3175100,15761,15646,0,15646,3198300,15877,15762,0,15762,23200,116,5000.00,false
3198300,15877,15762,0,15762,3221500,15993,15878,0,15878,23200,116,5000.00,false
3221500,15993,15878,0,15878,3244700,16109,15994,0,15994,23200,116,5000.00,false
3244700,16109,15994,0,15994,3267900,16225,16110,0,16110,23200,116,5000.00,false
3267900,16225,16110,0,16110,3291100,16341,16226,0,16226,23200,116,5000.00,false
3291100,16341,16226,0,16226,3314300,16457,16342,0,16342,23200,116,5000.00,false
3314300,16457,16342,0,16342,3337500,16573,16458,0,16458,23200,116,5000.00,false
3337500,16573,16458,0,16458,3360700,16689,16574,0,16574,23200,116,5000.00,false
3360700,16689,16574,0,16574,3383900,16805,16690,0,16690,23200,116,5000.00,false
3383900,16805,16690,0,16690,3407100,16921,16806,0,16806,23200,116,5000.00,false
3407100,16921,16806,0,16806,3430300,17037,16922,0,16922,23200,116,5000.00,false
3430300,17037,16922,0,16922,3453500,17153,17038,0,17038,23200,116,5000.00,false
3453500,17153,17038,0,17038,3476700,17269,17154,0,17154,23200,116,5000.00,false
3476700,17269,17154,0,17154,3499900,17385,17270,0,17270,23200,116,5000.00,false
3499900,17385,17270,0,17270,3523100,17501,17386,0,17386,23200,116,5000.00,false
3523100,17501,17386,0,17386,3546300,17617,17502,0,17502,23200,116,5000.00,false
3546300,17617,17502,0,17502,3569500,17733,17618,0,17618,23200,116,5000.00,false
3569500,17733,17618,0,17618,3592700,17849,17734,0,17734,23200,116,5000.00,false
3592700,17849,17734,0,17734,3615900,17965,17850,0,17850,23200,116,5000.00,false
3615900,17965,17850,0,17850,3639100,18081,17966,0,17966,23200,116,5000.00,false
3639100,18081,17966,0,17966,3662300,18197,18082,0,18082,23200,116,5000.00,false
3662300,18197,18082,0,18082,3685500,18313,18198,0,18198,23200,116,5000.00,false
3685500,18313,18198,0,18198,3708700,18429,18314,0,18314,23200,116,5000.00,false
3708700,18429,18314,0,18314,3731900,18545,18430,0,18430,23200,116,5000.00,false
3731900,18545,18430,0,18430,3755100,18661,18546,0,18546,23200,116,5000.00,false
3755100,18661,18546,0,18546,3778300,18777,18662,0,18662,23200,116,5000.00,false
3778300,18777,18662,0,18662,3801500,18893,18778,0,18778,23200,116,5000.00,false
3801500,18893,18778,0,18778,3824700,19009,18894,0,18894,23200,116,5000.00,false
3824700,19009,18894,0,18894,3847900,19125,19010,0,19010,23200,116,5000.00,false
3847900,19125,19010,0,19010,3871100,19241,19126,0,19126,23200,116,5000.00,false
3871100,19241,19126,0,19126,3894300,19357,19242,0,19242,23200,116,5000.00,false
3894300,19357,19242,0,19242,3917500,19473,19358,0,19358,23200,116,5000.00,false
3917500,19473,19358,0,19358,3940700,19589,19474,0,19474,23200,116,5000.00,false
3944000,19612,19497,0,19497,3967200,19728,19613,0,19613,23200,116,5000.00,false
3967200,19728,19613,0,19613,3990400,19844,19729,0,19729,23200,116,5000.00,false
3990400,19844,19729,0,19729,4013600,19960,19845,0,19845,23200,116,5000.00,false
4013600,19960,19845,0,19845,4036800,20076,19961,0,19961,23200,116,5000.00,false
4036800,20076,19961,0,19961,4060000,20192,20077,0,20077,23200,116,5000.00,false
4060000,20192,20077,0,20077,4083200,20308,20193,0,20193,23200,116,5000.00,false
4083200,20308,20193,0,20193,4106400,20424,20309,0,20309,23200,116,5000.00,false
4106400,20424,20309,0,20309,4129600,20540,20425,0,20425,23200,116,5000.00,false
4129600,20540,20425,0,20425,4152800,20656,20541,0,20541,23200,116,5000.00,false
4152800,20656,20541,0,20541,4176000,20772,20657,0,20657,23200,116,5000.00,false
4176000,20772,20657,0,20657,4199200,20888,20773,0,20773,23200,116,5000.00,false
4199200,20888,20773,0,20773,4222400,21004,20889,0,20889,23200,116,5000.00,false
4222400,21004,20889,0,20889,4245600,21120,21005,0,21005,23200,116,5000.00,false
4245600,21120,21005,0,21005,4268800,21236,21121,0,21121,23200,116,5000.00,false
4268800,21236,21121,0,21121,4292000,21352,21237,0,21237,23200,116,5000.00,false
4292000,21352,21237,0,21237,4315200,21732,21353,0,21353,23200,116,5000.00,true
4315200,21732,21353,0,21353,4391200,22112,21733,0,21733,76000,380,5000.00,true
4391200,22112,21733,0,21733,4467200,22228,22113,0,22113,76000,380,5000.00,true
4467200,22228,22113,0,22113,4497900,22329,22229,0,22229,30700,116,3778.50,true
4497900,22329,22229,0,22229,4520900,22429,22330,0,22330,23000,101,4391.30,false
4520900,22429,22330,0,22330,4543800,22529,22430,0,22430,22900,100,4366.81,false
4543800,22529,22430,0,22430,4566700,22629,22530,0,22530,22900,100,4366.81,false
4566700,22629,22530,0,22530,4589600,22729,22630,0,22630,22900,100,4366.81,false
4589600,22729,22630,0,22630,4612500,22829,22730,0,22730,22900,100,4366.81,false
4612500,22829,22730,0,22730,4635400,22929,22830,0,22830,22900,100,4366.81,false
4635400,22929,22830,0,22830,4658300,23029,22930,0,22930,22900,100,4366.81,false
4658300,23029,22930,0,22930,4681200,23129,23030,0,23030,22900,100,4366.81,false
4681200,23129,23030,0,23030,4704100,23229,23130,0,23130,22900,100,4366.81,false
4704100,23229,23130,0,23130,4727000,23329,23230,0,23230,22900,100,4366.81,false
4727000,23329,23230,0,23230,4749900,23429,23330,0,23330,22900,100,4366.81,false
4749900,23429,23330,0,23330,4772800,23529,23430,0,23430,22900,100,4366.81,false
4772800,23529,23430,0,23430,4795700,23629,23530,0,23530,22900,100,4366.81,false
4795700,23629,23530,0,23530,4818600,23729,23630,0,23630,22900,100,4366.81,false
4818600,23729,23630,0,23630,4841500,23829,23730,0,23730,22900,100,4366.81,false
4841500,23829,23730,0,23730,4864400,23929,23830,0,23830,22900,100,4366.81,false
4864400,23929,23830,0,23830,4887300,24029,23930,0,23930,22900,100,4366.81,false
4887300,24029,23930,0,23930,4910200,24129,24030,0,24030,22900,100,4366.81,false
4910200,24129,24030,0,24030,4933100,24229,24130,0,24130,22900,100,4366.81,false
4933100,24229,24130,0,24130,4956000,24329,24230,0,24230,22900,100,4366.81,false
4956000,24329,24230,0,24230,4978900,24429,24330,0,24330,22900,100,4366.81,false
4978900,24429,24330,0,24330,5001800,24529,24430,0,24430,22900,100,4366.81,false
5001800,24529,24430,0,24430,5024700,24629,24530,0,24530,22900,100,4366.81,false
5024700,24629,24530,0,24530,5047600,24729,24630,0,24630,22900,100,4366.81,false
5047600,24729,24630,0,24630,5070500,24829,24730,0,24730,22900,100,4366.81,false
5070500,24829,24730,0,24730,5093400,24929,24830,0,24830,22900,100,4366.81,false
5093400,24929,24830,0,24830,5116300,25029,24930,0,24930,22900,100,4366.81,false
5116300,25029,24930,0,24930,5139200,25129,25030,0,25030,22900,100,4366.81,false
5139200,25129,25030,0,25030,5162100,25229,25130,0,25130,22900,100,4366.81,false
5162100,25229,25130,0,25130,5185000,25329,25230,0,25230,22900,100,4366.81,false
5185000,25329,25230,0,25230,5207900,25429,25330,0,25330,22900,100,4366.81,false
5207900,25429,25330,0,25330,5230800,25529,25430,0,25430,22900,100,4366.81,false
5230800,25529,25430,0,25430,5253700,25629,25530,0,25530,22900,100,4366.81,false
5253700,25629,25530,0,25530,5276600,25729,25630,0,25630,22900,100,4366.81,false
5276600,25729,25630,0,25630,5299500,25829,25730,0,25730,22900,100,4366.81,false
5299500,25829,25730,0,25730,5322400,25929,25830,0,25830,22900,100,4366.81,false
5322400,25929,25830,0,25830,5345300,26029,25930,0,25930,22900,100,4366.81,false
5345300,26029,25930,0,25930,5368200,26129,26030,0,26030,22900,100,4366.81,false
5368200,26129,26030,0,26030,5391100,26229,26130,0,26130,22900,100,4366.81,false
5391100,26229,26130,0,26130,5414000,26329,26230,0,26230,22900,100,4366.81,false
5414000,26329,26230,0,26230,5436900,26429,26330,0,26330,22900,100,4366.81,false
5436900,26429,26330,0,26330,5459800,26529,26430,0,26430,22900,100,4366.81,false
5459800,26529,26430,0,26430,5482700,26629,26530,0,26530,22900,100,4366.81,false
5482700,26629,26530,0,26530,5505600,26729,26630,0,26630,22900,100,4366.81,false
5505600,26729,26630,0,26630,5528500,26829,26730,0,26730,22900,100,4366.81,false
5528500,26829,26730,0,26730,5551400,26929,26830,0,26830,22900,100,4366.81,false
5551400,26929,26830,0,26830,5574300,27029,26930,0,26930,22900,100,4366.81,false
5574300,27029,26930,0,26930,5597200,27129,27030,0,27030,22900,100,4366.81,false
5597200,27129,27030,0,27030,5620100,27229,27130,0,27130,22900,100,4366.81,false
5620100,27229,27130,0,27130,5643000,27329,27230,0,27230,22900,100,4366.81,false
5643000,27329,27230,0,27230,5665900,27429,27330,0,27330,22900,100,4366.81,false
5665900,27429,27330,0,27330,5688800,27529,27430,0,27430,22900,100,4366.81,false
5688800,27529,27430,0,27430,5711700,27629,27530,0,27530,22900,100,4366.81,false
5711700,27629,27530,0,27530,5734600,27729,27630,0,27630,22900,100,4366.81,false
5734600,27729,27630,0,27630,5757500,27829,27730,0,27730,22900,100,4366.81,false
5757500,27829,27730,0,27730,5780400,27929,27830,0,27830,22900,100,4366.81,false
5780400,27929,27830,0,27830,5803300,28029,27930,0,27930,22900,100,4366.81,false
5803300,28029,27930,0,27930,5826200,28129,28030,0,28030,22900,100,4366.81,false
5826200,28129,28030,0,28030,5849100,28229,28130,0,28130,22900,100,4366.81,false
5849100,28229,28130,0,28130,5872000,28329,28230,0,28230,22900,100,4366.81,false
5872000,28329,28230,0,28230,5894900,28429,28330,0,28330,22900,100,4366.81,false
5894900,28429,28330,0,28330,5917800,28529,28430,0,28430,22900,100,4366.81,false
5917800,28529,28430,0,28430,5940700,28629,28530,0,28530,22900,100,4366.81,false
5940700,28629,28530,0,28530,5963600,28729,28630,0,28630,22900,100,4366.81,false
5963600,28729,28630,0,28630,5986500,28829,28730,0,28730,22900,100,4366.81,false
5986500,28829,28730,0,28730,6009400,28929,28830,0,28830,22900,100,4366.81,false
6009400,28929,28830,0,28830,6032300,29029,28930,0,28930,22900,100,4366.81,false
6032300,29029,28930,0,28930,6055200,29129,29030,0,29030,22900,100,4366.81,false
6055200,29129,29030,0,29030,6078100,29229,29130,0,29130,22900,100,4366.81,false
6078100,29229,29130,0,29130,6101000,29329,29230,0,29230,22900,100,4366.81,false
6101000,29329,29230,0,29230,6123900,29429,29330,0,29330,22900,100,4366.81,false
6123900,29429,29330,0,29330,6146800,29529,29430,0,29430,22900,100,4366.81,false
6146800,29529,29430,0,29430,6169700,29629,29530,0,29530,22900,100,4366.81,false
6169700,29629,29530,0,29530,6192600,29729,29630,0,29630,22900,100,4366.81,false
6192600,29729,29630,0,29630,6215500,29829,29730,0,29730,22900,100,4366.81,false
6215500,29829,29730,0,29730,6238400,29929,29830,0,29830,22900,100,4366.81,false
6238400,29929,29830,0,29830,6261300,30029,29930,0,29930,22900,100,4366.81,false
6261300,30029,29930,0,29930,6284200,30129,30030,0,30030,22900,100,4366.81,false
6284200,30129,30030,0,30030,6307100,30229,30130,0,30130,22900,100,4366.81,false
6307100,30229,30130,0,30130,6330000,30329,30230,0,30230,22900,100,4366.81,false
6330000,30329,30230,0,30230,6352900,30429,30330,0,30330,22900,100,4366.81,false
6352900,30429,30330,0,30330,6375800,30529,30430,0,30430,22900,100,4366.81,false
6375800,30529,30430,0,30430,6398700,30629,30530,0,30530,22900,100,4366.81,false
6398700,30629,30530,0,30530,6421600,30729,30630,0,30630,22900,100,4366.81,false
6421600,30729,30630,0,30630,6444500,30829,30730,0,30730,22900,100,4366.81,false
6444500,30829,30730,0,30730,6467400,30929,30830,0,30830,22900,100,4366.81,false
6467400,30929,30830,0,30830,6490300,31029,30930,0,30930,22900,100,4366.81,false
6490300,31029,30930,0,30930,6513200,31129,31030,0,31030,22900,100,4366.81,false
6513200,31129,31030,0,31030,6536100,31229,31130,0,31130,22900,100,4366.81,false
6536100,31229,31130,0,31130,6559000,31329,31230,0,31230,22900,100,4366.81,false
6559000,31329,31230,0,31230,6581900,31429,31330,0,31330,22900,100,4366.81,false
6581900,31429,31330,0,31330,6604800,31529,31430,0,31430,22900,100,4366.81,false
6604800,31529,31430,0,31430,6627700,31629,31530,0,31530,22900,100,4366.81,false
6627700,31629,31530,0,31530,6650600,31729,31630,0,31630,22900,100,4366.81,false
6650600,31729,31630,0,31630,6673500,31829,31730,0,31730,22900,100,4366.81,false
6673500,31829,31730,0,31730,6696400,31929,31830,0,31830,22900,100,4366.81,false
6696400,31929,31830,0,31830,6719300,32029,31930,0,31930,22900,100,4366.81,false
6719300,32029,31930,0,31930,6742200,32129,32030,0,32030,22900,100,4366.81,false
6742200,32129,32030,0,32030,6765100,32229,32130,0,32130,22900,100,4366.81,false
6765100,32229,32130,0,32130,6788000,32329,32230,0,32230,22900,100,4366.81,false
6788000,32329,32230,0,32230,6810900,32429,32330,0,32330,22900,100,4366.81,false
6810900,32429,32330,0,32330,6833800,32529,32430,0,32430,22900,100,4366.81,false
6833800,32529,32430,0,32430,6856700,32629,32530,0,32530,22900,100,4366.81,false
6856700,32629,32530,0,32530,6879600,32729,32630,0,32630,22900,100,4366.81,false
6879600,32729,32630,0,32630,6902500,32829,32730,0,32730,22900,100,4366.81,false
6902500,32829,32730,0,32730,6925400,32929,32830,0,32830,22900,100,4366.81,false
6925400,32929,32830,0,32830,6948300,33029,32930,0,32930,22900,100,4366.81,false
6948300,33029,32930,0,32930,6971200,33129,33030,0,33030,22900,100,4366.81,false
6971200,33129,33030,0,33030,6994100,33229,33130,0,33130,22900,100,4366.81,false
6994100,33229,33130,0,33130,7017000,33329,33230,0,33230,22900,100,4366.81,false
7017000,33329,33230,0,33230,7039900,33429,33330,0,33330,22900,100,4366.81,false
7039900,33429,33330,0,33330,7062800,33529,33430,0,33430,22900,100,4366.81,false
7062800,33529,33430,0,33430,7085700,33629,33530,0,33530,22900,100,4366.81,false
7085700,33629,33530,0,33530,7108600,33729,33630,0,33630,22900,100,4366.81,false
7108600,33729,33630,0,33630,7131500,33829,33730,0,33730,22900,100,4366.81,false
7131500,33829,33730,0,33730,7154400,33929,33830,0,33830,22900,100,4366.81,false
7154400,33929,33830,0,33830,7177300,34029,33930,0,33930,22900,100,4366.81,false
7177300,34029,33930,0,33930,7200200,34129,34030,0,34030,22900,100,4366.81,false
7200200,34129,34030,0,34030,7223100,34229,34130,0,34130,22900,100,4366.81,false
7223100,34229,34130,0,34130,7246000,34329,34230,0,34230,22900,100,4366.81,false
7246000,34329,34230,0,34230,7268900,34429,34330,0,34330,22900,100,4366.81,false
7268900,34429,34330,0,34330,7291800,34529,34430,0,34430,22900,100,4366.81,false
7291800,34529,34430,0,34430,7314700,34629,34530,0,34530,22900,100,4366.81,false
7314700,34629,34530,0,34530,7337600,34729,34630,0,34630,22900,100,4366.81,false
7337600,34729,34630,0,34630,7360500,34829,34730,0,34730,22900,100,4366.81,false
7360500,34829,34730,0,34730,7383400,34929,34830,0,34830,22900,100,4366.81,false
7383400,34929,34830,0,34830,7406300,35029,34930,0,34930,22900,100,4366.81,false
7406300,35029,34930,0,34930,7429200,35129,35030,0,35030,22900,100,4366.81,false
7429200,35129,35030,0,35030,7452100,35229,35130,0,35130,22900,100,4366.81,false
7452100,35229,35130,0,35130,7475000,35329,35230,0,35230,22900,100,4366.81,false
7475100,35330,35231,0,35231,7498000,35430,35331,0,35331,22900,100,4366.81,false
7498000,35430,35331,0,35331,7520900,35530,35431,0,35431,22900,100,4366.81,false
7520900,35530,35431,0,35431,7543800,35630,35531,0,35531,22900,100,4366.81,false
7543800,35630,35531,0,35531,7566700,35730,35631,0,35631,22900,100,4366.81,false
7566700,35730,35631,0,35631,7589600,35830,35731,0,35731,22900,100,4366.81,false
7589600,35830,35731,0,35731,7612500,35930,35831,0,35831,22900,100,4366.81,false
7612500,35930,35831,0,35831,7635400,36030,35931,0,35931,22900,100,4366.81,false
7635400,36030,35931,0,35931,7658300,36130,36031,0,36031,22900,100,4366.81,false
7658300,36130,36031,0,36031,7681200,36230,36131,0,36131,22900,100,4366.81,false
7681200,36230,36131,0,36131,7704100,36330,36231,0,36231,22900,100,4366.81,false
7704100,36330,36231,0,36231,7727000,36430,36331,0,36331,22900,100,4366.81,false
7727000,36430,36331,0,36331,7749900,36530,36431,0,36431,22900,100,4366.81,false
7749900,36530,36431,0,36431,7772800,36630,36531,0,36531,22900,100,4366.81,false
7772800,36630,36531,0,36531,7824800,36730,36631,0,36631,52000,100,1923.08,false
7824800,36730,36631,0,36631,7876800,36830,36731,0,36731,52000,100,1923.08,false
7876800,36830,36731,0,36731,7899700,36930,36831,0,36831,22900,100,4366.81,false
7899700,36930,36831,0,36831,7925400,37036,36931,0,36931,25700,100,3891.05,true
7925400,37036,36931,0,36931,7951700,37362,37037,0,37037,26300,106,4030.42,true
7951700,37362,37037,0,37037,8000000,37688,37363,0,37363,48300,326,6749.48,true
8000000,37688,37363,0,37363,8048300,37788,37689,0,37689,48300,326,6749.48,true
8048300,37788,37689,0,37689,8074000,37918,37789,0,37789,25700,100,3891.05,true
8074000,37918,37789,0,37789,8102700,38048,37919,0,37919,28700,130,4529.62,false
8102700,38048,37919,0,37919,8131400,38178,38049,0,38049,28700,130,4529.62,false
8131400,38178,38049,0,38049,8160100,38308,38179,0,38179,28700,130,4529.62,false
8160100,38308,38179,0,38179,8188800,38438,38309,0,38309,28700,130,4529.62,false
8188800,38438,38309,0,38309,8217500,38568,38439,0,38439,28700,130,4529.62,false
8217500,38568,38439,0,38439,8246200,38698,38569,0,38569,28700,130,4529.62,false
8246200,38698,38569,0,38569,8274900,38828,38699,0,38699,28700,130,4529.62,false
8274900,38828,38699,0,38699,8303600,38958,38829,0,38829,28700,130,4529.62,false
8303600,38958,38829,0,38829,8332300,39088,38959,0,38959,28700,130,4529.62,false
8332300,39088,38959,0,38959,8361000,39218,39089,0,39089,28700,130,4529.62,false
8361000,39218,39089,0,39089,8389700,39348,39219,0,39219,28700,130,4529.62,false
8389700,39348,39219,0,39219,8418400,39478,39349,0,39349,28700,130,4529.62,false
8418400,39478,39349,0,39349,8447100,39608,39479,0,39479,28700,130,4529.62,false
8447100,39608,39479,0,39479,8475800,39738,39609,0,39609,28700,130,4529.62,false
8475800,39738,39609,0,39609,8504500,39868,39739,0,39739,28700,130,4529.62,false
8504500,39868,39739,0,39739,8533200,39998,39869,0,39869,28700,130,4529.62,false
8533200,39998,39869,0,39869,8561900,40128,39999,0,39999,28700,130,4529.62,false
8561900,40128,39999,0,39999,8590600,40258,40129,0,40129,28700,130,4529.62,false
8590600,40258,40129,0,40129,8619300,40388,40259,0,40259,28700,130,4529.62,false
8619300,40388,40259,0,40259,8648000,40518,40389,0,40389,28700,130,4529.62,false
8648000,40518,40389,0,40389,8676700,40648,40519,0,40519,28700,130,4529.62,false
8676700,40648,40519,0,40519,8705400,40778,40649,0,40649,28700,130,4529.62,false
8705400,40778,40649,0,40649,8734100,40908,40779,0,40779,28700,130,4529.62,false
8734100,40908,40779,0,40779,8762800,41038,40909,0,40909,28700,130,4529.62,false
8762800,41038,40909,0,40909,8791500,41168,41039,0,41039,28700,130,4529.62,false
8791500,41168,41039,0,41039,8820200,41298,41169,0,41169,28700,130,4529.62,false
8820200,41298,41169,0,41169,8848900,41428,41299,0,41299,28700,130,4529.62,false
8848900,41428,41299,0,41299,8877600,41558,41429,0,41429,28700,130,4529.62,false
8877600,41558,41429,0,41429,8906300,41688,41559,0,41559,28700,130,4529.62,false
8906300,41688,41559,0,41559,8935000,41818,41689,0,41689,28700,130,4529.62,false
8935000,41818,41689,0,41689,8963700,41948,41819,0,41819,28700,130,4529.62,false
8963700,41948,41819,0,41819,8992400,42078,41949,0,41949,28700,130,4529.62,false
8992400,42078,41949,0,41949,9021100,42208,42079,0,42079,28700,130,4529.62,false
9021100,42208,42079,0,42079,9049800,42338,42209,0,42209,28700,130,4529.62,false
9049800,42338,42209,0,42209,9078500,42468,42339,0,42339,28700,130,4529.62,false
9078500,42468,42339,0,42339,9107200,42598,42469,0,42469,28700,130,4529.62,false
9107200,42598,42469,0,42469,9135900,42728,42599,0,42599,28700,130,4529.62,false
9135900,42728,42599,0,42599,9164600,42858,42729,0,42729,28700,130,4529.62,false
9164600,42858,42729,0,42729,9193300,42988,42859,0,42859,28700,130,4529.62,false
9193300,42988,42859,0,42859,9222000,43118,42989,0,42989,28700,130,4529.62,false
9222000,43118,42989,0,42989,9250700,43248,43119,0,43119,28700,130,4529.62,false
9250700,43248,43119,0,43119,9279400,43378,43249,0,43249,28700,130,4529.62,false
9279400,43378,43249,0,43249,9308100,43508,43379,0,43379,28700,130,4529.62,false
9308100,43508,43379,0,43379,9336800,43638,43509,0,43509,28700,130,4529.62,false
9336800,43638,43509,0,43509,9365500,43768,43639,0,43639,28700,130,4529.62,false
9365500,43768,43639,0,43639,9394200,43898,43769,0,43769,28700,130,4529.62,false
9394200,43898,43769,0,43769,9422900,44028,43899,0,43899,28700,130,4529.62,false
9422900,44028,43899,0,43899,9451600,44158,44029,0,44029,28700,130,4529.62,false
9451600,44158,44029,0,44029,9480300,44288,44159,0,44159,28700,130,4529.62,false
9480300,44288,44159,0,44159,9509000,44418,44289,0,44289,28700,130,4529.62,false
9509000,44418,44289,0,44289,9537700,44548,44419,0,44419,28700,130,4529.62,false
9537700,44548,44419,0,44419,9566400,44678,44549,0,44549,28700,130,4529.62,false
9566400,44678,44549,0,44549,9595100,44808,44679,0,44679,28700,130,4529.62,false
9595100,44808,44679,0,44679,9623800,44938,44809,0,44809,28700,130,4529.62,false
9623800,44938,44809,0,44809,9652500,45068,44939,0,44939,28700,130,4529.62,false
9652500,45068,44939,0,44939,9681200,45198,45069,0,45069,28700,130,4529.62,false
9681200,45198,45069,0,45069,9709900,45328,45199,0,45199,28700,130,4529.62,false
9709900,45328,45199,0,45199,9738600,45458,45329,0,45329,28700,130,4529.62,false
9738600,45458,45329,0,45329,9767300,45588,45459,0,45459,28700,130,4529.62,false
9767300,45588,45459,0,45459,9796000,45718,45589,0,45589,28700,130,4529.62,false
9796000,45718,45589,0,45589,9824700,45848,45719,0,45719,28700,130,4529.62,false
9824700,45848,45719,0,45719,9853400,45978,45849,0,45849,28700,130,4529.62,false
9853400,45978,45849,0,45849,9882100,46108,45979,0,45979,28700,130,4529.62,false
9882100,46108,45979,0,45979,9910800,46238,46109,0,46109,28700,130,4529.62,false
9910800,46238,46109,0,46109,9939500,46368,46239,0,46239,28700,130,4529.62,false
9939500,46368,46239,0,46239,9968200,46498,46369,0,46369,28700,130,4529.62,false
9968200,46498,46369,0,46369,9996900,46628,46499,0,46499,28700,130,4529.62,false
9996900,46628,46499,0,46499,10025600,46758,46629,0,46629,28700,130,4529.62,false
10025600,46758,46629,0,46629,10054300,46888,46759,0,46759,28700,130,4529.62,false
10054300,46888,46759,0,46759,10083000,47018,46889,0,46889,28700,130,4529.62,false
10083000,47018,46889,0,46889,10111700,47148,47019,0,47019,28700,130,4529.62,false
10111700,47148,47019,0,47019,10140400,47278,47149,0,47149,28700,130,4529.62,false
10140400,47278,47149,0,47149,10169100,47408,47279,0,47279,28700,130,4529.62,false
10169100,47408,47279,0,47279,10197800,47538,47409,0,47409,28700,130,4529.62,false
10197800,47538,47409,0,47409,10226500,47668,47539,0,47539,28700,130,4529.62,false
10226500,47668,47539,0,47539,10255200,47798,47669,0,47669,28700,130,4529.62,false
10255200,47798,47669,0,47669,10283900,47928,47799,0,47799,28700,130,4529.62,false
10283900,47928,47799,0,47799,10312600,48058,47929,0,47929,28700,130,4529.62,false
10312600,48058,47929,0,47929,10341300,48188,48059,0,48059,28700,130,4529.62,false
10341300,48188,48059,0,48059,10370000,48318,48189,0,48189,28700,130,4529.62,false
10370000,48318,48189,0,48189,10398700,48448,48319,0,48319,28700,130,4529.62,false
10398700,48448,48319,0,48319,10427400,48578,48449,0,48449,28700,130,4529.62,false
10427400,48578,48449,0,48449,10456100,48708,48579,0,48579,28700,130,4529.62,false
10456100,48708,48579,0,48579,10484800,48838,48709,0,48709,28700,130,4529.62,false
10484800,48838,48709,0,48709,10513500,48968,48839,0,48839,28700,130,4529.62,false
10513500,48968,48839,0,48839,10542200,49098,48969,0,48969,28700,130,4529.62,false
10542200,49098,48969,0,48969,10570900,49228,49099,0,49099,28700,130,4529.62,false
10570900,49228,49099,0,49099,10599600,49358,49229,0,49229,28700,130,4529.62,false
10599600,49358,49229,0,49229,10628300,49488,49359,0,49359,28700,130,4529.62,false
10628300,49488,49359,0,49359,10657000,49618,49489,0,49489,28700,130,4529.62,false
10657000,49618,49489,0,49489,10685700,49748,49619,0,49619,28700,130,4529.62,false
10685700,49748,49619,0,49619,10714400,49878,49749,0,49749,28700,130,4529.62,false
10714400,49878,49749,0,49749,10743100,50008,49879,0,49879,28700,130,4529.62,false
10743100,50008,49879,0,49879,10771800,50138,50009,0,50009,28700,130,4529.62,false
10771800,50138,50009,0,50009,10800500,50268,50139,0,50139,28700,130,4529.62,false
10800500,50268,50139,0,50139,10829200,50398,50269,0,50269,28700,130,4529.62,false
10829200,50398,50269,0,50269,10857900,50528,50399,0,50399,28700,130,4529.62,false
10857900,50528,50399,0,50399,10886600,50658,50529,0,50529,28700,130,4529.62,false
10886600,50658,50529,0,50529,10915300,50788,50659,0,50659,28700,130,4529.62,false
10915300,50788,50659,0,50659,10944000,50918,50789,0,50789,28700,130,4529.62,false
10944000,50918,50789,0,50789,10972700,51048,50919,0,50919,28700,130,4529.62,false
10972700,51048,50919,0,50919,11001400,51178,51049,0,51049,28700,130,4529.62,false
11001400,51178,51049,0,51049,11030100,51308,51179,0,51179,28700,130,4529.62,false
11030100,51308,51179,0,51179,11058800,51438,51309,0,51309,28700,130,4529.62,false
11087000,51563,51434,0,51434,11115700,51693,51564,0,51564,28700,130,4529.62,false
11115700,51693,51564,0,51564,11144400,51823,51694,0,51694,28700,130,4529.62,false
11144400,51823,51694,0,51694,11173100,51953,51824,0,51824,28700,130,4529.62,false
11173100,51953,51824,0,51824,11201800,52083,51954,0,51954,28700,130,4529.62,false
11201800,52083,51954,0,51954,11230500,52213,52084,0,52084,28700,130,4529.62,false
11230500,52213,52084,0,52084,11259200,52343,52214,0,52214,28700,130,4529.62,false
11259200,52343,52214,0,52214,11287900,52473,52344,0,52344,28700,130,4529.62,false
11287900,52473,52344,0,52344,11316600,52603,52474,0,52474,28700,130,4529.62,false
11316600,52603,52474,0,52474,11345300,52733,52604,0,52604,28700,130,4529.62,false
11345300,52733,52604,0,52604,11415000,52863,52734,0,52734,69700,130,1865.14,false
11415000,52863,52734,0,52734,11484700,52993,52864,0,52864,69700,130,1865.14,false
11484700,52993,52864,0,52864,11513400,53123,52994,0,52994,28700,130,4529.62,false
11513400,53123,52994,0,52994,11541900,53253,53124,0,53124,28500,130,4561.40,false
11541900,53253,53124,0,53124,11570400,53383,53254,0,53254,28500,130,4561.40,false
11570400,53383,53254,0,53254,11598900,53851,53384,0,53384,28500,130,4561.40,true
11598900,53851,53384,0,53384,11661200,54319,53852,0,53852,62300,468,7512.04,true
11661200,54319,53852,0,53852,11723500,54476,54320,0,54320,62300,468,7512.04,true
11723500,54476,54320,0,54320,11754700,54622,54477,0,54477,31200,157,5032.05,true
11754700,54622,54477,0,54477,11784800,54768,54623,0,54623,30100,146,4850.50,false
11784800,54768,54623,0,54623,11814900,54914,54769,0,54769,30100,146,4850.50,false
11814900,54914,54769,0,54769,11845000,55060,54915,0,54915,30100,146,4850.50,false
11845000,55060,54915,0,54915,11875100,55206,55061,0,55061,30100,146,4850.50,false
11875100,55206,55061,0,55061,11905200,55352,55207,0,55207,30100,146,4850.50,false
11905200,55352,55207,0,55207,11935300,55498,55353,0,55353,30100,146,4850.50,false
11935300,55498,55353,0,55353,11965400,55644,55499,0,55499,30100,146,4850.50,false
11965400,55644,55499,0,55499,11995500,55790,55645,0,55645,30100,146,4850.50,false
11995500,55790,55645,0,55645,12025600,55936,55791,0,55791,30100,146,4850.50,false
12025600,55936,55791,0,55791,12055700,56082,55937,0,55937,30100,146,4850.50,false
12055700,56082,55937,0,55937,12085800,56228,56083,0,56083,30100,146,4850.50,false
12085800,56228,56083,0,56083,12115900,56374,56229,0,56229,30100,146,4850.50,false
12115900,56374,56229,0,56229,12146000,56520,56375,0,56375,30100,146,4850.50,false
12146000,56520,56375,0,56375,12176100,56666,56521,0,56521,30100,146,4850.50,false
12176100,56666,56521,0,56521,12206200,56812,56667,0,56667,30100,146,4850.50,false
12206200,56812,56667,0,56667,12236300,56958,56813,0,56813,30100,146,4850.50,false
12236300,56958,56813,0,56813,12266400,57104,56959,0,56959,30100,146,4850.50,false
12266400,57104,56959,0,56959,12296500,57250,57105,0,57105,30100,146,4850.50,false
12296500,57250,57105,0,57105,12326600,57396,57251,0,57251,30100,146,4850.50,false
12326600,57396,57251,0,57251,12356700,57542,57397,0,57397,30100,146,4850.50,false
12356700,57542,57397,0,57397,12386800,57688,57543,0,57543,30100,146,4850.50,false
12386800,57688,57543,0,57543,12416900,57834,57689,0,57689,30100,146,4850.50,false
12416900,57834,57689,0,57689,12447000,57980,57835,0,57835,30100,146,4850.50,false
12447000,57980,57835,0,57835,12477100,58126,57981,0,57981,30100,146,4850.50,false
12477100,58126,57981,0,57981,12507200,58272,58127,0,58127,30100,146,4850.50,false
12507200,58272,58127,0,58127,12537300,58418,58273,0,58273,30100,146,4850.50,false
12537300,58418,58273,0,58273,12567400,58564,58419,0,58419,30100,146,4850.50,false
12567400,58564,58419,0,58419,12597500,58710,58565,0,58565,30100,146,4850.50,false
12597500,58710,58565,0,58565,12627600,58856,58711,0,58711,30100,146,4850.50,false
12627600,58856,58711,0,58711,12657700,59002,58857,0,58857,30100,146,4850.50,false
12657700,59002,58857,0,58857,12687800,59148,59003,0,59003,30100,146,4850.50,false
12687800,59148,59003,0,59003,12717900,59294,59149,0,59149,30100,146,4850.50,false
12717900,59294,59149,0,59149,12748000,59440,59295,0,59295,30100,146,4850.50,false
12748000,59440,59295,0,59295,12778100,59586,59441,0,59441,30100,146,4850.50,false
12778100,59586,59441,0,59441,12808200,59732,59587,0,59587,30100,146,4850.50,false
12808200,59732,59587,0,59587,12838300,59878,59733,0,59733,30100,146,4850.50,false
12838300,59878,59733,0,59733,12868400,60024,59879,0,59879,30100,146,4850.50,false
12868400,60024,59879,0,59879,12898500,60170,60025,0,60025,30100,146,4850.50,false
12898500,60170,60025,0,60025,12928600,60316,60171,0,60171,30100,146,4850.50,false
12928600,60316,60171,0,60171,12958700,60462,60317,0,60317,30100,146,4850.50,false
12958700,60462,60317,0,60317,12988800,60608,60463,0,60463,30100,146,4850.50,false
12988800,60608,60463,0,60463,13018900,60754,60609,0,60609,30100,146,4850.50,false
13018900,60754,60609,0,60609,13049000,60900,60755,0,60755,30100,146,4850.50,false
13049000,60900,60755,0,60755,13079100,61046,60901,0,60901,30100,146,4850.50,false
13079100,61046,60901,0,60901,13109200,61192,61047,0,61047,30100,146,4850.50,false
13109200,61192,61047,0,61047,13139300,61338,61193,0,61193,30100,146,4850.50,false
13139300,61338,61193,0,61193,13169400,61484,61339,0,61339,30100,146,4850.50,false
13169400,61484,61339,0,61339,13199500,61630,61485,0,61485,30100,146,4850.50,false
13199500,61630,61485,0,61485,13229600,61776,61631,0,61631,30100,146,4850.50,false
13229600,61776,61631,0,61631,13259700,61922,61777,0,61777,30100,146,4850.50,false
13259700,61922,61777,0,61777,13289800,62068,61923,0,61923,30100,146,4850.50,false
13289800,62068,61923,0,61923,13319900,62214,62069,0,62069,30100,146,4850.50,false
13319900,62214,62069,0,62069,13350000,62360,62215,0,62215,30100,146,4850.50,false
13350000,62360,62215,0,62215,13380100,62506,62361,0,62361,30100,146,4850.50,false
13380100,62506,62361,0,62361,13410200,62652,62507,0,62507,30100,146,4850.50,false
13410200,62652,62507,0,62507,13440300,62798,62653,0,62653,30100,146,4850.50,false
13440300,62798,62653,0,62653,13470400,62944,62799,0,62799,30100,146,4850.50,false
13470400,62944,62799,0,62799,13500500,63090,62945,0,62945,30100,146,4850.50,false
13500500,63090,62945,0,62945,13530600,63236,63091,0,63091,30100,146,4850.50,false
13530600,63236,63091,0,63091,13560700,63382,63237,0,63237,30100,146,4850.50,false
13560700,63382,63237,0,63237,13590800,63528,63383,0,63383,30100,146,4850.50,false
13590800,63528,63383,0,63383,13620900,63674,63529,0,63529,30100,146,4850.50,false
13620900,63674,63529,0,63529,13651000,63820,63675,0,63675,30100,146,4850.50,false
13651000,63820,63675,0,63675,13681100,63966,63821,0,63821,30100,146,4850.50,false
13681100,63966,63821,0,63821,13711200,64112,63967,0,63967,30100,146,4850.50,false
13711200,64112,63967,0,63967,13741300,64258,64113,0,64113,30100,146,4850.50,false
13741300,64258,64113,0,64113,13771400,64404,64259,0,64259,30100,146,4850.50,false
13771400,64404,64259,0,64259,13801500,64550,64405,0,64405,30100,146,4850.50,false
13801500,64550,64405,0,64405,13831600,64696,64551,0,64551,30100,146,4850.50,false
13831600,64696,64551,0,64551,13861700,64842,64697,0,64697,30100,146,4850.50,false
13861700,64842,64697,0,64697,13891800,64988,64843,0,64843,30100,146,4850.50,false
13891800,64988,64843,0,64843,13921900,65134,64989,0,64989,30100,146,4850.50,false
13921900,65134,64989,0,64989,13952000,65280,65135,0,65135,30100,146,4850.50,false
13952000,65280,65135,0,65135,13982100,65426,65281,0,65281,30100,146,4850.50,false
13982100,65426,65281,0,65281,14012200,65572,65427,0,65427,30100,146,4850.50,false
14012200,65572,65427,0,65427,14042300,65718,65573,0,65573,30100,146,4850.50,false
14042300,65718,65573,0,65573,14072400,65864,65719,0,65719,30100,146,4850.50,false
14072400,65864,65719,0,65719,14102500,66010,65865,0,65865,30100,146,4850.50,false
14102500,66010,65865,0,65865,14132600,66156,66011,0,66011,30100,146,4850.50,false
14132600,66156,66011,0,66011,14162700,66302,66157,0,66157,30100,146,4850.50,false
14162700,66302,66157,0,66157,14192800,66448,66303,0,66303,30100,146,4850.50,false
14192800,66448,66303,0,66303,14222900,66594,66449,0,66449,30100,146,4850.50,false
14222900,66594,66449,0,66449,14253000,66740,66595,0,66595,30100,146,4850.50,false
14253000,66740,66595,0,66595,14283100,66886,66741,0,66741,30100,146,4850.50,false
14283100,66886,66741,0,66741,14313200,67032,66887,0,66887,30100,146,4850.50,false
14313200,67032,66887,0,66887,14343300,67178,67033,0,67033,30100,146,4850.50,false
14343300,67178,67033,0,67033,14373400,67324,67179,0,67179,30100,146,4850.50,false
14373400,67324,67179,0,67179,14403500,67470,67325,0,67325,30100,146,4850.50,false
14403500,67470,67325,0,67325,14433600,67616,67471,0,67471,30100,146,4850.50,false
14433600,67616,67471,0,67471,14463700,67762,67617,0,67617,30100,146,4850.50,false
14463700,67762,67617,0,67617,14493800,67908,67763,0,67763,30100,146,4850.50,false
14493800,67908,67763,0,67763,14523900,68054,67909,0,67909,30100,146,4850.50,false
14523900,68054,67909,0,67909,14554000,68200,68055,0,68055,30100,146,4850.50,false
14554000,68200,68055,0,68055,14584100,68346,68201,0,68201,30100,146,4850.50,false
14584100,68346,68201,0,68201,14614200,68492,68347,0,68347,30100,146,4850.50,false
14614200,68492,68347,0,68347,14644300,68638,68493,0,68493,30100,146,4850.50,false
14644300,68638,68493,0,68493,14674400,68784,68639,0,68639,30100,146,4850.50,false
14674400,68784,68639,0,68639,14704500,68930,68785,0,68785,30100,146,4850.50,false
14704500,68930,68785,0,68785,14734600,69076,68931,0,68931,30100,146,4850.50,false
14734600,69076,68931,0,68931,14764700,69222,69077,0,69077,30100,146,4850.50,false
14764700,69222,69077,0,69077,14794800,69368,69223,0,69223,30100,146,4850.50,false
14794800,69368,69223,0,69223,14824900,69514,69369,0,69369,30100,146,4850.50,false
14834100,69606,69461,0,69461,14864200,69752,69607,0,69607,30100,146,4850.50,false
14864200,69752,69607,0,69607,14894300,69898,69753,0,69753,30100,146,4850.50,false
14894300,69898,69753,0,69753,14924400,70044,69899,0,69899,30100,146,4850.50,false
14924400,70044,69899,0,69899,14954500,70190,70045,0,70045,30100,146,4850.50,false
14954500,70190,70045,0,70045,14984600,70336,70191,0,70191,30100,146,4850.50,false
14984600,70336,70191,0,70191,15014700,70482,70337,0,70337,30100,146,4850.50,false
15014700,70482,70337,0,70337,15086300,70628,70483,0,70483,71600,146,2039.11,false
15086300,70628,70483,0,70483,15157900,70774,70629,0,70629,71600,146,2039.11,false
15157900,70774,70629,0,70629,15190300,70920,70775,0,70775,32400,146,4506.17,false
15190300,70920,70775,0,70775,15220300,71066,70921,0,70921,30000,146,4866.67,false
15220300,71066,70921,0,70921,15250100,71212,71067,0,71067,29800,146,4899.33,false
15250100,71212,71067,0,71067,15279900,71358,71213,0,71213,29800,146,4899.33,false
15279900,71358,71213,0,71213,15309700,71504,71359,0,71359,29800,146,4899.33,false
15309700,71504,71359,0,71359,15339500,72039,71505,0,71505,29800,146,4899.33,true
15339500,72039,71505,0,71505,15408200,72574,72040,0,72040,68700,535,7787.48,true
15408200,72574,72040,0,72040,15476900,72729,72575,0,72575,68700,535,7787.48,true
15476900,72729,72575,0,72575,15507600,72878,72730,0,72730,30700,155,5048.86,true
15507600,72878,72730,0,72730,15537700,73027,72879,0,72879,30100,149,4950.17,false
15537700,73027,72879,0,72879,15567800,73176,73028,0,73028,30100,149,4950.17,false
15567800,73176,73028,0,73028,15597900,73325,73177,0,73177,30100,149,4950.17,false
15597900,73325,73177,0,73177,15628000,73474,73326,0,73326,30100,149,4950.17,false
15628000,73474,73326,0,73326,15658100,73623,73475,0,73475,30100,149,4950.17,false
15658100,73623,73475,0,73475,15688200,73772,73624,0,73624,30100,149,4950.17,false
15688200,73772,73624,0,73624,15718300,73921,73773,0,73773,30100,149,4950.17,false
15718300,73921,73773,0,73773,15748400,74070,73922,0,73922,30100,149,4950.17,false
15748400,74070,73922,0,73922,15778500,74219,74071,0,74071,30100,149,4950.17,false
15778500,74219,74071,0,74071,15808600,74368,74220,0,74220,30100,149,4950.17,false
15808600,74368,74220,0,74220,15838700,74517,74369,0,74369,30100,149,4950.17,false
15838700,74517,74369,0,74369,15868800,74666,74518,0,74518,30100,149,4950.17,false
15868800,74666,74518,0,74518,15898900,74815,74667,0,74667,30100,149,4950.17,false
15898900,74815,74667,0,74667,15929000,74964,74816,0,74816,30100,149,4950.17,false
15929000,74964,74816,0,74816,15959100,75113,74965,0,74965,30100,149,4950.17,false
15959100,75113,74965,0,74965,15989200,75262,75114,0,75114,30100,149,4950.17,false
15989200,75262,75114,0,75114,16019300,75411,75263,0,75263,30100,149,4950.17,false
16019300,75411,75263,0,75263,16049400,75560,75412,0,75412,30100,149,4950.17,false
16049400,75560,75412,0,75412,16079500,75709,75561,0,75561,30100,149,4950.17,false
16079500,75709,75561,0,75561,16109600,75858,75710,0,75710,30100,149,4950.17,false
16109600,75858,75710,0,75710,16139700,76007,75859,0,75859,30100,149,4950.17,false
16139700,76007,75859,0,75859,16169800,76156,76008,0,76008,30100,149,4950.17,false
16169800,76156,76008,0,76008,16199900,76305,76157,0,76157,30100,149,4950.17,false
16199900,76305,76157,0,76157,16230000,76454,76306,0,76306,30100,149,4950.17,false
16230000,76454,76306,0,76306,16260100,76603,76455,0,76455,30100,149,4950.17,false
16260100,76603,76455,0,76455,16290200,76752,76604,0,76604,30100,149,4950.17,false
16290200,76752,76604,0,76604,16320300,76901,76753,0,76753,30100,149,4950.17,false
16320300,76901,76753,0,76753,16350400,77050,76902,0,76902,30100,149,4950.17,false
16350400,77050,76902,0,76902,16380500,77199,77051,0,77051,30100,149,4950.17,false
16380500,77199,77051,0,77051,16410600,77348,77200,0,77200,30100,149,4950.17,false
16410600,77348,77200,0,77200,16440700,77497,77349,0,77349,30100,149,4950.17,false
16440700,77497,77349,0,77349,16470800,77646,77498,0,77498,30100,149,4950.17,false
16470800,77646,77498,0,77498,16500900,77795,77647,0,77647,30100,149,4950.17,false
16500900,77795,77647,0,77647,16531000,77944,77796,0,77796,30100,149,4950.17,false
16531000,77944,77796,0,77796,16561100,78093,77945,0,77945,30100,149,4950.17,false
16561100,78093,77945,0,77945,16591200,78242,78094,0,78094,30100,149,4950.17,false
16591200,78242,78094,0,78094,16621300,78391,78243,0,78243,30100,149,4950.17,false
16621300,78391,78243,0,78243,16651400,78540,78392,0,78392,30100,149,4950.17,false
16651400,78540,78392,0,78392,16681500,78689,78541,0,78541,30100,149,4950.17,false
16681500,78689,78541,0,78541,16711600,78838,78690,0,78690,30100,149,4950.17,false
16711600,78838,78690,0,78690,16741700,78987,78839,0,78839,30100,149,4950.17,false
16741700,78987,78839,0,78839,16771800,79136,78988,0,78988,30100,149,4950.17,false
16771800,79136,78988,0,78988,16801900,79285,79137,0,79137,30100,149,4950.17,false
16801900,79285,79137,0,79137,16832000,79434,79286,0,79286,30100,149,4950.17,false
16832000,79434,79286,0,79286,16862100,79583,79435,0,79435,30100,149,4950.17,false
16862100,79583,79435,0,79435,16892200,79732,79584,0,79584,30100,149,4950.17,false
16892200,79732,79584,0,79584,16922300,79881,79733,0,79733,30100,149,4950.17,false
16922300,79881,79733,0,79733,16952400,80030,79882,0,79882,30100,149,4950.17,false
16952400,80030,79882,0,79882,16982500,80179,80031,0,80031,30100,149,4950.17,false
16982500,80179,80031,0,80031,17012600,80328,80180,0,80180,30100,149,4950.17,false
17012600,80328,80180,0,80180,17042700,80477,80329,0,80329,30100,149,4950.17,false
17042700,80477,80329,0,80329,17072800,80626,80478,0,80478,30100,149,4950.17,false
17072800,80626,80478,0,80478,17102900,80775,80627,0,80627,30100,149,4950.17,false
17102900,80775,80627,0,80627,17133000,80924,80776,0,80776,30100,149,4950.17,false
17133000,80924,80776,0,80776,17163100,81073,80925,0,80925,30100,149,4950.17,false
17163100,81073,80925,0,80925,17193200,81222,81074,0,81074,30100,149,4950.17,false
17193200,81222,81074,0,81074,17223300,81371,81223,0,81223,30100,149,4950.17,false
17223300,81371,81223,0,81223,17253400,81520,81372,0,81372,30100,149,4950.17,false
17253400,81520,81372,0,81372,17283500,81669,81521,0,81521,30100,149,4950.17,false
17283500,81669,81521,0,81521,17313600,81818,81670,0,81670,30100,149,4950.17,false
17313600,81818,81670,0,81670,17343700,81967,81819,0,81819,30100,149,4950.17,false
17343700,81967,81819,0,81819,17373800,82116,81968,0,81968,30100,149,4950.17,false
17373800,82116,81968,0,81968,17403900,82265,82117,0,82117,30100,149,4950.17,false
17403900,82265,82117,0,82117,17434000,82414,82266,0,82266,30100,149,4950.17,false
17434000,82414,82266,0,82266,17464100,82563,82415,0,82415,30100,149,4950.17,false
17464100,82563,82415,0,82415,17494200,82712,82564,0,82564,30100,149,4950.17,false
17494200,82712,82564,0,82564,17524300,82861,82713,0,82713,30100,149,4950.17,false
17524300,82861,82713,0,82713,17554400,83010,82862,0,82862,30100,149,4950.17,false
17554400,83010,82862,0,82862,17584500,83159,83011,0,83011,30100,149,4950.17,false
17584500,83159,83011,0,83011,17614600,83308,83160,0,83160,30100,149,4950.17,false
17614600,83308,83160,0,83160,17644700,83457,83309,0,83309,30100,149,4950.17,false
17644700,83457,83309,0,83309,17674800,83606,83458,0,83458,30100,149,4950.17,false
17674800,83606,83458,0,83458,17704900,83755,83607,0,83607,30100,149,4950.17,false
17704900,83755,83607,0,83607,17735000,83904,83756,0,83756,30100,149,4950.17,false
17735000,83904,83756,0,83756,17765100,84053,83905,0,83905,30100,149,4950.17,false
17765100,84053,83905,0,83905,17795200,84202,84054,0,84054,30100,149,4950.17,false
17795200,84202,84054,0,84054,17825300,84351,84203,0,84203,30100,149,4950.17,false
17825300,84351,84203,0,84203,17855400,84500,84352,0,84352,30100,149,4950.17,false
17855400,84500,84352,0,84352,17885500,84649,84501,0,84501,30100,149,4950.17,false
17885500,84649,84501,0,84501,17915600,84798,84650,0,84650,30100,149,4950.17,false
17915600,84798,84650,0,84650,17945700,84947,84799,0,84799,30100,149,4950.17,false
17945700,84947,84799,0,84799,17975800,85096,84948,0,84948,30100,149,4950.17,false
17975800,85096,84948,0,84948,18005900,85245,85097,0,85097,30100,149,4950.17,false
18005900,85245,85097,0,85097,18036000,85394,85246,0,85246,30100,149,4950.17,false
18036000,85394,85246,0,85246,18066100,85543,85395,0,85395,30100,149,4950.17,false
18066100,85543,85395,0,85395,18096200,85692,85544,0,85544,30100,149,4950.17,false
18096200,85692,85544,0,85544,18126300,85841,85693,0,85693,30100,149,4950.17,false
18126300,85841,85693,0,85693,18156400,85990,85842,0,85842,30100,149,4950.17,false
18156400,85990,85842,0,85842,18186500,86139,85991,0,85991,30100,149,4950.17,false
18186500,86139,85991,0,85991,18216600,86288,86140,0,86140,30100,149,4950.17,false
18216600,86288,86140,0,86140,18246700,86437,86289,0,86289,30100,149,4950.17,false
18246700,86437,86289,0,86289,18276800,86586,86438,0,86438,30100,149,4950.17,false
18276800,86586,86438,0,86438,18306900,86735,86587,0,86587,30100,149,4950.17,false
18306900,86735,86587,0,86587,18337000,86884,86736,0,86736,30100,149,4950.17,false
18337000,86884,86736,0,86736,18367100,87033,86885,0,86885,30100,149,4950.17,false
18367100,87033,86885,0,86885,18397200,87182,87034,0,87034,30100,149,4950.17,false
18397200,87182,87034,0,87034,18427300,87331,87183,0,87183,30100,149,4950.17,false
18427300,87331,87183,0,87183,18457400,87480,87332,0,87332,30100,149,4950.17,false
18457400,87480,87332,0,87332,18487500,87629,87481,0,87481,30100,149,4950.17,false
18487500,87629,87481,0,87481,18517600,87778,87630,0,87630,30100,149,4950.17,false
18517600,87778,87630,0,87630,18547700,87927,87779,0,87779,30100,149,4950.17,false
18547700,87927,87779,0,87779,18577800,88076,87928,0,87928,30100,149,4950.17,false
18577800,88076,87928,0,87928,18607900,88225,88077,0,88077,30100,149,4950.17,false
18627700,88271,88123,0,88123,18657800,88420,88272,0,88272,30100,149,4950.17,false
18657800,88420,88272,0,88272,18687900,88569,88421,0,88421,30100,149,4950.17,false
18687900,88569,88421,0,88421,18758700,88718,88570,0,88570,70800,149,2104.52,false
18758700,88718,88570,0,88570,18829500,88867,88719,0,88719,70800,149,2104.52,false
18829500,88867,88719,0,88719,18863600,89016,88868,0,88868,34100,149,4369.50,false
18863600,89016,88868,0,88868,18893600,89165,89017,0,89017,30000,149,4966.67,false
18893600,89165,89017,0,89017,18923600,89314,89166,0,89166,30000,149,4966.67,false
18923600,89314,89166,0,89166,18953600,89463,89315,0,89315,30000,149,4966.67,false
18953600,89463,89315,0,89315,18983600,89612,89464,0,89464,30000,149,4966.67,false
18983600,89612,89464,0,89464,19013600,89761,89613,0,89613,30000,149,4966.67,false
19013600,89761,89613,0,89613,19043600,89910,89762,0,89762,30000,149,4966.67,false
19043600,89910,89762,0,89762,19073600,90059,89911,0,89911,30000,149,4966.67,false
19073600,90059,89911,0,89911,19103600,90208,90060,0,90060,30000,149,4966.67,false
19103600,90208,90060,0,90060,19133600,90367,90209,0,90209,30000,149,4966.67,true
19133600,90367,90209,0,90209,19164600,90914,90368,0,90368,31000,159,5129.03,true
19164600,90914,90368,0,90368,19234400,91461,90915,0,90915,69800,547,7836.68,true
19234400,91461,90915,0,90915,19304200,91610,91462,0,91462,69800,547,7836.68,true
19304200,91610,91462,0,91462,19334200,91760,91611,0,91611,30000,149,4966.67,true
19334200,91760,91611,0,91611,19364300,91910,91761,0,91761,30100,150,4983.39,false
19364300,91910,91761,0,91761,19394400,92060,91911,0,91911,30100,150,4983.39,false
19394400,92060,91911,0,91911,19424500,92210,92061,0,92061,30100,150,4983.39,false
19424500,92210,92061,0,92061,19454600,92360,92211,0,92211,30100,150,4983.39,false
19454600,92360,92211,0,92211,19484700,92510,92361,0,92361,30100,150,4983.39,false
19484700,92510,92361,0,92361,19514800,92660,92511,0,92511,30100,150,4983.39,false
19514800,92660,92511,0,92511,19544900,92810,92661,0,92661,30100,150,4983.39,false
19544900,92810,92661,0,92661,19575000,92960,92811,0,92811,30100,150,4983.39,false
19575000,92960,92811,0,92811,19605100,93110,92961,0,92961,30100,150,4983.39,false
19605100,93110,92961,0,92961,19635200,93260,93111,0,93111,30100,150,4983.39,false
19635200,93260,93111,0,93111,19665300,93410,93261,0,93261,30100,150,4983.39,false
19665300,93410,93261,0,93261,19695400,93560,93411,0,93411,30100,150,4983.39,false
19695400,93560,93411,0,93411,19725500,93710,93561,0,93561,30100,150,4983.39,false
19725500,93710,93561,0,93561,19755600,93860,93711,0,93711,30100,150,4983.39,false
19755600,93860,93711,0,93711,19785700,94010,93861,0,93861,30100,150,4983.39,false
19785700,94010,93861,0,93861,19815800,94160,94011,0,94011,30100,150,4983.39,false
19815800,94160,94011,0,94011,19845900,94310,94161,0,94161,30100,150,4983.39,false
19845900,94310,94161,0,94161,19876000,94460,94311,0,94311,30100,150,4983.39,false
19876000,94460,94311,0,94311,19906100,94610,94461,0,94461,30100,150,4983.39,false
19906100,94610,94461,0,94461,19936200,94760,94611,0,94611,30100,150,4983.39,false
19936200,94760,94611,0,94611,19966300,94910,94761,0,94761,30100,150,4983.39,false
19966300,94910,94761,0,94761,19996400,95060,94911,0,94911,30100,150,4983.39,false
19996400,95060,94911,0,94911,20026500,95210,95061,0,95061,30100,150,4983.39,false
20026500,95210,95061,0,95061,20056600,95360,95211,0,95211,30100,150,4983.39,false
20056600,95360,95211,0,95211,20086700,95510,95361,0,95361,30100,150,4983.39,false
20086700,95510,95361,0,95361,20116800,95660,95511,0,95511,30100,150,4983.39,false
20116800,95660,95511,0,95511,20146900,95810,95661,0,95661,30100,150,4983.39,false
20146900,95810,95661,0,95661,20177000,95960,95811,0,95811,30100,150,4983.39,false
20177000,95960,95811,0,95811,20207100,96110,95961,0,95961,30100,150,4983.39,false
20207100,96110,95961,0,95961,20237200,96260,96111,0,96111,30100,150,4983.39,false
20237200,96260,96111,0,96111,20267300,96410,96261,0,96261,30100,150,4983.39,false
20267300,96410,96261,0,96261,20297400,96560,96411,0,96411,30100,150,4983.39,false
20297400,96560,96411,0,96411,20327500,96710,96561,0,96561,30100,150,4983.39,false
20327500,96710,96561,0,96561,20357600,96860,96711,0,96711,30100,150,4983.39,false
20357600,96860,96711,0,96711,20387700,97010,96861,0,96861,30100,150,4983.39,false
20387700,97010,96861,0,96861,20417800,97160,97011,0,97011,30100,150,4983.39,false
20417800,97160,97011,0,97011,20447900,97310,97161,0,97161,30100,150,4983.39,false
20447900,97310,97161,0,97161,20478000,97460,97311,0,97311,30100,150,4983.39,false
20478000,97460,97311,0,97311,20508100,97610,97461,0,97461,30100,150,4983.39,false
20508100,97610,97461,0,97461,20538200,97760,97611,0,97611,30100,150,4983.39,false
20538200,97760,97611,0,97611,20568300,97910,97761,0,97761,30100,150,4983.39,false
20568300,97910,97761,0,97761,20598400,98060,97911,0,97911,30100,150,4983.39,false
20598400,98060,97911,0,97911,20628500,98210,98061,0,98061,30100,150,4983.39,false
20628500,98210,98061,0,98061,20658600,98360,98211,0,98211,30100,150,4983.39,false
20658600,98360,98211,0,98211,20688700,98510,98361,0,98361,30100,150,4983.39,false
20688700,98510,98361,0,98361,20718800,98660,98511,0,98511,30100,150,4983.39,false
20718800,98660,98511,0,98511,20748900,98810,98661,0,98661,30100,150,4983.39,false
20748900,98810,98661,0,98661,20779000,98960,98811,0,98811,30100,150,4983.39,false
20779000,98960,98811,0,98811,20809100,99110,98961,0,98961,30100,150,4983.39,false
20809100,99110,98961,0,98961,20839200,99260,99111,0,99111,30100,150,4983.39,false
20839200,99260,99111,0,99111,20869300,99410,99261,0,99261,30100,150,4983.39,false
20869300,99410,99261,0,99261,20899400,99560,99411,0,99411,30100,150,4983.39,false
20899400,99560,99411,0,99411,20929500,99710,99561,0,99561,30100,150,4983.39,false
20929500,99710,99561,0,99561,20959600,99860,99711,0,99711,30100,150,4983.39,false
20959600,99860,99711,0,99711,20989700,100010,99861,0,99861,30100,150,4983.39,false
20989700,100010,99861,0,99861,21019800,100160,100011,0,100011,30100,150,4983.39,false
21019800,100160,100011,0,100011,21049900,100310,100161,0,100161,30100,150,4983.39,false
21049900,100310,100161,0,100161,21080000,100460,100311,0,100311,30100,150,4983.39,false
21080000,100460,100311,0,100311,21110100,100610,100461,0,100461,30100,150,4983.39,false
21110100,100610,100461,0,100461,21140200,100760,100611,0,100611,30100,150,4983.39,false
21140200,100760,100611,0,100611,21170300,100910,100761,0,100761,30100,150,4983.39,false
21170300,100910,100761,0,100761,21200400,101060,100911,0,100911,30100,150,4983.39,false
21200400,101060,100911,0,100911,21230500,101210,101061,0,101061,30100,150,4983.39,false
21230500,101210,101061,0,101061,21260600,101360,101211,0,101211,30100,150,4983.39,false
21260600,101360,101211,0,101211,21290700,101510,101361,0,101361,30100,150,4983.39,false
21290700,101510,101361,0,101361,21320800,101660,101511,0,101511,30100,150,4983.39,false
21320800,101660,101511,0,101511,21350900,101810,101661,0,101661,30100,150,4983.39,false
21350900,101810,101661,0,101661,21381000,101960,101811,0,101811,30100,150,4983.39,false
21381000,101960,101811,0,101811,21411100,102110,101961,0,101961,30100,150,4983.39,false
21411100,102110,101961,0,101961,21441200,102260,102111,0,102111,30100,150,4983.39,false
21441200,102260,102111,0,102111,21471300,102410,102261,0,102261,30100,150,4983.39,false
21471300,102410,102261,0,102261,21501400,102560,102411,0,102411,30100,150,4983.39,false
21501400,102560,102411,0,102411,21531500,102710,102561,0,102561,30100,150,4983.39,false
21531500,102710,102561,0,102561,21561600,102860,102711,0,102711,30100,150,4983.39,false
21561600,102860,102711,0,102711,21591700,103010,102861,0,102861,30100,150,4983.39,false
21591700,103010,102861,0,102861,21621800,103160,103011,0,103011,30100,150,4983.39,false
21621800,103160,103011,0,103011,21651900,103310,103161,0,103161,30100,150,4983.39,false
21651900,103310,103161,0,103161,21682000,103460,103311,0,103311,30100,150,4983.39,false
21682000,103460,103311,0,103311,21712100,103610,103461,0,103461,30100,150,4983.39,false
21712100,103610,103461,0,103461,21742200,103760,103611,0,103611,30100,150,4983.39,false
21742200,103760,103611,0,103611,21772300,103910,103761,0,103761,30100,150,4983.39,false
21772300,103910,103761,0,103761,21802400,104060,103911,0,103911,30100,150,4983.39,false
21802400,104060,103911,0,103911,21832500,104210,104061,0,104061,30100,150,4983.39,false
21832500,104210,104061,0,104061,21862600,104360,104211,0,104211,30100,150,4983.39,false
21862600,104360,104211,0,104211,21892700,104510,104361,0,104361,30100,150,4983.39,false
21892700,104510,104361,0,104361,21922800,104660,104511,0,104511,30100,150,4983.39,false
21922800,104660,104511,0,104511,21952900,104810,104661,0,104661,30100,150,4983.39,false
21952900,104810,104661,0,104661,21983000,104960,104811,0,104811,30100,150,4983.39,false
21983000,104960,104811,0,104811,22013100,105110,104961,0,104961,30100,150,4983.39,false
22013100,105110,104961,0,104961,22043200,105260,105111,0,105111,30100,150,4983.39,false
22043200,105260,105111,0,105111,22073300,105410,105261,0,105261,30100,150,4983.39,false
22073300,105410,105261,0,105261,22103400,105560,105411,0,105411,30100,150,4983.39,false
22103400,105560,105411,0,105411,22133500,105710,105561,0,105561,30100,150,4983.39,false
22133500,105710,105561,0,105561,22163600,105860,105711,0,105711,30100,150,4983.39,false
22163600,105860,105711,0,105711,22193700,106010,105861,0,105861,30100,150,4983.39,false
22193700,106010,105861,0,105861,22223800,106160,106011,0,106011,30100,150,4983.39,false
22223800,106160,106011,0,106011,22253900,106310,106161,0,106161,30100,150,4983.39,false
22253900,106310,106161,0,106161,22284000,106460,106311,0,106311,30100,150,4983.39,false
22284000,106460,106311,0,106311,22314100,106610,106461,0,106461,30100,150,4983.39,false
22314100,106610,106461,0,106461,22344200,106760,106611,0,106611,30100,150,4983.39,false
22344200,106760,106611,0,106611,22374300,106910,106761,0,106761,30100,150,4983.39,false
22374300,106910,106761,0,106761,22444800,107060,106911,0,106911,70500,150,2127.66,false
22444800,107060,106911,0,106911,22515300,107210,107061,0,107061,70500,150,2127.66,false
22515300,107210,107061,0,107061,22549500,107360,107211,0,107211,34200,150,4385.96,false
22578600,107500,107351,0,107351,22608700,107650,107501,0,107501,30100,150,4983.39,false
22608700,107650,107501,0,107501,22638800,107800,107651,0,107651,30100,150,4983.39,false
22638800,107800,107651,0,107651,22668900,107950,107801,0,107801,30100,150,4983.39,false
22668900,107950,107801,0,107801,22699000,108100,107951,0,107951,30100,150,4983.39,false
22699000,108100,107951,0,107951,22729100,108250,108101,0,108101,30100,150,4983.39,false
22729100,108250,108101,0,108101,22759200,108400,108251,0,108251,30100,150,4983.39,false
22759200,108400,108251,0,108251,22789300,108550,108401,0,108401,30100,150,4983.39,false
22789300,108550,108401,0,108401,22819400,108700,108551,0,108551,30100,150,4983.39,false
22819400,108700,108551,0,108551,22849500,108850,108701,0,108701,30100,150,4983.39,false
22849500,108850,108701,0,108701,22879600,109000,108851,0,108851,30100,150,4983.39,false
22879600,109000,108851,0,108851,22909700,109150,109001,0,109001,30100,150,4983.39,false
22909700,109150,109001,0,109001,22939800,109300,109151,0,109151,30100,150,4983.39,false
22939800,109300,109151,0,109151,22969900,109851,109301,0,109301,30100,150,4983.39,true
22969900,109851,109301,0,109301,23040100,110402,109852,0,109852,70200,551,7849.00,true
23040100,110402,109852,0,109852,23110300,110593,110403,0,110403,70200,551,7849.00,true
23110300,110593,110403,0,110403,23144500,110743,110594,0,110594,34200,191,5584.80,true
23144500,110743,110594,0,110594,23174600,110893,110744,0,110744,30100,150,4983.39,false
23174600,110893,110744,0,110744,23204700,111043,110894,0,110894,30100,150,4983.39,false
23204700,111043,110894,0,110894,23234800,111193,111044,0,111044,30100,150,4983.39,false
23234800,111193,111044,0,111044,23264900,111343,111194,0,111194,30100,150,4983.39,false
23264900,111343,111194,0,111194,23295000,111493,111344,0,111344,30100,150,4983.39,false
23295000,111493,111344,0,111344,23325100,111643,111494,0,111494,30100,150,4983.39,false
23325100,111643,111494,0,111494,23355200,111793,111644,0,111644,30100,150,4983.39,false
23355200,111793,111644,0,111644,23385300,111943,111794,0,111794,30100,150,4983.39,false
23385300,111943,111794,0,111794,23415400,112093,111944,0,111944,30100,150,4983.39,false
23415400,112093,111944,0,111944,23445500,112243,112094,0,112094,30100,150,4983.39,false
23445500,112243,112094,0,112094,23475600,112393,112244,0,112244,30100,150,4983.39,false
23475600,112393,112244,0,112244,23505700,112543,112394,0,112394,30100,150,4983.39,false
23505700,112543,112394,0,112394,23535800,112693,112544,0,112544,30100,150,4983.39,false
23535800,112693,112544,0,112544,23565900,112843,112694,0,112694,30100,150,4983.39,false
23565900,112843,112694,0,112694,23596000,112993,112844,0,112844,30100,150,4983.39,false
23596000,112993,112844,0,112844,23626100,113143,112994,0,112994,30100,150,4983.39,false
23626100,113143,112994,0,112994,23656200,113293,113144,0,113144,30100,150,4983.39,false
23656200,113293,113144,0,113144,23686300,113443,113294,0,113294,30100,150,4983.39,false
23686300,113443,113294,0,113294,23716400,113593,113444,0,113444,30100,150,4983.39,false
23716400,113593,113444,0,113444,23746500,113743,113594,0,113594,30100,150,4983.39,false
23746500,113743,113594,0,113594,23776600,113893,113744,0,113744,30100,150,4983.39,false
23776600,113893,113744,0,113744,23806700,114043,113894,0,113894,30100,150,4983.39,false
23806700,114043,113894,0,113894,23836800,114193,114044,0,114044,30100,150,4983.39,false
23836800,114193,114044,0,114044,23866900,114343,114194,0,114194,30100,150,4983.39,false
23866900,114343,114194,0,114194,23897000,114493,114344,0,114344,30100,150,4983.39,false
23897000,114493,114344,0,114344,23927100,114643,114494,0,114494,30100,150,4983.39,false
23927100,114643,114494,0,114494,23957200,114793,114644,0,114644,30100,150,4983.39,false
23957200,114793,114644,0,114644,23987300,114943,114794,0,114794,30100,150,4983.39,false
23987300,114943,114794,0,114794,24017400,115093,114944,0,114944,30100,150,4983.39,false
24017400,115093,114944,0,114944,24047500,115243,115094,0,115094,30100,150,4983.39,false
24047500,115243,115094,0,115094,24077600,115393,115244,0,115244,30100,150,4983.39,false
24077600,115393,115244,0,115244,24107700,115543,115394,0,115394,30100,150,4983.39,false
24107700,115543,115394,0,115394,24137800,115693,115544,0,115544,30100,150,4983.39,false
24137800,115693,115544,0,115544,24167900,115843,115694,0,115694,30100,150,4983.39,false
24167900,115843,115694,0,115694,24198000,115993,115844,0,115844,30100,150,4983.39,false
24198000,115993,115844,0,115844,24228100,116143,115994,0,115994,30100,150,4983.39,false
24228100,116143,115994,0,115994,24258200,116293,116144,0,116144,30100,150,4983.39,false
24258200,116293,116144,0,116144,24288300,116443,116294,0,116294,30100,150,4983.39,false
24288300,116443,116294,0,116294,24318400,116593,116444,0,116444,30100,150,4983.39,false
24318400,116593,116444,0,116444,24348500,116743,116594,0,116594,30100,150,4983.39,false
24348500,116743,116594,0,116594,24378600,116893,116744,0,116744,30100,150,4983.39,false
24378600,116893,116744,0,116744,24408700,117043,116894,0,116894,30100,150,4983.39,false
24408700,117043,116894,0,116894,24438800,117193,117044,0,117044,30100,150,4983.39,false
24438800,117193,117044,0,117044,24468900,117343,117194,0,117194,30100,150,4983.39,false
24468900,117343,117194,0,117194,24499000,117493,117344,0,117344,30100,150,4983.39,false
24499000,117493,117344,0,117344,24529100,117643,117494,0,117494,30100,150,4983.39,false
24529100,117643,117494,0,117494,24559200,117793,117644,0,117644,30100,150,4983.39,false
24559200,117793,117644,0,117644,24589300,117943,117794,0,117794,30100,150,4983.39,false
24589300,117943,117794,0,117794,24619400,118093,117944,0,117944,30100,150,4983.39,false
24619400,118093,117944,0,117944,24649500,118243,118094,0,118094,30100,150,4983.39,false
24649500,118243,118094,0,118094,24679600,118393,118244,0,118244,30100,150,4983.39,false
24679600,118393,118244,0,118244,24709700,118543,118394,0,118394,30100,150,4983.39,false
24709700,118543,118394,0,118394,24739800,118693,118544,0,118544,30100,150,4983.39,false
24739800,118693,118544,0,118544,24769900,118843,118694,0,118694,30100,150,4983.39,false
24769900,118843,118694,0,118694,24800000,118993,118844,0,118844,30100,150,4983.39,false
24800000,118993,118844,0,118844,24830100,119143,118994,0,118994,30100,150,4983.39,false
24830100,119143,118994,0,118994,24860200,119293,119144,0,119144,30100,150,4983.39,false
24860200,119293,119144,0,119144,24890300,119443,119294,0,119294,30100,150,4983.39,false
24890300,119443,119294,0,119294,24920400,119593,119444,0,119444,30100,150,4983.39,false
24920400,119593,119444,0,119444,24950500,119743,119594,0,119594,30100,150,4983.39,false
24950500,119743,119594,0,119594,24980600,119893,119744,0,119744,30100,150,4983.39,false
24980600,119893,119744,0,119744,25010700,120043,119894,0,119894,30100,150,4983.39,false
25010700,120043,119894,0,119894,25040800,120193,120044,0,120044,30100,150,4983.39,false
25040800,120193,120044,0,120044,25070900,120343,120194,0,120194,30100,150,4983.39,false
25070900,120343,120194,0,120194,25101000,120493,120344,0,120344,30100,150,4983.39,false
25101000,120493,120344,0,120344,25131100,120643,120494,0,120494,30100,150,4983.39,false
25131100,120643,120494,0,120494,25161200,120793,120644,0,120644,30100,150,4983.39,false
25161200,120793,120644,0,120644,25191300,120943,120794,0,120794,30100,150,4983.39,false
25191300,120943,120794,0,120794,25221400,121093,120944,0,120944,30100,150,4983.39,false
25221400,121093,120944,0,120944,25251500,121243,121094,0,121094,30100,150,4983.39,false
25251500,121243,121094,0,121094,25281600,121393,121244,0,121244,30100,150,4983.39,false
25281600,121393,121244,0,121244,25311700,121543,121394,0,121394,30100,150,4983.39,false
25311700,121543,121394,0,121394,25341800,121693,121544,0,121544,30100,150,4983.39,false
25341800,121693,121544,0,121544,25371900,121843,121694,0,121694,30100,150,4983.39,false
25371900,121843,121694,0,121694,25402000,121993,121844,0,121844,30100,150,4983.39,false
25402000,121993,121844,0,121844,25432100,122143,121994,0,121994,30100,150,4983.39,false
25432100,122143,121994,0,121994,25462200,122293,122144,0,122144,30100,150,4983.39,false
25462200,122293,122144,0,122144,25492300,122443,122294,0,122294,30100,150,4983.39,false
25492300,122443,122294,0,122294,25522400,122593,122444,0,122444,30100,150,4983.39,false
25522400,122593,122444,0,122444,25552500,122743,122594,0,122594,30100,150,4983.39,false
25552500,122743,122594,0,122594,25582600,122893,122744,0,122744,30100,150,4983.39,false
25582600,122893,122744,0,122744,25612700,123043,122894,0,122894,30100,150,4983.39,false
25612700,123043,122894,0,122894,25642800,123193,123044,0,123044,30100,150,4983.39,false
25642800,123193,123044,0,123044,25672900,123343,123194,0,123194,30100,150,4983.39,false
25672900,123343,123194,0,123194,25703000,123493,123344,0,123344,30100,150,4983.39,false
25703000,123493,123344,0,123344,25733100,123643,123494,0,123494,30100,150,4983.39,false
25733100,123643,123494,0,123494,25763200,123793,123644,0,123644,30100,150,4983.39,false
25763200,123793,123644,0,123644,25793300,123943,123794,0,123794,30100,150,4983.39,false
25793300,123943,123794,0,123794,25823400,124093,123944,0,123944,30100,150,4983.39,false
25823400,124093,123944,0,123944,25853500,124243,124094,0,124094,30100,150,4983.39,false
25853500,124243,124094,0,124094,25883600,124393,124244,0,124244,30100,150,4983.39,false
25883600,124393,124244,0,124244,25913700,124543,124394,0,124394,30100,150,4983.39,false
25913700,124543,124394,0,124394,25943800,124693,124544,0,124544,30100,150,4983.39,false
25943800,124693,124544,0,124544,25973900,124843,124694,0,124694,30100,150,4983.39,false
25973900,124843,124694,0,124694,26004000,124993,124844,0,124844,30100,150,4983.39,false
26004000,124993,124844,0,124844,26034100,125143,124994,0,124994,30100,150,4983.39,false
26034100,125143,124994,0,124994,26064200,125293,125144,0,125144,30100,150,4983.39,false
26064200,125293,125144,0,125144,26094300,125443,125294,0,125294,30100,150,4983.39,false
26094300,125443,125294,0,125294,26124400,125593,125444,0,125444,30100,150,4983.39,false
26124400,125593,125444,0,125444,26154500,125743,125594,0,125594,30100,150,4983.39,false
26154500,125743,125594,0,125594,26184600,125893,125744,0,125744,30100,150,4983.39,false
26184600,125893,125744,0,125744,26255100,126043,125894,0,125894,70500,150,2127.66,false
26255100,126043,125894,0,125894,26325600,126193,126044,0,126044,70500,150,2127.66,false
26325600,126193,126044,0,126044,26355700,126343,126194,0,126194,30100,150,4983.39,false
26355700,126343,126194,0,126194,26385800,126493,126344,0,126344,30100,150,4983.39,false
26385900,126494,126345,0,126345,26416000,126644,126495,0,126495,30100,150,4983.39,false
26416000,126644,126495,0,126495,26446100,126794,126645,0,126645,30100,150,4983.39,false
26446100,126794,126645,0,126645,26476200,126944,126795,0,126795,30100,150,4983.39,false
26476200,126944,126795,0,126795,26506300,127094,126945,0,126945,30100,150,4983.39,false
26506300,127094,126945,0,126945,26536400,127244,127095,0,127095,30100,150,4983.39,false
26536400,127244,127095,0,127095,26566500,127394,127245,0,127245,30100,150,4983.39,false
26566500,127394,127245,0,127245,26596600,127544,127395,0,127395,30100,150,4983.39,false
26596600,127544,127395,0,127395,26626700,127694,127545,0,127545,30100,150,4983.39,false
26626700,127694,127545,0,127545,26656800,127844,127695,0,127695,30100,150,4983.39,false
26656800,127844,127695,0,127695,26686900,127994,127845,0,127845,30100,150,4983.39,false
26686900,127994,127845,0,127845,26717000,128144,127995,0,127995,30100,150,4983.39,false
26717000,128144,127995,0,127995,26747100,128294,128145,0,128145,30100,150,4983.39,false
26747100,128294,128145,0,128145,26777200,128845,128295,0,128295,30100,150,4983.39,true
26777200,128845,128295,0,128295,26847400,129396,128846,0,128846,70200,551,7849.00,true
26847400,129396,128846,0,128846,26917600,129587,129397,0,129397,70200,551,7849.00,true
26917600,129587,129397,0,129397,26951800,129737,129588,0,129588,34200,191,5584.80,true
26951800,129737,129588,0,129588,26981900,129887,129738,0,129738,30100,150,4983.39,false
26981900,129887,129738,0,129738,27012000,130037,129888,0,129888,30100,150,4983.39,false
27012000,130037,129888,0,129888,27042100,130187,130038,0,130038,30100,150,4983.39,false
27042100,130187,130038,0,130038,27072200,130337,130188,0,130188,30100,150,4983.39,false
27072200,130337,130188,0,130188,27102300,130487,130338,0,130338,30100,150,4983.39,false
27102300,130487,130338,0,130338,27132400,130637,130488,0,130488,30100,150,4983.39,false
27132400,130637,130488,0,130488,27162500,130787,130638,0,130638,30100,150,4983.39,false
27162500,130787,130638,0,130638,27192600,130937,130788,0,130788,30100,150,4983.39,false
27192600,130937,130788,0,130788,27222700,131087,130938,0,130938,30100,150,4983.39,false
27222700,131087,130938,0,130938,27252800,131237,131088,0,131088,30100,150,4983.39,false
27252800,131237,131088,0,131088,27282900,131387,131238,0,131238,30100,150,4983.39,false
27282900,131387,131238,0,131238,27313000,131537,131388,0,131388,30100,150,4983.39,false
27313000,131537,131388,0,131388,27343100,131687,131538,0,131538,30100,150,4983.39,false
27343100,131687,131538,0,131538,27373200,131837,131688,0,131688,30100,150,4983.39,false
27373200,131837,131688,0,131688,27403300,131987,131838,0,131838,30100,150,4983.39,false
27403300,131987,131838,0,131838,27433400,132137,131988,0,131988,30100,150,4983.39,false
27433400,132137,131988,0,131988,27463500,132287,132138,0,132138,30100,150,4983.39,false
27463500,132287,132138,0,132138,27493600,132437,132288,0,132288,30100,150,4983.39,false
27493600,132437,132288,0,132288,27523700,132587,132438,0,132438,30100,150,4983.39,false
27523700,132587,132438,0,132438,27553800,132737,132588,0,132588,30100,150,4983.39,false
27553800,132737,132588,0,132588,27583900,132887,132738,0,132738,30100,150,4983.39,false
27583900,132887,132738,0,132738,27614000,133037,132888,0,132888,30100,150,4983.39,false
27614000,133037,132888,0,132888,27644100,133187,133038,0,133038,30100,150,4983.39,false
27644100,133187,133038,0,133038,27674200,133337,133188,0,133188,30100,150,4983.39,false
27674200,133337,133188,0,133188,27704300,133487,133338,0,133338,30100,150,4983.39,false
27704300,133487,133338,0,133338,27734400,133637,133488,0,133488,30100,150,4983.39,false
27734400,133637,133488,0,133488,27764500,133787,133638,0,133638,30100,150,4983.39,false
27764500,133787,133638,0,133638,27794600,133937,133788,0,133788,30100,150,4983.39,false
27794600,133937,133788,0,133788,27824700,134087,133938,0,133938,30100,150,4983.39,false
27824700,134087,133938,0,133938,27854800,134237,134088,0,134088,30100,150,4983.39,false
27854800,134237,134088,0,134088,27884900,134387,134238,0,134238,30100,150,4983.39,false
27884900,134387,134238,0,134238,27915000,134537,134388,0,134388,30100,150,4983.39,false
27915000,134537,134388,0,134388,27945100,134687,134538,0,134538,30100,150,4983.39,false
27945100,134687,134538,0,134538,27975200,134837,134688,0,134688,30100,150,4983.39,false
27975200,134837,134688,0,134688,28005300,134987,134838,0,134838,30100,150,4983.39,false
28005300,134987,134838,0,134838,28035400,135137,134988,0,134988,30100,150,4983.39,false
28035400,135137,134988,0,134988,28065500,135287,135138,0,135138,30100,150,4983.39,false
28065500,135287,135138,0,135138,28095600,135437,135288,0,135288,30100,150,4983.39,false
28095600,135437,135288,0,135288,28125700,135587,135438,0,135438,30100,150,4983.39,false
28125700,135587,135438,0,135438,28155800,135737,135588,0,135588,30100,150,4983.39,false
28155800,135737,135588,0,135588,28185900,135887,135738,0,135738,30100,150,4983.39,false
28185900,135887,135738,0,135738,28216000,136037,135888,0,135888,30100,150,4983.39,false
28216000,136037,135888,0,135888,28246100,136187,136038,0,136038,30100,150,4983.39,false
28246100,136187,136038,0,136038,28276200,136337,136188,0,136188,30100,150,4983.39,false
28276200,136337,136188,0,136188,28306300,136487,136338,0,136338,30100,150,4983.39,false
28306300,136487,136338,0,136338,28336400,136637,136488,0,136488,30100,150,4983.39,false
28336400,136637,136488,0,136488,28366500,136787,136638,0,136638,30100,150,4983.39,false
28366500,136787,136638,0,136638,28396600,136937,136788,0,136788,30100,150,4983.39,false
28396600,136937,136788,0,136788,28426700,137087,136938,0,136938,30100,150,4983.39,false
28426700,137087,136938,0,136938,28456800,137237,137088,0,137088,30100,150,4983.39,false
28456800,137237,137088,0,137088,28486900,137387,137238,0,137238,30100,150,4983.39,false
28486900,137387,137238,0,137238,28517000,137537,137388,0,137388,30100,150,4983.39,false
28517000,137537,137388,0,137388,28547100,137687,137538,0,137538,30100,150,4983.39,false
28547100,137687,137538,0,137538,28577200,137837,137688,0,137688,30100,150,4983.39,false
28577200,137837,137688,0,137688,28607300,137987,137838,0,137838,30100,150,4983.39,false
28607300,137987,137838,0,137838,28637400,138137,137988,0,137988,30100,150,4983.39,false
28637400,138137,137988,0,137988,28667500,138287,138138,0,138138,30100,150,4983.39,false
28667500,138287,138138,0,138138,28697600,138437,138288,0,138288,30100,150,4983.39,false
28697600,138437,138288,0,138288,28727700,138587,138438,0,138438,30100,150,4983.39,false
28727700,138587,138438,0,138438,28757800,138737,138588,0,138588,30100,150,4983.39,false
28757800,138737,138588,0,138588,28787900,138887,138738,0,138738,30100,150,4983.39,false
28787900,138887,138738,0,138738,28818000,139037,138888,0,138888,30100,150,4983.39,false
28818000,139037,138888,0,138888,28848100,139187,139038,0,139038,30100,150,4983.39,false
28848100,139187,139038,0,139038,28878200,139337,139188,0,139188,30100,150,4983.39,false
28878200,139337,139188,0,139188,28908300,139487,139338,0,139338,30100,150,4983.39,false
28908300,139487,139338,0,139338,28938400,139637,139488,0,139488,30100,150,4983.39,false
28938400,139637,139488,0,139488,28968500,139787,139638,0,139638,30100,150,4983.39,false
28968500,139787,139638,0,139638,28998600,139937,139788,0,139788,30100,150,4983.39,false
28998600,139937,139788,0,139788,29028700,140087,139938,0,139938,30100,150,4983.39,false
29028700,140087,139938,0,139938,29058800,140237,140088,0,140088,30100,150,4983.39,false
29058800,140237,140088,0,140088,29088900,140387,140238,0,140238,30100,150,4983.39,false
29088900,140387,140238,0,140238,29119000,140537,140388,0,140388,30100,150,4983.39,false
29119000,140537,140388,0,140388,29149100,140687,140538,0,140538,30100,150,4983.39,false
29149100,140687,140538,0,140538,29179200,140837,140688,0,140688,30100,150,4983.39,false
29179200,140837,140688,0,140688,29209300,140987,140838,0,140838,30100,150,4983.39,false
29209300,140987,140838,0,140838,29239400,141137,140988,0,140988,30100,150,4983.39,false
29239400,141137,140988,0,140988,29269500,141287,141138,0,141138,30100,150,4983.39,false
29269500,141287,141138,0,141138,29299600,141437,141288,0,141288,30100,150,4983.39,false
29299600,141437,141288,0,141288,29329700,141587,141438,0,141438,30100,150,4983.39,false
29329700,141587,141438,0,141438,29359800,141737,141588,0,141588,30100,150,4983.39,false
29359800,141737,141588,0,141588,29389900,141887,141738,0,141738,30100,150,4983.39,false
29389900,141887,141738,0,141738,29420000,142037,141888,0,141888,30100,150,4983.39,false
29420000,142037,141888,0,141888,29450100,142187,142038,0,142038,30100,150,4983.39,false
29450100,142187,142038,0,142038,29480200,142337,142188,0,142188,30100,150,4983.39,false
29480200,142337,142188,0,142188,29510300,142487,142338,0,142338,30100,150,4983.39,false
29510300,142487,142338,0,142338,29540400,142637,142488,0,142488,30100,150,4983.39,false
29540400,142637,142488,0,142488,29570500,142787,142638,0,142638,30100,150,4983.39,false
29570500,142787,142638,0,142638,29600600,142937,142788,0,142788,30100,150,4983.39,false
29600600,142937,142788,0,142788,29630700,143087,142938,0,142938,30100,150,4983.39,false
29630700,143087,142938,0,142938,29660800,143237,143088,0,143088,30100,150,4983.39,false
29660800,143237,143088,0,143088,29690900,143387,143238,0,143238,30100,150,4983.39,false
29690900,143387,143238,0,143238,29721000,143537,143388,0,143388,30100,150,4983.39,false
29721000,143537,143388,0,143388,29751100,143687,143538,0,143538,30100,150,4983.39,false
29751100,143687,143538,0,143538,29781200,143837,143688,0,143688,30100,150,4983.39,false
29781200,143837,143688,0,143688,29811300,143987,143838,0,143838,30100,150,4983.39,false
29811300,143987,143838,0,143838,29841400,144137,143988,0,143988,30100,150,4983.39,false
29841400,144137,143988,0,143988,29871500,144287,144138,0,144138,30100,150,4983.39,false
29871500,144287,144138,0,144138,29901600,144437,144288,0,144288,30100,150,4983.39,false
29901600,144437,144288,0,144288,29931700,144587,144438,0,144438,30100,150,4983.39,false
29931700,144587,144438,0,144438,29961800,144737,144588,0,144588,30100,150,4983.39,false
29961800,144737,144588,0,144588,30032300,144887,144738,0,144738,70500,150,2127.66,false
30032300,144887,144738,0,144738,30102800,145037,144888,0,144888,70500,150,2127.66,false
30102800,145037,144888,0,144888,30137000,145187,145038,0,145038,34200,150,4385.96,false
30137000,145187,145038,0,145038,30167100,145337,145188,0,145188,30100,150,4983.39,false
30167100,145337,145188,0,145188,30197200,145487,145338,0,145338,30100,150,4983.39,false
30197300,145488,145339,0,145339,30227400,145638,145489,0,145489,30100,150,4983.39,false
30227400,145638,145489,0,145489,30257500,145788,145639,0,145639,30100,150,4983.39,false
30257500,145788,145639,0,145639,30287600,145938,145789,0,145789,30100,150,4983.39,false
30287600,145938,145789,0,145789,30317700,146088,145939,0,145939,30100,150,4983.39,false
30317700,146088,145939,0,145939,30347800,146238,146089,0,146089,30100,150,4983.39,false
30347800,146238,146089,0,146089,30377900,146388,146239,0,146239,30100,150,4983.39,false
30377900,146388,146239,0,146239,30408000,146538,146389,0,146389,30100,150,4983.39,false
30408000,146538,146389,0,146389,30438100,146688,146539,0,146539,30100,150,4983.39,false
30438100,146688,146539,0,146539,30468200,146838,146689,0,146689,30100,150,4983.39,false
30468200,146838,146689,0,146689,30498300,146988,146839,0,146839,30100,150,4983.39,false
30498300,146988,146839,0,146839,30528400,147138,146989,0,146989,30100,150,4983.39,false
30528400,147138,146989,0,146989,30558500,147288,147139,0,147139,30100,150,4983.39,false
30558500,147288,147139,0,147139,30588600,147839,147289,0,147289,30100,150,4983.39,true
30588600,147839,147289,0,147289,30658800,148390,147840,0,147840,70200,551,7849.00,true
30658800,148390,147840,0,147840,30729000,148581,148391,0,148391,70200,551,7849.00,true
30729000,148581,148391,0,148391,30763200,148731,148582,0,148582,34200,191,5584.80,true
30763200,148731,148582,0,148582,30793300,148881,148732,0,148732,30100,150,4983.39,false
30793300,148881,148732,0,148732,30823400,149031,148882,0,148882,30100,150,4983.39,false
30823400,149031,148882,0,148882,30853500,149181,149032,0,149032,30100,150,4983.39,false
30853500,149181,149032,0,149032,30883600,149331,149182,0,149182,30100,150,4983.39,false
30883600,149331,149182,0,149182,30913700,149481,149332,0,149332,30100,150,4983.39,false
30913700,149481,149332,0,149332,30943800,149631,149482,0,149482,30100,150,4983.39,false
30943800,149631,149482,0,149482,30973900,149781,149632,0,149632,30100,150,4983.39,false
30973900,149781,149632,0,149632,31004000,149931,149782,0,149782,30100,150,4983.39,false
31004000,149931,149782,0,149782,31034100,150081,149932,0,149932,30100,150,4983.39,false
31034100,150081,149932,0,149932,31064200,150231,150082,0,150082,30100,150,4983.39,false
31064200,150231,150082,0,150082,31094300,150381,150232,0,150232,30100,150,4983.39,false
31094300,150381,150232,0,150232,31124400,150531,150382,0,150382,30100,150,4983.39,false
31124400,150531,150382,0,150382,31154500,150681,150532,0,150532,30100,150,4983.39,false
31154500,150681,150532,0,150532,31184600,150831,150682,0,150682,30100,150,4983.39,false
31184600,150831,150682,0,150682,31214700,150981,150832,0,150832,30100,150,4983.39,false
31214700,150981,150832,0,150832,31244800,151131,150982,0,150982,30100,150,4983.39,false
31244800,151131,150982,0,150982,31274900,151281,151132,0,151132,30100,150,4983.39,false
31274900,151281,151132,0,151132,31305000,151431,151282,0,151282,30100,150,4983.39,false
31305000,151431,151282,0,151282,31335100,151581,151432,0,151432,30100,150,4983.39,false
31335100,151581,151432,0,151432,31365200,151731,151582,0,151582,30100,150,4983.39,false
31365200,151731,151582,0,151582,31395300,151881,151732,0,151732,30100,150,4983.39,false
31395300,151881,151732,0,151732,31425400,152031,151882,0,151882,30100,150,4983.39,false
31425400,152031,151882,0,151882,31455500,152181,152032,0,152032,30100,150,4983.39,false
31455500,152181,152032,0,152032,31485600,152331,152182,0,152182,30100,150,4983.39,false
31485600,152331,152182,0,152182,31515700,152481,152332,0,152332,30100,150,4983.39,false
31515700,152481,152332,0,152332,31545800,152631,152482,0,152482,30100,150,4983.39,false
31545800,152631,152482,0,152482,31575900,152781,152632,0,152632,30100,150,4983.39,false
31575900,152781,152632,0,152632,31606000,152931,152782,0,152782,30100,150,4983.39,false
31606000,152931,152782,0,152782,31636100,153081,152932,0,152932,30100,150,4983.39,false
31636100,153081,152932,0,152932,31666200,153231,153082,0,153082,30100,150,4983.39,false
31666200,153231,153082,0,153082,31696300,153381,153232,0,153232,30100,150,4983.39,false
31696300,153381,153232,0,153232,31726400,153531,153382,0,153382,30100,150,4983.39,false
31726400,153531,153382,0,153382,31756500,153681,153532,0,153532,30100,150,4983.39,false
31756500,153681,153532,0,153532,31786600,153831,153682,0,153682,30100,150,4983.39,false
31786600,153831,153682,0,153682,31816700,153981,153832,0,153832,30100,150,4983.39,false
31816700,153981,153832,0,153832,31846800,154131,153982,0,153982,30100,150,4983.39,false
31846800,154131,153982,0,153982,31876900,154281,154132,0,154132,30100,150,4983.39,false
31876900,154281,154132,0,154132,31907000,154431,154282,0,154282,30100,150,4983.39,false
31907000,154431,154282,0,154282,31937100,154581,154432,0,154432,30100,150,4983.39,false
31937100,154581,154432,0,154432,31967200,154731,154582,0,154582,30100,150,4983.39,false
31967200,154731,154582,0,154582,31997300,154881,154732,0,154732,30100,150,4983.39,false
31997300,154881,154732,0,154732,32027400,155031,154882,0,154882,30100,150,4983.39,false
32027400,155031,154882,0,154882,32057500,155181,155032,0,155032,30100,150,4983.39,false
32057500,155181,155032,0,155032,32087600,155331,155182,0,155182,30100,150,4983.39,false
32087600,155331,155182,0,155182,32117700,155481,155332,0,155332,30100,150,4983.39,false
32117700,155481,155332,0,155332,32147800,155631,155482,0,155482,30100,150,4983.39,false
32147800,155631,155482,0,155482,32177900,155781,155632,0,155632,30100,150,4983.39,false
32177900,155781,155632,0,155632,32208000,155931,155782,0,155782,30100,150,4983.39,false
32208000,155931,155782,0,155782,32238100,156081,155932,0,155932,30100,150,4983.39,false
32238100,156081,155932,0,155932,32268200,156231,156082,0,156082,30100,150,4983.39,false
32268200,156231,156082,0,156082,32298300,156381,156232,0,156232,30100,150,4983.39,false
32298300,156381,156232,0,156232,32328400,156531,156382,0,156382,30100,150,4983.39,false
32328400,156531,156382,0,156382,32358500,156681,156532,0,156532,30100,150,4983.39,false
32358500,156681,156532,0,156532,32388600,156831,156682,0,156682,30100,150,4983.39,false
32388600,156831,156682,0,156682,32418700,156981,156832,0,156832,30100,150,4983.39,false
32418700,156981,156832,0,156832,32448800,157131,156982,0,156982,30100,150,4983.39,false
32448800,157131,156982,0,156982,32478900,157281,157132,0,157132,30100,150,4983.39,false
32478900,157281,157132,0,157132,32509000,157431,157282,0,157282,30100,150,4983.39,false
32509000,157431,157282,0,157282,32539100,157581,157432,0,157432,30100,150,4983.39,false
32539100,157581,157432,0,157432,32569200,157731,157582,0,157582,30100,150,4983.39,false
32569200,157731,157582,0,157582,32599300,157881,157732,0,157732,30100,150,4983.39,false
32599300,157881,157732,0,157732,32629400,158031,157882,0,157882,30100,150,4983.39,false
32629400,158031,157882,0,157882,32659500,158181,158032,0,158032,30100,150,4983.39,false
32659500,158181,158032,0,158032,32689600,158331,158182,0,158182,30100,150,4983.39,false
32689600,158331,158182,0,158182,32719700,158481,158332,0,158332,30100,150,4983.39,false
32719700,158481,158332,0,158332,32749800,158631,158482,0,158482,30100,150,4983.39,false
32749800,158631,158482,0,158482,32779900,158781,158632,0,158632,30100,150,4983.39,false
32779900,158781,158632,0,158632,32810000,158931,158782,0,158782,30100,150,4983.39,false
32810000,158931,158782,0,158782,32840100,159081,158932,0,158932,30100,150,4983.39,false
32840100,159081,158932,0,158932,32870200,159231,159082,0,159082,30100,150,4983.39,false
32870200,159231,159082,0,159082,32900300,159381,159232,0,159232,30100,150,4983.39,false
32900300,159381,159232,0,159232,32930400,159531,159382,0,159382,30100,150,4983.39,false
32930400,159531,159382,0,159382,32960500,159681,159532,0,159532,30100,150,4983.39,false
32960500,159681,159532,0,159532,32990600,159831,159682,0,159682,30100,150,4983.39,false
32990600,159831,159682,0,159682,33020700,159981,159832,0,159832,30100,150,4983.39,false
33020700,159981,159832,0,159832,33050800,160131,159982,0,159982,30100,150,4983.39,false
33050800,160131,159982,0,159982,33080900,160281,160132,0,160132,30100,150,4983.39,false
33080900,160281,160132,0,160132,33111000,160431,160282,0,160282,30100,150,4983.39,false
33111000,160431,160282,0,160282,33141100,160581,160432,0,160432,30100,150,4983.39,false
33141100,160581,160432,0,160432,33171200,160731,160582,0,160582,30100,150,4983.39,false
33171200,160731,160582,0,160582,33201300,160881,160732,0,160732,30100,150,4983.39,false
33201300,160881,160732,0,160732,33231400,161031,160882,0,160882,30100,150,4983.39,false
33231400,161031,160882,0,160882,33261500,161181,161032,0,161032,30100,150,4983.39,false
33261500,161181,161032,0,161032,33291600,161331,161182,0,161182,30100,150,4983.39,false
33291600,161331,161182,0,161182,33321700,161481,161332,0,161332,30100,150,4983.39,false
33321700,161481,161332,0,161332,33351800,161631,161482,0,161482,30100,150,4983.39,false
33351800,161631,161482,0,161482,33381900,161781,161632,0,161632,30100,150,4983.39,false
33381900,161781,161632,0,161632,33412000,161931,161782,0,161782,30100,150,4983.39,false
33412000,161931,161782,0,161782,33442100,162081,161932,0,161932,30100,150,4983.39,false
33442100,162081,161932,0,161932,33472200,162231,162082,0,162082,30100,150,4983.39,false
33472200,162231,162082,0,162082,33502300,162381,162232,0,162232,30100,150,4983.39,false
33502300,162381,162232,0,162232,33532400,162531,162382,0,162382,30100,150,4983.39,false
33532400,162531,162382,0,162382,33562500,162681,162532,0,162532,30100,150,4983.39,false
33562500,162681,162532,0,162532,33592600,162831,162682,0,162682,30100,150,4983.39,false
33592600,162831,162682,0,162682,33622700,162981,162832,0,162832,30100,150,4983.39,false
33622700,162981,162832,0,162832,33652800,163131,162982,0,162982,30100,150,4983.39,false
33652800,163131,162982,0,162982,33682900,163281,163132,0,163132,30100,150,4983.39,false
33682900,163281,163132,0,163132,33713000,163431,163282,0,163282,30100,150,4983.39,false
33713000,163431,163282,0,163282,33743100,163581,163432,0,163432,30100,150,4983.39,false
33743100,163581,163432,0,163432,33773200,163731,163582,0,163582,30100,150,4983.39,false
33773200,163731,163582,0,163582,33843700,163881,163732,0,163732,70500,150,2127.66,false
33843700,163881,163732,0,163732,33914200,164031,163882,0,163882,70500,150,2127.66,false
33914200,164031,163882,0,163882,33948400,164181,164032,0,164032,34200,150,4385.96,false
33948400,164181,164032,0,164032,33978500,164331,164182,0,164182,30100,150,4983.39,false
33978500,164331,164182,0,164182,34008600,164481,164332,0,164332,30100,150,4983.39,false
34008700,164482,164333,0,164333,34038800,164632,164483,0,164483,30100,150,4983.39,false
34038800,164632,164483,0,164483,34068900,164782,164633,0,164633,30100,150,4983.39,false
34068900,164782,164633,0,164633,34099000,164932,164783,0,164783,30100,150,4983.39,false
34099000,164932,164783,0,164783,34129100,165082,164933,0,164933,30100,150,4983.39,false
34129100,165082,164933,0,164933,34159200,165232,165083,0,165083,30100,150,4983.39,false
34159200,165232,165083,0,165083,34189300,165382,165233,0,165233,30100,150,4983.39,false
34189300,165382,165233,0,165233,34219400,165532,165383,0,165383,30100,150,4983.39,false
34219400,165532,165383,0,165383,34249500,165682,165533,0,165533,30100,150,4983.39,false
34249500,165682,165533,0,165533,34279600,165832,165683,0,165683,30100,150,4983.39,false
34279600,165832,165683,0,165683,34309700,165982,165833,0,165833,30100,150,4983.39,false
34309700,165982,165833,0,165833,34339800,166132,165983,0,165983,30100,150,4983.39,false
34339800,166132,165983,0,165983,34369900,166282,166133,0,166133,30100,150,4983.39,false
34369900,166282,166133,0,166133,34400000,166833,166283,0,166283,30100,150,4983.39,true
34400000,166833,166283,0,166283,34470200,167384,166834,0,166834,70200,551,7849.00,true
34470200,167384,166834,0,166834,34540400,167575,167385,0,167385,70200,551,7849.00,true
34540400,167575,167385,0,167385,34574600,167725,167576,0,167576,34200,191,5584.80,true
34574600,167725,167576,0,167576,34604700,167875,167726,0,167726,30100,150,4983.39,false
34604700,167875,167726,0,167726,34634800,168025,167876,0,167876,30100,150,4983.39,false
34634800,168025,167876,0,167876,34664900,168175,168026,0,168026,30100,150,4983.39,false
34664900,168175,168026,0,168026,34695000,168325,168176,0,168176,30100,150,4983.39,false
34695000,168325,168176,0,168176,34725100,168475,168326,0,168326,30100,150,4983.39,false
34725100,168475,168326,0,168326,34755200,168625,168476,0,168476,30100,150,4983.39,false
34755200,168625,168476,0,168476,34785300,168775,168626,0,168626,30100,150,4983.39,false
34785300,168775,168626,0,168626,34815400,168925,168776,0,168776,30100,150,4983.39,false
34815400,168925,168776,0,168776,34845500,169075,168926,0,168926,30100,150,4983.39,false
34845500,169075,168926,0,168926,34875600,169225,169076,0,169076,30100,150,4983.39,false
34875600,169225,169076,0,169076,34905700,169375,169226,0,169226,30100,150,4983.39,false
34905700,169375,169226,0,169226,34935800,169525,169376,0,169376,30100,150,4983.39,false
34935800,169525,169376,0,169376,34965900,169675,169526,0,169526,30100,150,4983.39,false
34965900,169675,169526,0,169526,34996000,169825,169676,0,169676,30100,150,4983.39,false
34996000,169825,169676,0,169676,35026100,169975,169826,0,169826,30100,150,4983.39,false
35026100,169975,169826,0,169826,35056200,170125,169976,0,169976,30100,150,4983.39,false
35056200,170125,169976,0,169976,35086300,170275,170126,0,170126,30100,150,4983.39,false
35086300,170275,170126,0,170126,35116400,170425,170276,0,170276,30100,150,4983.39,false
35116400,170425,170276,0,170276,35146500,170575,170426,0,170426,30100,150,4983.39,false
35146500,170575,170426,0,170426,35176600,170725,170576,0,170576,30100,150,4983.39,false
35176600,170725,170576,0,170576,35206700,170875,170726,0,170726,30100,150,4983.39,false
35206700,170875,170726,0,170726,35236800,171025,170876,0,170876,30100,150,4983.39,false
35236800,171025,170876,0,170876,35266900,171175,171026,0,171026,30100,150,4983.39,false
35266900,171175,171026,0,171026,35297000,171325,171176,0,171176,30100,150,4983.39,false
35297000,171325,171176,0,171176,35327100,171475,171326,0,171326,30100,150,4983.39,false
35327100,171475,171326,0,171326,35357200,171625,171476,0,171476,30100,150,4983.39,false
35357200,171625,171476,0,171476,35387300,171775,171626,0,171626,30100,150,4983.39,false
35387300,171775,171626,0,171626,35417400,171925,171776,0,171776,30100,150,4983.39,false
35417400,171925,171776,0,171776,35447500,172075,171926,0,171926,30100,150,4983.39,false
35447500,172075,171926,0,171926,35477600,172225,172076,0,172076,30100,150,4983.39,false
35477600,172225,172076,0,172076,35507700,172375,172226,0,172226,30100,150,4983.39,false
35507700,172375,172226,0,172226,35537800,172525,172376,0,172376,30100,150,4983.39,false
35537800,172525,172376,0,172376,35567900,172675,172526,0,172526,30100,150,4983.39,false
35567900,172675,172526,0,172526,35598000,172825,172676,0,172676,30100,150,4983.39,false
35598000,172825,172676,0,172676,35628100,172975,172826,0,172826,30100,150,4983.39,false
35628100,172975,172826,0,172826,35658200,173125,172976,0,172976,30100,150,4983.39,false
35658200,173125,172976,0,172976,35688300,173275,173126,0,173126,30100,150,4983.39,false
35688300,173275,173126,0,173126,35718400,173425,173276,0,173276,30100,150,4983.39,false
35718400,173425,173276,0,173276,35748500,173575,173426,0,173426,30100,150,4983.39,false
35748500,173575,173426,0,173426,35778600,173725,173576,0,173576,30100,150,4983.39,false
35778600,173725,173576,0,173576,35808700,173875,173726,0,173726,30100,150,4983.39,false
35808700,173875,173726,0,173726,35838800,174025,173876,0,173876,30100,150,4983.39,false
35838800,174025,173876,0,173876,35868900,174175,174026,0,174026,30100,150,4983.39,false
35868900,174175,174026,0,174026,35899000,174325,174176,0,174176,30100,150,4983.39,false
35899000,174325,174176,0,174176,35929100,174475,174326,0,174326,30100,150,4983.39,false
35929100,174475,174326,0,174326,35959200,174625,174476,0,174476,30100,150,4983.39,false
35959200,174625,174476,0,174476,35989300,174775,174626,0,174626,30100,150,4983.39,false
35989300,174775,174626,0,174626,36019400,174925,174776,0,174776,30100,150,4983.39,false
36019400,174925,174776,0,174776,36049500,175075,174926,0,174926,30100,150,4983.39,false
36049500,175075,174926,0,174926,36079600,175225,175076,0,175076,30100,150,4983.39,false
36079600,175225,175076,0,175076,36109700,175375,175226,0,175226,30100,150,4983.39,false
36109700,175375,175226,0,175226,36139800,175525,175376,0,175376,30100,150,4983.39,false
36139800,175525,175376,0,175376,36169900,175675,175526,0,175526,30100,150,4983.39,false
36169900,175675,175526,0,175526,36200000,175825,175676,0,175676,30100,150,4983.39,false
36200000,175825,175676,0,175676,36230100,175975,175826,0,175826,30100,150,4983.39,false
36230100,175975,175826,0,175826,36260200,176125,175976,0,175976,30100,150,4983.39,false
36260200,176125,175976,0,175976,36290300,176275,176126,0,176126,30100,150,4983.39,false
36290300,176275,176126,0,176126,36320400,176425,176276,0,176276,30100,150,4983.39,false
36320400,176425,176276,0,176276,36350500,176575,176426,0,176426,30100,150,4983.39,false
36350500,176575,176426,0,176426,36380600,176725,176576,0,176576,30100,150,4983.39,false
36380600,176725,176576,0,176576,36410700,176875,176726,0,176726,30100,150,4983.39,false
36410700,176875,176726,0,176726,36440800,177025,176876,0,176876,30100,150,4983.39,false
36440800,177025,176876,0,176876,36470900,177175,177026,0,177026,30100,150,4983.39,false
36470900,177175,177026,0,177026,36501000,177325,177176,0,177176,30100,150,4983.39,false
36501000,177325,177176,0,177176,36531100,177475,177326,0,177326,30100,150,4983.39,false
36531100,177475,177326,0,177326,36561200,177625,177476,0,177476,30100,150,4983.39,false
36561200,177625,177476,0,177476,36591300,177775,177626,0,177626,30100,150,4983.39,false
36591300,177775,177626,0,177626,36621400,177925,177776,0,177776,30100,150,4983.39,false
36621400,177925,177776,0,177776,36651500,178075,177926,0,177926,30100,150,4983.39,false
36651500,178075,177926,0,177926,36681600,178225,178076,0,178076,30100,150,4983.39,false
36681600,178225,178076,0,178076,36711700,178375,178226,0,178226,30100,150,4983.39,false
36711700,178375,178226,0,178226,36741800,178525,178376,0,178376,30100,150,4983.39,false
36741800,178525,178376,0,178376,36771900,178675,178526,0,178526,30100,150,4983.39,false
36771900,178675,178526,0,178526,36802000,178825,178676,0,178676,30100,150,4983.39,false
36802000,178825,178676,0,178676,36832100,178975,178826,0,178826,30100,150,4983.39,false
36832100,178975,178826,0,178826,36862200,179125,178976,0,178976,30100,150,4983.39,false
36862200,179125,178976,0,178976,36892300,179275,179126,0,179126,30100,150,4983.39,false
36892300,179275,179126,0,179126,36922400,179425,179276,0,179276,30100,150,4983.39,false
36922400,179425,179276,0,179276,36952500,179575,179426,0,179426,30100,150,4983.39,false
36952500,179575,179426,0,179426,36982600,179725,179576,0,179576,30100,150,4983.39,false
36982600,179725,179576,0,179576,37012700,179875,179726,0,179726,30100,150,4983.39,false
37012700,179875,179726,0,179726,37042800,180025,179876,0,179876,30100,150,4983.39,false
37042800,180025,179876,0,179876,37072900,180175,180026,0,180026,30100,150,4983.39,false
37072900,180175,180026,0,180026,37103000,180325,180176,0,180176,30100,150,4983.39,false
37103000,180325,180176,0,180176,37133100,180475,180326,0,180326,30100,150,4983.39,false
37133100,180475,180326,0,180326,37163200,180625,180476,0,180476,30100,150,4983.39,false
37163200,180625,180476,0,180476,37193300,180775,180626,0,180626,30100,150,4983.39,false
37193300,180775,180626,0,180626,37223400,180925,180776,0,180776,30100,150,4983.39,false
37223400,180925,180776,0,180776,37253500,181075,180926,0,180926,30100,150,4983.39,false
37253500,181075,180926,0,180926,37283600,181225,181076,0,181076,30100,150,4983.39,false
37283600,181225,181076,0,181076,37313700,181375,181226,0,181226,30100,150,4983.39,false
37313700,181375,181226,0,181226,37343800,181525,181376,0,181376,30100,150,4983.39,false
37343800,181525,181376,0,181376,37373900,181675,181526,0,181526,30100,150,4983.39,false
37373900,181675,181526,0,181526,37404000,181825,181676,0,181676,30100,150,4983.39,false
37404000,181825,181676,0,181676,37434100,181975,181826,0,181826,30100,150,4983.39,false
37434100,181975,181826,0,181826,37464200,182125,181976,0,181976,30100,150,4983.39,false
37464200,182125,181976,0,181976,37494300,182275,182126,0,182126,30100,150,4983.39,false
37494300,182275,182126,0,182126,37524400,182425,182276,0,182276,30100,150,4983.39,false
37524400,182425,182276,0,182276,37554500,182575,182426,0,182426,30100,150,4983.39,false
37554500,182575,182426,0,182426,37584600,182725,182576,0,182576,30100,150,4983.39,false
37584600,182725,182576,0,182576,37655100,182875,182726,0,182726,70500,150,2127.66,false
37655100,182875,182726,0,182726,37725600,183025,182876,0,182876,70500,150,2127.66,false
37725600,183025,182876,0,182876,37759800,183175,183026,0,183026,34200,150,4385.96,false
37759800,183175,183026,0,183026,37789900,183325,183176,0,183176,30100,150,4983.39,false
37789900,183325,183176,0,183176,37820000,183475,183326,0,183326,30100,150,4983.39,false
37820100,183476,183327,0,183327,37850200,183626,183477,0,183477,30100,150,4983.39,false
37850200,183626,183477,0,183477,37880300,183776,183627,0,183627,30100,150,4983.39,false
37880300,183776,183627,0,183627,37910400,183926,183777,0,183777,30100,150,4983.39,false
37910400,183926,183777,0,183777,37940500,184076,183927,0,183927,30100,150,4983.39,false
37940500,184076,183927,0,183927,37970600,184226,184077,0,184077,30100,150,4983.39,false
37970600,184226,184077,0,184077,38000700,184376,184227,0,184227,30100,150,4983.39,false
38000700,184376,184227,0,184227,38030800,184526,184377,0,184377,30100,150,4983.39,false
38030800,184526,184377,0,184377,38060900,184676,184527,0,184527,30100,150,4983.39,false
38060900,184676,184527,0,184527,38091000,184826,184677,0,184677,30100,150,4983.39,false
38091000,184826,184677,0,184677,38121100,184976,184827,0,184827,30100,150,4983.39,false
38121100,184976,184827,0,184827,38151200,185126,184977,0,184977,30100,150,4983.39,false
38151200,185126,184977,0,184977,38181300,185276,185127,0,185127,30100,150,4983.39,false
38181300,185276,185127,0,185127,38211400,185827,185277,0,185277,30100,150,4983.39,true
38211400,185827,185277,0,185277,38281600,186378,185828,0,185828,70200,551,7849.00,true
38281600,186378,185828,0,185828,38351800,186569,186379,0,186379,70200,551,7849.00,true
38351800,186569,186379,0,186379,38386000,186719,186570,0,186570,34200,191,5584.80,true
38386000,186719,186570,0,186570,38416100,186869,186720,0,186720,30100,150,4983.39,false
38416100,186869,186720,0,186720,38446200,187019,186870,0,186870,30100,150,4983.39,false
38446200,187019,186870,0,186870,38476300,187169,187020,0,187020,30100,150,4983.39,false
38476300,187169,187020,0,187020,38506400,187319,187170,0,187170,30100,150,4983.39,false
38506400,187319,187170,0,187170,38536500,187469,187320,0,187320,30100,150,4983.39,false
38536500,187469,187320,0,187320,38566600,187619,187470,0,187470,30100,150,4983.39,false
38566600,187619,187470,0,187470,38596700,187769,187620,0,187620,30100,150,4983.39,false
38596700,187769,187620,0,187620,38626800,187919,187770,0,187770,30100,150,4983.39,false
38626800,187919,187770,0,187770,38656900,188069,187920,0,187920,30100,150,4983.39,false
38656900,188069,187920,0,187920,38687000,188219,188070,0,188070,30100,150,4983.39,false
38687000,188219,188070,0,188070,38717100,188369,188220,0,188220,30100,150,4983.39,false
38717100,188369,188220,0,188220,38747200,188519,188370,0,188370,30100,150,4983.39,false
38747200,188519,188370,0,188370,38777300,188669,188520,0,188520,30100,150,4983.39,false
38777300,188669,188520,0,188520,38807400,188819,188670,0,188670,30100,150,4983.39,false
38807400,188819,188670,0,188670,38837500,188969,188820,0,188820,30100,150,4983.39,false
38837500,188969,188820,0,188820,38867600,189119,188970,0,188970,30100,150,4983.39,false
38867600,189119,188970,0,188970,38897700,189269,189120,0,189120,30100,150,4983.39,false
38897700,189269,189120,0,189120,38927800,189419,189270,0,189270,30100,150,4983.39,false
38927800,189419,189270,0,189270,38957900,189569,189420,0,189420,30100,150,4983.39,false
38957900,189569,189420,0,189420,38988000,189719,189570,0,189570,30100,150,4983.39,false
38988000,189719,189570,0,189570,39018100,189869,189720,0,189720,30100,150,4983.39,false
39018100,189869,189720,0,189720,39048200,190019,189870,0,189870,30100,150,4983.39,false
39048200,190019,189870,0,189870,39078300,190169,190020,0,190020,30100,150,4983.39,false
39078300,190169,190020,0,190020,39108400,190319,190170,0,190170,30100,150,4983.39,false
39108400,190319,190170,0,190170,39138500,190469,190320,0,190320,30100,150,4983.39,false
39138500,190469,190320,0,190320,39168600,190619,190470,0,190470,30100,150,4983.39,false
39168600,190619,190470,0,190470,39198700,190769,190620,0,190620,30100,150,4983.39,false
39198700,190769,190620,0,190620,39228800,190919,190770,0,190770,30100,150,4983.39,false
39228800,190919,190770,0,190770,39258900,191069,190920,0,190920,30100,150,4983.39,false
39258900,191069,190920,0,190920,39289000,191219,191070,0,191070,30100,150,4983.39,false
39289000,191219,191070,0,191070,39319100,191369,191220,0,191220,30100,150,4983.39,false
39319100,191369,191220,0,191220,39349200,191519,191370,0,191370,30100,150,4983.39,false
39349200,191519,191370,0,191370,39379300,191669,191520,0,191520,30100,150,4983.39,false
39379300,191669,191520,0,191520,39409400,191819,191670,0,191670,30100,150,4983.39,false
39409400,191819,191670,0,191670,39439500,191969,191820,0,191820,30100,150,4983.39,false
39439500,191969,191820,0,191820,39469600,192119,191970,0,191970,30100,150,4983.39,false
39469600,192119,191970,0,191970,39499700,192269,192120,0,192120,30100,150,4983.39,false
39499700,192269,192120,0,192120,39529800,192419,192270,0,192270,30100,150,4983.39,false
39529800,192419,192270,0,192270,39559900,192569,192420,0,192420,30100,150,4983.39,false
39559900,192569,192420,0,192420,39590000,192719,192570,0,192570,30100,150,4983.39,false
39590000,192719,192570,0,192570,39620100,192869,192720,0,192720,30100,150,4983.39,false
39620100,192869,192720,0,192720,39650200,193019,192870,0,192870,30100,150,4983.39,false
39650200,193019,192870,0,192870,39680300,193169,193020,0,193020,30100,150,4983.39,false
39680300,193169,193020,0,193020,39710400,193319,193170,0,193170,30100,150,4983.39,false
39710400,193319,193170,0,193170,39740500,193469,193320,0,193320,30100,150,4983.39,false
39740500,193469,193320,0,193320,39770600,193619,193470,0,193470,30100,150,4983.39,false
39770600,193619,193470,0,193470,39800700,193769,193620,0,193620,30100,150,4983.39,false
39800700,193769,193620,0,193620,39830800,193919,193770,0,193770,30100,150,4983.39,false
39830800,193919,193770,0,193770,39860900,194069,193920,0,193920,30100,150,4983.39,false
39860900,194069,193920,0,193920,39891000,194219,194070,0,194070,30100,150,4983.39,false
39891000,194219,194070,0,194070,39921100,194369,194220,0,194220,30100,150,4983.39,false
39921100,194369,194220,0,194220,39951200,194519,194370,0,194370,30100,150,4983.39,false
39951200,194519,194370,0,194370,39981300,194669,194520,0,194520,30100,150,4983.39,false
39981300,194669,194520,0,194520,40011400,194819,194670,0,194670,30100,150,4983.39,false
40011400,194819,194670,0,194670,40041500,194969,194820,0,194820,30100,150,4983.39,false
40041500,194969,194820,0,194820,40071600,195119,194970,0,194970,30100,150,4983.39,false
40071600,195119,194970,0,194970,40101700,195269,195120,0,195120,30100,150,4983.39,false
40101700,195269,195120,0,195120,40131800,195419,195270,0,195270,30100,150,4983.39,false
40131800,195419,195270,0,195270,40161900,195569,195420,0,195420,30100,150,4983.39,false
40161900,195569,195420,0,195420,40192000,195719,195570,0,195570,30100,150,4983.39,false
40192000,195719,195570,0,195570,40222100,195869,195720,0,195720,30100,150,4983.39,false
40222100,195869,195720,0,195720,40252200,196019,195870,0,195870,30100,150,4983.39,false
40252200,196019,195870,0,195870,40282300,196169,196020,0,196020,30100,150,4983.39,false
40282300,196169,196020,0,196020,40312400,196319,196170,0,196170,30100,150,4983.39,false
40312400,196319,196170,0,196170,40342500,196469,196320,0,196320,30100,150,4983.39,false
40342500,196469,196320,0,196320,40372600,196619,196470,0,196470,30100,150,4983.39,false
40372600,196619,196470,0,196470,40402700,196769,196620,0,196620,30100,150,4983.39,false
40402700,196769,196620,0,196620,40432800,196919,196770,0,196770,30100,150,4983.39,false
40432800,196919,196770,0,196770,40462900,197069,196920,0,196920,30100,150,4983.39,false
40462900,197069,196920,0,196920,40493000,197219,197070,0,197070,30100,150,4983.39,false
40493000,197219,197070,0,197070,40523100,197369,197220,0,197220,30100,150,4983.39,false
40523100,197369,197220,0,197220,40553200,197519,197370,0,197370,30100,150,4983.39,false
40553200,197519,197370,0,197370,40583300,197669,197520,0,197520,30100,150,4983.39,false
40583300,197669,197520,0,197520,40613400,197819,197670,0,197670,30100,150,4983.39,false
40613400,197819,197670,0,197670,40643500,197969,197820,0,197820,30100,150,4983.39,false
40643500,197969,197820,0,197820,40673600,198119,197970,0,197970,30100,150,4983.39,false
40673600,198119,197970,0,197970,40703700,198269,198120,0,198120,30100,150,4983.39,false
40703700,198269,198120,0,198120,40733800,198419,198270,0,198270,30100,150,4983.39,false
40733800,198419,198270,0,198270,40763900,198569,198420,0,198420,30100,150,4983.39,false
40763900,198569,198420,0,198420,40794000,198719,198570,0,198570,30100,150,4983.39,false
40794000,198719,198570,0,198570,40824100,198869,198720,0,198720,30100,150,4983.39,false
40824100,198869,198720,0,198720,40854200,199019,198870,0,198870,30100,150,4983.39,false
40854200,199019,198870,0,198870,40884300,199169,199020,0,199020,30100,150,4983.39,false
40884300,199169,199020,0,199020,40914400,199319,199170,0,199170,30100,150,4983.39,false
40914400,199319,199170,0,199170,40944500,199469,199320,0,199320,30100,150,4983.39,false
40944500,199469,199320,0,199320,40974600,199619,199470,0,199470,30100,150,4983.39,false
40974600,199619,199470,0,199470,41004700,199769,199620,0,199620,30100,150,4983.39,false
41004700,199769,199620,0,199620,41034800,199919,199770,0,199770,30100,150,4983.39,false
41034800,199919,199770,0,199770,41064900,200069,199920,0,199920,30100,150,4983.39,false
41064900,200069,199920,0,199920,41095000,200219,200070,0,200070,30100,150,4983.39,false
41095000,200219,200070,0,200070,41125100,200369,200220,0,200220,30100,150,4983.39,false
41125100,200369,200220,0,200220,41155200,200519,200370,0,200370,30100,150,4983.39,false
41155200,200519,200370,0,200370,41185300,200669,200520,0,200520,30100,150,4983.39,false
41185300,200669,200520,0,200520,41215400,200819,200670,0,200670,30100,150,4983.39,false
41215400,200819,200670,0,200670,41245500,200969,200820,0,200820,30100,150,4983.39,false
41245500,200969,200820,0,200820,41275600,201119,200970,0,200970,30100,150,4983.39,false
41275600,201119,200970,0,200970,41305700,201269,201120,0,201120,30100,150,4983.39,false
41305700,201269,201120,0,201120,41335800,201419,201270,0,201270,30100,150,4983.39,false
41335800,201419,201270,0,201270,41365900,201569,201420,0,201420,30100,150,4983.39,false
41365900,201569,201420,0,201420,41396000,201719,201570,0,201570,30100,150,4983.39,false
41396000,201719,201570,0,201570,41466500,201869,201720,0,201720,70500,150,2127.66,false
41466500,201869,201720,0,201720,41537000,202019,201870,0,201870,70500,150,2127.66,false
41537000,202019,201870,0,201870,41571200,202169,202020,0,202020,34200,150,4385.96,false
41571200,202169,202020,0,202020,41601300,202319,202170,0,202170,30100,150,4983.39,false
41601300,202319,202170,0,202170,41631400,202469,202320,0,202320,30100,150,4983.39,false
41631500,202470,202321,0,202321,41661600,202620,202471,0,202471,30100,150,4983.39,false
41661600,202620,202471,0,202471,41691700,202770,202621,0,202621,30100,150,4983.39,false
41691700,202770,202621,0,202621,41721800,202920,202771,0,202771,30100,150,4983.39,false
41721800,202920,202771,0,202771,41751900,203070,202921,0,202921,30100,150,4983.39,false
41751900,203070,202921,0,202921,41782000,203220,203071,0,203071,30100,150,4983.39,false
41782000,203220,203071,0,203071,41812100,203370,203221,0,203221,30100,150,4983.39,false
41812100,203370,203221,0,203221,41842200,203520,203371,0,203371,30100,150,4983.39,false
41842200,203520,203371,0,203371,41872300,203670,203521,0,203521,30100,150,4983.39,false
41872300,203670,203521,0,203521,41902400,203820,203671,0,203671,30100,150,4983.39,false
41902400,203820,203671,0,203671,41932500,203970,203821,0,203821,30100,150,4983.39,false
41932500,203970,203821,0,203821,41962600,204120,203971,0,203971,30100,150,4983.39,false
41962600,204120,203971,0,203971,41992700,204270,204121,0,204121,30100,150,4983.39,false
41992700,204270,204121,0,204121,42022800,204821,204271,0,204271,30100,150,4983.39,true
42022800,204821,204271,0,204271,42093000,205372,204822,0,204822,70200,551,7849.00,true
42093000,205372,204822,0,204822,42163200,205563,205373,0,205373,70200,551,7849.00,true
42163200,205563,205373,0,205373,42197400,205713,205564,0,205564,34200,191,5584.80,true
42197400,205713,205564,0,205564,42227500,205863,205714,0,205714,30100,150,4983.39,false
42227500,205863,205714,0,205714,42257600,206013,205864,0,205864,30100,150,4983.39,false
42257600,206013,205864,0,205864,42287700,206163,206014,0,206014,30100,150,4983.39,false
42287700,206163,206014,0,206014,42317800,206313,206164,0,206164,30100,150,4983.39,false
42317800,206313,206164,0,206164,42347900,206463,206314,0,206314,30100,150,4983.39,false
42347900,206463,206314,0,206314,42378000,206613,206464,0,206464,30100,150,4983.39,false
42378000,206613,206464,0,206464,42408100,206763,206614,0,206614,30100,150,4983.39,false
42408100,206763,206614,0,206614,42438200,206913,206764,0,206764,30100,150,4983.39,false
42438200,206913,206764,0,206764,42468300,207063,206914,0,206914,30100,150,4983.39,false
42468300,207063,206914,0,206914,42498400,207213,207064,0,207064,30100,150,4983.39,false
42498400,207213,207064,0,207064,42528500,207363,207214,0,207214,30100,150,4983.39,false
42528500,207363,207214,0,207214,42558600,207513,207364,0,207364,30100,150,4983.39,false
42558600,207513,207364,0,207364,42588700,207663,207514,0,207514,30100,150,4983.39,false
42588700,207663,207514,0,207514,42618800,207813,207664,0,207664,30100,150,4983.39,false
42618800,207813,207664,0,207664,42648900,207963,207814,0,207814,30100,150,4983.39,false
42648900,207963,207814,0,207814,42679000,208113,207964,0,207964,30100,150,4983.39,false
42679000,208113,207964,0,207964,42709100,208263,208114,0,208114,30100,150,4983.39,false
42709100,208263,208114,0,208114,42739200,208413,208264,0,208264,30100,150,4983.39,false
42739200,208413,208264,0,208264,42769300,208563,208414,0,208414,30100,150,4983.39,false
42769300,208563,208414,0,208414,42799400,208713,208564,0,208564,30100,150,4983.39,false
42799400,208713,208564,0,208564,42829500,208863,208714,0,208714,30100,150,4983.39,false
42829500,208863,208714,0,208714,42859600,209013,208864,0,208864,30100,150,4983.39,false
42859600,209013,208864,0,208864,42889700,209163,209014,0,209014,30100,150,4983.39,false
42889700,209163,209014,0,209014,42919800,209313,209164,0,209164,30100,150,4983.39,false
42919800,209313,209164,0,209164,42949900,209463,209314,0,209314,30100,150,4983.39,false
42949900,209463,209314,0,209314,42980000,209613,209464,0,209464,30100,150,4983.39,false
42980000,209613,209464,0,209464,43010100,209763,209614,0,209614,30100,150,4983.39,false
43010100,209763,209614,0,209614,43040200,209913,209764,0,209764,30100,150,4983.39,false
43040200,209913,209764,0,209764,43070300,210063,209914,0,209914,30100,150,4983.39,false
43070300,210063,209914,0,209914,43100400,210213,210064,0,210064,30100,150,4983.39,false
43100400,210213,210064,0,210064,43130500,210363,210214,0,210214,30100,150,4983.39,false
43130500,210363,210214,0,210214,43160600,210513,210364,0,210364,30100,150,4983.39,false
43160600,210513,210364,0,210364,43190700,210663,210514,0,210514,30100,150,4983.39,false
43190700,210663,210514,0,210514,43220800,210813,210664,0,210664,30100,150,4983.39,false
43220800,210813,210664,0,210664,43250900,210963,210814,0,210814,30100,150,4983.39,false
43250900,210963,210814,0,210814,43281000,211113,210964,0,210964,30100,150,4983.39,false
43281000,211113,210964,0,210964,43311100,211263,211114,0,211114,30100,150,4983.39,false
43311100,211263,211114,0,211114,43341200,211413,211264,0,211264,30100,150,4983.39,false
43341200,211413,211264,0,211264,43371300,211563,211414,0,211414,30100,150,4983.39,false
43371300,211563,211414,0,211414,43401400,211713,211564,0,211564,30100,150,4983.39,false
43401400,211713,211564,0,211564,43431500,211863,211714,0,211714,30100,150,4983.39,false
43431500,211863,211714,0,211714,43461600,212013,211864,0,211864,30100,150,4983.39,false
43461600,212013,211864,0,211864,43491700,212163,212014,0,212014,30100,150,4983.39,false
43491700,212163,212014,0,212014,43521800,212313,212164,0,212164,30100,150,4983.39,false
43521800,212313,212164,0,212164,43551900,212463,212314,0,212314,30100,150,4983.39,false
43551900,212463,212314,0,212314,43582000,212613,212464,0,212464,30100,150,4983.39,false
43582000,212613,212464,0,212464,43612100,212763,212614,0,212614,30100,150,4983.39,false
43612100,212763,212614,0,212614,43642200,212913,212764,0,212764,30100,150,4983.39,false
43642200,212913,212764,0,212764,43672300,213063,212914,0,212914,30100,150,4983.39,false
43672300,213063,212914,0,212914,43702400,213213,213064,0,213064,30100,150,4983.39,false
43702400,213213,213064,0,213064,43732500,213363,213214,0,213214,30100,150,4983.39,false
43732500,213363,213214,0,213214,43762600,213513,213364,0,213364,30100,150,4983.39,false
43762600,213513,213364,0,213364,43792700,213663,213514,0,213514,30100,150,4983.39,false
43792700,213663,213514,0,213514,43822800,213813,213664,0,213664,30100,150,4983.39,false
43822800,213813,213664,0,213664,43852900,213963,213814,0,213814,30100,150,4983.39,false
43852900,213963,213814,0,213814,43883000,214113,213964,0,213964,30100,150,4983.39,false
43883000,214113,213964,0,213964,43913100,214263,214114,0,214114,30100,150,4983.39,false
43913100,214263,214114,0,214114,43943200,214413,214264,0,214264,30100,150,4983.39,false
43943200,214413,214264,0,214264,43973300,214563,214414,0,214414,30100,150,4983.39,false
43973300,214563,214414,0,214414,44003400,214713,214564,0,214564,30100,150,4983.39,false
44003400,214713,214564,0,214564,44033500,214863,214714,0,214714,30100,150,4983.39,false
44033500,214863,214714,0,214714,44063600,215013,214864,0,214864,30100,150,4983.39,false
44063600,215013,214864,0,214864,44093700,215163,215014,0,215014,30100,150,4983.39,false
44093700,215163,215014,0,215014,44123800,215313,215164,0,215164,30100,150,4983.39,false
44123800,215313,215164,0,215164,44153900,215463,215314,0,215314,30100,150,4983.39,false
44153900,215463,215314,0,215314,44184000,215613,215464,0,215464,30100,150,4983.39,false
44184000,215613,215464,0,215464,44214100,215763,215614,0,215614,30100,150,4983.39,false
44214100,215763,215614,0,215614,44244200,215913,215764,0,215764,30100,150,4983.39,false
44244200,215913,215764,0,215764,44274300,216063,215914,0,215914,30100,150,4983.39,false
44274300,216063,215914,0,215914,44304400,216213,216064,0,216064,30100,150,4983.39,false
44304400,216213,216064,0,216064,44334500,216363,216214,0,216214,30100,150,4983.39,false
44334500,216363,216214,0,216214,44364600,216513,216364,0,216364,30100,150,4983.39,false
44364600,216513,216364,0,216364,44394700,216663,216514,0,216514,30100,150,4983.39,false
44394700,216663,216514,0,216514,44424800,216813,216664,0,216664,30100,150,4983.39,false
44424800,216813,216664,0,216664,44454900,216963,216814,0,216814,30100,150,4983.39,false
44454900,216963,216814,0,216814,44485000,217113,216964,0,216964,30100,150,4983.39,false
44485000,217113,216964,0,216964,44515100,217263,217114,0,217114,30100,150,4983.39,false
44515100,217263,217114,0,217114,44545200,217413,217264,0,217264,30100,150,4983.39,false
44545200,217413,217264,0,217264,44575300,217563,217414,0,217414,30100,150,4983.39,false
44575300,217563,217414,0,217414,44605400,217713,217564,0,217564,30100,150,4983.39,false
44605400,217713,217564,0,217564,44635500,217863,217714,0,217714,30100,150,4983.39,false
44635500,217863,217714,0,217714,44665600,218013,217864,0,217864,30100,150,4983.39,false
44665600,218013,217864,0,217864,44695700,218163,218014,0,218014,30100,150,4983.39,false
44695700,218163,218014,0,218014,44725800,218313,218164,0,218164,30100,150,4983.39,false
44725800,218313,218164,0,218164,44755900,218463,218314,0,218314,30100,150,4983.39,false
44755900,218463,218314,0,218314,44786000,218613,218464,0,218464,30100,150,4983.39,false
44786000,218613,218464,0,218464,44816100,218763,218614,0,218614,30100,150,4983.39,false
44816100,218763,218614,0,218614,44846200,218913,218764,0,218764,30100,150,4983.39,false
44846200,218913,218764,0,218764,44876300,219063,218914,0,218914,30100,150,4983.39,false
44876300,219063,218914,0,218914,44906400,219213,219064,0,219064,30100,150,4983.39,false
44906400,219213,219064,0,219064,44936500,219363,219214,0,219214,30100,150,4983.39,false
44936500,219363,219214,0,219214,44966600,219513,219364,0,219364,30100,150,4983.39,false
44966600,219513,219364,0,219364,44996700,219663,219514,0,219514,30100,150,4983.39,false
44996700,219663,219514,0,219514,45026800,219813,219664,0,219664,30100,150,4983.39,false
45026800,219813,219664,0,219664,45056900,219963,219814,0,219814,30100,150,4983.39,false
45056900,219963,219814,0,219814,45087000,220113,219964,0,219964,30100,150,4983.39,false
45087000,220113,219964,0,219964,45117100,220263,220114,0,220114,30100,150,4983.39,false
45117100,220263,220114,0,220114,45147200,220413,220264,0,220264,30100,150,4983.39,false
45147200,220413,220264,0,220264,45177300,220563,220414,0,220414,30100,150,4983.39,false
45177300,220563,220414,0,220414,45207400,220713,220564,0,220564,30100,150,4983.39,false
45207400,220713,220564,0,220564,45277900,220863,220714,0,220714,70500,150,2127.66,false
45277900,220863,220714,0,220714,45348400,221013,220864,0,220864,70500,150,2127.66,false
45348400,221013,220864,0,220864,45382600,221163,221014,0,221014,34200,150,4385.96,false
45382600,221163,221014,0,221014,45412700,221313,221164,0,221164,30100,150,4983.39,false
45412700,221313,221164,0,221164,45442800,221463,221314,0,221314,30100,150,4983.39,false
45442900,221464,221315,0,221315,45473000,221614,221465,0,221465,30100,150,4983.39,false
45473000,221614,221465,0,221465,45503100,221764,221615,0,221615,30100,150,4983.39,false
45503100,221764,221615,0,221615,45533200,221914,221765,0,221765,30100,150,4983.39,false
45533200,221914,221765,0,221765,45563300,222064,221915,0,221915,30100,150,4983.39,false
45563300,222064,221915,0,221915,45593400,222214,222065,0,222065,30100,150,4983.39,false
45593400,222214,222065,0,222065,45623500,222364,222215,0,222215,30100,150,4983.39,false
45623500,222364,222215,0,222215,45653600,222514,222365,0,222365,30100,150,4983.39,false
45653600,222514,222365,0,222365,45683700,222664,222515,0,222515,30100,150,4983.39,false
45683700,222664,222515,0,222515,45713800,222814,222665,0,222665,30100,150,4983.39,false
45713800,222814,222665,0,222665,45743900,222964,222815,0,222815,30100,150,4983.39,false
45743900,222964,222815,0,222815,45774000,223114,222965,0,222965,30100,150,4983.39,false
45774000,223114,222965,0,222965,45804100,223264,223115,0,223115,30100,150,4983.39,false
45804100,223264,223115,0,223115,45834200,223815,223265,0,223265,30100,150,4983.39,true
45834200,223815,223265,0,223265,45904400,224366,223816,0,223816,70200,551,7849.00,true
45904400,224366,223816,0,223816,45974600,224557,224367,0,224367,70200,551,7849.00,true
45974600,224557,224367,0,224367,46008800,224707,224558,0,224558,34200,191,5584.80,true
46008800,224707,224558,0,224558,46038900,224857,224708,0,224708,30100,150,4983.39,false
46038900,224857,224708,0,224708,46069000,225007,224858,0,224858,30100,150,4983.39,false
46069000,225007,224858,0,224858,46099100,225157,225008,0,225008,30100,150,4983.39,false
46099100,225157,225008,0,225008,46129200,225307,225158,0,225158,30100,150,4983.39,false
46129200,225307,225158,0,225158,46159300,225457,225308,0,225308,30100,150,4983.39,false
46159300,225457,225308,0,225308,46189400,225607,225458,0,225458,30100,150,4983.39,false
46189400,225607,225458,0,225458,46219500,225757,225608,0,225608,30100,150,4983.39,false
46219500,225757,225608,0,225608,46249600,225907,225758,0,225758,30100,150,4983.39,false
46249600,225907,225758,0,225758,46279700,226057,225908,0,225908,30100,150,4983.39,false
46279700,226057,225908,0,225908,46309800,226207,226058,0,226058,30100,150,4983.39,false
46309800,226207,226058,0,226058,46339900,226357,226208,0,226208,30100,150,4983.39,false
46339900,226357,226208,0,226208,46370000,226507,226358,0,226358,30100,150,4983.39,false
46370000,226507,226358,0,226358,46400100,226657,226508,0,226508,30100,150,4983.39,false
46400100,226657,226508,0,226508,46430200,226807,226658,0,226658,30100,150,4983.39,false
46430200,226807,226658,0,226658,46460300,226957,226808,0,226808,30100,150,4983.39,false
46460300,226957,226808,0,226808,46490400,227107,226958,0,226958,30100,150,4983.39,false
46490400,227107,226958,0,226958,46520500,227257,227108,0,227108,30100,150,4983.39,false
46520500,227257,227108,0,227108,46550600,227407,227258,0,227258,30100,150,4983.39,false
46550600,227407,227258,0,227258,46580700,227557,227408,0,227408,30100,150,4983.39,false
46580700,227557,227408,0,227408,46610800,227707,227558,0,227558,30100,150,4983.39,false
46610800,227707,227558,0,227558,46640900,227857,227708,0,227708,30100,150,4983.39,false
46640900,227857,227708,0,227708,46671000,228007,227858,0,227858,30100,150,4983.39,false
46671000,228007,227858,0,227858,46701100,228157,228008,0,228008,30100,150,4983.39,false
46701100,228157,228008,0,228008,46731200,228307,228158,0,228158,30100,150,4983.39,false
46731200,228307,228158,0,228158,46761300,228457,228308,0,228308,30100,150,4983.39,false
46761300,228457,228308,0,228308,46791400,228607,228458,0,228458,30100,150,4983.39,false
46791400,228607,228458,0,228458,46821500,228757,228608,0,228608,30100,150,4983.39,false
46821500,228757,228608,0,228608,46851600,228907,228758,0,228758,30100,150,4983.39,false
46851600,228907,228758,0,228758,46881700,229057,228908,0,228908,30100,150,4983.39,false
46881700,229057,228908,0,228908,46911800,229207,229058,0,229058,30100,150,4983.39,false
46911800,229207,229058,0,229058,46941900,229357,229208,0,229208,30100,150,4983.39,false
46941900,229357,229208,0,229208,46972000,229507,229358,0,229358,30100,150,4983.39,false
46972000,229507,229358,0,229358,47002100,229657,229508,0,229508,30100,150,4983.39,false
47002100,229657,229508,0,229508,47032200,229807,229658,0,229658,30100,150,4983.39,false
47032200,229807,229658,0,229658,47062300,229957,229808,0,229808,30100,150,4983.39,false
47062300,229957,229808,0,229808,47092400,230107,229958,0,229958,30100,150,4983.39,false
47092400,230107,229958,0,229958,47122500,230257,230108,0,230108,30100,150,4983.39,false
47122500,230257,230108,0,230108,47152600,230407,230258,0,230258,30100,150,4983.39,false
47152600,230407,230258,0,230258,47182700,230557,230408,0,230408,30100,150,4983.39,false
47182700,230557,230408,0,230408,47212800,230707,230558,0,230558,30100,150,4983.39,false
47212800,230707,230558,0,230558,47242900,230857,230708,0,230708,30100,150,4983.39,false
47242900,230857,230708,0,230708,47273000,231007,230858,0,230858,30100,150,4983.39,false
47273000,231007,230858,0,230858,47303100,231157,231008,0,231008,30100,150,4983.39,false
47303100,231157,231008,0,231008,47333200,231307,231158,0,231158,30100,150,4983.39,false
47333200,231307,231158,0,231158,47363300,231457,231308,0,231308,30100,150,4983.39,false
47363300,231457,231308,0,231308,47393400,231607,231458,0,231458,30100,150,4983.39,false
47393400,231607,231458,0,231458,47423500,231757,231608,0,231608,30100,150,4983.39,false
47423500,231757,231608,0,231608,47453600,231907,231758,0,231758,30100,150,4983.39,false
47453600,231907,231758,0,231758,47483700,232057,231908,0,231908,30100,150,4983.39,false
47483700,232057,231908,0,231908,47513800,232207,232058,0,232058,30100,150,4983.39,false
47513800,232207,232058,0,232058,47543900,232357,232208,0,232208,30100,150,4983.39,false
47543900,232357,232208,0,232208,47574000,232507,232358,0,232358,30100,150,4983.39,false
47574000,232507,232358,0,232358,47604100,232657,232508,0,232508,30100,150,4983.39,false
47604100,232657,232508,0,232508,47634200,232807,232658,0,232658,30100,150,4983.39,false
47634200,232807,232658,0,232658,47664300,232957,232808,0,232808,30100,150,4983.39,false
47664300,232957,232808,0,232808,47694400,233107,232958,0,232958,30100,150,4983.39,false
47694400,233107,232958,0,232958,47724500,233257,233108,0,233108,30100,150,4983.39,false
47724500,233257,233108,0,233108,47754600,233407,233258,0,233258,30100,150,4983.39,false
47754600,233407,233258,0,233258,47784700,233557,233408,0,233408,30100,150,4983.39,false
47784700,233557,233408,0,233408,47814800,233707,233558,0,233558,30100,150,4983.39,false
47814800,233707,233558,0,233558,47844900,233857,233708,0,233708,30100,150,4983.39,false
47844900,233857,233708,0,233708,47875000,234007,233858,0,233858,30100,150,4983.39,false
47875000,234007,233858,0,233858,47905100,234157,234008,0,234008,30100,150,4983.39,false
47905100,234157,234008,0,234008,47935200,234307,234158,0,234158,30100,150,4983.39,false
47935200,234307,234158,0,234158,47965300,234457,234308,0,234308,30100,150,4983.39,false
47965300,234457,234308,0,234308,47995400,234607,234458,0,234458,30100,150,4983.39,false
47995400,234607,234458,0,234458,48025500,234757,234608,0,234608,30100,150,4983.39,false
48025500,234757,234608,0,234608,48055600,234907,234758,0,234758,30100,150,4983.39,false
48055600,234907,234758,0,234758,48085700,235057,234908,0,234908,30100,150,4983.39,false
48085700,235057,234908,0,234908,48115800,235207,235058,0,235058,30100,150,4983.39,false
48115800,235207,235058,0,235058,48145900,235357,235208,0,235208,30100,150,4983.39,false
48145900,235357,235208,0,235208,48176000,235507,235358,0,235358,30100,150,4983.39,false
48176000,235507,235358,0,235358,48206100,235657,235508,0,235508,30100,150,4983.39,false
48206100,235657,235508,0,235508,48236200,235807,235658,0,235658,30100,150,4983.39,false
48236200,235807,235658,0,235658,48266300,235957,235808,0,235808,30100,150,4983.39,false
48266300,235957,235808,0,235808,48296400,236107,235958,0,235958,30100,150,4983.39,false
48296400,236107,235958,0,235958,48326500,236257,236108,0,236108,30100,150,4983.39,false
48326500,236257,236108,0,236108,48356600,236407,236258,0,236258,30100,150,4983.39,false
48356600,236407,236258,0,236258,48386700,236557,236408,0,236408,30100,150,4983.39,false
48386700,236557,236408,0,236408,48416800,236707,236558,0,236558,30100,150,4983.39,false
48416800,236707,236558,0,236558,48446900,236857,236708,0,236708,30100,150,4983.39,false
48446900,236857,236708,0,236708,48477000,237007,236858,0,236858,30100,150,4983.39,false
48477000,237007,236858,0,236858,48507100,237157,237008,0,237008,30100,150,4983.39,false
48507100,237157,237008,0,237008,48537200,237307,237158,0,237158,30100,150,4983.39,false
48537200,237307,237158,0,237158,48567300,237457,237308,0,237308,30100,150,4983.39,false
48567300,237457,237308,0,237308,48597400,237607,237458,0,237458,30100,150,4983.39,false
48597400,237607,237458,0,237458,48627500,237757,237608,0,237608,30100,150,4983.39,false
48627500,237757,237608,0,237608,48657600,237907,237758,0,237758,30100,150,4983.39,false
48657600,237907,237758,0,237758,48687700,238057,237908,0,237908,30100,150,4983.39,false
48687700,238057,237908,0,237908,48717800,238207,238058,0,238058,30100,150,4983.39,false
48717800,238207,238058,0,238058,48747900,238357,238208,0,238208,30100,150,4983.39,false
48747900,238357,238208,0,238208,48778000,238507,238358,0,238358,30100,150,4983.39,false
48778000,238507,238358,0,238358,48808100,238657,238508,0,238508,30100,150,4983.39,false
48808100,238657,238508,0,238508,48838200,238807,238658,0,238658,30100,150,4983.39,false
48838200,238807,238658,0,238658,48868300,238957,238808,0,238808,30100,150,4983.39,false
48868300,238957,238808,0,238808,48898400,239107,238958,0,238958,30100,150,4983.39,false
48898400,239107,238958,0,238958,48928500,239257,239108,0,239108,30100,150,4983.39,false
48928500,239257,239108,0,239108,48958600,239407,239258,0,239258,30100,150,4983.39,false
48958600,239407,239258,0,239258,48988700,239557,239408,0,239408,30100,150,4983.39,false
48988700,239557,239408,0,239408,49018800,239707,239558,0,239558,30100,150,4983.39,false
49018800,239707,239558,0,239558,49089300,239857,239708,0,239708,70500,150,2127.66,false
49089300,239857,239708,0,239708,49159800,240007,239858,0,239858,70500,150,2127.66,false
49159800,240007,239858,0,239858,49194000,240157,240008,0,240008,34200,150,4385.96,false
49194000,240157,240008,0,240008,49224100,240307,240158,0,240158,30100,150,4983.39,false
49224100,240307,240158,0,240158,49254200,240457,240308,0,240308,30100,150,4983.39,false
49254300,240458,240309,0,240309,49284400,240608,240459,0,240459,30100,150,4983.39,false
49284400,240608,240459,0,240459,49314500,240758,240609,0,240609,30100,150,4983.39,false
49314500,240758,240609,0,240609,49344600,240908,240759,0,240759,30100,150,4983.39,false
49344600,240908,240759,0,240759,49374700,241058,240909,0,240909,30100,150,4983.39,false
49374700,241058,240909,0,240909,49404800,241208,241059,0,241059,30100,150,4983.39,false
49404800,241208,241059,0,241059,49434900,241358,241209,0,241209,30100,150,4983.39,false
49434900,241358,241209,0,241209,49465000,241508,241359,0,241359,30100,150,4983.39,false
49465000,241508,241359,0,241359,49495100,241658,241509,0,241509,30100,150,4983.39,false
49495100,241658,241509,0,241509,49525200,241808,241659,0,241659,30100,150,4983.39,false
49525200,241808,241659,0,241659,49555300,241958,241809,0,241809,30100,150,4983.39,false
49555300,241958,241809,0,241809,49585400,242108,241959,0,241959,30100,150,4983.39,false
49585400,242108,241959,0,241959,49615500,242258,242109,0,242109,30100,150,4983.39,false
49615500,242258,242109,0,242109,49645600,242809,242259,0,242259,30100,150,4983.39,true
49645600,242809,242259,0,242259,49715800,243360,242810,0,242810,70200,551,7849.00,true
49715800,243360,242810,0,242810,49786000,243551,243361,0,243361,70200,551,7849.00,true
49786000,243551,243361,0,243361,49820200,243701,243552,0,243552,34200,191,5584.80,true
49820200,243701,243552,0,243552,49850300,243851,243702,0,243702,30100,150,4983.39,false
49850300,243851,243702,0,243702,49880400,244001,243852,0,243852,30100,150,4983.39,false
49880400,244001,243852,0,243852,49910500,244151,244002,0,244002,30100,150,4983.39,false
49910500,244151,244002,0,244002,49940600,244301,244152,0,244152,30100,150,4983.39,false
49940600,244301,244152,0,244152,49970700,244451,244302,0,244302,30100,150,4983.39,false
49970700,244451,244302,0,244302,50000800,244601,244452,0,244452,30100,150,4983.39,false
50000800,244601,244452,0,244452,50030900,244751,244602,0,244602,30100,150,4983.39,false
50030900,244751,244602,0,244602,50061000,244901,244752,0,244752,30100,150,4983.39,false
50061000,244901,244752,0,244752,50091100,245051,244902,0,244902,30100,150,4983.39,false
50091100,245051,244902,0,244902,50121200,245201,245052,0,245052,30100,150,4983.39,false
50121200,245201,245052,0,245052,50151300,245351,245202,0,245202,30100,150,4983.39,false
50151300,245351,245202,0,245202,50181400,245501,245352,0,245352,30100,150,4983.39,false
50181400,245501,245352,0,245352,50211500,245651,245502,0,245502,30100,150,4983.39,false
50211500,245651,245502,0,245502,50241600,245801,245652,0,245652,30100,150,4983.39,false
50241600,245801,245652,0,245652,50271700,245951,245802,0,245802,30100,150,4983.39,false
50271700,245951,245802,0,245802,50301800,246101,245952,0,245952,30100,150,4983.39,false
50301800,246101,245952,0,245952,50331900,246251,246102,0,246102,30100,150,4983.39,false
50331900,246251,246102,0,246102,50362000,246401,246252,0,246252,30100,150,4983.39,false
50362000,246401,246252,0,246252,50392100,246551,246402,0,246402,30100,150,4983.39,false
50392100,246551,246402,0,246402,50422200,246701,246552,0,246552,30100,150,4983.39,false
50422200,246701,246552,0,246552,50452300,246851,246702,0,246702,30100,150,4983.39,false
50452300,246851,246702,0,246702,50482400,247001,246852,0,246852,30100,150,4983.39,false
50482400,247001,246852,0,246852,50512500,247151,247002,0,247002,30100,150,4983.39,false
50512500,247151,247002,0,247002,50542600,247301,247152,0,247152,30100,150,4983.39,false
50542600,247301,247152,0,247152,50572700,247451,247302,0,247302,30100,150,4983.39,false
50572700,247451,247302,0,247302,50602800,247601,247452,0,247452,30100,150,4983.39,false
50602800,247601,247452,0,247452,50632900,247751,247602,0,247602,30100,150,4983.39,false
50632900,247751,247602,0,247602,50663000,247901,247752,0,247752,30100,150,4983.39,false
50663000,247901,247752,0,247752,50693100,248051,247902,0,247902,30100,150,4983.39,false
50693100,248051,247902,0,247902,50723200,248201,248052,0,248052,30100,150,4983.39,false
50723200,248201,248052,0,248052,50753300,248351,248202,0,248202,30100,150,4983.39,false
50753300,248351,248202,0,248202,50783400,248501,248352,0,248352,30100,150,4983.39,false
50783400,248501,248352,0,248352,50813500,248651,248502,0,248502,30100,150,4983.39,false
50813500,248651,248502,0,248502,50843600,248801,248652,0,248652,30100,150,4983.39,false
50843600,248801,248652,0,248652,50873700,248951,248802,0,248802,30100,150,4983.39,false
50873700,248951,248802,0,248802,50903800,249101,248952,0,248952,30100,150,4983.39,false
50903800,249101,248952,0,248952,50933900,249251,249102,0,249102,30100,150,4983.39,false
50933900,249251,249102,0,249102,50964000,249401,249252,0,249252,30100,150,4983.39,false
50964000,249401,249252,0,249252,50994100,249551,249402,0,249402,30100,150,4983.39,false
50994100,249551,249402,0,249402,51024200,249701,249552,0,249552,30100,150,4983.39,false
51024200,249701,249552,0,249552,51054300,249851,249702,0,249702,30100,150,4983.39,false
51054300,249851,249702,0,249702,51084400,250001,249852,0,249852,30100,150,4983.39,false
51084400,250001,249852,0,249852,51114500,250151,250002,0,250002,30100,150,4983.39,false
51114500,250151,250002,0,250002,51144600,250301,250152,0,250152,30100,150,4983.39,false
51144600,250301,250152,0,250152,51174700,250451,250302,0,250302,30100,150,4983.39,false
51174700,250451,250302,0,250302,51204800,250601,250452,0,250452,30100,150,4983.39,false
51204800,250601,250452,0,250452,51234900,250751,250602,0,250602,30100,150,4983.39,false
51234900,250751,250602,0,250602,51265000,250901,250752,0,250752,30100,150,4983.39,false
51265000,250901,250752,0,250752,51295100,251051,250902,0,250902,30100,150,4983.39,false
51295100,251051,250902,0,250902,51325200,251201,251052,0,251052,30100,150,4983.39,false
51325200,251201,251052,0,251052,51355300,251351,251202,0,251202,30100,150,4983.39,false
51355300,251351,251202,0,251202,51385400,251501,251352,0,251352,30100,150,4983.39,false
51385400,251501,251352,0,251352,51415500,251651,251502,0,251502,30100,150,4983.39,false
51415500,251651,251502,0,251502,51445600,251801,251652,0,251652,30100,150,4983.39,false
51445600,251801,251652,0,251652,51475700,251951,251802,0,251802,30100,150,4983.39,false
51475700,251951,251802,0,251802,51505800,252101,251952,0,251952,30100,150,4983.39,false
51505800,252101,251952,0,251952,51535900,252251,252102,0,252102,30100,150,4983.39,false
51535900,252251,252102,0,252102,51566000,252401,252252,0,252252,30100,150,4983.39,false
51566000,252401,252252,0,252252,51596100,252551,252402,0,252402,30100,150,4983.39,false
51596100,252551,252402,0,252402,51626200,252701,252552,0,252552,30100,150,4983.39,false
51626200,252701,252552,0,252552,51656300,252851,252702,0,252702,30100,150,4983.39,false
51656300,252851,252702,0,252702,51686400,253001,252852,0,252852,30100,150,4983.39,false
51686400,253001,252852,0,252852,51716500,253151,253002,0,253002,30100,150,4983.39,false
51716500,253151,253002,0,253002,51746600,253301,253152,0,253152,30100,150,4983.39,false
51746600,253301,253152,0,253152,51776700,253451,253302,0,253302,30100,150,4983.39,false
51776700,253451,253302,0,253302,51806800,253601,253452,0,253452,30100,150,4983.39,false
51806800,253601,253452,0,253452,51836900,253751,253602,0,253602,30100,150,4983.39,false
51836900,253751,253602,0,253602,51867000,253901,253752,0,253752,30100,150,4983.39,false
51867000,253901,253752,0,253752,51897100,254051,253902,0,253902,30100,150,4983.39,false
51897100,254051,253902,0,253902,51927200,254201,254052,0,254052,30100,150,4983.39,false
51927200,254201,254052,0,254052,51957300,254351,254202,0,254202,30100,150,4983.39,false
51957300,254351,254202,0,254202,51987400,254501,254352,0,254352,30100,150,4983.39,false
51987400,254501,254352,0,254352,52017500,254651,254502,0,254502,30100,150,4983.39,false
52017500,254651,254502,0,254502,52047600,254801,254652,0,254652,30100,150,4983.39,false
52047600,254801,254652,0,254652,52077700,254951,254802,0,254802,30100,150,4983.39,false
52077700,254951,254802,0,254802,52107800,255101,254952,0,254952,30100,150,4983.39,false
52107800,255101,254952,0,254952,52137900,255251,255102,0,255102,30100,150,4983.39,false
52137900,255251,255102,0,255102,52168000,255401,255252,0,255252,30100,150,4983.39,false
52168000,255401,255252,0,255252,52198100,255551,255402,0,255402,30100,150,4983.39,false
52198100,255551,255402,0,255402,52228200,255701,255552,0,255552,30100,150,4983.39,false
52228200,255701,255552,0,255552,52258300,255851,255702,0,255702,30100,150,4983.39,false
52258300,255851,255702,0,255702,52288400,256001,255852,0,255852,30100,150,4983.39,false
52288400,256001,255852,0,255852,52318500,256151,256002,0,256002,30100,150,4983.39,false
52318500,256151,256002,0,256002,52348600,256301,256152,0,256152,30100,150,4983.39,false
52348600,256301,256152,0,256152,52378700,256451,256302,0,256302,30100,150,4983.39,false
52378700,256451,256302,0,256302,52408800,256601,256452,0,256452,30100,150,4983.39,false
52408800,256601,256452,0,256452,52438900,256751,256602,0,256602,30100,150,4983.39,false
52438900,256751,256602,0,256602,52469000,256901,256752,0,256752,30100,150,4983.39,false
52469000,256901,256752,0,256752,52499100,257051,256902,0,256902,30100,150,4983.39,false
52499100,257051,256902,0,256902,52529200,257201,257052,0,257052,30100,150,4983.39,false
52529200,257201,257052,0,257052,52559300,257351,257202,0,257202,30100,150,4983.39,false
52559300,257351,257202,0,257202,52589400,257501,257352,0,257352,30100,150,4983.39,false
52589400,257501,257352,0,257352,52619500,257651,257502,0,257502,30100,150,4983.39,false
52619500,257651,257502,0,257502,52649600,257801,257652,0,257652,30100,150,4983.39,false
52649600,257801,257652,0,257652,52679700,257951,257802,0,257802,30100,150,4983.39,false
52679700,257951,257802,0,257802,52709800,258101,257952,0,257952,30100,150,4983.39,false
52709800,258101,257952,0,257952,52739900,258251,258102,0,258102,30100,150,4983.39,false
52739900,258251,258102,0,258102,52770000,258401,258252,0,258252,30100,150,4983.39,false
52770000,258401,258252,0,258252,52800100,258551,258402,0,258402,30100,150,4983.39,false
52800100,258551,258402,0,258402,52830200,258701,258552,0,258552,30100,150,4983.39,false
52830200,258701,258552,0,258552,52900700,258851,258702,0,258702,70500,150,2127.66,false
52900700,258851,258702,0,258702,52971200,259001,258852,0,258852,70500,150,2127.66,false
52971200,259001,258852,0,258852,53005400,259151,259002,0,259002,34200,150,4385.96,false
53005400,259151,259002,0,259002,53035500,259301,259152,0,259152,30100,150,4983.39,false
53035500,259301,259152,0,259152,53065600,259451,259302,0,259302,30100,150,4983.39,false
53065700,259452,259303,0,259303,53095800,259602,259453,0,259453,30100,150,4983.39,false
53095800,259602,259453,0,259453,53125900,259752,259603,0,259603,30100,150,4983.39,false
53125900,259752,259603,0,259603,53156000,259902,259753,0,259753,30100,150,4983.39,false
53156000,259902,259753,0,259753,53186100,260052,259903,0,259903,30100,150,4983.39,false
53186100,260052,259903,0,259903,53216200,260202,260053,0,260053,30100,150,4983.39,false
53216200,260202,260053,0,260053,53246300,260352,260203,0,260203,30100,150,4983.39,false
53246300,260352,260203,0,260203,53276400,260502,260353,0,260353,30100,150,4983.39,false
53276400,260502,260353,0,260353,53306500,260652,260503,0,260503,30100,150,4983.39,false
53306500,260652,260503,0,260503,53336600,260802,260653,0,260653,30100,150,4983.39,false
53336600,260802,260653,0,260653,53366700,260952,260803,0,260803,30100,150,4983.39,false
53366700,260952,260803,0,260803,53396800,261102,260953,0,260953,30100,150,4983.39,false
53396800,261102,260953,0,260953,53426900,261252,261103,0,261103,30100,150,4983.39,false
53426900,261252,261103,0,261103,53457000,261803,261253,0,261253,30100,150,4983.39,true
53457000,261803,261253,0,261253,53527200,262354,261804,0,261804,70200,551,7849.00,true
53527200,262354,261804,0,261804,53597400,262545,262355,0,262355,70200,551,7849.00,true
53597400,262545,262355,0,262355,53631600,262695,262546,0,262546,34200,191,5584.80,true
53631600,262695,262546,0,262546,53661700,262845,262696,0,262696,30100,150,4983.39,false
53661700,262845,262696,0,262696,53691800,262995,262846,0,262846,30100,150,4983.39,false
53691800,262995,262846,0,262846,53721900,263145,262996,0,262996,30100,150,4983.39,false
53721900,263145,262996,0,262996,53752000,263295,263146,0,263146,30100,150,4983.39,false
53752000,263295,263146,0,263146,53782100,263445,263296,0,263296,30100,150,4983.39,false
53782100,263445,263296,0,263296,53812200,263595,263446,0,263446,30100,150,4983.39,false
53812200,263595,263446,0,263446,53842300,263745,263596,0,263596,30100,150,4983.39,false
53842300,263745,263596,0,263596,53872400,263895,263746,0,263746,30100,150,4983.39,false
53872400,263895,263746,0,263746,53902500,264045,263896,0,263896,30100,150,4983.39,false
53902500,264045,263896,0,263896,53932600,264195,264046,0,264046,30100,150,4983.39,false
53932600,264195,264046,0,264046,53962700,264345,264196,0,264196,30100,150,4983.39,false
53962700,264345,264196,0,264196,53992800,264495,264346,0,264346,30100,150,4983.39,false
53992800,264495,264346,0,264346,54022900,264645,264496,0,264496,30100,150,4983.39,false
54022900,264645,264496,0,264496,54053000,264795,264646,0,264646,30100,150,4983.39,false
54053000,264795,264646,0,264646,54083100,264945,264796,0,264796,30100,150,4983.39,false
54083100,264945,264796,0,264796,54113200,265095,264946,0,264946,30100,150,4983.39,false
54113200,265095,264946,0,264946,54143300,265245,265096,0,265096,30100,150,4983.39,false
54143300,265245,265096,0,265096,54173400,265395,265246,0,265246,30100,150,4983.39,false
54173400,265395,265246,0,265246,54203500,265545,265396,0,265396,30100,150,4983.39,false
54203500,265545,265396,0,265396,54233600,265695,265546,0,265546,30100,150,4983.39,false
54233600,265695,265546,0,265546,54263700,265845,265696,0,265696,30100,150,4983.39,false
54263700,265845,265696,0,265696,54293800,265995,265846,0,265846,30100,150,4983.39,false
54293800,265995,265846,0,265846,54323900,266145,265996,0,265996,30100,150,4983.39,false
54323900,266145,265996,0,265996,54354000,266295,266146,0,266146,30100,150,4983.39,false
54354000,266295,266146,0,266146,54384100,266445,266296,0,266296,30100,150,4983.39,false
54384100,266445,266296,0,266296,54414200,266595,266446,0,266446,30100,150,4983.39,false
54414200,266595,266446,0,266446,54444300,266745,266596,0,266596,30100,150,4983.39,false
54444300,266745,266596,0,266596,54474400,266895,266746,0,266746,30100,150,4983.39,false
54474400,266895,266746,0,266746,54504500,267045,266896,0,266896,30100,150,4983.39,false
54504500,267045,266896,0,266896,54534600,267195,267046,0,267046,30100,150,4983.39,false
54534600,267195,267046,0,267046,54564700,267345,267196,0,267196,30100,150,4983.39,false
54564700,267345,267196,0,267196,54594800,267495,267346,0,267346,30100,150,4983.39,false
54594800,267495,267346,0,267346,54624900,267645,267496,0,267496,30100,150,4983.39,false
54624900,267645,267496,0,267496,54655000,267795,267646,0,267646,30100,150,4983.39,false
54655000,267795,267646,0,267646,54685100,267945,267796,0,267796,30100,150,4983.39,false
54685100,267945,267796,0,267796,54715200,268095,267946,0,267946,30100,150,4983.39,false
54715200,268095,267946,0,267946,54745300,268245,268096,0,268096,30100,150,4983.39,false
54745300,268245,268096,0,268096,54775400,268395,268246,0,268246,30100,150,4983.39,false
54775400,268395,268246,0,268246,54805500,268545,268396,0,268396,30100,150,4983.39,false
54805500,268545,268396,0,268396,54835600,268695,268546,0,268546,30100,150,4983.39,false
54835600,268695,268546,0,268546,54865700,268845,268696,0,268696,30100,150,4983.39,false
54865700,268845,268696,0,268696,54895800,268995,268846,0,268846,30100,150,4983.39,false
54895800,268995,268846,0,268846,54925900,269145,268996,0,268996,30100,150,4983.39,false
54925900,269145,268996,0,268996,54956000,269295,269146,0,269146,30100,150,4983.39,false
54956000,269295,269146,0,269146,54986100,269445,269296,0,269296,30100,150,4983.39,false
54986100,269445,269296,0,269296,55016200,269595,269446,0,269446,30100,150,4983.39,false
55016200,269595,269446,0,269446,55046300,269745,269596,0,269596,30100,150,4983.39,false
55046300,269745,269596,0,269596,55076400,269895,269746,0,269746,30100,150,4983.39,false
55076400,269895,269746,0,269746,55106500,270045,269896,0,269896,30100,150,4983.39,false
55106500,270045,269896,0,269896,55136600,270195,270046,0,270046,30100,150,4983.39,false
55136600,270195,270046,0,270046,55166700,270345,270196,0,270196,30100,150,4983.39,false
55166700,270345,270196,0,270196,55196800,270495,270346,0,270346,30100,150,4983.39,false
55196800,270495,270346,0,270346,55226900,270645,270496,0,270496,30100,150,4983.39,false
55226900,270645,270496,0,270496,55257000,270795,270646,0,270646,30100,150,4983.39,false
55257000,270795,270646,0,270646,55287100,270945,270796,0,270796,30100,150,4983.39,false
55287100,270945,270796,0,270796,55317200,271095,270946,0,270946,30100,150,4983.39,false
55317200,271095,270946,0,270946,55347300,271245,271096,0,271096,30100,150,4983.39,false
55347300,271245,271096,0,271096,55377400,271395,271246,0,271246,30100,150,4983.39,false
55377400,271395,271246,0,271246,55407500,271545,271396,0,271396,30100,150,4983.39,false
55407500,271545,271396,0,271396,55437600,271695,271546,0,271546,30100,150,4983.39,false
55437600,271695,271546,0,271546,55467700,271845,271696,0,271696,30100,150,4983.39,false
55467700,271845,271696,0,271696,55497800,271995,271846,0,271846,30100,150,4983.39,false
55497800,271995,271846,0,271846,55527900,272145,271996,0,271996,30100,150,4983.39,false
55527900,272145,271996,0,271996,55558000,272295,272146,0,272146,30100,150,4983.39,false
55558000,272295,272146,0,272146,55588100,272445,272296,0,272296,30100,150,4983.39,false
55588100,272445,272296,0,272296,55618200,272595,272446,0,272446,30100,150,4983.39,false
55618200,272595,272446,0,272446,55648300,272745,272596,0,272596,30100,150,4983.39,false
55648300,272745,272596,0,272596,55678400,272895,272746,0,272746,30100,150,4983.39,false
55678400,272895,272746,0,272746,55708500,273045,272896,0,272896,30100,150,4983.39,false
55708500,273045,272896,0,272896,55738600,273195,273046,0,273046,30100,150,4983.39,false
55738600,273195,273046,0,273046,55768700,273345,273196,0,273196,30100,150,4983.39,false
55768700,273345,273196,0,273196,55798800,273495,273346,0,273346,30100,150,4983.39,false
55798800,273495,273346,0,273346,55828900,273645,273496,0,273496,30100,150,4983.39,false
55828900,273645,273496,0,273496,55859000,273795,273646,0,273646,30100,150,4983.39,false
55859000,273795,273646,0,273646,55889100,273945,273796,0,273796,30100,150,4983.39,false
55889100,273945,273796,0,273796,55919200,274095,273946,0,273946,30100,150,4983.39,false
55919200,274095,273946,0,273946,55949300,274245,274096,0,274096,30100,150,4983.39,false
55949300,274245,274096,0,274096,55979400,274395,274246,0,274246,30100,150,4983.39,false
55979400,274395,274246,0,274246,56009500,274545,274396,0,274396,30100,150,4983.39,false
56009500,274545,274396,0,274396,56039600,274695,274546,0,274546,30100,150,4983.39,false
56039600,274695,274546,0,274546,56069700,274845,274696,0,274696,30100,150,4983.39,false
56069700,274845,274696,0,274696,56099800,274995,274846,0,274846,30100,150,4983.39,false
56099800,274995,274846,0,274846,56129900,275145,274996,0,274996,30100,150,4983.39,false
56129900,275145,274996,0,274996,56160000,275295,275146,0,275146,30100,150,4983.39,false
56160000,275295,275146,0,275146,56190100,275445,275296,0,275296,30100,150,4983.39,false
56190100,275445,275296,0,275296,56220200,275595,275446,0,275446,30100,150,4983.39,false
56220200,275595,275446,0,275446,56250300,275745,275596,0,275596,30100,150,4983.39,false
56250300,275745,275596,0,275596,56280400,275895,275746,0,275746,30100,150,4983.39,false
56280400,275895,275746,0,275746,56310500,276045,275896,0,275896,30100,150,4983.39,false
56310500,276045,275896,0,275896,56340600,276195,276046,0,276046,30100,150,4983.39,false
56340600,276195,276046,0,276046,56370700,276345,276196,0,276196,30100,150,4983.39,false
56370700,276345,276196,0,276196,56400800,276495,276346,0,276346,30100,150,4983.39,false
56400800,276495,276346,0,276346,56430900,276645,276496,0,276496,30100,150,4983.39,false
56430900,276645,276496,0,276496,56461000,276795,276646,0,276646,30100,150,4983.39,false
56461000,276795,276646,0,276646,56491100,276945,276796,0,276796,30100,150,4983.39,false
56491100,276945,276796,0,276796,56521200,277095,276946,0,276946,30100,150,4983.39,false
56521200,277095,276946,0,276946,56551300,277245,277096,0,277096,30100,150,4983.39,false
56551300,277245,277096,0,277096,56581400,277395,277246,0,277246,30100,150,4983.39,false
56581400,277395,277246,0,277246,56611500,277545,277396,0,277396,30100,150,4983.39,false
56611500,277545,277396,0,277396,56641600,277695,277546,0,277546,30100,150,4983.39,false
56641600,277695,277546,0,277546,56712100,277845,277696,0,277696,70500,150,2127.66,false
56712100,277845,277696,0,277696,56782600,277995,277846,0,277846,70500,150,2127.66,false
56782600,277995,277846,0,277846,56816800,278145,277996,0,277996,34200,150,4385.96,false
56816800,278145,277996,0,277996,56846900,278295,278146,0,278146,30100,150,4983.39,false
56846900,278295,278146,0,278146,56877000,278445,278296,0,278296,30100,150,4983.39,false
56877100,278446,278297,0,278297,56907200,278596,278447,0,278447,30100,150,4983.39,false
56907200,278596,278447,0,278447,56937300,278746,278597,0,278597,30100,150,4983.39,false
56937300,278746,278597,0,278597,56967400,278896,278747,0,278747,30100,150,4983.39,false
56967400,278896,278747,0,278747,56997500,279046,278897,0,278897,30100,150,4983.39,false
56997500,279046,278897,0,278897,57027600,279196,279047,0,279047,30100,150,4983.39,false
57027600,279196,279047,0,279047,57057700,279346,279197,0,279197,30100,150,4983.39,false
57057700,279346,279197,0,279197,57087800,279496,279347,0,279347,30100,150,4983.39,false
57087800,279496,279347,0,279347,57117900,279646,279497,0,279497,30100,150,4983.39,false
57117900,279646,279497,0,279497,57148000,279796,279647,0,279647,30100,150,4983.39,false
57148000,279796,279647,0,279647,57178100,279946,279797,0,279797,30100,150,4983.39,false
57178100,279946,279797,0,279797,57208200,280096,279947,0,279947,30100,150,4983.39,false
57208200,280096,279947,0,279947,57238300,280246,280097,0,280097,30100,150,4983.39,false
57238300,280246,280097,0,280097,57268400,280797,280247,0,280247,30100,150,4983.39,true
57268400,280797,280247,0,280247,57338600,281348,280798,0,280798,70200,551,7849.00,true
57338600,281348,280798,0,280798,57408800,281539,281349,0,281349,70200,551,7849.00,true
57408800,281539,281349,0,281349,57443000,281689,281540,0,281540,34200,191,5584.80,true
57443000,281689,281540,0,281540,57473100,281839,281690,0,281690,30100,150,4983.39,false
57473100,281839,281690,0,281690,57503200,281989,281840,0,281840,30100,150,4983.39,false
57503200,281989,281840,0,281840,57533300,282139,281990,0,281990,30100,150,4983.39,false
57533300,282139,281990,0,281990,57563400,282289,282140,0,282140,30100,150,4983.39,false
57563400,282289,282140,0,282140,57593500,282439,282290,0,282290,30100,150,4983.39,false
57593500,282439,282290,0,282290,57623600,282589,282440,0,282440,30100,150,4983.39,false
57623600,282589,282440,0,282440,57653700,282739,282590,0,282590,30100,150,4983.39,false
57653700,282739,282590,0,282590,57683800,282889,282740,0,282740,30100,150,4983.39,false
57683800,282889,282740,0,282740,57713900,283039,282890,0,282890,30100,150,4983.39,false
57713900,283039,282890,0,282890,57744000,283189,283040,0,283040,30100,150,4983.39,false
57744000,283189,283040,0,283040,57774100,283339,283190,0,283190,30100,150,4983.39,false
57774100,283339,283190,0,283190,57804200,283489,283340,0,283340,30100,150,4983.39,false
57804200,283489,283340,0,283340,57834300,283639,283490,0,283490,30100,150,4983.39,false
57834300,283639,283490,0,283490,57864400,283789,283640,0,283640,30100,150,4983.39,false
57864400,283789,283640,0,283640,57894500,283939,283790,0,283790,30100,150,4983.39,false
57894500,283939,283790,0,283790,57924600,284089,283940,0,283940,30100,150,4983.39,false
57924600,284089,283940,0,283940,57954700,284239,284090,0,284090,30100,150,4983.39,false
57954700,284239,284090,0,284090,57984800,284389,284240,0,284240,30100,150,4983.39,false
57984800,284389,284240,0,284240,58014900,284539,284390,0,284390,30100,150,4983.39,false
58014900,284539,284390,0,284390,58045000,284689,284540,0,284540,30100,150,4983.39,false
58045000,284689,284540,0,284540,58075100,284839,284690,0,284690,30100,150,4983.39,false
58075100,284839,284690,0,284690,58105200,284989,284840,0,284840,30100,150,4983.39,false
58105200,284989,284840,0,284840,58135300,285139,284990,0,284990,30100,150,4983.39,false
58135300,285139,284990,0,284990,58165400,285289,285140,0,285140,30100,150,4983.39,false
58165400,285289,285140,0,285140,58195500,285439,285290,0,285290,30100,150,4983.39,false
58195500,285439,285290,0,285290,58225600,285589,285440,0,285440,30100,150,4983.39,false
58225600,285589,285440,0,285440,58255700,285739,285590,0,285590,30100,150,4983.39,false
58255700,285739,285590,0,285590,58285800,285889,285740,0,285740,30100,150,4983.39,false
58285800,285889,285740,0,285740,58315900,286039,285890,0,285890,30100,150,4983.39,false
58315900,286039,285890,0,285890,58346000,286189,286040,0,286040,30100,150,4983.39,false
58346000,286189,286040,0,286040,58376100,286339,286190,0,286190,30100,150,4983.39,false
58376100,286339,286190,0,286190,58406200,286489,286340,0,286340,30100,150,4983.39,false
58406200,286489,286340,0,286340,58436300,286639,286490,0,286490,30100,150,4983.39,false
58436300,286639,286490,0,286490,58466400,286789,286640,0,286640,30100,150,4983.39,false
58466400,286789,286640,0,286640,58496500,286939,286790,0,286790,30100,150,4983.39,false
58496500,286939,286790,0,286790,58526600,287089,286940,0,286940,30100,150,4983.39,false
58526600,287089,286940,0,286940,58556700,287239,287090,0,287090,30100,150,4983.39,false
58556700,287239,287090,0,287090,58586800,287389,287240,0,287240,30100,150,4983.39,false
58586800,287389,287240,0,287240,58616900,287539,287390,0,287390,30100,150,4983.39,false
58616900,287539,287390,0,287390,58647000,287689,287540,0,287540,30100,150,4983.39,false
58647000,287689,287540,0,287540,58677100,287839,287690,0,287690,30100,150,4983.39,false
58677100,287839,287690,0,287690,58707200,287989,287840,0,287840,30100,150,4983.39,false
58707200,287989,287840,0,287840,58737300,288139,287990,0,287990,30100,150,4983.39,false
58737300,288139,287990,0,287990,58767400,288289,288140,0,288140,30100,150,4983.39,false
58767400,288289,288140,0,288140,58797500,288439,288290,0,288290,30100,150,4983.39,false
58797500,288439,288290,0,288290,58827600,288589,288440,0,288440,30100,150,4983.39,false
58827600,288589,288440,0,288440,58857700,288739,288590,0,288590,30100,150,4983.39,false
58857700,288739,288590,0,288590,58887800,288889,288740,0,288740,30100,150,4983.39,false
58887800,288889,288740,0,288740,58917900,289039,288890,0,288890,30100,150,4983.39,false
58917900,289039,288890,0,288890,58948000,289189,289040,0,289040,30100,150,4983.39,false
58948000,289189,289040,0,289040,58978100,289339,289190,0,289190,30100,150,4983.39,false
58978100,289339,289190,0,289190,59008200,289489,289340,0,289340,30100,150,4983.39,false
59008200,289489,289340,0,289340,59038300,289639,289490,0,289490,30100,150,4983.39,false
59038300,289639,289490,0,289490,59068400,289789,289640,0,289640,30100,150,4983.39,false
59068400,289789,289640,0,289640,59098500,289939,289790,0,289790,30100,150,4983.39,false
59098500,289939,289790,0,289790,59128600,290089,289940,0,289940,30100,150,4983.39,false
59128600,290089,289940,0,289940,59158700,290239,290090,0,290090,30100,150,4983.39,false
59158700,290239,290090,0,290090,59188800,290389,290240,0,290240,30100,150,4983.39,false
59188800,290389,290240,0,290240,59218900,290539,290390,0,290390,30100,150,4983.39,false
59218900,290539,290390,0,290390,59249000,290689,290540,0,290540,30100,150,4983.39,false
59249000,290689,290540,0,290540,59279100,290839,290690,0,290690,30100,150,4983.39,false
59279100,290839,290690,0,290690,59309200,290989,290840,0,290840,30100,150,4983.39,false
59309200,290989,290840,0,290840,59339300,291139,290990,0,290990,30100,150,4983.39,false
59339300,291139,290990,0,290990,59369400,291289,291140,0,291140,30100,150,4983.39,false
59369400,291289,291140,0,291140,59399500,291439,291290,0,291290,30100,150,4983.39,false
59399500,291439,291290,0,291290,59429600,291589,291440,0,291440,30100,150,4983.39,false
59429600,291589,291440,0,291440,59459700,291739,291590,0,291590,30100,150,4983.39,false
59459700,291739,291590,0,291590,59489800,291889,291740,0,291740,30100,150,4983.39,false
59489800,291889,291740,0,291740,59519900,292039,291890,0,291890,30100,150,4983.39,false
59519900,292039,291890,0,291890,59550000,292189,292040,0,292040,30100,150,4983.39,false
59550000,292189,292040,0,292040,59580100,292339,292190,0,292190,30100,150,4983.39,false
59580100,292339,292190,0,292190,59610200,292489,292340,0,292340,30100,150,4983.39,false
59610200,292489,292340,0,292340,59640300,292639,292490,0,292490,30100,150,4983.39,false
59640300,292639,292490,0,292490,59670400,292789,292640,0,292640,30100,150,4983.39,false
59670400,292789,292640,0,292640,59700500,292939,292790,0,292790,30100,150,4983.39,false
59700500,292939,292790,0,292790,59730600,293089,292940,0,292940,30100,150,4983.39,false
59730600,293089,292940,0,292940,59760700,293239,293090,0,293090,30100,150,4983.39,false
59760700,293239,293090,0,293090,59790800,293389,293240,0,293240,30100,150,4983.39,false
59790800,293389,293240,0,293240,59820900,293539,293390,0,293390,30100,150,4983.39,false
59820900,293539,293390,0,293390,59851000,293689,293540,0,293540,30100,150,4983.39,false
59851000,293689,293540,0,293540,59881100,293839,293690,0,293690,30100,150,4983.39,false
59881100,293839,293690,0,293690,59911200,293989,293840,0,293840,30100,150,4983.39,false
59911200,293989,293840,0,293840,59941300,294139,293990,0,293990,30100,150,4983.39,false
59941300,294139,293990,0,293990,59971400,294289,294140,0,294140,30100,150,4983.39,false
59971400,294289,294140,0,294140,60001500,294439,294290,0,294290,30100,150,4983.39,false
60001500,294439,294290,0,294290,60031600,294589,294440,0,294440,30100,150,4983.39,false
60031600,294589,294440,0,294440,60061700,294739,294590,0,294590,30100,150,4983.39,false
60061700,294739,294590,0,294590,60091800,294889,294740,0,294740,30100,150,4983.39,false
60091800,294889,294740,0,294740,60121900,295039,294890,0,294890,30100,150,4983.39,false
60121900,295039,294890,0,294890,60152000,295189,295040,0,295040,30100,150,4983.39,false
60152000,295189,295040,0,295040,60182100,295339,295190,0,295190,30100,150,4983.39,false
60182100,295339,295190,0,295190,60212200,295489,295340,0,295340,30100,150,4983.39,false
60212200,295489,295340,0,295340,60242300,295639,295490,0,295490,30100,150,4983.39,false
60242300,295639,295490,0,295490,60272400,295789,295640,0,295640,30100,150,4983.39,false
60272400,295789,295640,0,295640,60302500,295939,295790,0,295790,30100,150,4983.39,false
60302500,295939,295790,0,295790,60332600,296089,295940,0,295940,30100,150,4983.39,false
60332600,296089,295940,0,295940,60362700,296239,296090,0,296090,30100,150,4983.39,false
60362700,296239,296090,0,296090,60392800,296389,296240,0,296240,30100,150,4983.39,false
60392800,296389,296240,0,296240,60422900,296539,296390,0,296390,30100,150,4983.39,false
60422900,296539,296390,0,296390,60453000,296689,296540,0,296540,30100,150,4983.39,false
60453000,296689,296540,0,296540,60523500,296839,296690,0,296690,70500,150,2127.66,false
60523500,296839,296690,0,296690,60594000,296989,296840,0,296840,70500,150,2127.66,false
60594000,296989,296840,0,296840,60628200,297139,296990,0,296990,34200,150,4385.96,false
60628200,297139,296990,0,296990,60658300,297289,297140,0,297140,30100,150,4983.39,false
60658300,297289,297140,0,297140,60688400,297439,297290,0,297290,30100,150,4983.39,false
60688500,297440,297291,0,297291,60718600,297590,297441,0,297441,30100,150,4983.39,false
60718600,297590,297441,0,297441,60748700,297740,297591,0,297591,30100,150,4983.39,false
60748700,297740,297591,0,297591,60778800,297890,297741,0,297741,30100,150,4983.39,false
60778800,297890,297741,0,297741,60808900,298040,297891,0,297891,30100,150,4983.39,false
60808900,298040,297891,0,297891,60839000,298190,298041,0,298041,30100,150,4983.39,false
60839000,298190,298041,0,298041,60869100,298340,298191,0,298191,30100,150,4983.39,false
60869100,298340,298191,0,298191,60899200,298490,298341,0,298341,30100,150,4983.39,false
60899200,298490,298341,0,298341,60929300,298640,298491,0,298491,30100,150,4983.39,false
60929300,298640,298491,0,298491,60959400,298790,298641,0,298641,30100,150,4983.39,false
60959400,298790,298641,0,298641,60989500,298940,298791,0,298791,30100,150,4983.39,false
60989500,298940,298791,0,298791,61019600,299090,298941,0,298941,30100,150,4983.39,false
61019600,299090,298941,0,298941,61049700,299240,299091,0,299091,30100,150,4983.39,false
61049700,299240,299091,0,299091,61079800,299791,299241,0,299241,30100,150,4983.39,true
61079800,299791,299241,0,299241,61150000,300342,299792,0,299792,70200,551,7849.00,true
61150000,300342,299792,0,299792,61220200,300533,300343,0,300343,70200,551,7849.00,true
61220200,300533,300343,0,300343,61254400,300683,300534,0,300534,34200,191,5584.80,true
61254400,300683,300534,0,300534,61284500,300833,300684,0,300684,30100,150,4983.39,false
61284500,300833,300684,0,300684,61314600,300983,300834,0,300834,30100,150,4983.39,false
61314600,300983,300834,0,300834,61344700,301133,300984,0,300984,30100,150,4983.39,false
61344700,301133,300984,0,300984,61374800,301283,301134,0,301134,30100,150,4983.39,false
61374800,301283,301134,0,301134,61404900,301433,301284,0,301284,30100,150,4983.39,false
61404900,301433,301284,0,301284,61435000,301583,301434,0,301434,30100,150,4983.39,false
61435000,301583,301434,0,301434,61465100,301733,301584,0,301584,30100,150,4983.39,false
61465100,301733,301584,0,301584,61495200,301883,301734,0,301734,30100,150,4983.39,false
61495200,301883,301734,0,301734,61525300,302033,301884,0,301884,30100,150,4983.39,false
61525300,302033,301884,0,301884,61555400,302183,302034,0,302034,30100,150,4983.39,false
61555400,302183,302034,0,302034,61585500,302333,302184,0,302184,30100,150,4983.39,false
61585500,302333,302184,0,302184,61615600,302483,302334,0,302334,30100,150,4983.39,false
61615600,302483,302334,0,302334,61645700,302633,302484,0,302484,30100,150,4983.39,false
61645700,302633,302484,0,302484,61675800,302783,302634,0,302634,30100,150,4983.39,false
61675800,302783,302634,0,302634,61705900,302933,302784,0,302784,30100,150,4983.39,false
61705900,302933,302784,0,302784,61736000,303083,302934,0,302934,30100,150,4983.39,false
61736000,303083,302934,0,302934,61766100,303233,303084,0,303084,30100,150,4983.39,false
61766100,303233,303084,0,303084,61796200,303383,303234,0,303234,30100,150,4983.39,false
61796200,303383,303234,0,303234,61826300,303533,303384,0,303384,30100,150,4983.39,false
61826300,303533,303384,0,303384,61856400,303683,303534,0,303534,30100,150,4983.39,false
61856400,303683,303534,0,303534,61886500,303833,303684,0,303684,30100,150,4983.39,false
61886500,303833,303684,0,303684,61916600,303983,303834,0,303834,30100,150,4983.39,false
61916600,303983,303834,0,303834,61946700,304133,303984,0,303984,30100,150,4983.39,false
61946700,304133,303984,0,303984,61976800,304283,304134,0,304134,30100,150,4983.39,false
61976800,304283,304134,0,304134,62006900,304433,304284,0,304284,30100,150,4983.39,false
62006900,304433,304284,0,304284,62037000,304583,304434,0,304434,30100,150,4983.39,false
62037000,304583,304434,0,304434,62067100,304733,304584,0,304584,30100,150,4983.39,false
62067100,304733,304584,0,304584,62097200,304883,304734,0,304734,30100,150,4983.39,false
62097200,304883,304734,0,304734,62127300,305033,304884,0,304884,30100,150,4983.39,false
62127300,305033,304884,0,304884,62157400,305183,305034,0,305034,30100,150,4983.39,false
62157400,305183,305034,0,305034,62187500,305333,305184,0,305184,30100,150,4983.39,false
62187500,305333,305184,0,305184,62217600,305483,305334,0,305334,30100,150,4983.39,false
62217600,305483,305334,0,305334,62247700,305633,305484,0,305484,30100,150,4983.39,false
62247700,305633,305484,0,305484,62277800,305783,305634,0,305634,30100,150,4983.39,false
62277800,305783,305634,0,305634,62307900,305933,305784,0,305784,30100,150,4983.39,false
62307900,305933,305784,0,305784,62338000,306083,305934,0,305934,30100,150,4983.39,false
62338000,306083,305934,0,305934,62368100,306233,306084,0,306084,30100,150,4983.39,false
62368100,306233,306084,0,306084,62398200,306383,306234,0,306234,30100,150,4983.39,false
62398200,306383,306234,0,306234,62428300,306533,306384,0,306384,30100,150,4983.39,false
62428300,306533,306384,0,306384,62458400,306683,306534,0,306534,30100,150,4983.39,false
62458400,306683,306534,0,306534,62488500,306833,306684,0,306684,30100,150,4983.39,false
62488500,306833,306684,0,306684,62518600,306983,306834,0,306834,30100,150,4983.39,false
62518600,306983,306834,0,306834,62548700,307133,306984,0,306984,30100,150,4983.39,false
62548700,307133,306984,0,306984,62578800,307283,307134,0,307134,30100,150,4983.39,false
62578800,307283,307134,0,307134,62608900,307433,307284,0,307284,30100,150,4983.39,false
62608900,307433,307284,0,307284,62639000,307583,307434,0,307434,30100,150,4983.39,false
62639000,307583,307434,0,307434,62669100,307733,307584,0,307584,30100,150,4983.39,false
62669100,307733,307584,0,307584,62699200,307883,307734,0,307734,30100,150,4983.39,false
62699200,307883,307734,0,307734,62729300,308033,307884,0,307884,30100,150,4983.39,false
62729300,308033,307884,0,307884,62759400,308183,308034,0,308034,30100,150,4983.39,false
62759400,308183,308034,0,308034,62789500,308333,308184,0,308184,30100,150,4983.39,false
62789500,308333,308184,0,308184,62819600,308483,308334,0,308334,30100,150,4983.39,false
62819600,308483,308334,0,308334,62849700,308633,308484,0,308484,30100,150,4983.39,false
62849700,308633,308484,0,308484,62879800,308783,308634,0,308634,30100,150,4983.39,false
62879800,308783,308634,0,308634,62909900,308933,308784,0,308784,30100,150,4983.39,false
62909900,308933,308784,0,308784,62940000,309083,308934,0,308934,30100,150,4983.39,false
62940000,309083,308934,0,308934,62970100,309233,309084,0,309084,30100,150,4983.39,false
62970100,309233,309084,0,309084,63000200,309383,309234,0,309234,30100,150,4983.39,false
63000200,309383,309234,0,309234,63030300,309533,309384,0,309384,30100,150,4983.39,false
63030300,309533,309384,0,309384,63060400,309683,309534,0,309534,30100,150,4983.39,false
63060400,309683,309534,0,309534,63090500,309833,309684,0,309684,30100,150,4983.39,false
63090500,309833,309684,0,309684,63120600,309983,309834,0,309834,30100,150,4983.39,false
63120600,309983,309834,0,309834,63150700,310133,309984,0,309984,30100,150,4983.39,false
63150700,310133,309984,0,309984,63180800,310283,310134,0,310134,30100,150,4983.39,false
63180800,310283,310134,0,310134,63210900,310433,310284,0,310284,30100,150,4983.39,false
63210900,310433,310284,0,310284,63241000,310583,310434,0,310434,30100,150,4983.39,false
63241000,310583,310434,0,310434,63271100,310733,310584,0,310584,30100,150,4983.39,false
63271100,310733,310584,0,310584,63301200,310883,310734,0,310734,30100,150,4983.39,false
63301200,310883,310734,0,310734,63331300,311033,310884,0,310884,30100,150,4983.39,false
63331300,311033,310884,0,310884,63361400,311183,311034,0,311034,30100,150,4983.39,false
63361400,311183,311034,0,311034,63391500,311333,311184,0,311184,30100,150,4983.39,false
63391500,311333,311184,0,311184,63421600,311483,311334,0,311334,30100,150,4983.39,false
63421600,311483,311334,0,311334,63451700,311633,311484,0,311484,30100,150,4983.39,false
63451700,311633,311484,0,311484,63481800,311783,311634,0,311634,30100,150,4983.39,false
63481800,311783,311634,0,311634,63511900,311933,311784,0,311784,30100,150,4983.39,false
63511900,311933,311784,0,311784,63542000,312083,311934,0,311934,30100,150,4983.39,false
63542000,312083,311934,0,311934,63572100,312233,312084,0,312084,30100,150,4983.39,false
63572100,312233,312084,0,312084,63602200,312383,312234,0,312234,30100,150,4983.39,false
63602200,312383,312234,0,312234,63632300,312533,312384,0,312384,30100,150,4983.39,false
63632300,312533,312384,0,312384,63662400,312683,312534,0,312534,30100,150,4983.39,false
63662400,312683,312534,0,312534,63692500,312833,312684,0,312684,30100,150,4983.39,false
63692500,312833,312684,0,312684,63722600,312983,312834,0,312834,30100,150,4983.39,false
63722600,312983,312834,0,312834,63752700,313133,312984,0,312984,30100,150,4983.39,false
63752700,313133,312984,0,312984,63782800,313283,313134,0,313134,30100,150,4983.39,false
63782800,313283,313134,0,313134,63812900,313433,313284,0,313284,30100,150,4983.39,false
63812900,313433,313284,0,313284,63843000,313583,313434,0,313434,30100,150,4983.39,false
63843000,313583,313434,0,313434,63873100,313733,313584,0,313584,30100,150,4983.39,false
63873100,313733,313584,0,313584,63903200,313883,313734,0,313734,30100,150,4983.39,false
63903200,313883,313734,0,313734,63933300,314033,313884,0,313884,30100,150,4983.39,false
63933300,314033,313884,0,313884,63963400,314183,314034,0,314034,30100,150,4983.39,false
63963400,314183,314034,0,314034,63993500,314333,314184,0,314184,30100,150,4983.39,false
63993500,314333,314184,0,314184,64023600,314483,314334,0,314334,30100,150,4983.39,false
64023600,314483,314334,0,314334,64053700,314633,314484,0,314484,30100,150,4983.39,false
64053700,314633,314484,0,314484,64083800,314783,314634,0,314634,30100,150,4983.39,false
64083800,314783,314634,0,314634,64113900,314933,314784,0,314784,30100,150,4983.39,false
64113900,314933,314784,0,314784,64144000,315083,314934,0,314934,30100,150,4983.39,false
64144000,315083,314934,0,314934,64174100,315233,315084,0,315084,30100,150,4983.39,false
64174100,315233,315084,0,315084,64204200,315383,315234,0,315234,30100,150,4983.39,false
64204200,315383,315234,0,315234,64234300,315533,315384,0,315384,30100,150,4983.39,false
64234300,315533,315384,0,315384,64264400,315683,315534,0,315534,30100,150,4983.39,false
64264400,315683,315534,0,315534,64334900,315833,315684,0,315684,70500,150,2127.66,false
64334900,315833,315684,0,315684,64405400,315983,315834,0,315834,70500,150,2127.66,false
64405400,315983,315834,0,315834,64439600,316133,315984,0,315984,34200,150,4385.96,false
64439600,316133,315984,0,315984,64469700,316283,316134,0,316134,30100,150,4983.39,false
64469700,316283,316134,0,316134,64499800,316433,316284,0,316284,30100,150,4983.39,false
64499900,316434,316285,0,316285,64530000,316584,316435,0,316435,30100,150,4983.39,false
64530000,316584,316435,0,316435,64560100,316734,316585,0,316585,30100,150,4983.39,false
64560100,316734,316585,0,316585,64590200,316884,316735,0,316735,30100,150,4983.39,false
64590200,316884,316735,0,316735,64620300,317034,316885,0,316885,30100,150,4983.39,false
64620300,317034,316885,0,316885,64650400,317184,317035,0,317035,30100,150,4983.39,false
64650400,317184,317035,0,317035,64680500,317334,317185,0,317185,30100,150,4983.39,false
64680500,317334,317185,0,317185,64710600,317484,317335,0,317335,30100,150,4983.39,false
64710600,317484,317335,0,317335,64740700,317634,317485,0,317485,30100,150,4983.39,false
64740700,317634,317485,0,317485,64770800,317784,317635,0,317635,30100,150,4983.39,false
64770800,317784,317635,0,317635,64800900,317934,317785,0,317785,30100,150,4983.39,false
64800900,317934,317785,0,317785,64831000,318084,317935,0,317935,30100,150,4983.39,false
64831000,318084,317935,0,317935,64861100,318234,318085,0,318085,30100,150,4983.39,false
64861100,318234,318085,0,318085,64891200,318785,318235,0,318235,30100,150,4983.39,true
64891200,318785,318235,0,318235,64961400,319336,318786,0,318786,70200,551,7849.00,true
64961400,319336,318786,0,318786,65031600,319527,319337,0,319337,70200,551,7849.00,true
65031600,319527,319337,0,319337,65065800,319677,319528,0,319528,34200,191,5584.80,true
65065800,319677,319528,0,319528,65095900,319827,319678,0,319678,30100,150,4983.39,false
65095900,319827,319678,0,319678,65126000,319977,319828,0,319828,30100,150,4983.39,false
65126000,319977,319828,0,319828,65156100,320127,319978,0,319978,30100,150,4983.39,false
65156100,320127,319978,0,319978,65186200,320277,320128,0,320128,30100,150,4983.39,false
65186200,320277,320128,0,320128,65216300,320427,320278,0,320278,30100,150,4983.39,false
65216300,320427,320278,0,320278,65246400,320577,320428,0,320428,30100,150,4983.39,false
65246400,320577,320428,0,320428,65276500,320727,320578,0,320578,30100,150,4983.39,false
65276500,320727,320578,0,320578,65306600,320877,320728,0,320728,30100,150,4983.39,false
65306600,320877,320728,0,320728,65336700,321027,320878,0,320878,30100,150,4983.39,false
65336700,321027,320878,0,320878,65366800,321177,321028,0,321028,30100,150,4983.39,false
65366800,321177,321028,0,321028,65396900,321327,321178,0,321178,30100,150,4983.39,false
65396900,321327,321178,0,321178,65427000,321477,321328,0,321328,30100,150,4983.39,false
65427000,321477,321328,0,321328,65457100,321627,321478,0,321478,30100,150,4983.39,false
65457100,321627,321478,0,321478,65487200,321777,321628,0,321628,30100,150,4983.39,false
65487200,321777,321628,0,321628,65517300,321927,321778,0,321778,30100,150,4983.39,false
65517300,321927,321778,0,321778,65547400,322077,321928,0,321928,30100,150,4983.39,false
65547400,322077,321928,0,321928,65577500,322227,322078,0,322078,30100,150,4983.39,false
65577500,322227,322078,0,322078,65607600,322377,322228,0,322228,30100,150,4983.39,false
65607600,322377,322228,0,322228,65637700,322527,322378,0,322378,30100,150,4983.39,false
65637700,322527,322378,0,322378,65667800,322677,322528,0,322528,30100,150,4983.39,false
65667800,322677,322528,0,322528,65697900,322827,322678,0,322678,30100,150,4983.39,false
65697900,322827,322678,0,322678,65728000,322977,322828,0,322828,30100,150,4983.39,false
65728000,322977,322828,0,322828,65758100,323127,322978,0,322978,30100,150,4983.39,false
65758100,323127,322978,0,322978,65788200,323277,323128,0,323128,30100,150,4983.39,false
65788200,323277,323128,0,323128,65818300,323427,323278,0,323278,30100,150,4983.39,false
65818300,323427,323278,0,323278,65848400,323577,323428,0,323428,30100,150,4983.39,false
65848400,323577,323428,0,323428,65878500,323727,323578,0,323578,30100,150,4983.39,false
65878500,323727,323578,0,323578,65908600,323877,323728,0,323728,30100,150,4983.39,false
65908600,323877,323728,0,323728,65938700,324027,323878,0,323878,30100,150,4983.39,false
65938700,324027,323878,0,323878,65968800,324177,324028,0,324028,30100,150,4983.39,false
65968800,324177,324028,0,324028,65998900,324327,324178,0,324178,30100,150,4983.39,false
65998900,324327,324178,0,324178,66029000,324477,324328,0,324328,30100,150,4983.39,false
66029000,324477,324328,0,324328,66059100,324627,324478,0,324478,30100,150,4983.39,false
66059100,324627,324478,0,324478,66089200,324777,324628,0,324628,30100,150,4983.39,false
66089200,324777,324628,0,324628,66119300,324927,324778,0,324778,30100,150,4983.39,false
66119300,324927,324778,0,324778,66149400,325077,324928,0,324928,30100,150,4983.39,false
66149400,325077,324928,0,324928,66179500,325227,325078,0,325078,30100,150,4983.39,false
66179500,325227,325078,0,325078,66209600,325377,325228,0,325228,30100,150,4983.39,false
66209600,325377,325228,0,325228,66239700,325527,325378,0,325378,30100,150,4983.39,false
66239700,325527,325378,0,325378,66269800,325677,325528,0,325528,30100,150,4983.39,false
66269800,325677,325528,0,325528,66299900,325827,325678,0,325678,30100,150,4983.39,false
66299900,325827,325678,0,325678,66330000,325977,325828,0,325828,30100,150,4983.39,false
66330000,325977,325828,0,325828,66360100,326127,325978,0,325978,30100,150,4983.39,false
66360100,326127,325978,0,325978,66390200,326277,326128,0,326128,30100,150,4983.39,false
66390200,326277,326128,0,326128,66420300,326427,326278,0,326278,30100,150,4983.39,false
66420300,326427,326278,0,326278,66450400,326577,326428,0,326428,30100,150,4983.39,false
66450400,326577,326428,0,326428,66480500,326727,326578,0,326578,30100,150,4983.39,false
66480500,326727,326578,0,326578,66510600,326877,326728,0,326728,30100,150,4983.39,false
66510600,326877,326728,0,326728,66540700,327027,326878,0,326878,30100,150,4983.39,false
66540700,327027,326878,0,326878,66570800,327177,327028,0,327028,30100,150,4983.39,false
66570800,327177,327028,0,327028,66600900,327327,327178,0,327178,30100,150,4983.39,false
66600900,327327,327178,0,327178,66631000,327477,327328,0,327328,30100,150,4983.39,false
66631000,327477,327328,0,327328,66661100,327627,327478,0,327478,30100,150,4983.39,false
66661100,327627,327478,0,327478,66691200,327777,327628,0,327628,30100,150,4983.39,false
66691200,327777,327628,0,327628,66721300,327927,327778,0,327778,30100,150,4983.39,false
66721300,327927,327778,0,327778,66751400,328077,327928,0,327928,30100,150,4983.39,false
66751400,328077,327928,0,327928,66781500,328227,328078,0,328078,30100,150,4983.39,false
66781500,328227,328078,0,328078,66811600,328377,328228,0,328228,30100,150,4983.39,false
66811600,328377,328228,0,328228,66841700,328527,328378,0,328378,30100,150,4983.39,false
66841700,328527,328378,0,328378,66871800,328677,328528,0,328528,30100,150,4983.39,false
66871800,328677,328528,0,328528,66901900,328827,328678,0,328678,30100,150,4983.39,false
66901900,328827,328678,0,328678,66932000,328977,328828,0,328828,30100,150,4983.39,false
66932000,328977,328828,0,328828,66962100,329127,328978,0,328978,30100,150,4983.39,false
66962100,329127,328978,0,328978,66992200,329277,329128,0,329128,30100,150,4983.39,false
66992200,329277,329128,0,329128,67022300,329427,329278,0,329278,30100,150,4983.39,false
67022300,329427,329278,0,329278,67052400,329577,329428,0,329428,30100,150,4983.39,false
67052400,329577,329428,0,329428,67082500,329727,329578,0,329578,30100,150,4983.39,false
67082500,329727,329578,0,329578,67112600,329877,329728,0,329728,30100,150,4983.39,false
67112600,329877,329728,0,329728,67142700,330027,329878,0,329878,30100,150,4983.39,false
67142700,330027,329878,0,329878,67172800,330177,330028,0,330028,30100,150,4983.39,false
67172800,330177,330028,0,330028,67202900,330327,330178,0,330178,30100,150,4983.39,false
67202900,330327,330178,0,330178,67233000,330477,330328,0,330328,30100,150,4983.39,false
67233000,330477,330328,0,330328,67263100,330627,330478,0,330478,30100,150,4983.39,false
67263100,330627,330478,0,330478,67293200,330777,330628,0,330628,30100,150,4983.39,false
67293200,330777,330628,0,330628,67323300,330927,330778,0,330778,30100,150,4983.39,false
67323300,330927,330778,0,330778,67353400,331077,330928,0,330928,30100,150,4983.39,false
67353400,331077,330928,0,330928,67383500,331227,331078,0,331078,30100,150,4983.39,false
67383500,331227,331078,0,331078,67413600,331377,331228,0,331228,30100,150,4983.39,false
67413600,331377,331228,0,331228,67443700,331527,331378,0,331378,30100,150,4983.39,false
67443700,331527,331378,0,331378,67473800,331677,331528,0,331528,30100,150,4983.39,false
67473800,331677,331528,0,331528,67503900,331827,331678,0,331678,30100,150,4983.39,false
67503900,331827,331678,0,331678,67534000,331977,331828,0,331828,30100,150,4983.39,false
67534000,331977,331828,0,331828,67564100,332127,331978,0,331978,30100,150,4983.39,false
67564100,332127,331978,0,331978,67594200,332277,332128,0,332128,30100,150,4983.39,false
67594200,332277,332128,0,332128,67624300,332427,332278,0,332278,30100,150,4983.39,false
67624300,332427,332278,0,332278,67654400,332577,332428,0,332428,30100,150,4983.39,false
67654400,332577,332428,0,332428,67684500,332727,332578,0,332578,30100,150,4983.39,false
67684500,332727,332578,0,332578,67714600,332877,332728,0,332728,30100,150,4983.39,false
67714600,332877,332728,0,332728,67744700,333027,332878,0,332878,30100,150,4983.39,false
67744700,333027,332878,0,332878,67774800,333177,333028,0,333028,30100,150,4983.39,false
67774800,333177,333028,0,333028,67804900,333327,333178,0,333178,30100,150,4983.39,false
67804900,333327,333178,0,333178,67835000,333477,333328,0,333328,30100,150,4983.39,false
67835000,333477,333328,0,333328,67865100,333627,333478,0,333478,30100,150,4983.39,false
67865100,333627,333478,0,333478,67895200,333777,333628,0,333628,30100,150,4983.39,false
67895200,333777,333628,0,333628,67925300,333927,333778,0,333778,30100,150,4983.39,false
67925300,333927,333778,0,333778,67955400,334077,333928,0,333928,30100,150,4983.39,false
67955400,334077,333928,0,333928,67985500,334227,334078,0,334078,30100,150,4983.39,false
67985500,334227,334078,0,334078,68015600,334377,334228,0,334228,30100,150,4983.39,false
68015600,334377,334228,0,334228,68045700,334527,334378,0,334378,30100,150,4983.39,false
68045700,334527,334378,0,334378,68075800,334677,334528,0,334528,30100,150,4983.39,false
68075800,334677,334528,0,334528,68146300,334827,334678,0,334678,70500,150,2127.66,false
68146300,334827,334678,0,334678,68216800,334977,334828,0,334828,70500,150,2127.66,false
68216800,334977,334828,0,334828,68251000,335127,334978,0,334978,34200,150,4385.96,false
68251000,335127,334978,0,334978,68281100,335277,335128,0,335128,30100,150,4983.39,false
68281100,335277,335128,0,335128,68311200,335427,335278,0,335278,30100,150,4983.39,false
68311300,335428,335279,0,335279,68341400,335578,335429,0,335429,30100,150,4983.39,false
68341400,335578,335429,0,335429,68371500,335728,335579,0,335579,30100,150,4983.39,false
68371500,335728,335579,0,335579,68401600,335878,335729,0,335729,30100,150,4983.39,false
68401600,335878,335729,0,335729,68431700,336028,335879,0,335879,30100,150,4983.39,false
68431700,336028,335879,0,335879,68461800,336178,336029,0,336029,30100,150,4983.39,false
68461800,336178,336029,0,336029,68491900,336328,336179,0,336179,30100,150,4983.39,false
68491900,336328,336179,0,336179,68522000,336478,336329,0,336329,30100,150,4983.39,false
68522000,336478,336329,0,336329,68552100,336628,336479,0,336479,30100,150,4983.39,false
68552100,336628,336479,0,336479,68582200,336778,336629,0,336629,30100,150,4983.39,false
68582200,336778,336629,0,336629,68612300,336928,336779,0,336779,30100,150,4983.39,false
68612300,336928,336779,0,336779,68642400,337078,336929,0,336929,30100,150,4983.39,false
68642400,337078,336929,0,336929,68672500,337228,337079,0,337079,30100,150,4983.39,false
68672500,337228,337079,0,337079,68702600,337779,337229,0,337229,30100,150,4983.39,true
68702600,337779,337229,0,337229,68772800,338330,337780,0,337780,70200,551,7849.00,true
68772800,338330,337780,0,337780,68843000,338521,338331,0,338331,70200,551,7849.00,true
68843000,338521,338331,0,338331,68877200,338671,338522,0,338522,34200,191,5584.80,true
68877200,338671,338522,0,338522,68907300,338821,338672,0,338672,30100,150,4983.39,false
68907300,338821,338672,0,338672,68937400,338971,338822,0,338822,30100,150,4983.39,false
68937400,338971,338822,0,338822,68967500,339121,338972,0,338972,30100,150,4983.39,false
68967500,339121,338972,0,338972,68997600,339271,339122,0,339122,30100,150,4983.39,false
68997600,339271,339122,0,339122,69027700,339421,339272,0,339272,30100,150,4983.39,false
69027700,339421,339272,0,339272,69057800,339571,339422,0,339422,30100,150,4983.39,false
69057800,339571,339422,0,339422,69087900,339721,339572,0,339572,30100,150,4983.39,false
69087900,339721,339572,0,339572,69118000,339871,339722,0,339722,30100,150,4983.39,false
69118000,339871,339722,0,339722,69148100,340021,339872,0,339872,30100,150,4983.39,false
69148100,340021,339872,0,339872,69178200,340171,340022,0,340022,30100,150,4983.39,false
69178200,340171,340022,0,340022,69208300,340321,340172,0,340172,30100,150,4983.39,false
69208300,340321,340172,0,340172,69238400,340471,340322,0,340322,30100,150,4983.39,false
69238400,340471,340322,0,340322,69268500,340621,340472,0,340472,30100,150,4983.39,false
69268500,340621,340472,0,340472,69298600,340771,340622,0,340622,30100,150,4983.39,false
69298600,340771,340622,0,340622,69328700,340921,340772,0,340772,30100,150,4983.39,false
69328700,340921,340772,0,340772,69358800,341071,340922,0,340922,30100,150,4983.39,false
69358800,341071,340922,0,340922,69388900,341221,341072,0,341072,30100,150,4983.39,false
69388900,341221,341072,0,341072,69419000,341371,341222,0,341222,30100,150,4983.39,false
69419000,341371,341222,0,341222,69449100,341521,341372,0,341372,30100,150,4983.39,false
69449100,341521,341372,0,341372,69479200,341671,341522,0,341522,30100,150,4983.39,false
69479200,341671,341522,0,341522,69509300,341821,341672,0,341672,30100,150,4983.39,false
69509300,341821,341672,0,341672,69539400,341971,341822,0,341822,30100,150,4983.39,false
69539400,341971,341822,0,341822,69569500,342121,341972,0,341972,30100,150,4983.39,false
69569500,342121,341972,0,341972,69599600,342271,342122,0,342122,30100,150,4983.39,false
69599600,342271,342122,0,342122,69629700,342421,342272,0,342272,30100,150,4983.39,false
69629700,342421,342272,0,342272,69659800,342571,342422,0,342422,30100,150,4983.39,false
69659800,342571,342422,0,342422,69689900,342721,342572,0,342572,30100,150,4983.39,false
69689900,342721,342572,0,342572,69720000,342871,342722,0,342722,30100,150,4983.39,false
69720000,342871,342722,0,342722,69750100,343021,342872,0,342872,30100,150,4983.39,false
69750100,343021,342872,0,342872,69780200,343171,343022,0,343022,30100,150,4983.39,false
69780200,343171,343022,0,343022,69810300,343321,343172,0,343172,30100,150,4983.39,false
69810300,343321,343172,0,343172,69840400,343471,343322,0,343322,30100,150,4983.39,false
69840400,343471,343322,0,343322,69870500,343621,343472,0,343472,30100,150,4983.39,false
69870500,343621,343472,0,343472,69900600,343771,343622,0,343622,30100,150,4983.39,false
69900600,343771,343622,0,343622,69930700,343921,343772,0,343772,30100,150,4983.39,false
69930700,343921,343772,0,343772,69960800,344071,343922,0,343922,30100,150,4983.39,false
69960800,344071,343922,0,343922,69990900,344221,344072,0,344072,30100,150,4983.39,false
69990900,344221,344072,0,344072,70021000,344371,344222,0,344222,30100,150,4983.39,false
70021000,344371,344222,0,344222,70051100,344521,344372,0,344372,30100,150,4983.39,false
70051100,344521,344372,0,344372,70081200,344671,344522,0,344522,30100,150,4983.39,false
70081200,344671,344522,0,344522,70111300,344821,344672,0,344672,30100,150,4983.39,false
70111300,344821,344672,0,344672,70141400,344971,344822,0,344822,30100,150,4983.39,false
70141400,344971,344822,0,344822,70171500,345121,344972,0,344972,30100,150,4983.39,false
70171500,345121,344972,0,344972,70201600,345271,345122,0,345122,30100,150,4983.39,false
70201600,345271,345122,0,345122,70231700,345421,345272,0,345272,30100,150,4983.39,false
70231700,345421,345272,0,345272,70261800,345571,345422,0,345422,30100,150,4983.39,false
70261800,345571,345422,0,345422,70291900,345721,345572,0,345572,30100,150,4983.39,false
70291900,345721,345572,0,345572,70322000,345871,345722,0,345722,30100,150,4983.39,false
70322000,345871,345722,0,345722,70352100,346021,345872,0,345872,30100,150,4983.39,false
70352100,346021,345872,0,345872,70382200,346171,346022,0,346022,30100,150,4983.39,false
70382200,346171,346022,0,346022,70412300,346321,346172,0,346172,30100,150,4983.39,false
70412300,346321,346172,0,346172,70442400,346471,346322,0,346322,30100,150,4983.39,false
70442400,346471,346322,0,346322,70472500,346621,346472,0,346472,30100,150,4983.39,false
70472500,346621,346472,0,346472,70502600,346771,346622,0,346622,30100,150,4983.39,false
70502600,346771,346622,0,346622,70532700,346921,346772,0,346772,30100,150,4983.39,false
70532700,346921,346772,0,346772,70562800,347071,346922,0,346922,30100,150,4983.39,false
70562800,347071,346922,0,346922,70592900,347221,347072,0,347072,30100,150,4983.39,false
70592900,347221,347072,0,347072,70623000,347371,347222,0,347222,30100,150,4983.39,false
70623000,347371,347222,0,347222,70653100,347521,347372,0,347372,30100,150,4983.39,false
70653100,347521,347372,0,347372,70683200,347671,347522,0,347522,30100,150,4983.39,false
70683200,347671,347522,0,347522,70713300,347821,347672,0,347672,30100,150,4983.39,false
70713300,347821,347672,0,347672,70743400,347971,347822,0,347822,30100,150,4983.39,false
70743400,347971,347822,0,347822,70773500,348121,347972,0,347972,30100,150,4983.39,false
70773500,348121,347972,0,347972,70803600,348271,348122,0,348122,30100,150,4983.39,false
70803600,348271,348122,0,348122,70833700,348421,348272,0,348272,30100,150,4983.39,false
70833700,348421,348272,0,348272,70863800,348571,348422,0,348422,30100,150,4983.39,false
70863800,348571,348422,0,348422,70893900,348721,348572,0,348572,30100,150,4983.39,false
70893900,348721,348572,0,348572,70924000,348871,348722,0,348722,30100,150,4983.39,false
70924000,348871,348722,0,348722,70954100,349021,348872,0,348872,30100,150,4983.39,false
70954100,349021,348872,0,348872,70984200,349171,349022,0,349022,30100,150,4983.39,false
70984200,349171,349022,0,349022,71014300,349321,349172,0,349172,30100,150,4983.39,false
71014300,349321,349172,0,349172,71044400,349471,349322,0,349322,30100,150,4983.39,false
71044400,349471,349322,0,349322,71074500,349621,349472,0,349472,30100,150,4983.39,false
71074500,349621,349472,0,349472,71104600,349771,349622,0,349622,30100,150,4983.39,false
71104600,349771,349622,0,349622,71134700,349921,349772,0,349772,30100,150,4983.39,false
71134700,349921,349772,0,349772,71164800,350071,349922,0,349922,30100,150,4983.39,false
71164800,350071,349922,0,349922,71194900,350221,350072,0,350072,30100,150,4983.39,false
71194900,350221,350072,0,350072,71225000,350371,350222,0,350222,30100,150,4983.39,false
71225000,350371,350222,0,350222,71255100,350521,350372,0,350372,30100,150,4983.39,false
71255100,350521,350372,0,350372,71285200,350671,350522,0,350522,30100,150,4983.39,false
71285200,350671,350522,0,350522,71315300,350821,350672,0,350672,30100,150,4983.39,false
71315300,350821,350672,0,350672,71345400,350971,350822,0,350822,30100,150,4983.39,false
71345400,350971,350822,0,350822,71375500,351121,350972,0,350972,30100,150,4983.39,false
71375500,351121,350972,0,350972,71405600,351271,351122,0,351122,30100,150,4983.39,false
71405600,351271,351122,0,351122,71435700,351421,351272,0,351272,30100,150,4983.39,false
71435700,351421,351272,0,351272,71465800,351571,351422,0,351422,30100,150,4983.39,false
71465800,351571,351422,0,351422,71495900,351721,351572,0,351572,30100,150,4983.39,false
71495900,351721,351572,0,351572,71526000,351871,351722,0,351722,30100,150,4983.39,false
71526000,351871,351722,0,351722,71556100,352021,351872,0,351872,30100,150,4983.39,false
71556100,352021,351872,0,351872,71586200,352171,352022,0,352022,30100,150,4983.39,false
71586200,352171,352022,0,352022,71616300,352321,352172,0,352172,30100,150,4983.39,false
71616300,352321,352172,0,352172,71646400,352471,352322,0,352322,30100,150,4983.39,false
71646400,352471,352322,0,352322,71676500,352621,352472,0,352472,30100,150,4983.39,false
71676500,352621,352472,0,352472,71706600,352771,352622,0,352622,30100,150,4983.39,false
71706600,352771,352622,0,352622,71736700,352921,352772,0,352772,30100,150,4983.39,false
71736700,352921,352772,0,352772,71766800,353071,352922,0,352922,30100,150,4983.39,false
71766800,353071,352922,0,352922,71796900,353221,353072,0,353072,30100,150,4983.39,false
71796900,353221,353072,0,353072,71827000,353371,353222,0,353222,30100,150,4983.39,false
71827000,353371,353222,0,353222,71857100,353521,353372,0,353372,30100,150,4983.39,false
71857100,353521,353372,0,353372,71887200,353671,353522,0,353522,30100,150,4983.39,false
71887200,353671,353522,0,353522,71957700,353821,353672,0,353672,70500,150,2127.66,false
71957700,353821,353672,0,353672,72028200,353971,353822,0,353822,70500,150,2127.66,false
72028200,353971,353822,0,353822,72062400,354121,353972,0,353972,34200,150,4385.96,false
72062400,354121,353972,0,353972,72092500,354271,354122,0,354122,30100,150,4983.39,false
72092500,354271,354122,0,354122,72122600,354421,354272,0,354272,30100,150,4983.39,false
72122700,354422,354273,0,354273,72152800,354572,354423,0,354423,30100,150,4983.39,false
72152800,354572,354423,0,354423,72182900,354722,354573,0,354573,30100,150,4983.39,false
72182900,354722,354573,0,354573,72213000,354872,354723,0,354723,30100,150,4983.39,false
72213000,354872,354723,0,354723,72243100,355022,354873,0,354873,30100,150,4983.39,false
72243100,355022,354873,0,354873,72273200,355172,355023,0,355023,30100,150,4983.39,false
72273200,355172,355023,0,355023,72303300,355322,355173,0,355173,30100,150,4983.39,false
72303300,355322,355173,0,355173,72333400,355472,355323,0,355323,30100,150,4983.39,false
72333400,355472,355323,0,355323,72363500,355622,355473,0,355473,30100,150,4983.39,false
72363500,355622,355473,0,355473,72393600,355772,355623,0,355623,30100,150,4983.39,false
72393600,355772,355623,0,355623,72423700,355922,355773,0,355773,30100,150,4983.39,false
72423700,355922,355773,0,355773,72453800,356072,355923,0,355923,30100,150,4983.39,false
72453800,356072,355923,0,355923,72483900,356222,356073,0,356073,30100,150,4983.39,false
72483900,356222,356073,0,356073,72514000,356773,356223,0,356223,30100,150,4983.39,true
72514000,356773,356223,0,356223,72584200,357324,356774,0,356774,70200,551,7849.00,true
72584200,357324,356774,0,356774,72654400,357515,357325,0,357325,70200,551,7849.00,true
72654400,357515,357325,0,357325,72688600,357665,357516,0,357516,34200,191,5584.80,true
72688600,357665,357516,0,357516,72718700,357815,357666,0,357666,30100,150,4983.39,false
72718700,357815,357666,0,357666,72748800,357965,357816,0,357816,30100,150,4983.39,false
72748800,357965,357816,0,357816,72778900,358115,357966,0,357966,30100,150,4983.39,false
72778900,358115,357966,0,357966,72809000,358265,358116,0,358116,30100,150,4983.39,false
72809000,358265,358116,0,358116,72839100,358415,358266,0,358266,30100,150,4983.39,false
72839100,358415,358266,0,358266,72869200,358565,358416,0,358416,30100,150,4983.39,false
72869200,358565,358416,0,358416,72899300,358715,358566,0,358566,30100,150,4983.39,false
72899300,358715,358566,0,358566,72929400,358865,358716,0,358716,30100,150,4983.39,false
72929400,358865,358716,0,358716,72959500,359015,358866,0,358866,30100,150,4983.39,false
72959500,359015,358866,0,358866,72989600,359165,359016,0,359016,30100,150,4983.39,false
72989600,359165,359016,0,359016,73019700,359315,359166,0,359166,30100,150,4983.39,false
73019700,359315,359166,0,359166,73049800,359465,359316,0,359316,30100,150,4983.39,false
73049800,359465,359316,0,359316,73079900,359615,359466,0,359466,30100,150,4983.39,false
73079900,359615,359466,0,359466,73110000,359765,359616,0,359616,30100,150,4983.39,false
73110000,359765,359616,0,359616,73140100,359915,359766,0,359766,30100,150,4983.39,false
73140100,359915,359766,0,359766,73170200,360065,359916,0,359916,30100,150,4983.39,false
73170200,360065,359916,0,359916,73200300,360215,360066,0,360066,30100,150,4983.39,false
73200300,360215,360066,0,360066,73230400,360365,360216,0,360216,30100,150,4983.39,false
73230400,360365,360216,0,360216,73260500,360515,360366,0,360366,30100,150,4983.39,false
73260500,360515,360366,0,360366,73290600,360665,360516,0,360516,30100,150,4983.39,false
73290600,360665,360516,0,360516,73320700,360815,360666,0,360666,30100,150,4983.39,false
73320700,360815,360666,0,360666,73350800,360965,360816,0,360816,30100,150,4983.39,false
73350800,360965,360816,0,360816,73380900,361115,360966,0,360966,30100,150,4983.39,false
73380900,361115,360966,0,360966,73411000,361265,361116,0,361116,30100,150,4983.39,false
73411000,361265,361116,0,361116,73441100,361415,361266,0,361266,30100,150,4983.39,false
73441100,361415,361266,0,361266,73471200,361565,361416,0,361416,30100,150,4983.39,false
73471200,361565,361416,0,361416,73501300,361715,361566,0,361566,30100,150,4983.39,false
73501300,361715,361566,0,361566,73531400,361865,361716,0,361716,30100,150,4983.39,false
73531400,361865,361716,0,361716,73561500,362015,361866,0,361866,30100,150,4983.39,false
73561500,362015,361866,0,361866,73591600,362165,362016,0,362016,30100,150,4983.39,false
73591600,362165,362016,0,362016,73621700,362315,362166,0,362166,30100,150,4983.39,false
73621700,362315,362166,0,362166,73651800,362465,362316,0,362316,30100,150,4983.39,false
73651800,362465,362316,0,362316,73681900,362615,362466,0,362466,30100,150,4983.39,false
73681900,362615,362466,0,362466,73712000,362765,362616,0,362616,30100,150,4983.39,false
73712000,362765,362616,0,362616,73742100,362915,362766,0,362766,30100,150,4983.39,false
73742100,362915,362766,0,362766,73772200,363065,362916,0,362916,30100,150,4983.39,false
73772200,363065,362916,0,362916,73802300,363215,363066,0,363066,30100,150,4983.39,false
73802300,363215,363066,0,363066,73832400,363365,363216,0,363216,30100,150,4983.39,false
73832400,363365,363216,0,363216,73862500,363515,363366,0,363366,30100,150,4983.39,false
73862500,363515,363366,0,363366,73892600,363665,363516,0,363516,30100,150,4983.39,false
73892600,363665,363516,0,363516,73922700,363815,363666,0,363666,30100,150,4983.39,false
73922700,363815,363666,0,363666,73952800,363965,363816,0,363816,30100,150,4983.39,false
73952800,363965,363816,0,363816,73982900,364115,363966,0,363966,30100,150,4983.39,false
73982900,364115,363966,0,363966,74013000,364265,364116,0,364116,30100,150,4983.39,false
74013000,364265,364116,0,364116,74043100,364415,364266,0,364266,30100,150,4983.39,false
74043100,364415,364266,0,364266,74073200,364565,364416,0,364416,30100,150,4983.39,false
74073200,364565,364416,0,364416,74103300,364715,364566,0,364566,30100,150,4983.39,false
74103300,364715,364566,0,364566,74133400,364865,364716,0,364716,30100,150,4983.39,false
74133400,364865,364716,0,364716,74163500,365015,364866,0,364866,30100,150,4983.39,false
74163500,365015,364866,0,364866,74193600,365165,365016,0,365016,30100,150,4983.39,false
74193600,365165,365016,0,365016,74223700,365315,365166,0,365166,30100,150,4983.39,false
74223700,365315,365166,0,365166,74253800,365465,365316,0,365316,30100,150,4983.39,false
74253800,365465,365316,0,365316,74283900,365615,365466,0,365466,30100,150,4983.39,false
74283900,365615,365466,0,365466,74314000,365765,365616,0,365616,30100,150,4983.39,false
74314000,365765,365616,0,365616,74344100,365915,365766,0,365766,30100,150,4983.39,false
74344100,365915,365766,0,365766,74374200,366065,365916,0,365916,30100,150,4983.39,false
74374200,366065,365916,0,365916,74404300,366215,366066,0,366066,30100,150,4983.39,false
74404300,366215,366066,0,366066,74434400,366365,366216,0,366216,30100,150,4983.39,false
74434400,366365,366216,0,366216,74464500,366515,366366,0,366366,30100,150,4983.39,false
74464500,366515,366366,0,366366,74494600,366665,366516,0,366516,30100,150,4983.39,false
74494600,366665,366516,0,366516,74524700,366815,366666,0,366666,30100,150,4983.39,false
74524700,366815,366666,0,366666,74554800,366965,366816,0,366816,30100,150,4983.39,false
74554800,366965,366816,0,366816,74584900,367115,366966,0,366966,30100,150,4983.39,false
74584900,367115,366966,0,366966,74615000,367265,367116,0,367116,30100,150,4983.39,false
74615000,367265,367116,0,367116,74645100,367415,367266,0,367266,30100,150,4983.39,false
74645100,367415,367266,0,367266,74675200,367565,367416,0,367416,30100,150,4983.39,false
74675200,367565,367416,0,367416,74705300,367715,367566,0,367566,30100,150,4983.39,false
74705300,367715,367566,0,367566,74735400,367865,367716,0,367716,30100,150,4983.39,false
74735400,367865,367716,0,367716,74765500,368015,367866,0,367866,30100,150,4983.39,false
74765500,368015,367866,0,367866,74795600,368165,368016,0,368016,30100,150,4983.39,false
74795600,368165,368016,0,368016,74825700,368315,368166,0,368166,30100,150,4983.39,false
74825700,368315,368166,0,368166,74855800,368465,368316,0,368316,30100,150,4983.39,false
74855800,368465,368316,0,368316,74885900,368615,368466,0,368466,30100,150,4983.39,false
74885900,368615,368466,0,368466,74916000,368765,368616,0,368616,30100,150,4983.39,false
74916000,368765,368616,0,368616,74946100,368915,368766,0,368766,30100,150,4983.39,false
74946100,368915,368766,0,368766,74976200,369065,368916,0,368916,30100,150,4983.39,false
74976200,369065,368916,0,368916,75006300,369215,369066,0,369066,30100,150,4983.39,false
75006300,369215,369066,0,369066,75036400,369365,369216,0,369216,30100,150,4983.39,false
75036400,369365,369216,0,369216,75066500,369515,369366,0,369366,30100,150,4983.39,false
75066500,369515,369366,0,369366,75096600,369665,369516,0,369516,30100,150,4983.39,false
75096600,369665,369516,0,369516,75126700,369815,369666,0,369666,30100,150,4983.39,false
75126700,369815,369666,0,369666,75156800,369965,369816,0,369816,30100,150,4983.39,false
75156800,369965,369816,0,369816,75186900,370115,369966,0,369966,30100,150,4983.39,false
75186900,370115,369966,0,369966,75217000,370265,370116,0,370116,30100,150,4983.39,false
75217000,370265,370116,0,370116,75247100,370415,370266,0,370266,30100,150,4983.39,false
75247100,370415,370266,0,370266,75277200,370565,370416,0,370416,30100,150,4983.39,false
75277200,370565,370416,0,370416,75307300,370715,370566,0,370566,30100,150,4983.39,false
75307300,370715,370566,0,370566,75337400,370865,370716,0,370716,30100,150,4983.39,false
75337400,370865,370716,0,370716,75367500,371015,370866,0,370866,30100,150,4983.39,false
75367500,371015,370866,0,370866,75397600,371165,371016,0,371016,30100,150,4983.39,false
75397600,371165,371016,0,371016,75427700,371315,371166,0,371166,30100,150,4983.39,false
75427700,371315,371166,0,371166,75457800,371465,371316,0,371316,30100,150,4983.39,false
75457800,371465,371316,0,371316,75487900,371615,371466,0,371466,30100,150,4983.39,false
75487900,371615,371466,0,371466,75518000,371765,371616,0,371616,30100,150,4983.39,false
75518000,371765,371616,0,371616,75548100,371915,371766,0,371766,30100,150,4983.39,false
75548100,371915,371766,0,371766,75578200,372065,371916,0,371916,30100,150,4983.39,false
75578200,372065,371916,0,371916,75608300,372215,372066,0,372066,30100,150,4983.39,false
75608300,372215,372066,0,372066,75638400,372365,372216,0,372216,30100,150,4983.39,false
75638400,372365,372216,0,372216,75668500,372515,372366,0,372366,30100,150,4983.39,false
75668500,372515,372366,0,372366,75698600,372665,372516,0,372516,30100,150,4983.39,false
75698600,372665,372516,0,372516,75769100,372815,372666,0,372666,70500,150,2127.66,false
75769100,372815,372666,0,372666,75839600,372965,372816,0,372816,70500,150,2127.66,false
75839600,372965,372816,0,372816,75873800,373115,372966,0,372966,34200,150,4385.96,false
75873800,373115,372966,0,372966,75903900,373265,373116,0,373116,30100,150,4983.39,false
75903900,373265,373116,0,373116,75934000,373415,373266,0,373266,30100,150,4983.39,false
75934100,373416,373267,0,373267,75964200,373566,373417,0,373417,30100,150,4983.39,false
75964200,373566,373417,0,373417,75994300,373716,373567,0,373567,30100,150,4983.39,false
75994300,373716,373567,0,373567,76024400,373866,373717,0,373717,30100,150,4983.39,false
76024400,373866,373717,0,373717,76054500,374016,373867,0,373867,30100,150,4983.39,false
76054500,374016,373867,0,373867,76084600,374166,374017,0,374017,30100,150,4983.39,false
76084600,374166,374017,0,374017,76114700,374316,374167,0,374167,30100,150,4983.39,false
76114700,374316,374167,0,374167,76144800,374466,374317,0,374317,30100,150,4983.39,false
76144800,374466,374317,0,374317,76174900,374616,374467,0,374467,30100,150,4983.39,false
76174900,374616,374467,0,374467,76205000,374766,374617,0,374617,30100,150,4983.39,false
76205000,374766,374617,0,374617,76235100,374916,374767,0,374767,30100,150,4983.39,false
76235100,374916,374767,0,374767,76265200,375066,374917,0,374917,30100,150,4983.39,false
76265200,375066,374917,0,374917,76295300,375216,375067,0,375067,30100,150,4983.39,false
76295300,375216,375067,0,375067,76325400,375767,375217,0,375217,30100,150,4983.39,true
76325400,375767,375217,0,375217,76395600,376318,375768,0,375768,70200,551,7849.00,true
76395600,376318,375768,0,375768,76465800,376509,376319,0,376319,70200,551,7849.00,true
76465800,376509,376319,0,376319,76500000,376659,376510,0,376510,34200,191,5584.80,true
76500000,376659,376510,0,376510,76530100,376809,376660,0,376660,30100,150,4983.39,false
76530100,376809,376660,0,376660,76560200,376959,376810,0,376810,30100,150,4983.39,false
76560200,376959,376810,0,376810,76590300,377109,376960,0,376960,30100,150,4983.39,false
76590300,377109,376960,0,376960,76620400,377259,377110,0,377110,30100,150,4983.39,false
76620400,377259,377110,0,377110,76650500,377409,377260,0,377260,30100,150,4983.39,false
76650500,377409,377260,0,377260,76680600,377559,377410,0,377410,30100,150,4983.39,false
76680600,377559,377410,0,377410,76710700,377709,377560,0,377560,30100,150,4983.39,false
76710700,377709,377560,0,377560,76740800,377859,377710,0,377710,30100,150,4983.39,false
76740800,377859,377710,0,377710,76770900,378009,377860,0,377860,30100,150,4983.39,false
76770900,378009,377860,0,377860,76801000,378159,378010,0,378010,30100,150,4983.39,false
76801000,378159,378010,0,378010,76831100,378309,378160,0,378160,30100,150,4983.39,false
76831100,378309,378160,0,378160,76861200,378459,378310,0,378310,30100,150,4983.39,false
76861200,378459,378310,0,378310,76891300,378609,378460,0,378460,30100,150,4983.39,false
76891300,378609,378460,0,378460,76921400,378759,378610,0,378610,30100,150,4983.39,false
76921400,378759,378610,0,378610,76951500,378909,378760,0,378760,30100,150,4983.39,false
76951500,378909,378760,0,378760,76981600,379059,378910,0,378910,30100,150,4983.39,false
76981600,379059,378910,0,378910,77011700,379209,379060,0,379060,30100,150,4983.39,false
77011700,379209,379060,0,379060,77041800,379359,379210,0,379210,30100,150,4983.39,false
77041800,379359,379210,0,379210,77071900,379509,379360,0,379360,30100,150,4983.39,false
77071900,379509,379360,0,379360,77102000,379659,379510,0,379510,30100,150,4983.39,false
77102000,379659,379510,0,379510,77132100,379809,379660,0,379660,30100,150,4983.39,false
77132100,379809,379660,0,379660,77162200,379959,379810,0,379810,30100,150,4983.39,false
77162200,379959,379810,0,379810,77192300,380109,379960,0,379960,30100,150,4983.39,false
77192300,380109,379960,0,379960,77222400,380259,380110,0,380110,30100,150,4983.39,false
77222400,380259,380110,0,380110,77252500,380409,380260,0,380260,30100,150,4983.39,false
77252500,380409,380260,0,380260,77282600,380559,380410,0,380410,30100,150,4983.39,false
77282600,380559,380410,0,380410,77312700,380709,380560,0,380560,30100,150,4983.39,false
77312700,380709,380560,0,380560,77342800,380859,380710,0,380710,30100,150,4983.39,false
77342800,380859,380710,0,380710,77372900,381009,380860,0,380860,30100,150,4983.39,false
77372900,381009,380860,0,380860,77403000,381159,381010,0,381010,30100,150,4983.39,false
77403000,381159,381010,0,381010,77433100,381309,381160,0,381160,30100,150,4983.39,false
77433100,381309,381160,0,381160,77463200,381459,381310,0,381310,30100,150,4983.39,false
77463200,381459,381310,0,381310,77493300,381609,381460,0,381460,30100,150,4983.39,false
77493300,381609,381460,0,381460,77523400,381759,381610,0,381610,30100,150,4983.39,false
77523400,381759,381610,0,381610,77553500,381909,381760,0,381760,30100,150,4983.39,false
77553500,381909,381760,0,381760,77583600,382059,381910,0,381910,30100,150,4983.39,false
77583600,382059,381910,0,381910,77613700,382209,382060,0,382060,30100,150,4983.39,false
77613700,382209,382060,0,382060,77643800,382359,382210,0,382210,30100,150,4983.39,false
77643800,382359,382210,0,382210,77673900,382509,382360,0,382360,30100,150,4983.39,false
77673900,382509,382360,0,382360,77704000,382659,382510,0,382510,30100,150,4983.39,false
77704000,382659,382510,0,382510,77734100,382809,382660,0,382660,30100,150,4983.39,false
77734100,382809,382660,0,382660,77764200,382959,382810,0,382810,30100,150,4983.39,false
77764200,382959,382810,0,382810,77794300,383109,382960,0,382960,30100,150,4983.39,false
77794300,383109,382960,0,382960,77824400,383259,383110,0,383110,30100,150,4983.39,false
77824400,383259,383110,0,383110,77854500,383409,383260,0,383260,30100,150,4983.39,false
77854500,383409,383260,0,383260,77884600,383559,383410,0,383410,30100,150,4983.39,false
77884600,383559,383410,0,383410,77914700,383709,383560,0,383560,30100,150,4983.39,false
77914700,383709,383560,0,383560,77944800,383859,383710,0,383710,30100,150,4983.39,false
77944800,383859,383710,0,383710,77974900,384009,383860,0,383860,30100,150,4983.39,false
77974900,384009,383860,0,383860,78005000,384159,384010,0,384010,30100,150,4983.39,false
78005000,384159,384010,0,384010,78035100,384309,384160,0,384160,30100,150,4983.39,false
78035100,384309,384160,0,384160,78065200,384459,384310,0,384310,30100,150,4983.39,false
78065200,384459,384310,0,384310,78095300,384609,384460,0,384460,30100,150,4983.39,false
78095300,384609,384460,0,384460,78125400,384759,384610,0,384610,30100,150,4983.39,false
78125400,384759,384610,0,384610,78155500,384909,384760,0,384760,30100,150,4983.39,false
78155500,384909,384760,0,384760,78185600,385059,384910,0,384910,30100,150,4983.39,false
78185600,385059,384910,0,384910,78215700,385209,385060,0,385060,30100,150,4983.39,false
78215700,385209,385060,0,385060,78245800,385359,385210,0,385210,30100,150,4983.39,false
78245800,385359,385210,0,385210,78275900,385509,385360,0,385360,30100,150,4983.39,false
78275900,385509,385360,0,385360,78306000,385659,385510,0,385510,30100,150,4983.39,false
78306000,385659,385510,0,385510,78336100,385809,385660,0,385660,30100,150,4983.39,false
78336100,385809,385660,0,385660,78366200,385959,385810,0,385810,30100,150,4983.39,false
78366200,385959,385810,0,385810,78396300,386109,385960,0,385960,30100,150,4983.39,false
78396300,386109,385960,0,385960,78426400,386259,386110,0,386110,30100,150,4983.39,false
78426400,386259,386110,0,386110,78456500,386409,386260,0,386260,30100,150,4983.39,false
78456500,386409,386260,0,386260,78486600,386559,386410,0,386410,30100,150,4983.39,false
78486600,386559,386410,0,386410,78516700,386709,386560,0,386560,30100,150,4983.39,false
78516700,386709,386560,0,386560,78546800,386859,386710,0,386710,30100,150,4983.39,false
78546800,386859,386710,0,386710,78576900,387009,386860,0,386860,30100,150,4983.39,false
78576900,387009,386860,0,386860,78607000,387159,387010,0,387010,30100,150,4983.39,false
78607000,387159,387010,0,387010,78637100,387309,387160,0,387160,30100,150,4983.39,false
78637100,387309,387160,0,387160,78667200,387459,387310,0,387310,30100,150,4983.39,false
78667200,387459,387310,0,387310,78697300,387609,387460,0,387460,30100,150,4983.39,false
78697300,387609,387460,0,387460,78727400,387759,387610,0,387610,30100,150,4983.39,false
78727400,387759,387610,0,387610,78757500,387909,387760,0,387760,30100,150,4983.39,false
78757500,387909,387760,0,387760,78787600,388059,387910,0,387910,30100,150,4983.39,false
78787600,388059,387910,0,387910,78817700,388209,388060,0,388060,30100,150,4983.39,false
78817700,388209,388060,0,388060,78847800,388359,388210,0,388210,30100,150,4983.39,false
78847800,388359,388210,0,388210,78877900,388509,388360,0,388360,30100,150,4983.39,false
78877900,388509,388360,0,388360,78908000,388659,388510,0,388510,30100,150,4983.39,false
78908000,388659,388510,0,388510,78938100,388809,388660,0,388660,30100,150,4983.39,false
78938100,388809,388660,0,388660,78968200,388959,388810,0,388810,30100,150,4983.39,false
78968200,388959,388810,0,388810,78998300,389109,388960,0,388960,30100,150,4983.39,false
78998300,389109,388960,0,388960,79028400,389259,389110,0,389110,30100,150,4983.39,false
79028400,389259,389110,0,389110,79058500,389409,389260,0,389260,30100,150,4983.39,false
79058500,389409,389260,0,389260,79088600,389559,389410,0,389410,30100,150,4983.39,false
79088600,389559,389410,0,389410,79118700,389709,389560,0,389560,30100,150,4983.39,false
79118700,389709,389560,0,389560,79148800,389859,389710,0,389710,30100,150,4983.39,false
79148800,389859,389710,0,389710,79178900,390009,389860,0,389860,30100,150,4983.39,false
79178900,390009,389860,0,389860,79209000,390159,390010,0,390010,30100,150,4983.39,false
79209000,390159,390010,0,390010,79239100,390309,390160,0,390160,30100,150,4983.39,false
79239100,390309,390160,0,390160,79269200,390459,390310,0,390310,30100,150,4983.39,false
79269200,390459,390310,0,390310,79299300,390609,390460,0,390460,30100,150,4983.39,false
79299300,390609,390460,0,390460,79329400,390759,390610,0,390610,30100,150,4983.39,false
79329400,390759,390610,0,390610,79359500,390909,390760,0,390760,30100,150,4983.39,false
79359500,390909,390760,0,390760,79389600,391059,390910,0,390910,30100,150,4983.39,false
79389600,391059,390910,0,390910,79419700,391209,391060,0,391060,30100,150,4983.39,false
79419700,391209,391060,0,391060,79449800,391359,391210,0,391210,30100,150,4983.39,false
79449800,391359,391210,0,391210,79479900,391509,391360,0,391360,30100,150,4983.39,false
79479900,391509,391360,0,391360,79510000,391659,391510,0,391510,30100,150,4983.39,false
79510000,391659,391510,0,391510,79580500,391809,391660,0,391660,70500,150,2127.66,false
79580500,391809,391660,0,391660,79651000,391959,391810,0,391810,70500,150,2127.66,false
79651000,391959,391810,0,391810,79685200,392109,391960,0,391960,34200,150,4385.96,false
79685200,392109,391960,0,391960,79715300,392259,392110,0,392110,30100,150,4983.39,false
79715300,392259,392110,0,392110,79745400,392409,392260,0,392260,30100,150,4983.39,false
79745500,392410,392261,0,392261,79775600,392560,392411,0,392411,30100,150,4983.39,false
79775600,392560,392411,0,392411,79805700,392710,392561,0,392561,30100,150,4983.39,false
79805700,392710,392561,0,392561,79835800,392860,392711,0,392711,30100,150,4983.39,false
79835800,392860,392711,0,392711,79865900,393010,392861,0,392861,30100,150,4983.39,false
79865900,393010,392861,0,392861,79896000,393160,393011,0,393011,30100,150,4983.39,false
79896000,393160,393011,0,393011,79926100,393310,393161,0,393161,30100,150,4983.39,false
79926100,393310,393161,0,393161,79956200,393460,393311,0,393311,30100,150,4983.39,false
79956200,393460,393311,0,393311,79986300,393610,393461,0,393461,30100,150,4983.39,false
79986300,393610,393461,0,393461,80016400,393760,393611,0,393611,30100,150,4983.39,false
80016400,393760,393611,0,393611,80046500,393910,393761,0,393761,30100,150,4983.39,false
80046500,393910,393761,0,393761,80076600,394060,393911,0,393911,30100,150,4983.39,false
80076600,394060,393911,0,393911,80106700,394210,394061,0,394061,30100,150,4983.39,false
80106700,394210,394061,0,394061,80136800,394761,394211,0,394211,30100,150,4983.39,true
80136800,394761,394211,0,394211,80207000,395312,394762,0,394762,70200,551,7849.00,true
80207000,395312,394762,0,394762,80277200,395503,395313,0,395313,70200,551,7849.00,true
80277200,395503,395313,0,395313,80311400,395653,395504,0,395504,34200,191,5584.80,true
80311400,395653,395504,0,395504,80341500,395803,395654,0,395654,30100,150,4983.39,false
80341500,395803,395654,0,395654,80371600,395953,395804,0,395804,30100,150,4983.39,false
80371600,395953,395804,0,395804,80401700,396103,395954,0,395954,30100,150,4983.39,false
80401700,396103,395954,0,395954,80431800,396253,396104,0,396104,30100,150,4983.39,false
80431800,396253,396104,0,396104,80461900,396403,396254,0,396254,30100,150,4983.39,false
80461900,396403,396254,0,396254,80492000,396553,396404,0,396404,30100,150,4983.39,false
80492000,396553,396404,0,396404,80522100,396703,396554,0,396554,30100,150,4983.39,false
80522100,396703,396554,0,396554,80552200,396853,396704,0,396704,30100,150,4983.39,false
80552200,396853,396704,0,396704,80582300,397003,396854,0,396854,30100,150,4983.39,false
80582300,397003,396854,0,396854,80612400,397153,397004,0,397004,30100,150,4983.39,false
80612400,397153,397004,0,397004,80642500,397303,397154,0,397154,30100,150,4983.39,false
80642500,397303,397154,0,397154,80672600,397453,397304,0,397304,30100,150,4983.39,false
80672600,397453,397304,0,397304,80702700,397603,397454,0,397454,30100,150,4983.39,false
80702700,397603,397454,0,397454,80732800,397753,397604,0,397604,30100,150,4983.39,false
80732800,397753,397604,0,397604,80762900,397903,397754,0,397754,30100,150,4983.39,false
80762900,397903,397754,0,397754,80793000,398053,397904,0,397904,30100,150,4983.39,false
80793000,398053,397904,0,397904,80823100,398203,398054,0,398054,30100,150,4983.39,false
80823100,398203,398054,0,398054,80853200,398353,398204,0,398204,30100,150,4983.39,false
80853200,398353,398204,0,398204,80883300,398503,398354,0,398354,30100,150,4983.39,false
80883300,398503,398354,0,398354,80913400,398653,398504,0,398504,30100,150,4983.39,false
80913400,398653,398504,0,398504,80943500,398803,398654,0,398654,30100,150,4983.39,false
80943500,398803,398654,0,398654,80973600,398953,398804,0,398804,30100,150,4983.39,false
80973600,398953,398804,0,398804,81003700,399103,398954,0,398954,30100,150,4983.39,false
81003700,399103,398954,0,398954,81033800,399253,399104,0,399104,30100,150,4983.39,false
81033800,399253,399104,0,399104,81063900,399403,399254,0,399254,30100,150,4983.39,false
81063900,399403,399254,0,399254,81094000,399553,399404,0,399404,30100,150,4983.39,false
81094000,399553,399404,0,399404,81124100,399703,399554,0,399554,30100,150,4983.39,false
81124100,399703,399554,0,399554,81154200,399853,399704,0,399704,30100,150,4983.39,false
81154200,399853,399704,0,399704,81184300,400003,399854,0,399854,30100,150,4983.39,false
81184300,400003,399854,0,399854,81214400,400153,400004,0,400004,30100,150,4983.39,false
81214400,400153,400004,0,400004,81244500,400303,400154,0,400154,30100,150,4983.39,false
81244500,400303,400154,0,400154,81274600,400453,400304,0,400304,30100,150,4983.39,false
81274600,400453,400304,0,400304,81304700,400603,400454,0,400454,30100,150,4983.39,false
81304700,400603,400454,0,400454,81334800,400753,400604,0,400604,30100,150,4983.39,false
81334800,400753,400604,0,400604,81364900,400903,400754,0,400754,30100,150,4983.39,false
81364900,400903,400754,0,400754,81395000,401053,400904,0,400904,30100,150,4983.39,false
81395000,401053,400904,0,400904,81425100,401203,401054,0,401054,30100,150,4983.39,false
81425100,401203,401054,0,401054,81455200,401353,401204,0,401204,30100,150,4983.39,false
81455200,401353,401204,0,401204,81485300,401503,401354,0,401354,30100,150,4983.39,false
81485300,401503,401354,0,401354,81515400,401653,401504,0,401504,30100,150,4983.39,false
81515400,401653,401504,0,401504,81545500,401803,401654,0,401654,30100,150,4983.39,false
81545500,401803,401654,0,401654,81575600,401953,401804,0,401804,30100,150,4983.39,false
81575600,401953,401804,0,401804,81605700,402103,401954,0,401954,30100,150,4983.39,false
81605700,402103,401954,0,401954,81635800,402253,402104,0,402104,30100,150,4983.39,false
81635800,402253,402104,0,402104,81665900,402403,402254,0,402254,30100,150,4983.39,false
81665900,402403,402254,0,402254,81696000,402553,402404,0,402404,30100,150,4983.39,false
81696000,402553,402404,0,402404,81726100,402703,402554,0,402554,30100,150,4983.39,false
81726100,402703,402554,0,402554,81756200,402853,402704,0,402704,30100,150,4983.39,false
81756200,402853,402704,0,402704,81786300,403003,402854,0,402854,30100,150,4983.39,false
81786300,403003,402854,0,402854,81816400,403153,403004,0,403004,30100,150,4983.39,false
81816400,403153,403004,0,403004,81846500,403303,403154,0,403154,30100,150,4983.39,false
81846500,403303,403154,0,403154,81876600,403453,403304,0,403304,30100,150,4983.39,false
81876600,403453,403304,0,403304,81906700,403603,403454,0,403454,30100,150,4983.39,false
81906700,403603,403454,0,403454,81936800,403753,403604,0,403604,30100,150,4983.39,false
81936800,403753,403604,0,403604,81966900,403903,403754,0,403754,30100,150,4983.39,false
81966900,403903,403754,0,403754,81997000,404053,403904,0,403904,30100,150,4983.39,false
81997000,404053,403904,0,403904,82027100,404203,404054,0,404054,30100,150,4983.39,false
82027100,404203,404054,0,404054,82057200,404353,404204,0,404204,30100,150,4983.39,false
82057200,404353,404204,0,404204,82087300,404503,404354,0,404354,30100,150,4983.39,false
82087300,404503,404354,0,404354,82117400,404653,404504,0,404504,30100,150,4983.39,false
82117400,404653,404504,0,404504,82147500,404803,404654,0,404654,30100,150,4983.39,false
82147500,404803,404654,0,404654,82177600,404953,404804,0,404804,30100,150,4983.39,false
82177600,404953,404804,0,404804,82207700,405103,404954,0,404954,30100,150,4983.39,false
82207700,405103,404954,0,404954,82237800,405253,405104,0,405104,30100,150,4983.39,false
82237800,405253,405104,0,405104,82267900,405403,405254,0,405254,30100,150,4983.39,false
82267900,405403,405254,0,405254,82298000,405553,405404,0,405404,30100,150,4983.39,false
82298000,405553,405404,0,405404,82328100,405703,405554,0,405554,30100,150,4983.39,false
82328100,405703,405554,0,405554,82358200,405853,405704,0,405704,30100,150,4983.39,false
82358200,405853,405704,0,405704,82388300,406003,405854,0,405854,30100,150,4983.39,false
82388300,406003,405854,0,405854,82418400,406153,406004,0,406004,30100,150,4983.39,false
82418400,406153,406004,0,406004,82448500,406303,406154,0,406154,30100,150,4983.39,false
82448500,406303,406154,0,406154,82478600,406453,406304,0,406304,30100,150,4983.39,false
82478600,406453,406304,0,406304,82508700,406603,406454,0,406454,30100,150,4983.39,false
82508700,406603,406454,0,406454,82538800,406753,406604,0,406604,30100,150,4983.39,false
82538800,406753,406604,0,406604,82568900,406903,406754,0,406754,30100,150,4983.39,false
82568900,406903,406754,0,406754,82599000,407053,406904,0,406904,30100,150,4983.39,false
82599000,407053,406904,0,406904,82629100,407203,407054,0,407054,30100,150,4983.39,false
82629100,407203,407054,0,407054,82659200,407353,407204,0,407204,30100,150,4983.39,false
82659200,407353,407204,0,407204,82689300,407503,407354,0,407354,30100,150,4983.39,false
82689300,407503,407354,0,407354,82719400,407653,407504,0,407504,30100,150,4983.39,false
82719400,407653,407504,0,407504,82749500,407803,407654,0,407654,30100,150,4983.39,false
82749500,407803,407654,0,407654,82779600,407953,407804,0,407804,30100,150,4983.39,false
82779600,407953,407804,0,407804,82809700,408103,407954,0,407954,30100,150,4983.39,false
82809700,408103,407954,0,407954,82839800,408253,408104,0,408104,30100,150,4983.39,false
82839800,408253,408104,0,408104,82869900,408403,408254,0,408254,30100,150,4983.39,false
82869900,408403,408254,0,408254,82900000,408553,408404,0,408404,30100,150,4983.39,false
82900000,408553,408404,0,408404,82930100,408703,408554,0,408554,30100,150,4983.39,false
82930100,408703,408554,0,408554,82960200,408853,408704,0,408704,30100,150,4983.39,false
82960200,408853,408704,0,408704,82990300,409003,408854,0,408854,30100,150,4983.39,false
82990300,409003,408854,0,408854,83020400,409153,409004,0,409004,30100,150,4983.39,false
83020400,409153,409004,0,409004,83050500,409303,409154,0,409154,30100,150,4983.39,false
83050500,409303,409154,0,409154,83080600,409453,409304,0,409304,30100,150,4983.39,false
83080600,409453,409304,0,409304,83110700,409603,409454,0,409454,30100,150,4983.39,false
83110700,409603,409454,0,409454,83140800,409753,409604,0,409604,30100,150,4983.39,false
83140800,409753,409604,0,409604,83170900,409903,409754,0,409754,30100,150,4983.39,false
83170900,409903,409754,0,409754,83201000,410053,409904,0,409904,30100,150,4983.39,false
83201000,410053,409904,0,409904,83231100,410203,410054,0,410054,30100,150,4983.39,false
83231100,410203,410054,0,410054,83261200,410353,410204,0,410204,30100,150,4983.39,false
83261200,410353,410204,0,410204,83291300,410503,410354,0,410354,30100,150,4983.39,false
83291300,410503,410354,0,410354,83321400,410653,410504,0,410504,30100,150,4983.39,false
83321400,410653,410504,0,410504,83391900,410803,410654,0,410654,70500,150,2127.66,false
83391900,410803,410654,0,410654,83462400,410953,410804,0,410804,70500,150,2127.66,false
83462400,410953,410804,0,410804,83496600,411103,410954,0,410954,34200,150,4385.96,false
83496600,411103,410954,0,410954,83526700,411253,411104,0,411104,30100,150,4983.39,false
83526700,411253,411104,0,411104,83556800,411403,411254,0,411254,30100,150,4983.39,false
83556900,411404,411255,0,411255,83587000,411554,411405,0,411405,30100,150,4983.39,false
83587000,411554,411405,0,411405,83617100,411704,411555,0,411555,30100,150,4983.39,false
83617100,411704,411555,0,411555,83647200,411854,411705,0,411705,30100,150,4983.39,false
83647200,411854,411705,0,411705,83677300,412004,411855,0,411855,30100,150,4983.39,false
83677300,412004,411855,0,411855,83707400,412154,412005,0,412005,30100,150,4983.39,false
83707400,412154,412005,0,412005,83737500,412304,412155,0,412155,30100,150,4983.39,false
83737500,412304,412155,0,412155,83767600,412454,412305,0,412305,30100,150,4983.39,false
83767600,412454,412305,0,412305,83797700,412604,412455,0,412455,30100,150,4983.39,false
83797700,412604,412455,0,412455,83827800,412754,412605,0,412605,30100,150,4983.39,false
83827800,412754,412605,0,412605,83857900,412904,412755,0,412755,30100,150,4983.39,false
83857900,412904,412755,0,412755,83888000,413054,412905,0,412905,30100,150,4983.39,false
83888000,413054,412905,0,412905,83918100,413204,413055,0,413055,30100,150,4983.39,false
83918100,413204,413055,0,413055,83948200,413755,413205,0,413205,30100,150,4983.39,true
83948200,413755,413205,0,413205,84018400,414306,413756,0,413756,70200,551,7849.00,true
84018400,414306,413756,0,413756,84088600,414497,414307,0,414307,70200,551,7849.00,true
84088600,414497,414307,0,414307,84122800,414647,414498,0,414498,34200,191,5584.80,true
84122800,414647,414498,0,414498,84152900,414797,414648,0,414648,30100,150,4983.39,false
84152900,414797,414648,0,414648,84183000,414947,414798,0,414798,30100,150,4983.39,false
84183000,414947,414798,0,414798,84213100,415097,414948,0,414948,30100,150,4983.39,false
84213100,415097,414948,0,414948,84243200,415247,415098,0,415098,30100,150,4983.39,false
84243200,415247,415098,0,415098,84273300,415397,415248,0,415248,30100,150,4983.39,false
84273300,415397,415248,0,415248,84303400,415547,415398,0,415398,30100,150,4983.39,false
84303400,415547,415398,0,415398,84333500,415697,415548,0,415548,30100,150,4983.39,false
84333500,415697,415548,0,415548,84363600,415847,415698,0,415698,30100,150,4983.39,false
84363600,415847,415698,0,415698,84393700,415997,415848,0,415848,30100,150,4983.39,false
84393700,415997,415848,0,415848,84423800,416147,415998,0,415998,30100,150,4983.39,false
84423800,416147,415998,0,415998,84453900,416297,416148,0,416148,30100,150,4983.39,false
84453900,416297,416148,0,416148,84484000,416447,416298,0,416298,30100,150,4983.39,false
84484000,416447,416298,0,416298,84514100,416597,416448,0,416448,30100,150,4983.39,false
84514100,416597,416448,0,416448,84544200,416747,416598,0,416598,30100,150,4983.39,false
84544200,416747,416598,0,416598,84574300,416897,416748,0,416748,30100,150,4983.39,false
84574300,416897,416748,0,416748,84604400,417047,416898,0,416898,30100,150,4983.39,false
84604400,417047,416898,0,416898,84634500,417197,417048,0,417048,30100,150,4983.39,false
84634500,417197,417048,0,417048,84664600,417347,417198,0,417198,30100,150,4983.39,false
84664600,417347,417198,0,417198,84694700,417497,417348,0,417348,30100,150,4983.39,false
84694700,417497,417348,0,417348,84724800,417647,417498,0,417498,30100,150,4983.39,false
84724800,417647,417498,0,417498,84754900,417797,417648,0,417648,30100,150,4983.39,false
84754900,417797,417648,0,417648,84785000,417947,417798,0,417798,30100,150,4983.39,false
84785000,417947,417798,0,417798,84815100,418097,417948,0,417948,30100,150,4983.39,false
84815100,418097,417948,0,417948,84845200,418247,418098,0,418098,30100,150,4983.39,false
84845200,418247,418098,0,418098,84875300,418397,418248,0,418248,30100,150,4983.39,false
84875300,418397,418248,0,418248,84905400,418547,418398,0,418398,30100,150,4983.39,false
84905400,418547,418398,0,418398,84935500,418697,418548,0,418548,30100,150,4983.39,false
84935500,418697,418548,0,418548,84965600,418847,418698,0,418698,30100,150,4983.39,false
84965600,418847,418698,0,418698,84995700,418997,418848,0,418848,30100,150,4983.39,false
84995700,418997,418848,0,418848,85025800,419147,418998,0,418998,30100,150,4983.39,false
85025800,419147,418998,0,418998,85055900,419297,419148,0,419148,30100,150,4983.39,false
85055900,419297,419148,0,419148,85086000,419447,419298,0,419298,30100,150,4983.39,false
85086000,419447,419298,0,419298,85116100,419597,419448,0,419448,30100,150,4983.39,false
85116100,419597,419448,0,419448,85146200,419747,419598,0,419598,30100,150,4983.39,false
85146200,419747,419598,0,419598,85176300,419897,419748,0,419748,30100,150,4983.39,false
85176300,419897,419748,0,419748,85206400,420047,419898,0,419898,30100,150,4983.39,false
85206400,420047,419898,0,419898,85236500,420197,420048,0,420048,30100,150,4983.39,false
85236500,420197,420048,0,420048,85266600,420347,420198,0,420198,30100,150,4983.39,false
85266600,420347,420198,0,420198,85296700,420497,420348,0,420348,30100,150,4983.39,false
85296700,420497,420348,0,420348,85326800,420647,420498,0,420498,30100,150,4983.39,false
85326800,420647,420498,0,420498,85356900,420797,420648,0,420648,30100,150,4983.39,false
85356900,420797,420648,0,420648,85387000,420947,420798,0,420798,30100,150,4983.39,false
85387000,420947,420798,0,420798,85417100,421097,420948,0,420948,30100,150,4983.39,false
85417100,421097,420948,0,420948,85447200,421247,421098,0,421098,30100,150,4983.39,false
85447200,421247,421098,0,421098,85477300,421397,421248,0,421248,30100,150,4983.39,false
85477300,421397,421248,0,421248,85507400,421547,421398,0,421398,30100,150,4983.39,false
85507400,421547,421398,0,421398,85537500,421697,421548,0,421548,30100,150,4983.39,false
85537500,421697,421548,0,421548,85567600,421847,421698,0,421698,30100,150,4983.39,false
85567600,421847,421698,0,421698,85597700,421997,421848,0,421848,30100,150,4983.39,false
85597700,421997,421848,0,421848,85627800,422147,421998,0,421998,30100,150,4983.39,false
85627800,422147,421998,0,421998,85657900,422297,422148,0,422148,30100,150,4983.39,false
85657900,422297,422148,0,422148,85688000,422447,422298,0,422298,30100,150,4983.39,false
85688000,422447,422298,0,422298,85718100,422597,422448,0,422448,30100,150,4983.39,false
85718100,422597,422448,0,422448,85748200,422747,422598,0,422598,30100,150,4983.39,false
85748200,422747,422598,0,422598,85778300,422897,422748,0,422748,30100,150,4983.39,false
85778300,422897,422748,0,422748,85808400,423047,422898,0,422898,30100,150,4983.39,false
85808400,423047,422898,0,422898,85838500,423197,423048,0,423048,30100,150,4983.39,false
85838500,423197,423048,0,423048,85868600,423347,423198,0,423198,30100,150,4983.39,false
85868600,423347,423198,0,423198,85898700,423497,423348,0,423348,30100,150,4983.39,false
85898700,423497,423348,0,423348,85928800,423647,423498,0,423498,30100,150,4983.39,false
85928800,423647,423498,0,423498,85958900,423797,423648,0,423648,30100,150,4983.39,false
85958900,423797,423648,0,423648,85989000,423947,423798,0,423798,30100,150,4983.39,false
85989000,423947,423798,0,423798,86019100,424097,423948,0,423948,30100,150,4983.39,false
86019100,424097,423948,0,423948,86049200,424247,424098,0,424098,30100,150,4983.39,false
86049200,424247,424098,0,424098,86079300,424397,424248,0,424248,30100,150,4983.39,false
86079300,424397,424248,0,424248,86109400,424547,424398,0,424398,30100,150,4983.39,false
86109400,424547,424398,0,424398,86139500,424697,424548,0,424548,30100,150,4983.39,false
86139500,424697,424548,0,424548,86169600,424847,424698,0,424698,30100,150,4983.39,false
86169600,424847,424698,0,424698,86199700,424997,424848,0,424848,30100,150,4983.39,false
86199700,424997,424848,0,424848,86229800,425147,424998,0,424998,30100,150,4983.39,false
86229800,425147,424998,0,424998,86259900,425297,425148,0,425148,30100,150,4983.39,false
86259900,425297,425148,0,425148,86290000,425447,425298,0,425298,30100,150,4983.39,false
86290000,425447,425298,0,425298,86320100,425597,425448,0,425448,30100,150,4983.39,false
86320100,425597,425448,0,425448,86350200,425747,425598,0,425598,30100,150,4983.39,false
86350200,425747,425598,0,425598,86380300,425897,425748,0,425748,30100,150,4983.39,false
86380300,425897,425748,0,425748,86410400,426047,425898,0,425898,30100,150,4983.39,false
86410400,426047,425898,0,425898,86440500,426197,426048,0,426048,30100,150,4983.39,false
86440500,426197,426048,0,426048,86470600,426347,426198,0,426198,30100,150,4983.39,false
86470600,426347,426198,0,426198,86500700,426497,426348,0,426348,30100,150,4983.39,false
86500700,426497,426348,0,426348,86530800,426647,426498,0,426498,30100,150,4983.39,false
86530800,426647,426498,0,426498,86560900,426797,426648,0,426648,30100,150,4983.39,false
86560900,426797,426648,0,426648,86591000,426947,426798,0,426798,30100,150,4983.39,false
86591000,426947,426798,0,426798,86621100,427097,426948,0,426948,30100,150,4983.39,false
86621100,427097,426948,0,426948,86651200,427247,427098,0,427098,30100,150,4983.39,false
86651200,427247,427098,0,427098,86681300,427397,427248,0,427248,30100,150,4983.39,false
86681300,427397,427248,0,427248,86711400,427547,427398,0,427398,30100,150,4983.39,false
86711400,427547,427398,0,427398,86741500,427697,427548,0,427548,30100,150,4983.39,false
86741500,427697,427548,0,427548,86771600,427847,427698,0,427698,30100,150,4983.39,false
86771600,427847,427698,0,427698,86801700,427997,427848,0,427848,30100,150,4983.39,false
86801700,427997,427848,0,427848,86831800,428147,427998,0,427998,30100,150,4983.39,false
86831800,428147,427998,0,427998,86861900,428297,428148,0,428148,30100,150,4983.39,false
86861900,428297,428148,0,428148,86892000,428447,428298,0,428298,30100,150,4983.39,false
86892000,428447,428298,0,428298,86922100,428597,428448,0,428448,30100,150,4983.39,false
86922100,428597,428448,0,428448,86952200,428747,428598,0,428598,30100,150,4983.39,false
86952200,428747,428598,0,428598,86982300,428897,428748,0,428748,30100,150,4983.39,false
86982300,428897,428748,0,428748,87012400,429047,428898,0,428898,30100,150,4983.39,false
87012400,429047,428898,0,428898,87042500,429197,429048,0,429048,30100,150,4983.39,false
87042500,429197,429048,0,429048,87072600,429347,429198,0,429198,30100,150,4983.39,false
87072600,429347,429198,0,429198,87102700,429497,429348,0,429348,30100,150,4983.39,false
87102700,429497,429348,0,429348,87132800,429647,429498,0,429498,30100,150,4983.39,false
87132800,429647,429498,0,429498,87203300,429797,429648,0,429648,70500,150,2127.66,false
87203300,429797,429648,0,429648,87273800,429947,429798,0,429798,70500,150,2127.66,false
87273800,429947,429798,0,429798,87308000,430097,429948,0,429948,34200,150,4385.96,false
87308000,430097,429948,0,429948,87338100,430247,430098,0,430098,30100,150,4983.39,false
87338100,430247,430098,0,430098,87368200,430397,430248,0,430248,30100,150,4983.39,false
87368300,430398,430249,0,430249,87398400,430548,430399,0,430399,30100,150,4983.39,false
87398400,430548,430399,0,430399,87428500,430698,430549,0,430549,30100,150,4983.39,false
87428500,430698,430549,0,430549,87458600,430848,430699,0,430699,30100,150,4983.39,false
87458600,430848,430699,0,430699,87488700,430998,430849,0,430849,30100,150,4983.39,false
87488700,430998,430849,0,430849,87518800,431148,430999,0,430999,30100,150,4983.39,false
87518800,431148,430999,0,430999,87548900,431298,431149,0,431149,30100,150,4983.39,false
87548900,431298,431149,0,431149,87579000,431448,431299,0,431299,30100,150,4983.39,false
87579000,431448,431299,0,431299,87609100,431598,431449,0,431449,30100,150,4983.39,false
87609100,431598,431449,0,431449,87639200,431748,431599,0,431599,30100,150,4983.39,false
87639200,431748,431599,0,431599,87669300,431898,431749,0,431749,30100,150,4983.39,false
87669300,431898,431749,0,431749,87699400,432048,431899,0,431899,30100,150,4983.39,false
87699400,432048,431899,0,431899,87729500,432198,432049,0,432049,30100,150,4983.39,false
87729500,432198,432049,0,432049,87759600,432749,432199,0,432199,30100,150,4983.39,true
87759600,432749,432199,0,432199,87829800,433300,432750,0,432750,70200,551,7849.00,true
87829800,433300,432750,0,432750,87900000,433491,433301,0,433301,70200,551,7849.00,true
87900000,433491,433301,0,433301,87934200,433641,433492,0,433492,34200,191,5584.80,true
87934200,433641,433492,0,433492,87964300,433791,433642,0,433642,30100,150,4983.39,false
87964300,433791,433642,0,433642,87994400,433941,433792,0,433792,30100,150,4983.39,false
87994400,433941,433792,0,433792,88024500,434091,433942,0,433942,30100,150,4983.39,false
88024500,434091,433942,0,433942,88054600,434241,434092,0,434092,30100,150,4983.39,false
88054600,434241,434092,0,434092,88084700,434391,434242,0,434242,30100,150,4983.39,false
88084700,434391,434242,0,434242,88114800,434541,434392,0,434392,30100,150,4983.39,false
88114800,434541,434392,0,434392,88144900,434691,434542,0,434542,30100,150,4983.39,false
88144900,434691,434542,0,434542,88175000,434841,434692,0,434692,30100,150,4983.39,false
88175000,434841,434692,0,434692,88205100,434991,434842,0,434842,30100,150,4983.39,false
88205100,434991,434842,0,434842,88235200,435141,434992,0,434992,30100,150,4983.39,false
88235200,435141,434992,0,434992,88265300,435291,435142,0,435142,30100,150,4983.39,false
88265300,435291,435142,0,435142,88295400,435441,435292,0,435292,30100,150,4983.39,false
88295400,435441,435292,0,435292,88325500,435591,435442,0,435442,30100,150,4983.39,false
88325500,435591,435442,0,435442,88355600,435741,435592,0,435592,30100,150,4983.39,false
88355600,435741,435592,0,435592,88385700,435891,435742,0,435742,30100,150,4983.39,false
88385700,435891,435742,0,435742,88415800,436041,435892,0,435892,30100,150,4983.39,false
88415800,436041,435892,0,435892,88445900,436191,436042,0,436042,30100,150,4983.39,false
88445900,436191,436042,0,436042,88476000,436341,436192,0,436192,30100,150,4983.39,false
88476000,436341,436192,0,436192,88506100,436491,436342,0,436342,30100,150,4983.39,false
88506100,436491,436342,0,436342,88536200,436641,436492,0,436492,30100,150,4983.39,false
88536200,436641,436492,0,436492,88566300,436791,436642,0,436642,30100,150,4983.39,false
88566300,436791,436642,0,436642,88596400,436941,436792,0,436792,30100,150,4983.39,false
88596400,436941,436792,0,436792,88626500,437091,436942,0,436942,30100,150,4983.39,false
88626500,437091,436942,0,436942,88656600,437241,437092,0,437092,30100,150,4983.39,false
88656600,437241,437092,0,437092,88686700,437391,437242,0,437242,30100,150,4983.39,false
88686700,437391,437242,0,437242,88716800,437541,437392,0,437392,30100,150,4983.39,false
88716800,437541,437392,0,437392,88746900,437691,437542,0,437542,30100,150,4983.39,false
88746900,437691,437542,0,437542,88777000,437841,437692,0,437692,30100,150,4983.39,false
88777000,437841,437692,0,437692,88807100,437991,437842,0,437842,30100,150,4983.39,false
88807100,437991,437842,0,437842,88837200,438141,437992,0,437992,30100,150,4983.39,false
88837200,438141,437992,0,437992,88867300,438291,438142,0,438142,30100,150,4983.39,false
88867300,438291,438142,0,438142,88897400,438441,438292,0,438292,30100,150,4983.39,false
88897400,438441,438292,0,438292,88927500,438591,438442,0,438442,30100,150,4983.39,false
88927500,438591,438442,0,438442,88957600,438741,438592,0,438592,30100,150,4983.39,false
88957600,438741,438592,0,438592,88987700,438891,438742,0,438742,30100,150,4983.39,false
88987700,438891,438742,0,438742,89017800,439041,438892,0,438892,30100,150,4983.39,false
89017800,439041,438892,0,438892,89047900,439191,439042,0,439042,30100,150,4983.39,false
89047900,439191,439042,0,439042,89078000,439341,439192,0,439192,30100,150,4983.39,false
89078000,439341,439192,0,439192,89108100,439491,439342,0,439342,30100,150,4983.39,false
89108100,439491,439342,0,439342,89138200,439641,439492,0,439492,30100,150,4983.39,false
89138200,439641,439492,0,439492,89168300,439791,439642,0,439642,30100,150,4983.39,false
89168300,439791,439642,0,439642,89198400,439941,439792,0,439792,30100,150,4983.39,false
89198400,439941,439792,0,439792,89228500,440091,439942,0,439942,30100,150,4983.39,false
89228500,440091,439942,0,439942,89258600,440241,440092,0,440092,30100,150,4983.39,false
89258600,440241,440092,0,440092,89288700,440391,440242,0,440242,30100,150,4983.39,false
89288700,440391,440242,0,440242,89318800,440541,440392,0,440392,30100,150,4983.39,false
89318800,440541,440392,0,440392,89348900,440691,440542,0,440542,30100,150,4983.39,false
89348900,440691,440542,0,440542,89379000,440841,440692,0,440692,30100,150,4983.39,false
89379000,440841,440692,0,440692,89409100,440991,440842,0,440842,30100,150,4983.39,false
89409100,440991,440842,0,440842,89439200,441141,440992,0,440992,30100,150,4983.39,false
89439200,441141,440992,0,440992,89469300,441291,441142,0,441142,30100,150,4983.39,false
89469300,441291,441142,0,441142,89499400,441441,441292,0,441292,30100,150,4983.39,false
89499400,441441,441292,0,441292,89529500,441591,441442,0,441442,30100,150,4983.39,false
89529500,441591,441442,0,441442,89559600,441741,441592,0,441592,30100,150,4983.39,false
89559600,441741,441592,0,441592,89589700,441891,441742,0,441742,30100,150,4983.39,false
89589700,441891,441742,0,441742,89619800,442041,441892,0,441892,30100,150,4983.39,false
89619800,442041,441892,0,441892,89649900,442191,442042,0,442042,30100,150,4983.39,false
89649900,442191,442042,0,442042,89680000,442341,442192,0,442192,30100,150,4983.39,false
89680000,442341,442192,0,442192,89710100,442491,442342,0,442342,30100,150,4983.39,false
89710100,442491,442342,0,442342,89740200,442641,442492,0,442492,30100,150,4983.39,false
89740200,442641,442492,0,442492,89770300,442791,442642,0,442642,30100,150,4983.39,false
89770300,442791,442642,0,442642,89800400,442941,442792,0,442792,30100,150,4983.39,false
89800400,442941,442792,0,442792,89830500,443091,442942,0,442942,30100,150,4983.39,false
89830500,443091,442942,0,442942,89860600,443241,443092,0,443092,30100,150,4983.39,false
89860600,443241,443092,0,443092,89890700,443391,443242,0,443242,30100,150,4983.39,false
89890700,443391,443242,0,443242,89920800,443541,443392,0,443392,30100,150,4983.39,false
89920800,443541,443392,0,443392,89950900,443691,443542,0,443542,30100,150,4983.39,false
89950900,443691,443542,0,443542,89981000,443841,443692,0,443692,30100,150,4983.39,false
89981000,443841,443692,0,443692,90011100,443991,443842,0,443842,30100,150,4983.39,false
90011100,443991,443842,0,443842,90041200,444141,443992,0,443992,30100,150,4983.39,false
90041200,444141,443992,0,443992,90071300,444291,444142,0,444142,30100,150,4983.39,false
90071300,444291,444142,0,444142,90101400,444441,444292,0,444292,30100,150,4983.39,false
90101400,444441,444292,0,444292,90131500,444591,444442,0,444442,30100,150,4983.39,false
90131500,444591,444442,0,444442,90161600,444741,444592,0,444592,30100,150,4983.39,false
90161600,444741,444592,0,444592,90191700,444891,444742,0,444742,30100,150,4983.39,false
90191700,444891,444742,0,444742,90221800,445041,444892,0,444892,30100,150,4983.39,false
90221800,445041,444892,0,444892,90251900,445191,445042,0,445042,30100,150,4983.39,false
90251900,445191,445042,0,445042,90282000,445341,445192,0,445192,30100,150,4983.39,false
90282000,445341,445192,0,445192,90312100,445491,445342,0,445342,30100,150,4983.39,false
90312100,445491,445342,0,445342,90342200,445641,445492,0,445492,30100,150,4983.39,false
90342200,445641,445492,0,445492,90372300,445791,445642,0,445642,30100,150,4983.39,false
90372300,445791,445642,0,445642,90402400,445941,445792,0,445792,30100,150,4983.39,false
90402400,445941,445792,0,445792,90432500,446091,445942,0,445942,30100,150,4983.39,false
90432500,446091,445942,0,445942,90462600,446241,446092,0,446092,30100,150,4983.39,false
90462600,446241,446092,0,446092,90492700,446391,446242,0,446242,30100,150,4983.39,false
90492700,446391,446242,0,446242,90522800,446541,446392,0,446392,30100,150,4983.39,false
90522800,446541,446392,0,446392,90552900,446691,446542,0,446542,30100,150,4983.39,false
90552900,446691,446542,0,446542,90583000,446841,446692,0,446692,30100,150,4983.39,false
90583000,446841,446692,0,446692,90613100,446991,446842,0,446842,30100,150,4983.39,false
90613100,446991,446842,0,446842,90643200,447141,446992,0,446992,30100,150,4983.39,false
90643200,447141,446992,0,446992,90673300,447291,447142,0,447142,30100,150,4983.39,false
90673300,447291,447142,0,447142,90703400,447441,447292,0,447292,30100,150,4983.39,false
90703400,447441,447292,0,447292,90733500,447591,447442,0,447442,30100,150,4983.39,false
90733500,447591,447442,0,447442,90763600,447741,447592,0,447592,30100,150,4983.39,false
90763600,447741,447592,0,447592,90793700,447891,447742,0,447742,30100,150,4983.39,false
90793700,447891,447742,0,447742,90823800,448041,447892,0,447892,30100,150,4983.39,false
90823800,448041,447892,0,447892,90853900,448191,448042,0,448042,30100,150,4983.39,false
90853900,448191,448042,0,448042,90884000,448341,448192,0,448192,30100,150,4983.39,false
90884000,448341,448192,0,448192,90914100,448491,448342,0,448342,30100,150,4983.39,false
90914100,448491,448342,0,448342,90944200,448641,448492,0,448492,30100,150,4983.39,false
90944200,448641,448492,0,448492,91014700,448791,448642,0,448642,70500,150,2127.66,false
91014700,448791,448642,0,448642,91085200,448941,448792,0,448792,70500,150,2127.66,false
91085200,448941,448792,0,448792,91119400,449091,448942,0,448942,34200,150,4385.96,false
91119400,449091,448942,0,448942,91149500,449241,449092,0,449092,30100,150,4983.39,false
91149500,449241,449092,0,449092,91179600,449391,449242,0,449242,30100,150,4983.39,false
91179700,449392,449243,0,449243,91209800,449542,449393,0,449393,30100,150,4983.39,false
91209800,449542,449393,0,449393,91239900,449692,449543,0,449543,30100,150,4983.39,false
91239900,449692,449543,0,449543,91270000,449842,449693,0,449693,30100,150,4983.39,false
91270000,449842,449693,0,449693,91300100,449992,449843,0,449843,30100,150,4983.39,false
91300100,449992,449843,0,449843,91330200,450142,449993,0,449993,30100,150,4983.39,false
91330200,450142,449993,0,449993,91360300,450292,450143,0,450143,30100,150,4983.39,false
91360300,450292,450143,0,450143,91390400,450442,450293,0,450293,30100,150,4983.39,false
91390400,450442,450293,0,450293,91420500,450592,450443,0,450443,30100,150,4983.39,false
91420500,450592,450443,0,450443,91450600,450742,450593,0,450593,30100,150,4983.39,false
91450600,450742,450593,0,450593,91480700,450892,450743,0,450743,30100,150,4983.39,false
91480700,450892,450743,0,450743,91510800,451042,450893,0,450893,30100,150,4983.39,false
91510800,451042,450893,0,450893,91540900,451192,451043,0,451043,30100,150,4983.39,false
91540900,451192,451043,0,451043,91571000,451743,451193,0,451193,30100,150,4983.39,true
91571000,451743,451193,0,451193,91641200,452294,451744,0,451744,70200,551,7849.00,true
91641200,452294,451744,0,451744,91711400,452485,452295,0,452295,70200,551,7849.00,true
91711400,452485,452295,0,452295,91745600,452635,452486,0,452486,34200,191,5584.80,true
91745600,452635,452486,0,452486,91775700,452785,452636,0,452636,30100,150,4983.39,false
91775700,452785,452636,0,452636,91805800,452935,452786,0,452786,30100,150,4983.39,false
91805800,452935,452786,0,452786,91835900,453085,452936,0,452936,30100,150,4983.39,false
91835900,453085,452936,0,452936,91866000,453235,453086,0,453086,30100,150,4983.39,false
91866000,453235,453086,0,453086,91896100,453385,453236,0,453236,30100,150,4983.39,false
91896100,453385,453236,0,453236,91926200,453535,453386,0,453386,30100,150,4983.39,false
91926200,453535,453386,0,453386,91956300,453685,453536,0,453536,30100,150,4983.39,false
91956300,453685,453536,0,453536,91986400,453835,453686,0,453686,30100,150,4983.39,false
91986400,453835,453686,0,453686,92016500,453985,453836,0,453836,30100,150,4983.39,false
92016500,453985,453836,0,453836,92046600,454135,453986,0,453986,30100,150,4983.39,false
92046600,454135,453986,0,453986,92076700,454285,454136,0,454136,30100,150,4983.39,false
92076700,454285,454136,0,454136,92106800,454435,454286,0,454286,30100,150,4983.39,false
92106800,454435,454286,0,454286,92136900,454585,454436,0,454436,30100,150,4983.39,false
92136900,454585,454436,0,454436,92167000,454735,454586,0,454586,30100,150,4983.39,false
92167000,454735,454586,0,454586,92197100,454885,454736,0,454736,30100,150,4983.39,false
92197100,454885,454736,0,454736,92227200,455035,454886,0,454886,30100,150,4983.39,false
92227200,455035,454886,0,454886,92257300,455185,455036,0,455036,30100,150,4983.39,false
92257300,455185,455036,0,455036,92287400,455335,455186,0,455186,30100,150,4983.39,false
92287400,455335,455186,0,455186,92317500,455485,455336,0,455336,30100,150,4983.39,false
92317500,455485,455336,0,455336,92347600,455635,455486,0,455486,30100,150,4983.39,false
92347600,455635,455486,0,455486,92377700,455785,455636,0,455636,30100,150,4983.39,false
92377700,455785,455636,0,455636,92407800,455935,455786,0,455786,30100,150,4983.39,false
92407800,455935,455786,0,455786,92437900,456085,455936,0,455936,30100,150,4983.39,false
92437900,456085,455936,0,455936,92468000,456235,456086,0,456086,30100,150,4983.39,false
92468000,456235,456086,0,456086,92498100,456385,456236,0,456236,30100,150,4983.39,false
92498100,456385,456236,0,456236,92528200,456535,456386,0,456386,30100,150,4983.39,false
92528200,456535,456386,0,456386,92558300,456685,456536,0,456536,30100,150,4983.39,false
92558300,456685,456536,0,456536,92588400,456835,456686,0,456686,30100,150,4983.39,false
92588400,456835,456686,0,456686,92618500,456985,456836,0,456836,30100,150,4983.39,false
92618500,456985,456836,0,456836,92648600,457135,456986,0,456986,30100,150,4983.39,false
92648600,457135,456986,0,456986,92678700,457285,457136,0,457136,30100,150,4983.39,false
92678700,457285,457136,0,457136,92708800,457435,457286,0,457286,30100,150,4983.39,false
92708800,457435,457286,0,457286,92738900,457585,457436,0,457436,30100,150,4983.39,false
92738900,457585,457436,0,457436,92769000,457735,457586,0,457586,30100,150,4983.39,false
92769000,457735,457586,0,457586,92799100,457885,457736,0,457736,30100,150,4983.39,false
92799100,457885,457736,0,457736,92829200,458035,457886,0,457886,30100,150,4983.39,false
92829200,458035,457886,0,457886,92859300,458185,458036,0,458036,30100,150,4983.39,false
92859300,458185,458036,0,458036,92889400,458335,458186,0,458186,30100,150,4983.39,false
92889400,458335,458186,0,458186,92919500,458485,458336,0,458336,30100,150,4983.39,false
92919500,458485,458336,0,458336,92949600,458635,458486,0,458486,30100,150,4983.39,false
92949600,458635,458486,0,458486,92979700,458785,458636,0,458636,30100,150,4983.39,false
92979700,458785,458636,0,458636,93009800,458935,458786,0,458786,30100,150,4983.39,false
93009800,458935,458786,0,458786,93039900,459085,458936,0,458936,30100,150,4983.39,false
93039900,459085,458936,0,458936,93070000,459235,459086,0,459086,30100,150,4983.39,false
93070000,459235,459086,0,459086,93100100,459385,459236,0,459236,30100,150,4983.39,false
93100100,459385,459236,0,459236,93130200,459535,459386,0,459386,30100,150,4983.39,false
93130200,459535,459386,0,459386,93160300,459685,459536,0,459536,30100,150,4983.39,false
93160300,459685,459536,0,459536,93190400,459835,459686,0,459686,30100,150,4983.39,false
93190400,459835,459686,0,459686,93220500,459985,459836,0,459836,30100,150,4983.39,false
93220500,459985,459836,0,459836,93250600,460135,459986,0,459986,30100,150,4983.39,false
93250600,460135,459986,0,459986,93280700,460285,460136,0,460136,30100,150,4983.39,false
93280700,460285,460136,0,460136,93310800,460435,460286,0,460286,30100,150,4983.39,false
93310800,460435,460286,0,460286,93340900,460585,460436,0,460436,30100,150,4983.39,false
93340900,460585,460436,0,460436,93371000,460735,460586,0,460586,30100,150,4983.39,false
93371000,460735,460586,0,460586,93401100,460885,460736,0,460736,30100,150,4983.39,false
93401100,460885,460736,0,460736,93431200,461035,460886,0,460886,30100,150,4983.39,false
93431200,461035,460886,0,460886,93461300,461185,461036,0,461036,30100,150,4983.39,false
93461300,461185,461036,0,461036,93491400,461335,461186,0,461186,30100,150,4983.39,false
93491400,461335,461186,0,461186,93521500,461485,461336,0,461336,30100,150,4983.39,false
93521500,461485,461336,0,461336,93551600,461635,461486,0,461486,30100,150,4983.39,false
93551600,461635,461486,0,461486,93581700,461785,461636,0,461636,30100,150,4983.39,false
93581700,461785,461636,0,461636,93611800,461935,461786,0,461786,30100,150,4983.39,false
93611800,461935,461786,0,461786,93641900,462085,461936,0,461936,30100,150,4983.39,false
93641900,462085,461936,0,461936,93672000,462235,462086,0,462086,30100,150,4983.39,false
93672000,462235,462086,0,462086,93702100,462385,462236,0,462236,30100,150,4983.39,false
93702100,462385,462236,0,462236,93732200,462535,462386,0,462386,30100,150,4983.39,false
93732200,462535,462386,0,462386,93762300,462685,462536,0,462536,30100,150,4983.39,false
93762300,462685,462536,0,462536,93792400,462835,462686,0,462686,30100,150,4983.39,false
93792400,462835,462686,0,462686,93822500,462985,462836,0,462836,30100,150,4983.39,false
93822500,462985,462836,0,462836,93852600,463135,462986,0,462986,30100,150,4983.39,false
93852600,463135,462986,0,462986,93882700,463285,463136,0,463136,30100,150,4983.39,false
93882700,463285,463136,0,463136,93912800,463435,463286,0,463286,30100,150,4983.39,false
93912800,463435,463286,0,463286,93942900,463585,463436,0,463436,30100,150,4983.39,false
93942900,463585,463436,0,463436,93973000,463735,463586,0,463586,30100,150,4983.39,false
93973000,463735,463586,0,463586,94003100,463885,463736,0,463736,30100,150,4983.39,false
94003100,463885,463736,0,463736,94033200,464035,463886,0,463886,30100,150,4983.39,false
94033200,464035,463886,0,463886,94063300,464185,464036,0,464036,30100,150,4983.39,false
94063300,464185,464036,0,464036,94093400,464335,464186,0,464186,30100,150,4983.39,false
94093400,464335,464186,0,464186,94123500,464485,464336,0,464336,30100,150,4983.39,false
94123500,464485,464336,0,464336,94153600,464635,464486,0,464486,30100,150,4983.39,false
94153600,464635,464486,0,464486,94183700,464785,464636,0,464636,30100,150,4983.39,false
94183700,464785,464636,0,464636,94213800,464935,464786,0,464786,30100,150,4983.39,false
94213800,464935,464786,0,464786,94243900,465085,464936,0,464936,30100,150,4983.39,false
94243900,465085,464936,0,464936,94274000,465235,465086,0,465086,30100,150,4983.39,false
94274000,465235,465086,0,465086,94304100,465385,465236,0,465236,30100,150,4983.39,false
94304100,465385,465236,0,465236,94334200,465535,465386,0,465386,30100,150,4983.39,false
94334200,465535,465386,0,465386,94364300,465685,465536,0,465536,30100,150,4983.39,false
94364300,465685,465536,0,465536,94394400,465835,465686,0,465686,30100,150,4983.39,false
94394400,465835,465686,0,465686,94424500,465985,465836,0,465836,30100,150,4983.39,false
94424500,465985,465836,0,465836,94454600,466135,465986,0,465986,30100,150,4983.39,false
94454600,466135,465986,0,465986,94484700,466285,466136,0,466136,30100,150,4983.39,false
94484700,466285,466136,0,466136,94514800,466435,466286,0,466286,30100,150,4983.39,false
94514800,466435,466286,0,466286,94544900,466585,466436,0,466436,30100,150,4983.39,false
94544900,466585,466436,0,466436,94575000,466735,466586,0,466586,30100,150,4983.39,false
94575000,466735,466586,0,466586,94605100,466885,466736,0,466736,30100,150,4983.39,false
94605100,466885,466736,0,466736,94635200,467035,466886,0,466886,30100,150,4983.39,false
94635200,467035,466886,0,466886,94665300,467185,467036,0,467036,30100,150,4983.39,false
94665300,467185,467036,0,467036,94695400,467335,467186,0,467186,30100,150,4983.39,false
94695400,467335,467186,0,467186,94725500,467485,467336,0,467336,30100,150,4983.39,false
94725500,467485,467336,0,467336,94755600,467635,467486,0,467486,30100,150,4983.39,false
94755600,467635,467486,0,467486,94826100,467785,467636,0,467636,70500,150,2127.66,false
94826100,467785,467636,0,467636,94896600,467935,467786,0,467786,70500,150,2127.66,false
94896600,467935,467786,0,467786,94930800,468085,467936,0,467936,34200,150,4385.96,false
94930800,468085,467936,0,467936,94960900,468235,468086,0,468086,30100,150,4983.39,false
94960900,468235,468086,0,468086,94991000,468385,468236,0,468236,30100,150,4983.39,false
94991100,468386,468237,0,468237,95021200,468536,468387,0,468387,30100,150,4983.39,false
95021200,468536,468387,0,468387,95051300,468686,468537,0,468537,30100,150,4983.39,false
95051300,468686,468537,0,468537,95081400,468836,468687,0,468687,30100,150,4983.39,false
95081400,468836,468687,0,468687,95111500,468986,468837,0,468837,30100,150,4983.39,false
95111500,468986,468837,0,468837,95141600,469136,468987,0,468987,30100,150,4983.39,false
95141600,469136,468987,0,468987,95171700,469286,469137,0,469137,30100,150,4983.39,false
95171700,469286,469137,0,469137,95201800,469436,469287,0,469287,30100,150,4983.39,false
95201800,469436,469287,0,469287,95231900,469586,469437,0,469437,30100,150,4983.39,false
95231900,469586,469437,0,469437,95262000,469736,469587,0,469587,30100,150,4983.39,false
95262000,469736,469587,0,469587,95292100,469886,469737,0,469737,30100,150,4983.39,false
95292100,469886,469737,0,469737,95322200,470036,469887,0,469887,30100,150,4983.39,false
95322200,470036,469887,0,469887,95352300,470186,470037,0,470037,30100,150,4983.39,false
95352300,470186,470037,0,470037,95382400,470737,470187,0,470187,30100,150,4983.39,true
95382400,470737,470187,0,470187,95452600,471288,470738,0,470738,70200,551,7849.00,true
95452600,471288,470738,0,470738,95522800,471479,471289,0,471289,70200,551,7849.00,true
95522800,471479,471289,0,471289,95557000,471629,471480,0,471480,34200,191,5584.80,true
95557000,471629,471480,0,471480,95587100,471779,471630,0,471630,30100,150,4983.39,false
95587100,471779,471630,0,471630,95617200,471929,471780,0,471780,30100,150,4983.39,false
95617200,471929,471780,0,471780,95647300,472079,471930,0,471930,30100,150,4983.39,false
95647300,472079,471930,0,471930,95677400,472229,472080,0,472080,30100,150,4983.39,false
95677400,472229,472080,0,472080,95707500,472379,472230,0,472230,30100,150,4983.39,false
95707500,472379,472230,0,472230,95737600,472529,472380,0,472380,30100,150,4983.39,false
95737600,472529,472380,0,472380,95767700,472679,472530,0,472530,30100,150,4983.39,false
95767700,472679,472530,0,472530,95797800,472829,472680,0,472680,30100,150,4983.39,false
95797800,472829,472680,0,472680,95827900,472979,472830,0,472830,30100,150,4983.39,false
95827900,472979,472830,0,472830,95858000,473129,472980,0,472980,30100,150,4983.39,false
95858000,473129,472980,0,472980,95888100,473279,473130,0,473130,30100,150,4983.39,false
95888100,473279,473130,0,473130,95918200,473429,473280,0,473280,30100,150,4983.39,false
95918200,473429,473280,0,473280,95948300,473579,473430,0,473430,30100,150,4983.39,false
95948300,473579,473430,0,473430,95978400,473729,473580,0,473580,30100,150,4983.39,false
95978400,473729,473580,0,473580,96008500,473879,473730,0,473730,30100,150,4983.39,false
96008500,473879,473730,0,473730,96038600,474029,473880,0,473880,30100,150,4983.39,false
96038600,474029,473880,0,473880,96068700,474179,474030,0,474030,30100,150,4983.39,false
96068700,474179,474030,0,474030,96098800,474329,474180,0,474180,30100,150,4983.39,false
96098800,474329,474180,0,474180,96128900,474479,474330,0,474330,30100,150,4983.39,false
96128900,474479,474330,0,474330,96159000,474629,474480,0,474480,30100,150,4983.39,false
96159000,474629,474480,0,474480,96189100,474779,474630,0,474630,30100,150,4983.39,false
96189100,474779,474630,0,474630,96219200,474929,474780,0,474780,30100,150,4983.39,false
96219200,474929,474780,0,474780,96249300,475079,474930,0,474930,30100,150,4983.39,false
96249300,475079,474930,0,474930,96279400,475229,475080,0,475080,30100,150,4983.39,false
96279400,475229,475080,0,475080,96309500,475379,475230,0,475230,30100,150,4983.39,false
96309500,475379,475230,0,475230,96339600,475529,475380,0,475380,30100,150,4983.39,false
96339600,475529,475380,0,475380,96369700,475679,475530,0,475530,30100,150,4983.39,false
96369700,475679,475530,0,475530,96399800,475829,475680,0,475680,30100,150,4983.39,false
96399800,475829,475680,0,475680,96429900,475979,475830,0,475830,30100,150,4983.39,false
96429900,475979,475830,0,475830,96460000,476129,475980,0,475980,30100,150,4983.39,false
96460000,476129,475980,0,475980,96490100,476279,476130,0,476130,30100,150,4983.39,false
96490100,476279,476130,0,476130,96520200,476429,476280,0,476280,30100,150,4983.39,false
96520200,476429,476280,0,476280,96550300,476579,476430,0,476430,30100,150,4983.39,false
96550300,476579,476430,0,476430,96580400,476729,476580,0,476580,30100,150,4983.39,false
96580400,476729,476580,0,476580,96610500,476879,476730,0,476730,30100,150,4983.39,false
96610500,476879,476730,0,476730,96640600,477029,476880,0,476880,30100,150,4983.39,false
96640600,477029,476880,0,476880,96670700,477179,477030,0,477030,30100,150,4983.39,false
96670700,477179,477030,0,477030,96700800,477329,477180,0,477180,30100,150,4983.39,false
96700800,477329,477180,0,477180,96730900,477479,477330,0,477330,30100,150,4983.39,false
96730900,477479,477330,0,477330,96761000,477629,477480,0,477480,30100,150,4983.39,false
96761000,477629,477480,0,477480,96791100,477779,477630,0,477630,30100,150,4983.39,false
96791100,477779,477630,0,477630,96821200,477929,477780,0,477780,30100,150,4983.39,false
96821200,477929,477780,0,477780,96851300,478079,477930,0,477930,30100,150,4983.39,false
96851300,478079,477930,0,477930,96881400,478229,478080,0,478080,30100,150,4983.39,false
96881400,478229,478080,0,478080,96911500,478379,478230,0,478230,30100,150,4983.39,false
96911500,478379,478230,0,478230,96941600,478529,478380,0,478380,30100,150,4983.39,false
96941600,478529,478380,0,478380,96971700,478679,478530,0,478530,30100,150,4983.39,false
96971700,478679,478530,0,478530,97001800,478829,478680,0,478680,30100,150,4983.39,false
97001800,478829,478680,0,478680,97031900,478979,478830,0,478830,30100,150,4983.39,false
97031900,478979,478830,0,478830,97062000,479129,478980,0,478980,30100,150,4983.39,false
97062000,479129,478980,0,478980,97092100,479279,479130,0,479130,30100,150,4983.39,false
97092100,479279,479130,0,479130,97122200,479429,479280,0,479280,30100,150,4983.39,false
97122200,479429,479280,0,479280,97152300,479579,479430,0,479430,30100,150,4983.39,false
97152300,479579,479430,0,479430,97182400,479729,479580,0,479580,30100,150,4983.39,false
97182400,479729,479580,0,479580,97212500,479879,479730,0,479730,30100,150,4983.39,false
97212500,479879,479730,0,479730,97242600,480029,479880,0,479880,30100,150,4983.39,false
97242600,480029,479880,0,479880,97272700,480179,480030,0,480030,30100,150,4983.39,false
97272700,480179,480030,0,480030,97302800,480329,480180,0,480180,30100,150,4983.39,false
97302800,480329,480180,0,480180,97332900,480479,480330,0,480330,30100,150,4983.39,false
97332900,480479,480330,0,480330,97363000,480629,480480,0,480480,30100,150,4983.39,false
97363000,480629,480480,0,480480,97393100,480779,480630,0,480630,30100,150,4983.39,false
97393100,480779,480630,0,480630,97423200,480929,480780,0,480780,30100,150,4983.39,false
97423200,480929,480780,0,480780,97453300,481079,480930,0,480930,30100,150,4983.39,false
97453300,481079,480930,0,480930,97483400,481229,481080,0,481080,30100,150,4983.39,false
97483400,481229,481080,0,481080,97513500,481379,481230,0,481230,30100,150,4983.39,false
97513500,481379,481230,0,481230,97543600,481529,481380,0,481380,30100,150,4983.39,false
97543600,481529,481380,0,481380,97573700,481679,481530,0,481530,30100,150,4983.39,false
97573700,481679,481530,0,481530,97603800,481829,481680,0,481680,30100,150,4983.39,false
97603800,481829,481680,0,481680,97633900,481979,481830,0,481830,30100,150,4983.39,false
97633900,481979,481830,0,481830,97664000,482129,481980,0,481980,30100,150,4983.39,false
97664000,482129,481980,0,481980,97694100,482279,482130,0,482130,30100,150,4983.39,false
97694100,482279,482130,0,482130,97724200,482429,482280,0,482280,30100,150,4983.39,false
97724200,482429,482280,0,482280,97754300,482579,482430,0,482430,30100,150,4983.39,false
97754300,482579,482430,0,482430,97784400,482729,482580,0,482580,30100,150,4983.39,false
97784400,482729,482580,0,482580,97814500,482879,482730,0,482730,30100,150,4983.39,false
97814500,482879,482730,0,482730,97844600,483029,482880,0,482880,30100,150,4983.39,false
97844600,483029,482880,0,482880,97874700,483179,483030,0,483030,30100,150,4983.39,false
97874700,483179,483030,0,483030,97904800,483329,483180,0,483180,30100,150,4983.39,false
97904800,483329,483180,0,483180,97934900,483479,483330,0,483330,30100,150,4983.39,false
97934900,483479,483330,0,483330,97965000,483629,483480,0,483480,30100,150,4983.39,false
97965000,483629,483480,0,483480,97995100,483779,483630,0,483630,30100,150,4983.39,false
97995100,483779,483630,0,483630,98025200,483929,483780,0,483780,30100,150,4983.39,false
98025200,483929,483780,0,483780,98055300,484079,483930,0,483930,30100,150,4983.39,false
98055300,484079,483930,0,483930,98085400,484229,484080,0,484080,30100,150,4983.39,false
98085400,484229,484080,0,484080,98115500,484379,484230,0,484230,30100,150,4983.39,false
98115500,484379,484230,0,484230,98145600,484529,484380,0,484380,30100,150,4983.39,false
98145600,484529,484380,0,484380,98175700,484679,484530,0,484530,30100,150,4983.39,false
98175700,484679,484530,0,484530,98205800,484829,484680,0,484680,30100,150,4983.39,false
98205800,484829,484680,0,484680,98235900,484979,484830,0,484830,30100,150,4983.39,false
98235900,484979,484830,0,484830,98266000,485129,484980,0,484980,30100,150,4983.39,false
98266000,485129,484980,0,484980,98296100,485279,485130,0,485130,30100,150,4983.39,false
98296100,485279,485130,0,485130,98326200,485429,485280,0,485280,30100,150,4983.39,false
98326200,485429,485280,0,485280,98356300,485579,485430,0,485430,30100,150,4983.39,false
98356300,485579,485430,0,485430,98386400,485729,485580,0,485580,30100,150,4983.39,false
98386400,485729,485580,0,485580,98416500,485879,485730,0,485730,30100,150,4983.39,false
98416500,485879,485730,0,485730,98446600,486029,485880,0,485880,30100,150,4983.39,false
98446600,486029,485880,0,485880,98476700,486179,486030,0,486030,30100,150,4983.39,false
98476700,486179,486030,0,486030,98506800,486329,486180,0,486180,30100,150,4983.39,false
98506800,486329,486180,0,486180,98536900,486479,486330,0,486330,30100,150,4983.39,false
98536900,486479,486330,0,486330,98567000,486629,486480,0,486480,30100,150,4983.39,false
98567000,486629,486480,0,486480,98637500,486779,486630,0,486630,70500,150,2127.66,false
98637500,486779,486630,0,486630,98708000,486929,486780,0,486780,70500,150,2127.66,false
98708000,486929,486780,0,486780,98742200,487079,486930,0,486930,34200,150,4385.96,false
98742200,487079,486930,0,486930,98772300,487229,487080,0,487080,30100,150,4983.39,false
98772300,487229,487080,0,487080,98802400,487379,487230,0,487230,30100,150,4983.39,false
98802500,487380,487231,0,487231,98832600,487530,487381,0,487381,30100,150,4983.39,false
98832600,487530,487381,0,487381,98862700,487680,487531,0,487531,30100,150,4983.39,false
98862700,487680,487531,0,487531,98892800,487830,487681,0,487681,30100,150,4983.39,false
98892800,487830,487681,0,487681,98922900,487980,487831,0,487831,30100,150,4983.39,false
98922900,487980,487831,0,487831,98953000,488130,487981,0,487981,30100,150,4983.39,false
98953000,488130,487981,0,487981,98983100,488280,488131,0,488131,30100,150,4983.39,false
98983100,488280,488131,0,488131,99013200,488430,488281,0,488281,30100,150,4983.39,false
99013200,488430,488281,0,488281,99043300,488580,488431,0,488431,30100,150,4983.39,false
99043300,488580,488431,0,488431,99073400,488730,488581,0,488581,30100,150,4983.39,false
99073400,488730,488581,0,488581,99103500,488880,488731,0,488731,30100,150,4983.39,false
99103500,488880,488731,0,488731,99133600,489030,488881,0,488881,30100,150,4983.39,false
99133600,489030,488881,0,488881,99163700,489180,489031,0,489031,30100,150,4983.39,false
99163700,489180,489031,0,489031,99193800,489731,489181,0,489181,30100,150,4983.39,true
99193800,489731,489181,0,489181,99264000,490282,489732,0,489732,70200,551,7849.00,true
99264000,490282,489732,0,489732,99334200,490473,490283,0,490283,70200,551,7849.00,true
99334200,490473,490283,0,490283,99368400,490623,490474,0,490474,34200,191,5584.80,true
99368400,490623,490474,0,490474,99398500,490773,490624,0,490624,30100,150,4983.39,false
99398500,490773,490624,0,490624,99428600,490923,490774,0,490774,30100,150,4983.39,false
99428600,490923,490774,0,490774,99458700,491073,490924,0,490924,30100,150,4983.39,false
99458700,491073,490924,0,490924,99488800,491223,491074,0,491074,30100,150,4983.39,false
99488800,491223,491074,0,491074,99518900,491373,491224,0,491224,30100,150,4983.39,false
99518900,491373,491224,0,491224,99549000,491523,491374,0,491374,30100,150,4983.39,false
99549000,491523,491374,0,491374,99579100,491673,491524,0,491524,30100,150,4983.39,false
99579100,491673,491524,0,491524,99609200,491823,491674,0,491674,30100,150,4983.39,false
99609200,491823,491674,0,491674,99639300,491973,491824,0,491824,30100,150,4983.39,false
99639300,491973,491824,0,491824,99669400,492123,491974,0,491974,30100,150,4983.39,false
99669400,492123,491974,0,491974,99699500,492273,492124,0,492124,30100,150,4983.39,false
99699500,492273,492124,0,492124,99729600,492423,492274,0,492274,30100,150,4983.39,false
99729600,492423,492274,0,492274,99759700,492573,492424,0,492424,30100,150,4983.39,false
99759700,492573,492424,0,492424,99789800,492723,492574,0,492574,30100,150,4983.39,false
99789800,492723,492574,0,492574,99819900,492873,492724,0,492724,30100,150,4983.39,false
99819900,492873,492724,0,492724,99850000,493023,492874,0,492874,30100,150,4983.39,false
99850000,493023,492874,0,492874,99880100,493173,493024,0,493024,30100,150,4983.39,false
99880100,493173,493024,0,493024,99910200,493323,493174,0,493174,30100,150,4983.39,false
99910200,493323,493174,0,493174,99940300,493473,493324,0,493324,30100,150,4983.39,false
99940300,493473,493324,0,493324,99970400,493623,493474,0,493474,30100,150,4983.39,false
99970400,493623,493474,0,493474,100000500,493773,493624,0,493624,30100,150,4983.39,false
100000500,493773,493624,0,493624,100030600,493923,493774,0,493774,30100,150,4983.39,false
100030600,493923,493774,0,493774,100060700,494073,493924,0,493924,30100,150,4983.39,false
100060700,494073,493924,0,493924,100090800,494223,494074,0,494074,30100,150,4983.39,false
100090800,494223,494074,0,494074,100120900,494373,494224,0,494224,30100,150,4983.39,false
100120900,494373,494224,0,494224,100151000,494523,494374,0,494374,30100,150,4983.39,false
100151000,494523,494374,0,494374,100181100,494673,494524,0,494524,30100,150,4983.39,false
100181100,494673,494524,0,494524,100211200,494823,494674,0,494674,30100,150,4983.39,false
100211200,494823,494674,0,494674,100241300,494973,494824,0,494824,30100,150,4983.39,false
100241300,494973,494824,0,494824,100271400,495123,494974,0,494974,30100,150,4983.39,false
100271400,495123,494974,0,494974,100301500,495273,495124,0,495124,30100,150,4983.39,false
100301500,495273,495124,0,495124,100331600,495423,495274,0,495274,30100,150,4983.39,false
100331600,495423,495274,0,495274,100361700,495573,495424,0,495424,30100,150,4983.39,false
100361700,495573,495424,0,495424,100391800,495723,495574,0,495574,30100,150,4983.39,false
100391800,495723,495574,0,495574,100421900,495873,495724,0,495724,30100,150,4983.39,false
100421900,495873,495724,0,495724,100452000,496023,495874,0,495874,30100,150,4983.39,false
100452000,496023,495874,0,495874,100482100,496173,496024,0,496024,30100,150,4983.39,false
100482100,496173,496024,0,496024,100512200,496323,496174,0,496174,30100,150,4983.39,false
100512200,496323,496174,0,496174,100542300,496473,496324,0,496324,30100,150,4983.39,false
100542300,496473,496324,0,496324,100572400,496623,496474,0,496474,30100,150,4983.39,false
100572400,496623,496474,0,496474,100602500,496773,496624,0,496624,30100,150,4983.39,false
100602500,496773,496624,0,496624,100632600,496923,496774,0,496774,30100,150,4983.39,false
100632600,496923,496774,0,496774,100662700,497073,496924,0,496924,30100,150,4983.39,false
100662700,497073,496924,0,496924,100692800,497223,497074,0,497074,30100,150,4983.39,false
100692800,497223,497074,0,497074,100722900,497373,497224,0,497224,30100,150,4983.39,false
100722900,497373,497224,0,497224,100753000,497523,497374,0,497374,30100,150,4983.39,false
100753000,497523,497374,0,497374,100783100,497673,497524,0,497524,30100,150,4983.39,false
100783100,497673,497524,0,497524,100813200,497823,497674,0,497674,30100,150,4983.39,false
100813200,497823,497674,0,497674,100843300,497973,497824,0,497824,30100,150,4983.39,false
100843300,497973,497824,0,497824,100873400,498123,497974,0,497974,30100,150,4983.39,false
100873400,498123,497974,0,497974,100903500,498273,498124,0,498124,30100,150,4983.39,false
100903500,498273,498124,0,498124,100933600,498423,498274,0,498274,30100,150,4983.39,false
100933600,498423,498274,0,498274,100963700,498573,498424,0,498424,30100,150,4983.39,false
100963700,498573,498424,0,498424,100993800,498723,498574,0,498574,30100,150,4983.39,false
100993800,498723,498574,0,498574,101023900,498873,498724,0,498724,30100,150,4983.39,false
101023900,498873,498724,0,498724,101054000,499023,498874,0,498874,30100,150,4983.39,false
101054000,499023,498874,0,498874,101084100,499173,499024,0,499024,30100,150,4983.39,false
101084100,499173,499024,0,499024,101114200,499323,499174,0,499174,30100,150,4983.39,false
101114200,499323,499174,0,499174,101144300,499473,499324,0,499324,30100,150,4983.39,false
101144300,499473,499324,0,499324,101174400,499623,499474,0,499474,30100,150,4983.39,false
101174400,499623,499474,0,499474,101204500,499773,499624,0,499624,30100,150,4983.39,false
101204500,499773,499624,0,499624,101234600,499923,499774,0,499774,30100,150,4983.39,false
101234600,499923,499774,0,499774,101264700,500073,499924,0,499924,30100,150,4983.39,false
101264700,500073,499924,0,499924,101294800,500223,500074,0,500074,30100,150,4983.39,false
101294800,500223,500074,0,500074,101324900,500373,500224,0,500224,30100,150,4983.39,false
101324900,500373,500224,0,500224,101355000,500523,500374,0,500374,30100,150,4983.39,false
101355000,500523,500374,0,500374,101385100,500673,500524,0,500524,30100,150,4983.39,false
101385100,500673,500524,0,500524,101415200,500823,500674,0,500674,30100,150,4983.39,false
101415200,500823,500674,0,500674,101445300,500973,500824,0,500824,30100,150,4983.39,false
101445300,500973,500824,0,500824,101475400,501123,500974,0,500974,30100,150,4983.39,false
101475400,501123,500974,0,500974,101505500,501273,501124,0,501124,30100,150,4983.39,false
101505500,501273,501124,0,501124,101535600,501423,501274,0,501274,30100,150,4983.39,false
101535600,501423,501274,0,501274,101565700,501573,501424,0,501424,30100,150,4983.39,false
101565700,501573,501424,0,501424,101595800,501723,501574,0,501574,30100,150,4983.39,false
101595800,501723,501574,0,501574,101625900,501873,501724,0,501724,30100,150,4983.39,false
101625900,501873,501724,0,501724,101656000,502023,501874,0,501874,30100,150,4983.39,false
101656000,502023,501874,0,501874,101686100,502173,502024,0,502024,30100,150,4983.39,false
101686100,502173,502024,0,502024,101716200,502323,502174,0,502174,30100,150,4983.39,false
101716200,502323,502174,0,502174,101746300,502473,502324,0,502324,30100,150,4983.39,false
101746300,502473,502324,0,502324,101776400,502623,502474,0,502474,30100,150,4983.39,false
101776400,502623,502474,0,502474,101806500,502773,502624,0,502624,30100,150,4983.39,false
101806500,502773,502624,0,502624,101836600,502923,502774,0,502774,30100,150,4983.39,false
101836600,502923,502774,0,502774,101866700,503073,502924,0,502924,30100,150,4983.39,false
101866700,503073,502924,0,502924,101896800,503223,503074,0,503074,30100,150,4983.39,false
101896800,503223,503074,0,503074,101926900,503373,503224,0,503224,30100,150,4983.39,false
101926900,503373,503224,0,503224,101957000,503523,503374,0,503374,30100,150,4983.39,false
101957000,503523,503374,0,503374,101987100,503673,503524,0,503524,30100,150,4983.39,false
101987100,503673,503524,0,503524,102017200,503823,503674,0,503674,30100,150,4983.39,false
102017200,503823,503674,0,503674,102047300,503973,503824,0,503824,30100,150,4983.39,false
102047300,503973,503824,0,503824,102077400,504123,503974,0,503974,30100,150,4983.39,false
102077400,504123,503974,0,503974,102107500,504273,504124,0,504124,30100,150,4983.39,false
102107500,504273,504124,0,504124,102137600,504423,504274,0,504274,30100,150,4983.39,false
102137600,504423,504274,0,504274,102167700,504573,504424,0,504424,30100,150,4983.39,false
102167700,504573,504424,0,504424,102197800,504723,504574,0,504574,30100,150,4983.39,false
102197800,504723,504574,0,504574,102227900,504873,504724,0,504724,30100,150,4983.39,false
102227900,504873,504724,0,504724,102258000,505023,504874,0,504874,30100,150,4983.39,false
102258000,505023,504874,0,504874,102288100,505173,505024,0,505024,30100,150,4983.39,false
102288100,505173,505024,0,505024,102318200,505323,505174,0,505174,30100,150,4983.39,false
102318200,505323,505174,0,505174,102348300,505473,505324,0,505324,30100,150,4983.39,false
102348300,505473,505324,0,505324,102378400,505623,505474,0,505474,30100,150,4983.39,false
102378400,505623,505474,0,505474,102448900,505773,505624,0,505624,70500,150,2127.66,false
102448900,505773,505624,0,505624,102519400,505923,505774,0,505774,70500,150,2127.66,false
102519400,505923,505774,0,505774,102553600,506073,505924,0,505924,34200,150,4385.96,false
102553600,506073,505924,0,505924,102583700,506223,506074,0,506074,30100,150,4983.39,false
102583700,506223,506074,0,506074,102613800,506373,506224,0,506224,30100,150,4983.39,false
102613900,506374,506225,0,506225,102644000,506524,506375,0,506375,30100,150,4983.39,false
102644000,506524,506375,0,506375,102674100,506674,506525,0,506525,30100,150,4983.39,false
102674100,506674,506525,0,506525,102704200,506824,506675,0,506675,30100,150,4983.39,false
102704200,506824,506675,0,506675,102734300,506974,506825,0,506825,30100,150,4983.39,false
102734300,506974,506825,0,506825,102764400,507124,506975,0,506975,30100,150,4983.39,false
102764400,507124,506975,0,506975,102794500,507274,507125,0,507125,30100,150,4983.39,false
102794500,507274,507125,0,507125,102824600,507424,507275,0,507275,30100,150,4983.39,false
102824600,507424,507275,0,507275,102854700,507574,507425,0,507425,30100,150,4983.39,false
102854700,507574,507425,0,507425,102884800,507724,507575,0,507575,30100,150,4983.39,false
102884800,507724,507575,0,507575,102914900,507874,507725,0,507725,30100,150,4983.39,false
102914900,507874,507725,0,507725,102945000,508024,507875,0,507875,30100,150,4983.39,false
102945000,508024,507875,0,507875,102975100,508174,508025,0,508025,30100,150,4983.39,false
102975100,508174,508025,0,508025,103005200,508725,508175,0,508175,30100,150,4983.39,true
103005200,508725,508175,0,508175,103075400,509276,508726,0,508726,70200,551,7849.00,true
103075400,509276,508726,0,508726,103145600,509467,509277,0,509277,70200,551,7849.00,true
103145600,509467,509277,0,509277,103179800,509617,509468,0,509468,34200,191,5584.80,true
103179800,509617,509468,0,509468,103209900,509767,509618,0,509618,30100,150,4983.39,false
103209900,509767,509618,0,509618,103240000,509917,509768,0,509768,30100,150,4983.39,false
103240000,509917,509768,0,509768,103270100,510067,509918,0,509918,30100,150,4983.39,false
103270100,510067,509918,0,509918,103300200,510217,510068,0,510068,30100,150,4983.39,false
103300200,510217,510068,0,510068,103330300,510367,510218,0,510218,30100,150,4983.39,false
103330300,510367,510218,0,510218,103360400,510517,510368,0,510368,30100,150,4983.39,false
103360400,510517,510368,0,510368,103390500,510667,510518,0,510518,30100,150,4983.39,false
103390500,510667,510518,0,510518,103420600,510817,510668,0,510668,30100,150,4983.39,false
103420600,510817,510668,0,510668,103450700,510967,510818,0,510818,30100,150,4983.39,false
103450700,510967,510818,0,510818,103480800,511117,510968,0,510968,30100,150,4983.39,false
103480800,511117,510968,0,510968,103510900,511267,511118,0,511118,30100,150,4983.39,false
103510900,511267,511118,0,511118,103541000,511417,511268,0,511268,30100,150,4983.39,false
103541000,511417,511268,0,511268,103571100,511567,511418,0,511418,30100,150,4983.39,false
103571100,511567,511418,0,511418,103601200,511717,511568,0,511568,30100,150,4983.39,false
103601200,511717,511568,0,511568,103631300,511867,511718,0,511718,30100,150,4983.39,false
103631300,511867,511718,0,511718,103661400,512017,511868,0,511868,30100,150,4983.39,false
103661400,512017,511868,0,511868,103691500,512167,512018,0,512018,30100,150,4983.39,false
103691500,512167,512018,0,512018,103721600,512317,512168,0,512168,30100,150,4983.39,false
103721600,512317,512168,0,512168,103751700,512467,512318,0,512318,30100,150,4983.39,false
103751700,512467,512318,0,512318,103781800,512617,512468,0,512468,30100,150,4983.39,false
103781800,512617,512468,0,512468,103811900,512767,512618,0,512618,30100,150,4983.39,false
103811900,512767,512618,0,512618,103842000,512917,512768,0,512768,30100,150,4983.39,false
103842000,512917,512768,0,512768,103872100,513067,512918,0,512918,30100,150,4983.39,false
103872100,513067,512918,0,512918,103902200,513217,513068,0,513068,30100,150,4983.39,false
103902200,513217,513068,0,513068,103932300,513367,513218,0,513218,30100,150,4983.39,false
103932300,513367,513218,0,513218,103962400,513517,513368,0,513368,30100,150,4983.39,false
103962400,513517,513368,0,513368,103992500,513667,513518,0,513518,30100,150,4983.39,false
103992500,513667,513518,0,513518,104022600,513817,513668,0,513668,30100,150,4983.39,false
104022600,513817,513668,0,513668,104052700,513967,513818,0,513818,30100,150,4983.39,false
104052700,513967,513818,0,513818,104082800,514117,513968,0,513968,30100,150,4983.39,false
104082800,514117,513968,0,513968,104112900,514267,514118,0,514118,30100,150,4983.39,false
104112900,514267,514118,0,514118,104143000,514417,514268,0,514268,30100,150,4983.39,false
104143000,514417,514268,0,514268,104173100,514567,514418,0,514418,30100,150,4983.39,false
104173100,514567,514418,0,514418,104203200,514717,514568,0,514568,30100,150,4983.39,false
104203200,514717,514568,0,514568,104233300,514867,514718,0,514718,30100,150,4983.39,false
104233300,514867,514718,0,514718,104263400,515017,514868,0,514868,30100,150,4983.39,false
104263400,515017,514868,0,514868,104293500,515167,515018,0,515018,30100,150,4983.39,false
104293500,515167,515018,0,515018,104323600,515317,515168,0,515168,30100,150,4983.39,false
104323600,515317,515168,0,515168,104353700,515467,515318,0,515318,30100,150,4983.39,false
104353700,515467,515318,0,515318,104383800,515617,515468,0,515468,30100,150,4983.39,false
104383800,515617,515468,0,515468,104413900,515767,515618,0,515618,30100,150,4983.39,false
104413900,515767,515618,0,515618,104444000,515917,515768,0,515768,30100,150,4983.39,false
104444000,515917,515768,0,515768,104474100,516067,515918,0,515918,30100,150,4983.39,false
104474100,516067,515918,0,515918,104504200,516217,516068,0,516068,30100,150,4983.39,false
104504200,516217,516068,0,516068,104534300,516367,516218,0,516218,30100,150,4983.39,false
104534300,516367,516218,0,516218,104564400,516517,516368,0,516368,30100,150,4983.39,false
104564400,516517,516368,0,516368,104594500,516667,516518,0,516518,30100,150,4983.39,false
104594500,516667,516518,0,516518,104624600,516817,516668,0,516668,30100,150,4983.39,false
104624600,516817,516668,0,516668,104654700,516967,516818,0,516818,30100,150,4983.39,false
104654700,516967,516818,0,516818,104684800,517117,516968,0,516968,30100,150,4983.39,false
104684800,517117,516968,0,516968,104714900,517267,517118,0,517118,30100,150,4983.39,false
104714900,517267,517118,0,517118,104745000,517417,517268,0,517268,30100,150,4983.39,false
104745000,517417,517268,0,517268,104775100,517567,517418,0,517418,30100,150,4983.39,false
104775100,517567,517418,0,517418,104805200,517717,517568,0,517568,30100,150,4983.39,false
104805200,517717,517568,0,517568,104835300,517867,517718,0,517718,30100,150,4983.39,false
104835300,517867,517718,0,517718,104865400,518017,517868,0,517868,30100,150,4983.39,false
104865400,518017,517868,0,517868,104895500,518167,518018,0,518018,30100,150,4983.39,false
104895500,518167,518018,0,518018,104925600,518317,518168,0,518168,30100,150,4983.39,false
104925600,518317,518168,0,518168,104955700,518467,518318,0,518318,30100,150,4983.39,false
104955700,518467,518318,0,518318,104985800,518617,518468,0,518468,30100,150,4983.39,false
104985800,518617,518468,0,518468,105015900,518767,518618,0,518618,30100,150,4983.39,false
105015900,518767,518618,0,518618,105046000,518917,518768,0,518768,30100,150,4983.39,false
105046000,518917,518768,0,518768,105076100,519067,518918,0,518918,30100,150,4983.39,false
105076100,519067,518918,0,518918,105106200,519217,519068,0,519068,30100,150,4983.39,false
105106200,519217,519068,0,519068,105136300,519367,519218,0,519218,30100,150,4983.39,false
105136300,519367,519218,0,519218,105166400,519517,519368,0,519368,30100,150,4983.39,false
105166400,519517,519368,0,519368,105196500,519667,519518,0,519518,30100,150,4983.39,false
105196500,519667,519518,0,519518,105226600,519817,519668,0,519668,30100,150,4983.39,false
105226600,519817,519668,0,519668,105256700,519967,519818,0,519818,30100,150,4983.39,false
105256700,519967,519818,0,519818,105286800,520117,519968,0,519968,30100,150,4983.39,false
105286800,520117,519968,0,519968,105316900,520267,520118,0,520118,30100,150,4983.39,false
105316900,520267,520118,0,520118,105347000,520417,520268,0,520268,30100,150,4983.39,false
105347000,520417,520268,0,520268,105377100,520567,520418,0,520418,30100,150,4983.39,false
105377100,520567,520418,0,520418,105407200,520717,520568,0,520568,30100,150,4983.39,false
105407200,520717,520568,0,520568,105437300,520867,520718,0,520718,30100,150,4983.39,false
105437300,520867,520718,0,520718,105467400,521017,520868,0,520868,30100,150,4983.39,false
105467400,521017,520868,0,520868,105497500,521167,521018,0,521018,30100,150,4983.39,false
105497500,521167,521018,0,521018,105527600,521317,521168,0,521168,30100,150,4983.39,false
105527600,521317,521168,0,521168,105557700,521467,521318,0,521318,30100,150,4983.39,false
105557700,521467,521318,0,521318,105587800,521617,521468,0,521468,30100,150,4983.39,false
105587800,521617,521468,0,521468,105617900,521767,521618,0,521618,30100,150,4983.39,false
105617900,521767,521618,0,521618,105648000,521917,521768,0,521768,30100,150,4983.39,false
105648000,521917,521768,0,521768,105678100,522067,521918,0,521918,30100,150,4983.39,false
105678100,522067,521918,0,521918,105708200,522217,522068,0,522068,30100,150,4983.39,false
105708200,522217,522068,0,522068,105738300,522367,522218,0,522218,30100,150,4983.39,false
105738300,522367,522218,0,522218,105768400,522517,522368,0,522368,30100,150,4983.39,false
105768400,522517,522368,0,522368,105798500,522667,522518,0,522518,30100,150,4983.39,false
105798500,522667,522518,0,522518,105828600,522817,522668,0,522668,30100,150,4983.39,false
105828600,522817,522668,0,522668,105858700,522967,522818,0,522818,30100,150,4983.39,false
105858700,522967,522818,0,522818,105888800,523117,522968,0,522968,30100,150,4983.39,false
105888800,523117,522968,0,522968,105918900,523267,523118,0,523118,30100,150,4983.39,false
105918900,523267,523118,0,523118,105949000,523417,523268,0,523268,30100,150,4983.39,false
105949000,523417,523268,0,523268,105979100,523567,523418,0,523418,30100,150,4983.39,false
105979100,523567,523418,0,523418,106009200,523717,523568,0,523568,30100,150,4983.39,false
106009200,523717,523568,0,523568,106039300,523867,523718,0,523718,30100,150,4983.39,false
106039300,523867,523718,0,523718,106069400,524017,523868,0,523868,30100,150,4983.39,false
106069400,524017,523868,0,523868,106099500,524167,524018,0,524018,30100,150,4983.39,false
106099500,524167,524018,0,524018,106129600,524317,524168,0,524168,30100,150,4983.39,false
106129600,524317,524168,0,524168,106159700,524467,524318,0,524318,30100,150,4983.39,false
106159700,524467,524318,0,524318,106189800,524617,524468,0,524468,30100,150,4983.39,false
106189800,524617,524468,0,524468,106260300,524767,524618,0,524618,70500,150,2127.66,false
106260300,524767,524618,0,524618,106330800,524917,524768,0,524768,70500,150,2127.66,false
106330800,524917,524768,0,524768,106365000,525067,524918,0,524918,34200,150,4385.96,false
106365000,525067,524918,0,524918,106395100,525217,525068,0,525068,30100,150,4983.39,false
106395100,525217,525068,0,525068,106425200,525367,525218,0,525218,30100,150,4983.39,false
106425300,525368,525219,0,525219,106455400,525518,525369,0,525369,30100,150,4983.39,false
106455400,525518,525369,0,525369,106485500,525668,525519,0,525519,30100,150,4983.39,false
106485500,525668,525519,0,525519,106515600,525818,525669,0,525669,30100,150,4983.39,false
106515600,525818,525669,0,525669,106545700,525968,525819,0,525819,30100,150,4983.39,false
106545700,525968,525819,0,525819,106575800,526118,525969,0,525969,30100,150,4983.39,false
106575800,526118,525969,0,525969,106605900,526268,526119,0,526119,30100,150,4983.39,false
106605900,526268,526119,0,526119,106636000,526418,526269,0,526269,30100,150,4983.39,false
106636000,526418,526269,0,526269,106666100,526568,526419,0,526419,30100,150,4983.39,false
106666100,526568,526419,0,526419,106696200,526718,526569,0,526569,30100,150,4983.39,false
106696200,526718,526569,0,526569,106726300,526868,526719,0,526719,30100,150,4983.39,false
106726300,526868,526719,0,526719,106756400,527018,526869,0,526869,30100,150,4983.39,false
106756400,527018,526869,0,526869,106786500,527168,527019,0,527019,30100,150,4983.39,false
106786500,527168,527019,0,527019,106816600,527719,527169,0,527169,30100,150,4983.39,true
106816600,527719,527169,0,527169,106886800,528270,527720,0,527720,70200,551,7849.00,true
106886800,528270,527720,0,527720,106957000,528461,528271,0,528271,70200,551,7849.00,true
106957000,528461,528271,0,528271,106991200,528611,528462,0,528462,34200,191,5584.80,true
106991200,528611,528462,0,528462,107021300,528761,528612,0,528612,30100,150,4983.39,false
107021300,528761,528612,0,528612,107051400,528911,528762,0,528762,30100,150,4983.39,false
107051400,528911,528762,0,528762,107081500,529061,528912,0,528912,30100,150,4983.39,false
107081500,529061,528912,0,528912,107111600,529211,529062,0,529062,30100,150,4983.39,false
107111600,529211,529062,0,529062,107141700,529361,529212,0,529212,30100,150,4983.39,false
107141700,529361,529212,0,529212,107171800,529511,529362,0,529362,30100,150,4983.39,false
107171800,529511,529362,0,529362,107201900,529661,529512,0,529512,30100,150,4983.39,false
107201900,529661,529512,0,529512,107232000,529811,529662,0,529662,30100,150,4983.39,false
107232000,529811,529662,0,529662,107262100,529961,529812,0,529812,30100,150,4983.39,false
107262100,529961,529812,0,529812,107292200,530111,529962,0,529962,30100,150,4983.39,false
107292200,530111,529962,0,529962,107322300,530261,530112,0,530112,30100,150,4983.39,false
107322300,530261,530112,0,530112,107352400,530411,530262,0,530262,30100,150,4983.39,false
107352400,530411,530262,0,530262,107382500,530561,530412,0,530412,30100,150,4983.39,false
107382500,530561,530412,0,530412,107412600,530711,530562,0,530562,30100,150,4983.39,false
107412600,530711,530562,0,530562,107442700,530861,530712,0,530712,30100,150,4983.39,false
107442700,530861,530712,0,530712,107472800,531011,530862,0,530862,30100,150,4983.39,false
107472800,531011,530862,0,530862,107502900,531161,531012,0,531012,30100,150,4983.39,false
107502900,531161,531012,0,531012,107533000,531311,531162,0,531162,30100,150,4983.39,false
107533000,531311,531162,0,531162,107563100,531461,531312,0,531312,30100,150,4983.39,false
107563100,531461,531312,0,531312,107593200,531611,531462,0,531462,30100,150,4983.39,false
107593200,531611,531462,0,531462,107623300,531761,531612,0,531612,30100,150,4983.39,false
107623300,531761,531612,0,531612,107653400,531911,531762,0,531762,30100,150,4983.39,false
107653400,531911,531762,0,531762,107683500,532061,531912,0,531912,30100,150,4983.39,false
107683500,532061,531912,0,531912,107713600,532211,532062,0,532062,30100,150,4983.39,false
107713600,532211,532062,0,532062,107743700,532361,532212,0,532212,30100,150,4983.39,false
107743700,532361,532212,0,532212,107773800,532511,532362,0,532362,30100,150,4983.39,false
107773800,532511,532362,0,532362,107803900,532661,532512,0,532512,30100,150,4983.39,false
107803900,532661,532512,0,532512,107834000,532811,532662,0,532662,30100,150,4983.39,false
107834000,532811,532662,0,532662,107864100,532961,532812,0,532812,30100,150,4983.39,false
107864100,532961,532812,0,532812,107894200,533111,532962,0,532962,30100,150,4983.39,false
107894200,533111,532962,0,532962,107924300,533261,533112,0,533112,30100,150,4983.39,false
107924300,533261,533112,0,533112,107954400,533411,533262,0,533262,30100,150,4983.39,false
107954400,533411,533262,0,533262,107984500,533561,533412,0,533412,30100,150,4983.39,false
107984500,533561,533412,0,533412,108014600,533711,533562,0,533562,30100,150,4983.39,false
108014600,533711,533562,0,533562,108044700,533861,533712,0,533712,30100,150,4983.39,false
108044700,533861,533712,0,533712,108074800,534011,533862,0,533862,30100,150,4983.39,false
108074800,534011,533862,0,533862,108104900,534161,534012,0,534012,30100,150,4983.39,false
108104900,534161,534012,0,534012,108135000,534311,534162,0,534162,30100,150,4983.39,false
108135000,534311,534162,0,534162,108165100,534461,534312,0,534312,30100,150,4983.39,false
108165100,534461,534312,0,534312,108195200,534611,534462,0,534462,30100,150,4983.39,false
108195200,534611,534462,0,534462,108225300,534761,534612,0,534612,30100,150,4983.39,false
108225300,534761,534612,0,534612,108255400,534911,534762,0,534762,30100,150,4983.39,false
108255400,534911,534762,0,534762,108285500,535061,534912,0,534912,30100,150,4983.39,false
108285500,535061,534912,0,534912,108315600,535211,535062,0,535062,30100,150,4983.39,false
108315600,535211,535062,0,535062,108345700,535361,535212,0,535212,30100,150,4983.39,false
108345700,535361,535212,0,535212,108375800,535511,535362,0,535362,30100,150,4983.39,false
108375800,535511,535362,0,535362,108405900,535661,535512,0,535512,30100,150,4983.39,false
108405900,535661,535512,0,535512,108436000,535811,535662,0,535662,30100,150,4983.39,false
108436000,535811,535662,0,535662,108466100,535961,535812,0,535812,30100,150,4983.39,false
108466100,535961,535812,0,535812,108496200,536111,535962,0,535962,30100,150,4983.39,false
108496200,536111,535962,0,535962,108526300,536261,536112,0,536112,30100,150,4983.39,false
108526300,536261,536112,0,536112,108556400,536411,536262,0,536262,30100,150,4983.39,false
108556400,536411,536262,0,536262,108586500,536561,536412,0,536412,30100,150,4983.39,false
108586500,536561,536412,0,536412,108616600,536711,536562,0,536562,30100,150,4983.39,false
108616600,536711,536562,0,536562,108646700,536861,536712,0,536712,30100,150,4983.39,false
108646700,536861,536712,0,536712,108676800,537011,536862,0,536862,30100,150,4983.39,false
108676800,537011,536862,0,536862,108706900,537161,537012,0,537012,30100,150,4983.39,false
108706900,537161,537012,0,537012,108737000,537311,537162,0,537162,30100,150,4983.39,false
108737000,537311,537162,0,537162,108767100,537461,537312,0,537312,30100,150,4983.39,false
108767100,537461,537312,0,537312,108797200,537611,537462,0,537462,30100,150,4983.39,false
108797200,537611,537462,0,537462,108827300,537761,537612,0,537612,30100,150,4983.39,false
108827300,537761,537612,0,537612,108857400,537911,537762,0,537762,30100,150,4983.39,false
108857400,537911,537762,0,537762,108887500,538061,537912,0,537912,30100,150,4983.39,false
108887500,538061,537912,0,537912,108917600,538211,538062,0,538062,30100,150,4983.39,false
108917600,538211,538062,0,538062,108947700,538361,538212,0,538212,30100,150,4983.39,false
108947700,538361,538212,0,538212,108977800,538511,538362,0,538362,30100,150,4983.39,false
108977800,538511,538362,0,538362,109007900,538661,538512,0,538512,30100,150,4983.39,false
109007900,538661,538512,0,538512,109038000,538811,538662,0,538662,30100,150,4983.39,false
109038000,538811,538662,0,538662,109068100,538961,538812,0,538812,30100,150,4983.39,false
109068100,538961,538812,0,538812,109098200,539111,538962,0,538962,30100,150,4983.39,false
109098200,539111,538962,0,538962,109128300,539261,539112,0,539112,30100,150,4983.39,false
109128300,539261,539112,0,539112,109158400,539411,539262,0,539262,30100,150,4983.39,false
109158400,539411,539262,0,539262,109188500,539561,539412,0,539412,30100,150,4983.39,false
109188500,539561,539412,0,539412,109218600,539711,539562,0,539562,30100,150,4983.39,false
109218600,539711,539562,0,539562,109248700,539861,539712,0,539712,30100,150,4983.39,false
109248700,539861,539712,0,539712,109278800,540011,539862,0,539862,30100,150,4983.39,false
109278800,540011,539862,0,539862,109308900,540161,540012,0,540012,30100,150,4983.39,false
109308900,540161,540012,0,540012,109339000,540311,540162,0,540162,30100,150,4983.39,false
109339000,540311,540162,0,540162,109369100,540461,540312,0,540312,30100,150,4983.39,false
109369100,540461,540312,0,540312,109399200,540611,540462,0,540462,30100,150,4983.39,false
109399200,540611,540462,0,540462,109429300,540761,540612,0,540612,30100,150,4983.39,false
109429300,540761,540612,0,540612,109459400,540911,540762,0,540762,30100,150,4983.39,false
109459400,540911,540762,0,540762,109489500,541061,540912,0,540912,30100,150,4983.39,false
109489500,541061,540912,0,540912,109519600,541211,541062,0,541062,30100,150,4983.39,false
109519600,541211,541062,0,541062,109549700,541361,541212,0,541212,30100,150,4983.39,false
109549700,541361,541212,0,541212,109579800,541511,541362,0,541362,30100,150,4983.39,false
109579800,541511,541362,0,541362,109609900,541661,541512,0,541512,30100,150,4983.39,false
109609900,541661,541512,0,541512,109640000,541811,541662,0,541662,30100,150,4983.39,false
109640000,541811,541662,0,541662,109670100,541961,541812,0,541812,30100,150,4983.39,false
109670100,541961,541812,0,541812,109700200,542111,541962,0,541962,30100,150,4983.39,false
109700200,542111,541962,0,541962,109730300,542261,542112,0,542112,30100,150,4983.39,false
109730300,542261,542112,0,542112,109760400,542411,542262,0,542262,30100,150,4983.39,false
109760400,542411,542262,0,542262,109790500,542561,542412,0,542412,30100,150,4983.39,false
109790500,542561,542412,0,542412,109820600,542711,542562,0,542562,30100,150,4983.39,false
109820600,542711,542562,0,542562,109850700,542861,542712,0,542712,30100,150,4983.39,false
109850700,542861,542712,0,542712,109880800,543011,542862,0,542862,30100,150,4983.39,false
109880800,543011,542862,0,542862,109910900,543161,543012,0,543012,30100,150,4983.39,false
109910900,543161,543012,0,543012,109941000,543311,543162,0,543162,30100,150,4983.39,false
109941000,543311,543162,0,543162,109971100,543461,543312,0,543312,30100,150,4983.39,false
109971100,543461,543312,0,543312,110001200,543611,543462,0,543462,30100,150,4983.39,false
110001200,543611,543462,0,543462,110071700,543761,543612,0,543612,70500,150,2127.66,false
110071700,543761,543612,0,543612,110142200,543911,543762,0,543762,70500,150,2127.66,false
110142200,543911,543762,0,543762,110176400,544061,543912,0,543912,34200,150,4385.96,false
110176400,544061,543912,0,543912,110206500,544211,544062,0,544062,30100,150,4983.39,false
110206500,544211,544062,0,544062,110236600,544361,544212,0,544212,30100,150,4983.39,false
110236700,544362,544213,0,544213,110266800,544512,544363,0,544363,30100,150,4983.39,false
110266800,544512,544363,0,544363,110296900,544662,544513,0,544513,30100,150,4983.39,false
110296900,544662,544513,0,544513,110327000,544812,544663,0,544663,30100,150,4983.39,false
110327000,544812,544663,0,544663,110357100,544962,544813,0,544813,30100,150,4983.39,false
110357100,544962,544813,0,544813,110387200,545112,544963,0,544963,30100,150,4983.39,false
110387200,545112,544963,0,544963,110417300,545262,545113,0,545113,30100,150,4983.39,false
110417300,545262,545113,0,545113,110447400,545412,545263,0,545263,30100,150,4983.39,false
110447400,545412,545263,0,545263,110477500,545562,545413,0,545413,30100,150,4983.39,false
110477500,545562,545413,0,545413,110507600,545712,545563,0,545563,30100,150,4983.39,false
110507600,545712,545563,0,545563,110537700,545862,545713,0,545713,30100,150,4983.39,false
110537700,545862,545713,0,545713,110567800,546012,545863,0,545863,30100,150,4983.39,false
110567800,546012,545863,0,545863,110597900,546162,546013,0,546013,30100,150,4983.39,false
110597900,546162,546013,0,546013,110628000,546713,546163,0,546163,30100,150,4983.39,true
110628000,546713,546163,0,546163,110698200,547264,546714,0,546714,70200,551,7849.00,true
110698200,547264,546714,0,546714,110768400,547455,547265,0,547265,70200,551,7849.00,true
110768400,547455,547265,0,547265,110802600,547605,547456,0,547456,34200,191,5584.80,true
110802600,547605,547456,0,547456,110832700,547755,547606,0,547606,30100,150,4983.39,false
110832700,547755,547606,0,547606,110862800,547905,547756,0,547756,30100,150,4983.39,false
110862800,547905,547756,0,547756,110892900,548055,547906,0,547906,30100,150,4983.39,false
110892900,548055,547906,0,547906,110923000,548205,548056,0,548056,30100,150,4983.39,false
110923000,548205,548056,0,548056,110953100,548355,548206,0,548206,30100,150,4983.39,false
110953100,548355,548206,0,548206,110983200,548505,548356,0,548356,30100,150,4983.39,false
110983200,548505,548356,0,548356,111013300,548655,548506,0,548506,30100,150,4983.39,false
111013300,548655,548506,0,548506,111043400,548805,548656,0,548656,30100,150,4983.39,false
111043400,548805,548656,0,548656,111073500,548955,548806,0,548806,30100,150,4983.39,false
111073500,548955,548806,0,548806,111103600,549105,548956,0,548956,30100,150,4983.39,false
111103600,549105,548956,0,548956,111133700,549255,549106,0,549106,30100,150,4983.39,false
111133700,549255,549106,0,549106,111163800,549405,549256,0,549256,30100,150,4983.39,false
111163800,549405,549256,0,549256,111193900,549555,549406,0,549406,30100,150,4983.39,false
111193900,549555,549406,0,549406,111224000,549705,549556,0,549556,30100,150,4983.39,false
111224000,549705,549556,0,549556,111254100,549855,549706,0,549706,30100,150,4983.39,false
111254100,549855,549706,0,549706,111284200,550005,549856,0,549856,30100,150,4983.39,false
111284200,550005,549856,0,549856,111314300,550155,550006,0,550006,30100,150,4983.39,false
111314300,550155,550006,0,550006,111344400,550305,550156,0,550156,30100,150,4983.39,false
111344400,550305,550156,0,550156,111374500,550455,550306,0,550306,30100,150,4983.39,false
111374500,550455,550306,0,550306,111404600,550605,550456,0,550456,30100,150,4983.39,false
111404600,550605,550456,0,550456,111434700,550755,550606,0,550606,30100,150,4983.39,false
111434700,550755,550606,0,550606,111464800,550905,550756,0,550756,30100,150,4983.39,false
111464800,550905,550756,0,550756,111494900,551055,550906,0,550906,30100,150,4983.39,false
111494900,551055,550906,0,550906,111525000,551205,551056,0,551056,30100,150,4983.39,false
111525000,551205,551056,0,551056,111555100,551355,551206,0,551206,30100,150,4983.39,false
111555100,551355,551206,0,551206,111585200,551505,551356,0,551356,30100,150,4983.39,false
111585200,551505,551356,0,551356,111615300,551655,551506,0,551506,30100,150,4983.39,false
111615300,551655,551506,0,551506,111645400,551805,551656,0,551656,30100,150,4983.39,false
111645400,551805,551656,0,551656,111675500,551955,551806,0,551806,30100,150,4983.39,false
111675500,551955,551806,0,551806,111705600,552105,551956,0,551956,30100,150,4983.39,false
111705600,552105,551956,0,551956,111735700,552255,552106,0,552106,30100,150,4983.39,false
111735700,552255,552106,0,552106,111765800,552405,552256,0,552256,30100,150,4983.39,false
111765800,552405,552256,0,552256,111795900,552555,552406,0,552406,30100,150,4983.39,false
111795900,552555,552406,0,552406,111826000,552705,552556,0,552556,30100,150,4983.39,false
111826000,552705,552556,0,552556,111856100,552855,552706,0,552706,30100,150,4983.39,false
111856100,552855,552706,0,552706,111886200,553005,552856,0,552856,30100,150,4983.39,false
111886200,553005,552856,0,552856,111916300,553155,553006,0,553006,30100,150,4983.39,false
111916300,553155,553006,0,553006,111946400,553305,553156,0,553156,30100,150,4983.39,false
111946400,553305,553156,0,553156,111976500,553455,553306,0,553306,30100,150,4983.39,false
111976500,553455,553306,0,553306,112006600,553605,553456,0,553456,30100,150,4983.39,false
112006600,553605,553456,0,553456,112036700,553755,553606,0,553606,30100,150,4983.39,false
112036700,553755,553606,0,553606,112066800,553905,553756,0,553756,30100,150,4983.39,false
112066800,553905,553756,0,553756,112096900,554055,553906,0,553906,30100,150,4983.39,false
112096900,554055,553906,0,553906,112127000,554205,554056,0,554056,30100,150,4983.39,false
112127000,554205,554056,0,554056,112157100,554355,554206,0,554206,30100,150,4983.39,false
112157100,554355,554206,0,554206,112187200,554505,554356,0,554356,30100,150,4983.39,false
112187200,554505,554356,0,554356,112217300,554655,554506,0,554506,30100,150,4983.39,false
112217300,554655,554506,0,554506,112247400,554805,554656,0,554656,30100,150,4983.39,false
112247400,554805,554656,0,554656,112277500,554955,554806,0,554806,30100,150,4983.39,false
112277500,554955,554806,0,554806,112307600,555105,554956,0,554956,30100,150,4983.39,false
112307600,555105,554956,0,554956,112337700,555255,555106,0,555106,30100,150,4983.39,false
112337700,555255,555106,0,555106,112367800,555405,555256,0,555256,30100,150,4983.39,false
112367800,555405,555256,0,555256,112397900,555555,555406,0,555406,30100,150,4983.39,false
112397900,555555,555406,0,555406,112428000,555705,555556,0,555556,30100,150,4983.39,false
112428000,555705,555556,0,555556,112458100,555855,555706,0,555706,30100,150,4983.39,false
112458100,555855,555706,0,555706,112488200,556005,555856,0,555856,30100,150,4983.39,false
112488200,556005,555856,0,555856,112518300,556155,556006,0,556006,30100,150,4983.39,false
112518300,556155,556006,0,556006,112548400,556305,556156,0,556156,30100,150,4983.39,false
112548400,556305,556156,0,556156,112578500,556455,556306,0,556306,30100,150,4983.39,false
112578500,556455,556306,0,556306,112608600,556605,556456,0,556456,30100,150,4983.39,false
112608600,556605,556456,0,556456,112638700,556755,556606,0,556606,30100,150,4983.39,false
112638700,556755,556606,0,556606,112668800,556905,556756,0,556756,30100,150,4983.39,false
112668800,556905,556756,0,556756,112698900,557055,556906,0,556906,30100,150,4983.39,false
112698900,557055,556906,0,556906,112729000,557205,557056,0,557056,30100,150,4983.39,false
112729000,557205,557056,0,557056,112759100,557355,557206,0,557206,30100,150,4983.39,false
112759100,557355,557206,0,557206,112789200,557505,557356,0,557356,30100,150,4983.39,false
112789200,557505,557356,0,557356,112819300,557655,557506,0,557506,30100,150,4983.39,false
112819300,557655,557506,0,557506,112849400,557805,557656,0,557656,30100,150,4983.39,false
112849400,557805,557656,0,557656,112879500,557955,557806,0,557806,30100,150,4983.39,false
112879500,557955,557806,0,557806,112909600,558105,557956,0,557956,30100,150,4983.39,false
112909600,558105,557956,0,557956,112939700,558255,558106,0,558106,30100,150,4983.39,false
112939700,558255,558106,0,558106,112969800,558405,558256,0,558256,30100,150,4983.39,false
112969800,558405,558256,0,558256,112999900,558555,558406,0,558406,30100,150,4983.39,false
112999900,558555,558406,0,558406,113030000,558705,558556,0,558556,30100,150,4983.39,false
113030000,558705,558556,0,558556,113060100,558855,558706,0,558706,30100,150,4983.39,false
113060100,558855,558706,0,558706,113090200,559005,558856,0,558856,30100,150,4983.39,false
113090200,559005,558856,0,558856,113120300,559155,559006,0,559006,30100,150,4983.39,false
113120300,559155,559006,0,559006,113150400,559305,559156,0,559156,30100,150,4983.39,false
113150400,559305,559156,0,559156,113180500,559455,559306,0,559306,30100,150,4983.39,false
113180500,559455,559306,0,559306,113210600,559605,559456,0,559456,30100,150,4983.39,false
113210600,559605,559456,0,559456,113240700,559755,559606,0,559606,30100,150,4983.39,false
113240700,559755,559606,0,559606,113270800,559905,559756,0,559756,30100,150,4983.39,false
113270800,559905,559756,0,559756,113300900,560055,559906,0,559906,30100,150,4983.39,false
113300900,560055,559906,0,559906,113331000,560205,560056,0,560056,30100,150,4983.39,false
113331000,560205,560056,0,560056,113361100,560355,560206,0,560206,30100,150,4983.39,false
113361100,560355,560206,0,560206,113391200,560505,560356,0,560356,30100,150,4983.39,false
113391200,560505,560356,0,560356,113421300,560655,560506,0,560506,30100,150,4983.39,false
113421300,560655,560506,0,560506,113451400,560805,560656,0,560656,30100,150,4983.39,false
113451400,560805,560656,0,560656,113481500,560955,560806,0,560806,30100,150,4983.39,false
113481500,560955,560806,0,560806,113511600,561105,560956,0,560956,30100,150,4983.39,false
113511600,561105,560956,0,560956,113541700,561255,561106,0,561106,30100,150,4983.39,false
113541700,561255,561106,0,561106,113571800,561405,561256,0,561256,30100,150,4983.39,false
113571800,561405,561256,0,561256,113601900,561555,561406,0,561406,30100,150,4983.39,false
113601900,561555,561406,0,561406,113632000,561705,561556,0,561556,30100,150,4983.39,false
113632000,561705,561556,0,561556,113662100,561855,561706,0,561706,30100,150,4983.39,false
113662100,561855,561706,0,561706,113692200,562005,561856,0,561856,30100,150,4983.39,false
113692200,562005,561856,0,561856,113722300,562155,562006,0,562006,30100,150,4983.39,false
113722300,562155,562006,0,562006,113752400,562305,562156,0,562156,30100,150,4983.39,false
113752400,562305,562156,0,562156,113782500,562455,562306,0,562306,30100,150,4983.39,false
113782500,562455,562306,0,562306,113812600,562605,562456,0,562456,30100,150,4983.39,false
113812600,562605,562456,0,562456,113883100,562755,562606,0,562606,70500,150,2127.66,false
113883100,562755,562606,0,562606,113953600,562905,562756,0,562756,70500,150,2127.66,false
113953600,562905,562756,0,562756,113987800,563055,562906,0,562906,34200,150,4385.96,false
113987800,563055,562906,0,562906,114017900,563205,563056,0,563056,30100,150,4983.39,false
114017900,563205,563056,0,563056,114048000,563355,563206,0,563206,30100,150,4983.39,false
114048100,563356,563207,0,563207,114078200,563506,563357,0,563357,30100,150,4983.39,false
114078200,563506,563357,0,563357,114108300,563656,563507,0,563507,30100,150,4983.39,false
114108300,563656,563507,0,563507,114138400,563806,563657,0,563657,30100,150,4983.39,false
114138400,563806,563657,0,563657,114168500,563956,563807,0,563807,30100,150,4983.39,false
114168500,563956,563807,0,563807,114198600,564106,563957,0,563957,30100,150,4983.39,false
114198600,564106,563957,0,563957,114228700,564256,564107,0,564107,30100,150,4983.39,false
114228700,564256,564107,0,564107,114258800,564406,564257,0,564257,30100,150,4983.39,false
114258800,564406,564257,0,564257,114288900,564556,564407,0,564407,30100,150,4983.39,false
114288900,564556,564407,0,564407,114319000,564706,564557,0,564557,30100,150,4983.39,false
114319000,564706,564557,0,564557,114349100,564856,564707,0,564707,30100,150,4983.39,false
114349100,564856,564707,0,564707,114379200,565006,564857,0,564857,30100,150,4983.39,false
114379200,565006,564857,0,564857,114409300,565156,565007,0,565007,30100,150,4983.39,false
114409300,565156,565007,0,565007,114439400,565707,565157,0,565157,30100,150,4983.39,true
114439400,565707,565157,0,565157,114509600,566258,565708,0,565708,70200,551,7849.00,true
114509600,566258,565708,0,565708,114579800,566449,566259,0,566259,70200,551,7849.00,true
114579800,566449,566259,0,566259,114614000,566599,566450,0,566450,34200,191,5584.80,true
114614000,566599,566450,0,566450,114644100,566749,566600,0,566600,30100,150,4983.39,false
114644100,566749,566600,0,566600,114674200,566899,566750,0,566750,30100,150,4983.39,false
114674200,566899,566750,0,566750,114704300,567049,566900,0,566900,30100,150,4983.39,false
114704300,567049,566900,0,566900,114734400,567199,567050,0,567050,30100,150,4983.39,false
114734400,567199,567050,0,567050,114764500,567349,567200,0,567200,30100,150,4983.39,false
114764500,567349,567200,0,567200,114794600,567499,567350,0,567350,30100,150,4983.39,false
114794600,567499,567350,0,567350,114824700,567649,567500,0,567500,30100,150,4983.39,false
114824700,567649,567500,0,567500,114854800,567799,567650,0,567650,30100,150,4983.39,false
114854800,567799,567650,0,567650,114884900,567949,567800,0,567800,30100,150,4983.39,false
114884900,567949,567800,0,567800,114915000,568099,567950,0,567950,30100,150,4983.39,false
114915000,568099,567950,0,567950,114945100,568249,568100,0,568100,30100,150,4983.39,false
114945100,568249,568100,0,568100,114975200,568399,568250,0,568250,30100,150,4983.39,false
114975200,568399,568250,0,568250,115005300,568549,568400,0,568400,30100,150,4983.39,false
115005300,568549,568400,0,568400,115035400,568699,568550,0,568550,30100,150,4983.39,false
115035400,568699,568550,0,568550,115065500,568849,568700,0,568700,30100,150,4983.39,false
115065500,568849,568700,0,568700,115095600,568999,568850,0,568850,30100,150,4983.39,false
115095600,568999,568850,0,568850,115125700,569149,569000,0,569000,30100,150,4983.39,false
115125700,569149,569000,0,569000,115155800,569299,569150,0,569150,30100,150,4983.39,false
115155800,569299,569150,0,569150,115185900,569449,569300,0,569300,30100,150,4983.39,false
115185900,569449,569300,0,569300,115216000,569599,569450,0,569450,30100,150,4983.39,false
115216000,569599,569450,0,569450,115246100,569749,569600,0,569600,30100,150,4983.39,false
115246100,569749,569600,0,569600,115276200,569899,569750,0,569750,30100,150,4983.39,false
115276200,569899,569750,0,569750,115306300,570049,569900,0,569900,30100,150,4983.39,false
115306300,570049,569900,0,569900,115336400,570199,570050,0,570050,30100,150,4983.39,false
115336400,570199,570050,0,570050,115366500,570349,570200,0,570200,30100,150,4983.39,false
115366500,570349,570200,0,570200,115396600,570499,570350,0,570350,30100,150,4983.39,false
115396600,570499,570350,0,570350,115426700,570649,570500,0,570500,30100,150,4983.39,false
115426700,570649,570500,0,570500,115456800,570799,570650,0,570650,30100,150,4983.39,false
115456800,570799,570650,0,570650,115486900,570949,570800,0,570800,30100,150,4983.39,false
115486900,570949,570800,0,570800,115517000,571099,570950,0,570950,30100,150,4983.39,false
115517000,571099,570950,0,570950,115547100,571249,571100,0,571100,30100,150,4983.39,false
115547100,571249,571100,0,571100,115577200,571399,571250,0,571250,30100,150,4983.39,false
115577200,571399,571250,0,571250,115607300,571549,571400,0,571400,30100,150,4983.39,false
115607300,571549,571400,0,571400,115637400,571699,571550,0,571550,30100,150,4983.39,false
115637400,571699,571550,0,571550,115667500,571849,571700,0,571700,30100,150,4983.39,false
115667500,571849,571700,0,571700,115697600,571999,571850,0,571850,30100,150,4983.39,false
115697600,571999,571850,0,571850,115727700,572149,572000,0,572000,30100,150,4983.39,false
115727700,572149,572000,0,572000,115757800,572299,572150,0,572150,30100,150,4983.39,false
115757800,572299,572150,0,572150,115787900,572449,572300,0,572300,30100,150,4983.39,false
115787900,572449,572300,0,572300,115818000,572599,572450,0,572450,30100,150,4983.39,false
115818000,572599,572450,0,572450,115848100,572749,572600,0,572600,30100,150,4983.39,false
115848100,572749,572600,0,572600,115878200,572899,572750,0,572750,30100,150,4983.39,false
115878200,572899,572750,0,572750,115908300,573049,572900,0,572900,30100,150,4983.39,false
115908300,573049,572900,0,572900,115938400,573199,573050,0,573050,30100,150,4983.39,false
115938400,573199,573050,0,573050,115968500,573349,573200,0,573200,30100,150,4983.39,false
115968500,573349,573200,0,573200,115998600,573499,573350,0,573350,30100,150,4983.39,false
115998600,573499,573350,0,573350,116028700,573649,573500,0,573500,30100,150,4983.39,false
116028700,573649,573500,0,573500,116058800,573799,573650,0,573650,30100,150,4983.39,false
116058800,573799,573650,0,573650,116088900,573949,573800,0,573800,30100,150,4983.39,false
116088900,573949,573800,0,573800,116119000,574099,573950,0,573950,30100,150,4983.39,false
116119000,574099,573950,0,573950,116149100,574249,574100,0,574100,30100,150,4983.39,false
116149100,574249,574100,0,574100,116179200,574399,574250,0,574250,30100,150,4983.39,false
116179200,574399,574250,0,574250,116209300,574549,574400,0,574400,30100,150,4983.39,false
116209300,574549,574400,0,574400,116239400,574699,574550,0,574550,30100,150,4983.39,false
116239400,574699,574550,0,574550,116269500,574849,574700,0,574700,30100,150,4983.39,false
116269500,574849,574700,0,574700,116299600,574999,574850,0,574850,30100,150,4983.39,false
116299600,574999,574850,0,574850,116329700,575149,575000,0,575000,30100,150,4983.39,false
116329700,575149,575000,0,575000,116359800,575299,575150,0,575150,30100,150,4983.39,false
116359800,575299,575150,0,575150,116389900,575449,575300,0,575300,30100,150,4983.39,false
116389900,575449,575300,0,575300,116420000,575599,575450,0,575450,30100,150,4983.39,false
116420000,575599,575450,0,575450,116450100,575749,575600,0,575600,30100,150,4983.39,false
116450100,575749,575600,0,575600,116480200,575899,575750,0,575750,30100,150,4983.39,false
116480200,575899,575750,0,575750,116510300,576049,575900,0,575900,30100,150,4983.39,false
116510300,576049,575900,0,575900,116540400,576199,576050,0,576050,30100,150,4983.39,false
116540400,576199,576050,0,576050,116570500,576349,576200,0,576200,30100,150,4983.39,false
116570500,576349,576200,0,576200,116600600,576499,576350,0,576350,30100,150,4983.39,false
116600600,576499,576350,0,576350,116630700,576649,576500,0,576500,30100,150,4983.39,false
116630700,576649,576500,0,576500,116660800,576799,576650,0,576650,30100,150,4983.39,false
116660800,576799,576650,0,576650,116690900,576949,576800,0,576800,30100,150,4983.39,false
116690900,576949,576800,0,576800,116721000,577099,576950,0,576950,30100,150,4983.39,false
116721000,577099,576950,0,576950,116751100,577249,577100,0,577100,30100,150,4983.39,false
116751100,577249,577100,0,577100,116781200,577399,577250,0,577250,30100,150,4983.39,false
116781200,577399,577250,0,577250,116811300,577549,577400,0,577400,30100,150,4983.39,false
116811300,577549,577400,0,577400,116841400,577699,577550,0,577550,30100,150,4983.39,false
116841400,577699,577550,0,577550,116871500,577849,577700,0,577700,30100,150,4983.39,false
116871500,577849,577700,0,577700,116901600,577999,577850,0,577850,30100,150,4983.39,false
116901600,577999,577850,0,577850,116931700,578149,578000,0,578000,30100,150,4983.39,false
116931700,578149,578000,0,578000,116961800,578299,578150,0,578150,30100,150,4983.39,false
116961800,578299,578150,0,578150,116991900,578449,578300,0,578300,30100,150,4983.39,false
116991900,578449,578300,0,578300,117022000,578599,578450,0,578450,30100,150,4983.39,false
117022000,578599,578450,0,578450,117052100,578749,578600,0,578600,30100,150,4983.39,false
117052100,578749,578600,0,578600,117082200,578899,578750,0,578750,30100,150,4983.39,false
117082200,578899,578750,0,578750,117112300,579049,578900,0,578900,30100,150,4983.39,false
117112300,579049,578900,0,578900,117142400,579199,579050,0,579050,30100,150,4983.39,false
117142400,579199,579050,0,579050,117172500,579349,579200,0,579200,30100,150,4983.39,false
117172500,579349,579200,0,579200,117202600,579499,579350,0,579350,30100,150,4983.39,false
117202600,579499,579350,0,579350,117232700,579649,579500,0,579500,30100,150,4983.39,false
117232700,579649,579500,0,579500,117262800,579799,579650,0,579650,30100,150,4983.39,false
117262800,579799,579650,0,579650,117292900,579949,579800,0,579800,30100,150,4983.39,false
117292900,579949,579800,0,579800,117323000,580099,579950,0,579950,30100,150,4983.39,false
117323000,580099,579950,0,579950,117353100,580249,580100,0,580100,30100,150,4983.39,false
117353100,580249,580100,0,580100,117383200,580399,580250,0,580250,30100,150,4983.39,false
117383200,580399,580250,0,580250,117413300,580549,580400,0,580400,30100,150,4983.39,false
117413300,580549,580400,0,580400,117443400,580699,580550,0,580550,30100,150,4983.39,false
117443400,580699,580550,0,580550,117473500,580849,580700,0,580700,30100,150,4983.39,false
117473500,580849,580700,0,580700,117503600,580999,580850,0,580850,30100,150,4983.39,false
117503600,580999,580850,0,580850,117533700,581149,581000,0,581000,30100,150,4983.39,false
117533700,581149,581000,0,581000,117563800,581299,581150,0,581150,30100,150,4983.39,false
117563800,581299,581150,0,581150,117593900,581449,581300,0,581300,30100,150,4983.39,false
117593900,581449,581300,0,581300,117624000,581599,581450,0,581450,30100,150,4983.39,false
117624000,581599,581450,0,581450,117694500,581749,581600,0,581600,70500,150,2127.66,false
117694500,581749,581600,0,581600,117765000,581899,581750,0,581750,70500,150,2127.66,false
117765000,581899,581750,0,581750,117799200,582049,581900,0,581900,34200,150,4385.96,false
117799200,582049,581900,0,581900,117829300,582199,582050,0,582050,30100,150,4983.39,false
117829300,582199,582050,0,582050,117859400,582349,582200,0,582200,30100,150,4983.39,false
117859500,582350,582201,0,582201,117889600,582500,582351,0,582351,30100,150,4983.39,false
117889600,582500,582351,0,582351,117919700,582650,582501,0,582501,30100,150,4983.39,false
117919700,582650,582501,0,582501,117949800,582800,582651,0,582651,30100,150,4983.39,false
117949800,582800,582651,0,582651,117979900,582950,582801,0,582801,30100,150,4983.39,false
117979900,582950,582801,0,582801,118010000,583100,582951,0,582951,30100,150,4983.39,false
118010000,583100,582951,0,582951,118040100,583250,583101,0,583101,30100,150,4983.39,false
118040100,583250,583101,0,583101,118070200,583400,583251,0,583251,30100,150,4983.39,false
118070200,583400,583251,0,583251,118100300,583550,583401,0,583401,30100,150,4983.39,false
118100300,583550,583401,0,583401,118130400,583700,583551,0,583551,30100,150,4983.39,false
118130400,583700,583551,0,583551,118160500,583850,583701,0,583701,30100,150,4983.39,false
118160500,583850,583701,0,583701,118190600,584000,583851,0,583851,30100,150,4983.39,false
118190600,584000,583851,0,583851,118220700,584150,584001,0,584001,30100,150,4983.39,false
118220700,584150,584001,0,584001,118250800,584701,584151,0,584151,30100,150,4983.39,true
118250800,584701,584151,0,584151,118321000,585252,584702,0,584702,70200,551,7849.00,true
118321000,585252,584702,0,584702,118391200,585443,585253,0,585253,70200,551,7849.00,true
118391200,585443,585253,0,585253,118425400,585593,585444,0,585444,34200,191,5584.80,true
118425400,585593,585444,0,585444,118455500,585743,585594,0,585594,30100,150,4983.39,false
118455500,585743,585594,0,585594,118485600,585893,585744,0,585744,30100,150,4983.39,false
118485600,585893,585744,0,585744,118515700,586043,585894,0,585894,30100,150,4983.39,false
118515700,586043,585894,0,585894,118545800,586193,586044,0,586044,30100,150,4983.39,false
118545800,586193,586044,0,586044,118575900,586343,586194,0,586194,30100,150,4983.39,false
118575900,586343,586194,0,586194,118606000,586493,586344,0,586344,30100,150,4983.39,false
118606000,586493,586344,0,586344,118636100,586643,586494,0,586494,30100,150,4983.39,false
118636100,586643,586494,0,586494,118666200,586793,586644,0,586644,30100,150,4983.39,false
118666200,586793,586644,0,586644,118696300,586943,586794,0,586794,30100,150,4983.39,false
118696300,586943,586794,0,586794,118726400,587093,586944,0,586944,30100,150,4983.39,false
118726400,587093,586944,0,586944,118756500,587243,587094,0,587094,30100,150,4983.39,false
118756500,587243,587094,0,587094,118786600,587393,587244,0,587244,30100,150,4983.39,false
118786600,587393,587244,0,587244,118816700,587543,587394,0,587394,30100,150,4983.39,false
118816700,587543,587394,0,587394,118846800,587693,587544,0,587544,30100,150,4983.39,false
118846800,587693,587544,0,587544,118876900,587843,587694,0,587694,30100,150,4983.39,false
118876900,587843,587694,0,587694,118907000,587993,587844,0,587844,30100,150,4983.39,false
118907000,587993,587844,0,587844,118937100,588143,587994,0,587994,30100,150,4983.39,false
118937100,588143,587994,0,587994,118967200,588293,588144,0,588144,30100,150,4983.39,false
118967200,588293,588144,0,588144,118997300,588443,588294,0,588294,30100,150,4983.39,false
118997300,588443,588294,0,588294,119027400,588593,588444,0,588444,30100,150,4983.39,false
119027400,588593,588444,0,588444,119057500,588743,588594,0,588594,30100,150,4983.39,false
119057500,588743,588594,0,588594,119087600,588893,588744,0,588744,30100,150,4983.39,false
119087600,588893,588744,0,588744,119117700,589043,588894,0,588894,30100,150,4983.39,false
119117700,589043,588894,0,588894,119147800,589193,589044,0,589044,30100,150,4983.39,false
119147800,589193,589044,0,589044,119177900,589343,589194,0,589194,30100,150,4983.39,false
119177900,589343,589194,0,589194,119208000,589493,589344,0,589344,30100,150,4983.39,false
119208000,589493,589344,0,589344,119238100,589643,589494,0,589494,30100,150,4983.39,false
119238100,589643,589494,0,589494,119268200,589793,589644,0,589644,30100,150,4983.39,false
119268200,589793,589644,0,589644,119298300,589943,589794,0,589794,30100,150,4983.39,false
119298300,589943,589794,0,589794,119328400,590093,589944,0,589944,30100,150,4983.39,false
119328400,590093,589944,0,589944,119358500,590243,590094,0,590094,30100,150,4983.39,false
119358500,590243,590094,0,590094,119388600,590393,590244,0,590244,30100,150,4983.39,false
119388600,590393,590244,0,590244,119418700,590543,590394,0,590394,30100,150,4983.39,false
119418700,590543,590394,0,590394,119448800,590693,590544,0,590544,30100,150,4983.39,false
119448800,590693,590544,0,590544,119478900,590843,590694,0,590694,30100,150,4983.39,false
119478900,590843,590694,0,590694,119509000,590993,590844,0,590844,30100,150,4983.39,false
119509000,590993,590844,0,590844,119539100,591143,590994,0,590994,30100,150,4983.39,false
119539100,591143,590994,0,590994,119569200,591293,591144,0,591144,30100,150,4983.39,false
119569200,591293,591144,0,591144,119599300,591443,591294,0,591294,30100,150,4983.39,false
119599300,591443,591294,0,591294,119629400,591593,591444,0,591444,30100,150,4983.39,false
119629400,591593,591444,0,591444,119659500,591743,591594,0,591594,30100,150,4983.39,false
119659500,591743,591594,0,591594,119689600,591893,591744,0,591744,30100,150,4983.39,false
119689600,591893,591744,0,591744,119719700,592043,591894,0,591894,30100,150,4983.39,false
119719700,592043,591894,0,591894,119749800,592193,592044,0,592044,30100,150,4983.39,false
119749800,592193,592044,0,592044,119779900,592343,592194,0,592194,30100,150,4983.39,false
119779900,592343,592194,0,592194,119810000,592493,592344,0,592344,30100,150,4983.39,false
119810000,592493,592344,0,592344,119840100,592643,592494,0,592494,30100,150,4983.39,false
119840100,592643,592494,0,592494,119870200,592793,592644,0,592644,30100,150,4983.39,false
119870200,592793,592644,0,592644,119900300,592943,592794,0,592794,30100,150,4983.39,false
119900300,592943,592794,0,592794,119930400,593093,592944,0,592944,30100,150,4983.39,false
119930400,593093,592944,0,592944,119960500,593243,593094,0,593094,30100,150,4983.39,false
119960500,593243,593094,0,593094,119990600,593393,593244,0,593244,30100,150,4983.39,false
119990600,593393,593244,0,593244,120020700,593543,593394,0,593394,30100,150,4983.39,false
120020700,593543,593394,0,593394,120050800,593693,593544,0,593544,30100,150,4983.39,false
120050800,593693,593544,0,593544,120080900,593843,593694,0,593694,30100,150,4983.39,false
120080900,593843,593694,0,593694,120111000,593993,593844,0,593844,30100,150,4983.39,false
120111000,593993,593844,0,593844,120141100,594143,593994,0,593994,30100,150,4983.39,false
120141100,594143,593994,0,593994,120171200,594293,594144,0,594144,30100,150,4983.39,false
120171200,594293,594144,0,594144,120201300,594443,594294,0,594294,30100,150,4983.39,false
120201300,594443,594294,0,594294,120231400,594593,594444,0,594444,30100,150,4983.39,false
120231400,594593,594444,0,594444,120261500,594743,594594,0,594594,30100,150,4983.39,false
120261500,594743,594594,0,594594,120291600,594893,594744,0,594744,30100,150,4983.39,false
120291600,594893,594744,0,594744,120321700,595043,594894,0,594894,30100,150,4983.39,false
120321700,595043,594894,0,594894,120351800,595193,595044,0,595044,30100,150,4983.39,false
120351800,595193,595044,0,595044,120381900,595343,595194,0,595194,30100,150,4983.39,false
120381900,595343,595194,0,595194,120412000,595493,595344,0,595344,30100,150,4983.39,false
120412000,595493,595344,0,595344,120442100,595643,595494,0,595494,30100,150,4983.39,false
120442100,595643,595494,0,595494,120472200,595793,595644,0,595644,30100,150,4983.39,false
120472200,595793,595644,0,595644,120502300,595943,595794,0,595794,30100,150,4983.39,false
120502300,595943,595794,0,595794,120532400,596093,595944,0,595944,30100,150,4983.39,false
120532400,596093,595944,0,595944,120562500,596243,596094,0,596094,30100,150,4983.39,false
120562500,596243,596094,0,596094,120592600,596393,596244,0,596244,30100,150,4983.39,false
120592600,596393,596244,0,596244,120622700,596543,596394,0,596394,30100,150,4983.39,false
120622700,596543,596394,0,596394,120652800,596693,596544,0,596544,30100,150,4983.39,false
120652800,596693,596544,0,596544,120682900,596843,596694,0,596694,30100,150,4983.39,false
120682900,596843,596694,0,596694,120713000,596993,596844,0,596844,30100,150,4983.39,false
120713000,596993,596844,0,596844,120743100,597143,596994,0,596994,30100,150,4983.39,false
120743100,597143,596994,0,596994,120773200,597293,597144,0,597144,30100,150,4983.39,false
120773200,597293,597144,0,597144,120803300,597443,597294,0,597294,30100,150,4983.39,false
120803300,597443,597294,0,597294,120833400,597593,597444,0,597444,30100,150,4983.39,false
120833400,597593,597444,0,597444,120863500,597743,597594,0,597594,30100,150,4983.39,false
120863500,597743,597594,0,597594,120893600,597893,597744,0,597744,30100,150,4983.39,false
120893600,597893,597744,0,597744,120923700,598043,597894,0,597894,30100,150,4983.39,false
120923700,598043,597894,0,597894,120953800,598193,598044,0,598044,30100,150,4983.39,false
120953800,598193,598044,0,598044,120983900,598343,598194,0,598194,30100,150,4983.39,false
120983900,598343,598194,0,598194,121014000,598493,598344,0,598344,30100,150,4983.39,false
121014000,598493,598344,0,598344,121044100,598643,598494,0,598494,30100,150,4983.39,false
121044100,598643,598494,0,598494,121074200,598793,598644,0,598644,30100,150,4983.39,false
121074200,598793,598644,0,598644,121104300,598943,598794,0,598794,30100,150,4983.39,false
121104300,598943,598794,0,598794,121134400,599093,598944,0,598944,30100,150,4983.39,false
121134400,599093,598944,0,598944,121164500,599243,599094,0,599094,30100,150,4983.39,false
121164500,599243,599094,0,599094,121194600,599393,599244,0,599244,30100,150,4983.39,false
121194600,599393,599244,0,599244,121224700,599543,599394,0,599394,30100,150,4983.39,false
121224700,599543,599394,0,599394,121254800,599693,599544,0,599544,30100,150,4983.39,false
121254800,599693,599544,0,599544,121284900,599843,599694,0,599694,30100,150,4983.39,false
121284900,599843,599694,0,599694,121315000,599993,599844,0,599844,30100,150,4983.39,false
121315000,599993,599844,0,599844,121345100,600143,599994,0,599994,30100,150,4983.39,false
121345100,600143,599994,0,599994,121375200,600293,600144,0,600144,30100,150,4983.39,false
121375200,600293,600144,0,600144,121405300,600443,600294,0,600294,30100,150,4983.39,false
121405300,600443,600294,0,600294,121435400,600593,600444,0,600444,30100,150,4983.39,false
121435400,600593,600444,0,600444,121505900,600743,600594,0,600594,70500,150,2127.66,false
121505900,600743,600594,0,600594,121576400,600893,600744,0,600744,70500,150,2127.66,false
121576400,600893,600744,0,600744,121610600,601043,600894,0,600894,34200,150,4385.96,false
121610600,601043,600894,0,600894,121640700,601193,601044,0,601044,30100,150,4983.39,false
121640700,601193,601044,0,601044,121670800,601343,601194,0,601194,30100,150,4983.39,false
121670900,601344,601195,0,601195,121701000,601494,601345,0,601345,30100,150,4983.39,false
121701000,601494,601345,0,601345,121731100,601644,601495,0,601495,30100,150,4983.39,false
121731100,601644,601495,0,601495,121761200,601794,601645,0,601645,30100,150,4983.39,false
121761200,601794,601645,0,601645,121791300,601944,601795,0,601795,30100,150,4983.39,false
121791300,601944,601795,0,601795,121821400,602094,601945,0,601945,30100,150,4983.39,false
121821400,602094,601945,0,601945,121851500,602244,602095,0,602095,30100,150,4983.39,false
121851500,602244,602095,0,602095,121881600,602394,602245,0,602245,30100,150,4983.39,false
121881600,602394,602245,0,602245,121911700,602544,602395,0,602395,30100,150,4983.39,false
121911700,602544,602395,0,602395,121941800,602694,602545,0,602545,30100,150,4983.39,false
121941800,602694,602545,0,602545,121971900,602844,602695,0,602695,30100,150,4983.39,false
121971900,602844,602695,0,602695,122002000,602994,602845,0,602845,30100,150,4983.39,false
122002000,602994,602845,0,602845,122032100,603144,602995,0,602995,30100,150,4983.39,false
122032100,603144,602995,0,602995,122062200,603695,603145,0,603145,30100,150,4983.39,true
122062200,603695,603145,0,603145,122132400,604246,603696,0,603696,70200,551,7849.00,true
122132400,604246,603696,0,603696,122202600,604437,604247,0,604247,70200,551,7849.00,true
122202600,604437,604247,0,604247,122236800,604587,604438,0,604438,34200,191,5584.80,true
122236800,604587,604438,0,604438,122266900,604737,604588,0,604588,30100,150,4983.39,false
122266900,604737,604588,0,604588,122297000,604887,604738,0,604738,30100,150,4983.39,false
122297000,604887,604738,0,604738,122327100,605037,604888,0,604888,30100,150,4983.39,false
122327100,605037,604888,0,604888,122357200,605187,605038,0,605038,30100,150,4983.39,false
122357200,605187,605038,0,605038,122387300,605337,605188,0,605188,30100,150,4983.39,false
122387300,605337,605188,0,605188,122417400,605487,605338,0,605338,30100,150,4983.39,false
122417400,605487,605338,0,605338,122447500,605637,605488,0,605488,30100,150,4983.39,false
122447500,605637,605488,0,605488,122477600,605787,605638,0,605638,30100,150,4983.39,false
122477600,605787,605638,0,605638,122507700,605937,605788,0,605788,30100,150,4983.39,false
122507700,605937,605788,0,605788,122537800,606087,605938,0,605938,30100,150,4983.39,false
122537800,606087,605938,0,605938,122567900,606237,606088,0,606088,30100,150,4983.39,false
122567900,606237,606088,0,606088,122598000,606387,606238,0,606238,30100,150,4983.39,false
122598000,606387,606238,0,606238,122628100,606537,606388,0,606388,30100,150,4983.39,false
122628100,606537,606388,0,606388,122658200,606687,606538,0,606538,30100,150,4983.39,false
122658200,606687,606538,0,606538,122688300,606837,606688,0,606688,30100,150,4983.39,false
122688300,606837,606688,0,606688,122718400,606987,606838,0,606838,30100,150,4983.39,false
122718400,606987,606838,0,606838,122748500,607137,606988,0,606988,30100,150,4983.39,false
122748500,607137,606988,0,606988,122778600,607287,607138,0,607138,30100,150,4983.39,false
122778600,607287,607138,0,607138,122808700,607437,607288,0,607288,30100,150,4983.39,false
122808700,607437,607288,0,607288,122838800,607587,607438,0,607438,30100,150,4983.39,false
122838800,607587,607438,0,607438,122868900,607737,607588,0,607588,30100,150,4983.39,false
122868900,607737,607588,0,607588,122899000,607887,607738,0,607738,30100,150,4983.39,false
122899000,607887,607738,0,607738,122929100,608037,607888,0,607888,30100,150,4983.39,false
122929100,608037,607888,0,607888,122959200,608187,608038,0,608038,30100,150,4983.39,false
122959200,608187,608038,0,608038,122989300,608337,608188,0,608188,30100,150,4983.39,false
122989300,608337,608188,0,608188,123019400,608487,608338,0,608338,30100,150,4983.39,false
123019400,608487,608338,0,608338,123049500,608637,608488,0,608488,30100,150,4983.39,false
123049500,608637,608488,0,608488,123079600,608787,608638,0,608638,30100,150,4983.39,false
123079600,608787,608638,0,608638,123109700,608937,608788,0,608788,30100,150,4983.39,false
123109700,608937,608788,0,608788,123139800,609087,608938,0,608938,30100,150,4983.39,false
123139800,609087,608938,0,608938,123169900,609237,609088,0,609088,30100,150,4983.39,false
123169900,609237,609088,0,609088,123200000,609387,609238,0,609238,30100,150,4983.39,false
123200000,609387,609238,0,609238,123230100,609537,609388,0,609388,30100,150,4983.39,false
123230100,609537,609388,0,609388,123260200,609687,609538,0,609538,30100,150,4983.39,false
123260200,609687,609538,0,609538,123290300,609837,609688,0,609688,30100,150,4983.39,false
123290300,609837,609688,0,609688,123320400,609987,609838,0,609838,30100,150,4983.39,false
123320400,609987,609838,0,609838,123350500,610137,609988,0,609988,30100,150,4983.39,false
123350500,610137,609988,0,609988,123380600,610287,610138,0,610138,30100,150,4983.39,false
123380600,610287,610138,0,610138,123410700,610437,610288,0,610288,30100,150,4983.39,false
123410700,610437,610288,0,610288,123440800,610587,610438,0,610438,30100,150,4983.39,false
123440800,610587,610438,0,610438,123470900,610737,610588,0,610588,30100,150,4983.39,false
123470900,610737,610588,0,610588,123501000,610887,610738,0,610738,30100,150,4983.39,false
123501000,610887,610738,0,610738,123531100,611037,610888,0,610888,30100,150,4983.39,false
123531100,611037,610888,0,610888,123561200,611187,611038,0,611038,30100,150,4983.39,false
123561200,611187,611038,0,611038,123591300,611337,611188,0,611188,30100,150,4983.39,false
123591300,611337,611188,0,611188,123621400,611487,611338,0,611338,30100,150,4983.39,false
123621400,611487,611338,0,611338,123651500,611637,611488,0,611488,30100,150,4983.39,false
123651500,611637,611488,0,611488,123681600,611787,611638,0,611638,30100,150,4983.39,false
123681600,611787,611638,0,611638,123711700,611937,611788,0,611788,30100,150,4983.39,false
123711700,611937,611788,0,611788,123741800,612087,611938,0,611938,30100,150,4983.39,false
123741800,612087,611938,0,611938,123771900,612237,612088,0,612088,30100,150,4983.39,false
123771900,612237,612088,0,612088,123802000,612387,612238,0,612238,30100,150,4983.39,false
123802000,612387,612238,0,612238,123832100,612537,612388,0,612388,30100,150,4983.39,false
123832100,612537,612388,0,612388,123862200,612687,612538,0,612538,30100,150,4983.39,false
123862200,612687,612538,0,612538,123892300,612837,612688,0,612688,30100,150,4983.39,false
123892300,612837,612688,0,612688,123922400,612987,612838,0,612838,30100,150,4983.39,false
123922400,612987,612838,0,612838,123952500,613137,612988,0,612988,30100,150,4983.39,false
123952500,613137,612988,0,612988,123982600,613287,613138,0,613138,30100,150,4983.39,false
123982600,613287,613138,0,613138,124012700,613437,613288,0,613288,30100,150,4983.39,false
124012700,613437,613288,0,613288,124042800,613587,613438,0,613438,30100,150,4983.39,false
124042800,613587,613438,0,613438,124072900,613737,613588,0,613588,30100,150,4983.39,false
124072900,613737,613588,0,613588,124103000,613887,613738,0,613738,30100,150,4983.39,false
124103000,613887,613738,0,613738,124133100,614037,613888,0,613888,30100,150,4983.39,false
124133100,614037,613888,0,613888,124163200,614187,614038,0,614038,30100,150,4983.39,false
124163200,614187,614038,0,614038,124193300,614337,614188,0,614188,30100,150,4983.39,false
124193300,614337,614188,0,614188,124223400,614487,614338,0,614338,30100,150,4983.39,false
124223400,614487,614338,0,614338,124253500,614637,614488,0,614488,30100,150,4983.39,false
124253500,614637,614488,0,614488,124283600,614787,614638,0,614638,30100,150,4983.39,false
124283600,614787,614638,0,614638,124313700,614937,614788,0,614788,30100,150,4983.39,false
124313700,614937,614788,0,614788,124343800,615087,614938,0,614938,30100,150,4983.39,false
124343800,615087,614938,0,614938,124373900,615237,615088,0,615088,30100,150,4983.39,false
124373900,615237,615088,0,615088,124404000,615387,615238,0,615238,30100,150,4983.39,false
124404000,615387,615238,0,615238,124434100,615537,615388,0,615388,30100,150,4983.39,false
124434100,615537,615388,0,615388,124464200,615687,615538,0,615538,30100,150,4983.39,false
124464200,615687,615538,0,615538,124494300,615837,615688,0,615688,30100,150,4983.39,false
124494300,615837,615688,0,615688,124524400,615987,615838,0,615838,30100,150,4983.39,false
124524400,615987,615838,0,615838,124554500,616137,615988,0,615988,30100,150,4983.39,false
124554500,616137,615988,0,615988,124584600,616287,616138,0,616138,30100,150,4983.39,false
124584600,616287,616138,0,616138,124614700,616437,616288,0,616288,30100,150,4983.39,false
124614700,616437,616288,0,616288,124644800,616587,616438,0,616438,30100,150,4983.39,false
124644800,616587,616438,0,616438,124674900,616737,616588,0,616588,30100,150,4983.39,false
124674900,616737,616588,0,616588,124705000,616887,616738,0,616738,30100,150,4983.39,false
124705000,616887,616738,0,616738,124735100,617037,616888,0,616888,30100,150,4983.39,false
124735100,617037,616888,0,616888,124765200,617187,617038,0,617038,30100,150,4983.39,false
124765200,617187,617038,0,617038,124795300,617337,617188,0,617188,30100,150,4983.39,false
124795300,617337,617188,0,617188,124825400,617487,617338,0,617338,30100,150,4983.39,false
124825400,617487,617338,0,617338,124855500,617637,617488,0,617488,30100,150,4983.39,false
124855500,617637,617488,0,617488,124885600,617787,617638,0,617638,30100,150,4983.39,false
124885600,617787,617638,0,617638,124915700,617937,617788,0,617788,30100,150,4983.39,false
124915700,617937,617788,0,617788,124945800,618087,617938,0,617938,30100,150,4983.39,false
124945800,618087,617938,0,617938,124975900,618237,618088,0,618088,30100,150,4983.39,false
124975900,618237,618088,0,618088,125006000,618387,618238,0,618238,30100,150,4983.39,false
125006000,618387,618238,0,618238,125036100,618537,618388,0,618388,30100,150,4983.39,false
125036100,618537,618388,0,618388,125066200,618687,618538,0,618538,30100,150,4983.39,false
125066200,618687,618538,0,618538,125096300,618837,618688,0,618688,30100,150,4983.39,false
125096300,618837,618688,0,618688,125126400,618987,618838,0,618838,30100,150,4983.39,false
125126400,618987,618838,0,618838,125156500,619137,618988,0,618988,30100,150,4983.39,false
125156500,619137,618988,0,618988,125186600,619287,619138,0,619138,30100,150,4983.39,false
125186600,619287,619138,0,619138,125216700,619437,619288,0,619288,30100,150,4983.39,false
125216700,619437,619288,0,619288,125246800,619587,619438,0,619438,30100,150,4983.39,false
125246800,619587,619438,0,619438,125317300,619737,619588,0,619588,70500,150,2127.66,false
125317300,619737,619588,0,619588,125387800,619887,619738,0,619738,70500,150,2127.66,false
125387800,619887,619738,0,619738,125422000,620037,619888,0,619888,34200,150,4385.96,false
125422000,620037,619888,0,619888,125452100,620187,620038,0,620038,30100,150,4983.39,false
125452100,620187,620038,0,620038,125482200,620337,620188,0,620188,30100,150,4983.39,false
125482300,620338,620189,0,620189,125512400,620488,620339,0,620339,30100,150,4983.39,false
125512400,620488,620339,0,620339,125542500,620638,620489,0,620489,30100,150,4983.39,false
125542500,620638,620489,0,620489,125572600,620788,620639,0,620639,30100,150,4983.39,false
125572600,620788,620639,0,620639,125602700,620938,620789,0,620789,30100,150,4983.39,false
125602700,620938,620789,0,620789,125632800,621088,620939,0,620939,30100,150,4983.39,false
125632800,621088,620939,0,620939,125662900,621238,621089,0,621089,30100,150,4983.39,false
125662900,621238,621089,0,621089,125693000,621388,621239,0,621239,30100,150,4983.39,false
125693000,621388,621239,0,621239,125723100,621538,621389,0,621389,30100,150,4983.39,false
125723100,621538,621389,0,621389,125753200,621688,621539,0,621539,30100,150,4983.39,false
125753200,621688,621539,0,621539,125783300,621838,621689,0,621689,30100,150,4983.39,false
125783300,621838,621689,0,621689,125813400,621988,621839,0,621839,30100,150,4983.39,false
125813400,621988,621839,0,621839,125843500,622138,621989,0,621989,30100,150,4983.39,false
125843500,622138,621989,0,621989,125873600,622689,622139,0,622139,30100,150,4983.39,true
125873600,622689,622139,0,622139,125943800,623240,622690,0,622690,70200,551,7849.00,true
125943800,623240,622690,0,622690,126014000,623431,623241,0,623241,70200,551,7849.00,true
126014000,623431,623241,0,623241,126048200,623581,623432,0,623432,34200,191,5584.80,true
126048200,623581,623432,0,623432,126078300,623731,623582,0,623582,30100,150,4983.39,false
126078300,623731,623582,0,623582,126108400,623881,623732,0,623732,30100,150,4983.39,false
126108400,623881,623732,0,623732,126138500,624031,623882,0,623882,30100,150,4983.39,false
126138500,624031,623882,0,623882,126168600,624181,624032,0,624032,30100,150,4983.39,false
126168600,624181,624032,0,624032,126198700,624331,624182,0,624182,30100,150,4983.39,false
126198700,624331,624182,0,624182,126228800,624481,624332,0,624332,30100,150,4983.39,false
126228800,624481,624332,0,624332,126258900,624631,624482,0,624482,30100,150,4983.39,false
126258900,624631,624482,0,624482,126289000,624781,624632,0,624632,30100,150,4983.39,false
126289000,624781,624632,0,624632,126319100,624931,624782,0,624782,30100,150,4983.39,false
126319100,624931,624782,0,624782,126349200,625081,624932,0,624932,30100,150,4983.39,false
126349200,625081,624932,0,624932,126379300,625231,625082,0,625082,30100,150,4983.39,false
126379300,625231,625082,0,625082,126409400,625381,625232,0,625232,30100,150,4983.39,false
126409400,625381,625232,0,625232,126439500,625531,625382,0,625382,30100,150,4983.39,false
126439500,625531,625382,0,625382,126469600,625681,625532,0,625532,30100,150,4983.39,false
126469600,625681,625532,0,625532,126499700,625831,625682,0,625682,30100,150,4983.39,false
126499700,625831,625682,0,625682,126529800,625981,625832,0,625832,30100,150,4983.39,false
126529800,625981,625832,0,625832,126559900,626131,625982,0,625982,30100,150,4983.39,false
126559900,626131,625982,0,625982,126590000,626281,626132,0,626132,30100,150,4983.39,false
126590000,626281,626132,0,626132,126620100,626431,626282,0,626282,30100,150,4983.39,false
126620100,626431,626282,0,626282,126650200,626581,626432,0,626432,30100,150,4983.39,false
126650200,626581,626432,0,626432,126680300,626731,626582,0,626582,30100,150,4983.39,false
126680300,626731,626582,0,626582,126710400,626881,626732,0,626732,30100,150,4983.39,false
126710400,626881,626732,0,626732,126740500,627031,626882,0,626882,30100,150,4983.39,false
126740500,627031,626882,0,626882,126770600,627181,627032,0,627032,30100,150,4983.39,false
126770600,627181,627032,0,627032,126800700,627331,627182,0,627182,30100,150,4983.39,false
126800700,627331,627182,0,627182,126830800,627481,627332,0,627332,30100,150,4983.39,false
126830800,627481,627332,0,627332,126860900,627631,627482,0,627482,30100,150,4983.39,false
126860900,627631,627482,0,627482,126891000,627781,627632,0,627632,30100,150,4983.39,false
126891000,627781,627632,0,627632,126921100,627931,627782,0,627782,30100,150,4983.39,false
126921100,627931,627782,0,627782,126951200,628081,627932,0,627932,30100,150,4983.39,false
126951200,628081,627932,0,627932,126981300,628231,628082,0,628082,30100,150,4983.39,false
126981300,628231,628082,0,628082,127011400,628381,628232,0,628232,30100,150,4983.39,false
127011400,628381,628232,0,628232,127041500,628531,628382,0,628382,30100,150,4983.39,false
127041500,628531,628382,0,628382,127071600,628681,628532,0,628532,30100,150,4983.39,false
127071600,628681,628532,0,628532,127101700,628831,628682,0,628682,30100,150,4983.39,false
127101700,628831,628682,0,628682,127131800,628981,628832,0,628832,30100,150,4983.39,false
127131800,628981,628832,0,628832,127161900,629131,628982,0,628982,30100,150,4983.39,false
127161900,629131,628982,0,628982,127192000,629281,629132,0,629132,30100,150,4983.39,false
127192000,629281,629132,0,629132,127222100,629431,629282,0,629282,30100,150,4983.39,false
127222100,629431,629282,0,629282,127252200,629581,629432,0,629432,30100,150,4983.39,false
127252200,629581,629432,0,629432,127282300,629731,629582,0,629582,30100,150,4983.39,false
127282300,629731,629582,0,629582,127312400,629881,629732,0,629732,30100,150,4983.39,false
127312400,629881,629732,0,629732,127342500,630031,629882,0,629882,30100,150,4983.39,false
127342500,630031,629882,0,629882,127372600,630181,630032,0,630032,30100,150,4983.39,false
127372600,630181,630032,0,630032,127402700,630331,630182,0,630182,30100,150,4983.39,false
127402700,630331,630182,0,630182,127432800,630481,630332,0,630332,30100,150,4983.39,false
127432800,630481,630332,0,630332,127462900,630631,630482,0,630482,30100,150,4983.39,false
127462900,630631,630482,0,630482,127493000,630781,630632,0,630632,30100,150,4983.39,false
127493000,630781,630632,0,630632,127523100,630931,630782,0,630782,30100,150,4983.39,false
127523100,630931,630782,0,630782,127553200,631081,630932,0,630932,30100,150,4983.39,false
127553200,631081,630932,0,630932,127583300,631231,631082,0,631082,30100,150,4983.39,false
127583300,631231,631082,0,631082,127613400,631381,631232,0,631232,30100,150,4983.39,false
127613400,631381,631232,0,631232,127643500,631531,631382,0,631382,30100,150,4983.39,false
127643500,631531,631382,0,631382,127673600,631681,631532,0,631532,30100,150,4983.39,false
127673600,631681,631532,0,631532,127703700,631831,631682,0,631682,30100,150,4983.39,false
127703700,631831,631682,0,631682,127733800,631981,631832,0,631832,30100,150,4983.39,false
127733800,631981,631832,0,631832,127763900,632131,631982,0,631982,30100,150,4983.39,false
127763900,632131,631982,0,631982,127794000,632281,632132,0,632132,30100,150,4983.39,false
127794000,632281,632132,0,632132,127824100,632431,632282,0,632282,30100,150,4983.39,false
127824100,632431,632282,0,632282,127854200,632581,632432,0,632432,30100,150,4983.39,false
127854200,632581,632432,0,632432,127884300,632731,632582,0,632582,30100,150,4983.39,false
127884300,632731,632582,0,632582,127914400,632881,632732,0,632732,30100,150,4983.39,false
127914400,632881,632732,0,632732,127944500,633031,632882,0,632882,30100,150,4983.39,false
127944500,633031,632882,0,632882,127974600,633181,633032,0,633032,30100,150,4983.39,false
127974600,633181,633032,0,633032,128004700,633331,633182,0,633182,30100,150,4983.39,false
128004700,633331,633182,0,633182,128034800,633481,633332,0,633332,30100,150,4983.39,false
128034800,633481,633332,0,633332,128064900,633631,633482,0,633482,30100,150,4983.39,false
128064900,633631,633482,0,633482,128095000,633781,633632,0,633632,30100,150,4983.39,false
128095000,633781,633632,0,633632,128125100,633931,633782,0,633782,30100,150,4983.39,false
128125100,633931,633782,0,633782,128155200,634081,633932,0,633932,30100,150,4983.39,false
128155200,634081,633932,0,633932,128185300,634231,634082,0,634082,30100,150,4983.39,false
128185300,634231,634082,0,634082,128215400,634381,634232,0,634232,30100,150,4983.39,false
128215400,634381,634232,0,634232,128245500,634531,634382,0,634382,30100,150,4983.39,false
128245500,634531,634382,0,634382,128275600,634681,634532,0,634532,30100,150,4983.39,false
128275600,634681,634532,0,634532,128305700,634831,634682,0,634682,30100,150,4983.39,false
128305700,634831,634682,0,634682,128335800,634981,634832,0,634832,30100,150,4983.39,false
128335800,634981,634832,0,634832,128365900,635131,634982,0,634982,30100,150,4983.39,false
128365900,635131,634982,0,634982,128396000,635281,635132,0,635132,30100,150,4983.39,false
128396000,635281,635132,0,635132,128426100,635431,635282,0,635282,30100,150,4983.39,false
128426100,635431,635282,0,635282,128456200,635581,635432,0,635432,30100,150,4983.39,false
128456200,635581,635432,0,635432,128486300,635731,635582,0,635582,30100,150,4983.39,false
128486300,635731,635582,0,635582,128516400,635881,635732,0,635732,30100,150,4983.39,false
128516400,635881,635732,0,635732,128546500,636031,635882,0,635882,30100,150,4983.39,false
128546500,636031,635882,0,635882,128576600,636181,636032,0,636032,30100,150,4983.39,false
128576600,636181,636032,0,636032,128606700,636331,636182,0,636182,30100,150,4983.39,false
128606700,636331,636182,0,636182,128636800,636481,636332,0,636332,30100,150,4983.39,false
128636800,636481,636332,0,636332,128666900,636631,636482,0,636482,30100,150,4983.39,false
128666900,636631,636482,0,636482,128697000,636781,636632,0,636632,30100,150,4983.39,false
128697000,636781,636632,0,636632,128727100,636931,636782,0,636782,30100,150,4983.39,false
128727100,636931,636782,0,636782,128757200,637081,636932,0,636932,30100,150,4983.39,false
128757200,637081,636932,0,636932,128787300,637231,637082,0,637082,30100,150,4983.39,false
128787300,637231,637082,0,637082,128817400,637381,637232,0,637232,30100,150,4983.39,false
128817400,637381,637232,0,637232,128847500,637531,637382,0,637382,30100,150,4983.39,false
128847500,637531,637382,0,637382,128877600,637681,637532,0,637532,30100,150,4983.39,false
128877600,637681,637532,0,637532,128907700,637831,637682,0,637682,30100,150,4983.39,false
128907700,637831,637682,0,637682,128937800,637981,637832,0,637832,30100,150,4983.39,false
128937800,637981,637832,0,637832,128967900,638131,637982,0,637982,30100,150,4983.39,false
128967900,638131,637982,0,637982,128998000,638281,638132,0,638132,30100,150,4983.39,false
128998000,638281,638132,0,638132,129028100,638431,638282,0,638282,30100,150,4983.39,false
129028100,638431,638282,0,638282,129058200,638581,638432,0,638432,30100,150,4983.39,false
129058200,638581,638432,0,638432,129128700,638731,638582,0,638582,70500,150,2127.66,false
129128700,638731,638582,0,638582,129199200,638881,638732,0,638732,70500,150,2127.66,false
129199200,638881,638732,0,638732,129233400,639031,638882,0,638882,34200,150,4385.96,false
129233400,639031,638882,0,638882,129263500,639181,639032,0,639032,30100,150,4983.39,false
129263500,639181,639032,0,639032,129293600,639331,639182,0,639182,30100,150,4983.39,false
129293700,639332,639183,0,639183,129323800,639482,639333,0,639333,30100,150,4983.39,false
129323800,639482,639333,0,639333,129353900,639632,639483,0,639483,30100,150,4983.39,false
129353900,639632,639483,0,639483,129384000,639782,639633,0,639633,30100,150,4983.39,false
129384000,639782,639633,0,639633,129414100,639932,639783,0,639783,30100,150,4983.39,false
129414100,639932,639783,0,639783,129444200,640082,639933,0,639933,30100,150,4983.39,false
129444200,640082,639933,0,639933,129474300,640232,640083,0,640083,30100,150,4983.39,false
129474300,640232,640083,0,640083,129504400,640382,640233,0,640233,30100,150,4983.39,false
129504400,640382,640233,0,640233,129534500,640532,640383,0,640383,30100,150,4983.39,false
129534500,640532,640383,0,640383,129564600,640682,640533,0,640533,30100,150,4983.39,false
129564600,640682,640533,0,640533,129594700,640832,640683,0,640683,30100,150,4983.39,false
129594700,640832,640683,0,640683,129624800,640982,640833,0,640833,30100,150,4983.39,false
129624800,640982,640833,0,640833,129654900,641132,640983,0,640983,30100,150,4983.39,false
129654900,641132,640983,0,640983,129685000,641683,641133,0,641133,30100,150,4983.39,true
129685000,641683,641133,0,641133,129755200,642234,641684,0,641684,70200,551,7849.00,true
129755200,642234,641684,0,641684,129825400,642425,642235,0,642235,70200,551,7849.00,true
129825400,642425,642235,0,642235,129859600,642575,642426,0,642426,34200,191,5584.80,true
129859600,642575,642426,0,642426,129889700,642725,642576,0,642576,30100,150,4983.39,false
129889700,642725,642576,0,642576,129919800,642875,642726,0,642726,30100,150,4983.39,false
129919800,642875,642726,0,642726,129949900,643025,642876,0,642876,30100,150,4983.39,false
129949900,643025,642876,0,642876,129980000,643175,643026,0,643026,30100,150,4983.39,false
129980000,643175,643026,0,643026,130010100,643325,643176,0,643176,30100,150,4983.39,false
130010100,643325,643176,0,643176,130040200,643475,643326,0,643326,30100,150,4983.39,false
130040200,643475,643326,0,643326,130070300,643625,643476,0,643476,30100,150,4983.39,false
130070300,643625,643476,0,643476,130100400,643775,643626,0,643626,30100,150,4983.39,false
130100400,643775,643626,0,643626,130130500,643925,643776,0,643776,30100,150,4983.39,false
130130500,643925,643776,0,643776,130160600,644075,643926,0,643926,30100,150,4983.39,false
130160600,644075,643926,0,643926,130190700,644225,644076,0,644076,30100,150,4983.39,false
130190700,644225,644076,0,644076,130220800,644375,644226,0,644226,30100,150,4983.39,false
130220800,644375,644226,0,644226,130250900,644525,644376,0,644376,30100,150,4983.39,false
130250900,644525,644376,0,644376,130281000,644675,644526,0,644526,30100,150,4983.39,false
130281000,644675,644526,0,644526,130311100,644825,644676,0,644676,30100,150,4983.39,false
130311100,644825,644676,0,644676,130341200,644975,644826,0,644826,30100,150,4983.39,false
130341200,644975,644826,0,644826,130371300,645125,644976,0,644976,30100,150,4983.39,false
130371300,645125,644976,0,644976,130401400,645275,645126,0,645126,30100,150,4983.39,false
130401400,645275,645126,0,645126,130431500,645425,645276,0,645276,30100,150,4983.39,false
130431500,645425,645276,0,645276,130461600,645575,645426,0,645426,30100,150,4983.39,false
130461600,645575,645426,0,645426,130491700,645725,645576,0,645576,30100,150,4983.39,false
130491700,645725,645576,0,645576,130521800,645875,645726,0,645726,30100,150,4983.39,false
130521800,645875,645726,0,645726,130551900,646025,645876,0,645876,30100,150,4983.39,false
130551900,646025,645876,0,645876,130582000,646175,646026,0,646026,30100,150,4983.39,false
130582000,646175,646026,0,646026,130612100,646325,646176,0,646176,30100,150,4983.39,false
130612100,646325,646176,0,646176,130642200,646475,646326,0,646326,30100,150,4983.39,false
130642200,646475,646326,0,646326,130672300,646625,646476,0,646476,30100,150,4983.39,false
130672300,646625,646476,0,646476,130702400,646775,646626,0,646626,30100,150,4983.39,false
130702400,646775,646626,0,646626,130732500,646925,646776,0,646776,30100,150,4983.39,false
130732500,646925,646776,0,646776,130762600,647075,646926,0,646926,30100,150,4983.39,false
130762600,647075,646926,0,646926,130792700,647225,647076,0,647076,30100,150,4983.39,false
130792700,647225,647076,0,647076,130822800,647375,647226,0,647226,30100,150,4983.39,false
130822800,647375,647226,0,647226,130852900,647525,647376,0,647376,30100,150,4983.39,false
130852900,647525,647376,0,647376,130883000,647675,647526,0,647526,30100,150,4983.39,false
130883000,647675,647526,0,647526,130913100,647825,647676,0,647676,30100,150,4983.39,false
130913100,647825,647676,0,647676,130943200,647975,647826,0,647826,30100,150,4983.39,false
130943200,647975,647826,0,647826,130973300,648125,647976,0,647976,30100,150,4983.39,false
130973300,648125,647976,0,647976,131003400,648275,648126,0,648126,30100,150,4983.39,false
131003400,648275,648126,0,648126,131033500,648425,648276,0,648276,30100,150,4983.39,false
131033500,648425,648276,0,648276,131063600,648575,648426,0,648426,30100,150,4983.39,false
131063600,648575,648426,0,648426,131093700,648725,648576,0,648576,30100,150,4983.39,false
131093700,648725,648576,0,648576,131123800,648875,648726,0,648726,30100,150,4983.39,false
131123800,648875,648726,0,648726,131153900,649025,648876,0,648876,30100,150,4983.39,false
131153900,649025,648876,0,648876,131184000,649175,649026,0,649026,30100,150,4983.39,false
131184000,649175,649026,0,649026,131214100,649325,649176,0,649176,30100,150,4983.39,false
131214100,649325,649176,0,649176,131244200,649475,649326,0,649326,30100,150,4983.39,false
131244200,649475,649326,0,649326,131274300,649625,649476,0,649476,30100,150,4983.39,false
131274300,649625,649476,0,649476,131304400,649775,649626,0,649626,30100,150,4983.39,false
131304400,649775,649626,0,649626,131334500,649925,649776,0,649776,30100,150,4983.39,false
131334500,649925,649776,0,649776,131364600,650075,649926,0,649926,30100,150,4983.39,false
131364600,650075,649926,0,649926,131394700,650225,650076,0,650076,30100,150,4983.39,false
131394700,650225,650076,0,650076,131424800,650375,650226,0,650226,30100,150,4983.39,false
131424800,650375,650226,0,650226,131454900,650525,650376,0,650376,30100,150,4983.39,false
131454900,650525,650376,0,650376,131485000,650675,650526,0,650526,30100,150,4983.39,false
131485000,650675,650526,0,650526,131515100,650825,650676,0,650676,30100,150,4983.39,false
131515100,650825,650676,0,650676,131545200,650975,650826,0,650826,30100,150,4983.39,false
131545200,650975,650826,0,650826,131575300,651125,650976,0,650976,30100,150,4983.39,false
131575300,651125,650976,0,650976,131605400,651275,651126,0,651126,30100,150,4983.39,false
131605400,651275,651126,0,651126,131635500,651425,651276,0,651276,30100,150,4983.39,false
131635500,651425,651276,0,651276,131665600,651575,651426,0,651426,30100,150,4983.39,false
131665600,651575,651426,0,651426,131695700,651725,651576,0,651576,30100,150,4983.39,false
131695700,651725,651576,0,651576,131725800,651875,651726,0,651726,30100,150,4983.39,false
131725800,651875,651726,0,651726,131755900,652025,651876,0,651876,30100,150,4983.39,false
131755900,652025,651876,0,651876,131786000,652175,652026,0,652026,30100,150,4983.39,false
131786000,652175,652026,0,652026,131816100,652325,652176,0,652176,30100,150,4983.39,false
131816100,652325,652176,0,652176,131846200,652475,652326,0,652326,30100,150,4983.39,false
131846200,652475,652326,0,652326,131876300,652625,652476,0,652476,30100,150,4983.39,false
131876300,652625,652476,0,652476,131906400,652775,652626,0,652626,30100,150,4983.39,false
131906400,652775,652626,0,652626,131936500,652925,652776,0,652776,30100,150,4983.39,false
131936500,652925,652776,0,652776,131966600,653075,652926,0,652926,30100,150,4983.39,false
131966600,653075,652926,0,652926,131996700,653225,653076,0,653076,30100,150,4983.39,false
131996700,653225,653076,0,653076,132026800,653375,653226,0,653226,30100,150,4983.39,false
132026800,653375,653226,0,653226,132056900,653525,653376,0,653376,30100,150,4983.39,false
132056900,653525,653376,0,653376,132087000,653675,653526,0,653526,30100,150,4983.39,false
132087000,653675,653526,0,653526,132117100,653825,653676,0,653676,30100,150,4983.39,false
132117100,653825,653676,0,653676,132147200,653975,653826,0,653826,30100,150,4983.39,false
132147200,653975,653826,0,653826,132177300,654125,653976,0,653976,30100,150,4983.39,false
132177300,654125,653976,0,653976,132207400,654275,654126,0,654126,30100,150,4983.39,false
132207400,654275,654126,0,654126,132237500,654425,654276,0,654276,30100,150,4983.39,false
132237500,654425,654276,0,654276,132267600,654575,654426,0,654426,30100,150,4983.39,false
132267600,654575,654426,0,654426,132297700,654725,654576,0,654576,30100,150,4983.39,false
132297700,654725,654576,0,654576,132327800,654875,654726,0,654726,30100,150,4983.39,false
132327800,654875,654726,0,654726,132357900,655025,654876,0,654876,30100,150,4983.39,false
132357900,655025,654876,0,654876,132388000,655175,655026,0,655026,30100,150,4983.39,false
132388000,655175,655026,0,655026,132418100,655325,655176,0,655176,30100,150,4983.39,false
132418100,655325,655176,0,655176,132448200,655475,655326,0,655326,30100,150,4983.39,false
132448200,655475,655326,0,655326,132478300,655625,655476,0,655476,30100,150,4983.39,false
132478300,655625,655476,0,655476,132508400,655775,655626,0,655626,30100,150,4983.39,false
132508400,655775,655626,0,655626,132538500,655925,655776,0,655776,30100,150,4983.39,false
132538500,655925,655776,0,655776,132568600,656075,655926,0,655926,30100,150,4983.39,false
132568600,656075,655926,0,655926,132598700,656225,656076,0,656076,30100,150,4983.39,false
132598700,656225,656076,0,656076,132628800,656375,656226,0,656226,30100,150,4983.39,false
132628800,656375,656226,0,656226,132658900,656525,656376,0,656376,30100,150,4983.39,false
132658900,656525,656376,0,656376,132689000,656675,656526,0,656526,30100,150,4983.39,false
132689000,656675,656526,0,656526,132719100,656825,656676,0,656676,30100,150,4983.39,false
132719100,656825,656676,0,656676,132749200,656975,656826,0,656826,30100,150,4983.39,false
132749200,656975,656826,0,656826,132779300,657125,656976,0,656976,30100,150,4983.39,false
132779300,657125,656976,0,656976,132809400,657275,657126,0,657126,30100,150,4983.39,false
132809400,657275,657126,0,657126,132839500,657425,657276,0,657276,30100,150,4983.39,false
132839500,657425,657276,0,657276,132869600,657575,657426,0,657426,30100,150,4983.39,false
132869600,657575,657426,0,657426,132940100,657725,657576,0,657576,70500,150,2127.66,false
132940100,657725,657576,0,657576,133010600,657875,657726,0,657726,70500,150,2127.66,false
133010600,657875,657726,0,657726,133044800,658025,657876,0,657876,34200,150,4385.96,false
133044800,658025,657876,0,657876,133074900,658175,658026,0,658026,30100,150,4983.39,false
133074900,658175,658026,0,658026,133105000,658325,658176,0,658176,30100,150,4983.39,false
133105100,658326,658177,0,658177,133135200,658476,658327,0,658327,30100,150,4983.39,false
133135200,658476,658327,0,658327,133165300,658626,658477,0,658477,30100,150,4983.39,false
133165300,658626,658477,0,658477,133195400,658776,658627,0,658627,30100,150,4983.39,false
133195400,658776,658627,0,658627,133225500,658926,658777,0,658777,30100,150,4983.39,false
133225500,658926,658777,0,658777,133255600,659076,658927,0,658927,30100,150,4983.39,false
133255600,659076,658927,0,658927,133285700,659226,659077,0,659077,30100,150,4983.39,false
133285700,659226,659077,0,659077,133315800,659376,659227,0,659227,30100,150,4983.39,false
133315800,659376,659227,0,659227,133345900,659526,659377,0,659377,30100,150,4983.39,false
133345900,659526,659377,0,659377,133376000,659676,659527,0,659527,30100,150,4983.39,false
133376000,659676,659527,0,659527,133406100,659826,659677,0,659677,30100,150,4983.39,false
133406100,659826,659677,0,659677,133436200,659976,659827,0,659827,30100,150,4983.39,false
133436200,659976,659827,0,659827,133466300,660126,659977,0,659977,30100,150,4983.39,false
133466300,660126,659977,0,659977,133496400,660677,660127,0,660127,30100,150,4983.39,true
133496400,660677,660127,0,660127,133566600,661228,660678,0,660678,70200,551,7849.00,true
133566600,661228,660678,0,660678,133636800,661419,661229,0,661229,70200,551,7849.00,true
133636800,661419,661229,0,661229,133671000,661569,661420,0,661420,34200,191,5584.80,true
133671000,661569,661420,0,661420,133701100,661719,661570,0,661570,30100,150,4983.39,false
133701100,661719,661570,0,661570,133731200,661869,661720,0,661720,30100,150,4983.39,false
133731200,661869,661720,0,661720,133761300,662019,661870,0,661870,30100,150,4983.39,false
133761300,662019,661870,0,661870,133791400,662169,662020,0,662020,30100,150,4983.39,false
133791400,662169,662020,0,662020,133821500,662319,662170,0,662170,30100,150,4983.39,false
133821500,662319,662170,0,662170,133851600,662469,662320,0,662320,30100,150,4983.39,false
133851600,662469,662320,0,662320,133881700,662619,662470,0,662470,30100,150,4983.39,false
133881700,662619,662470,0,662470,133911800,662769,662620,0,662620,30100,150,4983.39,false
133911800,662769,662620,0,662620,133941900,662919,662770,0,662770,30100,150,4983.39,false
133941900,662919,662770,0,662770,133972000,663069,662920,0,662920,30100,150,4983.39,false
133972000,663069,662920,0,662920,134002100,663219,663070,0,663070,30100,150,4983.39,false
134002100,663219,663070,0,663070,134032200,663369,663220,0,663220,30100,150,4983.39,false
134032200,663369,663220,0,663220,134062300,663519,663370,0,663370,30100,150,4983.39,false
134062300,663519,663370,0,663370,134092400,663669,663520,0,663520,30100,150,4983.39,false
134092400,663669,663520,0,663520,134122500,663819,663670,0,663670,30100,150,4983.39,false
134122500,663819,663670,0,663670,134152600,663969,663820,0,663820,30100,150,4983.39,false
134152600,663969,663820,0,663820,134182700,664119,663970,0,663970,30100,150,4983.39,false
134182700,664119,663970,0,663970,134212800,664269,664120,0,664120,30100,150,4983.39,false
134212800,664269,664120,0,664120,134242900,664419,664270,0,664270,30100,150,4983.39,false
134242900,664419,664270,0,664270,134273000,664569,664420,0,664420,30100,150,4983.39,false
134273000,664569,664420,0,664420,134303100,664719,664570,0,664570,30100,150,4983.39,false
134303100,664719,664570,0,664570,134333200,664869,664720,0,664720,30100,150,4983.39,false
134333200,664869,664720,0,664720,134363300,665019,664870,0,664870,30100,150,4983.39,false
134363300,665019,664870,0,664870,134393400,665169,665020,0,665020,30100,150,4983.39,false
134393400,665169,665020,0,665020,134423500,665319,665170,0,665170,30100,150,4983.39,false
134423500,665319,665170,0,665170,134453600,665469,665320,0,665320,30100,150,4983.39,false
134453600,665469,665320,0,665320,134483700,665619,665470,0,665470,30100,150,4983.39,false
134483700,665619,665470,0,665470,134513800,665769,665620,0,665620,30100,150,4983.39,false
134513800,665769,665620,0,665620,134543900,665919,665770,0,665770,30100,150,4983.39,false
134543900,665919,665770,0,665770,134574000,666069,665920,0,665920,30100,150,4983.39,false
134574000,666069,665920,0,665920,134604100,666219,666070,0,666070,30100,150,4983.39,false
134604100,666219,666070,0,666070,134634200,666369,666220,0,666220,30100,150,4983.39,false
134634200,666369,666220,0,666220,134664300,666519,666370,0,666370,30100,150,4983.39,false
134664300,666519,666370,0,666370,134694400,666669,666520,0,666520,30100,150,4983.39,false
134694400,666669,666520,0,666520,134724500,666819,666670,0,666670,30100,150,4983.39,false
134724500,666819,666670,0,666670,134754600,666969,666820,0,666820,30100,150,4983.39,false
134754600,666969,666820,0,666820,134784700,667119,666970,0,666970,30100,150,4983.39,false
134784700,667119,666970,0,666970,134814800,667269,667120,0,667120,30100,150,4983.39,false
134814800,667269,667120,0,667120,134844900,667419,667270,0,667270,30100,150,4983.39,false
134844900,667419,667270,0,667270,134875000,667569,667420,0,667420,30100,150,4983.39,false
134875000,667569,667420,0,667420,134905100,667719,667570,0,667570,30100,150,4983.39,false
134905100,667719,667570,0,667570,134935200,667869,667720,0,667720,30100,150,4983.39,false
134935200,667869,667720,0,667720,134965300,668019,667870,0,667870,30100,150,4983.39,false
134965300,668019,667870,0,667870,134995400,668169,668020,0,668020,30100,150,4983.39,false
134995400,668169,668020,0,668020,135025500,668319,668170,0,668170,30100,150,4983.39,false
135025500,668319,668170,0,668170,135055600,668469,668320,0,668320,30100,150,4983.39,false
135055600,668469,668320,0,668320,135085700,668619,668470,0,668470,30100,150,4983.39,false
135085700,668619,668470,0,668470,135115800,668769,668620,0,668620,30100,150,4983.39,false
135115800,668769,668620,0,668620,135145900,668919,668770,0,668770,30100,150,4983.39,false
135145900,668919,668770,0,668770,135176000,669069,668920,0,668920,30100,150,4983.39,false
135176000,669069,668920,0,668920,135206100,669219,669070,0,669070,30100,150,4983.39,false
135206100,669219,669070,0,669070,135236200,669369,669220,0,669220,30100,150,4983.39,false
135236200,669369,669220,0,669220,135266300,669519,669370,0,669370,30100,150,4983.39,false
135266300,669519,669370,0,669370,135296400,669669,669520,0,669520,30100,150,4983.39,false
135296400,669669,669520,0,669520,135326500,669819,669670,0,669670,30100,150,4983.39,false
135326500,669819,669670,0,669670,135356600,669969,669820,0,669820,30100,150,4983.39,false
135356600,669969,669820,0,669820,135386700,670119,669970,0,669970,30100,150,4983.39,false
135386700,670119,669970,0,669970,135416800,670269,670120,0,670120,30100,150,4983.39,false
135416800,670269,670120,0,670120,135446900,670419,670270,0,670270,30100,150,4983.39,false
135446900,670419,670270,0,670270,135477000,670569,670420,0,670420,30100,150,4983.39,false
135477000,670569,670420,0,670420,135507100,670719,670570,0,670570,30100,150,4983.39,false
135507100,670719,670570,0,670570,135537200,670869,670720,0,670720,30100,150,4983.39,false
135537200,670869,670720,0,670720,135567300,671019,670870,0,670870,30100,150,4983.39,false
135567300,671019,670870,0,670870,135597400,671169,671020,0,671020,30100,150,4983.39,false
135597400,671169,671020,0,671020,135627500,671319,671170,0,671170,30100,150,4983.39,false
135627500,671319,671170,0,671170,135657600,671469,671320,0,671320,30100,150,4983.39,false
135657600,671469,671320,0,671320,135687700,671619,671470,0,671470,30100,150,4983.39,false
135687700,671619,671470,0,671470,135717800,671769,671620,0,671620,30100,150,4983.39,false
135717800,671769,671620,0,671620,135747900,671919,671770,0,671770,30100,150,4983.39,false
135747900,671919,671770,0,671770,135778000,672069,671920,0,671920,30100,150,4983.39,false
135778000,672069,671920,0,671920,135808100,672219,672070,0,672070,30100,150,4983.39,false
135808100,672219,672070,0,672070,135838200,672369,672220,0,672220,30100,150,4983.39,false
135838200,672369,672220,0,672220,135868300,672519,672370,0,672370,30100,150,4983.39,false
135868300,672519,672370,0,672370,135898400,672669,672520,0,672520,30100,150,4983.39,false
135898400,672669,672520,0,672520,135928500,672819,672670,0,672670,30100,150,4983.39,false
135928500,672819,672670,0,672670,135958600,672969,672820,0,672820,30100,150,4983.39,false
135958600,672969,672820,0,672820,135988700,673119,672970,0,672970,30100,150,4983.39,false
135988700,673119,672970,0,672970,136018800,673269,673120,0,673120,30100,150,4983.39,false
136018800,673269,673120,0,673120,136048900,673419,673270,0,673270,30100,150,4983.39,false
136048900,673419,673270,0,673270,136079000,673569,673420,0,673420,30100,150,4983.39,false
136079000,673569,673420,0,673420,136109100,673719,673570,0,673570,30100,150,4983.39,false
136109100,673719,673570,0,673570,136139200,673869,673720,0,673720,30100,150,4983.39,false
136139200,673869,673720,0,673720,136169300,674019,673870,0,673870,30100,150,4983.39,false
136169300,674019,673870,0,673870,136199400,674169,674020,0,674020,30100,150,4983.39,false
136199400,674169,674020,0,674020,136229500,674319,674170,0,674170,30100,150,4983.39,false
136229500,674319,674170,0,674170,136259600,674469,674320,0,674320,30100,150,4983.39,false
136259600,674469,674320,0,674320,136289700,674619,674470,0,674470,30100,150,4983.39,false
136289700,674619,674470,0,674470,136319800,674769,674620,0,674620,30100,150,4983.39,false
136319800,674769,674620,0,674620,136349900,674919,674770,0,674770,30100,150,4983.39,false
136349900,674919,674770,0,674770,136380000,675069,674920,0,674920,30100,150,4983.39,false
136380000,675069,674920,0,674920,136410100,675219,675070,0,675070,30100,150,4983.39,false
136410100,675219,675070,0,675070,136440200,675369,675220,0,675220,30100,150,4983.39,false
136440200,675369,675220,0,675220,136470300,675519,675370,0,675370,30100,150,4983.39,false
136470300,675519,675370,0,675370,136500400,675669,675520,0,675520,30100,150,4983.39,false
136500400,675669,675520,0,675520,136530500,675819,675670,0,675670,30100,150,4983.39,false
136530500,675819,675670,0,675670,136560600,675969,675820,0,675820,30100,150,4983.39,false
136560600,675969,675820,0,675820,136590700,676119,675970,0,675970,30100,150,4983.39,false
136590700,676119,675970,0,675970,136620800,676269,676120,0,676120,30100,150,4983.39,false
136620800,676269,676120,0,676120,136650900,676419,676270,0,676270,30100,150,4983.39,false
136650900,676419,676270,0,676270,136681000,676569,676420,0,676420,30100,150,4983.39,false
136681000,676569,676420,0,676420,136751500,676719,676570,0,676570,70500,150,2127.66,false
136751500,676719,676570,0,676570,136822000,676869,676720,0,676720,70500,150,2127.66,false
136822000,676869,676720,0,676720,136856200,677019,676870,0,676870,34200,150,4385.96,false
136856200,677019,676870,0,676870,136886300,677169,677020,0,677020,30100,150,4983.39,false
136886300,677169,677020,0,677020,136916400,677319,677170,0,677170,30100,150,4983.39,false
136916500,677320,677171,0,677171,136946600,677470,677321,0,677321,30100,150,4983.39,false
136946600,677470,677321,0,677321,136976700,677620,677471,0,677471,30100,150,4983.39,false
136976700,677620,677471,0,677471,137006800,677770,677621,0,677621,30100,150,4983.39,false
137006800,677770,677621,0,677621,137036900,677920,677771,0,677771,30100,150,4983.39,false
137036900,677920,677771,0,677771,137067000,678070,677921,0,677921,30100,150,4983.39,false
137067000,678070,677921,0,677921,137097100,678220,678071,0,678071,30100,150,4983.39,false
137097100,678220,678071,0,678071,137127200,678370,678221,0,678221,30100,150,4983.39,false
137127200,678370,678221,0,678221,137157300,678520,678371,0,678371,30100,150,4983.39,false
137157300,678520,678371,0,678371,137187400,678670,678521,0,678521,30100,150,4983.39,false
137187400,678670,678521,0,678521,137217500,678820,678671,0,678671,30100,150,4983.39,false
137217500,678820,678671,0,678671,137247600,678970,678821,0,678821,30100,150,4983.39,false
137247600,678970,678821,0,678821,137277700,679120,678971,0,678971,30100,150,4983.39,false
137277700,679120,678971,0,678971,137307800,679671,679121,0,679121,30100,150,4983.39,true
137307800,679671,679121,0,679121,137378000,680222,679672,0,679672,70200,551,7849.00,true
137378000,680222,679672,0,679672,137448200,680413,680223,0,680223,70200,551,7849.00,true
137448200,680413,680223,0,680223,137482400,680563,680414,0,680414,34200,191,5584.80,true
137482400,680563,680414,0,680414,137512500,680713,680564,0,680564,30100,150,4983.39,false
137512500,680713,680564,0,680564,137542600,680863,680714,0,680714,30100,150,4983.39,false
137542600,680863,680714,0,680714,137572700,681013,680864,0,680864,30100,150,4983.39,false
137572700,681013,680864,0,680864,137602800,681163,681014,0,681014,30100,150,4983.39,false
137602800,681163,681014,0,681014,137632900,681313,681164,0,681164,30100,150,4983.39,false
137632900,681313,681164,0,681164,137663000,681463,681314,0,681314,30100,150,4983.39,false
137663000,681463,681314,0,681314,137693100,681613,681464,0,681464,30100,150,4983.39,false
137693100,681613,681464,0,681464,137723200,681763,681614,0,681614,30100,150,4983.39,false
137723200,681763,681614,0,681614,137753300,681913,681764,0,681764,30100,150,4983.39,false
137753300,681913,681764,0,681764,137783400,682063,681914,0,681914,30100,150,4983.39,false
137783400,682063,681914,0,681914,137813500,682213,682064,0,682064,30100,150,4983.39,false
137813500,682213,682064,0,682064,137843600,682363,682214,0,682214,30100,150,4983.39,false
137843600,682363,682214,0,682214,137873700,682513,682364,0,682364,30100,150,4983.39,false
137873700,682513,682364,0,682364,137903800,682663,682514,0,682514,30100,150,4983.39,false
137903800,682663,682514,0,682514,137933900,682813,682664,0,682664,30100,150,4983.39,false
137933900,682813,682664,0,682664,137964000,682963,682814,0,682814,30100,150,4983.39,false
137964000,682963,682814,0,682814,137994100,683113,682964,0,682964,30100,150,4983.39,false
137994100,683113,682964,0,682964,138024200,683263,683114,0,683114,30100,150,4983.39,false
138024200,683263,683114,0,683114,138054300,683413,683264,0,683264,30100,150,4983.39,false
138054300,683413,683264,0,683264,138084400,683563,683414,0,683414,30100,150,4983.39,false
138084400,683563,683414,0,683414,138114500,683713,683564,0,683564,30100,150,4983.39,false
138114500,683713,683564,0,683564,138144600,683863,683714,0,683714,30100,150,4983.39,false
138144600,683863,683714,0,683714,138174700,684013,683864,0,683864,30100,150,4983.39,false
138174700,684013,683864,0,683864,138204800,684163,684014,0,684014,30100,150,4983.39,false
138204800,684163,684014,0,684014,138234900,684313,684164,0,684164,30100,150,4983.39,false
138234900,684313,684164,0,684164,138265000,684463,684314,0,684314,30100,150,4983.39,false
138265000,684463,684314,0,684314,138295100,684613,684464,0,684464,30100,150,4983.39,false
138295100,684613,684464,0,684464,138325200,684763,684614,0,684614,30100,150,4983.39,false
138325200,684763,684614,0,684614,138355300,684913,684764,0,684764,30100,150,4983.39,false
138355300,684913,684764,0,684764,138385400,685063,684914,0,684914,30100,150,4983.39,false
138385400,685063,684914,0,684914,138415500,685213,685064,0,685064,30100,150,4983.39,false
138415500,685213,685064,0,685064,138445600,685363,685214,0,685214,30100,150,4983.39,false
138445600,685363,685214,0,685214,138475700,685513,685364,0,685364,30100,150,4983.39,false
138475700,685513,685364,0,685364,138505800,685663,685514,0,685514,30100,150,4983.39,false
138505800,685663,685514,0,685514,138535900,685813,685664,0,685664,30100,150,4983.39,false
138535900,685813,685664,0,685664,138566000,685963,685814,0,685814,30100,150,4983.39,false
138566000,685963,685814,0,685814,138596100,686113,685964,0,685964,30100,150,4983.39,false
138596100,686113,685964,0,685964,138626200,686263,686114,0,686114,30100,150,4983.39,false
138626200,686263,686114,0,686114,138656300,686413,686264,0,686264,30100,150,4983.39,false
138656300,686413,686264,0,686264,138686400,686563,686414,0,686414,30100,150,4983.39,false
138686400,686563,686414,0,686414,138716500,686713,686564,0,686564,30100,150,4983.39,false
138716500,686713,686564,0,686564,138746600,686863,686714,0,686714,30100,150,4983.39,false
138746600,686863,686714,0,686714,138776700,687013,686864,0,686864,30100,150,4983.39,false
138776700,687013,686864,0,686864,138806800,687163,687014,0,687014,30100,150,4983.39,false
138806800,687163,687014,0,687014,138836900,687313,687164,0,687164,30100,150,4983.39,false
138836900,687313,687164,0,687164,138867000,687463,687314,0,687314,30100,150,4983.39,false
138867000,687463,687314,0,687314,138897100,687613,687464,0,687464,30100,150,4983.39,false
138897100,687613,687464,0,687464,138927200,687763,687614,0,687614,30100,150,4983.39,false
138927200,687763,687614,0,687614,138957300,687913,687764,0,687764,30100,150,4983.39,false
138957300,687913,687764,0,687764,138987400,688063,687914,0,687914,30100,150,4983.39,false
138987400,688063,687914,0,687914,139017500,688213,688064,0,688064,30100,150,4983.39,false
139017500,688213,688064,0,688064,139047600,688363,688214,0,688214,30100,150,4983.39,false
139047600,688363,688214,0,688214,139077700,688513,688364,0,688364,30100,150,4983.39,false
139077700,688513,688364,0,688364,139107800,688663,688514,0,688514,30100,150,4983.39,false
139107800,688663,688514,0,688514,139137900,688813,688664,0,688664,30100,150,4983.39,false
139137900,688813,688664,0,688664,139168000,688963,688814,0,688814,30100,150,4983.39,false
139168000,688963,688814,0,688814,139198100,689113,688964,0,688964,30100,150,4983.39,false
139198100,689113,688964,0,688964,139228200,689263,689114,0,689114,30100,150,4983.39,false
139228200,689263,689114,0,689114,139258300,689413,689264,0,689264,30100,150,4983.39,false
139258300,689413,689264,0,689264,139288400,689563,689414,0,689414,30100,150,4983.39,false
139288400,689563,689414,0,689414,139318500,689713,689564,0,689564,30100,150,4983.39,false
139318500,689713,689564,0,689564,139348600,689863,689714,0,689714,30100,150,4983.39,false
139348600,689863,689714,0,689714,139378700,690013,689864,0,689864,30100,150,4983.39,false
139378700,690013,689864,0,689864,139408800,690163,690014,0,690014,30100,150,4983.39,false
139408800,690163,690014,0,690014,139438900,690313,690164,0,690164,30100,150,4983.39,false
139438900,690313,690164,0,690164,139469000,690463,690314,0,690314,30100,150,4983.39,false
139469000,690463,690314,0,690314,139499100,690613,690464,0,690464,30100,150,4983.39,false
139499100,690613,690464,0,690464,139529200,690763,690614,0,690614,30100,150,4983.39,false
139529200,690763,690614,0,690614,139559300,690913,690764,0,690764,30100,150,4983.39,false
139559300,690913,690764,0,690764,139589400,691063,690914,0,690914,30100,150,4983.39,false
139589400,691063,690914,0,690914,139619500,691213,691064,0,691064,30100,150,4983.39,false
139619500,691213,691064,0,691064,139649600,691363,691214,0,691214,30100,150,4983.39,false
139649600,691363,691214,0,691214,139679700,691513,691364,0,691364,30100,150,4983.39,false
139679700,691513,691364,0,691364,139709800,691663,691514,0,691514,30100,150,4983.39,false
139709800,691663,691514,0,691514,139739900,691813,691664,0,691664,30100,150,4983.39,false
139739900,691813,691664,0,691664,139770000,691963,691814,0,691814,30100,150,4983.39,false
139770000,691963,691814,0,691814,139800100,692113,691964,0,691964,30100,150,4983.39,false
139800100,692113,691964,0,691964,139830200,692263,692114,0,692114,30100,150,4983.39,false
139830200,692263,692114,0,692114,139860300,692413,692264,0,692264,30100,150,4983.39,false
139860300,692413,692264,0,692264,139890400,692563,692414,0,692414,30100,150,4983.39,false
139890400,692563,692414,0,692414,139920500,692713,692564,0,692564,30100,150,4983.39,false
139920500,692713,692564,0,692564,139950600,692863,692714,0,692714,30100,150,4983.39,false
139950600,692863,692714,0,692714,139980700,693013,692864,0,692864,30100,150,4983.39,false
139980700,693013,692864,0,692864,140010800,693163,693014,0,693014,30100,150,4983.39,false
140010800,693163,693014,0,693014,140040900,693313,693164,0,693164,30100,150,4983.39,false
140040900,693313,693164,0,693164,140071000,693463,693314,0,693314,30100,150,4983.39,false
140071000,693463,693314,0,693314,140101100,693613,693464,0,693464,30100,150,4983.39,false
140101100,693613,693464,0,693464,140131200,693763,693614,0,693614,30100,150,4983.39,false
140131200,693763,693614,0,693614,140161300,693913,693764,0,693764,30100,150,4983.39,false
140161300,693913,693764,0,693764,140191400,694063,693914,0,693914,30100,150,4983.39,false
140191400,694063,693914,0,693914,140221500,694213,694064,0,694064,30100,150,4983.39,false
140221500,694213,694064,0,694064,140251600,694363,694214,0,694214,30100,150,4983.39,false
140251600,694363,694214,0,694214,140281700,694513,694364,0,694364,30100,150,4983.39,false
140281700,694513,694364,0,694364,140311800,694663,694514,0,694514,30100,150,4983.39,false
140311800,694663,694514,0,694514,140341900,694813,694664,0,694664,30100,150,4983.39,false
140341900,694813,694664,0,694664,140372000,694963,694814,0,694814,30100,150,4983.39,false
140372000,694963,694814,0,694814,140402100,695113,694964,0,694964,30100,150,4983.39,false
140402100,695113,694964,0,694964,140432200,695263,695114,0,695114,30100,150,4983.39,false
140432200,695263,695114,0,695114,140462300,695413,695264,0,695264,30100,150,4983.39,false
140462300,695413,695264,0,695264,140492400,695563,695414,0,695414,30100,150,4983.39,false
140492400,695563,695414,0,695414,140562900,695713,695564,0,695564,70500,150,2127.66,false
140562900,695713,695564,0,695564,140633400,695863,695714,0,695714,70500,150,2127.66,false
140633400,695863,695714,0,695714,140667600,696013,695864,0,695864,34200,150,4385.96,false
140667600,696013,695864,0,695864,140697700,696163,696014,0,696014,30100,150,4983.39,false
140697700,696163,696014,0,696014,140727800,696313,696164,0,696164,30100,150,4983.39,false
140727900,696314,696165,0,696165,140758000,696464,696315,0,696315,30100,150,4983.39,false
140758000,696464,696315,0,696315,140788100,696614,696465,0,696465,30100,150,4983.39,false
140788100,696614,696465,0,696465,140818200,696764,696615,0,696615,30100,150,4983.39,false
140818200,696764,696615,0,696615,140848300,696914,696765,0,696765,30100,150,4983.39,false
140848300,696914,696765,0,696765,140878400,697064,696915,0,696915,30100,150,4983.39,false
140878400,697064,696915,0,696915,140908500,697214,697065,0,697065,30100,150,4983.39,false
140908500,697214,697065,0,697065,140938600,697364,697215,0,697215,30100,150,4983.39,false
140938600,697364,697215,0,697215,140968700,697514,697365,0,697365,30100,150,4983.39,false
140968700,697514,697365,0,697365,140998800,697664,697515,0,697515,30100,150,4983.39,false
140998800,697664,697515,0,697515,141028900,697814,697665,0,697665,30100,150,4983.39,false
141028900,697814,697665,0,697665,141059000,697964,697815,0,697815,30100,150,4983.39,false
141059000,697964,697815,0,697815,141089100,698114,697965,0,697965,30100,150,4983.39,false
141089100,698114,697965,0,697965,141119200,698665,698115,0,698115,30100,150,4983.39,true
141119200,698665,698115,0,698115,141189400,699216,698666,0,698666,70200,551,7849.00,true
141189400,699216,698666,0,698666,141259600,699407,699217,0,699217,70200,551,7849.00,true
141259600,699407,699217,0,699217,141293800,699557,699408,0,699408,34200,191,5584.80,true
141293800,699557,699408,0,699408,141323900,699707,699558,0,699558,30100,150,4983.39,false
141323900,699707,699558,0,699558,141354000,699857,699708,0,699708,30100,150,4983.39,false
141354000,699857,699708,0,699708,141384100,700007,699858,0,699858,30100,150,4983.39,false
141384100,700007,699858,0,699858,141414200,700157,700008,0,700008,30100,150,4983.39,false
141414200,700157,700008,0,700008,141444300,700307,700158,0,700158,30100,150,4983.39,false
141444300,700307,700158,0,700158,141474400,700457,700308,0,700308,30100,150,4983.39,false
141474400,700457,700308,0,700308,141504500,700607,700458,0,700458,30100,150,4983.39,false
141504500,700607,700458,0,700458,141534600,700757,700608,0,700608,30100,150,4983.39,false
141534600,700757,700608,0,700608,141564700,700907,700758,0,700758,30100,150,4983.39,false
141564700,700907,700758,0,700758,141594800,701057,700908,0,700908,30100,150,4983.39,false
141594800,701057,700908,0,700908,141624900,701207,701058,0,701058,30100,150,4983.39,false
141624900,701207,701058,0,701058,141655000,701357,701208,0,701208,30100,150,4983.39,false
141655000,701357,701208,0,701208,141685100,701507,701358,0,701358,30100,150,4983.39,false
141685100,701507,701358,0,701358,141715200,701657,701508,0,701508,30100,150,4983.39,false
141715200,701657,701508,0,701508,141745300,701807,701658,0,701658,30100,150,4983.39,false
141745300,701807,701658,0,701658,141775400,701957,701808,0,701808,30100,150,4983.39,false
141775400,701957,701808,0,701808,141805500,702107,701958,0,701958,30100,150,4983.39,false
141805500,702107,701958,0,701958,141835600,702257,702108,0,702108,30100,150,4983.39,false
141835600,702257,702108,0,702108,141865700,702407,702258,0,702258,30100,150,4983.39,false
141865700,702407,702258,0,702258,141895800,702557,702408,0,702408,30100,150,4983.39,false
141895800,702557,702408,0,702408,141925900,702707,702558,0,702558,30100,150,4983.39,false
141925900,702707,702558,0,702558,141956000,702857,702708,0,702708,30100,150,4983.39,false
141956000,702857,702708,0,702708,141986100,703007,702858,0,702858,30100,150,4983.39,false
141986100,703007,702858,0,702858,142016200,703157,703008,0,703008,30100,150,4983.39,false
142016200,703157,703008,0,703008,142046300,703307,703158,0,703158,30100,150,4983.39,false
142046300,703307,703158,0,703158,142076400,703457,703308,0,703308,30100,150,4983.39,false
142076400,703457,703308,0,703308,142106500,703607,703458,0,703458,30100,150,4983.39,false
142106500,703607,703458,0,703458,142136600,703757,703608,0,703608,30100,150,4983.39,false
142136600,703757,703608,0,703608,142166700,703907,703758,0,703758,30100,150,4983.39,false
142166700,703907,703758,0,703758,142196800,704057,703908,0,703908,30100,150,4983.39,false
142196800,704057,703908,0,703908,142226900,704207,704058,0,704058,30100,150,4983.39,false
142226900,704207,704058,0,704058,142257000,704357,704208,0,704208,30100,150,4983.39,false
142257000,704357,704208,0,704208,142287100,704507,704358,0,704358,30100,150,4983.39,false
142287100,704507,704358,0,704358,142317200,704657,704508,0,704508,30100,150,4983.39,false
142317200,704657,704508,0,704508,142347300,704807,704658,0,704658,30100,150,4983.39,false
142347300,704807,704658,0,704658,142377400,704957,704808,0,704808,30100,150,4983.39,false
142377400,704957,704808,0,704808,142407500,705107,704958,0,704958,30100,150,4983.39,false
142407500,705107,704958,0,704958,142437600,705257,705108,0,705108,30100,150,4983.39,false
142437600,705257,705108,0,705108,142467700,705407,705258,0,705258,30100,150,4983.39,false
142467700,705407,705258,0,705258,142497800,705557,705408,0,705408,30100,150,4983.39,false
142497800,705557,705408,0,705408,142527900,705707,705558,0,705558,30100,150,4983.39,false
142527900,705707,705558,0,705558,142558000,705857,705708,0,705708,30100,150,4983.39,false
142558000,705857,705708,0,705708,142588100,706007,705858,0,705858,30100,150,4983.39,false
142588100,706007,705858,0,705858,142618200,706157,706008,0,706008,30100,150,4983.39,false
142618200,706157,706008,0,706008,142648300,706307,706158,0,706158,30100,150,4983.39,false
142648300,706307,706158,0,706158,142678400,706457,706308,0,706308,30100,150,4983.39,false
142678400,706457,706308,0,706308,142708500,706607,706458,0,706458,30100,150,4983.39,false
142708500,706607,706458,0,706458,142738600,706757,706608,0,706608,30100,150,4983.39,false
142738600,706757,706608,0,706608,142768700,706907,706758,0,706758,30100,150,4983.39,false
142768700,706907,706758,0,706758,142798800,707057,706908,0,706908,30100,150,4983.39,false
142798800,707057,706908,0,706908,142828900,707207,707058,0,707058,30100,150,4983.39,false
142828900,707207,707058,0,707058,142859000,707357,707208,0,707208,30100,150,4983.39,false
142859000,707357,707208,0,707208,142889100,707507,707358,0,707358,30100,150,4983.39,false
142889100,707507,707358,0,707358,142919200,707657,707508,0,707508,30100,150,4983.39,false
142919200,707657,707508,0,707508,142949300,707807,707658,0,707658,30100,150,4983.39,false
142949300,707807,707658,0,707658,142979400,707957,707808,0,707808,30100,150,4983.39,false
142979400,707957,707808,0,707808,143009500,708107,707958,0,707958,30100,150,4983.39,false
143009500,708107,707958,0,707958,143039600,708257,708108,0,708108,30100,150,4983.39,false
143039600,708257,708108,0,708108,143069700,708407,708258,0,708258,30100,150,4983.39,false
143069700,708407,708258,0,708258,143099800,708557,708408,0,708408,30100,150,4983.39,false
143099800,708557,708408,0,708408,143129900,708707,708558,0,708558,30100,150,4983.39,false
143129900,708707,708558,0,708558,143160000,708857,708708,0,708708,30100,150,4983.39,false
143160000,708857,708708,0,708708,143190100,709007,708858,0,708858,30100,150,4983.39,false
143190100,709007,708858,0,708858,143220200,709157,709008,0,709008,30100,150,4983.39,false
143220200,709157,709008,0,709008,143250300,709307,709158,0,709158,30100,150,4983.39,false
143250300,709307,709158,0,709158,143280400,709457,709308,0,709308,30100,150,4983.39,false
143280400,709457,709308,0,709308,143310500,709607,709458,0,709458,30100,150,4983.39,false
143310500,709607,709458,0,709458,143340600,709757,709608,0,709608,30100,150,4983.39,false
143340600,709757,709608,0,709608,143370700,709907,709758,0,709758,30100,150,4983.39,false
143370700,709907,709758,0,709758,143400800,710057,709908,0,709908,30100,150,4983.39,false
143400800,710057,709908,0,709908,143430900,710207,710058,0,710058,30100,150,4983.39,false
143430900,710207,710058,0,710058,143461000,710357,710208,0,710208,30100,150,4983.39,false
143461000,710357,710208,0,710208,143491100,710507,710358,0,710358,30100,150,4983.39,false
143491100,710507,710358,0,710358,143521200,710657,710508,0,710508,30100,150,4983.39,false
143521200,710657,710508,0,710508,143551300,710807,710658,0,710658,30100,150,4983.39,false
143551300,710807,710658,0,710658,143581400,710957,710808,0,710808,30100,150,4983.39,false
143581400,710957,710808,0,710808,143611500,711107,710958,0,710958,30100,150,4983.39,false
143611500,711107,710958,0,710958,143641600,711257,711108,0,711108,30100,150,4983.39,false
143641600,711257,711108,0,711108,143671700,711407,711258,0,711258,30100,150,4983.39,false
143671700,711407,711258,0,711258,143701800,711557,711408,0,711408,30100,150,4983.39,false
143701800,711557,711408,0,711408,143731900,711707,711558,0,711558,30100,150,4983.39,false
143731900,711707,711558,0,711558,143762000,711857,711708,0,711708,30100,150,4983.39,false
143762000,711857,711708,0,711708,143792100,712007,711858,0,711858,30100,150,4983.39,false
143792100,712007,711858,0,711858,143822200,712157,712008,0,712008,30100,150,4983.39,false
143822200,712157,712008,0,712008,143852300,712307,712158,0,712158,30100,150,4983.39,false
143852300,712307,712158,0,712158,143882400,712457,712308,0,712308,30100,150,4983.39,false
143882400,712457,712308,0,712308,143912500,712607,712458,0,712458,30100,150,4983.39,false
143912500,712607,712458,0,712458,143942600,712757,712608,0,712608,30100,150,4983.39,false
143942600,712757,712608,0,712608,143972700,712907,712758,0,712758,30100,150,4983.39,false
143972700,712907,712758,0,712758,144002800,713057,712908,0,712908,30100,150,4983.39,false
144002800,713057,712908,0,712908,144032900,713207,713058,0,713058,30100,150,4983.39,false
144032900,713207,713058,0,713058,144063000,713357,713208,0,713208,30100,150,4983.39,false
144063000,713357,713208,0,713208,144093100,713507,713358,0,713358,30100,150,4983.39,false
144093100,713507,713358,0,713358,144123200,713657,713508,0,713508,30100,150,4983.39,false
144123200,713657,713508,0,713508,144153300,713807,713658,0,713658,30100,150,4983.39,false
144153300,713807,713658,0,713658,144183400,713957,713808,0,713808,30100,150,4983.39,false
144183400,713957,713808,0,713808,144213500,714107,713958,0,713958,30100,150,4983.39,false
144213500,714107,713958,0,713958,144243600,714257,714108,0,714108,30100,150,4983.39,false
144243600,714257,714108,0,714108,144273700,714407,714258,0,714258,30100,150,4983.39,false
144273700,714407,714258,0,714258,144303800,714557,714408,0,714408,30100,150,4983.39,false
144303800,714557,714408,0,714408,144374300,714707,714558,0,714558,70500,150,2127.66,false
144374300,714707,714558,0,714558,144444800,714857,714708,0,714708,70500,150,2127.66,false
144444800,714857,714708,0,714708,144479000,715007,714858,0,714858,34200,150,4385.96,false
144479000,715007,714858,0,714858,144509100,715157,715008,0,715008,30100,150,4983.39,false
144509100,715157,715008,0,715008,144539200,715307,715158,0,715158,30100,150,4983.39,false
144539300,715308,715159,0,715159,144569400,715458,715309,0,715309,30100,150,4983.39,false
144569400,715458,715309,0,715309,144599500,715608,715459,0,715459,30100,150,4983.39,false
144599500,715608,715459,0,715459,144629600,715758,715609,0,715609,30100,150,4983.39,false
144629600,715758,715609,0,715609,144659700,715908,715759,0,715759,30100,150,4983.39,false
144659700,715908,715759,0,715759,144689800,716058,715909,0,715909,30100,150,4983.39,false
144689800,716058,715909,0,715909,144719900,716208,716059,0,716059,30100,150,4983.39,false
144719900,716208,716059,0,716059,144750000,716358,716209,0,716209,30100,150,4983.39,false
144750000,716358,716209,0,716209,144780100,716508,716359,0,716359,30100,150,4983.39,false
144780100,716508,716359,0,716359,144810200,716658,716509,0,716509,30100,150,4983.39,false
144810200,716658,716509,0,716509,144840300,716808,716659,0,716659,30100,150,4983.39,false
144840300,716808,716659,0,716659,144870400,716958,716809,0,716809,30100,150,4983.39,false
144870400,716958,716809,0,716809,144900500,717108,716959,0,716959,30100,150,4983.39,false
144900500,717108,716959,0,716959,144930600,717659,717109,0,717109,30100,150,4983.39,true
144930600,717659,717109,0,717109,145000800,718210,717660,0,717660,70200,551,7849.00,true
145000800,718210,717660,0,717660,145071000,718401,718211,0,718211,70200,551,7849.00,true
145071000,718401,718211,0,718211,145105200,718551,718402,0,718402,34200,191,5584.80,true
145105200,718551,718402,0,718402,145135300,718701,718552,0,718552,30100,150,4983.39,false
145135300,718701,718552,0,718552,145165400,718851,718702,0,718702,30100,150,4983.39,false
145165400,718851,718702,0,718702,145195500,719001,718852,0,718852,30100,150,4983.39,false
145195500,719001,718852,0,718852,145225600,719151,719002,0,719002,30100,150,4983.39,false
145225600,719151,719002,0,719002,145255700,719301,719152,0,719152,30100,150,4983.39,false
145255700,719301,719152,0,719152,145285800,719451,719302,0,719302,30100,150,4983.39,false
145285800,719451,719302,0,719302,145315900,719601,719452,0,719452,30100,150,4983.39,false
145315900,719601,719452,0,719452,145346000,719751,719602,0,719602,30100,150,4983.39,false
145346000,719751,719602,0,719602,145376100,719901,719752,0,719752,30100,150,4983.39,false
145376100,719901,719752,0,719752,145406200,720051,719902,0,719902,30100,150,4983.39,false
145406200,720051,719902,0,719902,145436300,720201,720052,0,720052,30100,150,4983.39,false
145436300,720201,720052,0,720052,145466400,720351,720202,0,720202,30100,150,4983.39,false
145466400,720351,720202,0,720202,145496500,720501,720352,0,720352,30100,150,4983.39,false
145496500,720501,720352,0,720352,145526600,720651,720502,0,720502,30100,150,4983.39,false
145526600,720651,720502,0,720502,145556700,720801,720652,0,720652,30100,150,4983.39,false
145556700,720801,720652,0,720652,145586800,720951,720802,0,720802,30100,150,4983.39,false
145586800,720951,720802,0,720802,145616900,721101,720952,0,720952,30100,150,4983.39,false
145616900,721101,720952,0,720952,145647000,721251,721102,0,721102,30100,150,4983.39,false
145647000,721251,721102,0,721102,145677100,721401,721252,0,721252,30100,150,4983.39,false
145677100,721401,721252,0,721252,145707200,721551,721402,0,721402,30100,150,4983.39,false
145707200,721551,721402,0,721402,145737300,721701,721552,0,721552,30100,150,4983.39,false
145737300,721701,721552,0,721552,145767400,721851,721702,0,721702,30100,150,4983.39,false
145767400,721851,721702,0,721702,145797500,722001,721852,0,721852,30100,150,4983.39,false
145797500,722001,721852,0,721852,145827600,722151,722002,0,722002,30100,150,4983.39,false
145827600,722151,722002,0,722002,145857700,722301,722152,0,722152,30100,150,4983.39,false
145857700,722301,722152,0,722152,145887800,722451,722302,0,722302,30100,150,4983.39,false
145887800,722451,722302,0,722302,145917900,722601,722452,0,722452,30100,150,4983.39,false
145917900,722601,722452,0,722452,145948000,722751,722602,0,722602,30100,150,4983.39,false
145948000,722751,722602,0,722602,145978100,722901,722752,0,722752,30100,150,4983.39,false
145978100,722901,722752,0,722752,146008200,723051,722902,0,722902,30100,150,4983.39,false
146008200,723051,722902,0,722902,146038300,723201,723052,0,723052,30100,150,4983.39,false
146038300,723201,723052,0,723052,146068400,723351,723202,0,723202,30100,150,4983.39,false
146068400,723351,723202,0,723202,146098500,723501,723352,0,723352,30100,150,4983.39,false
146098500,723501,723352,0,723352,146128600,723651,723502,0,723502,30100,150,4983.39,false
146128600,723651,723502,0,723502,146158700,723801,723652,0,723652,30100,150,4983.39,false
146158700,723801,723652,0,723652,146188800,723951,723802,0,723802,30100,150,4983.39,false
146188800,723951,723802,0,723802,146218900,724101,723952,0,723952,30100,150,4983.39,false
146218900,724101,723952,0,723952,146249000,724251,724102,0,724102,30100,150,4983.39,false
146249000,724251,724102,0,724102,146279100,724401,724252,0,724252,30100,150,4983.39,false
146279100,724401,724252,0,724252,146309200,724551,724402,0,724402,30100,150,4983.39,false
146309200,724551,724402,0,724402,146339300,724701,724552,0,724552,30100,150,4983.39,false
146339300,724701,724552,0,724552,146369400,724851,724702,0,724702,30100,150,4983.39,false
146369400,724851,724702,0,724702,146399500,725001,724852,0,724852,30100,150,4983.39,false
146399500,725001,724852,0,724852,146429600,725151,725002,0,725002,30100,150,4983.39,false
146429600,725151,725002,0,725002,146459700,725301,725152,0,725152,30100,150,4983.39,false
146459700,725301,725152,0,725152,146489800,725451,725302,0,725302,30100,150,4983.39,false
146489800,725451,725302,0,725302,146519900,725601,725452,0,725452,30100,150,4983.39,false
146519900,725601,725452,0,725452,146550000,725751,725602,0,725602,30100,150,4983.39,false
146550000,725751,725602,0,725602,146580100,725901,725752,0,725752,30100,150,4983.39,false
146580100,725901,725752,0,725752,146610200,726051,725902,0,725902,30100,150,4983.39,false
146610200,726051,725902,0,725902,146640300,726201,726052,0,726052,30100,150,4983.39,false
146640300,726201,726052,0,726052,146670400,726351,726202,0,726202,30100,150,4983.39,false
146670400,726351,726202,0,726202,146700500,726501,726352,0,726352,30100,150,4983.39,false
146700500,726501,726352,0,726352,146730600,726651,726502,0,726502,30100,150,4983.39,false
146730600,726651,726502,0,726502,146760700,726801,726652,0,726652,30100,150,4983.39,false
146760700,726801,726652,0,726652,146790800,726951,726802,0,726802,30100,150,4983.39,false
146790800,726951,726802,0,726802,146820900,727101,726952,0,726952,30100,150,4983.39,false
146820900,727101,726952,0,726952,146851000,727251,727102,0,727102,30100,150,4983.39,false
146851000,727251,727102,0,727102,146881100,727401,727252,0,727252,30100,150,4983.39,false
146881100,727401,727252,0,727252,146911200,727551,727402,0,727402,30100,150,4983.39,false
146911200,727551,727402,0,727402,146941300,727701,727552,0,727552,30100,150,4983.39,false
146941300,727701,727552,0,727552,146971400,727851,727702,0,727702,30100,150,4983.39,false
146971400,727851,727702,0,727702,147001500,728001,727852,0,727852,30100,150,4983.39,false
147001500,728001,727852,0,727852,147031600,728151,728002,0,728002,30100,150,4983.39,false
147031600,728151,728002,0,728002,147061700,728301,728152,0,728152,30100,150,4983.39,false
147061700,728301,728152,0,728152,147091800,728451,728302,0,728302,30100,150,4983.39,false
147091800,728451,728302,0,728302,147121900,728601,728452,0,728452,30100,150,4983.39,false
147121900,728601,728452,0,728452,147152000,728751,728602,0,728602,30100,150,4983.39,false
147152000,728751,728602,0,728602,147182100,728901,728752,0,728752,30100,150,4983.39,false
147182100,728901,728752,0,728752,147212200,729051,728902,0,728902,30100,150,4983.39,false
147212200,729051,728902,0,728902,147242300,729201,729052,0,729052,30100,150,4983.39,false
147242300,729201,729052,0,729052,147272400,729351,729202,0,729202,30100,150,4983.39,false
147272400,729351,729202,0,729202,147302500,729501,729352,0,729352,30100,150,4983.39,false
147302500,729501,729352,0,729352,147332600,729651,729502,0,729502,30100,150,4983.39,false
147332600,729651,729502,0,729502,147362700,729801,729652,0,729652,30100,150,4983.39,false
147362700,729801,729652,0,729652,147392800,729951,729802,0,729802,30100,150,4983.39,false
147392800,729951,729802,0,729802,147422900,730101,729952,0,729952,30100,150,4983.39,false
147422900,730101,729952,0,729952,147453000,730251,730102,0,730102,30100,150,4983.39,false
147453000,730251,730102,0,730102,147483100,730401,730252,0,730252,30100,150,4983.39,false
147483100,730401,730252,0,730252,147513200,730551,730402,0,730402,30100,150,4983.39,false
147513200,730551,730402,0,730402,147543300,730701,730552,0,730552,30100,150,4983.39,false
147543300,730701,730552,0,730552,147573400,730851,730702,0,730702,30100,150,4983.39,false
147573400,730851,730702,0,730702,147603500,731001,730852,0,730852,30100,150,4983.39,false
147603500,731001,730852,0,730852,147633600,731151,731002,0,731002,30100,150,4983.39,false
147633600,731151,731002,0,731002,147663700,731301,731152,0,731152,30100,150,4983.39,false
147663700,731301,731152,0,731152,147693800,731451,731302,0,731302,30100,150,4983.39,false
147693800,731451,731302,0,731302,147723900,731601,731452,0,731452,30100,150,4983.39,false
147723900,731601,731452,0,731452,147754000,731751,731602,0,731602,30100,150,4983.39,false
147754000,731751,731602,0,731602,147784100,731901,731752,0,731752,30100,150,4983.39,false
147784100,731901,731752,0,731752,147814200,732051,731902,0,731902,30100,150,4983.39,false
147814200,732051,731902,0,731902,147844300,732201,732052,0,732052,30100,150,4983.39,false
147844300,732201,732052,0,732052,147874400,732351,732202,0,732202,30100,150,4983.39,false
147874400,732351,732202,0,732202,147904500,732501,732352,0,732352,30100,150,4983.39,false
147904500,732501,732352,0,732352,147934600,732651,732502,0,732502,30100,150,4983.39,false
147934600,732651,732502,0,732502,147964700,732801,732652,0,732652,30100,150,4983.39,false
147964700,732801,732652,0,732652,147994800,732951,732802,0,732802,30100,150,4983.39,false
147994800,732951,732802,0,732802,148024900,733101,732952,0,732952,30100,150,4983.39,false
148024900,733101,732952,0,732952,148055000,733251,733102,0,733102,30100,150,4983.39,false
148055000,733251,733102,0,733102,148085100,733401,733252,0,733252,30100,150,4983.39,false
148085100,733401,733252,0,733252,148115200,733551,733402,0,733402,30100,150,4983.39,false
148115200,733551,733402,0,733402,148185700,733701,733552,0,733552,70500,150,2127.66,false
148185700,733701,733552,0,733552,148256200,733851,733702,0,733702,70500,150,2127.66,false
148256200,733851,733702,0,733702,148290400,734001,733852,0,733852,34200,150,4385.96,false
148290400,734001,733852,0,733852,148320500,734151,734002,0,734002,30100,150,4983.39,false
148320500,734151,734002,0,734002,148350600,734301,734152,0,734152,30100,150,4983.39,false
148350700,734302,734153,0,734153,148380800,734452,734303,0,734303,30100,150,4983.39,false
148380800,734452,734303,0,734303,148410900,734602,734453,0,734453,30100,150,4983.39,false
148410900,734602,734453,0,734453,148441000,734752,734603,0,734603,30100,150,4983.39,false
148441000,734752,734603,0,734603,148471100,734902,734753,0,734753,30100,150,4983.39,false
148471100,734902,734753,0,734753,148501200,735052,734903,0,734903,30100,150,4983.39,false
148501200,735052,734903,0,734903,148531300,735202,735053,0,735053,30100,150,4983.39,false
148531300,735202,735053,0,735053,148561400,735352,735203,0,735203,30100,150,4983.39,false
148561400,735352,735203,0,735203,148591500,735502,735353,0,735353,30100,150,4983.39,false
148591500,735502,735353,0,735353,148621600,735652,735503,0,735503,30100,150,4983.39,false
148621600,735652,735503,0,735503,148651700,735802,735653,0,735653,30100,150,4983.39,false
148651700,735802,735653,0,735653,148681800,735952,735803,0,735803,30100,150,4983.39,false
148681800,735952,735803,0,735803,148711900,736102,735953,0,735953,30100,150,4983.39,false
148711900,736102,735953,0,735953,148742000,736653,736103,0,736103,30100,150,4983.39,true
148742000,736653,736103,0,736103,148812200,737204,736654,0,736654,70200,551,7849.00,true
148812200,737204,736654,0,736654,148882400,737395,737205,0,737205,70200,551,7849.00,true
148882400,737395,737205,0,737205,148916600,737545,737396,0,737396,34200,191,5584.80,true
148916600,737545,737396,0,737396,148946700,737695,737546,0,737546,30100,150,4983.39,false
148946700,737695,737546,0,737546,148976800,737845,737696,0,737696,30100,150,4983.39,false
148976800,737845,737696,0,737696,149006900,737995,737846,0,737846,30100,150,4983.39,false
149006900,737995,737846,0,737846,149037000,738145,737996,0,737996,30100,150,4983.39,false
149037000,738145,737996,0,737996,149067100,738295,738146,0,738146,30100,150,4983.39,false
149067100,738295,738146,0,738146,149097200,738445,738296,0,738296,30100,150,4983.39,false
149097200,738445,738296,0,738296,149127300,738595,738446,0,738446,30100,150,4983.39,false
149127300,738595,738446,0,738446,149157400,738745,738596,0,738596,30100,150,4983.39,false
149157400,738745,738596,0,738596,149187500,738895,738746,0,738746,30100,150,4983.39,false
149187500,738895,738746,0,738746,149217600,739045,738896,0,738896,30100,150,4983.39,false
149217600,739045,738896,0,738896,149247700,739195,739046,0,739046,30100,150,4983.39,false
149247700,739195,739046,0,739046,149277800,739345,739196,0,739196,30100,150,4983.39,false
149277800,739345,739196,0,739196,149307900,739495,739346,0,739346,30100,150,4983.39,false
149307900,739495,739346,0,739346,149338000,739645,739496,0,739496,30100,150,4983.39,false
149338000,739645,739496,0,739496,149368100,739795,739646,0,739646,30100,150,4983.39,false
149368100,739795,739646,0,739646,149398200,739945,739796,0,739796,30100,150,4983.39,false
149398200,739945,739796,0,739796,149428300,740095,739946,0,739946,30100,150,4983.39,false
149428300,740095,739946,0,739946,149458400,740245,740096,0,740096,30100,150,4983.39,false
149458400,740245,740096,0,740096,149488500,740395,740246,0,740246,30100,150,4983.39,false
149488500,740395,740246,0,740246,149518600,740545,740396,0,740396,30100,150,4983.39,false
149518600,740545,740396,0,740396,149548700,740695,740546,0,740546,30100,150,4983.39,false
149548700,740695,740546,0,740546,149578800,740845,740696,0,740696,30100,150,4983.39,false
149578800,740845,740696,0,740696,149608900,740995,740846,0,740846,30100,150,4983.39,false
149608900,740995,740846,0,740846,149639000,741145,740996,0,740996,30100,150,4983.39,false
149639000,741145,740996,0,740996,149669100,741295,741146,0,741146,30100,150,4983.39,false
149669100,741295,741146,0,741146,149699200,741445,741296,0,741296,30100,150,4983.39,false
149699200,741445,741296,0,741296,149729300,741595,741446,0,741446,30100,150,4983.39,false
149729300,741595,741446,0,741446,149759400,741745,741596,0,741596,30100,150,4983.39,false
149759400,741745,741596,0,741596,149789500,741895,741746,0,741746,30100,150,4983.39,false
149789500,741895,741746,0,741746,149819600,742045,741896,0,741896,30100,150,4983.39,false
149819600,742045,741896,0,741896,149849700,742195,742046,0,742046,30100,150,4983.39,false
149849700,742195,742046,0,742046,149879800,742345,742196,0,742196,30100,150,4983.39,false
149879800,742345,742196,0,742196,149909900,742495,742346,0,742346,30100,150,4983.39,false
149909900,742495,742346,0,742346,149940000,742645,742496,0,742496,30100,150,4983.39,false
149940000,742645,742496,0,742496,149970100,742795,742646,0,742646,30100,150,4983.39,false
149970100,742795,742646,0,742646,150000200,742945,742796,0,742796,30100,150,4983.39,false
150000200,742945,742796,0,742796,150030300,743095,742946,0,742946,30100,150,4983.39,false
150030300,743095,742946,0,742946,150060400,743245,743096,0,743096,30100,150,4983.39,false
150060400,743245,743096,0,743096,150090500,743395,743246,0,743246,30100,150,4983.39,false
150090500,743395,743246,0,743246,150120600,743545,743396,0,743396,30100,150,4983.39,false
150120600,743545,743396,0,743396,150150700,743695,743546,0,743546,30100,150,4983.39,false
150150700,743695,743546,0,743546,150180800,743845,743696,0,743696,30100,150,4983.39,false
150180800,743845,743696,0,743696,150210900,743995,743846,0,743846,30100,150,4983.39,false
150210900,743995,743846,0,743846,150241000,744145,743996,0,743996,30100,150,4983.39,false
150241000,744145,743996,0,743996,150271100,744295,744146,0,744146,30100,150,4983.39,false
150271100,744295,744146,0,744146,150301200,744445,744296,0,744296,30100,150,4983.39,false
150301200,744445,744296,0,744296,150331300,744595,744446,0,744446,30100,150,4983.39,false
150331300,744595,744446,0,744446,150361400,744745,744596,0,744596,30100,150,4983.39,false
150361400,744745,744596,0,744596,150391500,744895,744746,0,744746,30100,150,4983.39,false
150391500,744895,744746,0,744746,150421600,745045,744896,0,744896,30100,150,4983.39,false
150421600,745045,744896,0,744896,150451700,745195,745046,0,745046,30100,150,4983.39,false
150451700,745195,745046,0,745046,150481800,745345,745196,0,745196,30100,150,4983.39,false
150481800,745345,745196,0,745196,150511900,745495,745346,0,745346,30100,150,4983.39,false
150511900,745495,745346,0,745346,150542000,745645,745496,0,745496,30100,150,4983.39,false
150542000,745645,745496,0,745496,150572100,745795,745646,0,745646,30100,150,4983.39,false
150572100,745795,745646,0,745646,150602200,745945,745796,0,745796,30100,150,4983.39,false
150602200,745945,745796,0,745796,150632300,746095,745946,0,745946,30100,150,4983.39,false
150632300,746095,745946,0,745946,150662400,746245,746096,0,746096,30100,150,4983.39,false
150662400,746245,746096,0,746096,150692500,746395,746246,0,746246,30100,150,4983.39,false
150692500,746395,746246,0,746246,150722600,746545,746396,0,746396,30100,150,4983.39,false
150722600,746545,746396,0,746396,150752700,746695,746546,0,746546,30100,150,4983.39,false
150752700,746695,746546,0,746546,150782800,746845,746696,0,746696,30100,150,4983.39,false
150782800,746845,746696,0,746696,150812900,746995,746846,0,746846,30100,150,4983.39,false
150812900,746995,746846,0,746846,150843000,747145,746996,0,746996,30100,150,4983.39,false
150843000,747145,746996,0,746996,150873100,747295,747146,0,747146,30100,150,4983.39,false
150873100,747295,747146,0,747146,150903200,747445,747296,0,747296,30100,150,4983.39,false
150903200,747445,747296,0,747296,150933300,747595,747446,0,747446,30100,150,4983.39,false
150933300,747595,747446,0,747446,150963400,747745,747596,0,747596,30100,150,4983.39,false
150963400,747745,747596,0,747596,150993500,747895,747746,0,747746,30100,150,4983.39,false
150993500,747895,747746,0,747746,151023600,748045,747896,0,747896,30100,150,4983.39,false
151023600,748045,747896,0,747896,151053700,748195,748046,0,748046,30100,150,4983.39,false
151053700,748195,748046,0,748046,151083800,748345,748196,0,748196,30100,150,4983.39,false
151083800,748345,748196,0,748196,151113900,748495,748346,0,748346,30100,150,4983.39,false
151113900,748495,748346,0,748346,151144000,748645,748496,0,748496,30100,150,4983.39,false
151144000,748645,748496,0,748496,151174100,748795,748646,0,748646,30100,150,4983.39,false
151174100,748795,748646,0,748646,151204200,748945,748796,0,748796,30100,150,4983.39,false
151204200,748945,748796,0,748796,151234300,749095,748946,0,748946,30100,150,4983.39,false
151234300,749095,748946,0,748946,151264400,749245,749096,0,749096,30100,150,4983.39,false
151264400,749245,749096,0,749096,151294500,749395,749246,0,749246,30100,150,4983.39,false
151294500,749395,749246,0,749246,151324600,749545,749396,0,749396,30100,150,4983.39,false
151324600,749545,749396,0,749396,151354700,749695,749546,0,749546,30100,150,4983.39,false
151354700,749695,749546,0,749546,151384800,749845,749696,0,749696,30100,150,4983.39,false
151384800,749845,749696,0,749696,151414900,749995,749846,0,749846,30100,150,4983.39,false
151414900,749995,749846,0,749846,151445000,750145,749996,0,749996,30100,150,4983.39,false
151445000,750145,749996,0,749996,151475100,750295,750146,0,750146,30100,150,4983.39,false
151475100,750295,750146,0,750146,151505200,750445,750296,0,750296,30100,150,4983.39,false
151505200,750445,750296,0,750296,151535300,750595,750446,0,750446,30100,150,4983.39,false
151535300,750595,750446,0,750446,151565400,750745,750596,0,750596,30100,150,4983.39,false
151565400,750745,750596,0,750596,151595500,750895,750746,0,750746,30100,150,4983.39,false
151595500,750895,750746,0,750746,151625600,751045,750896,0,750896,30100,150,4983.39,false
151625600,751045,750896,0,750896,151655700,751195,751046,0,751046,30100,150,4983.39,false
151655700,751195,751046,0,751046,151685800,751345,751196,0,751196,30100,150,4983.39,false
151685800,751345,751196,0,751196,151715900,751495,751346,0,751346,30100,150,4983.39,false
151715900,751495,751346,0,751346,151746000,751645,751496,0,751496,30100,150,4983.39,false
151746000,751645,751496,0,751496,151776100,751795,751646,0,751646,30100,150,4983.39,false
151776100,751795,751646,0,751646,151806200,751945,751796,0,751796,30100,150,4983.39,false
151806200,751945,751796,0,751796,151836300,752095,751946,0,751946,30100,150,4983.39,false
151836300,752095,751946,0,751946,151866400,752245,752096,0,752096,30100,150,4983.39,false
151866400,752245,752096,0,752096,151896500,752395,752246,0,752246,30100,150,4983.39,false
151896500,752395,752246,0,752246,151926600,752545,752396,0,752396,30100,150,4983.39,false
151926600,752545,752396,0,752396,151997100,752695,752546,0,752546,70500,150,2127.66,false
151997100,752695,752546,0,752546,152067600,752845,752696,0,752696,70500,150,2127.66,false
152067600,752845,752696,0,752696,152101800,752995,752846,0,752846,34200,150,4385.96,false
152101800,752995,752846,0,752846,152131900,753145,752996,0,752996,30100,150,4983.39,false
152131900,753145,752996,0,752996,152162000,753295,753146,0,753146,30100,150,4983.39,false
152162100,753296,753147,0,753147,152192200,753446,753297,0,753297,30100,150,4983.39,false
152192200,753446,753297,0,753297,152222300,753596,753447,0,753447,30100,150,4983.39,false
152222300,753596,753447,0,753447,152252400,753746,753597,0,753597,30100,150,4983.39,false
152252400,753746,753597,0,753597,152282500,753896,753747,0,753747,30100,150,4983.39,false
152282500,753896,753747,0,753747,152312600,754046,753897,0,753897,30100,150,4983.39,false
152312600,754046,753897,0,753897,152342700,754196,754047,0,754047,30100,150,4983.39,false
152342700,754196,754047,0,754047,152372800,754346,754197,0,754197,30100,150,4983.39,false
152372800,754346,754197,0,754197,152402900,754496,754347,0,754347,30100,150,4983.39,false
152402900,754496,754347,0,754347,152433000,754646,754497,0,754497,30100,150,4983.39,false
152433000,754646,754497,0,754497,152463100,754796,754647,0,754647,30100,150,4983.39,false
152463100,754796,754647,0,754647,152493200,754946,754797,0,754797,30100,150,4983.39,false
152493200,754946,754797,0,754797,152523300,755096,754947,0,754947,30100,150,4983.39,false
152523300,755096,754947,0,754947,152553400,755647,755097,0,755097,30100,150,4983.39,true
152553400,755647,755097,0,755097,152623600,756198,755648,0,755648,70200,551,7849.00,true
152623600,756198,755648,0,755648,152693800,756389,756199,0,756199,70200,551,7849.00,true
152693800,756389,756199,0,756199,152728000,756539,756390,0,756390,34200,191,5584.80,true
152728000,756539,756390,0,756390,152758100,756689,756540,0,756540,30100,150,4983.39,false
152758100,756689,756540,0,756540,152788200,756839,756690,0,756690,30100,150,4983.39,false
152788200,756839,756690,0,756690,152818300,756989,756840,0,756840,30100,150,4983.39,false
152818300,756989,756840,0,756840,152848400,757139,756990,0,756990,30100,150,4983.39,false
152848400,757139,756990,0,756990,152878500,757289,757140,0,757140,30100,150,4983.39,false
152878500,757289,757140,0,757140,152908600,757439,757290,0,757290,30100,150,4983.39,false
152908600,757439,757290,0,757290,152938700,757589,757440,0,757440,30100,150,4983.39,false
152938700,757589,757440,0,757440,152968800,757739,757590,0,757590,30100,150,4983.39,false
152968800,757739,757590,0,757590,152998900,757889,757740,0,757740,30100,150,4983.39,false
152998900,757889,757740,0,757740,153029000,758039,757890,0,757890,30100,150,4983.39,false
153029000,758039,757890,0,757890,153059100,758189,758040,0,758040,30100,150,4983.39,false
153059100,758189,758040,0,758040,153089200,758339,758190,0,758190,30100,150,4983.39,false
153089200,758339,758190,0,758190,153119300,758489,758340,0,758340,30100,150,4983.39,false
153119300,758489,758340,0,758340,153149400,758639,758490,0,758490,30100,150,4983.39,false
153149400,758639,758490,0,758490,153179500,758789,758640,0,758640,30100,150,4983.39,false
153179500,758789,758640,0,758640,153209600,758939,758790,0,758790,30100,150,4983.39,false
153209600,758939,758790,0,758790,153239700,759089,758940,0,758940,30100,150,4983.39,false
153239700,759089,758940,0,758940,153269800,759239,759090,0,759090,30100,150,4983.39,false
153269800,759239,759090,0,759090,153299900,759389,759240,0,759240,30100,150,4983.39,false
153299900,759389,759240,0,759240,153330000,759539,759390,0,759390,30100,150,4983.39,false
153330000,759539,759390,0,759390,153360100,759689,759540,0,759540,30100,150,4983.39,false
153360100,759689,759540,0,759540,153390200,759839,759690,0,759690,30100,150,4983.39,false
153390200,759839,759690,0,759690,153420300,759989,759840,0,759840,30100,150,4983.39,false
153420300,759989,759840,0,759840,153450400,760139,759990,0,759990,30100,150,4983.39,false
153450400,760139,759990,0,759990,153480500,760289,760140,0,760140,30100,150,4983.39,false
153480500,760289,760140,0,760140,153510600,760439,760290,0,760290,30100,150,4983.39,false
153510600,760439,760290,0,760290,153540700,760589,760440,0,760440,30100,150,4983.39,false
153540700,760589,760440,0,760440,153570800,760739,760590,0,760590,30100,150,4983.39,false
153570800,760739,760590,0,760590,153600900,760889,760740,0,760740,30100,150,4983.39,false
153600900,760889,760740,0,760740,153631000,761039,760890,0,760890,30100,150,4983.39,false
153631000,761039,760890,0,760890,153661100,761189,761040,0,761040,30100,150,4983.39,false
153661100,761189,761040,0,761040,153691200,761339,761190,0,761190,30100,150,4983.39,false
153691200,761339,761190,0,761190,153721300,761489,761340,0,761340,30100,150,4983.39,false
153721300,761489,761340,0,761340,153751400,761639,761490,0,761490,30100,150,4983.39,false
153751400,761639,761490,0,761490,153781500,761789,761640,0,761640,30100,150,4983.39,false
153781500,761789,761640,0,761640,153811600,761939,761790,0,761790,30100,150,4983.39,false
153811600,761939,761790,0,761790,153841700,762089,761940,0,761940,30100,150,4983.39,false
153841700,762089,761940,0,761940,153871800,762239,762090,0,762090,30100,150,4983.39,false
153871800,762239,762090,0,762090,153901900,762389,762240,0,762240,30100,150,4983.39,false
153901900,762389,762240,0,762240,153932000,762539,762390,0,762390,30100,150,4983.39,false
153932000,762539,762390,0,762390,153962100,762689,762540,0,762540,30100,150,4983.39,false
153962100,762689,762540,0,762540,153992200,762839,762690,0,762690,30100,150,4983.39,false
153992200,762839,762690,0,762690,154022300,762989,762840,0,762840,30100,150,4983.39,false
154022300,762989,762840,0,762840,154052400,763139,762990,0,762990,30100,150,4983.39,false
154052400,763139,762990,0,762990,154082500,763289,763140,0,763140,30100,150,4983.39,false
154082500,763289,763140,0,763140,154112600,763439,763290,0,763290,30100,150,4983.39,false
154112600,763439,763290,0,763290,154142700,763589,763440,0,763440,30100,150,4983.39,false
154142700,763589,763440,0,763440,154172800,763739,763590,0,763590,30100,150,4983.39,false
154172800,763739,763590,0,763590,154202900,763889,763740,0,763740,30100,150,4983.39,false
154202900,763889,763740,0,763740,154233000,764039,763890,0,763890,30100,150,4983.39,false
154233000,764039,763890,0,763890,154263100,764189,764040,0,764040,30100,150,4983.39,false
154263100,764189,764040,0,764040,154293200,764339,764190,0,764190,30100,150,4983.39,false
154293200,764339,764190,0,764190,154323300,764489,764340,0,764340,30100,150,4983.39,false
154323300,764489,764340,0,764340,154353400,764639,764490,0,764490,30100,150,4983.39,false
154353400,764639,764490,0,764490,154383500,764789,764640,0,764640,30100,150,4983.39,false
154383500,764789,764640,0,764640,154413600,764939,764790,0,764790,30100,150,4983.39,false
154413600,764939,764790,0,764790,154443700,765089,764940,0,764940,30100,150,4983.39,false
154443700,765089,764940,0,764940,154473800,765239,765090,0,765090,30100,150,4983.39,false
154473800,765239,765090,0,765090,154503900,765389,765240,0,765240,30100,150,4983.39,false
154503900,765389,765240,0,765240,154534000,765539,765390,0,765390,30100,150,4983.39,false
154534000,765539,765390,0,765390,154564100,765689,765540,0,765540,30100,150,4983.39,false
154564100,765689,765540,0,765540,154594200,765839,765690,0,765690,30100,150,4983.39,false
154594200,765839,765690,0,765690,154624300,765989,765840,0,765840,30100,150,4983.39,false
154624300,765989,765840,0,765840,154654400,766139,765990,0,765990,30100,150,4983.39,false
154654400,766139,765990,0,765990,154684500,766289,766140,0,766140,30100,150,4983.39,false
154684500,766289,766140,0,766140,154714600,766439,766290,0,766290,30100,150,4983.39,false
154714600,766439,766290,0,766290,154744700,766589,766440,0,766440,30100,150,4983.39,false
154744700,766589,766440,0,766440,154774800,766739,766590,0,766590,30100,150,4983.39,false
154774800,766739,766590,0,766590,154804900,766889,766740,0,766740,30100,150,4983.39,false
154804900,766889,766740,0,766740,154835000,767039,766890,0,766890,30100,150,4983.39,false
154835000,767039,766890,0,766890,154865100,767189,767040,0,767040,30100,150,4983.39,false
154865100,767189,767040,0,767040,154895200,767339,767190,0,767190,30100,150,4983.39,false
154895200,767339,767190,0,767190,154925300,767489,767340,0,767340,30100,150,4983.39,false
154925300,767489,767340,0,767340,154955400,767639,767490,0,767490,30100,150,4983.39,false
154955400,767639,767490,0,767490,154985500,767789,767640,0,767640,30100,150,4983.39,false
154985500,767789,767640,0,767640,155015600,767939,767790,0,767790,30100,150,4983.39,false
155015600,767939,767790,0,767790,155045700,768089,767940,0,767940,30100,150,4983.39,false
155045700,768089,767940,0,767940,155075800,768239,768090,0,768090,30100,150,4983.39,false
155075800,768239,768090,0,768090,155105900,768389,768240,0,768240,30100,150,4983.39,false
155105900,768389,768240,0,768240,155136000,768539,768390,0,768390,30100,150,4983.39,false
155136000,768539,768390,0,768390,155166100,768689,768540,0,768540,30100,150,4983.39,false
155166100,768689,768540,0,768540,155196200,768839,768690,0,768690,30100,150,4983.39,false
155196200,768839,768690,0,768690,155226300,768989,768840,0,768840,30100,150,4983.39,false
155226300,768989,768840,0,768840,155256400,769139,768990,0,768990,30100,150,4983.39,false
155256400,769139,768990,0,768990,155286500,769289,769140,0,769140,30100,150,4983.39,false
155286500,769289,769140,0,769140,155316600,769439,769290,0,769290,30100,150,4983.39,false
155316600,769439,769290,0,769290,155346700,769589,769440,0,769440,30100,150,4983.39,false
155346700,769589,769440,0,769440,155376800,769739,769590,0,769590,30100,150,4983.39,false
155376800,769739,769590,0,769590,155406900,769889,769740,0,769740,30100,150,4983.39,false
155406900,769889,769740,0,769740,155437000,770039,769890,0,769890,30100,150,4983.39,false
155437000,770039,769890,0,769890,155467100,770189,770040,0,770040,30100,150,4983.39,false
155467100,770189,770040,0,770040,155497200,770339,770190,0,770190,30100,150,4983.39,false
155497200,770339,770190,0,770190,155527300,770489,770340,0,770340,30100,150,4983.39,false
155527300,770489,770340,0,770340,155557400,770639,770490,0,770490,30100,150,4983.39,false
155557400,770639,770490,0,770490,155587500,770789,770640,0,770640,30100,150,4983.39,false
155587500,770789,770640,0,770640,155617600,770939,770790,0,770790,30100,150,4983.39,false
155617600,770939,770790,0,770790,155647700,771089,770940,0,770940,30100,150,4983.39,false
155647700,771089,770940,0,770940,155677800,771239,771090,0,771090,30100,150,4983.39,false
155677800,771239,771090,0,771090,155707900,771389,771240,0,771240,30100,150,4983.39,false
155707900,771389,771240,0,771240,155738000,771539,771390,0,771390,30100,150,4983.39,false
155738000,771539,771390,0,771390,155808500,771689,771540,0,771540,70500,150,2127.66,false
155808500,771689,771540,0,771540,155879000,771839,771690,0,771690,70500,150,2127.66,false
155879000,771839,771690,0,771690,155913200,771989,771840,0,771840,34200,150,4385.96,false
155913200,771989,771840,0,771840,155943300,772139,771990,0,771990,30100,150,4983.39,false
155943300,772139,771990,0,771990,155973400,772289,772140,0,772140,30100,150,4983.39,false
155973500,772290,772141,0,772141,156003600,772440,772291,0,772291,30100,150,4983.39,false
156003600,772440,772291,0,772291,156033700,772590,772441,0,772441,30100,150,4983.39,false
156033700,772590,772441,0,772441,156063800,772740,772591,0,772591,30100,150,4983.39,false
156063800,772740,772591,0,772591,156093900,772890,772741,0,772741,30100,150,4983.39,false
156093900,772890,772741,0,772741,156124000,773040,772891,0,772891,30100,150,4983.39,false
156124000,773040,772891,0,772891,156154100,773190,773041,0,773041,30100,150,4983.39,false
156154100,773190,773041,0,773041,156184200,773340,773191,0,773191,30100,150,4983.39,false
156184200,773340,773191,0,773191,156214300,773490,773341,0,773341,30100,150,4983.39,false
156214300,773490,773341,0,773341,156244400,773640,773491,0,773491,30100,150,4983.39,false
156244400,773640,773491,0,773491,156274500,773790,773641,0,773641,30100,150,4983.39,false
156274500,773790,773641,0,773641,156304600,773940,773791,0,773791,30100,150,4983.39,false
156304600,773940,773791,0,773791,156334700,774090,773941,0,773941,30100,150,4983.39,false
156334700,774090,773941,0,773941,156364800,774641,774091,0,774091,30100,150,4983.39,true
156364800,774641,774091,0,774091,156435000,775192,774642,0,774642,70200,551,7849.00,true
156435000,775192,774642,0,774642,156505200,775383,775193,0,775193,70200,551,7849.00,true
156505200,775383,775193,0,775193,156539400,775533,775384,0,775384,34200,191,5584.80,true
156539400,775533,775384,0,775384,156569500,775683,775534,0,775534,30100,150,4983.39,false
156569500,775683,775534,0,775534,156599600,775833,775684,0,775684,30100,150,4983.39,false
156599600,775833,775684,0,775684,156629700,775983,775834,0,775834,30100,150,4983.39,false
156629700,775983,775834,0,775834,156659800,776133,775984,0,775984,30100,150,4983.39,false
156659800,776133,775984,0,775984,156689900,776283,776134,0,776134,30100,150,4983.39,false
156689900,776283,776134,0,776134,156720000,776433,776284,0,776284,30100,150,4983.39,false
156720000,776433,776284,0,776284,156750100,776583,776434,0,776434,30100,150,4983.39,false
156750100,776583,776434,0,776434,156780200,776733,776584,0,776584,30100,150,4983.39,false
156780200,776733,776584,0,776584,156810300,776883,776734,0,776734,30100,150,4983.39,false
156810300,776883,776734,0,776734,156840400,777033,776884,0,776884,30100,150,4983.39,false
156840400,777033,776884,0,776884,156870500,777183,777034,0,777034,30100,150,4983.39,false
156870500,777183,777034,0,777034,156900600,777333,777184,0,777184,30100,150,4983.39,false
156900600,777333,777184,0,777184,156930700,777483,777334,0,777334,30100,150,4983.39,false
156930700,777483,777334,0,777334,156960800,777633,777484,0,777484,30100,150,4983.39,false
156960800,777633,777484,0,777484,156990900,777783,777634,0,777634,30100,150,4983.39,false
156990900,777783,777634,0,777634,157021000,777933,777784,0,777784,30100,150,4983.39,false
157021000,777933,777784,0,777784,157051100,778083,777934,0,777934,30100,150,4983.39,false
157051100,778083,777934,0,777934,157081200,778233,778084,0,778084,30100,150,4983.39,false
157081200,778233,778084,0,778084,157111300,778383,778234,0,778234,30100,150,4983.39,false
157111300,778383,778234,0,778234,157141400,778533,778384,0,778384,30100,150,4983.39,false
157141400,778533,778384,0,778384,157171500,778683,778534,0,778534,30100,150,4983.39,false
157171500,778683,778534,0,778534,157201600,778833,778684,0,778684,30100,150,4983.39,false
157201600,778833,778684,0,778684,157231700,778983,778834,0,778834,30100,150,4983.39,false
157231700,778983,778834,0,778834,157261800,779133,778984,0,778984,30100,150,4983.39,false
157261800,779133,778984,0,778984,157291900,779283,779134,0,779134,30100,150,4983.39,false
157291900,779283,779134,0,779134,157322000,779433,779284,0,779284,30100,150,4983.39,false
157322000,779433,779284,0,779284,157352100,779583,779434,0,779434,30100,150,4983.39,false
157352100,779583,779434,0,779434,157382200,779733,779584,0,779584,30100,150,4983.39,false
157382200,779733,779584,0,779584,157412300,779883,779734,0,779734,30100,150,4983.39,false
157412300,779883,779734,0,779734,157442400,780033,779884,0,779884,30100,150,4983.39,false
157442400,780033,779884,0,779884,157472500,780183,780034,0,780034,30100,150,4983.39,false
157472500,780183,780034,0,780034,157502600,780333,780184,0,780184,30100,150,4983.39,false
157502600,780333,780184,0,780184,157532700,780483,780334,0,780334,30100,150,4983.39,false
157532700,780483,780334,0,780334,157562800,780633,780484,0,780484,30100,150,4983.39,false
157562800,780633,780484,0,780484,157592900,780783,780634,0,780634,30100,150,4983.39,false
157592900,780783,780634,0,780634,157623000,780933,780784,0,780784,30100,150,4983.39,false
157623000,780933,780784,0,780784,157653100,781083,780934,0,780934,30100,150,4983.39,false
157653100,781083,780934,0,780934,157683200,781233,781084,0,781084,30100,150,4983.39,false
157683200,781233,781084,0,781084,157713300,781383,781234,0,781234,30100,150,4983.39,false
157713300,781383,781234,0,781234,157743400,781533,781384,0,781384,30100,150,4983.39,false
157743400,781533,781384,0,781384,157773500,781683,781534,0,781534,30100,150,4983.39,false
157773500,781683,781534,0,781534,157803600,781833,781684,0,781684,30100,150,4983.39,false
157803600,781833,781684,0,781684,157833700,781983,781834,0,781834,30100,150,4983.39,false
157833700,781983,781834,0,781834,157863800,782133,781984,0,781984,30100,150,4983.39,false
157863800,782133,781984,0,781984,157893900,782283,782134,0,782134,30100,150,4983.39,false
157893900,782283,782134,0,782134,157924000,782433,782284,0,782284,30100,150,4983.39,false
157924000,782433,782284,0,782284,157954100,782583,782434,0,782434,30100,150,4983.39,false
157954100,782583,782434,0,782434,157984200,782733,782584,0,782584,30100,150,4983.39,false
157984200,782733,782584,0,782584,158014300,782883,782734,0,782734,30100,150,4983.39,false
158014300,782883,782734,0,782734,158044400,783033,782884,0,782884,30100,150,4983.39,false
158044400,783033,782884,0,782884,158074500,783183,783034,0,783034,30100,150,4983.39,false
158074500,783183,783034,0,783034,158104600,783333,783184,0,783184,30100,150,4983.39,false
158104600,783333,783184,0,783184,158134700,783483,783334,0,783334,30100,150,4983.39,false
158134700,783483,783334,0,783334,158164800,783633,783484,0,783484,30100,150,4983.39,false
158164800,783633,783484,0,783484,158194900,783783,783634,0,783634,30100,150,4983.39,false
158194900,783783,783634,0,783634,158225000,783933,783784,0,783784,30100,150,4983.39,false
158225000,783933,783784,0,783784,158255100,784083,783934,0,783934,30100,150,4983.39,false
158255100,784083,783934,0,783934,158285200,784233,784084,0,784084,30100,150,4983.39,false
158285200,784233,784084,0,784084,158315300,784383,784234,0,784234,30100,150,4983.39,false
158315300,784383,784234,0,784234,158345400,784533,784384,0,784384,30100,150,4983.39,false
158345400,784533,784384,0,784384,158375500,784683,784534,0,784534,30100,150,4983.39,false
158375500,784683,784534,0,784534,158405600,784833,784684,0,784684,30100,150,4983.39,false
158405600,784833,784684,0,784684,158435700,784983,784834,0,784834,30100,150,4983.39,false
158435700,784983,784834,0,784834,158465800,785133,784984,0,784984,30100,150,4983.39,false
158465800,785133,784984,0,784984,158495900,785283,785134,0,785134,30100,150,4983.39,false
158495900,785283,785134,0,785134,158526000,785433,785284,0,785284,30100,150,4983.39,false
158526000,785433,785284,0,785284,158556100,785583,785434,0,785434,30100,150,4983.39,false
158556100,785583,785434,0,785434,158586200,785733,785584,0,785584,30100,150,4983.39,false
158586200,785733,785584,0,785584,158616300,785883,785734,0,785734,30100,150,4983.39,false
158616300,785883,785734,0,785734,158646400,786033,785884,0,785884,30100,150,4983.39,false
158646400,786033,785884,0,785884,158676500,786183,786034,0,786034,30100,150,4983.39,false
158676500,786183,786034,0,786034,158706600,786333,786184,0,786184,30100,150,4983.39,false
158706600,786333,786184,0,786184,158736700,786483,786334,0,786334,30100,150,4983.39,false
158736700,786483,786334,0,786334,158766800,786633,786484,0,786484,30100,150,4983.39,false
158766800,786633,786484,0,786484,158796900,786783,786634,0,786634,30100,150,4983.39,false
158796900,786783,786634,0,786634,158827000,786933,786784,0,786784,30100,150,4983.39,false
158827000,786933,786784,0,786784,158857100,787083,786934,0,786934,30100,150,4983.39,false
158857100,787083,786934,0,786934,158887200,787233,787084,0,787084,30100,150,4983.39,false
158887200,787233,787084,0,787084,158917300,787383,787234,0,787234,30100,150,4983.39,false
158917300,787383,787234,0,787234,158947400,787533,787384,0,787384,30100,150,4983.39,false
158947400,787533,787384,0,787384,158977500,787683,787534,0,787534,30100,150,4983.39,false
158977500,787683,787534,0,787534,159007600,787833,787684,0,787684,30100,150,4983.39,false
159007600,787833,787684,0,787684,159037700,787983,787834,0,787834,30100,150,4983.39,false
159037700,787983,787834,0,787834,159067800,788133,787984,0,787984,30100,150,4983.39,false
159067800,788133,787984,0,787984,159097900,788283,788134,0,788134,30100,150,4983.39,false
159097900,788283,788134,0,788134,159128000,788433,788284,0,788284,30100,150,4983.39,false
159128000,788433,788284,0,788284,159158100,788583,788434,0,788434,30100,150,4983.39,false
159158100,788583,788434,0,788434,159188200,788733,788584,0,788584,30100,150,4983.39,false
159188200,788733,788584,0,788584,159218300,788883,788734,0,788734,30100,150,4983.39,false
159218300,788883,788734,0,788734,159248400,789033,788884,0,788884,30100,150,4983.39,false
159248400,789033,788884,0,788884,159278500,789183,789034,0,789034,30100,150,4983.39,false
159278500,789183,789034,0,789034,159308600,789333,789184,0,789184,30100,150,4983.39,false
159308600,789333,789184,0,789184,159338700,789483,789334,0,789334,30100,150,4983.39,false
159338700,789483,789334,0,789334,159368800,789633,789484,0,789484,30100,150,4983.39,false
159368800,789633,789484,0,789484,159398900,789783,789634,0,789634,30100,150,4983.39,false
159398900,789783,789634,0,789634,159429000,789933,789784,0,789784,30100,150,4983.39,false
159429000,789933,789784,0,789784,159459100,790083,789934,0,789934,30100,150,4983.39,false
159459100,790083,789934,0,789934,159489200,790233,790084,0,790084,30100,150,4983.39,false
159489200,790233,790084,0,790084,159519300,790383,790234,0,790234,30100,150,4983.39,false
159519300,790383,790234,0,790234,159549400,790533,790384,0,790384,30100,150,4983.39,false
159549400,790533,790384,0,790384,159619900,790683,790534,0,790534,70500,150,2127.66,false
159619900,790683,790534,0,790534,159690400,790833,790684,0,790684,70500,150,2127.66,false
159690400,790833,790684,0,790684,159724600,790983,790834,0,790834,34200,150,4385.96,false
159724600,790983,790834,0,790834,159754700,791133,790984,0,790984,30100,150,4983.39,false
159754700,791133,790984,0,790984,159784800,791283,791134,0,791134,30100,150,4983.39,false
159784900,791284,791135,0,791135,159815000,791434,791285,0,791285,30100,150,4983.39,false
159815000,791434,791285,0,791285,159845100,791584,791435,0,791435,30100,150,4983.39,false
159845100,791584,791435,0,791435,159875200,791734,791585,0,791585,30100,150,4983.39,false
159875200,791734,791585,0,791585,159905300,791884,791735,0,791735,30100,150,4983.39,false
159905300,791884,791735,0,791735,159935400,792034,791885,0,791885,30100,150,4983.39,false
159935400,792034,791885,0,791885,159965500,792184,792035,0,792035,30100,150,4983.39,false
159965500,792184,792035,0,792035,159995600,792334,792185,0,792185,30100,150,4983.39,false
159995600,792334,792185,0,792185,160025700,792484,792335,0,792335,30100,150,4983.39,false
160025700,792484,792335,0,792335,160055800,792634,792485,0,792485,30100,150,4983.39,false
160055800,792634,792485,0,792485,160085900,792784,792635,0,792635,30100,150,4983.39,false
160085900,792784,792635,0,792635,160116000,792934,792785,0,792785,30100,150,4983.39,false
160116000,792934,792785,0,792785,160146100,793084,792935,0,792935,30100,150,4983.39,false
160146100,793084,792935,0,792935,160176200,793635,793085,0,793085,30100,150,4983.39,true
160176200,793635,793085,0,793085,160246400,794186,793636,0,793636,70200,551,7849.00,true
160246400,794186,793636,0,793636,160316600,794377,794187,0,794187,70200,551,7849.00,true
160316600,794377,794187,0,794187,160350800,794527,794378,0,794378,34200,191,5584.80,true
160350800,794527,794378,0,794378,160380900,794677,794528,0,794528,30100,150,4983.39,false
160380900,794677,794528,0,794528,160411000,794827,794678,0,794678,30100,150,4983.39,false
160411000,794827,794678,0,794678,160441100,794977,794828,0,794828,30100,150,4983.39,false
160441100,794977,794828,0,794828,160471200,795127,794978,0,794978,30100,150,4983.39,false
160471200,795127,794978,0,794978,160501300,795277,795128,0,795128,30100,150,4983.39,false
160501300,795277,795128,0,795128,160531400,795427,795278,0,795278,30100,150,4983.39,false
160531400,795427,795278,0,795278,160561500,795577,795428,0,795428,30100,150,4983.39,false
160561500,795577,795428,0,795428,160591600,795727,795578,0,795578,30100,150,4983.39,false
160591600,795727,795578,0,795578,160621700,795877,795728,0,795728,30100,150,4983.39,false
160621700,795877,795728,0,795728,160651800,796027,795878,0,795878,30100,150,4983.39,false
160651800,796027,795878,0,795878,160681900,796177,796028,0,796028,30100,150,4983.39,false
160681900,796177,796028,0,796028,160712000,796327,796178,0,796178,30100,150,4983.39,false
160712000,796327,796178,0,796178,160742100,796477,796328,0,796328,30100,150,4983.39,false
160742100,796477,796328,0,796328,160772200,796627,796478,0,796478,30100,150,4983.39,false
160772200,796627,796478,0,796478,160802300,796777,796628,0,796628,30100,150,4983.39,false
160802300,796777,796628,0,796628,160832400,796927,796778,0,796778,30100,150,4983.39,false
160832400,796927,796778,0,796778,160862500,797077,796928,0,796928,30100,150,4983.39,false
160862500,797077,796928,0,796928,160892600,797227,797078,0,797078,30100,150,4983.39,false
160892600,797227,797078,0,797078,160922700,797377,797228,0,797228,30100,150,4983.39,false
160922700,797377,797228,0,797228,160952800,797527,797378,0,797378,30100,150,4983.39,false
160952800,797527,797378,0,797378,160982900,797677,797528,0,797528,30100,150,4983.39,false
160982900,797677,797528,0,797528,161013000,797827,797678,0,797678,30100,150,4983.39,false
161013000,797827,797678,0,797678,161043100,797977,797828,0,797828,30100,150,4983.39,false
161043100,797977,797828,0,797828,161073200,798127,797978,0,797978,30100,150,4983.39,false
161073200,798127,797978,0,797978,161103300,798277,798128,0,798128,30100,150,4983.39,false
161103300,798277,798128,0,798128,161133400,798427,798278,0,798278,30100,150,4983.39,false
161133400,798427,798278,0,798278,161163500,798577,798428,0,798428,30100,150,4983.39,false
161163500,798577,798428,0,798428,161193600,798727,798578,0,798578,30100,150,4983.39,false
161193600,798727,798578,0,798578,161223700,798877,798728,0,798728,30100,150,4983.39,false
161223700,798877,798728,0,798728,161253800,799027,798878,0,798878,30100,150,4983.39,false
161253800,799027,798878,0,798878,161283900,799177,799028,0,799028,30100,150,4983.39,false
161283900,799177,799028,0,799028,161314000,799327,799178,0,799178,30100,150,4983.39,false
161314000,799327,799178,0,799178,161344100,799477,799328,0,799328,30100,150,4983.39,false
161344100,799477,799328,0,799328,161374200,799627,799478,0,799478,30100,150,4983.39,false
161374200,799627,799478,0,799478,161404300,799777,799628,0,799628,30100,150,4983.39,false
161404300,799777,799628,0,799628,161434400,799927,799778,0,799778,30100,150,4983.39,false
161434400,799927,799778,0,799778,161464500,800077,799928,0,799928,30100,150,4983.39,false
161464500,800077,799928,0,799928,161494600,800227,800078,0,800078,30100,150,4983.39,false
161494600,800227,800078,0,800078,161524700,800377,800228,0,800228,30100,150,4983.39,false
161524700,800377,800228,0,800228,161554800,800527,800378,0,800378,30100,150,4983.39,false
161554800,800527,800378,0,800378,161584900,800677,800528,0,800528,30100,150,4983.39,false
161584900,800677,800528,0,800528,161615000,800827,800678,0,800678,30100,150,4983.39,false
161615000,800827,800678,0,800678,161645100,800977,800828,0,800828,30100,150,4983.39,false
161645100,800977,800828,0,800828,161675200,801127,800978,0,800978,30100,150,4983.39,false
161675200,801127,800978,0,800978,161705300,801277,801128,0,801128,30100,150,4983.39,false
161705300,801277,801128,0,801128,161735400,801427,801278,0,801278,30100,150,4983.39,false
161735400,801427,801278,0,801278,161765500,801577,801428,0,801428,30100,150,4983.39,false
161765500,801577,801428,0,801428,161795600,801727,801578,0,801578,30100,150,4983.39,false
161795600,801727,801578,0,801578,161825700,801877,801728,0,801728,30100,150,4983.39,false
161825700,801877,801728,0,801728,161855800,802027,801878,0,801878,30100,150,4983.39,false
161855800,802027,801878,0,801878,161885900,802177,802028,0,802028,30100,150,4983.39,false
161885900,802177,802028,0,802028,161916000,802327,802178,0,802178,30100,150,4983.39,false
161916000,802327,802178,0,802178,161946100,802477,802328,0,802328,30100,150,4983.39,false
161946100,802477,802328,0,802328,161976200,802627,802478,0,802478,30100,150,4983.39,false
161976200,802627,802478,0,802478,162006300,802777,802628,0,802628,30100,150,4983.39,false
162006300,802777,802628,0,802628,162036400,802927,802778,0,802778,30100,150,4983.39,false
162036400,802927,802778,0,802778,162066500,803077,802928,0,802928,30100,150,4983.39,false
162066500,803077,802928,0,802928,162096600,803227,803078,0,803078,30100,150,4983.39,false
162096600,803227,803078,0,803078,162126700,803377,803228,0,803228,30100,150,4983.39,false
162126700,803377,803228,0,803228,162156800,803527,803378,0,803378,30100,150,4983.39,false
162156800,803527,803378,0,803378,162186900,803677,803528,0,803528,30100,150,4983.39,false
162186900,803677,803528,0,803528,162217000,803827,803678,0,803678,30100,150,4983.39,false
162217000,803827,803678,0,803678,162247100,803977,803828,0,803828,30100,150,4983.39,false
162247100,803977,803828,0,803828,162277200,804127,803978,0,803978,30100,150,4983.39,false
162277200,804127,803978,0,803978,162307300,804277,804128,0,804128,30100,150,4983.39,false
162307300,804277,804128,0,804128,162337400,804427,804278,0,804278,30100,150,4983.39,false
162337400,804427,804278,0,804278,162367500,804577,804428,0,804428,30100,150,4983.39,false
162367500,804577,804428,0,804428,162397600,804727,804578,0,804578,30100,150,4983.39,false
162397600,804727,804578,0,804578,162427700,804877,804728,0,804728,30100,150,4983.39,false
162427700,804877,804728,0,804728,162457800,805027,804878,0,804878,30100,150,4983.39,false
162457800,805027,804878,0,804878,162487900,805177,805028,0,805028,30100,150,4983.39,false
162487900,805177,805028,0,805028,162518000,805327,805178,0,805178,30100,150,4983.39,false
162518000,805327,805178,0,805178,162548100,805477,805328,0,805328,30100,150,4983.39,false
162548100,805477,805328,0,805328,162578200,805627,805478,0,805478,30100,150,4983.39,false
162578200,805627,805478,0,805478,162608300,805777,805628,0,805628,30100,150,4983.39,false
162608300,805777,805628,0,805628,162638400,805927,805778,0,805778,30100,150,4983.39,false
162638400,805927,805778,0,805778,162668500,806077,805928,0,805928,30100,150,4983.39,false
162668500,806077,805928,0,805928,162698600,806227,806078,0,806078,30100,150,4983.39,false
162698600,806227,806078,0,806078,162728700,806377,806228,0,806228,30100,150,4983.39,false
162728700,806377,806228,0,806228,162758800,806527,806378,0,806378,30100,150,4983.39,false
162758800,806527,806378,0,806378,162788900,806677,806528,0,806528,30100,150,4983.39,false
162788900,806677,806528,0,806528,162819000,806827,806678,0,806678,30100,150,4983.39,false
162819000,806827,806678,0,806678,162849100,806977,806828,0,806828,30100,150,4983.39,false
162849100,806977,806828,0,806828,162879200,807127,806978,0,806978,30100,150,4983.39,false
162879200,807127,806978,0,806978,162909300,807277,807128,0,807128,30100,150,4983.39,false
162909300,807277,807128,0,807128,162939400,807427,807278,0,807278,30100,150,4983.39,false
162939400,807427,807278,0,807278,162969500,807577,807428,0,807428,30100,150,4983.39,false
162969500,807577,807428,0,807428,162999600,807727,807578,0,807578,30100,150,4983.39,false
162999600,807727,807578,0,807578,163029700,807877,807728,0,807728,30100,150,4983.39,false
163029700,807877,807728,0,807728,163059800,808027,807878,0,807878,30100,150,4983.39,false
163059800,808027,807878,0,807878,163089900,808177,808028,0,808028,30100,150,4983.39,false
163089900,808177,808028,0,808028,163120000,808327,808178,0,808178,30100,150,4983.39,false
163120000,808327,808178,0,808178,163150100,808477,808328,0,808328,30100,150,4983.39,false
163150100,808477,808328,0,808328,163180200,808627,808478,0,808478,30100,150,4983.39,false
163180200,808627,808478,0,808478,163210300,808777,808628,0,808628,30100,150,4983.39,false
163210300,808777,808628,0,808628,163240400,808927,808778,0,808778,30100,150,4983.39,false
163240400,808927,808778,0,808778,163270500,809077,808928,0,808928,30100,150,4983.39,false
163270500,809077,808928,0,808928,163300600,809227,809078,0,809078,30100,150,4983.39,false
163300600,809227,809078,0,809078,163330700,809377,809228,0,809228,30100,150,4983.39,false
163330700,809377,809228,0,809228,163360800,809527,809378,0,809378,30100,150,4983.39,false
163360800,809527,809378,0,809378,163431300,809677,809528,0,809528,70500,150,2127.66,false
163431300,809677,809528,0,809528,163501800,809827,809678,0,809678,70500,150,2127.66,false
163501800,809827,809678,0,809678,163536000,809977,809828,0,809828,34200,150,4385.96,false
163536000,809977,809828,0,809828,163566100,810127,809978,0,809978,30100,150,4983.39,false
163566100,810127,809978,0,809978,163596200,810277,810128,0,810128,30100,150,4983.39,false
163596300,810278,810129,0,810129,163626400,810428,810279,0,810279,30100,150,4983.39,false
163626400,810428,810279,0,810279,163656500,810578,810429,0,810429,30100,150,4983.39,false
163656500,810578,810429,0,810429,163686600,810728,810579,0,810579,30100,150,4983.39,false
163686600,810728,810579,0,810579,163716700,810878,810729,0,810729,30100,150,4983.39,false
163716700,810878,810729,0,810729,163746800,811028,810879,0,810879,30100,150,4983.39,false
163746800,811028,810879,0,810879,163776900,811178,811029,0,811029,30100,150,4983.39,false
163776900,811178,811029,0,811029,163807000,811328,811179,0,811179,30100,150,4983.39,false
163807000,811328,811179,0,811179,163837100,811478,811329,0,811329,30100,150,4983.39,false
163837100,811478,811329,0,811329,163867200,811628,811479,0,811479,30100,150,4983.39,false
163867200,811628,811479,0,811479,163897300,811778,811629,0,811629,30100,150,4983.39,false
163897300,811778,811629,0,811629,163927400,811928,811779,0,811779,30100,150,4983.39,false
163927400,811928,811779,0,811779,163957500,812078,811929,0,811929,30100,150,4983.39,false
163957500,812078,811929,0,811929,163987600,812629,812079,0,812079,30100,150,4983.39,true
163987600,812629,812079,0,812079,164057800,813180,812630,0,812630,70200,551,7849.00,true
164057800,813180,812630,0,812630,164128000,813371,813181,0,813181,70200,551,7849.00,true
164128000,813371,813181,0,813181,164162200,813521,813372,0,813372,34200,191,5584.80,true
164162200,813521,813372,0,813372,164192300,813671,813522,0,813522,30100,150,4983.39,false
164192300,813671,813522,0,813522,164222400,813821,813672,0,813672,30100,150,4983.39,false
164222400,813821,813672,0,813672,164252500,813971,813822,0,813822,30100,150,4983.39,false
164252500,813971,813822,0,813822,164282600,814121,813972,0,813972,30100,150,4983.39,false
164282600,814121,813972,0,813972,164312700,814271,814122,0,814122,30100,150,4983.39,false
164312700,814271,814122,0,814122,164342800,814421,814272,0,814272,30100,150,4983.39,false
164342800,814421,814272,0,814272,164372900,814571,814422,0,814422,30100,150,4983.39,false
164372900,814571,814422,0,814422,164403000,814721,814572,0,814572,30100,150,4983.39,false
164403000,814721,814572,0,814572,164433100,814871,814722,0,814722,30100,150,4983.39,false
164433100,814871,814722,0,814722,164463200,815021,814872,0,814872,30100,150,4983.39,false
164463200,815021,814872,0,814872,164493300,815171,815022,0,815022,30100,150,4983.39,false
164493300,815171,815022,0,815022,164523400,815321,815172,0,815172,30100,150,4983.39,false
164523400,815321,815172,0,815172,164553500,815471,815322,0,815322,30100,150,4983.39,false
164553500,815471,815322,0,815322,164583600,815621,815472,0,815472,30100,150,4983.39,false
164583600,815621,815472,0,815472,164613700,815771,815622,0,815622,30100,150,4983.39,false
164613700,815771,815622,0,815622,164643800,815921,815772,0,815772,30100,150,4983.39,false
164643800,815921,815772,0,815772,164673900,816071,815922,0,815922,30100,150,4983.39,false
164673900,816071,815922,0,815922,164704000,816221,816072,0,816072,30100,150,4983.39,false
164704000,816221,816072,0,816072,164734100,816371,816222,0,816222,30100,150,4983.39,false
164734100,816371,816222,0,816222,164764200,816521,816372,0,816372,30100,150,4983.39,false
164764200,816521,816372,0,816372,164794300,816671,816522,0,816522,30100,150,4983.39,false
164794300,816671,816522,0,816522,164824400,816821,816672,0,816672,30100,150,4983.39,false
164824400,816821,816672,0,816672,164854500,816971,816822,0,816822,30100,150,4983.39,false
164854500,816971,816822,0,816822,164884600,817121,816972,0,816972,30100,150,4983.39,false
164884600,817121,816972,0,816972,164914700,817271,817122,0,817122,30100,150,4983.39,false
164914700,817271,817122,0,817122,164944800,817421,817272,0,817272,30100,150,4983.39,false
164944800,817421,817272,0,817272,164974900,817571,817422,0,817422,30100,150,4983.39,false
164974900,817571,817422,0,817422,165005000,817721,817572,0,817572,30100,150,4983.39,false
165005000,817721,817572,0,817572,165035100,817871,817722,0,817722,30100,150,4983.39,false
165035100,817871,817722,0,817722,165065200,818021,817872,0,817872,30100,150,4983.39,false
165065200,818021,817872,0,817872,165095300,818171,818022,0,818022,30100,150,4983.39,false
165095300,818171,818022,0,818022,165125400,818321,818172,0,818172,30100,150,4983.39,false
165125400,818321,818172,0,818172,165155500,818471,818322,0,818322,30100,150,4983.39,false
165155500,818471,818322,0,818322,165185600,818621,818472,0,818472,30100,150,4983.39,false
165185600,818621,818472,0,818472,165215700,818771,818622,0,818622,30100,150,4983.39,false
165215700,818771,818622,0,818622,165245800,818921,818772,0,818772,30100,150,4983.39,false
165245800,818921,818772,0,818772,165275900,819071,818922,0,818922,30100,150,4983.39,false
165275900,819071,818922,0,818922,165306000,819221,819072,0,819072,30100,150,4983.39,false
165306000,819221,819072,0,819072,165336100,819371,819222,0,819222,30100,150,4983.39,false
165336100,819371,819222,0,819222,165366200,819521,819372,0,819372,30100,150,4983.39,false
165366200,819521,819372,0,819372,165396300,819671,819522,0,819522,30100,150,4983.39,false
165396300,819671,819522,0,819522,165426400,819821,819672,0,819672,30100,150,4983.39,false
165426400,819821,819672,0,819672,165456500,819971,819822,0,819822,30100,150,4983.39,false
165456500,819971,819822,0,819822,165486600,820121,819972,0,819972,30100,150,4983.39,false
165486600,820121,819972,0,819972,165516700,820271,820122,0,820122,30100,150,4983.39,false
165516700,820271,820122,0,820122,165546800,820421,820272,0,820272,30100,150,4983.39,false
165546800,820421,820272,0,820272,165576900,820571,820422,0,820422,30100,150,4983.39,false
165576900,820571,820422,0,820422,165607000,820721,820572,0,820572,30100,150,4983.39,false
165607000,820721,820572,0,820572,165637100,820871,820722,0,820722,30100,150,4983.39,false
165637100,820871,820722,0,820722,165667200,821021,820872,0,820872,30100,150,4983.39,false
165667200,821021,820872,0,820872,165697300,821171,821022,0,821022,30100,150,4983.39,false
165697300,821171,821022,0,821022,165727400,821321,821172,0,821172,30100,150,4983.39,false
165727400,821321,821172,0,821172,165757500,821471,821322,0,821322,30100,150,4983.39,false
165757500,821471,821322,0,821322,165787600,821621,821472,0,821472,30100,150,4983.39,false
165787600,821621,821472,0,821472,165817700,821771,821622,0,821622,30100,150,4983.39,false
165817700,821771,821622,0,821622,165847800,821921,821772,0,821772,30100,150,4983.39,false
165847800,821921,821772,0,821772,165877900,822071,821922,0,821922,30100,150,4983.39,false
165877900,822071,821922,0,821922,165908000,822221,822072,0,822072,30100,150,4983.39,false
165908000,822221,822072,0,822072,165938100,822371,822222,0,822222,30100,150,4983.39,false
165938100,822371,822222,0,822222,165968200,822521,822372,0,822372,30100,150,4983.39,false
165968200,822521,822372,0,822372,165998300,822671,822522,0,822522,30100,150,4983.39,false
165998300,822671,822522,0,822522,166028400,822821,822672,0,822672,30100,150,4983.39,false
166028400,822821,822672,0,822672,166058500,822971,822822,0,822822,30100,150,4983.39,false
166058500,822971,822822,0,822822,166088600,823121,822972,0,822972,30100,150,4983.39,false
166088600,823121,822972,0,822972,166118700,823271,823122,0,823122,30100,150,4983.39,false
166118700,823271,823122,0,823122,166148800,823421,823272,0,823272,30100,150,4983.39,false
166148800,823421,823272,0,823272,166178900,823571,823422,0,823422,30100,150,4983.39,false
166178900,823571,823422,0,823422,166209000,823721,823572,0,823572,30100,150,4983.39,false
166209000,823721,823572,0,823572,166239100,823871,823722,0,823722,30100,150,4983.39,false
166239100,823871,823722,0,823722,166269200,824021,823872,0,823872,30100,150,4983.39,false
166269200,824021,823872,0,823872,166299300,824171,824022,0,824022,30100,150,4983.39,false
166299300,824171,824022,0,824022,166329400,824321,824172,0,824172,30100,150,4983.39,false
166329400,824321,824172,0,824172,166359500,824471,824322,0,824322,30100,150,4983.39,false
166359500,824471,824322,0,824322,166389600,824621,824472,0,824472,30100,150,4983.39,false
166389600,824621,824472,0,824472,166419700,824771,824622,0,824622,30100,150,4983.39,false
166419700,824771,824622,0,824622,166449800,824921,824772,0,824772,30100,150,4983.39,false
166449800,824921,824772,0,824772,166479900,825071,824922,0,824922,30100,150,4983.39,false
166479900,825071,824922,0,824922,166510000,825221,825072,0,825072,30100,150,4983.39,false
166510000,825221,825072,0,825072,166540100,825371,825222,0,825222,30100,150,4983.39,false
166540100,825371,825222,0,825222,166570200,825521,825372,0,825372,30100,150,4983.39,false
166570200,825521,825372,0,825372,166600300,825671,825522,0,825522,30100,150,4983.39,false
166600300,825671,825522,0,825522,166630400,825821,825672,0,825672,30100,150,4983.39,false
166630400,825821,825672,0,825672,166660500,825971,825822,0,825822,30100,150,4983.39,false
166660500,825971,825822,0,825822,166690600,826121,825972,0,825972,30100,150,4983.39,false
166690600,826121,825972,0,825972,166720700,826271,826122,0,826122,30100,150,4983.39,false
166720700,826271,826122,0,826122,166750800,826421,826272,0,826272,30100,150,4983.39,false
166750800,826421,826272,0,826272,166780900,826571,826422,0,826422,30100,150,4983.39,false
166780900,826571,826422,0,826422,166811000,826721,826572,0,826572,30100,150,4983.39,false
166811000,826721,826572,0,826572,166841100,826871,826722,0,826722,30100,150,4983.39,false
166841100,826871,826722,0,826722,166871200,827021,826872,0,826872,30100,150,4983.39,false
166871200,827021,826872,0,826872,166901300,827171,827022,0,827022,30100,150,4983.39,false
166901300,827171,827022,0,827022,166931400,827321,827172,0,827172,30100,150,4983.39,false
166931400,827321,827172,0,827172,166961500,827471,827322,0,827322,30100,150,4983.39,false
166961500,827471,827322,0,827322,166991600,827621,827472,0,827472,30100,150,4983.39,false
166991600,827621,827472,0,827472,167021700,827771,827622,0,827622,30100,150,4983.39,false
167021700,827771,827622,0,827622,167051800,827921,827772,0,827772,30100,150,4983.39,false
167051800,827921,827772,0,827772,167081900,828071,827922,0,827922,30100,150,4983.39,false
167081900,828071,827922,0,827922,167112000,828221,828072,0,828072,30100,150,4983.39,false
167112000,828221,828072,0,828072,167142100,828371,828222,0,828222,30100,150,4983.39,false
167142100,828371,828222,0,828222,167172200,828521,828372,0,828372,30100,150,4983.39,false
167172200,828521,828372,0,828372,167242700,828671,828522,0,828522,70500,150,2127.66,false
167242700,828671,828522,0,828522,167313200,828821,828672,0,828672,70500,150,2127.66,false
167313200,828821,828672,0,828672,167347400,828971,828822,0,828822,34200,150,4385.96,false
167347400,828971,828822,0,828822,167377500,829121,828972,0,828972,30100,150,4983.39,false
167377500,829121,828972,0,828972,167407600,829271,829122,0,829122,30100,150,4983.39,false
167407700,829272,829123,0,829123,167437800,829422,829273,0,829273,30100,150,4983.39,false
167437800,829422,829273,0,829273,167467900,829572,829423,0,829423,30100,150,4983.39,false
167467900,829572,829423,0,829423,167498000,829722,829573,0,829573,30100,150,4983.39,false
167498000,829722,829573,0,829573,167528100,829872,829723,0,829723,30100,150,4983.39,false
167528100,829872,829723,0,829723,167558200,830022,829873,0,829873,30100,150,4983.39,false
167558200,830022,829873,0,829873,167588300,830172,830023,0,830023,30100,150,4983.39,false
167588300,830172,830023,0,830023,167618400,830322,830173,0,830173,30100,150,4983.39,false
167618400,830322,830173,0,830173,167648500,830472,830323,0,830323,30100,150,4983.39,false
167648500,830472,830323,0,830323,167678600,830622,830473,0,830473,30100,150,4983.39,false
167678600,830622,830473,0,830473,167708700,830772,830623,0,830623,30100,150,4983.39,false
167708700,830772,830623,0,830623,167738800,830922,830773,0,830773,30100,150,4983.39,false
167738800,830922,830773,0,830773,167768900,831072,830923,0,830923,30100,150,4983.39,false
167768900,831072,830923,0,830923,167799000,831623,831073,0,831073,30100,150,4983.39,true
167799000,831623,831073,0,831073,167869200,832174,831624,0,831624,70200,551,7849.00,true
167869200,832174,831624,0,831624,167939400,832365,832175,0,832175,70200,551,7849.00,true
167939400,832365,832175,0,832175,167973600,832515,832366,0,832366,34200,191,5584.80,true
167973600,832515,832366,0,832366,168003700,832665,832516,0,832516,30100,150,4983.39,false
168003700,832665,832516,0,832516,168033800,832815,832666,0,832666,30100,150,4983.39,false
168033800,832815,832666,0,832666,168063900,832965,832816,0,832816,30100,150,4983.39,false
168063900,832965,832816,0,832816,168094000,833115,832966,0,832966,30100,150,4983.39,false
168094000,833115,832966,0,832966,168124100,833265,833116,0,833116,30100,150,4983.39,false
168124100,833265,833116,0,833116,168154200,833415,833266,0,833266,30100,150,4983.39,false
168154200,833415,833266,0,833266,168184300,833565,833416,0,833416,30100,150,4983.39,false
168184300,833565,833416,0,833416,168214400,833715,833566,0,833566,30100,150,4983.39,false
168214400,833715,833566,0,833566,168244500,833865,833716,0,833716,30100,150,4983.39,false
168244500,833865,833716,0,833716,168274600,834015,833866,0,833866,30100,150,4983.39,false
168274600,834015,833866,0,833866,168304700,834165,834016,0,834016,30100,150,4983.39,false
168304700,834165,834016,0,834016,168334800,834315,834166,0,834166,30100,150,4983.39,false
168334800,834315,834166,0,834166,168364900,834465,834316,0,834316,30100,150,4983.39,false
168364900,834465,834316,0,834316,168395000,834615,834466,0,834466,30100,150,4983.39,false
168395000,834615,834466,0,834466,168425100,834765,834616,0,834616,30100,150,4983.39,false
168425100,834765,834616,0,834616,168455200,834915,834766,0,834766,30100,150,4983.39,false
168455200,834915,834766,0,834766,168485300,835065,834916,0,834916,30100,150,4983.39,false
168485300,835065,834916,0,834916,168515400,835215,835066,0,835066,30100,150,4983.39,false
168515400,835215,835066,0,835066,168545500,835365,835216,0,835216,30100,150,4983.39,false
168545500,835365,835216,0,835216,168575600,835515,835366,0,835366,30100,150,4983.39,false
168575600,835515,835366,0,835366,168605700,835665,835516,0,835516,30100,150,4983.39,false
168605700,835665,835516,0,835516,168635800,835815,835666,0,835666,30100,150,4983.39,false
168635800,835815,835666,0,835666,168665900,835965,835816,0,835816,30100,150,4983.39,false
168665900,835965,835816,0,835816,168696000,836115,835966,0,835966,30100,150,4983.39,false
168696000,836115,835966,0,835966,168726100,836265,836116,0,836116,30100,150,4983.39,false
168726100,836265,836116,0,836116,168756200,836415,836266,0,836266,30100,150,4983.39,false
168756200,836415,836266,0,836266,168786300,836565,836416,0,836416,30100,150,4983.39,false
168786300,836565,836416,0,836416,168816400,836715,836566,0,836566,30100,150,4983.39,false
168816400,836715,836566,0,836566,168846500,836865,836716,0,836716,30100,150,4983.39,false
168846500,836865,836716,0,836716,168876600,837015,836866,0,836866,30100,150,4983.39,false
168876600,837015,836866,0,836866,168906700,837165,837016,0,837016,30100,150,4983.39,false
168906700,837165,837016,0,837016,168936800,837315,837166,0,837166,30100,150,4983.39,false
168936800,837315,837166,0,837166,168966900,837465,837316,0,837316,30100,150,4983.39,false
168966900,837465,837316,0,837316,168997000,837615,837466,0,837466,30100,150,4983.39,false
168997000,837615,837466,0,837466,169027100,837765,837616,0,837616,30100,150,4983.39,false
169027100,837765,837616,0,837616,169057200,837915,837766,0,837766,30100,150,4983.39,false
169057200,837915,837766,0,837766,169087300,838065,837916,0,837916,30100,150,4983.39,false
169087300,838065,837916,0,837916,169117400,838215,838066,0,838066,30100,150,4983.39,false
169117400,838215,838066,0,838066,169147500,838365,838216,0,838216,30100,150,4983.39,false
169147500,838365,838216,0,838216,169177600,838515,838366,0,838366,30100,150,4983.39,false
169177600,838515,838366,0,838366,169207700,838665,838516,0,838516,30100,150,4983.39,false
169207700,838665,838516,0,838516,169237800,838815,838666,0,838666,30100,150,4983.39,false
169237800,838815,838666,0,838666,169267900,838965,838816,0,838816,30100,150,4983.39,false
169267900,838965,838816,0,838816,169298000,839115,838966,0,838966,30100,150,4983.39,false
169298000,839115,838966,0,838966,169328100,839265,839116,0,839116,30100,150,4983.39,false
169328100,839265,839116,0,839116,169358200,839415,839266,0,839266,30100,150,4983.39,false
169358200,839415,839266,0,839266,169388300,839565,839416,0,839416,30100,150,4983.39,false
169388300,839565,839416,0,839416,169418400,839715,839566,0,839566,30100,150,4983.39,false
169418400,839715,839566,0,839566,169448500,839865,839716,0,839716,30100,150,4983.39,false
169448500,839865,839716,0,839716,169478600,840015,839866,0,839866,30100,150,4983.39,false
169478600,840015,839866,0,839866,169508700,840165,840016,0,840016,30100,150,4983.39,false
169508700,840165,840016,0,840016,169538800,840315,840166,0,840166,30100,150,4983.39,false
169538800,840315,840166,0,840166,169568900,840465,840316,0,840316,30100,150,4983.39,false
169568900,840465,840316,0,840316,169599000,840615,840466,0,840466,30100,150,4983.39,false
169599000,840615,840466,0,840466,169629100,840765,840616,0,840616,30100,150,4983.39,false
169629100,840765,840616,0,840616,169659200,840915,840766,0,840766,30100,150,4983.39,false
169659200,840915,840766,0,840766,169689300,841065,840916,0,840916,30100,150,4983.39,false
169689300,841065,840916,0,840916,169719400,841215,841066,0,841066,30100,150,4983.39,false
169719400,841215,841066,0,841066,169749500,841365,841216,0,841216,30100,150,4983.39,false
169749500,841365,841216,0,841216,169779600,841515,841366,0,841366,30100,150,4983.39,false
169779600,841515,841366,0,841366,169809700,841665,841516,0,841516,30100,150,4983.39,false
169809700,841665,841516,0,841516,169839800,841815,841666,0,841666,30100,150,4983.39,false
169839800,841815,841666,0,841666,169869900,841965,841816,0,841816,30100,150,4983.39,false
169869900,841965,841816,0,841816,169900000,842115,841966,0,841966,30100,150,4983.39,false
169900000,842115,841966,0,841966,169930100,842265,842116,0,842116,30100,150,4983.39,false
169930100,842265,842116,0,842116,169960200,842415,842266,0,842266,30100,150,4983.39,false
169960200,842415,842266,0,842266,169990300,842565,842416,0,842416,30100,150,4983.39,false
169990300,842565,842416,0,842416,170020400,842715,842566,0,842566,30100,150,4983.39,false
170020400,842715,842566,0,842566,170050500,842865,842716,0,842716,30100,150,4983.39,false
170050500,842865,842716,0,842716,170080600,843015,842866,0,842866,30100,150,4983.39,false
170080600,843015,842866,0,842866,170110700,843165,843016,0,843016,30100,150,4983.39,false
170110700,843165,843016,0,843016,170140800,843315,843166,0,843166,30100,150,4983.39,false
170140800,843315,843166,0,843166,170170900,843465,843316,0,843316,30100,150,4983.39,false
170170900,843465,843316,0,843316,170201000,843615,843466,0,843466,30100,150,4983.39,false
170201000,843615,843466,0,843466,170231100,843765,843616,0,843616,30100,150,4983.39,false
170231100,843765,843616,0,843616,170261200,843915,843766,0,843766,30100,150,4983.39,false
170261200,843915,843766,0,843766,170291300,844065,843916,0,843916,30100,150,4983.39,false
170291300,844065,843916,0,843916,170321400,844215,844066,0,844066,30100,150,4983.39,false
170321400,844215,844066,0,844066,170351500,844365,844216,0,844216,30100,150,4983.39,false
170351500,844365,844216,0,844216,170381600,844515,844366,0,844366,30100,150,4983.39,false
170381600,844515,844366,0,844366,170411700,844665,844516,0,844516,30100,150,4983.39,false
170411700,844665,844516,0,844516,170441800,844815,844666,0,844666,30100,150,4983.39,false
170441800,844815,844666,0,844666,170471900,844965,844816,0,844816,30100,150,4983.39,false
170471900,844965,844816,0,844816,170502000,845115,844966,0,844966,30100,150,4983.39,false
170502000,845115,844966,0,844966,170532100,845265,845116,0,845116,30100,150,4983.39,false
170532100,845265,845116,0,845116,170562200,845415,845266,0,845266,30100,150,4983.39,false
170562200,845415,845266,0,845266,170592300,845565,845416,0,845416,30100,150,4983.39,false
170592300,845565,845416,0,845416,170622400,845715,845566,0,845566,30100,150,4983.39,false
170622400,845715,845566,0,845566,170652500,845865,845716,0,845716,30100,150,4983.39,false
170652500,845865,845716,0,845716,170682600,846015,845866,0,845866,30100,150,4983.39,false
170682600,846015,845866,0,845866,170712700,846165,846016,0,846016,30100,150,4983.39,false
170712700,846165,846016,0,846016,170742800,846315,846166,0,846166,30100,150,4983.39,false
170742800,846315,846166,0,846166,170772900,846465,846316,0,846316,30100,150,4983.39,false
170772900,846465,846316,0,846316,170803000,846615,846466,0,846466,30100,150,4983.39,false
170803000,846615,846466,0,846466,170833100,846765,846616,0,846616,30100,150,4983.39,false
170833100,846765,846616,0,846616,170863200,846915,846766,0,846766,30100,150,4983.39,false
170863200,846915,846766,0,846766,170893300,847065,846916,0,846916,30100,150,4983.39,false
170893300,847065,846916,0,846916,170923400,847215,847066,0,847066,30100,150,4983.39,false
170923400,847215,847066,0,847066,170953500,847365,847216,0,847216,30100,150,4983.39,false
170953500,847365,847216,0,847216,170983600,847515,847366,0,847366,30100,150,4983.39,false
170983600,847515,847366,0,847366,171054100,847665,847516,0,847516,70500,150,2127.66,false
171054100,847665,847516,0,847516,171124600,847815,847666,0,847666,70500,150,2127.66,false
171124600,847815,847666,0,847666,171158800,847965,847816,0,847816,34200,150,4385.96,false
171158800,847965,847816,0,847816,171188900,848115,847966,0,847966,30100,150,4983.39,false
171188900,848115,847966,0,847966,171219000,848265,848116,0,848116,30100,150,4983.39,false
171219100,848266,848117,0,848117,171249200,848416,848267,0,848267,30100,150,4983.39,false
171249200,848416,848267,0,848267,171279300,848566,848417,0,848417,30100,150,4983.39,false
171279300,848566,848417,0,848417,171309400,848716,848567,0,848567,30100,150,4983.39,false
171309400,848716,848567,0,848567,171339500,848866,848717,0,848717,30100,150,4983.39,false
171339500,848866,848717,0,848717,171369600,849016,848867,0,848867,30100,150,4983.39,false
171369600,849016,848867,0,848867,171399700,849166,849017,0,849017,30100,150,4983.39,false
171399700,849166,849017,0,849017,171429800,849316,849167,0,849167,30100,150,4983.39,false
171429800,849316,849167,0,849167,171459900,849466,849317,0,849317,30100,150,4983.39,false
171459900,849466,849317,0,849317,171490000,849616,849467,0,849467,30100,150,4983.39,false
171490000,849616,849467,0,849467,171520100,849766,849617,0,849617,30100,150,4983.39,false
171520100,849766,849617,0,849617,171550200,849916,849767,0,849767,30100,150,4983.39,false
171550200,849916,849767,0,849767,171580300,850066,849917,0,849917,30100,150,4983.39,false
171580300,850066,849917,0,849917,171610400,850617,850067,0,850067,30100,150,4983.39,true
171610400,850617,850067,0,850067,171680600,851168,850618,0,850618,70200,551,7849.00,true
171680600,851168,850618,0,850618,171750800,851359,851169,0,851169,70200,551,7849.00,true
171750800,851359,851169,0,851169,171785000,851509,851360,0,851360,34200,191,5584.80,true
171785000,851509,851360,0,851360,171815100,851659,851510,0,851510,30100,150,4983.39,false
171815100,851659,851510,0,851510,171845200,851809,851660,0,851660,30100,150,4983.39,false
171845200,851809,851660,0,851660,171875300,851959,851810,0,851810,30100,150,4983.39,false
171875300,851959,851810,0,851810,171905400,852109,851960,0,851960,30100,150,4983.39,false
171905400,852109,851960,0,851960,171935500,852259,852110,0,852110,30100,150,4983.39,false
171935500,852259,852110,0,852110,171965600,852409,852260,0,852260,30100,150,4983.39,false
171965600,852409,852260,0,852260,171995700,852559,852410,0,852410,30100,150,4983.39,false
171995700,852559,852410,0,852410,172025800,852709,852560,0,852560,30100,150,4983.39,false
172025800,852709,852560,0,852560,172055900,852859,852710,0,852710,30100,150,4983.39,false
172055900,852859,852710,0,852710,172086000,853009,852860,0,852860,30100,150,4983.39,false
172086000,853009,852860,0,852860,172116100,853159,853010,0,853010,30100,150,4983.39,false
172116100,853159,853010,0,853010,172146200,853309,853160,0,853160,30100,150,4983.39,false
172146200,853309,853160,0,853160,172176300,853459,853310,0,853310,30100,150,4983.39,false
172176300,853459,853310,0,853310,172206400,853609,853460,0,853460,30100,150,4983.39,false
172206400,853609,853460,0,853460,172236500,853759,853610,0,853610,30100,150,4983.39,false
172236500,853759,853610,0,853610,172266600,853909,853760,0,853760,30100,150,4983.39,false
172266600,853909,853760,0,853760,172296700,854059,853910,0,853910,30100,150,4983.39,false
172296700,854059,853910,0,853910,172326800,854209,854060,0,854060,30100,150,4983.39,false
172326800,854209,854060,0,854060,172356900,854359,854210,0,854210,30100,150,4983.39,false
172356900,854359,854210,0,854210,172387000,854509,854360,0,854360,30100,150,4983.39,false
172387000,854509,854360,0,854360,172417100,854659,854510,0,854510,30100,150,4983.39,false
172417100,854659,854510,0,854510,172447200,854809,854660,0,854660,30100,150,4983.39,false
172447200,854809,854660,0,854660,172477300,854959,854810,0,854810,30100,150,4983.39,false
172477300,854959,854810,0,854810,172507400,855109,854960,0,854960,30100,150,4983.39,false
172507400,855109,854960,0,854960,172537500,855259,855110,0,855110,30100,150,4983.39,false
172537500,855259,855110,0,855110,172567600,855409,855260,0,855260,30100,150,4983.39,false
172567600,855409,855260,0,855260,172597700,855559,855410,0,855410,30100,150,4983.39,false
172597700,855559,855410,0,855410,172627800,855709,855560,0,855560,30100,150,4983.39,false
172627800,855709,855560,0,855560,172657900,855859,855710,0,855710,30100,150,4983.39,false
172657900,855859,855710,0,855710,172688000,856009,855860,0,855860,30100,150,4983.39,false
172688000,856009,855860,0,855860,172718100,856159,856010,0,856010,30100,150,4983.39,false
172718100,856159,856010,0,856010,172748200,856309,856160,0,856160,30100,150,4983.39,false
172748200,856309,856160,0,856160,172778300,856459,856310,0,856310,30100,150,4983.39,false
172778300,856459,856310,0,856310,172808400,856609,856460,0,856460,30100,150,4983.39,false
172808400,856609,856460,0,856460,172838500,856759,856610,0,856610,30100,150,4983.39,false
172838500,856759,856610,0,856610,172868600,856909,856760,0,856760,30100,150,4983.39,false
172868600,856909,856760,0,856760,172898700,857059,856910,0,856910,30100,150,4983.39,false
172898700,857059,856910,0,856910,172928800,857209,857060,0,857060,30100,150,4983.39,false
172928800,857209,857060,0,857060,172958900,857359,857210,0,857210,30100,150,4983.39,false
172958900,857359,857210,0,857210,172989000,857509,857360,0,857360,30100,150,4983.39,false
172989000,857509,857360,0,857360,173019100,857659,857510,0,857510,30100,150,4983.39,false
173019100,857659,857510,0,857510,173049200,857809,857660,0,857660,30100,150,4983.39,false
173049200,857809,857660,0,857660,173079300,857959,857810,0,857810,30100,150,4983.39,false
173079300,857959,857810,0,857810,173109400,858109,857960,0,857960,30100,150,4983.39,false
173109400,858109,857960,0,857960,173139500,858259,858110,0,858110,30100,150,4983.39,false
173139500,858259,858110,0,858110,173169600,858409,858260,0,858260,30100,150,4983.39,false
173169600,858409,858260,0,858260,173199700,858559,858410,0,858410,30100,150,4983.39,false
173199700,858559,858410,0,858410,173229800,858709,858560,0,858560,30100,150,4983.39,false
173229800,858709,858560,0,858560,173259900,858859,858710,0,858710,30100,150,4983.39,false
173259900,858859,858710,0,858710,173290000,859009,858860,0,858860,30100,150,4983.39,false
173290000,859009,858860,0,858860,173320100,859159,859010,0,859010,30100,150,4983.39,false
173320100,859159,859010,0,859010,173350200,859309,859160,0,859160,30100,150,4983.39,false
173350200,859309,859160,0,859160,173380300,859459,859310,0,859310,30100,150,4983.39,false
173380300,859459,859310,0,859310,173410400,859609,859460,0,859460,30100,150,4983.39,false
173410400,859609,859460,0,859460,173440500,859759,859610,0,859610,30100,150,4983.39,false
173440500,859759,859610,0,859610,173470600,859909,859760,0,859760,30100,150,4983.39,false
173470600,859909,859760,0,859760,173500700,860059,859910,0,859910,30100,150,4983.39,false
173500700,860059,859910,0,859910,173530800,860209,860060,0,860060,30100,150,4983.39,false
173530800,860209,860060,0,860060,173560900,860359,860210,0,860210,30100,150,4983.39,false
173560900,860359,860210,0,860210,173591000,860509,860360,0,860360,30100,150,4983.39,false
173591000,860509,860360,0,860360,173621100,860659,860510,0,860510,30100,150,4983.39,false
173621100,860659,860510,0,860510,173651200,860809,860660,0,860660,30100,150,4983.39,false
173651200,860809,860660,0,860660,173681300,860959,860810,0,860810,30100,150,4983.39,false
173681300,860959,860810,0,860810,173711400,861109,860960,0,860960,30100,150,4983.39,false
173711400,861109,860960,0,860960,173741500,861259,861110,0,861110,30100,150,4983.39,false
173741500,861259,861110,0,861110,173771600,861409,861260,0,861260,30100,150,4983.39,false
173771600,861409,861260,0,861260,173801700,861559,861410,0,861410,30100,150,4983.39,false
173801700,861559,861410,0,861410,173831800,861709,861560,0,861560,30100,150,4983.39,false
173831800,861709,861560,0,861560,173861900,861859,861710,0,861710,30100,150,4983.39,false
173861900,861859,861710,0,861710,173892000,862009,861860,0,861860,30100,150,4983.39,false
173892000,862009,861860,0,861860,173922100,862159,862010,0,862010,30100,150,4983.39,false
173922100,862159,862010,0,862010,173952200,862309,862160,0,862160,30100,150,4983.39,false
173952200,862309,862160,0,862160,173982300,862459,862310,0,862310,30100,150,4983.39,false
173982300,862459,862310,0,862310,174012400,862609,862460,0,862460,30100,150,4983.39,false
174012400,862609,862460,0,862460,174042500,862759,862610,0,862610,30100,150,4983.39,false
174042500,862759,862610,0,862610,174072600,862909,862760,0,862760,30100,150,4983.39,false
174072600,862909,862760,0,862760,174102700,863059,862910,0,862910,30100,150,4983.39,false
174102700,863059,862910,0,862910,174132800,863209,863060,0,863060,30100,150,4983.39,false
174132800,863209,863060,0,863060,174162900,863359,863210,0,863210,30100,150,4983.39,false
174162900,863359,863210,0,863210,174193000,863509,863360,0,863360,30100,150,4983.39,false
174193000,863509,863360,0,863360,174223100,863659,863510,0,863510,30100,150,4983.39,false
174223100,863659,863510,0,863510,174253200,863809,863660,0,863660,30100,150,4983.39,false
174253200,863809,863660,0,863660,174283300,863959,863810,0,863810,30100,150,4983.39,false
174283300,863959,863810,0,863810,174313400,864109,863960,0,863960,30100,150,4983.39,false
174313400,864109,863960,0,863960,174343500,864259,864110,0,864110,30100,150,4983.39,false
174343500,864259,864110,0,864110,174373600,864409,864260,0,864260,30100,150,4983.39,false
174373600,864409,864260,0,864260,174403700,864559,864410,0,864410,30100,150,4983.39,false
174403700,864559,864410,0,864410,174433800,864709,864560,0,864560,30100,150,4983.39,false
174433800,864709,864560,0,864560,174463900,864859,864710,0,864710,30100,150,4983.39,false
174463900,864859,864710,0,864710,174494000,865009,864860,0,864860,30100,150,4983.39,false
174494000,865009,864860,0,864860,174524100,865159,865010,0,865010,30100,150,4983.39,false
174524100,865159,865010,0,865010,174554200,865309,865160,0,865160,30100,150,4983.39,false
174554200,865309,865160,0,865160,174584300,865459,865310,0,865310,30100,150,4983.39,false
174584300,865459,865310,0,865310,174614400,865609,865460,0,865460,30100,150,4983.39,false
174614400,865609,865460,0,865460,174644500,865759,865610,0,865610,30100,150,4983.39,false
174644500,865759,865610,0,865610,174674600,865909,865760,0,865760,30100,150,4983.39,false
174674600,865909,865760,0,865760,174704700,866059,865910,0,865910,30100,150,4983.39,false
174704700,866059,865910,0,865910,174734800,866209,866060,0,866060,30100,150,4983.39,false
174734800,866209,866060,0,866060,174764900,866359,866210,0,866210,30100,150,4983.39,false
174764900,866359,866210,0,866210,174795000,866509,866360,0,866360,30100,150,4983.39,false
174795000,866509,866360,0,866360,174865500,866659,866510,0,866510,70500,150,2127.66,false
174865500,866659,866510,0,866510,174936000,866809,866660,0,866660,70500,150,2127.66,false
174936000,866809,866660,0,866660,174970200,866959,866810,0,866810,34200,150,4385.96,false
174970200,866959,866810,0,866810,175000300,867109,866960,0,866960,30100,150,4983.39,false
175000300,867109,866960,0,866960,175030400,867259,867110,0,867110,30100,150,4983.39,false
175030500,867260,867111,0,867111,175060600,867410,867261,0,867261,30100,150,4983.39,false
175060600,867410,867261,0,867261,175090700,867560,867411,0,867411,30100,150,4983.39,false
175090700,867560,867411,0,867411,175120800,867710,867561,0,867561,30100,150,4983.39,false
175120800,867710,867561,0,867561,175150900,867860,867711,0,867711,30100,150,4983.39,false
175150900,867860,867711,0,867711,175181000,868010,867861,0,867861,30100,150,4983.39,false
175181000,868010,867861,0,867861,175211100,868160,868011,0,868011,30100,150,4983.39,false
175211100,868160,868011,0,868011,175241200,868310,868161,0,868161,30100,150,4983.39,false
175241200,868310,868161,0,868161,175271300,868460,868311,0,868311,30100,150,4983.39,false
175271300,868460,868311,0,868311,175301400,868610,868461,0,868461,30100,150,4983.39,false
175301400,868610,868461,0,868461,175331500,868760,868611,0,868611,30100,150,4983.39,false
175331500,868760,868611,0,868611,175361600,868910,868761,0,868761,30100,150,4983.39,false
175361600,868910,868761,0,868761,175391700,869060,868911,0,868911,30100,150,4983.39,false
175391700,869060,868911,0,868911,175421800,869611,869061,0,869061,30100,150,4983.39,true
175421800,869611,869061,0,869061,175492000,870162,869612,0,869612,70200,551,7849.00,true
175492000,870162,869612,0,869612,175562200,870353,870163,0,870163,70200,551,7849.00,true
175562200,870353,870163,0,870163,175596400,870503,870354,0,870354,34200,191,5584.80,true
175596400,870503,870354,0,870354,175626500,870653,870504,0,870504,30100,150,4983.39,false
175626500,870653,870504,0,870504,175656600,870803,870654,0,870654,30100,150,4983.39,false
175656600,870803,870654,0,870654,175686700,870953,870804,0,870804,30100,150,4983.39,false
175686700,870953,870804,0,870804,175716800,871103,870954,0,870954,30100,150,4983.39,false
175716800,871103,870954,0,870954,175746900,871253,871104,0,871104,30100,150,4983.39,false
175746900,871253,871104,0,871104,175777000,871403,871254,0,871254,30100,150,4983.39,false
175777000,871403,871254,0,871254,175807100,871553,871404,0,871404,30100,150,4983.39,false
175807100,871553,871404,0,871404,175837200,871703,871554,0,871554,30100,150,4983.39,false
175837200,871703,871554,0,871554,175867300,871853,871704,0,871704,30100,150,4983.39,false
175867300,871853,871704,0,871704,175897400,872003,871854,0,871854,30100,150,4983.39,false
175897400,872003,871854,0,871854,175927500,872153,872004,0,872004,30100,150,4983.39,false
175927500,872153,872004,0,872004,175957600,872303,872154,0,872154,30100,150,4983.39,false
175957600,872303,872154,0,872154,175987700,872453,872304,0,872304,30100,150,4983.39,false
175987700,872453,872304,0,872304,176017800,872603,872454,0,872454,30100,150,4983.39,false
176017800,872603,872454,0,872454,176047900,872753,872604,0,872604,30100,150,4983.39,false
176047900,872753,872604,0,872604,176078000,872903,872754,0,872754,30100,150,4983.39,false
176078000,872903,872754,0,872754,176108100,873053,872904,0,872904,30100,150,4983.39,false
176108100,873053,872904,0,872904,176138200,873203,873054,0,873054,30100,150,4983.39,false
176138200,873203,873054,0,873054,176168300,873353,873204,0,873204,30100,150,4983.39,false
176168300,873353,873204,0,873204,176198400,873503,873354,0,873354,30100,150,4983.39,false
176198400,873503,873354,0,873354,176228500,873653,873504,0,873504,30100,150,4983.39,false
176228500,873653,873504,0,873504,176258600,873803,873654,0,873654,30100,150,4983.39,false
176258600,873803,873654,0,873654,176288700,873953,873804,0,873804,30100,150,4983.39,false
176288700,873953,873804,0,873804,176318800,874103,873954,0,873954,30100,150,4983.39,false
176318800,874103,873954,0,873954,176348900,874253,874104,0,874104,30100,150,4983.39,false
176348900,874253,874104,0,874104,176379000,874403,874254,0,874254,30100,150,4983.39,false
176379000,874403,874254,0,874254,176409100,874553,874404,0,874404,30100,150,4983.39,false
176409100,874553,874404,0,874404,176439200,874703,874554,0,874554,30100,150,4983.39,false
176439200,874703,874554,0,874554,176469300,874853,874704,0,874704,30100,150,4983.39,false
176469300,874853,874704,0,874704,176499400,875003,874854,0,874854,30100,150,4983.39,false
176499400,875003,874854,0,874854,176529500,875153,875004,0,875004,30100,150,4983.39,false
176529500,875153,875004,0,875004,176559600,875303,875154,0,875154,30100,150,4983.39,false
176559600,875303,875154,0,875154,176589700,875453,875304,0,875304,30100,150,4983.39,false
176589700,875453,875304,0,875304,176619800,875603,875454,0,875454,30100,150,4983.39,false
176619800,875603,875454,0,875454,176649900,875753,875604,0,875604,30100,150,4983.39,false
176649900,875753,875604,0,875604,176680000,875903,875754,0,875754,30100,150,4983.39,false
176680000,875903,875754,0,875754,176710100,876053,875904,0,875904,30100,150,4983.39,false
176710100,876053,875904,0,875904,176740200,876203,876054,0,876054,30100,150,4983.39,false
176740200,876203,876054,0,876054,176770300,876353,876204,0,876204,30100,150,4983.39,false
176770300,876353,876204,0,876204,176800400,876503,876354,0,876354,30100,150,4983.39,false
176800400,876503,876354,0,876354,176830500,876653,876504,0,876504,30100,150,4983.39,false
176830500,876653,876504,0,876504,176860600,876803,876654,0,876654,30100,150,4983.39,false
176860600,876803,876654,0,876654,176890700,876953,876804,0,876804,30100,150,4983.39,false
176890700,876953,876804,0,876804,176920800,877103,876954,0,876954,30100,150,4983.39,false
176920800,877103,876954,0,876954,176950900,877253,877104,0,877104,30100,150,4983.39,false
176950900,877253,877104,0,877104,176981000,877403,877254,0,877254,30100,150,4983.39,false
176981000,877403,877254,0,877254,177011100,877553,877404,0,877404,30100,150,4983.39,false
177011100,877553,877404,0,877404,177041200,877703,877554,0,877554,30100,150,4983.39,false
177041200,877703,877554,0,877554,177071300,877853,877704,0,877704,30100,150,4983.39,false
177071300,877853,877704,0,877704,177101400,878003,877854,0,877854,30100,150,4983.39,false
177101400,878003,877854,0,877854,177131500,878153,878004,0,878004,30100,150,4983.39,false
177131500,878153,878004,0,878004,177161600,878303,878154,0,878154,30100,150,4983.39,false
177161600,878303,878154,0,878154,177191700,878453,878304,0,878304,30100,150,4983.39,false
177191700,878453,878304,0,878304,177221800,878603,878454,0,878454,30100,150,4983.39,false
177221800,878603,878454,0,878454,177251900,878753,878604,0,878604,30100,150,4983.39,false
177251900,878753,878604,0,878604,177282000,878903,878754,0,878754,30100,150,4983.39,false
177282000,878903,878754,0,878754,177312100,879053,878904,0,878904,30100,150,4983.39,false
177312100,879053,878904,0,878904,177342200,879203,879054,0,879054,30100,150,4983.39,false
177342200,879203,879054,0,879054,177372300,879353,879204,0,879204,30100,150,4983.39,false
177372300,879353,879204,0,879204,177402400,879503,879354,0,879354,30100,150,4983.39,false
177402400,879503,879354,0,879354,177432500,879653,879504,0,879504,30100,150,4983.39,false
177432500,879653,879504,0,879504,177462600,879803,879654,0,879654,30100,150,4983.39,false
177462600,879803,879654,0,879654,177492700,879953,879804,0,879804,30100,150,4983.39,false
177492700,879953,879804,0,879804,177522800,880103,879954,0,879954,30100,150,4983.39,false
177522800,880103,879954,0,879954,177552900,880253,880104,0,880104,30100,150,4983.39,false
177552900,880253,880104,0,880104,177583000,880403,880254,0,880254,30100,150,4983.39,false
177583000,880403,880254,0,880254,177613100,880553,880404,0,880404,30100,150,4983.39,false
177613100,880553,880404,0,880404,177643200,880703,880554,0,880554,30100,150,4983.39,false
177643200,880703,880554,0,880554,177673300,880853,880704,0,880704,30100,150,4983.39,false
177673300,880853,880704,0,880704,177703400,881003,880854,0,880854,30100,150,4983.39,false
177703400,881003,880854,0,880854,177733500,881153,881004,0,881004,30100,150,4983.39,false
177733500,881153,881004,0,881004,177763600,881303,881154,0,881154,30100,150,4983.39,false
177763600,881303,881154,0,881154,177793700,881453,881304,0,881304,30100,150,4983.39,false
177793700,881453,881304,0,881304,177823800,881603,881454,0,881454,30100,150,4983.39,false
177823800,881603,881454,0,881454,177853900,881753,881604,0,881604,30100,150,4983.39,false
177853900,881753,881604,0,881604,177884000,881903,881754,0,881754,30100,150,4983.39,false
177884000,881903,881754,0,881754,177914100,882053,881904,0,881904,30100,150,4983.39,false
177914100,882053,881904,0,881904,177944200,882203,882054,0,882054,30100,150,4983.39,false
177944200,882203,882054,0,882054,177974300,882353,882204,0,882204,30100,150,4983.39,false
177974300,882353,882204,0,882204,178004400,882503,882354,0,882354,30100,150,4983.39,false
178004400,882503,882354,0,882354,178034500,882653,882504,0,882504,30100,150,4983.39,false
178034500,882653,882504,0,882504,178064600,882803,882654,0,882654,30100,150,4983.39,false
178064600,882803,882654,0,882654,178094700,882953,882804,0,882804,30100,150,4983.39,false
178094700,882953,882804,0,882804,178124800,883103,882954,0,882954,30100,150,4983.39,false
178124800,883103,882954,0,882954,178154900,883253,883104,0,883104,30100,150,4983.39,false
178154900,883253,883104,0,883104,178185000,883403,883254,0,883254,30100,150,4983.39,false
178185000,883403,883254,0,883254,178215100,883553,883404,0,883404,30100,150,4983.39,false
178215100,883553,883404,0,883404,178245200,883703,883554,0,883554,30100,150,4983.39,false
178245200,883703,883554,0,883554,178275300,883853,883704,0,883704,30100,150,4983.39,false
178275300,883853,883704,0,883704,178305400,884003,883854,0,883854,30100,150,4983.39,false
178305400,884003,883854,0,883854,178335500,884153,884004,0,884004,30100,150,4983.39,false
178335500,884153,884004,0,884004,178365600,884303,884154,0,884154,30100,150,4983.39,false
178365600,884303,884154,0,884154,178395700,884453,884304,0,884304,30100,150,4983.39,false
178395700,884453,884304,0,884304,178425800,884603,884454,0,884454,30100,150,4983.39,false
178425800,884603,884454,0,884454,178455900,884753,884604,0,884604,30100,150,4983.39,false
178455900,884753,884604,0,884604,178486000,884903,884754,0,884754,30100,150,4983.39,false
178486000,884903,884754,0,884754,178516100,885053,884904,0,884904,30100,150,4983.39,false
178516100,885053,884904,0,884904,178546200,885203,885054,0,885054,30100,150,4983.39,false
178546200,885203,885054,0,885054,178576300,885353,885204,0,885204,30100,150,4983.39,false
178576300,885353,885204,0,885204,178606400,885503,885354,0,885354,30100,150,4983.39,false
178606400,885503,885354,0,885354,178676900,885653,885504,0,885504,70500,150,2127.66,false
178676900,885653,885504,0,885504,178747400,885803,885654,0,885654,70500,150,2127.66,false
178747400,885803,885654,0,885654,178781600,885953,885804,0,885804,34200,150,4385.96,false
178781600,885953,885804,0,885804,178811700,886103,885954,0,885954,30100,150,4983.39,false
178811700,886103,885954,0,885954,178841800,886253,886104,0,886104,30100,150,4983.39,false
178841900,886254,886105,0,886105,178872000,886404,886255,0,886255,30100,150,4983.39,false
178872000,886404,886255,0,886255,178902100,886554,886405,0,886405,30100,150,4983.39,false
178902100,886554,886405,0,886405,178932200,886704,886555,0,886555,30100,150,4983.39,false
178932200,886704,886555,0,886555,178962300,886854,886705,0,886705,30100,150,4983.39,false
178962300,886854,886705,0,886705,178992400,887004,886855,0,886855,30100,150,4983.39,false
178992400,887004,886855,0,886855,179022500,887154,887005,0,887005,30100,150,4983.39,false
179022500,887154,887005,0,887005,179052600,887304,887155,0,887155,30100,150,4983.39,false
179052600,887304,887155,0,887155,179082700,887454,887305,0,887305,30100,150,4983.39,false
179082700,887454,887305,0,887305,179112800,887604,887455,0,887455,30100,150,4983.39,false
179112800,887604,887455,0,887455,179142900,887754,887605,0,887605,30100,150,4983.39,false
179142900,887754,887605,0,887605,179173000,887904,887755,0,887755,30100,150,4983.39,false
179173000,887904,887755,0,887755,179203100,888054,887905,0,887905,30100,150,4983.39,false
179203100,888054,887905,0,887905,179233200,888605,888055,0,888055,30100,150,4983.39,true
179233200,888605,888055,0,888055,179303400,889156,888606,0,888606,70200,551,7849.00,true
179303400,889156,888606,0,888606,179373600,889347,889157,0,889157,70200,551,7849.00,true
179373600,889347,889157,0,889157,179407800,889497,889348,0,889348,34200,191,5584.80,true
179407800,889497,889348,0,889348,179437900,889647,889498,0,889498,30100,150,4983.39,false
179437900,889647,889498,0,889498,179468000,889797,889648,0,889648,30100,150,4983.39,false
179468000,889797,889648,0,889648,179498100,889947,889798,0,889798,30100,150,4983.39,false
179498100,889947,889798,0,889798,179528200,890097,889948,0,889948,30100,150,4983.39,false
179528200,890097,889948,0,889948,179558300,890247,890098,0,890098,30100,150,4983.39,false
179558300,890247,890098,0,890098,179588400,890397,890248,0,890248,30100,150,4983.39,false
179588400,890397,890248,0,890248,179618500,890547,890398,0,890398,30100,150,4983.39,false
179618500,890547,890398,0,890398,179648600,890697,890548,0,890548,30100,150,4983.39,false
179648600,890697,890548,0,890548,179678700,890847,890698,0,890698,30100,150,4983.39,false
179678700,890847,890698,0,890698,179708800,890997,890848,0,890848,30100,150,4983.39,false
179708800,890997,890848,0,890848,179738900,891147,890998,0,890998,30100,150,4983.39,false
179738900,891147,890998,0,890998,179769000,891297,891148,0,891148,30100,150,4983.39,false
179769000,891297,891148,0,891148,179799100,891447,891298,0,891298,30100,150,4983.39,false
179799100,891447,891298,0,891298,179829200,891597,891448,0,891448,30100,150,4983.39,false
179829200,891597,891448,0,891448,179859300,891747,891598,0,891598,30100,150,4983.39,false
179859300,891747,891598,0,891598,179889400,891897,891748,0,891748,30100,150,4983.39,false
179889400,891897,891748,0,891748,179919500,892047,891898,0,891898,30100,150,4983.39,false
179919500,892047,891898,0,891898,179949600,892197,892048,0,892048,30100,150,4983.39,false
179949600,892197,892048,0,892048,179979700,892347,892198,0,892198,30100,150,4983.39,false
179979700,892347,892198,0,892198,180009800,892497,892348,0,892348,30100,150,4983.39,false
180009800,892497,892348,0,892348,180039900,892647,892498,0,892498,30100,150,4983.39,false
180039900,892647,892498,0,892498,180070000,892797,892648,0,892648,30100,150,4983.39,false
180070000,892797,892648,0,892648,180100100,892947,892798,0,892798,30100,150,4983.39,false
180100100,892947,892798,0,892798,180130200,893097,892948,0,892948,30100,150,4983.39,false
180130200,893097,892948,0,892948,180160300,893247,893098,0,893098,30100,150,4983.39,false
180160300,893247,893098,0,893098,180190400,893397,893248,0,893248,30100,150,4983.39,false
180190400,893397,893248,0,893248,180220500,893547,893398,0,893398,30100,150,4983.39,false
180220500,893547,893398,0,893398,180250600,893697,893548,0,893548,30100,150,4983.39,false
180250600,893697,893548,0,893548,180280700,893847,893698,0,893698,30100,150,4983.39,false
180280700,893847,893698,0,893698,180310800,893997,893848,0,893848,30100,150,4983.39,false
180310800,893997,893848,0,893848,180340900,894147,893998,0,893998,30100,150,4983.39,false
180340900,894147,893998,0,893998,180371000,894297,894148,0,894148,30100,150,4983.39,false
180371000,894297,894148,0,894148,180401100,894447,894298,0,894298,30100,150,4983.39,false
180401100,894447,894298,0,894298,180431200,894597,894448,0,894448,30100,150,4983.39,false
180431200,894597,894448,0,894448,180461300,894747,894598,0,894598,30100,150,4983.39,false
180461300,894747,894598,0,894598,180491400,894897,894748,0,894748,30100,150,4983.39,false
180491400,894897,894748,0,894748,180521500,895047,894898,0,894898,30100,150,4983.39,false
180521500,895047,894898,0,894898,180551600,895197,895048,0,895048,30100,150,4983.39,false
180551600,895197,895048,0,895048,180581700,895347,895198,0,895198,30100,150,4983.39,false
180581700,895347,895198,0,895198,180611800,895497,895348,0,895348,30100,150,4983.39,false
180611800,895497,895348,0,895348,180641900,895647,895498,0,895498,30100,150,4983.39,false
180641900,895647,895498,0,895498,180672000,895797,895648,0,895648,30100,150,4983.39,false
180672000,895797,895648,0,895648,180702100,895947,895798,0,895798,30100,150,4983.39,false
180702100,895947,895798,0,895798,180732200,896097,895948,0,895948,30100,150,4983.39,false
180732200,896097,895948,0,895948,180762300,896247,896098,0,896098,30100,150,4983.39,false
180762300,896247,896098,0,896098,180792400,896397,896248,0,896248,30100,150,4983.39,false
180792400,896397,896248,0,896248,180822500,896547,896398,0,896398,30100,150,4983.39,false
180822500,896547,896398,0,896398,180852600,896697,896548,0,896548,30100,150,4983.39,false
180852600,896697,896548,0,896548,180882700,896847,896698,0,896698,30100,150,4983.39,false
180882700,896847,896698,0,896698,180912800,896997,896848,0,896848,30100,150,4983.39,false
180912800,896997,896848,0,896848,180942900,897147,896998,0,896998,30100,150,4983.39,false
180942900,897147,896998,0,896998,180973000,897297,897148,0,897148,30100,150,4983.39,false
180973000,897297,897148,0,897148,181003100,897447,897298,0,897298,30100,150,4983.39,false
181003100,897447,897298,0,897298,181033200,897597,897448,0,897448,30100,150,4983.39,false
181033200,897597,897448,0,897448,181063300,897747,897598,0,897598,30100,150,4983.39,false
181063300,897747,897598,0,897598,181093400,897897,897748,0,897748,30100,150,4983.39,false
181093400,897897,897748,0,897748,181123500,898047,897898,0,897898,30100,150,4983.39,false
181123500,898047,897898,0,897898,181153600,898197,898048,0,898048,30100,150,4983.39,false
181153600,898197,898048,0,898048,181183700,898347,898198,0,898198,30100,150,4983.39,false
181183700,898347,898198,0,898198,181213800,898497,898348,0,898348,30100,150,4983.39,false
181213800,898497,898348,0,898348,181243900,898647,898498,0,898498,30100,150,4983.39,false
181243900,898647,898498,0,898498,181274000,898797,898648,0,898648,30100,150,4983.39,false
181274000,898797,898648,0,898648,181304100,898947,898798,0,898798,30100,150,4983.39,false
181304100,898947,898798,0,898798,181334200,899097,898948,0,898948,30100,150,4983.39,false
181334200,899097,898948,0,898948,181364300,899247,899098,0,899098,30100,150,4983.39,false
181364300,899247,899098,0,899098,181394400,899397,899248,0,899248,30100,150,4983.39,false
181394400,899397,899248,0,899248,181424500,899547,899398,0,899398,30100,150,4983.39,false
181424500,899547,899398,0,899398,181454600,899697,899548,0,899548,30100,150,4983.39,false
181454600,899697,899548,0,899548,181484700,899847,899698,0,899698,30100,150,4983.39,false
181484700,899847,899698,0,899698,181514800,899997,899848,0,899848,30100,150,4983.39,false
181514800,899997,899848,0,899848,181544900,900147,899998,0,899998,30100,150,4983.39,false
181544900,900147,899998,0,899998,181575000,900297,900148,0,900148,30100,150,4983.39,false
181575000,900297,900148,0,900148,181605100,900447,900298,0,900298,30100,150,4983.39,false
181605100,900447,900298,0,900298,181635200,900597,900448,0,900448,30100,150,4983.39,false
181635200,900597,900448,0,900448,181665300,900747,900598,0,900598,30100,150,4983.39,false
181665300,900747,900598,0,900598,181695400,900897,900748,0,900748,30100,150,4983.39,false
181695400,900897,900748,0,900748,181725500,901047,900898,0,900898,30100,150,4983.39,false
181725500,901047,900898,0,900898,181755600,901197,901048,0,901048,30100,150,4983.39,false
181755600,901197,901048,0,901048,181785700,901347,901198,0,901198,30100,150,4983.39,false
181785700,901347,901198,0,901198,181815800,901497,901348,0,901348,30100,150,4983.39,false
181815800,901497,901348,0,901348,181845900,901647,901498,0,901498,30100,150,4983.39,false
181845900,901647,901498,0,901498,181876000,901797,901648,0,901648,30100,150,4983.39,false
181876000,901797,901648,0,901648,181906100,901947,901798,0,901798,30100,150,4983.39,false
181906100,901947,901798,0,901798,181936200,902097,901948,0,901948,30100,150,4983.39,false
181936200,902097,901948,0,901948,181966300,902247,902098,0,902098,30100,150,4983.39,false
181966300,902247,902098,0,902098,181996400,902397,902248,0,902248,30100,150,4983.39,false
181996400,902397,902248,0,902248,182026500,902547,902398,0,902398,30100,150,4983.39,false
182026500,902547,902398,0,902398,182056600,902697,902548,0,902548,30100,150,4983.39,false
182056600,902697,902548,0,902548,182086700,902847,902698,0,902698,30100,150,4983.39,false
182086700,902847,902698,0,902698,182116800,902997,902848,0,902848,30100,150,4983.39,false
182116800,902997,902848,0,902848,182146900,903147,902998,0,902998,30100,150,4983.39,false
182146900,903147,902998,0,902998,182177000,903297,903148,0,903148,30100,150,4983.39,false
182177000,903297,903148,0,903148,182207100,903447,903298,0,903298,30100,150,4983.39,false
182207100,903447,903298,0,903298,182237200,903597,903448,0,903448,30100,150,4983.39,false
182237200,903597,903448,0,903448,182267300,903747,903598,0,903598,30100,150,4983.39,false
182267300,903747,903598,0,903598,182297400,903897,903748,0,903748,30100,150,4983.39,false
182297400,903897,903748,0,903748,182327500,904047,903898,0,903898,30100,150,4983.39,false
182327500,904047,903898,0,903898,182357600,904197,904048,0,904048,30100,150,4983.39,false
182357600,904197,904048,0,904048,182387700,904347,904198,0,904198,30100,150,4983.39,false
182387700,904347,904198,0,904198,182417800,904497,904348,0,904348,30100,150,4983.39,false
182417800,904497,904348,0,904348,182488300,904647,904498,0,904498,70500,150,2127.66,false
182488300,904647,904498,0,904498,182558800,904797,904648,0,904648,70500,150,2127.66,false
182558800,904797,904648,0,904648,182593000,904947,904798,0,904798,34200,150,4385.96,false
182593000,904947,904798,0,904798,182623100,905097,904948,0,904948,30100,150,4983.39,false
182623100,905097,904948,0,904948,182653200,905247,905098,0,905098,30100,150,4983.39,false
182653300,905248,905099,0,905099,182683400,905398,905249,0,905249,30100,150,4983.39,false
182683400,905398,905249,0,905249,182713500,905548,905399,0,905399,30100,150,4983.39,false
182713500,905548,905399,0,905399,182743600,905698,905549,0,905549,30100,150,4983.39,false
182743600,905698,905549,0,905549,182773700,905848,905699,0,905699,30100,150,4983.39,false
182773700,905848,905699,0,905699,182803800,905998,905849,0,905849,30100,150,4983.39,false
182803800,905998,905849,0,905849,182833900,906148,905999,0,905999,30100,150,4983.39,false
182833900,906148,905999,0,905999,182864000,906298,906149,0,906149,30100,150,4983.39,false
182864000,906298,906149,0,906149,182894100,906448,906299,0,906299,30100,150,4983.39,false
182894100,906448,906299,0,906299,182924200,906598,906449,0,906449,30100,150,4983.39,false
182924200,906598,906449,0,906449,182954300,906748,906599,0,906599,30100,150,4983.39,false
182954300,906748,906599,0,906599,182984400,906898,906749,0,906749,30100,150,4983.39,false
182984400,906898,906749,0,906749,183014500,907048,906899,0,906899,30100,150,4983.39,false
183014500,907048,906899,0,906899,183044600,907599,907049,0,907049,30100,150,4983.39,true
183044600,907599,907049,0,907049,183114800,908150,907600,0,907600,70200,551,7849.00,true
183114800,908150,907600,0,907600,183185000,908341,908151,0,908151,70200,551,7849.00,true
183185000,908341,908151,0,908151,183219200,908491,908342,0,908342,34200,191,5584.80,true
183219200,908491,908342,0,908342,183249300,908641,908492,0,908492,30100,150,4983.39,false
183249300,908641,908492,0,908492,183279400,908791,908642,0,908642,30100,150,4983.39,false
183279400,908791,908642,0,908642,183309500,908941,908792,0,908792,30100,150,4983.39,false
183309500,908941,908792,0,908792,183339600,909091,908942,0,908942,30100,150,4983.39,false
183339600,909091,908942,0,908942,183369700,909241,909092,0,909092,30100,150,4983.39,false
183369700,909241,909092,0,909092,183399800,909391,909242,0,909242,30100,150,4983.39,false
183399800,909391,909242,0,909242,183429900,909541,909392,0,909392,30100,150,4983.39,false
183429900,909541,909392,0,909392,183460000,909691,909542,0,909542,30100,150,4983.39,false
183460000,909691,909542,0,909542,183490100,909841,909692,0,909692,30100,150,4983.39,false
183490100,909841,909692,0,909692,183520200,909991,909842,0,909842,30100,150,4983.39,false
183520200,909991,909842,0,909842,183550300,910141,909992,0,909992,30100,150,4983.39,false
183550300,910141,909992,0,909992,183580400,910291,910142,0,910142,30100,150,4983.39,false
183580400,910291,910142,0,910142,183610500,910441,910292,0,910292,30100,150,4983.39,false
183610500,910441,910292,0,910292,183640600,910591,910442,0,910442,30100,150,4983.39,false
183640600,910591,910442,0,910442,183670700,910741,910592,0,910592,30100,150,4983.39,false
183670700,910741,910592,0,910592,183700800,910891,910742,0,910742,30100,150,4983.39,false
183700800,910891,910742,0,910742,183730900,911041,910892,0,910892,30100,150,4983.39,false
183730900,911041,910892,0,910892,183761000,911191,911042,0,911042,30100,150,4983.39,false
183761000,911191,911042,0,911042,183791100,911341,911192,0,911192,30100,150,4983.39,false
183791100,911341,911192,0,911192,183821200,911491,911342,0,911342,30100,150,4983.39,false
183821200,911491,911342,0,911342,183851300,911641,911492,0,911492,30100,150,4983.39,false
183851300,911641,911492,0,911492,183881400,911791,911642,0,911642,30100,150,4983.39,false
183881400,911791,911642,0,911642,183911500,911941,911792,0,911792,30100,150,4983.39,false
183911500,911941,911792,0,911792,183941600,912091,911942,0,911942,30100,150,4983.39,false
183941600,912091,911942,0,911942,183971700,912241,912092,0,912092,30100,150,4983.39,false
183971700,912241,912092,0,912092,184001800,912391,912242,0,912242,30100,150,4983.39,false
184001800,912391,912242,0,912242,184031900,912541,912392,0,912392,30100,150,4983.39,false
184031900,912541,912392,0,912392,184062000,912691,912542,0,912542,30100,150,4983.39,false
184062000,912691,912542,0,912542,184092100,912841,912692,0,912692,30100,150,4983.39,false
184092100,912841,912692,0,912692,184122200,912991,912842,0,912842,30100,150,4983.39,false
184122200,912991,912842,0,912842,184152300,913141,912992,0,912992,30100,150,4983.39,false
184152300,913141,912992,0,912992,184182400,913291,913142,0,913142,30100,150,4983.39,false
184182400,913291,913142,0,913142,184212500,913441,913292,0,913292,30100,150,4983.39,false
184212500,913441,913292,0,913292,184242600,913591,913442,0,913442,30100,150,4983.39,false
184242600,913591,913442,0,913442,184272700,913741,913592,0,913592,30100,150,4983.39,false
184272700,913741,913592,0,913592,184302800,913891,913742,0,913742,30100,150,4983.39,false
184302800,913891,913742,0,913742,184332900,914041,913892,0,913892,30100,150,4983.39,false
184332900,914041,913892,0,913892,184363000,914191,914042,0,914042,30100,150,4983.39,false
184363000,914191,914042,0,914042,184393100,914341,914192,0,914192,30100,150,4983.39,false
184393100,914341,914192,0,914192,184423200,914491,914342,0,914342,30100,150,4983.39,false
184423200,914491,914342,0,914342,184453300,914641,914492,0,914492,30100,150,4983.39,false
184453300,914641,914492,0,914492,184483400,914791,914642,0,914642,30100,150,4983.39,false
184483400,914791,914642,0,914642,184513500,914941,914792,0,914792,30100,150,4983.39,false
184513500,914941,914792,0,914792,184543600,915091,914942,0,914942,30100,150,4983.39,false
184543600,915091,914942,0,914942,184573700,915241,915092,0,915092,30100,150,4983.39,false
184573700,915241,915092,0,915092,184603800,915391,915242,0,915242,30100,150,4983.39,false
184603800,915391,915242,0,915242,184633900,915541,915392,0,915392,30100,150,4983.39,false
184633900,915541,915392,0,915392,184664000,915691,915542,0,915542,30100,150,4983.39,false
184664000,915691,915542,0,915542,184694100,915841,915692,0,915692,30100,150,4983.39,false
184694100,915841,915692,0,915692,184724200,915991,915842,0,915842,30100,150,4983.39,false
184724200,915991,915842,0,915842,184754300,916141,915992,0,915992,30100,150,4983.39,false
184754300,916141,915992,0,915992,184784400,916291,916142,0,916142,30100,150,4983.39,false
184784400,916291,916142,0,916142,184814500,916441,916292,0,916292,30100,150,4983.39,false
184814500,916441,916292,0,916292,184844600,916591,916442,0,916442,30100,150,4983.39,false
184844600,916591,916442,0,916442,184874700,916741,916592,0,916592,30100,150,4983.39,false
184874700,916741,916592,0,916592,184904800,916891,916742,0,916742,30100,150,4983.39,false
184904800,916891,916742,0,916742,184934900,917041,916892,0,916892,30100,150,4983.39,false
184934900,917041,916892,0,916892,184965000,917191,917042,0,917042,30100,150,4983.39,false
184965000,917191,917042,0,917042,184995100,917341,917192,0,917192,30100,150,4983.39,false
184995100,917341,917192,0,917192,185025200,917491,917342,0,917342,30100,150,4983.39,false
185025200,917491,917342,0,917342,185055300,917641,917492,0,917492,30100,150,4983.39,false
185055300,917641,917492,0,917492,185085400,917791,917642,0,917642,30100,150,4983.39,false
185085400,917791,917642,0,917642,185115500,917941,917792,0,917792,30100,150,4983.39,false
185115500,917941,917792,0,917792,185145600,918091,917942,0,917942,30100,150,4983.39,false
185145600,918091,917942,0,917942,185175700,918241,918092,0,918092,30100,150,4983.39,false
185175700,918241,918092,0,918092,185205800,918391,918242,0,918242,30100,150,4983.39,false
185205800,918391,918242,0,918242,185235900,918541,918392,0,918392,30100,150,4983.39,false
185235900,918541,918392,0,918392,185266000,918691,918542,0,918542,30100,150,4983.39,false
185266000,918691,918542,0,918542,185296100,918841,918692,0,918692,30100,150,4983.39,false
185296100,918841,918692,0,918692,185326200,918991,918842,0,918842,30100,150,4983.39,false
185326200,918991,918842,0,918842,185356300,919141,918992,0,918992,30100,150,4983.39,false
185356300,919141,918992,0,918992,185386400,919291,919142,0,919142,30100,150,4983.39,false
185386400,919291,919142,0,919142,185416500,919441,919292,0,919292,30100,150,4983.39,false
185416500,919441,919292,0,919292,185446600,919591,919442,0,919442,30100,150,4983.39,false
185446600,919591,919442,0,919442,185476700,919741,919592,0,919592,30100,150,4983.39,false
185476700,919741,919592,0,919592,185506800,919891,919742,0,919742,30100,150,4983.39,false
185506800,919891,919742,0,919742,185536900,920041,919892,0,919892,30100,150,4983.39,false
185536900,920041,919892,0,919892,185567000,920191,920042,0,920042,30100,150,4983.39,false
185567000,920191,920042,0,920042,185597100,920341,920192,0,920192,30100,150,4983.39,false
185597100,920341,920192,0,920192,185627200,920491,920342,0,920342,30100,150,4983.39,false
185627200,920491,920342,0,920342,185657300,920641,920492,0,920492,30100,150,4983.39,false
185657300,920641,920492,0,920492,185687400,920791,920642,0,920642,30100,150,4983.39,false
185687400,920791,920642,0,920642,185717500,920941,920792,0,920792,30100,150,4983.39,false
185717500,920941,920792,0,920792,185747600,921091,920942,0,920942,30100,150,4983.39,false
185747600,921091,920942,0,920942,185777700,921241,921092,0,921092,30100,150,4983.39,false
185777700,921241,921092,0,921092,185807800,921391,921242,0,921242,30100,150,4983.39,false
185807800,921391,921242,0,921242,185837900,921541,921392,0,921392,30100,150,4983.39,false
185837900,921541,921392,0,921392,185868000,921691,921542,0,921542,30100,150,4983.39,false
185868000,921691,921542,0,921542,185898100,921841,921692,0,921692,30100,150,4983.39,false
185898100,921841,921692,0,921692,185928200,921991,921842,0,921842,30100,150,4983.39,false
185928200,921991,921842,0,921842,185958300,922141,921992,0,921992,30100,150,4983.39,false
185958300,922141,921992,0,921992,185988400,922291,922142,0,922142,30100,150,4983.39,false
185988400,922291,922142,0,922142,186018500,922441,922292,0,922292,30100,150,4983.39,false
186018500,922441,922292,0,922292,186048600,922591,922442,0,922442,30100,150,4983.39,false
186048600,922591,922442,0,922442,186078700,922741,922592,0,922592,30100,150,4983.39,false
186078700,922741,922592,0,922592,186108800,922891,922742,0,922742,30100,150,4983.39,false
186108800,922891,922742,0,922742,186138900,923041,922892,0,922892,30100,150,4983.39,false
186138900,923041,922892,0,922892,186169000,923191,923042,0,923042,30100,150,4983.39,false
186169000,923191,923042,0,923042,186199100,923341,923192,0,923192,30100,150,4983.39,false
186199100,923341,923192,0,923192,186229200,923491,923342,0,923342,30100,150,4983.39,false
186229200,923491,923342,0,923342,186299700,923641,923492,0,923492,70500,150,2127.66,false
186299700,923641,923492,0,923492,186370200,923791,923642,0,923642,70500,150,2127.66,false
186370200,923791,923642,0,923642,186404400,923941,923792,0,923792,34200,150,4385.96,false
186404400,923941,923792,0,923792,186434500,924091,923942,0,923942,30100,150,4983.39,false
186434500,924091,923942,0,923942,186464600,924241,924092,0,924092,30100,150,4983.39,false
186464700,924242,924093,0,924093,186494800,924392,924243,0,924243,30100,150,4983.39,false
186494800,924392,924243,0,924243,186524900,924542,924393,0,924393,30100,150,4983.39,false
186524900,924542,924393,0,924393,186555000,924692,924543,0,924543,30100,150,4983.39,false
186555000,924692,924543,0,924543,186585100,924842,924693,0,924693,30100,150,4983.39,false
186585100,924842,924693,0,924693,186615200,924992,924843,0,924843,30100,150,4983.39,false
186615200,924992,924843,0,924843,186645300,925142,924993,0,924993,30100,150,4983.39,false
186645300,925142,924993,0,924993,186675400,925292,925143,0,925143,30100,150,4983.39,false
186675400,925292,925143,0,925143,186705500,925442,925293,0,925293,30100,150,4983.39,false
186705500,925442,925293,0,925293,186735600,925592,925443,0,925443,30100,150,4983.39,false
186735600,925592,925443,0,925443,186765700,925742,925593,0,925593,30100,150,4983.39,false
186765700,925742,925593,0,925593,186795800,925892,925743,0,925743,30100,150,4983.39,false
186795800,925892,925743,0,925743,186825900,926042,925893,0,925893,30100,150,4983.39,false
186825900,926042,925893,0,925893,186856000,926593,926043,0,926043,30100,150,4983.39,true
186856000,926593,926043,0,926043,186926200,927144,926594,0,926594,70200,551,7849.00,true
186926200,927144,926594,0,926594,186996400,927335,927145,0,927145,70200,551,7849.00,true
186996400,927335,927145,0,927145,187030600,927485,927336,0,927336,34200,191,5584.80,true
187030600,927485,927336,0,927336,187060700,927635,927486,0,927486,30100,150,4983.39,false
187060700,927635,927486,0,927486,187090800,927785,927636,0,927636,30100,150,4983.39,false
187090800,927785,927636,0,927636,187120900,927935,927786,0,927786,30100,150,4983.39,false
187120900,927935,927786,0,927786,187151000,928085,927936,0,927936,30100,150,4983.39,false
187151000,928085,927936,0,927936,187181100,928235,928086,0,928086,30100,150,4983.39,false
187181100,928235,928086,0,928086,187211200,928385,928236,0,928236,30100,150,4983.39,false
187211200,928385,928236,0,928236,187241300,928535,928386,0,928386,30100,150,4983.39,false
187241300,928535,928386,0,928386,187271400,928685,928536,0,928536,30100,150,4983.39,false
187271400,928685,928536,0,928536,187301500,928835,928686,0,928686,30100,150,4983.39,false
187301500,928835,928686,0,928686,187331600,928985,928836,0,928836,30100,150,4983.39,false
187331600,928985,928836,0,928836,187361700,929135,928986,0,928986,30100,150,4983.39,false
187361700,929135,928986,0,928986,187391800,929285,929136,0,929136,30100,150,4983.39,false
187391800,929285,929136,0,929136,187421900,929435,929286,0,929286,30100,150,4983.39,false
187421900,929435,929286,0,929286,187452000,929585,929436,0,929436,30100,150,4983.39,false
187452000,929585,929436,0,929436,187482100,929735,929586,0,929586,30100,150,4983.39,false
187482100,929735,929586,0,929586,187512200,929885,929736,0,929736,30100,150,4983.39,false
187512200,929885,929736,0,929736,187542300,930035,929886,0,929886,30100,150,4983.39,false
187542300,930035,929886,0,929886,187572400,930185,930036,0,930036,30100,150,4983.39,false
187572400,930185,930036,0,930036,187602500,930335,930186,0,930186,30100,150,4983.39,false
187602500,930335,930186,0,930186,187632600,930485,930336,0,930336,30100,150,4983.39,false
187632600,930485,930336,0,930336,187662700,930635,930486,0,930486,30100,150,4983.39,false
187662700,930635,930486,0,930486,187692800,930785,930636,0,930636,30100,150,4983.39,false
187692800,930785,930636,0,930636,187722900,930935,930786,0,930786,30100,150,4983.39,false
187722900,930935,930786,0,930786,187753000,931085,930936,0,930936,30100,150,4983.39,false
187753000,931085,930936,0,930936,187783100,931235,931086,0,931086,30100,150,4983.39,false
187783100,931235,931086,0,931086,187813200,931385,931236,0,931236,30100,150,4983.39,false
187813200,931385,931236,0,931236,187843300,931535,931386,0,931386,30100,150,4983.39,false
187843300,931535,931386,0,931386,187873400,931685,931536,0,931536,30100,150,4983.39,false
187873400,931685,931536,0,931536,187903500,931835,931686,0,931686,30100,150,4983.39,false
187903500,931835,931686,0,931686,187933600,931985,931836,0,931836,30100,150,4983.39,false
187933600,931985,931836,0,931836,187963700,932135,931986,0,931986,30100,150,4983.39,false
187963700,932135,931986,0,931986,187993800,932285,932136,0,932136,30100,150,4983.39,false
187993800,932285,932136,0,932136,188023900,932435,932286,0,932286,30100,150,4983.39,false
188023900,932435,932286,0,932286,188054000,932585,932436,0,932436,30100,150,4983.39,false
188054000,932585,932436,0,932436,188084100,932735,932586,0,932586,30100,150,4983.39,false
188084100,932735,932586,0,932586,188114200,932885,932736,0,932736,30100,150,4983.39,false
188114200,932885,932736,0,932736,188144300,933035,932886,0,932886,30100,150,4983.39,false
188144300,933035,932886,0,932886,188174400,933185,933036,0,933036,30100,150,4983.39,false
188174400,933185,933036,0,933036,188204500,933335,933186,0,933186,30100,150,4983.39,false
188204500,933335,933186,0,933186,188234600,933485,933336,0,933336,30100,150,4983.39,false
188234600,933485,933336,0,933336,188264700,933635,933486,0,933486,30100,150,4983.39,false
188264700,933635,933486,0,933486,188294800,933785,933636,0,933636,30100,150,4983.39,false
188294800,933785,933636,0,933636,188324900,933935,933786,0,933786,30100,150,4983.39,false
188324900,933935,933786,0,933786,188355000,934085,933936,0,933936,30100,150,4983.39,false
188355000,934085,933936,0,933936,188385100,934235,934086,0,934086,30100,150,4983.39,false
188385100,934235,934086,0,934086,188415200,934385,934236,0,934236,30100,150,4983.39,false
188415200,934385,934236,0,934236,188445300,934535,934386,0,934386,30100,150,4983.39,false
188445300,934535,934386,0,934386,188475400,934685,934536,0,934536,30100,150,4983.39,false
188475400,934685,934536,0,934536,188505500,934835,934686,0,934686,30100,150,4983.39,false
188505500,934835,934686,0,934686,188535600,934985,934836,0,934836,30100,150,4983.39,false
188535600,934985,934836,0,934836,188565700,935135,934986,0,934986,30100,150,4983.39,false
188565700,935135,934986,0,934986,188595800,935285,935136,0,935136,30100,150,4983.39,false
188595800,935285,935136,0,935136,188625900,935435,935286,0,935286,30100,150,4983.39,false
188625900,935435,935286,0,935286,188656000,935585,935436,0,935436,30100,150,4983.39,false
188656000,935585,935436,0,935436,188686100,935735,935586,0,935586,30100,150,4983.39,false
188686100,935735,935586,0,935586,188716200,935885,935736,0,935736,30100,150,4983.39,false
188716200,935885,935736,0,935736,188746300,936035,935886,0,935886,30100,150,4983.39,false
188746300,936035,935886,0,935886,188776400,936185,936036,0,936036,30100,150,4983.39,false
188776400,936185,936036,0,936036,188806500,936335,936186,0,936186,30100,150,4983.39,false
188806500,936335,936186,0,936186,188836600,936485,936336,0,936336,30100,150,4983.39,false
188836600,936485,936336,0,936336,188866700,936635,936486,0,936486,30100,150,4983.39,false
188866700,936635,936486,0,936486,188896800,936785,936636,0,936636,30100,150,4983.39,false
188896800,936785,936636,0,936636,188926900,936935,936786,0,936786,30100,150,4983.39,false
188926900,936935,936786,0,936786,188957000,937085,936936,0,936936,30100,150,4983.39,false
188957000,937085,936936,0,936936,188987100,937235,937086,0,937086,30100,150,4983.39,false
188987100,937235,937086,0,937086,189017200,937385,937236,0,937236,30100,150,4983.39,false
189017200,937385,937236,0,937236,189047300,937535,937386,0,937386,30100,150,4983.39,false
189047300,937535,937386,0,937386,189077400,937685,937536,0,937536,30100,150,4983.39,false
189077400,937685,937536,0,937536,189107500,937835,937686,0,937686,30100,150,4983.39,false
189107500,937835,937686,0,937686,189137600,937985,937836,0,937836,30100,150,4983.39,false
189137600,937985,937836,0,937836,189167700,938135,937986,0,937986,30100,150,4983.39,false
189167700,938135,937986,0,937986,189197800,938285,938136,0,938136,30100,150,4983.39,false
189197800,938285,938136,0,938136,189227900,938435,938286,0,938286,30100,150,4983.39,false
189227900,938435,938286,0,938286,189258000,938585,938436,0,938436,30100,150,4983.39,false
189258000,938585,938436,0,938436,189288100,938735,938586,0,938586,30100,150,4983.39,false
189288100,938735,938586,0,938586,189318200,938885,938736,0,938736,30100,150,4983.39,false
189318200,938885,938736,0,938736,189348300,939035,938886,0,938886,30100,150,4983.39,false
189348300,939035,938886,0,938886,189378400,939185,939036,0,939036,30100,150,4983.39,false
189378400,939185,939036,0,939036,189408500,939335,939186,0,939186,30100,150,4983.39,false
189408500,939335,939186,0,939186,189438600,939485,939336,0,939336,30100,150,4983.39,false
189438600,939485,939336,0,939336,189468700,939635,939486,0,939486,30100,150,4983.39,false
189468700,939635,939486,0,939486,189498800,939785,939636,0,939636,30100,150,4983.39,false
189498800,939785,939636,0,939636,189528900,939935,939786,0,939786,30100,150,4983.39,false
189528900,939935,939786,0,939786,189559000,940085,939936,0,939936,30100,150,4983.39,false
189559000,940085,939936,0,939936,189589100,940235,940086,0,940086,30100,150,4983.39,false
189589100,940235,940086,0,940086,189619200,940385,940236,0,940236,30100,150,4983.39,false
189619200,940385,940236,0,940236,189649300,940535,940386,0,940386,30100,150,4983.39,false
189649300,940535,940386,0,940386,189679400,940685,940536,0,940536,30100,150,4983.39,false
189679400,940685,940536,0,940536,189709500,940835,940686,0,940686,30100,150,4983.39,false
189709500,940835,940686,0,940686,189739600,940985,940836,0,940836,30100,150,4983.39,false
189739600,940985,940836,0,940836,189769700,941135,940986,0,940986,30100,150,4983.39,false
189769700,941135,940986,0,940986,189799800,941285,941136,0,941136,30100,150,4983.39,false
189799800,941285,941136,0,941136,189829900,941435,941286,0,941286,30100,150,4983.39,false
189829900,941435,941286,0,941286,189860000,941585,941436,0,941436,30100,150,4983.39,false
189860000,941585,941436,0,941436,189890100,941735,941586,0,941586,30100,150,4983.39,false
189890100,941735,941586,0,941586,189920200,941885,941736,0,941736,30100,150,4983.39,false
189920200,941885,941736,0,941736,189950300,942035,941886,0,941886,30100,150,4983.39,false
189950300,942035,941886,0,941886,189980400,942185,942036,0,942036,30100,150,4983.39,false
189980400,942185,942036,0,942036,190010500,942335,942186,0,942186,30100,150,4983.39,false
190010500,942335,942186,0,942186,190040600,942485,942336,0,942336,30100,150,4983.39,false
190040600,942485,942336,0,942336,190111100,942635,942486,0,942486,70500,150,2127.66,false
190111100,942635,942486,0,942486,190181600,942785,942636,0,942636,70500,150,2127.66,false
190181600,942785,942636,0,942636,190215800,942935,942786,0,942786,34200,150,4385.96,false
190215800,942935,942786,0,942786,190245900,943085,942936,0,942936,30100,150,4983.39,false
190245900,943085,942936,0,942936,190276000,943235,943086,0,943086,30100,150,4983.39,false
190276100,943236,943087,0,943087,190306200,943386,943237,0,943237,30100,150,4983.39,false
190306200,943386,943237,0,943237,190336300,943536,943387,0,943387,30100,150,4983.39,false
190336300,943536,943387,0,943387,190366400,943686,943537,0,943537,30100,150,4983.39,false
190366400,943686,943537,0,943537,190396500,943836,943687,0,943687,30100,150,4983.39,false
190396500,943836,943687,0,943687,190426600,943986,943837,0,943837,30100,150,4983.39,false
190426600,943986,943837,0,943837,190456700,944136,943987,0,943987,30100,150,4983.39,false
190456700,944136,943987,0,943987,190486800,944286,944137,0,944137,30100,150,4983.39,false
190486800,944286,944137,0,944137,190516900,944436,944287,0,944287,30100,150,4983.39,false
190516900,944436,944287,0,944287,190547000,944586,944437,0,944437,30100,150,4983.39,false
190547000,944586,944437,0,944437,190577100,944736,944587,0,944587,30100,150,4983.39,false
190577100,944736,944587,0,944587,190607200,944886,944737,0,944737,30100,150,4983.39,false
190607200,944886,944737,0,944737,190637300,945036,944887,0,944887,30100,150,4983.39,false
190637300,945036,944887,0,944887,190667400,945587,945037,0,945037,30100,150,4983.39,true
190667400,945587,945037,0,945037,190737600,946138,945588,0,945588,70200,551,7849.00,true
190737600,946138,945588,0,945588,190807800,946329,946139,0,946139,70200,551,7849.00,true
190807800,946329,946139,0,946139,190842000,946479,946330,0,946330,34200,191,5584.80,true
190842000,946479,946330,0,946330,190872100,946629,946480,0,946480,30100,150,4983.39,false
190872100,946629,946480,0,946480,190902200,946779,946630,0,946630,30100,150,4983.39,false
190902200,946779,946630,0,946630,190932300,946929,946780,0,946780,30100,150,4983.39,false
190932300,946929,946780,0,946780,190962400,947079,946930,0,946930,30100,150,4983.39,false
190962400,947079,946930,0,946930,190992500,947229,947080,0,947080,30100,150,4983.39,false
190992500,947229,947080,0,947080,191022600,947379,947230,0,947230,30100,150,4983.39,false
191022600,947379,947230,0,947230,191052700,947529,947380,0,947380,30100,150,4983.39,false
191052700,947529,947380,0,947380,191082800,947679,947530,0,947530,30100,150,4983.39,false
191082800,947679,947530,0,947530,191112900,947829,947680,0,947680,30100,150,4983.39,false
191112900,947829,947680,0,947680,191143000,947979,947830,0,947830,30100,150,4983.39,false
191143000,947979,947830,0,947830,191173100,948129,947980,0,947980,30100,150,4983.39,false
191173100,948129,947980,0,947980,191203200,948279,948130,0,948130,30100,150,4983.39,false
191203200,948279,948130,0,948130,191233300,948429,948280,0,948280,30100,150,4983.39,false
191233300,948429,948280,0,948280,191263400,948579,948430,0,948430,30100,150,4983.39,false
191263400,948579,948430,0,948430,191293500,948729,948580,0,948580,30100,150,4983.39,false
191293500,948729,948580,0,948580,191323600,948879,948730,0,948730,30100,150,4983.39,false
191323600,948879,948730,0,948730,191353700,949029,948880,0,948880,30100,150,4983.39,false
191353700,949029,948880,0,948880,191383800,949179,949030,0,949030,30100,150,4983.39,false
191383800,949179,949030,0,949030,191413900,949329,949180,0,949180,30100,150,4983.39,false
191413900,949329,949180,0,949180,191444000,949479,949330,0,949330,30100,150,4983.39,false
191444000,949479,949330,0,949330,191474100,949629,949480,0,949480,30100,150,4983.39,false
191474100,949629,949480,0,949480,191504200,949779,949630,0,949630,30100,150,4983.39,false
191504200,949779,949630,0,949630,191534300,949929,949780,0,949780,30100,150,4983.39,false
191534300,949929,949780,0,949780,191564400,950079,949930,0,949930,30100,150,4983.39,false
191564400,950079,949930,0,949930,191594500,950229,950080,0,950080,30100,150,4983.39,false
191594500,950229,950080,0,950080,191624600,950379,950230,0,950230,30100,150,4983.39,false
191624600,950379,950230,0,950230,191654700,950529,950380,0,950380,30100,150,4983.39,false
191654700,950529,950380,0,950380,191684800,950679,950530,0,950530,30100,150,4983.39,false
191684800,950679,950530,0,950530,191714900,950829,950680,0,950680,30100,150,4983.39,false
191714900,950829,950680,0,950680,191745000,950979,950830,0,950830,30100,150,4983.39,false
191745000,950979,950830,0,950830,191775100,951129,950980,0,950980,30100,150,4983.39,false
191775100,951129,950980,0,950980,191805200,951279,951130,0,951130,30100,150,4983.39,false
191805200,951279,951130,0,951130,191835300,951429,951280,0,951280,30100,150,4983.39,false
191835300,951429,951280,0,951280,191865400,951579,951430,0,951430,30100,150,4983.39,false
191865400,951579,951430,0,951430,191895500,951729,951580,0,951580,30100,150,4983.39,false
191895500,951729,951580,0,951580,191925600,951879,951730,0,951730,30100,150,4983.39,false
191925600,951879,951730,0,951730,191955700,952029,951880,0,951880,30100,150,4983.39,false
191955700,952029,951880,0,951880,191985800,952179,952030,0,952030,30100,150,4983.39,false
191985800,952179,952030,0,952030,192015900,952329,952180,0,952180,30100,150,4983.39,false
192015900,952329,952180,0,952180,192046000,952479,952330,0,952330,30100,150,4983.39,false
192046000,952479,952330,0,952330,192076100,952629,952480,0,952480,30100,150,4983.39,false
192076100,952629,952480,0,952480,192106200,952779,952630,0,952630,30100,150,4983.39,false
192106200,952779,952630,0,952630,192136300,952929,952780,0,952780,30100,150,4983.39,false
192136300,952929,952780,0,952780,192166400,953079,952930,0,952930,30100,150,4983.39,false
192166400,953079,952930,0,952930,192196500,953229,953080,0,953080,30100,150,4983.39,false
192196500,953229,953080,0,953080,192226600,953379,953230,0,953230,30100,150,4983.39,false
192226600,953379,953230,0,953230,192256700,953529,953380,0,953380,30100,150,4983.39,false
192256700,953529,953380,0,953380,192286800,953679,953530,0,953530,30100,150,4983.39,false
192286800,953679,953530,0,953530,192316900,953829,953680,0,953680,30100,150,4983.39,false
192316900,953829,953680,0,953680,192347000,953979,953830,0,953830,30100,150,4983.39,false
192347000,953979,953830,0,953830,192377100,954129,953980,0,953980,30100,150,4983.39,false
192377100,954129,953980,0,953980,192407200,954279,954130,0,954130,30100,150,4983.39,false
192407200,954279,954130,0,954130,192437300,954429,954280,0,954280,30100,150,4983.39,false
192437300,954429,954280,0,954280,192467400,954579,954430,0,954430,30100,150,4983.39,false
192467400,954579,954430,0,954430,192497500,954729,954580,0,954580,30100,150,4983.39,false
192497500,954729,954580,0,954580,192527600,954879,954730,0,954730,30100,150,4983.39,false
192527600,954879,954730,0,954730,192557700,955029,954880,0,954880,30100,150,4983.39,false
192557700,955029,954880,0,954880,192587800,955179,955030,0,955030,30100,150,4983.39,false
192587800,955179,955030,0,955030,192617900,955329,955180,0,955180,30100,150,4983.39,false
192617900,955329,955180,0,955180,192648000,955479,955330,0,955330,30100,150,4983.39,false
192648000,955479,955330,0,955330,192678100,955629,955480,0,955480,30100,150,4983.39,false
192678100,955629,955480,0,955480,192708200,955779,955630,0,955630,30100,150,4983.39,false
192708200,955779,955630,0,955630,192738300,955929,955780,0,955780,30100,150,4983.39,false
192738300,955929,955780,0,955780,192768400,956079,955930,0,955930,30100,150,4983.39,false
192768400,956079,955930,0,955930,192798500,956229,956080,0,956080,30100,150,4983.39,false
192798500,956229,956080,0,956080,192828600,956379,956230,0,956230,30100,150,4983.39,false
192828600,956379,956230,0,956230,192858700,956529,956380,0,956380,30100,150,4983.39,false
192858700,956529,956380,0,956380,192888800,956679,956530,0,956530,30100,150,4983.39,false
192888800,956679,956530,0,956530,192918900,956829,956680,0,956680,30100,150,4983.39,false
192918900,956829,956680,0,956680,192949000,956979,956830,0,956830,30100,150,4983.39,false
192949000,956979,956830,0,956830,192979100,957129,956980,0,956980,30100,150,4983.39,false
192979100,957129,956980,0,956980,193009200,957279,957130,0,957130,30100,150,4983.39,false
193009200,957279,957130,0,957130,193039300,957429,957280,0,957280,30100,150,4983.39,false
193039300,957429,957280,0,957280,193069400,957579,957430,0,957430,30100,150,4983.39,false
193069400,957579,957430,0,957430,193099500,957729,957580,0,957580,30100,150,4983.39,false
193099500,957729,957580,0,957580,193129600,957879,957730,0,957730,30100,150,4983.39,false
193129600,957879,957730,0,957730,193159700,958029,957880,0,957880,30100,150,4983.39,false
193159700,958029,957880,0,957880,193189800,958179,958030,0,958030,30100,150,4983.39,false
193189800,958179,958030,0,958030,193219900,958329,958180,0,958180,30100,150,4983.39,false
193219900,958329,958180,0,958180,193250000,958479,958330,0,958330,30100,150,4983.39,false
193250000,958479,958330,0,958330,193280100,958629,958480,0,958480,30100,150,4983.39,false
193280100,958629,958480,0,958480,193310200,958779,958630,0,958630,30100,150,4983.39,false
193310200,958779,958630,0,958630,193340300,958929,958780,0,958780,30100,150,4983.39,false
193340300,958929,958780,0,958780,193370400,959079,958930,0,958930,30100,150,4983.39,false
193370400,959079,958930,0,958930,193400500,959229,959080,0,959080,30100,150,4983.39,false
193400500,959229,959080,0,959080,193430600,959379,959230,0,959230,30100,150,4983.39,false
193430600,959379,959230,0,959230,193460700,959529,959380,0,959380,30100,150,4983.39,false
193460700,959529,959380,0,959380,193490800,959679,959530,0,959530,30100,150,4983.39,false
193490800,959679,959530,0,959530,193520900,959829,959680,0,959680,30100,150,4983.39,false
193520900,959829,959680,0,959680,193551000,959979,959830,0,959830,30100,150,4983.39,false
193551000,959979,959830,0,959830,193581100,960129,959980,0,959980,30100,150,4983.39,false
193581100,960129,959980,0,959980,193611200,960279,960130,0,960130,30100,150,4983.39,false
193611200,960279,960130,0,960130,193641300,960429,960280,0,960280,30100,150,4983.39,false
193641300,960429,960280,0,960280,193671400,960579,960430,0,960430,30100,150,4983.39,false
193671400,960579,960430,0,960430,193701500,960729,960580,0,960580,30100,150,4983.39,false
193701500,960729,960580,0,960580,193731600,960879,960730,0,960730,30100,150,4983.39,false
193731600,960879,960730,0,960730,193761700,961029,960880,0,960880,30100,150,4983.39,false
193761700,961029,960880,0,960880,193791800,961179,961030,0,961030,30100,150,4983.39,false
193791800,961179,961030,0,961030,193821900,961329,961180,0,961180,30100,150,4983.39,false
193821900,961329,961180,0,961180,193852000,961479,961330,0,961330,30100,150,4983.39,false
193852000,961479,961330,0,961330,193922500,961629,961480,0,961480,70500,150,2127.66,false
193922500,961629,961480,0,961480,193993000,961779,961630,0,961630,70500,150,2127.66,false
193993000,961779,961630,0,961630,194027200,961929,961780,0,961780,34200,150,4385.96,false
194027200,961929,961780,0,961780,194057300,962079,961930,0,961930,30100,150,4983.39,false
194057300,962079,961930,0,961930,194087400,962229,962080,0,962080,30100,150,4983.39,false
194087500,962230,962081,0,962081,194117600,962380,962231,0,962231,30100,150,4983.39,false
194117600,962380,962231,0,962231,194147700,962530,962381,0,962381,30100,150,4983.39,false
194147700,962530,962381,0,962381,194177800,962680,962531,0,962531,30100,150,4983.39,false
194177800,962680,962531,0,962531,194207900,962830,962681,0,962681,30100,150,4983.39,false
194207900,962830,962681,0,962681,194238000,962980,962831,0,962831,30100,150,4983.39,false
194238000,962980,962831,0,962831,194268100,963130,962981,0,962981,30100,150,4983.39,false
194268100,963130,962981,0,962981,194298200,963280,963131,0,963131,30100,150,4983.39,false
194298200,963280,963131,0,963131,194328300,963430,963281,0,963281,30100,150,4983.39,false
194328300,963430,963281,0,963281,194358400,963580,963431,0,963431,30100,150,4983.39,false
194358400,963580,963431,0,963431,194388500,963730,963581,0,963581,30100,150,4983.39,false
194388500,963730,963581,0,963581,194418600,963880,963731,0,963731,30100,150,4983.39,false
194418600,963880,963731,0,963731,194448700,964030,963881,0,963881,30100,150,4983.39,false
194448700,964030,963881,0,963881,194478800,964581,964031,0,964031,30100,150,4983.39,true
194478800,964581,964031,0,964031,194549000,965132,964582,0,964582,70200,551,7849.00,true
194549000,965132,964582,0,964582,194619200,965323,965133,0,965133,70200,551,7849.00,true
194619200,965323,965133,0,965133,194653400,965473,965324,0,965324,34200,191,5584.80,true
194653400,965473,965324,0,965324,194683500,965623,965474,0,965474,30100,150,4983.39,false
194683500,965623,965474,0,965474,194713600,965773,965624,0,965624,30100,150,4983.39,false
194713600,965773,965624,0,965624,194743700,965923,965774,0,965774,30100,150,4983.39,false
194743700,965923,965774,0,965774,194773800,966073,965924,0,965924,30100,150,4983.39,false
194773800,966073,965924,0,965924,194803900,966223,966074,0,966074,30100,150,4983.39,false
194803900,966223,966074,0,966074,194834000,966373,966224,0,966224,30100,150,4983.39,false
194834000,966373,966224,0,966224,194864100,966523,966374,0,966374,30100,150,4983.39,false
194864100,966523,966374,0,966374,194894200,966673,966524,0,966524,30100,150,4983.39,false
194894200,966673,966524,0,966524,194924300,966823,966674,0,966674,30100,150,4983.39,false
194924300,966823,966674,0,966674,194954400,966973,966824,0,966824,30100,150,4983.39,false
194954400,966973,966824,0,966824,194984500,967123,966974,0,966974,30100,150,4983.39,false
194984500,967123,966974,0,966974,195014600,967273,967124,0,967124,30100,150,4983.39,false
195014600,967273,967124,0,967124,195044700,967423,967274,0,967274,30100,150,4983.39,false
195044700,967423,967274,0,967274,195074800,967573,967424,0,967424,30100,150,4983.39,false
195074800,967573,967424,0,967424,195104900,967723,967574,0,967574,30100,150,4983.39,false
195104900,967723,967574,0,967574,195135000,967873,967724,0,967724,30100,150,4983.39,false
195135000,967873,967724,0,967724,195165100,968023,967874,0,967874,30100,150,4983.39,false
195165100,968023,967874,0,967874,195195200,968173,968024,0,968024,30100,150,4983.39,false
195195200,968173,968024,0,968024,195225300,968323,968174,0,968174,30100,150,4983.39,false
195225300,968323,968174,0,968174,195255400,968473,968324,0,968324,30100,150,4983.39,false
195255400,968473,968324,0,968324,195285500,968623,968474,0,968474,30100,150,4983.39,false
195285500,968623,968474,0,968474,195315600,968773,968624,0,968624,30100,150,4983.39,false
195315600,968773,968624,0,968624,195345700,968923,968774,0,968774,30100,150,4983.39,false
195345700,968923,968774,0,968774,195375800,969073,968924,0,968924,30100,150,4983.39,false
195375800,969073,968924,0,968924,195405900,969223,969074,0,969074,30100,150,4983.39,false
195405900,969223,969074,0,969074,195436000,969373,969224,0,969224,30100,150,4983.39,false
195436000,969373,969224,0,969224,195466100,969523,969374,0,969374,30100,150,4983.39,false
195466100,969523,969374,0,969374,195496200,969673,969524,0,969524,30100,150,4983.39,false
195496200,969673,969524,0,969524,195526300,969823,969674,0,969674,30100,150,4983.39,false
195526300,969823,969674,0,969674,195556400,969973,969824,0,969824,30100,150,4983.39,false
195556400,969973,969824,0,969824,195586500,970123,969974,0,969974,30100,150,4983.39,false
195586500,970123,969974,0,969974,195616600,970273,970124,0,970124,30100,150,4983.39,false
195616600,970273,970124,0,970124,195646700,970423,970274,0,970274,30100,150,4983.39,false
195646700,970423,970274,0,970274,195676800,970573,970424,0,970424,30100,150,4983.39,false
195676800,970573,970424,0,970424,195706900,970723,970574,0,970574,30100,150,4983.39,false
195706900,970723,970574,0,970574,195737000,970873,970724,0,970724,30100,150,4983.39,false
195737000,970873,970724,0,970724,195767100,971023,970874,0,970874,30100,150,4983.39,false
195767100,971023,970874,0,970874,195797200,971173,971024,0,971024,30100,150,4983.39,false
195797200,971173,971024,0,971024,195827300,971323,971174,0,971174,30100,150,4983.39,false
195827300,971323,971174,0,971174,195857400,971473,971324,0,971324,30100,150,4983.39,false
195857400,971473,971324,0,971324,195887500,971623,971474,0,971474,30100,150,4983.39,false
195887500,971623,971474,0,971474,195917600,971773,971624,0,971624,30100,150,4983.39,false
195917600,971773,971624,0,971624,195947700,971923,971774,0,971774,30100,150,4983.39,false
195947700,971923,971774,0,971774,195977800,972073,971924,0,971924,30100,150,4983.39,false
195977800,972073,971924,0,971924,196007900,972223,972074,0,972074,30100,150,4983.39,false
196007900,972223,972074,0,972074,196038000,972373,972224,0,972224,30100,150,4983.39,false
196038000,972373,972224,0,972224,196068100,972523,972374,0,972374,30100,150,4983.39,false
196068100,972523,972374,0,972374,196098200,972673,972524,0,972524,30100,150,4983.39,false
196098200,972673,972524,0,972524,196128300,972823,972674,0,972674,30100,150,4983.39,false
196128300,972823,972674,0,972674,196158400,972973,972824,0,972824,30100,150,4983.39,false
196158400,972973,972824,0,972824,196188500,973123,972974,0,972974,30100,150,4983.39,false
196188500,973123,972974,0,972974,196218600,973273,973124,0,973124,30100,150,4983.39,false
196218600,973273,973124,0,973124,196248700,973423,973274,0,973274,30100,150,4983.39,false
196248700,973423,973274,0,973274,196278800,973573,973424,0,973424,30100,150,4983.39,false
196278800,973573,973424,0,973424,196308900,973723,973574,0,973574,30100,150,4983.39,false
196308900,973723,973574,0,973574,196339000,973873,973724,0,973724,30100,150,4983.39,false
196339000,973873,973724,0,973724,196369100,974023,973874,0,973874,30100,150,4983.39,false
196369100,974023,973874,0,973874,196399200,974173,974024,0,974024,30100,150,4983.39,false
196399200,974173,974024,0,974024,196429300,974323,974174,0,974174,30100,150,4983.39,false
196429300,974323,974174,0,974174,196459400,974473,974324,0,974324,30100,150,4983.39,false
196459400,974473,974324,0,974324,196489500,974623,974474,0,974474,30100,150,4983.39,false
196489500,974623,974474,0,974474,196519600,974773,974624,0,974624,30100,150,4983.39,false
196519600,974773,974624,0,974624,196549700,974923,974774,0,974774,30100,150,4983.39,false
196549700,974923,974774,0,974774,196579800,975073,974924,0,974924,30100,150,4983.39,false
196579800,975073,974924,0,974924,196609900,975223,975074,0,975074,30100,150,4983.39,false
196609900,975223,975074,0,975074,196640000,975373,975224,0,975224,30100,150,4983.39,false
196640000,975373,975224,0,975224,196670100,975523,975374,0,975374,30100,150,4983.39,false
196670100,975523,975374,0,975374,196700200,975673,975524,0,975524,30100,150,4983.39,false
196700200,975673,975524,0,975524,196730300,975823,975674,0,975674,30100,150,4983.39,false
196730300,975823,975674,0,975674,196760400,975973,975824,0,975824,30100,150,4983.39,false
196760400,975973,975824,0,975824,196790500,976123,975974,0,975974,30100,150,4983.39,false
196790500,976123,975974,0,975974,196820600,976273,976124,0,976124,30100,150,4983.39,false
196820600,976273,976124,0,976124,196850700,976423,976274,0,976274,30100,150,4983.39,false
196850700,976423,976274,0,976274,196880800,976573,976424,0,976424,30100,150,4983.39,false
196880800,976573,976424,0,976424,196910900,976723,976574,0,976574,30100,150,4983.39,false
196910900,976723,976574,0,976574,196941000,976873,976724,0,976724,30100,150,4983.39,false
196941000,976873,976724,0,976724,196971100,977023,976874,0,976874,30100,150,4983.39,false
196971100,977023,976874,0,976874,197001200,977173,977024,0,977024,30100,150,4983.39,false
197001200,977173,977024,0,977024,197031300,977323,977174,0,977174,30100,150,4983.39,false
197031300,977323,977174,0,977174,197061400,977473,977324,0,977324,30100,150,4983.39,false
197061400,977473,977324,0,977324,197091500,977623,977474,0,977474,30100,150,4983.39,false
197091500,977623,977474,0,977474,197121600,977773,977624,0,977624,30100,150,4983.39,false
197121600,977773,977624,0,977624,197151700,977923,977774,0,977774,30100,150,4983.39,false
197151700,977923,977774,0,977774,197181800,978073,977924,0,977924,30100,150,4983.39,false
197181800,978073,977924,0,977924,197211900,978223,978074,0,978074,30100,150,4983.39,false
197211900,978223,978074,0,978074,197242000,978373,978224,0,978224,30100,150,4983.39,false
197242000,978373,978224,0,978224,197272100,978523,978374,0,978374,30100,150,4983.39,false
197272100,978523,978374,0,978374,197302200,978673,978524,0,978524,30100,150,4983.39,false
197302200,978673,978524,0,978524,197332300,978823,978674,0,978674,30100,150,4983.39,false
197332300,978823,978674,0,978674,197362400,978973,978824,0,978824,30100,150,4983.39,false
197362400,978973,978824,0,978824,197392500,979123,978974,0,978974,30100,150,4983.39,false
197392500,979123,978974,0,978974,197422600,979273,979124,0,979124,30100,150,4983.39,false
197422600,979273,979124,0,979124,197452700,979423,979274,0,979274,30100,150,4983.39,false
197452700,979423,979274,0,979274,197482800,979573,979424,0,979424,30100,150,4983.39,false
197482800,979573,979424,0,979424,197512900,979723,979574,0,979574,30100,150,4983.39,false
197512900,979723,979574,0,979574,197543000,979873,979724,0,979724,30100,150,4983.39,false
197543000,979873,979724,0,979724,197573100,980023,979874,0,979874,30100,150,4983.39,false
197573100,980023,979874,0,979874,197603200,980173,980024,0,980024,30100,150,4983.39,false
197603200,980173,980024,0,980024,197633300,980323,980174,0,980174,30100,150,4983.39,false
197633300,980323,980174,0,980174,197663400,980473,980324,0,980324,30100,150,4983.39,false
197663400,980473,980324,0,980324,197733900,980623,980474,0,980474,70500,150,2127.66,false
197733900,980623,980474,0,980474,197804400,980773,980624,0,980624,70500,150,2127.66,false
197804400,980773,980624,0,980624,197838600,980923,980774,0,980774,34200,150,4385.96,false
197838600,980923,980774,0,980774,197868700,981073,980924,0,980924,30100,150,4983.39,false
197868700,981073,980924,0,980924,197898800,981223,981074,0,981074,30100,150,4983.39,false
197898900,981224,981075,0,981075,197929000,981374,981225,0,981225,30100,150,4983.39,false
197929000,981374,981225,0,981225,197959100,981524,981375,0,981375,30100,150,4983.39,false
197959100,981524,981375,0,981375,197989200,981674,981525,0,981525,30100,150,4983.39,false
197989200,981674,981525,0,981525,198019300,981824,981675,0,981675,30100,150,4983.39,false
198019300,981824,981675,0,981675,198049400,981974,981825,0,981825,30100,150,4983.39,false
198049400,981974,981825,0,981825,198079500,982124,981975,0,981975,30100,150,4983.39,false
198079500,982124,981975,0,981975,198109600,982274,982125,0,982125,30100,150,4983.39,false
198109600,982274,982125,0,982125,198139700,982424,982275,0,982275,30100,150,4983.39,false
198139700,982424,982275,0,982275,198169800,982574,982425,0,982425,30100,150,4983.39,false
198169800,982574,982425,0,982425,198199900,982724,982575,0,982575,30100,150,4983.39,false
198199900,982724,982575,0,982575,198230000,982874,982725,0,982725,30100,150,4983.39,false
198230000,982874,982725,0,982725,198260100,983024,982875,0,982875,30100,150,4983.39,false
198260100,983024,982875,0,982875,198290200,983575,983025,0,983025,30100,150,4983.39,true
198290200,983575,983025,0,983025,198360400,984126,983576,0,983576,70200,551,7849.00,true
198360400,984126,983576,0,983576,198430600,984317,984127,0,984127,70200,551,7849.00,true
198430600,984317,984127,0,984127,198464800,984467,984318,0,984318,34200,191,5584.80,true
198464800,984467,984318,0,984318,198494900,984617,984468,0,984468,30100,150,4983.39,false
198494900,984617,984468,0,984468,198525000,984767,984618,0,984618,30100,150,4983.39,false
198525000,984767,984618,0,984618,198555100,984917,984768,0,984768,30100,150,4983.39,false
198555100,984917,984768,0,984768,198585200,985067,984918,0,984918,30100,150,4983.39,false
198585200,985067,984918,0,984918,198615300,985217,985068,0,985068,30100,150,4983.39,false
198615300,985217,985068,0,985068,198645400,985367,985218,0,985218,30100,150,4983.39,false
198645400,985367,985218,0,985218,198675500,985517,985368,0,985368,30100,150,4983.39,false
198675500,985517,985368,0,985368,198705600,985667,985518,0,985518,30100,150,4983.39,false
198705600,985667,985518,0,985518,198735700,985817,985668,0,985668,30100,150,4983.39,false
198735700,985817,985668,0,985668,198765800,985967,985818,0,985818,30100,150,4983.39,false
198765800,985967,985818,0,985818,198795900,986117,985968,0,985968,30100,150,4983.39,false
198795900,986117,985968,0,985968,198826000,986267,986118,0,986118,30100,150,4983.39,false
198826000,986267,986118,0,986118,198856100,986417,986268,0,986268,30100,150,4983.39,false
198856100,986417,986268,0,986268,198886200,986567,986418,0,986418,30100,150,4983.39,false
198886200,986567,986418,0,986418,198916300,986717,986568,0,986568,30100,150,4983.39,false
198916300,986717,986568,0,986568,198946400,986867,986718,0,986718,30100,150,4983.39,false
198946400,986867,986718,0,986718,198976500,987017,986868,0,986868,30100,150,4983.39,false
198976500,987017,986868,0,986868,199006600,987167,987018,0,987018,30100,150,4983.39,false
199006600,987167,987018,0,987018,199036700,987317,987168,0,987168,30100,150,4983.39,false
199036700,987317,987168,0,987168,199066800,987467,987318,0,987318,30100,150,4983.39,false
199066800,987467,987318,0,987318,199096900,987617,987468,0,987468,30100,150,4983.39,false
199096900,987617,987468,0,987468,199127000,987767,987618,0,987618,30100,150,4983.39,false
199127000,987767,987618,0,987618,199157100,987917,987768,0,987768,30100,150,4983.39,false
199157100,987917,987768,0,987768,199187200,988067,987918,0,987918,30100,150,4983.39,false
199187200,988067,987918,0,987918,199217300,988217,988068,0,988068,30100,150,4983.39,false
199217300,988217,988068,0,988068,199247400,988367,988218,0,988218,30100,150,4983.39,false
199247400,988367,988218,0,988218,199277500,988517,988368,0,988368,30100,150,4983.39,false
199277500,988517,988368,0,988368,199307600,988667,988518,0,988518,30100,150,4983.39,false
199307600,988667,988518,0,988518,199337700,988817,988668,0,988668,30100,150,4983.39,false
199337700,988817,988668,0,988668,199367800,988967,988818,0,988818,30100,150,4983.39,false
199367800,988967,988818,0,988818,199397900,989117,988968,0,988968,30100,150,4983.39,false
199397900,989117,988968,0,988968,199428000,989267,989118,0,989118,30100,150,4983.39,false
199428000,989267,989118,0,989118,199458100,989417,989268,0,989268,30100,150,4983.39,false
199458100,989417,989268,0,989268,199488200,989567,989418,0,989418,30100,150,4983.39,false
199488200,989567,989418,0,989418,199518300,989717,989568,0,989568,30100,150,4983.39,false
199518300,989717,989568,0,989568,199548400,989867,989718,0,989718,30100,150,4983.39,false
199548400,989867,989718,0,989718,199578500,990017,989868,0,989868,30100,150,4983.39,false
199578500,990017,989868,0,989868,199608600,990167,990018,0,990018,30100,150,4983.39,false
199608600,990167,990018,0,990018,199638700,990317,990168,0,990168,30100,150,4983.39,false
199638700,990317,990168,0,990168,199668800,990467,990318,0,990318,30100,150,4983.39,false
199668800,990467,990318,0,990318,199698900,990617,990468,0,990468,30100,150,4983.39,false
199698900,990617,990468,0,990468,199729000,990767,990618,0,990618,30100,150,4983.39,false
199729000,990767,990618,0,990618,199759100,990917,990768,0,990768,30100,150,4983.39,false
199759100,990917,990768,0,990768,199789200,991067,990918,0,990918,30100,150,4983.39,false
199789200,991067,990918,0,990918,199819300,991217,991068,0,991068,30100,150,4983.39,false
199819300,991217,991068,0,991068,199849400,991367,991218,0,991218,30100,150,4983.39,false
199849400,991367,991218,0,991218,199879500,991517,991368,0,991368,30100,150,4983.39,false
199879500,991517,991368,0,991368,199909600,991667,991518,0,991518,30100,150,4983.39,false
199909600,991667,991518,0,991518,199939700,991817,991668,0,991668,30100,150,4983.39,false
199939700,991817,991668,0,991668,199969800,991967,991818,0,991818,30100,150,4983.39,false
199969800,991967,991818,0,991818,199999900,992117,991968,0,991968,30100,150,4983.39,false
199999900,992117,991968,0,991968,200030000,992267,992118,0,992118,30100,150,4983.39,false
200030000,992267,992118,0,992118,200060100,992417,992268,0,992268,30100,150,4983.39,false
200060100,992417,992268,0,992268,200090200,992567,992418,0,992418,30100,150,4983.39,false
200090200,992567,992418,0,992418,200120300,992717,992568,0,992568,30100,150,4983.39,false
200120300,992717,992568,0,992568,200150400,992867,992718,0,992718,30100,150,4983.39,false
200150400,992867,992718,0,992718,200180500,993017,992868,0,992868,30100,150,4983.39,false
200180500,993017,992868,0,992868,200210600,993167,993018,0,993018,30100,150,4983.39,false
200210600,993167,993018,0,993018,200240700,993317,993168,0,993168,30100,150,4983.39,false
200240700,993317,993168,0,993168,200270800,993467,993318,0,993318,30100,150,4983.39,false
200270800,993467,993318,0,993318,200300900,993617,993468,0,993468,30100,150,4983.39,false
200300900,993617,993468,0,993468,200331000,993767,993618,0,993618,30100,150,4983.39,false
200331000,993767,993618,0,993618,200361100,993917,993768,0,993768,30100,150,4983.39,false
200361100,993917,993768,0,993768,200391200,994067,993918,0,993918,30100,150,4983.39,false
200391200,994067,993918,0,993918,200421300,994217,994068,0,994068,30100,150,4983.39,false
200421300,994217,994068,0,994068,200451400,994367,994218,0,994218,30100,150,4983.39,false
200451400,994367,994218,0,994218,200481500,994517,994368,0,994368,30100,150,4983.39,false
200481500,994517,994368,0,994368,200511600,994667,994518,0,994518,30100,150,4983.39,false
200511600,994667,994518,0,994518,200541700,994817,994668,0,994668,30100,150,4983.39,false
200541700,994817,994668,0,994668,200571800,994967,994818,0,994818,30100,150,4983.39,false
200571800,994967,994818,0,994818,200601900,995117,994968,0,994968,30100,150,4983.39,false
200601900,995117,994968,0,994968,200632000,995267,995118,0,995118,30100,150,4983.39,false
200632000,995267,995118,0,995118,200662100,995417,995268,0,995268,30100,150,4983.39,false
200662100,995417,995268,0,995268,200692200,995567,995418,0,995418,30100,150,4983.39,false
200692200,995567,995418,0,995418,200722300,995717,995568,0,995568,30100,150,4983.39,false
200722300,995717,995568,0,995568,200752400,995867,995718,0,995718,30100,150,4983.39,false
200752400,995867,995718,0,995718,200782500,996017,995868,0,995868,30100,150,4983.39,false
200782500,996017,995868,0,995868,200812600,996167,996018,0,996018,30100,150,4983.39,false
200812600,996167,996018,0,996018,200842700,996317,996168,0,996168,30100,150,4983.39,false
200842700,996317,996168,0,996168,200872800,996467,996318,0,996318,30100,150,4983.39,false
200872800,996467,996318,0,996318,200902900,996617,996468,0,996468,30100,150,4983.39,false
200902900,996617,996468,0,996468,200933000,996767,996618,0,996618,30100,150,4983.39,false
200933000,996767,996618,0,996618,200963100,996917,996768,0,996768,30100,150,4983.39,false
200963100,996917,996768,0,996768,200993200,997067,996918,0,996918,30100,150,4983.39,false
200993200,997067,996918,0,996918,201023300,997217,997068,0,997068,30100,150,4983.39,false
201023300,997217,997068,0,997068,201053400,997367,997218,0,997218,30100,150,4983.39,false
201053400,997367,997218,0,997218,201083500,997517,997368,0,997368,30100,150,4983.39,false
201083500,997517,997368,0,997368,201113600,997667,997518,0,997518,30100,150,4983.39,false
201113600,997667,997518,0,997518,201143700,997817,997668,0,997668,30100,150,4983.39,false
201143700,997817,997668,0,997668,201173800,997967,997818,0,997818,30100,150,4983.39,false
201173800,997967,997818,0,997818,201203900,998117,997968,0,997968,30100,150,4983.39,false
201203900,998117,997968,0,997968,201234000,998267,998118,0,998118,30100,150,4983.39,false
201234000,998267,998118,0,998118,201264100,998417,998268,0,998268,30100,150,4983.39,false
201264100,998417,998268,0,998268,201294200,998567,998418,0,998418,30100,150,4983.39,false
201294200,998567,998418,0,998418,201324300,998717,998568,0,998568,30100,150,4983.39,false
201324300,998717,998568,0,998568,201354400,998867,998718,0,998718,30100,150,4983.39,false
201354400,998867,998718,0,998718,201384500,999017,998868,0,998868,30100,150,4983.39,false
201384500,999017,998868,0,998868,201414600,999167,999018,0,999018,30100,150,4983.39,false
201414600,999167,999018,0,999018,201444700,999317,999168,0,999168,30100,150,4983.39,false
201444700,999317,999168,0,999168,201474800,999467,999318,0,999318,30100,150,4983.39,false
201474800,999467,999318,0,999318,201545300,999617,999468,0,999468,70500,150,2127.66,false
201545300,999617,999468,0,999468,201615800,999767,999618,0,999618,70500,150,2127.66,false
201615800,999767,999618,0,999618,201650000,999917,999768,0,999768,34200,150,4385.96,false
201650000,999917,999768,0,999768,201680100,1000067,999918,0,999918,30100,150,4983.39,false
201680100,1000067,999918,0,999918,201710200,1000217,1000068,0,1000068,30100,150,4983.39,false
201710300,1000218,1000069,0,1000069,201740400,1000368,1000219,0,1000219,30100,150,4983.39,false
201740400,1000368,1000219,0,1000219,201770500,1000518,1000369,0,1000369,30100,150,4983.39,false
201770500,1000518,1000369,0,1000369,201800600,1000668,1000519,0,1000519,30100,150,4983.39,false
201800600,1000668,1000519,0,1000519,201830700,1000818,1000669,0,1000669,30100,150,4983.39,false
201830700,1000818,1000669,0,1000669,201860800,1000968,1000819,0,1000819,30100,150,4983.39,false
201860800,1000968,1000819,0,1000819,201890900,1001118,1000969,0,1000969,30100,150,4983.39,false
201890900,1001118,1000969,0,1000969,201921000,1001268,1001119,0,1001119,30100,150,4983.39,false
201921000,1001268,1001119,0,1001119,201951100,1001418,1001269,0,1001269,30100,150,4983.39,false
201951100,1001418,1001269,0,1001269,201981200,1001568,1001419,0,1001419,30100,150,4983.39,false
201981200,1001568,1001419,0,1001419,202011300,1001718,1001569,0,1001569,30100,150,4983.39,false
202011300,1001718,1001569,0,1001569,202041400,1001868,1001719,0,1001719,30100,150,4983.39,false
202041400,1001868,1001719,0,1001719,202071500,1002018,1001869,0,1001869,30100,150,4983.39,false
202071500,1002018,1001869,0,1001869,202101600,1002569,1002019,0,1002019,30100,150,4983.39,true
202101600,1002569,1002019,0,1002019,202171800,1003120,1002570,0,1002570,70200,551,7849.00,true
202171800,1003120,1002570,0,1002570,202242000,1003311,1003121,0,1003121,70200,551,7849.00,true
202242000,1003311,1003121,0,1003121,202276200,1003461,1003312,0,1003312,34200,191,5584.80,true
202276200,1003461,1003312,0,1003312,202306300,1003611,1003462,0,1003462,30100,150,4983.39,false
202306300,1003611,1003462,0,1003462,202336400,1003761,1003612,0,1003612,30100,150,4983.39,false
202336400,1003761,1003612,0,1003612,202366500,1003911,1003762,0,1003762,30100,150,4983.39,false
202366500,1003911,1003762,0,1003762,202396600,1004061,1003912,0,1003912,30100,150,4983.39,false
202396600,1004061,1003912,0,1003912,202426700,1004211,1004062,0,1004062,30100,150,4983.39,false
202426700,1004211,1004062,0,1004062,202456800,1004361,1004212,0,1004212,30100,150,4983.39,false
202456800,1004361,1004212,0,1004212,202486900,1004511,1004362,0,1004362,30100,150,4983.39,false
202486900,1004511,1004362,0,1004362,202517000,1004661,1004512,0,1004512,30100,150,4983.39,false
202517000,1004661,1004512,0,1004512,202547100,1004811,1004662,0,1004662,30100,150,4983.39,false
202547100,1004811,1004662,0,1004662,202577200,1004961,1004812,0,1004812,30100,150,4983.39,false
202577200,1004961,1004812,0,1004812,202607300,1005111,1004962,0,1004962,30100,150,4983.39,false
202607300,1005111,1004962,0,1004962,202637400,1005261,1005112,0,1005112,30100,150,4983.39,false
202637400,1005261,1005112,0,1005112,202667500,1005411,1005262,0,1005262,30100,150,4983.39,false
202667500,1005411,1005262,0,1005262,202697600,1005561,1005412,0,1005412,30100,150,4983.39,false
202697600,1005561,1005412,0,1005412,202727700,1005711,1005562,0,1005562,30100,150,4983.39,false
202727700,1005711,1005562,0,1005562,202757800,1005861,1005712,0,1005712,30100,150,4983.39,false
202757800,1005861,1005712,0,1005712,202787900,1006011,1005862,0,1005862,30100,150,4983.39,false
202787900,1006011,1005862,0,1005862,202818000,1006161,1006012,0,1006012,30100,150,4983.39,false
202818000,1006161,1006012,0,1006012,202848100,1006311,1006162,0,1006162,30100,150,4983.39,false
202848100,1006311,1006162,0,1006162,202878200,1006461,1006312,0,1006312,30100,150,4983.39,false
202878200,1006461,1006312,0,1006312,202908300,1006611,1006462,0,1006462,30100,150,4983.39,false
202908300,1006611,1006462,0,1006462,202938400,1006761,1006612,0,1006612,30100,150,4983.39,false
202938400,1006761,1006612,0,1006612,202968500,1006911,1006762,0,1006762,30100,150,4983.39,false
202968500,1006911,1006762,0,1006762,202998600,1007061,1006912,0,1006912,30100,150,4983.39,false
202998600,1007061,1006912,0,1006912,203028700,1007211,1007062,0,1007062,30100,150,4983.39,false
203028700,1007211,1007062,0,1007062,203058800,1007361,1007212,0,1007212,30100,150,4983.39,false
203058800,1007361,1007212,0,1007212,203088900,1007511,1007362,0,1007362,30100,150,4983.39,false
203088900,1007511,1007362,0,1007362,203119000,1007661,1007512,0,1007512,30100,150,4983.39,false
203119000,1007661,1007512,0,1007512,203149100,1007811,1007662,0,1007662,30100,150,4983.39,false
203149100,1007811,1007662,0,1007662,203179200,1007961,1007812,0,1007812,30100,150,4983.39,false
203179200,1007961,1007812,0,1007812,203209300,1008111,1007962,0,1007962,30100,150,4983.39,false
203209300,1008111,1007962,0,1007962,203239400,1008261,1008112,0,1008112,30100,150,4983.39,false
203239400,1008261,1008112,0,1008112,203269500,1008411,1008262,0,1008262,30100,150,4983.39,false
203269500,1008411,1008262,0,1008262,203299600,1008561,1008412,0,1008412,30100,150,4983.39,false
203299600,1008561,1008412,0,1008412,203329700,1008711,1008562,0,1008562,30100,150,4983.39,false
203329700,1008711,1008562,0,1008562,203359800,1008861,1008712,0,1008712,30100,150,4983.39,false
203359800,1008861,1008712,0,1008712,203389900,1009011,1008862,0,1008862,30100,150,4983.39,false
203389900,1009011,1008862,0,1008862,203420000,1009161,1009012,0,1009012,30100,150,4983.39,false
203420000,1009161,1009012,0,1009012,203450100,1009311,1009162,0,1009162,30100,150,4983.39,false
203450100,1009311,1009162,0,1009162,203480200,1009461,1009312,0,1009312,30100,150,4983.39,false
203480200,1009461,1009312,0,1009312,203510300,1009611,1009462,0,1009462,30100,150,4983.39,false
203510300,1009611,1009462,0,1009462,203540400,1009761,1009612,0,1009612,30100,150,4983.39,false
203540400,1009761,1009612,0,1009612,203570500,1009911,1009762,0,1009762,30100,150,4983.39,false
203570500,1009911,1009762,0,1009762,203600600,1010061,1009912,0,1009912,30100,150,4983.39,false
203600600,1010061,1009912,0,1009912,203630700,1010211,1010062,0,1010062,30100,150,4983.39,false
203630700,1010211,1010062,0,1010062,203660800,1010361,1010212,0,1010212,30100,150,4983.39,false
203660800,1010361,1010212,0,1010212,203690900,1010511,1010362,0,1010362,30100,150,4983.39,false
203690900,1010511,1010362,0,1010362,203721000,1010661,1010512,0,1010512,30100,150,4983.39,false
203721000,1010661,1010512,0,1010512,203751100,1010811,1010662,0,1010662,30100,150,4983.39,false
203751100,1010811,1010662,0,1010662,203781200,1010961,1010812,0,1010812,30100,150,4983.39,false
203781200,1010961,1010812,0,1010812,203811300,1011111,1010962,0,1010962,30100,150,4983.39,false
203811300,1011111,1010962,0,1010962,203841400,1011261,1011112,0,1011112,30100,150,4983.39,false
203841400,1011261,1011112,0,1011112,203871500,1011411,1011262,0,1011262,30100,150,4983.39,false
203871500,1011411,1011262,0,1011262,203901600,1011561,1011412,0,1011412,30100,150,4983.39,false
203901600,1011561,1011412,0,1011412,203931700,1011711,1011562,0,1011562,30100,150,4983.39,false
203931700,1011711,1011562,0,1011562,203961800,1011861,1011712,0,1011712,30100,150,4983.39,false
203961800,1011861,1011712,0,1011712,203991900,1012011,1011862,0,1011862,30100,150,4983.39,false
203991900,1012011,1011862,0,1011862,204022000,1012161,1012012,0,1012012,30100,150,4983.39,false
204022000,1012161,1012012,0,1012012,204052100,1012311,1012162,0,1012162,30100,150,4983.39,false
204052100,1012311,1012162,0,1012162,204082200,1012461,1012312,0,1012312,30100,150,4983.39,false
204082200,1012461,1012312,0,1012312,204112300,1012611,1012462,0,1012462,30100,150,4983.39,false
204112300,1012611,1012462,0,1012462,204142400,1012761,1012612,0,1012612,30100,150,4983.39,false
204142400,1012761,1012612,0,1012612,204172500,1012911,1012762,0,1012762,30100,150,4983.39,false
204172500,1012911,1012762,0,1012762,204202600,1013061,1012912,0,1012912,30100,150,4983.39,false
204202600,1013061,1012912,0,1012912,204232700,1013211,1013062,0,1013062,30100,150,4983.39,false
204232700,1013211,1013062,0,1013062,204262800,1013361,1013212,0,1013212,30100,150,4983.39,false
204262800,1013361,1013212,0,1013212,204292900,1013511,1013362,0,1013362,30100,150,4983.39,false
204292900,1013511,1013362,0,1013362,204323000,1013661,1013512,0,1013512,30100,150,4983.39,false
204323000,1013661,1013512,0,1013512,204353100,1013811,1013662,0,1013662,30100,150,4983.39,false
204353100,1013811,1013662,0,1013662,204383200,1013961,1013812,0,1013812,30100,150,4983.39,false
204383200,1013961,1013812,0,1013812,204413300,1014111,1013962,0,1013962,30100,150,4983.39,false
204413300,1014111,1013962,0,1013962,204443400,1014261,1014112,0,1014112,30100,150,4983.39,false
204443400,1014261,1014112,0,1014112,204473500,1014411,1014262,0,1014262,30100,150,4983.39,false
204473500,1014411,1014262,0,1014262,204503600,1014561,1014412,0,1014412,30100,150,4983.39,false
204503600,1014561,1014412,0,1014412,204533700,1014711,1014562,0,1014562,30100,150,4983.39,false
204533700,1014711,1014562,0,1014562,204563800,1014861,1014712,0,1014712,30100,150,4983.39,false
204563800,1014861,1014712,0,1014712,204593900,1015011,1014862,0,1014862,30100,150,4983.39,false
204593900,1015011,1014862,0,1014862,204624000,1015161,1015012,0,1015012,30100,150,4983.39,false
204624000,1015161,1015012,0,1015012,204654100,1015311,1015162,0,1015162,30100,150,4983.39,false
204654100,1015311,1015162,0,1015162,204684200,1015461,1015312,0,1015312,30100,150,4983.39,false
204684200,1015461,1015312,0,1015312,204714300,1015611,1015462,0,1015462,30100,150,4983.39,false
204714300,1015611,1015462,0,1015462,204744400,1015761,1015612,0,1015612,30100,150,4983.39,false
204744400,1015761,1015612,0,1015612,204774500,1015911,1015762,0,1015762,30100,150,4983.39,false
204774500,1015911,1015762,0,1015762,204804600,1016061,1015912,0,1015912,30100,150,4983.39,false
204804600,1016061,1015912,0,1015912,204834700,1016211,1016062,0,1016062,30100,150,4983.39,false
204834700,1016211,1016062,0,1016062,204864800,1016361,1016212,0,1016212,30100,150,4983.39,false
204864800,1016361,1016212,0,1016212,204894900,1016511,1016362,0,1016362,30100,150,4983.39,false
204894900,1016511,1016362,0,1016362,204925000,1016661,1016512,0,1016512,30100,150,4983.39,false
204925000,1016661,1016512,0,1016512,204955100,1016811,1016662,0,1016662,30100,150,4983.39,false
204955100,1016811,1016662,0,1016662,204985200,1016961,1016812,0,1016812,30100,150,4983.39,false
204985200,1016961,1016812,0,1016812,205015300,1017111,1016962,0,1016962,30100,150,4983.39,false
205015300,1017111,1016962,0,1016962,205045400,1017261,1017112,0,1017112,30100,150,4983.39,false
205045400,1017261,1017112,0,1017112,205075500,1017411,1017262,0,1017262,30100,150,4983.39,false
205075500,1017411,1017262,0,1017262,205105600,1017561,1017412,0,1017412,30100,150,4983.39,false
205105600,1017561,1017412,0,1017412,205135700,1017711,1017562,0,1017562,30100,150,4983.39,false
205135700,1017711,1017562,0,1017562,205165800,1017861,1017712,0,1017712,30100,150,4983.39,false
205165800,1017861,1017712,0,1017712,205195900,1018011,1017862,0,1017862,30100,150,4983.39,false
205195900,1018011,1017862,0,1017862,205226000,1018161,1018012,0,1018012,30100,150,4983.39,false
205226000,1018161,1018012,0,1018012,205256100,1018311,1018162,0,1018162,30100,150,4983.39,false
205256100,1018311,1018162,0,1018162,205286200,1018461,1018312,0,1018312,30100,150,4983.39,false
205286200,1018461,1018312,0,1018312,205356700,1018611,1018462,0,1018462,70500,150,2127.66,false
205356700,1018611,1018462,0,1018462,205427200,1018761,1018612,0,1018612,70500,150,2127.66,false
205427200,1018761,1018612,0,1018612,205461400,1018911,1018762,0,1018762,34200,150,4385.96,false
205461400,1018911,1018762,0,1018762,205491500,1019061,1018912,0,1018912,30100,150,4983.39,false
205491500,1019061,1018912,0,1018912,205521600,1019211,1019062,0,1019062,30100,150,4983.39,false
205521700,1019212,1019063,0,1019063,205551800,1019362,1019213,0,1019213,30100,150,4983.39,false
205551800,1019362,1019213,0,1019213,205581900,1019512,1019363,0,1019363,30100,150,4983.39,false
205581900,1019512,1019363,0,1019363,205612000,1019662,1019513,0,1019513,30100,150,4983.39,false
205612000,1019662,1019513,0,1019513,205642100,1019812,1019663,0,1019663,30100,150,4983.39,false
205642100,1019812,1019663,0,1019663,205672200,1019962,1019813,0,1019813,30100,150,4983.39,false
205672200,1019962,1019813,0,1019813,205702300,1020112,1019963,0,1019963,30100,150,4983.39,false
205702300,1020112,1019963,0,1019963,205732400,1020262,1020113,0,1020113,30100,150,4983.39,false
205732400,1020262,1020113,0,1020113,205762500,1020412,1020263,0,1020263,30100,150,4983.39,false
205762500,1020412,1020263,0,1020263,205792600,1020562,1020413,0,1020413,30100,150,4983.39,false
205792600,1020562,1020413,0,1020413,205822700,1020712,1020563,0,1020563,30100,150,4983.39,false
205822700,1020712,1020563,0,1020563,205852800,1020862,1020713,0,1020713,30100,150,4983.39,false
205852800,1020862,1020713,0,1020713,205882900,1021012,1020863,0,1020863,30100,150,4983.39,false
205882900,1021012,1020863,0,1020863,205913000,1021563,1021013,0,1021013,30100,150,4983.39,true
205913000,1021563,1021013,0,1021013,205983200,1022114,1021564,0,1021564,70200,551,7849.00,true
205983200,1022114,1021564,0,1021564,206053400,1022305,1022115,0,1022115,70200,551,7849.00,true
206053400,1022305,1022115,0,1022115,206087600,1022455,1022306,0,1022306,34200,191,5584.80,true
206087600,1022455,1022306,0,1022306,206117700,1022605,1022456,0,1022456,30100,150,4983.39,false
206117700,1022605,1022456,0,1022456,206147800,1022755,1022606,0,1022606,30100,150,4983.39,false
206147800,1022755,1022606,0,1022606,206177900,1022905,1022756,0,1022756,30100,150,4983.39,false
206177900,1022905,1022756,0,1022756,206208000,1023055,1022906,0,1022906,30100,150,4983.39,false
206208000,1023055,1022906,0,1022906,206238100,1023205,1023056,0,1023056,30100,150,4983.39,false
206238100,1023205,1023056,0,1023056,206268200,1023355,1023206,0,1023206,30100,150,4983.39,false
206268200,1023355,1023206,0,1023206,206298300,1023505,1023356,0,1023356,30100,150,4983.39,false
206298300,1023505,1023356,0,1023356,206328400,1023655,1023506,0,1023506,30100,150,4983.39,false
206328400,1023655,1023506,0,1023506,206358500,1023805,1023656,0,1023656,30100,150,4983.39,false
206358500,1023805,1023656,0,1023656,206388600,1023955,1023806,0,1023806,30100,150,4983.39,false
206388600,1023955,1023806,0,1023806,206418700,1024105,1023956,0,1023956,30100,150,4983.39,false
206418700,1024105,1023956,0,1023956,206448800,1024255,1024106,0,1024106,30100,150,4983.39,false
206448800,1024255,1024106,0,1024106,206478900,1024405,1024256,0,1024256,30100,150,4983.39,false
206478900,1024405,1024256,0,1024256,206509000,1024555,1024406,0,1024406,30100,150,4983.39,false
206509000,1024555,1024406,0,1024406,206539100,1024705,1024556,0,1024556,30100,150,4983.39,false
206539100,1024705,1024556,0,1024556,206569200,1024855,1024706,0,1024706,30100,150,4983.39,false
206569200,1024855,1024706,0,1024706,206599300,1025005,1024856,0,1024856,30100,150,4983.39,false
206599300,1025005,1024856,0,1024856,206629400,1025155,1025006,0,1025006,30100,150,4983.39,false
206629400,1025155,1025006,0,1025006,206659500,1025305,1025156,0,1025156,30100,150,4983.39,false
206659500,1025305,1025156,0,1025156,206689600,1025455,1025306,0,1025306,30100,150,4983.39,false
206689600,1025455,1025306,0,1025306,206719700,1025605,1025456,0,1025456,30100,150,4983.39,false
206719700,1025605,1025456,0,1025456,206749800,1025755,1025606,0,1025606,30100,150,4983.39,false
206749800,1025755,1025606,0,1025606,206779900,1025905,1025756,0,1025756,30100,150,4983.39,false
206779900,1025905,1025756,0,1025756,206810000,1026055,1025906,0,1025906,30100,150,4983.39,false
206810000,1026055,1025906,0,1025906,206840100,1026205,1026056,0,1026056,30100,150,4983.39,false
206840100,1026205,1026056,0,1026056,206870200,1026355,1026206,0,1026206,30100,150,4983.39,false
206870200,1026355,1026206,0,1026206,206900300,1026505,1026356,0,1026356,30100,150,4983.39,false
206900300,1026505,1026356,0,1026356,206930400,1026655,1026506,0,1026506,30100,150,4983.39,false
206930400,1026655,1026506,0,1026506,206960500,1026805,1026656,0,1026656,30100,150,4983.39,false
206960500,1026805,1026656,0,1026656,206990600,1026955,1026806,0,1026806,30100,150,4983.39,false
206990600,1026955,1026806,0,1026806,207020700,1027105,1026956,0,1026956,30100,150,4983.39,false
207020700,1027105,1026956,0,1026956,207050800,1027255,1027106,0,1027106,30100,150,4983.39,false
207050800,1027255,1027106,0,1027106,207080900,1027405,1027256,0,1027256,30100,150,4983.39,false
207080900,1027405,1027256,0,1027256,207111000,1027555,1027406,0,1027406,30100,150,4983.39,false
207111000,1027555,1027406,0,1027406,207141100,1027705,1027556,0,1027556,30100,150,4983.39,false
207141100,1027705,1027556,0,1027556,207171200,1027855,1027706,0,1027706,30100,150,4983.39,false
207171200,1027855,1027706,0,1027706,207201300,1028005,1027856,0,1027856,30100,150,4983.39,false
207201300,1028005,1027856,0,1027856,207231400,1028155,1028006,0,1028006,30100,150,4983.39,false
207231400,1028155,1028006,0,1028006,207261500,1028305,1028156,0,1028156,30100,150,4983.39,false
207261500,1028305,1028156,0,1028156,207291600,1028455,1028306,0,1028306,30100,150,4983.39,false
207291600,1028455,1028306,0,1028306,207321700,1028605,1028456,0,1028456,30100,150,4983.39,false
207321700,1028605,1028456,0,1028456,207351800,1028755,1028606,0,1028606,30100,150,4983.39,false
207351800,1028755,1028606,0,1028606,207381900,1028905,1028756,0,1028756,30100,150,4983.39,false
207381900,1028905,1028756,0,1028756,207412000,1029055,1028906,0,1028906,30100,150,4983.39,false
207412000,1029055,1028906,0,1028906,207442100,1029205,1029056,0,1029056,30100,150,4983.39,false
207442100,1029205,1029056,0,1029056,207472200,1029355,1029206,0,1029206,30100,150,4983.39,false
207472200,1029355,1029206,0,1029206,207502300,1029505,1029356,0,1029356,30100,150,4983.39,false
207502300,1029505,1029356,0,1029356,207532400,1029655,1029506,0,1029506,30100,150,4983.39,false
207532400,1029655,1029506,0,1029506,207562500,1029805,1029656,0,1029656,30100,150,4983.39,false
207562500,1029805,1029656,0,1029656,207592600,1029955,1029806,0,1029806,30100,150,4983.39,false
207592600,1029955,1029806,0,1029806,207622700,1030105,1029956,0,1029956,30100,150,4983.39,false
207622700,1030105,1029956,0,1029956,207652800,1030255,1030106,0,1030106,30100,150,4983.39,false
207652800,1030255,1030106,0,1030106,207682900,1030405,1030256,0,1030256,30100,150,4983.39,false
207682900,1030405,1030256,0,1030256,207713000,1030555,1030406,0,1030406,30100,150,4983.39,false
207713000,1030555,1030406,0,1030406,207743100,1030705,1030556,0,1030556,30100,150,4983.39,false
207743100,1030705,1030556,0,1030556,207773200,1030855,1030706,0,1030706,30100,150,4983.39,false
207773200,1030855,1030706,0,1030706,207803300,1031005,1030856,0,1030856,30100,150,4983.39,false
207803300,1031005,1030856,0,1030856,207833400,1031155,1031006,0,1031006,30100,150,4983.39,false
207833400,1031155,1031006,0,1031006,207863500,1031305,1031156,0,1031156,30100,150,4983.39,false
207863500,1031305,1031156,0,1031156,207893600,1031455,1031306,0,1031306,30100,150,4983.39,false
207893600,1031455,1031306,0,1031306,207923700,1031605,1031456,0,1031456,30100,150,4983.39,false
207923700,1031605,1031456,0,1031456,207953800,1031755,1031606,0,1031606,30100,150,4983.39,false
207953800,1031755,1031606,0,1031606,207983900,1031905,1031756,0,1031756,30100,150,4983.39,false
207983900,1031905,1031756,0,1031756,208014000,1032055,1031906,0,1031906,30100,150,4983.39,false
208014000,1032055,1031906,0,1031906,208044100,1032205,1032056,0,1032056,30100,150,4983.39,false
208044100,1032205,1032056,0,1032056,208074200,1032355,1032206,0,1032206,30100,150,4983.39,false
208074200,1032355,1032206,0,1032206,208104300,1032505,1032356,0,1032356,30100,150,4983.39,false
208104300,1032505,1032356,0,1032356,208134400,1032655,1032506,0,1032506,30100,150,4983.39,false
208134400,1032655,1032506,0,1032506,208164500,1032805,1032656,0,1032656,30100,150,4983.39,false
208164500,1032805,1032656,0,1032656,208194600,1032955,1032806,0,1032806,30100,150,4983.39,false
208194600,1032955,1032806,0,1032806,208224700,1033105,1032956,0,1032956,30100,150,4983.39,false
208224700,1033105,1032956,0,1032956,208254800,1033255,1033106,0,1033106,30100,150,4983.39,false
208254800,1033255,1033106,0,1033106,208284900,1033405,1033256,0,1033256,30100,150,4983.39,false
208284900,1033405,1033256,0,1033256,208315000,1033555,1033406,0,1033406,30100,150,4983.39,false
208315000,1033555,1033406,0,1033406,208345100,1033705,1033556,0,1033556,30100,150,4983.39,false
208345100,1033705,1033556,0,1033556,208375200,1033855,1033706,0,1033706,30100,150,4983.39,false
208375200,1033855,1033706,0,1033706,208405300,1034005,1033856,0,1033856,30100,150,4983.39,false
208405300,1034005,1033856,0,1033856,208435400,1034155,1034006,0,1034006,30100,150,4983.39,false
208435400,1034155,1034006,0,1034006,208465500,1034305,1034156,0,1034156,30100,150,4983.39,false
208465500,1034305,1034156,0,1034156,208495600,1034455,1034306,0,1034306,30100,150,4983.39,false
208495600,1034455,1034306,0,1034306,208525700,1034605,1034456,0,1034456,30100,150,4983.39,false
208525700,1034605,1034456,0,1034456,208555800,1034755,1034606,0,1034606,30100,150,4983.39,false
208555800,1034755,1034606,0,1034606,208585900,1034905,1034756,0,1034756,30100,150,4983.39,false
208585900,1034905,1034756,0,1034756,208616000,1035055,1034906,0,1034906,30100,150,4983.39,false
208616000,1035055,1034906,0,1034906,208646100,1035205,1035056,0,1035056,30100,150,4983.39,false
208646100,1035205,1035056,0,1035056,208676200,1035355,1035206,0,1035206,30100,150,4983.39,false
208676200,1035355,1035206,0,1035206,208706300,1035505,1035356,0,1035356,30100,150,4983.39,false
208706300,1035505,1035356,0,1035356,208736400,1035655,1035506,0,1035506,30100,150,4983.39,false
208736400,1035655,1035506,0,1035506,208766500,1035805,1035656,0,1035656,30100,150,4983.39,false
208766500,1035805,1035656,0,1035656,208796600,1035955,1035806,0,1035806,30100,150,4983.39,false
208796600,1035955,1035806,0,1035806,208826700,1036105,1035956,0,1035956,30100,150,4983.39,false
208826700,1036105,1035956,0,1035956,208856800,1036255,1036106,0,1036106,30100,150,4983.39,false
208856800,1036255,1036106,0,1036106,208886900,1036405,1036256,0,1036256,30100,150,4983.39,false
208886900,1036405,1036256,0,1036256,208917000,1036555,1036406,0,1036406,30100,150,4983.39,false
208917000,1036555,1036406,0,1036406,208947100,1036705,1036556,0,1036556,30100,150,4983.39,false
208947100,1036705,1036556,0,1036556,208977200,1036855,1036706,0,1036706,30100,150,4983.39,false
208977200,1036855,1036706,0,1036706,209007300,1037005,1036856,0,1036856,30100,150,4983.39,false
209007300,1037005,1036856,0,1036856,209037400,1037155,1037006,0,1037006,30100,150,4983.39,false
209037400,1037155,1037006,0,1037006,209067500,1037305,1037156,0,1037156,30100,150,4983.39,false
209067500,1037305,1037156,0,1037156,209097600,1037455,1037306,0,1037306,30100,150,4983.39,false
209097600,1037455,1037306,0,1037306,209168100,1037605,1037456,0,1037456,70500,150,2127.66,false
209168100,1037605,1037456,0,1037456,209238600,1037755,1037606,0,1037606,70500,150,2127.66,false
209238600,1037755,1037606,0,1037606,209272800,1037905,1037756,0,1037756,34200,150,4385.96,false
209272800,1037905,1037756,0,1037756,209302900,1038055,1037906,0,1037906,30100,150,4983.39,false
209302900,1038055,1037906,0,1037906,209333000,1038205,1038056,0,1038056,30100,150,4983.39,false
209333100,1038206,1038057,0,1038057,209363200,1038356,1038207,0,1038207,30100,150,4983.39,false
209363200,1038356,1038207,0,1038207,209393300,1038506,1038357,0,1038357,30100,150,4983.39,false
209393300,1038506,1038357,0,1038357,209423400,1038656,1038507,0,1038507,30100,150,4983.39,false
209423400,1038656,1038507,0,1038507,209453500,1038806,1038657,0,1038657,30100,150,4983.39,false
209453500,1038806,1038657,0,1038657,209483600,1038956,1038807,0,1038807,30100,150,4983.39,false
209483600,1038956,1038807,0,1038807,209513700,1039106,1038957,0,1038957,30100,150,4983.39,false
209513700,1039106,1038957,0,1038957,209543800,1039256,1039107,0,1039107,30100,150,4983.39,false
209543800,1039256,1039107,0,1039107,209573900,1039406,1039257,0,1039257,30100,150,4983.39,false
209573900,1039406,1039257,0,1039257,209604000,1039556,1039407,0,1039407,30100,150,4983.39,false
209604000,1039556,1039407,0,1039407,209634100,1039706,1039557,0,1039557,30100,150,4983.39,false
209634100,1039706,1039557,0,1039557,209664200,1039856,1039707,0,1039707,30100,150,4983.39,false
209664200,1039856,1039707,0,1039707,209694300,1040006,1039857,0,1039857,30100,150,4983.39,false
209694300,1040006,1039857,0,1039857,209724400,1040557,1040007,0,1040007,30100,150,4983.39,true
209724400,1040557,1040007,0,1040007,209794600,1041108,1040558,0,1040558,70200,551,7849.00,true
209794600,1041108,1040558,0,1040558,209864800,1041299,1041109,0,1041109,70200,551,7849.00,true
209864800,1041299,1041109,0,1041109,209899000,1041449,1041300,0,1041300,34200,191,5584.80,true
209899000,1041449,1041300,0,1041300,209929100,1041599,1041450,0,1041450,30100,150,4983.39,false
209929100,1041599,1041450,0,1041450,209959200,1041749,1041600,0,1041600,30100,150,4983.39,false
209959200,1041749,1041600,0,1041600,209989300,1041899,1041750,0,1041750,30100,150,4983.39,false
209989300,1041899,1041750,0,1041750,210019400,1042049,1041900,0,1041900,30100,150,4983.39,false
210019400,1042049,1041900,0,1041900,210049500,1042199,1042050,0,1042050,30100,150,4983.39,false
210049500,1042199,1042050,0,1042050,210079600,1042349,1042200,0,1042200,30100,150,4983.39,false
210079600,1042349,1042200,0,1042200,210109700,1042499,1042350,0,1042350,30100,150,4983.39,false
210109700,1042499,1042350,0,1042350,210139800,1042649,1042500,0,1042500,30100,150,4983.39,false
210139800,1042649,1042500,0,1042500,210169900,1042799,1042650,0,1042650,30100,150,4983.39,false
210169900,1042799,1042650,0,1042650,210200000,1042949,1042800,0,1042800,30100,150,4983.39,false
210200000,1042949,1042800,0,1042800,210230100,1043099,1042950,0,1042950,30100,150,4983.39,false
210230100,1043099,1042950,0,1042950,210260200,1043249,1043100,0,1043100,30100,150,4983.39,false
210260200,1043249,1043100,0,1043100,210290300,1043399,1043250,0,1043250,30100,150,4983.39,false
210290300,1043399,1043250,0,1043250,210320400,1043549,1043400,0,1043400,30100,150,4983.39,false
210320400,1043549,1043400,0,1043400,210350500,1043699,1043550,0,1043550,30100,150,4983.39,false
210350500,1043699,1043550,0,1043550,210380600,1043849,1043700,0,1043700,30100,150,4983.39,false
210380600,1043849,1043700,0,1043700,210410700,1043999,1043850,0,1043850,30100,150,4983.39,false
210410700,1043999,1043850,0,1043850,210440800,1044149,1044000,0,1044000,30100,150,4983.39,false
210440800,1044149,1044000,0,1044000,210470900,1044299,1044150,0,1044150,30100,150,4983.39,false
210470900,1044299,1044150,0,1044150,210501000,1044449,1044300,0,1044300,30100,150,4983.39,false
210501000,1044449,1044300,0,1044300,210531100,1044599,1044450,0,1044450,30100,150,4983.39,false
210531100,1044599,1044450,0,1044450,210561200,1044749,1044600,0,1044600,30100,150,4983.39,false
210561200,1044749,1044600,0,1044600,210591300,1044899,1044750,0,1044750,30100,150,4983.39,false
210591300,1044899,1044750,0,1044750,210621400,1045049,1044900,0,1044900,30100,150,4983.39,false
210621400,1045049,1044900,0,1044900,210651500,1045199,1045050,0,1045050,30100,150,4983.39,false
210651500,1045199,1045050,0,1045050,210681600,1045349,1045200,0,1045200,30100,150,4983.39,false
210681600,1045349,1045200,0,1045200,210711700,1045499,1045350,0,1045350,30100,150,4983.39,false
210711700,1045499,1045350,0,1045350,210741800,1045649,1045500,0,1045500,30100,150,4983.39,false
210741800,1045649,1045500,0,1045500,210771900,1045799,1045650,0,1045650,30100,150,4983.39,false
210771900,1045799,1045650,0,1045650,210802000,1045949,1045800,0,1045800,30100,150,4983.39,false
210802000,1045949,1045800,0,1045800,210832100,1046099,1045950,0,1045950,30100,150,4983.39,false
210832100,1046099,1045950,0,1045950,210862200,1046249,1046100,0,1046100,30100,150,4983.39,false
210862200,1046249,1046100,0,1046100,210892300,1046399,1046250,0,1046250,30100,150,4983.39,false
210892300,1046399,1046250,0,1046250,210922400,1046549,1046400,0,1046400,30100,150,4983.39,false
210922400,1046549,1046400,0,1046400,210952500,1046699,1046550,0,1046550,30100,150,4983.39,false
210952500,1046699,1046550,0,1046550,210982600,1046849,1046700,0,1046700,30100,150,4983.39,false
210982600,1046849,1046700,0,1046700,211012700,1046999,1046850,0,1046850,30100,150,4983.39,false
211012700,1046999,1046850,0,1046850,211042800,1047149,1047000,0,1047000,30100,150,4983.39,false
211042800,1047149,1047000,0,1047000,211072900,1047299,1047150,0,1047150,30100,150,4983.39,false
211072900,1047299,1047150,0,1047150,211103000,1047449,1047300,0,1047300,30100,150,4983.39,false
211103000,1047449,1047300,0,1047300,211133100,1047599,1047450,0,1047450,30100,150,4983.39,false
211133100,1047599,1047450,0,1047450,211163200,1047749,1047600,0,1047600,30100,150,4983.39,false
211163200,1047749,1047600,0,1047600,211193300,1047899,1047750,0,1047750,30100,150,4983.39,false
211193300,1047899,1047750,0,1047750,211223400,1048049,1047900,0,1047900,30100,150,4983.39,false
211223400,1048049,1047900,0,1047900,211253500,1048199,1048050,0,1048050,30100,150,4983.39,false
211253500,1048199,1048050,0,1048050,211283600,1048349,1048200,0,1048200,30100,150,4983.39,false
211283600,1048349,1048200,0,1048200,211313700,1048499,1048350,0,1048350,30100,150,4983.39,false
211313700,1048499,1048350,0,1048350,211343800,1048649,1048500,0,1048500,30100,150,4983.39,false
211343800,1048649,1048500,0,1048500,211373900,1048799,1048650,0,1048650,30100,150,4983.39,false
211373900,1048799,1048650,0,1048650,211404000,1048949,1048800,0,1048800,30100,150,4983.39,false
211404000,1048949,1048800,0,1048800,211434100,1049099,1048950,0,1048950,30100,150,4983.39,false
211434100,1049099,1048950,0,1048950,211464200,1049249,1049100,0,1049100,30100,150,4983.39,false
211464200,1049249,1049100,0,1049100,211494300,1049399,1049250,0,1049250,30100,150,4983.39,false
211494300,1049399,1049250,0,1049250,211524400,1049549,1049400,0,1049400,30100,150,4983.39,false
211524400,1049549,1049400,0,1049400,211554500,1049699,1049550,0,1049550,30100,150,4983.39,false
211554500,1049699,1049550,0,1049550,211584600,1049849,1049700,0,1049700,30100,150,4983.39,false
211584600,1049849,1049700,0,1049700,211614700,1049999,1049850,0,1049850,30100,150,4983.39,false
211614700,1049999,1049850,0,1049850,211644800,1050149,1050000,0,1050000,30100,150,4983.39,false
211644800,1050149,1050000,0,1050000,211674900,1050299,1050150,0,1050150,30100,150,4983.39,false
211674900,1050299,1050150,0,1050150,211705000,1050449,1050300,0,1050300,30100,150,4983.39,false
211705000,1050449,1050300,0,1050300,211735100,1050599,1050450,0,1050450,30100,150,4983.39,false
211735100,1050599,1050450,0,1050450,211765200,1050749,1050600,0,1050600,30100,150,4983.39,false
211765200,1050749,1050600,0,1050600,211795300,1050899,1050750,0,1050750,30100,150,4983.39,false
211795300,1050899,1050750,0,1050750,211825400,1051049,1050900,0,1050900,30100,150,4983.39,false
211825400,1051049,1050900,0,1050900,211855500,1051199,1051050,0,1051050,30100,150,4983.39,false
211855500,1051199,1051050,0,1051050,211885600,1051349,1051200,0,1051200,30100,150,4983.39,false
211885600,1051349,1051200,0,1051200,211915700,1051499,1051350,0,1051350,30100,150,4983.39,false
211915700,1051499,1051350,0,1051350,211945800,1051649,1051500,0,1051500,30100,150,4983.39,false
211945800,1051649,1051500,0,1051500,211975900,1051799,1051650,0,1051650,30100,150,4983.39,false
211975900,1051799,1051650,0,1051650,212006000,1051949,1051800,0,1051800,30100,150,4983.39,false
212006000,1051949,1051800,0,1051800,212036100,1052099,1051950,0,1051950,30100,150,4983.39,false
212036100,1052099,1051950,0,1051950,212066200,1052249,1052100,0,1052100,30100,150,4983.39,false
212066200,1052249,1052100,0,1052100,212096300,1052399,1052250,0,1052250,30100,150,4983.39,false
212096300,1052399,1052250,0,1052250,212126400,1052549,1052400,0,1052400,30100,150,4983.39,false
212126400,1052549,1052400,0,1052400,212156500,1052699,1052550,0,1052550,30100,150,4983.39,false
212156500,1052699,1052550,0,1052550,212186600,1052849,1052700,0,1052700,30100,150,4983.39,false
212186600,1052849,1052700,0,1052700,212216700,1052999,1052850,0,1052850,30100,150,4983.39,false
212216700,1052999,1052850,0,1052850,212246800,1053149,1053000,0,1053000,30100,150,4983.39,false
212246800,1053149,1053000,0,1053000,212276900,1053299,1053150,0,1053150,30100,150,4983.39,false
212276900,1053299,1053150,0,1053150,212307000,1053449,1053300,0,1053300,30100,150,4983.39,false
212307000,1053449,1053300,0,1053300,212337100,1053599,1053450,0,1053450,30100,150,4983.39,false
212337100,1053599,1053450,0,1053450,212367200,1053749,1053600,0,1053600,30100,150,4983.39,false
212367200,1053749,1053600,0,1053600,212397300,1053899,1053750,0,1053750,30100,150,4983.39,false
212397300,1053899,1053750,0,1053750,212427400,1054049,1053900,0,1053900,30100,150,4983.39,false
212427400,1054049,1053900,0,1053900,212457500,1054199,1054050,0,1054050,30100,150,4983.39,false
212457500,1054199,1054050,0,1054050,212487600,1054349,1054200,0,1054200,30100,150,4983.39,false
212487600,1054349,1054200,0,1054200,212517700,1054499,1054350,0,1054350,30100,150,4983.39,false
212517700,1054499,1054350,0,1054350,212547800,1054649,1054500,0,1054500,30100,150,4983.39,false
212547800,1054649,1054500,0,1054500,212577900,1054799,1054650,0,1054650,30100,150,4983.39,false
212577900,1054799,1054650,0,1054650,212608000,1054949,1054800,0,1054800,30100,150,4983.39,false
212608000,1054949,1054800,0,1054800,212638100,1055099,1054950,0,1054950,30100,150,4983.39,false
212638100,1055099,1054950,0,1054950,212668200,1055249,1055100,0,1055100,30100,150,4983.39,false
212668200,1055249,1055100,0,1055100,212698300,1055399,1055250,0,1055250,30100,150,4983.39,false
212698300,1055399,1055250,0,1055250,212728400,1055549,1055400,0,1055400,30100,150,4983.39,false
212728400,1055549,1055400,0,1055400,212758500,1055699,1055550,0,1055550,30100,150,4983.39,false
212758500,1055699,1055550,0,1055550,212788600,1055849,1055700,0,1055700,30100,150,4983.39,false
212788600,1055849,1055700,0,1055700,212818700,1055999,1055850,0,1055850,30100,150,4983.39,false
212818700,1055999,1055850,0,1055850,212848800,1056149,1056000,0,1056000,30100,150,4983.39,false
212848800,1056149,1056000,0,1056000,212878900,1056299,1056150,0,1056150,30100,150,4983.39,false
212878900,1056299,1056150,0,1056150,212909000,1056449,1056300,0,1056300,30100,150,4983.39,false
212909000,1056449,1056300,0,1056300,212979500,1056599,1056450,0,1056450,70500,150,2127.66,false
212979500,1056599,1056450,0,1056450,213050000,1056749,1056600,0,1056600,70500,150,2127.66,false
213050000,1056749,1056600,0,1056600,213084200,1056899,1056750,0,1056750,34200,150,4385.96,false
213084200,1056899,1056750,0,1056750,213114300,1057049,1056900,0,1056900,30100,150,4983.39,false
213114300,1057049,1056900,0,1056900,213144400,1057199,1057050,0,1057050,30100,150,4983.39,false
213144500,1057200,1057051,0,1057051,213174600,1057350,1057201,0,1057201,30100,150,4983.39,false
213174600,1057350,1057201,0,1057201,213204700,1057500,1057351,0,1057351,30100,150,4983.39,false
213204700,1057500,1057351,0,1057351,213234800,1057650,1057501,0,1057501,30100,150,4983.39,false
213234800,1057650,1057501,0,1057501,213264900,1057800,1057651,0,1057651,30100,150,4983.39,false
213264900,1057800,1057651,0,1057651,213295000,1057950,1057801,0,1057801,30100,150,4983.39,false
213295000,1057950,1057801,0,1057801,213325100,1058100,1057951,0,1057951,30100,150,4983.39,false
213325100,1058100,1057951,0,1057951,213355200,1058250,1058101,0,1058101,30100,150,4983.39,false
213355200,1058250,1058101,0,1058101,213385300,1058400,1058251,0,1058251,30100,150,4983.39,false
213385300,1058400,1058251,0,1058251,213415400,1058550,1058401,0,1058401,30100,150,4983.39,false
213415400,1058550,1058401,0,1058401,213445500,1058700,1058551,0,1058551,30100,150,4983.39,false
213445500,1058700,1058551,0,1058551,213475600,1058850,1058701,0,1058701,30100,150,4983.39,false
213475600,1058850,1058701,0,1058701,213505700,1059000,1058851,0,1058851,30100,150,4983.39,false
213505700,1059000,1058851,0,1058851,213535800,1059551,1059001,0,1059001,30100,150,4983.39,true
213535800,1059551,1059001,0,1059001,213606000,1060102,1059552,0,1059552,70200,551,7849.00,true
213606000,1060102,1059552,0,1059552,213676200,1060293,1060103,0,1060103,70200,551,7849.00,true
213676200,1060293,1060103,0,1060103,213710400,1060443,1060294,0,1060294,34200,191,5584.80,true
213710400,1060443,1060294,0,1060294,213740500,1060593,1060444,0,1060444,30100,150,4983.39,false
213740500,1060593,1060444,0,1060444,213770600,1060743,1060594,0,1060594,30100,150,4983.39,false
213770600,1060743,1060594,0,1060594,213800700,1060893,1060744,0,1060744,30100,150,4983.39,false
213800700,1060893,1060744,0,1060744,213830800,1061043,1060894,0,1060894,30100,150,4983.39,false
213830800,1061043,1060894,0,1060894,213860900,1061193,1061044,0,1061044,30100,150,4983.39,false
213860900,1061193,1061044,0,1061044,213891000,1061343,1061194,0,1061194,30100,150,4983.39,false
213891000,1061343,1061194,0,1061194,213921100,1061493,1061344,0,1061344,30100,150,4983.39,false
213921100,1061493,1061344,0,1061344,213951200,1061643,1061494,0,1061494,30100,150,4983.39,false
213951200,1061643,1061494,0,1061494,213981300,1061793,1061644,0,1061644,30100,150,4983.39,false
213981300,1061793,1061644,0,1061644,214011400,1061943,1061794,0,1061794,30100,150,4983.39,false
214011400,1061943,1061794,0,1061794,214041500,1062093,1061944,0,1061944,30100,150,4983.39,false
214041500,1062093,1061944,0,1061944,214071600,1062243,1062094,0,1062094,30100,150,4983.39,false
214071600,1062243,1062094,0,1062094,214101700,1062393,1062244,0,1062244,30100,150,4983.39,false
214101700,1062393,1062244,0,1062244,214131800,1062543,1062394,0,1062394,30100,150,4983.39,false
214131800,1062543,1062394,0,1062394,214161900,1062693,1062544,0,1062544,30100,150,4983.39,false
214161900,1062693,1062544,0,1062544,214192000,1062843,1062694,0,1062694,30100,150,4983.39,false
214192000,1062843,1062694,0,1062694,214222100,1062993,1062844,0,1062844,30100,150,4983.39,false
214222100,1062993,1062844,0,1062844,214252200,1063143,1062994,0,1062994,30100,150,4983.39,false
214252200,1063143,1062994,0,1062994,214282300,1063293,1063144,0,1063144,30100,150,4983.39,false
214282300,1063293,1063144,0,1063144,214312400,1063443,1063294,0,1063294,30100,150,4983.39,false
214312400,1063443,1063294,0,1063294,214342500,1063593,1063444,0,1063444,30100,150,4983.39,false
214342500,1063593,1063444,0,1063444,214372600,1063743,1063594,0,1063594,30100,150,4983.39,false
214372600,1063743,1063594,0,1063594,214402700,1063893,1063744,0,1063744,30100,150,4983.39,false
214402700,1063893,1063744,0,1063744,214432800,1064043,1063894,0,1063894,30100,150,4983.39,false
214432800,1064043,1063894,0,1063894,214462900,1064193,1064044,0,1064044,30100,150,4983.39,false
214462900,1064193,1064044,0,1064044,214493000,1064343,1064194,0,1064194,30100,150,4983.39,false
214493000,1064343,1064194,0,1064194,214523100,1064493,1064344,0,1064344,30100,150,4983.39,false
214523100,1064493,1064344,0,1064344,214553200,1064643,1064494,0,1064494,30100,150,4983.39,false
214553200,1064643,1064494,0,1064494,214583300,1064793,1064644,0,1064644,30100,150,4983.39,false
214583300,1064793,1064644,0,1064644,214613400,1064943,1064794,0,1064794,30100,150,4983.39,false
214613400,1064943,1064794,0,1064794,214643500,1065093,1064944,0,1064944,30100,150,4983.39,false
214643500,1065093,1064944,0,1064944,214673600,1065243,1065094,0,1065094,30100,150,4983.39,false
214673600,1065243,1065094,0,1065094,214703700,1065393,1065244,0,1065244,30100,150,4983.39,false
214703700,1065393,1065244,0,1065244,214733800,1065543,1065394,0,1065394,30100,150,4983.39,false
214733800,1065543,1065394,0,1065394,214763900,1065693,1065544,0,1065544,30100,150,4983.39,false
214763900,1065693,1065544,0,1065544,214794000,1065843,1065694,0,1065694,30100,150,4983.39,false
214794000,1065843,1065694,0,1065694,214824100,1065993,1065844,0,1065844,30100,150,4983.39,false
214824100,1065993,1065844,0,1065844,214854200,1066143,1065994,0,1065994,30100,150,4983.39,false
214854200,1066143,1065994,0,1065994,214884300,1066293,1066144,0,1066144,30100,150,4983.39,false
214884300,1066293,1066144,0,1066144,214914400,1066443,1066294,0,1066294,30100,150,4983.39,false
214914400,1066443,1066294,0,1066294,214944500,1066593,1066444,0,1066444,30100,150,4983.39,false
214944500,1066593,1066444,0,1066444,214974600,1066743,1066594,0,1066594,30100,150,4983.39,false
214974600,1066743,1066594,0,1066594,215004700,1066893,1066744,0,1066744,30100,150,4983.39,false
215004700,1066893,1066744,0,1066744,215034800,1067043,1066894,0,1066894,30100,150,4983.39,false
215034800,1067043,1066894,0,1066894,215064900,1067193,1067044,0,1067044,30100,150,4983.39,false
215064900,1067193,1067044,0,1067044,215095000,1067343,1067194,0,1067194,30100,150,4983.39,false
215095000,1067343,1067194,0,1067194,215125100,1067493,1067344,0,1067344,30100,150,4983.39,false
215125100,1067493,1067344,0,1067344,215155200,1067643,1067494,0,1067494,30100,150,4983.39,false
215155200,1067643,1067494,0,1067494,215185300,1067793,1067644,0,1067644,30100,150,4983.39,false
215185300,1067793,1067644,0,1067644,215215400,1067943,1067794,0,1067794,30100,150,4983.39,false
215215400,1067943,1067794,0,1067794,215245500,1068093,1067944,0,1067944,30100,150,4983.39,false
215245500,1068093,1067944,0,1067944,215275600,1068243,1068094,0,1068094,30100,150,4983.39,false
215275600,1068243,1068094,0,1068094,215305700,1068393,1068244,0,1068244,30100,150,4983.39,false
215305700,1068393,1068244,0,1068244,215335800,1068543,1068394,0,1068394,30100,150,4983.39,false
215335800,1068543,1068394,0,1068394,215365900,1068693,1068544,0,1068544,30100,150,4983.39,false
215365900,1068693,1068544,0,1068544,215396000,1068843,1068694,0,1068694,30100,150,4983.39,false
215396000,1068843,1068694,0,1068694,215426100,1068993,1068844,0,1068844,30100,150,4983.39,false
215426100,1068993,1068844,0,1068844,215456200,1069143,1068994,0,1068994,30100,150,4983.39,false
215456200,1069143,1068994,0,1068994,215486300,1069293,1069144,0,1069144,30100,150,4983.39,false
215486300,1069293,1069144,0,1069144,215516400,1069443,1069294,0,1069294,30100,150,4983.39,false
215516400,1069443,1069294,0,1069294,215546500,1069593,1069444,0,1069444,30100,150,4983.39,false
215546500,1069593,1069444,0,1069444,215576600,1069743,1069594,0,1069594,30100,150,4983.39,false
215576600,1069743,1069594,0,1069594,215606700,1069893,1069744,0,1069744,30100,150,4983.39,false
215606700,1069893,1069744,0,1069744,215636800,1070043,1069894,0,1069894,30100,150,4983.39,false
215636800,1070043,1069894,0,1069894,215666900,1070193,1070044,0,1070044,30100,150,4983.39,false
215666900,1070193,1070044,0,1070044,215697000,1070343,1070194,0,1070194,30100,150,4983.39,false
215697000,1070343,1070194,0,1070194,215727100,1070493,1070344,0,1070344,30100,150,4983.39,false
215727100,1070493,1070344,0,1070344,215757200,1070643,1070494,0,1070494,30100,150,4983.39,false
215757200,1070643,1070494,0,1070494,215787300,1070793,1070644,0,1070644,30100,150,4983.39,false
215787300,1070793,1070644,0,1070644,215817400,1070943,1070794,0,1070794,30100,150,4983.39,false
215817400,1070943,1070794,0,1070794,215847500,1071093,1070944,0,1070944,30100,150,4983.39,false
215847500,1071093,1070944,0,1070944,215877600,1071243,1071094,0,1071094,30100,150,4983.39,false
215877600,1071243,1071094,0,1071094,215907700,1071393,1071244,0,1071244,30100,150,4983.39,false
215907700,1071393,1071244,0,1071244,215937800,1071543,1071394,0,1071394,30100,150,4983.39,false
215937800,1071543,1071394,0,1071394,215967900,1071693,1071544,0,1071544,30100,150,4983.39,false
215967900,1071693,1071544,0,1071544,215998000,1071843,1071694,0,1071694,30100,150,4983.39,false
215998000,1071843,1071694,0,1071694,216028100,1071993,1071844,0,1071844,30100,150,4983.39,false
216028100,1071993,1071844,0,1071844,216058200,1072143,1071994,0,1071994,30100,150,4983.39,false
216058200,1072143,1071994,0,1071994,216088300,1072293,1072144,0,1072144,30100,150,4983.39,false
216088300,1072293,1072144,0,1072144,216118400,1072443,1072294,0,1072294,30100,150,4983.39,false
216118400,1072443,1072294,0,1072294,216148500,1072593,1072444,0,1072444,30100,150,4983.39,false
216148500,1072593,1072444,0,1072444,216178600,1072743,1072594,0,1072594,30100,150,4983.39,false
216178600,1072743,1072594,0,1072594,216208700,1072893,1072744,0,1072744,30100,150,4983.39,false
216208700,1072893,1072744,0,1072744,216238800,1073043,1072894,0,1072894,30100,150,4983.39,false
216238800,1073043,1072894,0,1072894,216268900,1073193,1073044,0,1073044,30100,150,4983.39,false
216268900,1073193,1073044,0,1073044,216299000,1073343,1073194,0,1073194,30100,150,4983.39,false
216299000,1073343,1073194,0,1073194,216329100,1073493,1073344,0,1073344,30100,150,4983.39,false
216329100,1073493,1073344,0,1073344,216359200,1073643,1073494,0,1073494,30100,150,4983.39,false
216359200,1073643,1073494,0,1073494,216389300,1073793,1073644,0,1073644,30100,150,4983.39,false
216389300,1073793,1073644,0,1073644,216419400,1073943,1073794,0,1073794,30100,150,4983.39,false
216419400,1073943,1073794,0,1073794,216449500,1074093,1073944,0,1073944,30100,150,4983.39,false
216449500,1074093,1073944,0,1073944,216479600,1074243,1074094,0,1074094,30100,150,4983.39,false
216479600,1074243,1074094,0,1074094,216509700,1074393,1074244,0,1074244,30100,150,4983.39,false
216509700,1074393,1074244,0,1074244,216539800,1074543,1074394,0,1074394,30100,150,4983.39,false
216539800,1074543,1074394,0,1074394,216569900,1074693,1074544,0,1074544,30100,150,4983.39,false
216569900,1074693,1074544,0,1074544,216600000,1074843,1074694,0,1074694,30100,150,4983.39,false
216600000,1074843,1074694,0,1074694,216630100,1074993,1074844,0,1074844,30100,150,4983.39,false
216630100,1074993,1074844,0,1074844,216660200,1075143,1074994,0,1074994,30100,150,4983.39,false
216660200,1075143,1074994,0,1074994,216690300,1075293,1075144,0,1075144,30100,150,4983.39,false
216690300,1075293,1075144,0,1075144,216720400,1075443,1075294,0,1075294,30100,150,4983.39,false
216720400,1075443,1075294,0,1075294,216790900,1075593,1075444,0,1075444,70500,150,2127.66,false
216790900,1075593,1075444,0,1075444,216861400,1075743,1075594,0,1075594,70500,150,2127.66,false
216861400,1075743,1075594,0,1075594,216895600,1075893,1075744,0,1075744,34200,150,4385.96,false
216895600,1075893,1075744,0,1075744,216925700,1076043,1075894,0,1075894,30100,150,4983.39,false
216925700,1076043,1075894,0,1075894,216955800,1076193,1076044,0,1076044,30100,150,4983.39,false
216955900,1076194,1076045,0,1076045,216986000,1076344,1076195,0,1076195,30100,150,4983.39,false
216986000,1076344,1076195,0,1076195,217016100,1076494,1076345,0,1076345,30100,150,4983.39,false
217016100,1076494,1076345,0,1076345,217046200,1076644,1076495,0,1076495,30100,150,4983.39,false
217046200,1076644,1076495,0,1076495,217076300,1076794,1076645,0,1076645,30100,150,4983.39,false
217076300,1076794,1076645,0,1076645,217106400,1076944,1076795,0,1076795,30100,150,4983.39,false
217106400,1076944,1076795,0,1076795,217136500,1077094,1076945,0,1076945,30100,150,4983.39,false
217136500,1077094,1076945,0,1076945,217166600,1077244,1077095,0,1077095,30100,150,4983.39,false
217166600,1077244,1077095,0,1077095,217196700,1077394,1077245,0,1077245,30100,150,4983.39,false
217196700,1077394,1077245,0,1077245,217226800,1077544,1077395,0,1077395,30100,150,4983.39,false
217226800,1077544,1077395,0,1077395,217256900,1077694,1077545,0,1077545,30100,150,4983.39,false
217256900,1077694,1077545,0,1077545,217287000,1077844,1077695,0,1077695,30100,150,4983.39,false
217287000,1077844,1077695,0,1077695,217317100,1077994,1077845,0,1077845,30100,150,4983.39,false
217317100,1077994,1077845,0,1077845,217347200,1078545,1077995,0,1077995,30100,150,4983.39,true
217347200,1078545,1077995,0,1077995,217417400,1079096,1078546,0,1078546,70200,551,7849.00,true
217417400,1079096,1078546,0,1078546,217487600,1079287,1079097,0,1079097,70200,551,7849.00,true
217487600,1079287,1079097,0,1079097,217521800,1079437,1079288,0,1079288,34200,191,5584.80,true
217521800,1079437,1079288,0,1079288,217551900,1079587,1079438,0,1079438,30100,150,4983.39,false
217551900,1079587,1079438,0,1079438,217582000,1079737,1079588,0,1079588,30100,150,4983.39,false
217582000,1079737,1079588,0,1079588,217612100,1079887,1079738,0,1079738,30100,150,4983.39,false
217612100,1079887,1079738,0,1079738,217642200,1080037,1079888,0,1079888,30100,150,4983.39,false
217642200,1080037,1079888,0,1079888,217672300,1080187,1080038,0,1080038,30100,150,4983.39,false
217672300,1080187,1080038,0,1080038,217702400,1080337,1080188,0,1080188,30100,150,4983.39,false
217702400,1080337,1080188,0,1080188,217732500,1080487,1080338,0,1080338,30100,150,4983.39,false
217732500,1080487,1080338,0,1080338,217762600,1080637,1080488,0,1080488,30100,150,4983.39,false
217762600,1080637,1080488,0,1080488,217792700,1080787,1080638,0,1080638,30100,150,4983.39,false
217792700,1080787,1080638,0,1080638,217822800,1080937,1080788,0,1080788,30100,150,4983.39,false
217822800,1080937,1080788,0,1080788,217852900,1081087,1080938,0,1080938,30100,150,4983.39,false
217852900,1081087,1080938,0,1080938,217883000,1081237,1081088,0,1081088,30100,150,4983.39,false
217883000,1081237,1081088,0,1081088,217913100,1081387,1081238,0,1081238,30100,150,4983.39,false
217913100,1081387,1081238,0,1081238,217943200,1081537,1081388,0,1081388,30100,150,4983.39,false
217943200,1081537,1081388,0,1081388,217973300,1081687,1081538,0,1081538,30100,150,4983.39,false
217973300,1081687,1081538,0,1081538,218003400,1081837,1081688,0,1081688,30100,150,4983.39,false
218003400,1081837,1081688,0,1081688,218033500,1081987,1081838,0,1081838,30100,150,4983.39,false
218033500,1081987,1081838,0,1081838,218063600,1082137,1081988,0,1081988,30100,150,4983.39,false
218063600,1082137,1081988,0,1081988,218093700,1082287,1082138,0,1082138,30100,150,4983.39,false
218093700,1082287,1082138,0,1082138,218123800,1082437,1082288,0,1082288,30100,150,4983.39,false
218123800,1082437,1082288,0,1082288,218153900,1082587,1082438,0,1082438,30100,150,4983.39,false
218153900,1082587,1082438,0,1082438,218184000,1082737,1082588,0,1082588,30100,150,4983.39,false
218184000,1082737,1082588,0,1082588,218214100,1082887,1082738,0,1082738,30100,150,4983.39,false
218214100,1082887,1082738,0,1082738,218244200,1083037,1082888,0,1082888,30100,150,4983.39,false
218244200,1083037,1082888,0,1082888,218274300,1083187,1083038,0,1083038,30100,150,4983.39,false
218274300,1083187,1083038,0,1083038,218304400,1083337,1083188,0,1083188,30100,150,4983.39,false
218304400,1083337,1083188,0,1083188,218334500,1083487,1083338,0,1083338,30100,150,4983.39,false
218334500,1083487,1083338,0,1083338,218364600,1083637,1083488,0,1083488,30100,150,4983.39,false
218364600,1083637,1083488,0,1083488,218394700,1083787,1083638,0,1083638,30100,150,4983.39,false
218394700,1083787,1083638,0,1083638,218424800,1083937,1083788,0,1083788,30100,150,4983.39,false
218424800,1083937,1083788,0,1083788,218454900,1084087,1083938,0,1083938,30100,150,4983.39,false
218454900,1084087,1083938,0,1083938,218485000,1084237,1084088,0,1084088,30100,150,4983.39,false
218485000,1084237,1084088,0,1084088,218515100,1084387,1084238,0,1084238,30100,150,4983.39,false
218515100,1084387,1084238,0,1084238,218545200,1084537,1084388,0,1084388,30100,150,4983.39,false
218545200,1084537,1084388,0,1084388,218575300,1084687,1084538,0,1084538,30100,150,4983.39,false
218575300,1084687,1084538,0,1084538,218605400,1084837,1084688,0,1084688,30100,150,4983.39,false
218605400,1084837,1084688,0,1084688,218635500,1084987,1084838,0,1084838,30100,150,4983.39,false
218635500,1084987,1084838,0,1084838,218665600,1085137,1084988,0,1084988,30100,150,4983.39,false
218665600,1085137,1084988,0,1084988,218695700,1085287,1085138,0,1085138,30100,150,4983.39,false
218695700,1085287,1085138,0,1085138,218725800,1085437,1085288,0,1085288,30100,150,4983.39,false
218725800,1085437,1085288,0,1085288,218755900,1085587,1085438,0,1085438,30100,150,4983.39,false
218755900,1085587,1085438,0,1085438,218786000,1085737,1085588,0,1085588,30100,150,4983.39,false
218786000,1085737,1085588,0,1085588,218816100,1085887,1085738,0,1085738,30100,150,4983.39,false
218816100,1085887,1085738,0,1085738,218846200,1086037,1085888,0,1085888,30100,150,4983.39,false
218846200,1086037,1085888,0,1085888,218876300,1086187,1086038,0,1086038,30100,150,4983.39,false
218876300,1086187,1086038,0,1086038,218906400,1086337,1086188,0,1086188,30100,150,4983.39,false
218906400,1086337,1086188,0,1086188,218936500,1086487,1086338,0,1086338,30100,150,4983.39,false
218936500,1086487,1086338,0,1086338,218966600,1086637,1086488,0,1086488,30100,150,4983.39,false
218966600,1086637,1086488,0,1086488,218996700,1086787,1086638,0,1086638,30100,150,4983.39,false
218996700,1086787,1086638,0,1086638,219026800,1086937,1086788,0,1086788,30100,150,4983.39,false
219026800,1086937,1086788,0,1086788,219056900,1087087,1086938,0,1086938,30100,150,4983.39,false
219056900,1087087,1086938,0,1086938,219087000,1087237,1087088,0,1087088,30100,150,4983.39,false
219087000,1087237,1087088,0,1087088,219117100,1087387,1087238,0,1087238,30100,150,4983.39,false
219117100,1087387,1087238,0,1087238,219147200,1087537,1087388,0,1087388,30100,150,4983.39,false
219147200,1087537,1087388,0,1087388,219177300,1087687,1087538,0,1087538,30100,150,4983.39,false
219177300,1087687,1087538,0,1087538,219207400,1087837,1087688,0,1087688,30100,150,4983.39,false
219207400,1087837,1087688,0,1087688,219237500,1087987,1087838,0,1087838,30100,150,4983.39,false
219237500,1087987,1087838,0,1087838,219267600,1088137,1087988,0,1087988,30100,150,4983.39,false
219267600,1088137,1087988,0,1087988,219297700,1088287,1088138,0,1088138,30100,150,4983.39,false
219297700,1088287,1088138,0,1088138,219327800,1088437,1088288,0,1088288,30100,150,4983.39,false
219327800,1088437,1088288,0,1088288,219357900,1088587,1088438,0,1088438,30100,150,4983.39,false
219357900,1088587,1088438,0,1088438,219388000,1088737,1088588,0,1088588,30100,150,4983.39,false
219388000,1088737,1088588,0,1088588,219418100,1088887,1088738,0,1088738,30100,150,4983.39,false
219418100,1088887,1088738,0,1088738,219448200,1089037,1088888,0,1088888,30100,150,4983.39,false
219448200,1089037,1088888,0,1088888,219478300,1089187,1089038,0,1089038,30100,150,4983.39,false
219478300,1089187,1089038,0,1089038,219508400,1089337,1089188,0,1089188,30100,150,4983.39,false
219508400,1089337,1089188,0,1089188,219538500,1089487,1089338,0,1089338,30100,150,4983.39,false
219538500,1089487,1089338,0,1089338,219568600,1089637,1089488,0,1089488,30100,150,4983.39,false
219568600,1089637,1089488,0,1089488,219598700,1089787,1089638,0,1089638,30100,150,4983.39,false
219598700,1089787,1089638,0,1089638,219628800,1089937,1089788,0,1089788,30100,150,4983.39,false
219628800,1089937,1089788,0,1089788,219658900,1090087,1089938,0,1089938,30100,150,4983.39,false
219658900,1090087,1089938,0,1089938,219689000,1090237,1090088,0,1090088,30100,150,4983.39,false
219689000,1090237,1090088,0,1090088,219719100,1090387,1090238,0,1090238,30100,150,4983.39,false
219719100,1090387,1090238,0,1090238,219749200,1090537,1090388,0,1090388,30100,150,4983.39,false
219749200,1090537,1090388,0,1090388,219779300,1090687,1090538,0,1090538,30100,150,4983.39,false
219779300,1090687,1090538,0,1090538,219809400,1090837,1090688,0,1090688,30100,150,4983.39,false
219809400,1090837,1090688,0,1090688,219839500,1090987,1090838,0,1090838,30100,150,4983.39,false
219839500,1090987,1090838,0,1090838,219869600,1091137,1090988,0,1090988,30100,150,4983.39,false
219869600,1091137,1090988,0,1090988,219899700,1091287,1091138,0,1091138,30100,150,4983.39,false
219899700,1091287,1091138,0,1091138,219929800,1091437,1091288,0,1091288,30100,150,4983.39,false
219929800,1091437,1091288,0,1091288,219959900,1091587,1091438,0,1091438,30100,150,4983.39,false
219959900,1091587,1091438,0,1091438,219990000,1091737,1091588,0,1091588,30100,150,4983.39,false
219990000,1091737,1091588,0,1091588,220020100,1091887,1091738,0,1091738,30100,150,4983.39,false
220020100,1091887,1091738,0,1091738,220050200,1092037,1091888,0,1091888,30100,150,4983.39,false
220050200,1092037,1091888,0,1091888,220080300,1092187,1092038,0,1092038,30100,150,4983.39,false
220080300,1092187,1092038,0,1092038,220110400,1092337,1092188,0,1092188,30100,150,4983.39,false
220110400,1092337,1092188,0,1092188,220140500,1092487,1092338,0,1092338,30100,150,4983.39,false
220140500,1092487,1092338,0,1092338,220170600,1092637,1092488,0,1092488,30100,150,4983.39,false
220170600,1092637,1092488,0,1092488,220200700,1092787,1092638,0,1092638,30100,150,4983.39,false
220200700,1092787,1092638,0,1092638,220230800,1092937,1092788,0,1092788,30100,150,4983.39,false
220230800,1092937,1092788,0,1092788,220260900,1093087,1092938,0,1092938,30100,150,4983.39,false
220260900,1093087,1092938,0,1092938,220291000,1093237,1093088,0,1093088,30100,150,4983.39,false
220291000,1093237,1093088,0,1093088,220321100,1093387,1093238,0,1093238,30100,150,4983.39,false
220321100,1093387,1093238,0,1093238,220351200,1093537,1093388,0,1093388,30100,150,4983.39,false
220351200,1093537,1093388,0,1093388,220381300,1093687,1093538,0,1093538,30100,150,4983.39,false
220381300,1093687,1093538,0,1093538,220411400,1093837,1093688,0,1093688,30100,150,4983.39,false
220411400,1093837,1093688,0,1093688,220441500,1093987,1093838,0,1093838,30100,150,4983.39,false
220441500,1093987,1093838,0,1093838,220471600,1094137,1093988,0,1093988,30100,150,4983.39,false
220471600,1094137,1093988,0,1093988,220501700,1094287,1094138,0,1094138,30100,150,4983.39,false
220501700,1094287,1094138,0,1094138,220531800,1094437,1094288,0,1094288,30100,150,4983.39,false
220531800,1094437,1094288,0,1094288,220602300,1094587,1094438,0,1094438,70500,150,2127.66,false
220602300,1094587,1094438,0,1094438,220672800,1094737,1094588,0,1094588,70500,150,2127.66,false
220672800,1094737,1094588,0,1094588,220707000,1094887,1094738,0,1094738,34200,150,4385.96,false
220707000,1094887,1094738,0,1094738,220737100,1095037,1094888,0,1094888,30100,150,4983.39,false
220737100,1095037,1094888,0,1094888,220767200,1095187,1095038,0,1095038,30100,150,4983.39,false
220767300,1095188,1095039,0,1095039,220797400,1095338,1095189,0,1095189,30100,150,4983.39,false
220797400,1095338,1095189,0,1095189,220827500,1095488,1095339,0,1095339,30100,150,4983.39,false
220827500,1095488,1095339,0,1095339,220857600,1095638,1095489,0,1095489,30100,150,4983.39,false
220857600,1095638,1095489,0,1095489,220887700,1095788,1095639,0,1095639,30100,150,4983.39,false
220887700,1095788,1095639,0,1095639,220917800,1095938,1095789,0,1095789,30100,150,4983.39,false
220917800,1095938,1095789,0,1095789,220947900,1096088,1095939,0,1095939,30100,150,4983.39,false
220947900,1096088,1095939,0,1095939,220978000,1096238,1096089,0,1096089,30100,150,4983.39,false
220978000,1096238,1096089,0,1096089,221008100,1096388,1096239,0,1096239,30100,150,4983.39,false
221008100,1096388,1096239,0,1096239,221038200,1096538,1096389,0,1096389,30100,150,4983.39,false
221038200,1096538,1096389,0,1096389,221068300,1096688,1096539,0,1096539,30100,150,4983.39,false
221068300,1096688,1096539,0,1096539,221098400,1096838,1096689,0,1096689,30100,150,4983.39,false
221098400,1096838,1096689,0,1096689,221128500,1096988,1096839,0,1096839,30100,150,4983.39,false
221128500,1096988,1096839,0,1096839,221158600,1097539,1096989,0,1096989,30100,150,4983.39,true
221158600,1097539,1096989,0,1096989,221228800,1098090,1097540,0,1097540,70200,551,7849.00,true
221228800,1098090,1097540,0,1097540,221299000,1098281,1098091,0,1098091,70200,551,7849.00,true
221299000,1098281,1098091,0,1098091,221333200,1098431,1098282,0,1098282,34200,191,5584.80,true
221333200,1098431,1098282,0,1098282,221363300,1098581,1098432,0,1098432,30100,150,4983.39,false
221363300,1098581,1098432,0,1098432,221393400,1098731,1098582,0,1098582,30100,150,4983.39,false
221393400,1098731,1098582,0,1098582,221423500,1098881,1098732,0,1098732,30100,150,4983.39,false
221423500,1098881,1098732,0,1098732,221453600,1099031,1098882,0,1098882,30100,150,4983.39,false
221453600,1099031,1098882,0,1098882,221483700,1099181,1099032,0,1099032,30100,150,4983.39,false
221483700,1099181,1099032,0,1099032,221513800,1099331,1099182,0,1099182,30100,150,4983.39,false
221513800,1099331,1099182,0,1099182,221543900,1099481,1099332,0,1099332,30100,150,4983.39,false
221543900,1099481,1099332,0,1099332,221574000,1099631,1099482,0,1099482,30100,150,4983.39,false
221574000,1099631,1099482,0,1099482,221604100,1099781,1099632,0,1099632,30100,150,4983.39,false
221604100,1099781,1099632,0,1099632,221634200,1099931,1099782,0,1099782,30100,150,4983.39,false
221634200,1099931,1099782,0,1099782,221664300,1100081,1099932,0,1099932,30100,150,4983.39,false
221664300,1100081,1099932,0,1099932,221694400,1100231,1100082,0,1100082,30100,150,4983.39,false
221694400,1100231,1100082,0,1100082,221724500,1100381,1100232,0,1100232,30100,150,4983.39,false
221724500,1100381,1100232,0,1100232,221754600,1100531,1100382,0,1100382,30100,150,4983.39,false
221754600,1100531,1100382,0,1100382,221784700,1100681,1100532,0,1100532,30100,150,4983.39,false
221784700,1100681,1100532,0,1100532,221814800,1100831,1100682,0,1100682,30100,150,4983.39,false
221814800,1100831,1100682,0,1100682,221844900,1100981,1100832,0,1100832,30100,150,4983.39,false
221844900,1100981,1100832,0,1100832,221875000,1101131,1100982,0,1100982,30100,150,4983.39,false
221875000,1101131,1100982,0,1100982,221905100,1101281,1101132,0,1101132,30100,150,4983.39,false
221905100,1101281,1101132,0,1101132,221935200,1101431,1101282,0,1101282,30100,150,4983.39,false
221935200,1101431,1101282,0,1101282,221965300,1101581,1101432,0,1101432,30100,150,4983.39,false
221965300,1101581,1101432,0,1101432,221995400,1101731,1101582,0,1101582,30100,150,4983.39,false
221995400,1101731,1101582,0,1101582,222025500,1101881,1101732,0,1101732,30100,150,4983.39,false
222025500,1101881,1101732,0,1101732,222055600,1102031,1101882,0,1101882,30100,150,4983.39,false
222055600,1102031,1101882,0,1101882,222085700,1102181,1102032,0,1102032,30100,150,4983.39,false
222085700,1102181,1102032,0,1102032,222115800,1102331,1102182,0,1102182,30100,150,4983.39,false
222115800,1102331,1102182,0,1102182,222145900,1102481,1102332,0,1102332,30100,150,4983.39,false
222145900,1102481,1102332,0,1102332,222176000,1102631,1102482,0,1102482,30100,150,4983.39,false
222176000,1102631,1102482,0,1102482,222206100,1102781,1102632,0,1102632,30100,150,4983.39,false
222206100,1102781,1102632,0,1102632,222236200,1102931,1102782,0,1102782,30100,150,4983.39,false
222236200,1102931,1102782,0,1102782,222266300,1103081,1102932,0,1102932,30100,150,4983.39,false
222266300,1103081,1102932,0,1102932,222296400,1103231,1103082,0,1103082,30100,150,4983.39,false
222296400,1103231,1103082,0,1103082,222326500,1103381,1103232,0,1103232,30100,150,4983.39,false
222326500,1103381,1103232,0,1103232,222356600,1103531,1103382,0,1103382,30100,150,4983.39,false
222356600,1103531,1103382,0,1103382,222386700,1103681,1103532,0,1103532,30100,150,4983.39,false
222386700,1103681,1103532,0,1103532,222416800,1103831,1103682,0,1103682,30100,150,4983.39,false
222416800,1103831,1103682,0,1103682,222446900,1103981,1103832,0,1103832,30100,150,4983.39,false
222446900,1103981,1103832,0,1103832,222477000,1104131,1103982,0,1103982,30100,150,4983.39,false
222477000,1104131,1103982,0,1103982,222507100,1104281,1104132,0,1104132,30100,150,4983.39,false
222507100,1104281,1104132,0,1104132,222537200,1104431,1104282,0,1104282,30100,150,4983.39,false
222537200,1104431,1104282,0,1104282,222567300,1104581,1104432,0,1104432,30100,150,4983.39,false
222567300,1104581,1104432,0,1104432,222597400,1104731,1104582,0,1104582,30100,150,4983.39,false
222597400,1104731,1104582,0,1104582,222627500,1104881,1104732,0,1104732,30100,150,4983.39,false
222627500,1104881,1104732,0,1104732,222657600,1105031,1104882,0,1104882,30100,150,4983.39,false
222657600,1105031,1104882,0,1104882,222687700,1105181,1105032,0,1105032,30100,150,4983.39,false
222687700,1105181,1105032,0,1105032,222717800,1105331,1105182,0,1105182,30100,150,4983.39,false
222717800,1105331,1105182,0,1105182,222747900,1105481,1105332,0,1105332,30100,150,4983.39,false
222747900,1105481,1105332,0,1105332,222778000,1105631,1105482,0,1105482,30100,150,4983.39,false
222778000,1105631,1105482,0,1105482,222808100,1105781,1105632,0,1105632,30100,150,4983.39,false
222808100,1105781,1105632,0,1105632,222838200,1105931,1105782,0,1105782,30100,150,4983.39,false
222838200,1105931,1105782,0,1105782,222868300,1106081,1105932,0,1105932,30100,150,4983.39,false
222868300,1106081,1105932,0,1105932,222898400,1106231,1106082,0,1106082,30100,150,4983.39,false
222898400,1106231,1106082,0,1106082,222928500,1106381,1106232,0,1106232,30100,150,4983.39,false
222928500,1106381,1106232,0,1106232,222958600,1106531,1106382,0,1106382,30100,150,4983.39,false
222958600,1106531,1106382,0,1106382,222988700,1106681,1106532,0,1106532,30100,150,4983.39,false
222988700,1106681,1106532,0,1106532,223018800,1106831,1106682,0,1106682,30100,150,4983.39,false
223018800,1106831,1106682,0,1106682,223048900,1106981,1106832,0,1106832,30100,150,4983.39,false
223048900,1106981,1106832,0,1106832,223079000,1107131,1106982,0,1106982,30100,150,4983.39,false
223079000,1107131,1106982,0,1106982,223109100,1107281,1107132,0,1107132,30100,150,4983.39,false
223109100,1107281,1107132,0,1107132,223139200,1107431,1107282,0,1107282,30100,150,4983.39,false
223139200,1107431,1107282,0,1107282,223169300,1107581,1107432,0,1107432,30100,150,4983.39,false
223169300,1107581,1107432,0,1107432,223199400,1107731,1107582,0,1107582,30100,150,4983.39,false
223199400,1107731,1107582,0,1107582,223229500,1107881,1107732,0,1107732,30100,150,4983.39,false
223229500,1107881,1107732,0,1107732,223259600,1108031,1107882,0,1107882,30100,150,4983.39,false
223259600,1108031,1107882,0,1107882,223289700,1108181,1108032,0,1108032,30100,150,4983.39,false
223289700,1108181,1108032,0,1108032,223319800,1108331,1108182,0,1108182,30100,150,4983.39,false
223319800,1108331,1108182,0,1108182,223349900,1108481,1108332,0,1108332,30100,150,4983.39,false
223349900,1108481,1108332,0,1108332,223380000,1108631,1108482,0,1108482,30100,150,4983.39,false
223380000,1108631,1108482,0,1108482,223410100,1108781,1108632,0,1108632,30100,150,4983.39,false
223410100,1108781,1108632,0,1108632,223440200,1108931,1108782,0,1108782,30100,150,4983.39,false
223440200,1108931,1108782,0,1108782,223470300,1109081,1108932,0,1108932,30100,150,4983.39,false
223470300,1109081,1108932,0,1108932,223500400,1109231,1109082,0,1109082,30100,150,4983.39,false
223500400,1109231,1109082,0,1109082,223530500,1109381,1109232,0,1109232,30100,150,4983.39,false
223530500,1109381,1109232,0,1109232,223560600,1109531,1109382,0,1109382,30100,150,4983.39,false
223560600,1109531,1109382,0,1109382,223590700,1109681,1109532,0,1109532,30100,150,4983.39,false
223590700,1109681,1109532,0,1109532,223620800,1109831,1109682,0,1109682,30100,150,4983.39,false
223620800,1109831,1109682,0,1109682,223650900,1109981,1109832,0,1109832,30100,150,4983.39,false
223650900,1109981,1109832,0,1109832,223681000,1110131,1109982,0,1109982,30100,150,4983.39,false
223681000,1110131,1109982,0,1109982,223711100,1110281,1110132,0,1110132,30100,150,4983.39,false
223711100,1110281,1110132,0,1110132,223741200,1110431,1110282,0,1110282,30100,150,4983.39,false
223741200,1110431,1110282,0,1110282,223771300,1110581,1110432,0,1110432,30100,150,4983.39,false
223771300,1110581,1110432,0,1110432,223801400,1110731,1110582,0,1110582,30100,150,4983.39,false
223801400,1110731,1110582,0,1110582,223831500,1110881,1110732,0,1110732,30100,150,4983.39,false
223831500,1110881,1110732,0,1110732,223861600,1111031,1110882,0,1110882,30100,150,4983.39,false
223861600,1111031,1110882,0,1110882,223891700,1111181,1111032,0,1111032,30100,150,4983.39,false
223891700,1111181,1111032,0,1111032,223921800,1111331,1111182,0,1111182,30100,150,4983.39,false
223921800,1111331,1111182,0,1111182,223951900,1111481,1111332,0,1111332,30100,150,4983.39,false
223951900,1111481,1111332,0,1111332,223982000,1111631,1111482,0,1111482,30100,150,4983.39,false
223982000,1111631,1111482,0,1111482,224012100,1111781,1111632,0,1111632,30100,150,4983.39,false
224012100,1111781,1111632,0,1111632,224042200,1111931,1111782,0,1111782,30100,150,4983.39,false
224042200,1111931,1111782,0,1111782,224072300,1112081,1111932,0,1111932,30100,150,4983.39,false
224072300,1112081,1111932,0,1111932,224102400,1112231,1112082,0,1112082,30100,150,4983.39,false
224102400,1112231,1112082,0,1112082,224132500,1112381,1112232,0,1112232,30100,150,4983.39,false
224132500,1112381,1112232,0,1112232,224162600,1112531,1112382,0,1112382,30100,150,4983.39,false
224162600,1112531,1112382,0,1112382,224192700,1112681,1112532,0,1112532,30100,150,4983.39,false
224192700,1112681,1112532,0,1112532,224222800,1112831,1112682,0,1112682,30100,150,4983.39,false
224222800,1112831,1112682,0,1112682,224252900,1112981,1112832,0,1112832,30100,150,4983.39,false
224252900,1112981,1112832,0,1112832,224283000,1113131,1112982,0,1112982,30100,150,4983.39,false
224283000,1113131,1112982,0,1112982,224313100,1113281,1113132,0,1113132,30100,150,4983.39,false
224313100,1113281,1113132,0,1113132,224343200,1113431,1113282,0,1113282,30100,150,4983.39,false
224343200,1113431,1113282,0,1113282,224413700,1113581,1113432,0,1113432,70500,150,2127.66,false
224413700,1113581,1113432,0,1113432,224484200,1113731,1113582,0,1113582,70500,150,2127.66,false
224484200,1113731,1113582,0,1113582,224518400,1113881,1113732,0,1113732,34200,150,4385.96,false
224518400,1113881,1113732,0,1113732,224548500,1114031,1113882,0,1113882,30100,150,4983.39,false
224548500,1114031,1113882,0,1113882,224578600,1114181,1114032,0,1114032,30100,150,4983.39,false
224578700,1114182,1114033,0,1114033,224608800,1114332,1114183,0,1114183,30100,150,4983.39,false
224608800,1114332,1114183,0,1114183,224638900,1114482,1114333,0,1114333,30100,150,4983.39,false
224638900,1114482,1114333,0,1114333,224669000,1114632,1114483,0,1114483,30100,150,4983.39,false
224669000,1114632,1114483,0,1114483,224699100,1114782,1114633,0,1114633,30100,150,4983.39,false
224699100,1114782,1114633,0,1114633,224729200,1114932,1114783,0,1114783,30100,150,4983.39,false
224729200,1114932,1114783,0,1114783,224759300,1115082,1114933,0,1114933,30100,150,4983.39,false
224759300,1115082,1114933,0,1114933,224789400,1115232,1115083,0,1115083,30100,150,4983.39,false
224789400,1115232,1115083,0,1115083,224819500,1115382,1115233,0,1115233,30100,150,4983.39,false
224819500,1115382,1115233,0,1115233,224849600,1115532,1115383,0,1115383,30100,150,4983.39,false
224849600,1115532,1115383,0,1115383,224879700,1115682,1115533,0,1115533,30100,150,4983.39,false
224879700,1115682,1115533,0,1115533,224909800,1115832,1115683,0,1115683,30100,150,4983.39,false
224909800,1115832,1115683,0,1115683,224939900,1115982,1115833,0,1115833,30100,150,4983.39,false
224939900,1115982,1115833,0,1115833,224970000,1116533,1115983,0,1115983,30100,150,4983.39,true
224970000,1116533,1115983,0,1115983,225040200,1117084,1116534,0,1116534,70200,551,7849.00,true
225040200,1117084,1116534,0,1116534,225110400,1117275,1117085,0,1117085,70200,551,7849.00,true
225110400,1117275,1117085,0,1117085,225144600,1117425,1117276,0,1117276,34200,191,5584.80,true
225144600,1117425,1117276,0,1117276,225174700,1117575,1117426,0,1117426,30100,150,4983.39,false
225174700,1117575,1117426,0,1117426,225204800,1117725,1117576,0,1117576,30100,150,4983.39,false
225204800,1117725,1117576,0,1117576,225234900,1117875,1117726,0,1117726,30100,150,4983.39,false
225234900,1117875,1117726,0,1117726,225265000,1118025,1117876,0,1117876,30100,150,4983.39,false
225265000,1118025,1117876,0,1117876,225295100,1118175,1118026,0,1118026,30100,150,4983.39,false
225295100,1118175,1118026,0,1118026,225325200,1118325,1118176,0,1118176,30100,150,4983.39,false
225325200,1118325,1118176,0,1118176,225355300,1118475,1118326,0,1118326,30100,150,4983.39,false
225355300,1118475,1118326,0,1118326,225385400,1118625,1118476,0,1118476,30100,150,4983.39,false
225385400,1118625,1118476,0,1118476,225415500,1118775,1118626,0,1118626,30100,150,4983.39,false
225415500,1118775,1118626,0,1118626,225445600,1118925,1118776,0,1118776,30100,150,4983.39,false
225445600,1118925,1118776,0,1118776,225475700,1119075,1118926,0,1118926,30100,150,4983.39,false
225475700,1119075,1118926,0,1118926,225505800,1119225,1119076,0,1119076,30100,150,4983.39,false
225505800,1119225,1119076,0,1119076,225535900,1119375,1119226,0,1119226,30100,150,4983.39,false
225535900,1119375,1119226,0,1119226,225566000,1119525,1119376,0,1119376,30100,150,4983.39,false
225566000,1119525,1119376,0,1119376,225596100,1119675,1119526,0,1119526,30100,150,4983.39,false
225596100,1119675,1119526,0,1119526,225626200,1119825,1119676,0,1119676,30100,150,4983.39,false
225626200,1119825,1119676,0,1119676,225656300,1119975,1119826,0,1119826,30100,150,4983.39,false
225656300,1119975,1119826,0,1119826,225686400,1120125,1119976,0,1119976,30100,150,4983.39,false
225686400,1120125,1119976,0,1119976,225716500,1120275,1120126,0,1120126,30100,150,4983.39,false
225716500,1120275,1120126,0,1120126,225746600,1120425,1120276,0,1120276,30100,150,4983.39,false
225746600,1120425,1120276,0,1120276,225776700,1120575,1120426,0,1120426,30100,150,4983.39,false
225776700,1120575,1120426,0,1120426,225806800,1120725,1120576,0,1120576,30100,150,4983.39,false
225806800,1120725,1120576,0,1120576,225836900,1120875,1120726,0,1120726,30100,150,4983.39,false
225836900,1120875,1120726,0,1120726,225867000,1121025,1120876,0,1120876,30100,150,4983.39,false
225867000,1121025,1120876,0,1120876,225897100,1121175,1121026,0,1121026,30100,150,4983.39,false
225897100,1121175,1121026,0,1121026,225927200,1121325,1121176,0,1121176,30100,150,4983.39,false
225927200,1121325,1121176,0,1121176,225957300,1121475,1121326,0,1121326,30100,150,4983.39,false
225957300,1121475,1121326,0,1121326,225987400,1121625,1121476,0,1121476,30100,150,4983.39,false
225987400,1121625,1121476,0,1121476,226017500,1121775,1121626,0,1121626,30100,150,4983.39,false
226017500,1121775,1121626,0,1121626,226047600,1121925,1121776,0,1121776,30100,150,4983.39,false
226047600,1121925,1121776,0,1121776,226077700,1122075,1121926,0,1121926,30100,150,4983.39,false
226077700,1122075,1121926,0,1121926,226107800,1122225,1122076,0,1122076,30100,150,4983.39,false
226107800,1122225,1122076,0,1122076,226137900,1122375,1122226,0,1122226,30100,150,4983.39,false
226137900,1122375,1122226,0,1122226,226168000,1122525,1122376,0,1122376,30100,150,4983.39,false
226168000,1122525,1122376,0,1122376,226198100,1122675,1122526,0,1122526,30100,150,4983.39,false
226198100,1122675,1122526,0,1122526,226228200,1122825,1122676,0,1122676,30100,150,4983.39,false
226228200,1122825,1122676,0,1122676,226258300,1122975,1122826,0,1122826,30100,150,4983.39,false
226258300,1122975,1122826,0,1122826,226288400,1123125,1122976,0,1122976,30100,150,4983.39,false
226288400,1123125,1122976,0,1122976,226318500,1123275,1123126,0,1123126,30100,150,4983.39,false
226318500,1123275,1123126,0,1123126,226348600,1123425,1123276,0,1123276,30100,150,4983.39,false
226348600,1123425,1123276,0,1123276,226378700,1123575,1123426,0,1123426,30100,150,4983.39,false
226378700,1123575,1123426,0,1123426,226408800,1123725,1123576,0,1123576,30100,150,4983.39,false
226408800,1123725,1123576,0,1123576,226438900,1123875,1123726,0,1123726,30100,150,4983.39,false
226438900,1123875,1123726,0,1123726,226469000,1124025,1123876,0,1123876,30100,150,4983.39,false
226469000,1124025,1123876,0,1123876,226499100,1124175,1124026,0,1124026,30100,150,4983.39,false
226499100,1124175,1124026,0,1124026,226529200,1124325,1124176,0,1124176,30100,150,4983.39,false
226529200,1124325,1124176,0,1124176,226559300,1124475,1124326,0,1124326,30100,150,4983.39,false
226559300,1124475,1124326,0,1124326,226589400,1124625,1124476,0,1124476,30100,150,4983.39,false
226589400,1124625,1124476,0,1124476,226619500,1124775,1124626,0,1124626,30100,150,4983.39,false
226619500,1124775,1124626,0,1124626,226649600,1124925,1124776,0,1124776,30100,150,4983.39,false
226649600,1124925,1124776,0,1124776,226679700,1125075,1124926,0,1124926,30100,150,4983.39,false
226679700,1125075,1124926,0,1124926,226709800,1125225,1125076,0,1125076,30100,150,4983.39,false
226709800,1125225,1125076,0,1125076,226739900,1125375,1125226,0,1125226,30100,150,4983.39,false
226739900,1125375,1125226,0,1125226,226770000,1125525,1125376,0,1125376,30100,150,4983.39,false
226770000,1125525,1125376,0,1125376,226800100,1125675,1125526,0,1125526,30100,150,4983.39,false
226800100,1125675,1125526,0,1125526,226830200,1125825,1125676,0,1125676,30100,150,4983.39,false
226830200,1125825,1125676,0,1125676,226860300,1125975,1125826,0,1125826,30100,150,4983.39,false
226860300,1125975,1125826,0,1125826,226890400,1126125,1125976,0,1125976,30100,150,4983.39,false
226890400,1126125,1125976,0,1125976,226920500,1126275,1126126,0,1126126,30100,150,4983.39,false
226920500,1126275,1126126,0,1126126,226950600,1126425,1126276,0,1126276,30100,150,4983.39,false
226950600,1126425,1126276,0,1126276,226980700,1126575,1126426,0,1126426,30100,150,4983.39,false
226980700,1126575,1126426,0,1126426,227010800,1126725,1126576,0,1126576,30100,150,4983.39,false
227010800,1126725,1126576,0,1126576,227040900,1126875,1126726,0,1126726,30100,150,4983.39,false
227040900,1126875,1126726,0,1126726,227071000,1127025,1126876,0,1126876,30100,150,4983.39,false
227071000,1127025,1126876,0,1126876,227101100,1127175,1127026,0,1127026,30100,150,4983.39,false
227101100,1127175,1127026,0,1127026,227131200,1127325,1127176,0,1127176,30100,150,4983.39,false
227131200,1127325,1127176,0,1127176,227161300,1127475,1127326,0,1127326,30100,150,4983.39,false
227161300,1127475,1127326,0,1127326,227191400,1127625,1127476,0,1127476,30100,150,4983.39,false
227191400,1127625,1127476,0,1127476,227221500,1127775,1127626,0,1127626,30100,150,4983.39,false
227221500,1127775,1127626,0,1127626,227251600,1127925,1127776,0,1127776,30100,150,4983.39,false
227251600,1127925,1127776,0,1127776,227281700,1128075,1127926,0,1127926,30100,150,4983.39,false
227281700,1128075,1127926,0,1127926,227311800,1128225,1128076,0,1128076,30100,150,4983.39,false
227311800,1128225,1128076,0,1128076,227341900,1128375,1128226,0,1128226,30100,150,4983.39,false
227341900,1128375,1128226,0,1128226,227372000,1128525,1128376,0,1128376,30100,150,4983.39,false
227372000,1128525,1128376,0,1128376,227402100,1128675,1128526,0,1128526,30100,150,4983.39,false
227402100,1128675,1128526,0,1128526,227432200,1128825,1128676,0,1128676,30100,150,4983.39,false
227432200,1128825,1128676,0,1128676,227462300,1128975,1128826,0,1128826,30100,150,4983.39,false
227462300,1128975,1128826,0,1128826,227492400,1129125,1128976,0,1128976,30100,150,4983.39,false
227492400,1129125,1128976,0,1128976,227522500,1129275,1129126,0,1129126,30100,150,4983.39,false
227522500,1129275,1129126,0,1129126,227552600,1129425,1129276,0,1129276,30100,150,4983.39,false
227552600,1129425,1129276,0,1129276,227582700,1129575,1129426,0,1129426,30100,150,4983.39,false
227582700,1129575,1129426,0,1129426,227612800,1129725,1129576,0,1129576,30100,150,4983.39,false
227612800,1129725,1129576,0,1129576,227642900,1129875,1129726,0,1129726,30100,150,4983.39,false
227642900,1129875,1129726,0,1129726,227673000,1130025,1129876,0,1129876,30100,150,4983.39,false
227673000,1130025,1129876,0,1129876,227703100,1130175,1130026,0,1130026,30100,150,4983.39,false
227703100,1130175,1130026,0,1130026,227733200,1130325,1130176,0,1130176,30100,150,4983.39,false
227733200,1130325,1130176,0,1130176,227763300,1130475,1130326,0,1130326,30100,150,4983.39,false
227763300,1130475,1130326,0,1130326,227793400,1130625,1130476,0,1130476,30100,150,4983.39,false
227793400,1130625,1130476,0,1130476,227823500,1130775,1130626,0,1130626,30100,150,4983.39,false
227823500,1130775,1130626,0,1130626,227853600,1130925,1130776,0,1130776,30100,150,4983.39,false
227853600,1130925,1130776,0,1130776,227883700,1131075,1130926,0,1130926,30100,150,4983.39,false
227883700,1131075,1130926,0,1130926,227913800,1131225,1131076,0,1131076,30100,150,4983.39,false
227913800,1131225,1131076,0,1131076,227943900,1131375,1131226,0,1131226,30100,150,4983.39,false
227943900,1131375,1131226,0,1131226,227974000,1131525,1131376,0,1131376,30100,150,4983.39,false
227974000,1131525,1131376,0,1131376,228004100,1131675,1131526,0,1131526,30100,150,4983.39,false
228004100,1131675,1131526,0,1131526,228034200,1131825,1131676,0,1131676,30100,150,4983.39,false
228034200,1131825,1131676,0,1131676,228064300,1131975,1131826,0,1131826,30100,150,4983.39,false
228064300,1131975,1131826,0,1131826,228094400,1132125,1131976,0,1131976,30100,150,4983.39,false
228094400,1132125,1131976,0,1131976,228124500,1132275,1132126,0,1132126,30100,150,4983.39,false
228124500,1132275,1132126,0,1132126,228154600,1132425,1132276,0,1132276,30100,150,4983.39,false
228154600,1132425,1132276,0,1132276,228225100,1132575,1132426,0,1132426,70500,150,2127.66,false
228225100,1132575,1132426,0,1132426,228295600,1132725,1132576,0,1132576,70500,150,2127.66,false
228295600,1132725,1132576,0,1132576,228329800,1132875,1132726,0,1132726,34200,150,4385.96,false
228329800,1132875,1132726,0,1132726,228359900,1133025,1132876,0,1132876,30100,150,4983.39,false
228359900,1133025,1132876,0,1132876,228390000,1133175,1133026,0,1133026,30100,150,4983.39,false
228390100,1133176,1133027,0,1133027,228420200,1133326,1133177,0,1133177,30100,150,4983.39,false
228420200,1133326,1133177,0,1133177,228450300,1133476,1133327,0,1133327,30100,150,4983.39,false
228450300,1133476,1133327,0,1133327,228480400,1133626,1133477,0,1133477,30100,150,4983.39,false
228480400,1133626,1133477,0,1133477,228510500,1133776,1133627,0,1133627,30100,150,4983.39,false
228510500,1133776,1133627,0,1133627,228540600,1133926,1133777,0,1133777,30100,150,4983.39,false
228540600,1133926,1133777,0,1133777,228570700,1134076,1133927,0,1133927,30100,150,4983.39,false
228570700,1134076,1133927,0,1133927,228600800,1134226,1134077,0,1134077,30100,150,4983.39,false
228600800,1134226,1134077,0,1134077,228630900,1134376,1134227,0,1134227,30100,150,4983.39,false
228630900,1134376,1134227,0,1134227,228661000,1134526,1134377,0,1134377,30100,150,4983.39,false
228661000,1134526,1134377,0,1134377,228691100,1134676,1134527,0,1134527,30100,150,4983.39,false
228691100,1134676,1134527,0,1134527,228721200,1134826,1134677,0,1134677,30100,150,4983.39,false
228721200,1134826,1134677,0,1134677,228751300,1134976,1134827,0,1134827,30100,150,4983.39,false
228751300,1134976,1134827,0,1134827,228781400,1135527,1134977,0,1134977,30100,150,4983.39,true
228781400,1135527,1134977,0,1134977,228851600,1136078,1135528,0,1135528,70200,551,7849.00,true
228851600,1136078,1135528,0,1135528,228921800,1136269,1136079,0,1136079,70200,551,7849.00,true
228921800,1136269,1136079,0,1136079,228956000,1136419,1136270,0,1136270,34200,191,5584.80,true
228956000,1136419,1136270,0,1136270,228986100,1136569,1136420,0,1136420,30100,150,4983.39,false
228986100,1136569,1136420,0,1136420,229016200,1136719,1136570,0,1136570,30100,150,4983.39,false
229016200,1136719,1136570,0,1136570,229046300,1136869,1136720,0,1136720,30100,150,4983.39,false
229046300,1136869,1136720,0,1136720,229076400,1137019,1136870,0,1136870,30100,150,4983.39,false
229076400,1137019,1136870,0,1136870,229106500,1137169,1137020,0,1137020,30100,150,4983.39,false
229106500,1137169,1137020,0,1137020,229136600,1137319,1137170,0,1137170,30100,150,4983.39,false
229136600,1137319,1137170,0,1137170,229166700,1137469,1137320,0,1137320,30100,150,4983.39,false
229166700,1137469,1137320,0,1137320,229196800,1137619,1137470,0,1137470,30100,150,4983.39,false
229196800,1137619,1137470,0,1137470,229226900,1137769,1137620,0,1137620,30100,150,4983.39,false
229226900,1137769,1137620,0,1137620,229257000,1137919,1137770,0,1137770,30100,150,4983.39,false
229257000,1137919,1137770,0,1137770,229287100,1138069,1137920,0,1137920,30100,150,4983.39,false
229287100,1138069,1137920,0,1137920,229317200,1138219,1138070,0,1138070,30100,150,4983.39,false
229317200,1138219,1138070,0,1138070,229347300,1138369,1138220,0,1138220,30100,150,4983.39,false
229347300,1138369,1138220,0,1138220,229377400,1138519,1138370,0,1138370,30100,150,4983.39,false
229377400,1138519,1138370,0,1138370,229407500,1138669,1138520,0,1138520,30100,150,4983.39,false
229407500,1138669,1138520,0,1138520,229437600,1138819,1138670,0,1138670,30100,150,4983.39,false
229437600,1138819,1138670,0,1138670,229467700,1138969,1138820,0,1138820,30100,150,4983.39,false
229467700,1138969,1138820,0,1138820,229497800,1139119,1138970,0,1138970,30100,150,4983.39,false
229497800,1139119,1138970,0,1138970,229527900,1139269,1139120,0,1139120,30100,150,4983.39,false
229527900,1139269,1139120,0,1139120,229558000,1139419,1139270,0,1139270,30100,150,4983.39,false
229558000,1139419,1139270,0,1139270,229588100,1139569,1139420,0,1139420,30100,150,4983.39,false
229588100,1139569,1139420,0,1139420,229618200,1139719,1139570,0,1139570,30100,150,4983.39,false
229618200,1139719,1139570,0,1139570,229648300,1139869,1139720,0,1139720,30100,150,4983.39,false
229648300,1139869,1139720,0,1139720,229678400,1140019,1139870,0,1139870,30100,150,4983.39,false
229678400,1140019,1139870,0,1139870,229708500,1140169,1140020,0,1140020,30100,150,4983.39,false
229708500,1140169,1140020,0,1140020,229738600,1140319,1140170,0,1140170,30100,150,4983.39,false
229738600,1140319,1140170,0,1140170,229768700,1140469,1140320,0,1140320,30100,150,4983.39,false
229768700,1140469,1140320,0,1140320,229798800,1140619,1140470,0,1140470,30100,150,4983.39,false
229798800,1140619,1140470,0,1140470,229828900,1140769,1140620,0,1140620,30100,150,4983.39,false
229828900,1140769,1140620,0,1140620,229859000,1140919,1140770,0,1140770,30100,150,4983.39,false
229859000,1140919,1140770,0,1140770,229889100,1141069,1140920,0,1140920,30100,150,4983.39,false
229889100,1141069,1140920,0,1140920,229919200,1141219,1141070,0,1141070,30100,150,4983.39,false
229919200,1141219,1141070,0,1141070,229949300,1141369,1141220,0,1141220,30100,150,4983.39,false
229949300,1141369,1141220,0,1141220,229979400,1141519,1141370,0,1141370,30100,150,4983.39,false
229979400,1141519,1141370,0,1141370,230009500,1141669,1141520,0,1141520,30100,150,4983.39,false
230009500,1141669,1141520,0,1141520,230039600,1141819,1141670,0,1141670,30100,150,4983.39,false
230039600,1141819,1141670,0,1141670,230069700,1141969,1141820,0,1141820,30100,150,4983.39,false
230069700,1141969,1141820,0,1141820,230099800,1142119,1141970,0,1141970,30100,150,4983.39,false
230099800,1142119,1141970,0,1141970,230129900,1142269,1142120,0,1142120,30100,150,4983.39,false
230129900,1142269,1142120,0,1142120,230160000,1142419,1142270,0,1142270,30100,150,4983.39,false
230160000,1142419,1142270,0,1142270,230190100,1142569,1142420,0,1142420,30100,150,4983.39,false
230190100,1142569,1142420,0,1142420,230220200,1142719,1142570,0,1142570,30100,150,4983.39,false
230220200,1142719,1142570,0,1142570,230250300,1142869,1142720,0,1142720,30100,150,4983.39,false
230250300,1142869,1142720,0,1142720,230280400,1143019,1142870,0,1142870,30100,150,4983.39,false
230280400,1143019,1142870,0,1142870,230310500,1143169,1143020,0,1143020,30100,150,4983.39,false
230310500,1143169,1143020,0,1143020,230340600,1143319,1143170,0,1143170,30100,150,4983.39,false
230340600,1143319,1143170,0,1143170,230370700,1143469,1143320,0,1143320,30100,150,4983.39,false
230370700,1143469,1143320,0,1143320,230400800,1143619,1143470,0,1143470,30100,150,4983.39,false
230400800,1143619,1143470,0,1143470,230430900,1143769,1143620,0,1143620,30100,150,4983.39,false
230430900,1143769,1143620,0,1143620,230461000,1143919,1143770,0,1143770,30100,150,4983.39,false
230461000,1143919,1143770,0,1143770,230491100,1144069,1143920,0,1143920,30100,150,4983.39,false
230491100,1144069,1143920,0,1143920,230521200,1144219,1144070,0,1144070,30100,150,4983.39,false
230521200,1144219,1144070,0,1144070,230551300,1144369,1144220,0,1144220,30100,150,4983.39,false
230551300,1144369,1144220,0,1144220,230581400,1144519,1144370,0,1144370,30100,150,4983.39,false
230581400,1144519,1144370,0,1144370,230611500,1144669,1144520,0,1144520,30100,150,4983.39,false
230611500,1144669,1144520,0,1144520,230641600,1144819,1144670,0,1144670,30100,150,4983.39,false
230641600,1144819,1144670,0,1144670,230671700,1144969,1144820,0,1144820,30100,150,4983.39,false
230671700,1144969,1144820,0,1144820,230701800,1145119,1144970,0,1144970,30100,150,4983.39,false
230701800,1145119,1144970,0,1144970,230731900,1145269,1145120,0,1145120,30100,150,4983.39,false
230731900,1145269,1145120,0,1145120,230762000,1145419,1145270,0,1145270,30100,150,4983.39,false
230762000,1145419,1145270,0,1145270,230792100,1145569,1145420,0,1145420,30100,150,4983.39,false
230792100,1145569,1145420,0,1145420,230822200,1145719,1145570,0,1145570,30100,150,4983.39,false
230822200,1145719,1145570,0,1145570,230852300,1145869,1145720,0,1145720,30100,150,4983.39,false
230852300,1145869,1145720,0,1145720,230882400,1146019,1145870,0,1145870,30100,150,4983.39,false
230882400,1146019,1145870,0,1145870,230912500,1146169,1146020,0,1146020,30100,150,4983.39,false
230912500,1146169,1146020,0,1146020,230942600,1146319,1146170,0,1146170,30100,150,4983.39,false
230942600,1146319,1146170,0,1146170,230972700,1146469,1146320,0,1146320,30100,150,4983.39,false
230972700,1146469,1146320,0,1146320,231002800,1146619,1146470,0,1146470,30100,150,4983.39,false
231002800,1146619,1146470,0,1146470,231032900,1146769,1146620,0,1146620,30100,150,4983.39,false
231032900,1146769,1146620,0,1146620,231063000,1146919,1146770,0,1146770,30100,150,4983.39,false
231063000,1146919,1146770,0,1146770,231093100,1147069,1146920,0,1146920,30100,150,4983.39,false
231093100,1147069,1146920,0,1146920,231123200,1147219,1147070,0,1147070,30100,150,4983.39,false
231123200,1147219,1147070,0,1147070,231153300,1147369,1147220,0,1147220,30100,150,4983.39,false
231153300,1147369,1147220,0,1147220,231183400,1147519,1147370,0,1147370,30100,150,4983.39,false
231183400,1147519,1147370,0,1147370,231213500,1147669,1147520,0,1147520,30100,150,4983.39,false
231213500,1147669,1147520,0,1147520,231243600,1147819,1147670,0,1147670,30100,150,4983.39,false
231243600,1147819,1147670,0,1147670,231273700,1147969,1147820,0,1147820,30100,150,4983.39,false
231273700,1147969,1147820,0,1147820,231303800,1148119,1147970,0,1147970,30100,150,4983.39,false
231303800,1148119,1147970,0,1147970,231333900,1148269,1148120,0,1148120,30100,150,4983.39,false
231333900,1148269,1148120,0,1148120,231364000,1148419,1148270,0,1148270,30100,150,4983.39,false
231364000,1148419,1148270,0,1148270,231394100,1148569,1148420,0,1148420,30100,150,4983.39,false
231394100,1148569,1148420,0,1148420,231424200,1148719,1148570,0,1148570,30100,150,4983.39,false
231424200,1148719,1148570,0,1148570,231454300,1148869,1148720,0,1148720,30100,150,4983.39,false
231454300,1148869,1148720,0,1148720,231484400,1149019,1148870,0,1148870,30100,150,4983.39,false
231484400,1149019,1148870,0,1148870,231514500,1149169,1149020,0,1149020,30100,150,4983.39,false
231514500,1149169,1149020,0,1149020,231544600,1149319,1149170,0,1149170,30100,150,4983.39,false
231544600,1149319,1149170,0,1149170,231574700,1149469,1149320,0,1149320,30100,150,4983.39,false
231574700,1149469,1149320,0,1149320,231604800,1149619,1149470,0,1149470,30100,150,4983.39,false
231604800,1149619,1149470,0,1149470,231634900,1149769,1149620,0,1149620,30100,150,4983.39,false
231634900,1149769,1149620,0,1149620,231665000,1149919,1149770,0,1149770,30100,150,4983.39,false
231665000,1149919,1149770,0,1149770,231695100,1150069,1149920,0,1149920,30100,150,4983.39,false
231695100,1150069,1149920,0,1149920,231725200,1150219,1150070,0,1150070,30100,150,4983.39,false
231725200,1150219,1150070,0,1150070,231755300,1150369,1150220,0,1150220,30100,150,4983.39,false
231755300,1150369,1150220,0,1150220,231785400,1150519,1150370,0,1150370,30100,150,4983.39,false
231785400,1150519,1150370,0,1150370,231815500,1150669,1150520,0,1150520,30100,150,4983.39,false
231815500,1150669,1150520,0,1150520,231845600,1150819,1150670,0,1150670,30100,150,4983.39,false
231845600,1150819,1150670,0,1150670,231875700,1150969,1150820,0,1150820,30100,150,4983.39,false
231875700,1150969,1150820,0,1150820,231905800,1151119,1150970,0,1150970,30100,150,4983.39,false
231905800,1151119,1150970,0,1150970,231935900,1151269,1151120,0,1151120,30100,150,4983.39,false
231935900,1151269,1151120,0,1151120,231966000,1151419,1151270,0,1151270,30100,150,4983.39,false
231966000,1151419,1151270,0,1151270,232036500,1151569,1151420,0,1151420,70500,150,2127.66,false
232036500,1151569,1151420,0,1151420,232107000,1151719,1151570,0,1151570,70500,150,2127.66,false
232107000,1151719,1151570,0,1151570,232141200,1151869,1151720,0,1151720,34200,150,4385.96,false
232141200,1151869,1151720,0,1151720,232171300,1152019,1151870,0,1151870,30100,150,4983.39,false
232171300,1152019,1151870,0,1151870,232201400,1152169,1152020,0,1152020,30100,150,4983.39,false
232201500,1152170,1152021,0,1152021,232231600,1152320,1152171,0,1152171,30100,150,4983.39,false
232231600,1152320,1152171,0,1152171,232261700,1152470,1152321,0,1152321,30100,150,4983.39,false
232261700,1152470,1152321,0,1152321,232291800,1152620,1152471,0,1152471,30100,150,4983.39,false
232291800,1152620,1152471,0,1152471,232321900,1152770,1152621,0,1152621,30100,150,4983.39,false
232321900,1152770,1152621,0,1152621,232352000,1152920,1152771,0,1152771,30100,150,4983.39,false
232352000,1152920,1152771,0,1152771,232382100,1153070,1152921,0,1152921,30100,150,4983.39,false
232382100,1153070,1152921,0,1152921,232412200,1153220,1153071,0,1153071,30100,150,4983.39,false
232412200,1153220,1153071,0,1153071,232442300,1153370,1153221,0,1153221,30100,150,4983.39,false
232442300,1153370,1153221,0,1153221,232472400,1153520,1153371,0,1153371,30100,150,4983.39,false
232472400,1153520,1153371,0,1153371,232502500,1153670,1153521,0,1153521,30100,150,4983.39,false
232502500,1153670,1153521,0,1153521,232532600,1153820,1153671,0,1153671,30100,150,4983.39,false
232532600,1153820,1153671,0,1153671,232562700,1153970,1153821,0,1153821,30100,150,4983.39,false
232562700,1153970,1153821,0,1153821,232592800,1154521,1153971,0,1153971,30100,150,4983.39,true
232592800,1154521,1153971,0,1153971,232663000,1155072,1154522,0,1154522,70200,551,7849.00,true
232663000,1155072,1154522,0,1154522,232733200,1155263,1155073,0,1155073,70200,551,7849.00,true
232733200,1155263,1155073,0,1155073,232767400,1155413,1155264,0,1155264,34200,191,5584.80,true
232767400,1155413,1155264,0,1155264,232797500,1155563,1155414,0,1155414,30100,150,4983.39,false
232797500,1155563,1155414,0,1155414,232827600,1155713,1155564,0,1155564,30100,150,4983.39,false
232827600,1155713,1155564,0,1155564,232857700,1155863,1155714,0,1155714,30100,150,4983.39,false
232857700,1155863,1155714,0,1155714,232887800,1156013,1155864,0,1155864,30100,150,4983.39,false
232887800,1156013,1155864,0,1155864,232917900,1156163,1156014,0,1156014,30100,150,4983.39,false
232917900,1156163,1156014,0,1156014,232948000,1156313,1156164,0,1156164,30100,150,4983.39,false
232948000,1156313,1156164,0,1156164,232978100,1156463,1156314,0,1156314,30100,150,4983.39,false
232978100,1156463,1156314,0,1156314,233008200,1156613,1156464,0,1156464,30100,150,4983.39,false
233008200,1156613,1156464,0,1156464,233038300,1156763,1156614,0,1156614,30100,150,4983.39,false
233038300,1156763,1156614,0,1156614,233068400,1156913,1156764,0,1156764,30100,150,4983.39,false
233068400,1156913,1156764,0,1156764,233098500,1157063,1156914,0,1156914,30100,150,4983.39,false
233098500,1157063,1156914,0,1156914,233128600,1157213,1157064,0,1157064,30100,150,4983.39,false
233128600,1157213,1157064,0,1157064,233158700,1157363,1157214,0,1157214,30100,150,4983.39,false
233158700,1157363,1157214,0,1157214,233188800,1157513,1157364,0,1157364,30100,150,4983.39,false
233188800,1157513,1157364,0,1157364,233218900,1157663,1157514,0,1157514,30100,150,4983.39,false
233218900,1157663,1157514,0,1157514,233249000,1157813,1157664,0,1157664,30100,150,4983.39,false
233249000,1157813,1157664,0,1157664,233279100,1157963,1157814,0,1157814,30100,150,4983.39,false
233279100,1157963,1157814,0,1157814,233309200,1158113,1157964,0,1157964,30100,150,4983.39,false
233309200,1158113,1157964,0,1157964,233339300,1158263,1158114,0,1158114,30100,150,4983.39,false
233339300,1158263,1158114,0,1158114,233369400,1158413,1158264,0,1158264,30100,150,4983.39,false
233369400,1158413,1158264,0,1158264,233399500,1158563,1158414,0,1158414,30100,150,4983.39,false
233399500,1158563,1158414,0,1158414,233429600,1158713,1158564,0,1158564,30100,150,4983.39,false
233429600,1158713,1158564,0,1158564,233459700,1158863,1158714,0,1158714,30100,150,4983.39,false
233459700,1158863,1158714,0,1158714,233489800,1159013,1158864,0,1158864,30100,150,4983.39,false
233489800,1159013,1158864,0,1158864,233519900,1159163,1159014,0,1159014,30100,150,4983.39,false
233519900,1159163,1159014,0,1159014,233550000,1159313,1159164,0,1159164,30100,150,4983.39,false
233550000,1159313,1159164,0,1159164,233580100,1159463,1159314,0,1159314,30100,150,4983.39,false
233580100,1159463,1159314,0,1159314,233610200,1159613,1159464,0,1159464,30100,150,4983.39,false
233610200,1159613,1159464,0,1159464,233640300,1159763,1159614,0,1159614,30100,150,4983.39,false
233640300,1159763,1159614,0,1159614,233670400,1159913,1159764,0,1159764,30100,150,4983.39,false
233670400,1159913,1159764,0,1159764,233700500,1160063,1159914,0,1159914,30100,150,4983.39,false
233700500,1160063,1159914,0,1159914,233730600,1160213,1160064,0,1160064,30100,150,4983.39,false
233730600,1160213,1160064,0,1160064,233760700,1160363,1160214,0,1160214,30100,150,4983.39,false
233760700,1160363,1160214,0,1160214,233790800,1160513,1160364,0,1160364,30100,150,4983.39,false
233790800,1160513,1160364,0,1160364,233820900,1160663,1160514,0,1160514,30100,150,4983.39,false
233820900,1160663,1160514,0,1160514,233851000,1160813,1160664,0,1160664,30100,150,4983.39,false
233851000,1160813,1160664,0,1160664,233881100,1160963,1160814,0,1160814,30100,150,4983.39,false
233881100,1160963,1160814,0,1160814,233911200,1161113,1160964,0,1160964,30100,150,4983.39,false
233911200,1161113,1160964,0,1160964,233941300,1161263,1161114,0,1161114,30100,150,4983.39,false
233941300,1161263,1161114,0,1161114,233971400,1161413,1161264,0,1161264,30100,150,4983.39,false
233971400,1161413,1161264,0,1161264,234001500,1161563,1161414,0,1161414,30100,150,4983.39,false
234001500,1161563,1161414,0,1161414,234031600,1161713,1161564,0,1161564,30100,150,4983.39,false
234031600,1161713,1161564,0,1161564,234061700,1161863,1161714,0,1161714,30100,150,4983.39,false
234061700,1161863,1161714,0,1161714,234091800,1162013,1161864,0,1161864,30100,150,4983.39,false
234091800,1162013,1161864,0,1161864,234121900,1162163,1162014,0,1162014,30100,150,4983.39,false
234121900,1162163,1162014,0,1162014,234152000,1162313,1162164,0,1162164,30100,150,4983.39,false
234152000,1162313,1162164,0,1162164,234182100,1162463,1162314,0,1162314,30100,150,4983.39,false
234182100,1162463,1162314,0,1162314,234212200,1162613,1162464,0,1162464,30100,150,4983.39,false
234212200,1162613,1162464,0,1162464,234242300,1162763,1162614,0,1162614,30100,150,4983.39,false
234242300,1162763,1162614,0,1162614,234272400,1162913,1162764,0,1162764,30100,150,4983.39,false
234272400,1162913,1162764,0,1162764,234302500,1163063,1162914,0,1162914,30100,150,4983.39,false
234302500,1163063,1162914,0,1162914,234332600,1163213,1163064,0,1163064,30100,150,4983.39,false
234332600,1163213,1163064,0,1163064,234362700,1163363,1163214,0,1163214,30100,150,4983.39,false
234362700,1163363,1163214,0,1163214,234392800,1163513,1163364,0,1163364,30100,150,4983.39,false
234392800,1163513,1163364,0,1163364,234422900,1163663,1163514,0,1163514,30100,150,4983.39,false
234422900,1163663,1163514,0,1163514,234453000,1163813,1163664,0,1163664,30100,150,4983.39,false
234453000,1163813,1163664,0,1163664,234483100,1163963,1163814,0,1163814,30100,150,4983.39,false
234483100,1163963,1163814,0,1163814,234513200,1164113,1163964,0,1163964,30100,150,4983.39,false
234513200,1164113,1163964,0,1163964,234543300,1164263,1164114,0,1164114,30100,150,4983.39,false
234543300,1164263,1164114,0,1164114,234573400,1164413,1164264,0,1164264,30100,150,4983.39,false
234573400,1164413,1164264,0,1164264,234603500,1164563,1164414,0,1164414,30100,150,4983.39,false
234603500,1164563,1164414,0,1164414,234633600,1164713,1164564,0,1164564,30100,150,4983.39,false
234633600,1164713,1164564,0,1164564,234663700,1164863,1164714,0,1164714,30100,150,4983.39,false
234663700,1164863,1164714,0,1164714,234693800,1165013,1164864,0,1164864,30100,150,4983.39,false
234693800,1165013,1164864,0,1164864,234723900,1165163,1165014,0,1165014,30100,150,4983.39,false
234723900,1165163,1165014,0,1165014,234754000,1165313,1165164,0,1165164,30100,150,4983.39,false
234754000,1165313,1165164,0,1165164,234784100,1165463,1165314,0,1165314,30100,150,4983.39,false
234784100,1165463,1165314,0,1165314,234814200,1165613,1165464,0,1165464,30100,150,4983.39,false
234814200,1165613,1165464,0,1165464,234844300,1165763,1165614,0,1165614,30100,150,4983.39,false
234844300,1165763,1165614,0,1165614,234874400,1165913,1165764,0,1165764,30100,150,4983.39,false
234874400,1165913,1165764,0,1165764,234904500,1166063,1165914,0,1165914,30100,150,4983.39,false
234904500,1166063,1165914,0,1165914,234934600,1166213,1166064,0,1166064,30100,150,4983.39,false
234934600,1166213,1166064,0,1166064,234964700,1166363,1166214,0,1166214,30100,150,4983.39,false
234964700,1166363,1166214,0,1166214,234994800,1166513,1166364,0,1166364,30100,150,4983.39,false
234994800,1166513,1166364,0,1166364,235024900,1166663,1166514,0,1166514,30100,150,4983.39,false
235024900,1166663,1166514,0,1166514,235055000,1166813,1166664,0,1166664,30100,150,4983.39,false
235055000,1166813,1166664,0,1166664,235085100,1166963,1166814,0,1166814,30100,150,4983.39,false
235085100,1166963,1166814,0,1166814,235115200,1167113,1166964,0,1166964,30100,150,4983.39,false
235115200,1167113,1166964,0,1166964,235145300,1167263,1167114,0,1167114,30100,150,4983.39,false
235145300,1167263,1167114,0,1167114,235175400,1167413,1167264,0,1167264,30100,150,4983.39,false
235175400,1167413,1167264,0,1167264,235205500,1167563,1167414,0,1167414,30100,150,4983.39,false
235205500,1167563,1167414,0,1167414,235235600,1167713,1167564,0,1167564,30100,150,4983.39,false
235235600,1167713,1167564,0,1167564,235265700,1167863,1167714,0,1167714,30100,150,4983.39,false
235265700,1167863,1167714,0,1167714,235295800,1168013,1167864,0,1167864,30100,150,4983.39,false
235295800,1168013,1167864,0,1167864,235325900,1168163,1168014,0,1168014,30100,150,4983.39,false
235325900,1168163,1168014,0,1168014,235356000,1168313,1168164,0,1168164,30100,150,4983.39,false
235356000,1168313,1168164,0,1168164,235386100,1168463,1168314,0,1168314,30100,150,4983.39,false
235386100,1168463,1168314,0,1168314,235416200,1168613,1168464,0,1168464,30100,150,4983.39,false
235416200,1168613,1168464,0,1168464,235446300,1168763,1168614,0,1168614,30100,150,4983.39,false
235446300,1168763,1168614,0,1168614,235476400,1168913,1168764,0,1168764,30100,150,4983.39,false
235476400,1168913,1168764,0,1168764,235506500,1169063,1168914,0,1168914,30100,150,4983.39,false
235506500,1169063,1168914,0,1168914,235536600,1169213,1169064,0,1169064,30100,150,4983.39,false
235536600,1169213,1169064,0,1169064,235566700,1169363,1169214,0,1169214,30100,150,4983.39,false
235566700,1169363,1169214,0,1169214,235596800,1169513,1169364,0,1169364,30100,150,4983.39,false
235596800,1169513,1169364,0,1169364,235626900,1169663,1169514,0,1169514,30100,150,4983.39,false
235626900,1169663,1169514,0,1169514,235657000,1169813,1169664,0,1169664,30100,150,4983.39,false
235657000,1169813,1169664,0,1169664,235687100,1169963,1169814,0,1169814,30100,150,4983.39,false
235687100,1169963,1169814,0,1169814,235717200,1170113,1169964,0,1169964,30100,150,4983.39,false
235717200,1170113,1169964,0,1169964,235747300,1170263,1170114,0,1170114,30100,150,4983.39,false
235747300,1170263,1170114,0,1170114,235777400,1170413,1170264,0,1170264,30100,150,4983.39,false
235777400,1170413,1170264,0,1170264,235847900,1170563,1170414,0,1170414,70500,150,2127.66,false
235847900,1170563,1170414,0,1170414,235918400,1170713,1170564,0,1170564,70500,150,2127.66,false
235918400,1170713,1170564,0,1170564,235952600,1170863,1170714,0,1170714,34200,150,4385.96,false
235952600,1170863,1170714,0,1170714,235982700,1171013,1170864,0,1170864,30100,150,4983.39,false
235982700,1171013,1170864,0,1170864,236012800,1171163,1171014,0,1171014,30100,150,4983.39,false
236012900,1171164,1171015,0,1171015,236043000,1171314,1171165,0,1171165,30100,150,4983.39,false
236043000,1171314,1171165,0,1171165,236073100,1171464,1171315,0,1171315,30100,150,4983.39,false
236073100,1171464,1171315,0,1171315,236103200,1171614,1171465,0,1171465,30100,150,4983.39,false
236103200,1171614,1171465,0,1171465,236133300,1171764,1171615,0,1171615,30100,150,4983.39,false
236133300,1171764,1171615,0,1171615,236163400,1171914,1171765,0,1171765,30100,150,4983.39,false
236163400,1171914,1171765,0,1171765,236193500,1172064,1171915,0,1171915,30100,150,4983.39,false
236193500,1172064,1171915,0,1171915,236223600,1172214,1172065,0,1172065,30100,150,4983.39,false
236223600,1172214,1172065,0,1172065,236253700,1172364,1172215,0,1172215,30100,150,4983.39,false
236253700,1172364,1172215,0,1172215,236283800,1172514,1172365,0,1172365,30100,150,4983.39,false
236283800,1172514,1172365,0,1172365,236313900,1172664,1172515,0,1172515,30100,150,4983.39,false
236313900,1172664,1172515,0,1172515,236344000,1172814,1172665,0,1172665,30100,150,4983.39,false
236344000,1172814,1172665,0,1172665,236374100,1172964,1172815,0,1172815,30100,150,4983.39,false
236374100,1172964,1172815,0,1172815,236404200,1173515,1172965,0,1172965,30100,150,4983.39,true
236404200,1173515,1172965,0,1172965,236474400,1174066,1173516,0,1173516,70200,551,7849.00,true
236474400,1174066,1173516,0,1173516,236544600,1174257,1174067,0,1174067,70200,551,7849.00,true
236544600,1174257,1174067,0,1174067,236578800,1174407,1174258,0,1174258,34200,191,5584.80,true
236578800,1174407,1174258,0,1174258,236608900,1174557,1174408,0,1174408,30100,150,4983.39,false
236608900,1174557,1174408,0,1174408,236639000,1174707,1174558,0,1174558,30100,150,4983.39,false
236639000,1174707,1174558,0,1174558,236669100,1174857,1174708,0,1174708,30100,150,4983.39,false
236669100,1174857,1174708,0,1174708,236699200,1175007,1174858,0,1174858,30100,150,4983.39,false
236699200,1175007,1174858,0,1174858,236729300,1175157,1175008,0,1175008,30100,150,4983.39,false
236729300,1175157,1175008,0,1175008,236759400,1175307,1175158,0,1175158,30100,150,4983.39,false
236759400,1175307,1175158,0,1175158,236789500,1175457,1175308,0,1175308,30100,150,4983.39,false
236789500,1175457,1175308,0,1175308,236819600,1175607,1175458,0,1175458,30100,150,4983.39,false
236819600,1175607,1175458,0,1175458,236849700,1175757,1175608,0,1175608,30100,150,4983.39,false
236849700,1175757,1175608,0,1175608,236879800,1175907,1175758,0,1175758,30100,150,4983.39,false
236879800,1175907,1175758,0,1175758,236909900,1176057,1175908,0,1175908,30100,150,4983.39,false
236909900,1176057,1175908,0,1175908,236940000,1176207,1176058,0,1176058,30100,150,4983.39,false
236940000,1176207,1176058,0,1176058,236970100,1176357,1176208,0,1176208,30100,150,4983.39,false
236970100,1176357,1176208,0,1176208,237000200,1176507,1176358,0,1176358,30100,150,4983.39,false
237000200,1176507,1176358,0,1176358,237030300,1176657,1176508,0,1176508,30100,150,4983.39,false
237030300,1176657,1176508,0,1176508,237060400,1176807,1176658,0,1176658,30100,150,4983.39,false
237060400,1176807,1176658,0,1176658,237090500,1176957,1176808,0,1176808,30100,150,4983.39,false
237090500,1176957,1176808,0,1176808,237120600,1177107,1176958,0,1176958,30100,150,4983.39,false
237120600,1177107,1176958,0,1176958,237150700,1177257,1177108,0,1177108,30100,150,4983.39,false
237150700,1177257,1177108,0,1177108,237180800,1177407,1177258,0,1177258,30100,150,4983.39,false
237180800,1177407,1177258,0,1177258,237210900,1177557,1177408,0,1177408,30100,150,4983.39,false
237210900,1177557,1177408,0,1177408,237241000,1177707,1177558,0,1177558,30100,150,4983.39,false
237241000,1177707,1177558,0,1177558,237271100,1177857,1177708,0,1177708,30100,150,4983.39,false
237271100,1177857,1177708,0,1177708,237301200,1178007,1177858,0,1177858,30100,150,4983.39,false
237301200,1178007,1177858,0,1177858,237331300,1178157,1178008,0,1178008,30100,150,4983.39,false
237331300,1178157,1178008,0,1178008,237361400,1178307,1178158,0,1178158,30100,150,4983.39,false
237361400,1178307,1178158,0,1178158,237391500,1178457,1178308,0,1178308,30100,150,4983.39,false
237391500,1178457,1178308,0,1178308,237421600,1178607,1178458,0,1178458,30100,150,4983.39,false
237421600,1178607,1178458,0,1178458,237451700,1178757,1178608,0,1178608,30100,150,4983.39,false
237451700,1178757,1178608,0,1178608,237481800,1178907,1178758,0,1178758,30100,150,4983.39,false
237481800,1178907,1178758,0,1178758,237511900,1179057,1178908,0,1178908,30100,150,4983.39,false
237511900,1179057,1178908,0,1178908,237542000,1179207,1179058,0,1179058,30100,150,4983.39,false
237542000,1179207,1179058,0,1179058,237572100,1179357,1179208,0,1179208,30100,150,4983.39,false
237572100,1179357,1179208,0,1179208,237602200,1179507,1179358,0,1179358,30100,150,4983.39,false
237602200,1179507,1179358,0,1179358,237632300,1179657,1179508,0,1179508,30100,150,4983.39,false
237632300,1179657,1179508,0,1179508,237662400,1179807,1179658,0,1179658,30100,150,4983.39,false
237662400,1179807,1179658,0,1179658,237692500,1179957,1179808,0,1179808,30100,150,4983.39,false
237692500,1179957,1179808,0,1179808,237722600,1180107,1179958,0,1179958,30100,150,4983.39,false
237722600,1180107,1179958,0,1179958,237752700,1180257,1180108,0,1180108,30100,150,4983.39,false
237752700,1180257,1180108,0,1180108,237782800,1180407,1180258,0,1180258,30100,150,4983.39,false
237782800,1180407,1180258,0,1180258,237812900,1180557,1180408,0,1180408,30100,150,4983.39,false
237812900,1180557,1180408,0,1180408,237843000,1180707,1180558,0,1180558,30100,150,4983.39,false
237843000,1180707,1180558,0,1180558,237873100,1180857,1180708,0,1180708,30100,150,4983.39,false
237873100,1180857,1180708,0,1180708,237903200,1181007,1180858,0,1180858,30100,150,4983.39,false
237903200,1181007,1180858,0,1180858,237933300,1181157,1181008,0,1181008,30100,150,4983.39,false
237933300,1181157,1181008,0,1181008,237963400,1181307,1181158,0,1181158,30100,150,4983.39,false
237963400,1181307,1181158,0,1181158,237993500,1181457,1181308,0,1181308,30100,150,4983.39,false
237993500,1181457,1181308,0,1181308,238023600,1181607,1181458,0,1181458,30100,150,4983.39,false
238023600,1181607,1181458,0,1181458,238053700,1181757,1181608,0,1181608,30100,150,4983.39,false
238053700,1181757,1181608,0,1181608,238083800,1181907,1181758,0,1181758,30100,150,4983.39,false
238083800,1181907,1181758,0,1181758,238113900,1182057,1181908,0,1181908,30100,150,4983.39,false
238113900,1182057,1181908,0,1181908,238144000,1182207,1182058,0,1182058,30100,150,4983.39,false
238144000,1182207,1182058,0,1182058,238174100,1182357,1182208,0,1182208,30100,150,4983.39,false
238174100,1182357,1182208,0,1182208,238204200,1182507,1182358,0,1182358,30100,150,4983.39,false
238204200,1182507,1182358,0,1182358,238234300,1182657,1182508,0,1182508,30100,150,4983.39,false
238234300,1182657,1182508,0,1182508,238264400,1182807,1182658,0,1182658,30100,150,4983.39,false
238264400,1182807,1182658,0,1182658,238294500,1182957,1182808,0,1182808,30100,150,4983.39,false
238294500,1182957,1182808,0,1182808,238324600,1183107,1182958,0,1182958,30100,150,4983.39,false
238324600,1183107,1182958,0,1182958,238354700,1183257,1183108,0,1183108,30100,150,4983.39,false
238354700,1183257,1183108,0,1183108,238384800,1183407,1183258,0,1183258,30100,150,4983.39,false
238384800,1183407,1183258,0,1183258,238414900,1183557,1183408,0,1183408,30100,150,4983.39,false
238414900,1183557,1183408,0,1183408,238445000,1183707,1183558,0,1183558,30100,150,4983.39,false
238445000,1183707,1183558,0,1183558,238475100,1183857,1183708,0,1183708,30100,150,4983.39,false
238475100,1183857,1183708,0,1183708,238505200,1184007,1183858,0,1183858,30100,150,4983.39,false
238505200,1184007,1183858,0,1183858,238535300,1184157,1184008,0,1184008,30100,150,4983.39,false
238535300,1184157,1184008,0,1184008,238565400,1184307,1184158,0,1184158,30100,150,4983.39,false
238565400,1184307,1184158,0,1184158,238595500,1184457,1184308,0,1184308,30100,150,4983.39,false
238595500,1184457,1184308,0,1184308,238625600,1184607,1184458,0,1184458,30100,150,4983.39,false
238625600,1184607,1184458,0,1184458,238655700,1184757,1184608,0,1184608,30100,150,4983.39,false
238655700,1184757,1184608,0,1184608,238685800,1184907,1184758,0,1184758,30100,150,4983.39,false
238685800,1184907,1184758,0,1184758,238715900,1185057,1184908,0,1184908,30100,150,4983.39,false
238715900,1185057,1184908,0,1184908,238746000,1185207,1185058,0,1185058,30100,150,4983.39,false
238746000,1185207,1185058,0,1185058,238776100,1185357,1185208,0,1185208,30100,150,4983.39,false
238776100,1185357,1185208,0,1185208,238806200,1185507,1185358,0,1185358,30100,150,4983.39,false
238806200,1185507,1185358,0,1185358,238836300,1185657,1185508,0,1185508,30100,150,4983.39,false
238836300,1185657,1185508,0,1185508,238866400,1185807,1185658,0,1185658,30100,150,4983.39,false
238866400,1185807,1185658,0,1185658,238896500,1185957,1185808,0,1185808,30100,150,4983.39,false
238896500,1185957,1185808,0,1185808,238926600,1186107,1185958,0,1185958,30100,150,4983.39,false
238926600,1186107,1185958,0,1185958,238956700,1186257,1186108,0,1186108,30100,150,4983.39,false
238956700,1186257,1186108,0,1186108,238986800,1186407,1186258,0,1186258,30100,150,4983.39,false
238986800,1186407,1186258,0,1186258,239016900,1186557,1186408,0,1186408,30100,150,4983.39,false
239016900,1186557,1186408,0,1186408,239047000,1186707,1186558,0,1186558,30100,150,4983.39,false
239047000,1186707,1186558,0,1186558,239077100,1186857,1186708,0,1186708,30100,150,4983.39,false
239077100,1186857,1186708,0,1186708,239107200,1187007,1186858,0,1186858,30100,150,4983.39,false
239107200,1187007,1186858,0,1186858,239137300,1187157,1187008,0,1187008,30100,150,4983.39,false
239137300,1187157,1187008,0,1187008,239167400,1187307,1187158,0,1187158,30100,150,4983.39,false
239167400,1187307,1187158,0,1187158,239197500,1187457,1187308,0,1187308,30100,150,4983.39,false
239197500,1187457,1187308,0,1187308,239227600,1187607,1187458,0,1187458,30100,150,4983.39,false
239227600,1187607,1187458,0,1187458,239257700,1187757,1187608,0,1187608,30100,150,4983.39,false
239257700,1187757,1187608,0,1187608,239287800,1187907,1187758,0,1187758,30100,150,4983.39,false
239287800,1187907,1187758,0,1187758,239317900,1188057,1187908,0,1187908,30100,150,4983.39,false
239317900,1188057,1187908,0,1187908,239348000,1188207,1188058,0,1188058,30100,150,4983.39,false
239348000,1188207,1188058,0,1188058,239378100,1188357,1188208,0,1188208,30100,150,4983.39,false
239378100,1188357,1188208,0,1188208,239408200,1188507,1188358,0,1188358,30100,150,4983.39,false
239408200,1188507,1188358,0,1188358,239438300,1188657,1188508,0,1188508,30100,150,4983.39,false
239438300,1188657,1188508,0,1188508,239468400,1188807,1188658,0,1188658,30100,150,4983.39,false
239468400,1188807,1188658,0,1188658,239498500,1188957,1188808,0,1188808,30100,150,4983.39,false
239498500,1188957,1188808,0,1188808,239528600,1189107,1188958,0,1188958,30100,150,4983.39,false
239528600,1189107,1188958,0,1188958,239558700,1189257,1189108,0,1189108,30100,150,4983.39,false
239558700,1189257,1189108,0,1189108,239588800,1189407,1189258,0,1189258,30100,150,4983.39,false
239588800,1189407,1189258,0,1189258,239659300,1189557,1189408,0,1189408,70500,150,2127.66,false
239659300,1189557,1189408,0,1189408,239729800,1189707,1189558,0,1189558,70500,150,2127.66,false
239729800,1189707,1189558,0,1189558,239764000,1189857,1189708,0,1189708,34200,150,4385.96,false
239764000,1189857,1189708,0,1189708,239794100,1190007,1189858,0,1189858,30100,150,4983.39,false
239794100,1190007,1189858,0,1189858,239824200,1190157,1190008,0,1190008,30100,150,4983.39,false
239824300,1190158,1190009,0,1190009,239854400,1190308,1190159,0,1190159,30100,150,4983.39,false
239854400,1190308,1190159,0,1190159,239884500,1190458,1190309,0,1190309,30100,150,4983.39,false
239884500,1190458,1190309,0,1190309,239914600,1190608,1190459,0,1190459,30100,150,4983.39,false
239914600,1190608,1190459,0,1190459,239944700,1190758,1190609,0,1190609,30100,150,4983.39,false
239944700,1190758,1190609,0,1190609,239974800,1190908,1190759,0,1190759,30100,150,4983.39,false
239974800,1190908,1190759,0,1190759,240004900,1191058,1190909,0,1190909,30100,150,4983.39,false
240004900,1191058,1190909,0,1190909,240035000,1191208,1191059,0,1191059,30100,150,4983.39,false
240035000,1191208,1191059,0,1191059,240065100,1191358,1191209,0,1191209,30100,150,4983.39,false
240065100,1191358,1191209,0,1191209,240095200,1191508,1191359,0,1191359,30100,150,4983.39,false
240095200,1191508,1191359,0,1191359,240125300,1191658,1191509,0,1191509,30100,150,4983.39,false
240125300,1191658,1191509,0,1191509,240155400,1191808,1191659,0,1191659,30100,150,4983.39,false
240155400,1191808,1191659,0,1191659,240185500,1191958,1191809,0,1191809,30100,150,4983.39,false
240185500,1191958,1191809,0,1191809,240215600,1192509,1191959,0,1191959,30100,150,4983.39,true
240215600,1192509,1191959,0,1191959,240285800,1193060,1192510,0,1192510,70200,551,7849.00,true
240285800,1193060,1192510,0,1192510,240356000,1193251,1193061,0,1193061,70200,551,7849.00,true
240356000,1193251,1193061,0,1193061,240390200,1193401,1193252,0,1193252,34200,191,5584.80,true
240390200,1193401,1193252,0,1193252,240420300,1193551,1193402,0,1193402,30100,150,4983.39,false
240420300,1193551,1193402,0,1193402,240450400,1193701,1193552,0,1193552,30100,150,4983.39,false
240450400,1193701,1193552,0,1193552,240480500,1193851,1193702,0,1193702,30100,150,4983.39,false
240480500,1193851,1193702,0,1193702,240510600,1194001,1193852,0,1193852,30100,150,4983.39,false
240510600,1194001,1193852,0,1193852,240540700,1194151,1194002,0,1194002,30100,150,4983.39,false
240540700,1194151,1194002,0,1194002,240570800,1194301,1194152,0,1194152,30100,150,4983.39,false
240570800,1194301,1194152,0,1194152,240600900,1194451,1194302,0,1194302,30100,150,4983.39,false
240600900,1194451,1194302,0,1194302,240631000,1194601,1194452,0,1194452,30100,150,4983.39,false
240631000,1194601,1194452,0,1194452,240661100,1194751,1194602,0,1194602,30100,150,4983.39,false
240661100,1194751,1194602,0,1194602,240691200,1194901,1194752,0,1194752,30100,150,4983.39,false
240691200,1194901,1194752,0,1194752,240721300,1195051,1194902,0,1194902,30100,150,4983.39,false
240721300,1195051,1194902,0,1194902,240751400,1195201,1195052,0,1195052,30100,150,4983.39,false
240751400,1195201,1195052,0,1195052,240781500,1195351,1195202,0,1195202,30100,150,4983.39,false
240781500,1195351,1195202,0,1195202,240811600,1195501,1195352,0,1195352,30100,150,4983.39,false
240811600,1195501,1195352,0,1195352,240841700,1195651,1195502,0,1195502,30100,150,4983.39,false
240841700,1195651,1195502,0,1195502,240871800,1195801,1195652,0,1195652,30100,150,4983.39,false
240871800,1195801,1195652,0,1195652,240901900,1195951,1195802,0,1195802,30100,150,4983.39,false
240901900,1195951,1195802,0,1195802,240932000,1196101,1195952,0,1195952,30100,150,4983.39,false
240932000,1196101,1195952,0,1195952,240962100,1196251,1196102,0,1196102,30100,150,4983.39,false
240962100,1196251,1196102,0,1196102,240992200,1196401,1196252,0,1196252,30100,150,4983.39,false
240992200,1196401,1196252,0,1196252,241022300,1196551,1196402,0,1196402,30100,150,4983.39,false
241022300,1196551,1196402,0,1196402,241052400,1196701,1196552,0,1196552,30100,150,4983.39,false
241052400,1196701,1196552,0,1196552,241082500,1196851,1196702,0,1196702,30100,150,4983.39,false
241082500,1196851,1196702,0,1196702,241112600,1197001,1196852,0,1196852,30100,150,4983.39,false
241112600,1197001,1196852,0,1196852,241142700,1197151,1197002,0,1197002,30100,150,4983.39,false
241142700,1197151,1197002,0,1197002,241172800,1197301,1197152,0,1197152,30100,150,4983.39,false
241172800,1197301,1197152,0,1197152,241202900,1197451,1197302,0,1197302,30100,150,4983.39,false
241202900,1197451,1197302,0,1197302,241233000,1197601,1197452,0,1197452,30100,150,4983.39,false
241233000,1197601,1197452,0,1197452,241263100,1197751,1197602,0,1197602,30100,150,4983.39,false
241263100,1197751,1197602,0,1197602,241293200,1197901,1197752,0,1197752,30100,150,4983.39,false
241293200,1197901,1197752,0,1197752,241323300,1198051,1197902,0,1197902,30100,150,4983.39,false
241323300,1198051,1197902,0,1197902,241353400,1198201,1198052,0,1198052,30100,150,4983.39,false
241353400,1198201,1198052,0,1198052,241383500,1198351,1198202,0,1198202,30100,150,4983.39,false
241383500,1198351,1198202,0,1198202,241413600,1198501,1198352,0,1198352,30100,150,4983.39,false
241413600,1198501,1198352,0,1198352,241443700,1198651,1198502,0,1198502,30100,150,4983.39,false
241443700,1198651,1198502,0,1198502,241473800,1198801,1198652,0,1198652,30100,150,4983.39,false
241473800,1198801,1198652,0,1198652,241503900,1198951,1198802,0,1198802,30100,150,4983.39,false
241503900,1198951,1198802,0,1198802,241534000,1199101,1198952,0,1198952,30100,150,4983.39,false
241534000,1199101,1198952,0,1198952,241564100,1199251,1199102,0,1199102,30100,150,4983.39,false
241564100,1199251,1199102,0,1199102,241594200,1199401,1199252,0,1199252,30100,150,4983.39,false
241594200,1199401,1199252,0,1199252,241624300,1199551,1199402,0,1199402,30100,150,4983.39,false
241624300,1199551,1199402,0,1199402,241654400,1199701,1199552,0,1199552,30100,150,4983.39,false
241654400,1199701,1199552,0,1199552,241684500,1199851,1199702,0,1199702,30100,150,4983.39,false
241684500,1199851,1199702,0,1199702,241714600,1200001,1199852,0,1199852,30100,150,4983.39,false
241714600,1200001,1199852,0,1199852,241744700,1200151,1200002,0,1200002,30100,150,4983.39,false
241744700,1200151,1200002,0,1200002,241774800,1200301,1200152,0,1200152,30100,150,4983.39,false
241774800,1200301,1200152,0,1200152,241804900,1200451,1200302,0,1200302,30100,150,4983.39,false
241804900,1200451,1200302,0,1200302,241835000,1200601,1200452,0,1200452,30100,150,4983.39,false
241835000,1200601,1200452,0,1200452,241865100,1200751,1200602,0,1200602,30100,150,4983.39,false
241865100,1200751,1200602,0,1200602,241895200,1200901,1200752,0,1200752,30100,150,4983.39,false
241895200,1200901,1200752,0,1200752,241925300,1201051,1200902,0,1200902,30100,150,4983.39,false
241925300,1201051,1200902,0,1200902,241955400,1201201,1201052,0,1201052,30100,150,4983.39,false
241955400,1201201,1201052,0,1201052,241985500,1201351,1201202,0,1201202,30100,150,4983.39,false
241985500,1201351,1201202,0,1201202,242015600,1201501,1201352,0,1201352,30100,150,4983.39,false
242015600,1201501,1201352,0,1201352,242045700,1201651,1201502,0,1201502,30100,150,4983.39,false
242045700,1201651,1201502,0,1201502,242075800,1201801,1201652,0,1201652,30100,150,4983.39,false
242075800,1201801,1201652,0,1201652,242105900,1201951,1201802,0,1201802,30100,150,4983.39,false
242105900,1201951,1201802,0,1201802,242136000,1202101,1201952,0,1201952,30100,150,4983.39,false
242136000,1202101,1201952,0,1201952,242166100,1202251,1202102,0,1202102,30100,150,4983.39,false
242166100,1202251,1202102,0,1202102,242196200,1202401,1202252,0,1202252,30100,150,4983.39,false
242196200,1202401,1202252,0,1202252,242226300,1202551,1202402,0,1202402,30100,150,4983.39,false
242226300,1202551,1202402,0,1202402,242256400,1202701,1202552,0,1202552,30100,150,4983.39,false
242256400,1202701,1202552,0,1202552,242286500,1202851,1202702,0,1202702,30100,150,4983.39,false
242286500,1202851,1202702,0,1202702,242316600,1203001,1202852,0,1202852,30100,150,4983.39,false
242316600,1203001,1202852,0,1202852,242346700,1203151,1203002,0,1203002,30100,150,4983.39,false
242346700,1203151,1203002,0,1203002,242376800,1203301,1203152,0,1203152,30100,150,4983.39,false
242376800,1203301,1203152,0,1203152,242406900,1203451,1203302,0,1203302,30100,150,4983.39,false
242406900,1203451,1203302,0,1203302,242437000,1203601,1203452,0,1203452,30100,150,4983.39,false
242437000,1203601,1203452,0,1203452,242467100,1203751,1203602,0,1203602,30100,150,4983.39,false
242467100,1203751,1203602,0,1203602,242497200,1203901,1203752,0,1203752,30100,150,4983.39,false
242497200,1203901,1203752,0,1203752,242527300,1204051,1203902,0,1203902,30100,150,4983.39,false
242527300,1204051,1203902,0,1203902,242557400,1204201,1204052,0,1204052,30100,150,4983.39,false
242557400,1204201,1204052,0,1204052,242587500,1204351,1204202,0,1204202,30100,150,4983.39,false
242587500,1204351,1204202,0,1204202,242617600,1204501,1204352,0,1204352,30100,150,4983.39,false
242617600,1204501,1204352,0,1204352,242647700,1204651,1204502,0,1204502,30100,150,4983.39,false
242647700,1204651,1204502,0,1204502,242677800,1204801,1204652,0,1204652,30100,150,4983.39,false
242677800,1204801,1204652,0,1204652,242707900,1204951,1204802,0,1204802,30100,150,4983.39,false
242707900,1204951,1204802,0,1204802,242738000,1205101,1204952,0,1204952,30100,150,4983.39,false
242738000,1205101,1204952,0,1204952,242768100,1205251,1205102,0,1205102,30100,150,4983.39,false
242768100,1205251,1205102,0,1205102,242798200,1205401,1205252,0,1205252,30100,150,4983.39,false
242798200,1205401,1205252,0,1205252,242828300,1205551,1205402,0,1205402,30100,150,4983.39,false
242828300,1205551,1205402,0,1205402,242858400,1205701,1205552,0,1205552,30100,150,4983.39,false
242858400,1205701,1205552,0,1205552,242888500,1205851,1205702,0,1205702,30100,150,4983.39,false
242888500,1205851,1205702,0,1205702,242918600,1206001,1205852,0,1205852,30100,150,4983.39,false
242918600,1206001,1205852,0,1205852,242948700,1206151,1206002,0,1206002,30100,150,4983.39,false
242948700,1206151,1206002,0,1206002,242978800,1206301,1206152,0,1206152,30100,150,4983.39,false
242978800,1206301,1206152,0,1206152,243008900,1206451,1206302,0,1206302,30100,150,4983.39,false
243008900,1206451,1206302,0,1206302,243039000,1206601,1206452,0,1206452,30100,150,4983.39,false
243039000,1206601,1206452,0,1206452,243069100,1206751,1206602,0,1206602,30100,150,4983.39,false
243069100,1206751,1206602,0,1206602,243099200,1206901,1206752,0,1206752,30100,150,4983.39,false
243099200,1206901,1206752,0,1206752,243129300,1207051,1206902,0,1206902,30100,150,4983.39,false
243129300,1207051,1206902,0,1206902,243159400,1207201,1207052,0,1207052,30100,150,4983.39,false
243159400,1207201,1207052,0,1207052,243189500,1207351,1207202,0,1207202,30100,150,4983.39,false
243189500,1207351,1207202,0,1207202,243219600,1207501,1207352,0,1207352,30100,150,4983.39,false
243219600,1207501,1207352,0,1207352,243249700,1207651,1207502,0,1207502,30100,150,4983.39,false
243249700,1207651,1207502,0,1207502,243279800,1207801,1207652,0,1207652,30100,150,4983.39,false
243279800,1207801,1207652,0,1207652,243309900,1207951,1207802,0,1207802,30100,150,4983.39,false
243309900,1207951,1207802,0,1207802,243340000,1208101,1207952,0,1207952,30100,150,4983.39,false
243340000,1208101,1207952,0,1207952,243370100,1208251,1208102,0,1208102,30100,150,4983.39,false
243370100,1208251,1208102,0,1208102,243400200,1208401,1208252,0,1208252,30100,150,4983.39,false
243400200,1208401,1208252,0,1208252,243470700,1208551,1208402,0,1208402,70500,150,2127.66,false
243470700,1208551,1208402,0,1208402,243541200,1208701,1208552,0,1208552,70500,150,2127.66,false
243541200,1208701,1208552,0,1208552,243575400,1208851,1208702,0,1208702,34200,150,4385.96,false
243575400,1208851,1208702,0,1208702,243605500,1209001,1208852,0,1208852,30100,150,4983.39,false
243605500,1209001,1208852,0,1208852,243635600,1209151,1209002,0,1209002,30100,150,4983.39,false
243635700,1209152,1209003,0,1209003,243665800,1209302,1209153,0,1209153,30100,150,4983.39,false
243665800,1209302,1209153,0,1209153,243695900,1209452,1209303,0,1209303,30100,150,4983.39,false
243695900,1209452,1209303,0,1209303,243726000,1209602,1209453,0,1209453,30100,150,4983.39,false
243726000,1209602,1209453,0,1209453,243756100,1209752,1209603,0,1209603,30100,150,4983.39,false
243756100,1209752,1209603,0,1209603,243786200,1209902,1209753,0,1209753,30100,150,4983.39,false
243786200,1209902,1209753,0,1209753,243816300,1210052,1209903,0,1209903,30100,150,4983.39,false
243816300,1210052,1209903,0,1209903,243846400,1210202,1210053,0,1210053,30100,150,4983.39,false
243846400,1210202,1210053,0,1210053,243876500,1210352,1210203,0,1210203,30100,150,4983.39,false
243876500,1210352,1210203,0,1210203,243906600,1210502,1210353,0,1210353,30100,150,4983.39,false
243906600,1210502,1210353,0,1210353,243936700,1210652,1210503,0,1210503,30100,150,4983.39,false
243936700,1210652,1210503,0,1210503,243966800,1210802,1210653,0,1210653,30100,150,4983.39,false
243966800,1210802,1210653,0,1210653,243996900,1210952,1210803,0,1210803,30100,150,4983.39,false
243996900,1210952,1210803,0,1210803,244027000,1211503,1210953,0,1210953,30100,150,4983.39,true
244027000,1211503,1210953,0,1210953,244097200,1212054,1211504,0,1211504,70200,551,7849.00,true
244097200,1212054,1211504,0,1211504,244167400,1212245,1212055,0,1212055,70200,551,7849.00,true
244167400,1212245,1212055,0,1212055,244201600,1212395,1212246,0,1212246,34200,191,5584.80,true
244201600,1212395,1212246,0,1212246,244231700,1212545,1212396,0,1212396,30100,150,4983.39,false
244231700,1212545,1212396,0,1212396,244261800,1212695,1212546,0,1212546,30100,150,4983.39,false
244261800,1212695,1212546,0,1212546,244291900,1212845,1212696,0,1212696,30100,150,4983.39,false
244291900,1212845,1212696,0,1212696,244322000,1212995,1212846,0,1212846,30100,150,4983.39,false
244322000,1212995,1212846,0,1212846,244352100,1213145,1212996,0,1212996,30100,150,4983.39,false
244352100,1213145,1212996,0,1212996,244382200,1213295,1213146,0,1213146,30100,150,4983.39,false
244382200,1213295,1213146,0,1213146,244412300,1213445,1213296,0,1213296,30100,150,4983.39,false
244412300,1213445,1213296,0,1213296,244442400,1213595,1213446,0,1213446,30100,150,4983.39,false
244442400,1213595,1213446,0,1213446,244472500,1213745,1213596,0,1213596,30100,150,4983.39,false
244472500,1213745,1213596,0,1213596,244502600,1213895,1213746,0,1213746,30100,150,4983.39,false
244502600,1213895,1213746,0,1213746,244532700,1214045,1213896,0,1213896,30100,150,4983.39,false
244532700,1214045,1213896,0,1213896,244562800,1214195,1214046,0,1214046,30100,150,4983.39,false
244562800,1214195,1214046,0,1214046,244592900,1214345,1214196,0,1214196,30100,150,4983.39,false
244592900,1214345,1214196,0,1214196,244623000,1214495,1214346,0,1214346,30100,150,4983.39,false
244623000,1214495,1214346,0,1214346,244653100,1214645,1214496,0,1214496,30100,150,4983.39,false
244653100,1214645,1214496,0,1214496,244683200,1214795,1214646,0,1214646,30100,150,4983.39,false
244683200,1214795,1214646,0,1214646,244713300,1214945,1214796,0,1214796,30100,150,4983.39,false
244713300,1214945,1214796,0,1214796,244743400,1215095,1214946,0,1214946,30100,150,4983.39,false
244743400,1215095,1214946,0,1214946,244773500,1215245,1215096,0,1215096,30100,150,4983.39,false
244773500,1215245,1215096,0,1215096,244803600,1215395,1215246,0,1215246,30100,150,4983.39,false
244803600,1215395,1215246,0,1215246,244833700,1215545,1215396,0,1215396,30100,150,4983.39,false
244833700,1215545,1215396,0,1215396,244863800,1215695,1215546,0,1215546,30100,150,4983.39,false
244863800,1215695,1215546,0,1215546,244893900,1215845,1215696,0,1215696,30100,150,4983.39,false
244893900,1215845,1215696,0,1215696,244924000,1215995,1215846,0,1215846,30100,150,4983.39,false
244924000,1215995,1215846,0,1215846,244954100,1216145,1215996,0,1215996,30100,150,4983.39,false
244954100,1216145,1215996,0,1215996,244984200,1216295,1216146,0,1216146,30100,150,4983.39,false
244984200,1216295,1216146,0,1216146,245014300,1216445,1216296,0,1216296,30100,150,4983.39,false
245014300,1216445,1216296,0,1216296,245044400,1216595,1216446,0,1216446,30100,150,4983.39,false
245044400,1216595,1216446,0,1216446,245074500,1216745,1216596,0,1216596,30100,150,4983.39,false
245074500,1216745,1216596,0,1216596,245104600,1216895,1216746,0,1216746,30100,150,4983.39,false
245104600,1216895,1216746,0,1216746,245134700,1217045,1216896,0,1216896,30100,150,4983.39,false
245134700,1217045,1216896,0,1216896,245164800,1217195,1217046,0,1217046,30100,150,4983.39,false
245164800,1217195,1217046,0,1217046,245194900,1217345,1217196,0,1217196,30100,150,4983.39,false
245194900,1217345,1217196,0,1217196,245225000,1217495,1217346,0,1217346,30100,150,4983.39,false
245225000,1217495,1217346,0,1217346,245255100,1217645,1217496,0,1217496,30100,150,4983.39,false
245255100,1217645,1217496,0,1217496,245285200,1217795,1217646,0,1217646,30100,150,4983.39,false
245285200,1217795,1217646,0,1217646,245315300,1217945,1217796,0,1217796,30100,150,4983.39,false
245315300,1217945,1217796,0,1217796,245345400,1218095,1217946,0,1217946,30100,150,4983.39,false
245345400,1218095,1217946,0,1217946,245375500,1218245,1218096,0,1218096,30100,150,4983.39,false
245375500,1218245,1218096,0,1218096,245405600,1218395,1218246,0,1218246,30100,150,4983.39,false
245405600,1218395,1218246,0,1218246,245435700,1218545,1218396,0,1218396,30100,150,4983.39,false
245435700,1218545,1218396,0,1218396,245465800,1218695,1218546,0,1218546,30100,150,4983.39,false
245465800,1218695,1218546,0,1218546,245495900,1218845,1218696,0,1218696,30100,150,4983.39,false
245495900,1218845,1218696,0,1218696,245526000,1218995,1218846,0,1218846,30100,150,4983.39,false
245526000,1218995,1218846,0,1218846,245556100,1219145,1218996,0,1218996,30100,150,4983.39,false
245556100,1219145,1218996,0,1218996,245586200,1219295,1219146,0,1219146,30100,150,4983.39,false
245586200,1219295,1219146,0,1219146,245616300,1219445,1219296,0,1219296,30100,150,4983.39,false
245616300,1219445,1219296,0,1219296,245646400,1219595,1219446,0,1219446,30100,150,4983.39,false
245646400,1219595,1219446,0,1219446,245676500,1219745,1219596,0,1219596,30100,150,4983.39,false
245676500,1219745,1219596,0,1219596,245706600,1219895,1219746,0,1219746,30100,150,4983.39,false
245706600,1219895,1219746,0,1219746,245736700,1220045,1219896,0,1219896,30100,150,4983.39,false
245736700,1220045,1219896,0,1219896,245766800,1220195,1220046,0,1220046,30100,150,4983.39,false
245766800,1220195,1220046,0,1220046,245796900,1220345,1220196,0,1220196,30100,150,4983.39,false
245796900,1220345,1220196,0,1220196,245827000,1220495,1220346,0,1220346,30100,150,4983.39,false
245827000,1220495,1220346,0,1220346,245857100,1220645,1220496,0,1220496,30100,150,4983.39,false
245857100,1220645,1220496,0,1220496,245887200,1220795,1220646,0,1220646,30100,150,4983.39,false
245887200,1220795,1220646,0,1220646,245917300,1220945,1220796,0,1220796,30100,150,4983.39,false
245917300,1220945,1220796,0,1220796,245947400,1221095,1220946,0,1220946,30100,150,4983.39,false
245947400,1221095,1220946,0,1220946,245977500,1221245,1221096,0,1221096,30100,150,4983.39,false
245977500,1221245,1221096,0,1221096,246007600,1221395,1221246,0,1221246,30100,150,4983.39,false
246007600,1221395,1221246,0,1221246,246037700,1221545,1221396,0,1221396,30100,150,4983.39,false
246037700,1221545,1221396,0,1221396,246067800,1221695,1221546,0,1221546,30100,150,4983.39,false
246067800,1221695,1221546,0,1221546,246097900,1221845,1221696,0,1221696,30100,150,4983.39,false
246097900,1221845,1221696,0,1221696,246128000,1221995,1221846,0,1221846,30100,150,4983.39,false
246128000,1221995,1221846,0,1221846,246158100,1222145,1221996,0,1221996,30100,150,4983.39,false
246158100,1222145,1221996,0,1221996,246188200,1222295,1222146,0,1222146,30100,150,4983.39,false
246188200,1222295,1222146,0,1222146,246218300,1222445,1222296,0,1222296,30100,150,4983.39,false
246218300,1222445,1222296,0,1222296,246248400,1222595,1222446,0,1222446,30100,150,4983.39,false
246248400,1222595,1222446,0,1222446,246278500,1222745,1222596,0,1222596,30100,150,4983.39,false
246278500,1222745,1222596,0,1222596,246308600,1222895,1222746,0,1222746,30100,150,4983.39,false
246308600,1222895,1222746,0,1222746,246338700,1223045,1222896,0,1222896,30100,150,4983.39,false
246338700,1223045,1222896,0,1222896,246368800,1223195,1223046,0,1223046,30100,150,4983.39,false
246368800,1223195,1223046,0,1223046,246398900,1223345,1223196,0,1223196,30100,150,4983.39,false
246398900,1223345,1223196,0,1223196,246429000,1223495,1223346,0,1223346,30100,150,4983.39,false
246429000,1223495,1223346,0,1223346,246459100,1223645,1223496,0,1223496,30100,150,4983.39,false
246459100,1223645,1223496,0,1223496,246489200,1223795,1223646,0,1223646,30100,150,4983.39,false
246489200,1223795,1223646,0,1223646,246519300,1223945,1223796,0,1223796,30100,150,4983.39,false
246519300,1223945,1223796,0,1223796,246549400,1224095,1223946,0,1223946,30100,150,4983.39,false
246549400,1224095,1223946,0,1223946,246579500,1224245,1224096,0,1224096,30100,150,4983.39,false
246579500,1224245,1224096,0,1224096,246609600,1224395,1224246,0,1224246,30100,150,4983.39,false
246609600,1224395,1224246,0,1224246,246639700,1224545,1224396,0,1224396,30100,150,4983.39,false
246639700,1224545,1224396,0,1224396,246669800,1224695,1224546,0,1224546,30100,150,4983.39,false
246669800,1224695,1224546,0,1224546,246699900,1224845,1224696,0,1224696,30100,150,4983.39,false
246699900,1224845,1224696,0,1224696,246730000,1224995,1224846,0,1224846,30100,150,4983.39,false
246730000,1224995,1224846,0,1224846,246760100,1225145,1224996,0,1224996,30100,150,4983.39,false
246760100,1225145,1224996,0,1224996,246790200,1225295,1225146,0,1225146,30100,150,4983.39,false
246790200,1225295,1225146,0,1225146,246820300,1225445,1225296,0,1225296,30100,150,4983.39,false
246820300,1225445,1225296,0,1225296,246850400,1225595,1225446,0,1225446,30100,150,4983.39,false
246850400,1225595,1225446,0,1225446,246880500,1225745,1225596,0,1225596,30100,150,4983.39,false
246880500,1225745,1225596,0,1225596,246910600,1225895,1225746,0,1225746,30100,150,4983.39,false
246910600,1225895,1225746,0,1225746,246940700,1226045,1225896,0,1225896,30100,150,4983.39,false
246940700,1226045,1225896,0,1225896,246970800,1226195,1226046,0,1226046,30100,150,4983.39,false
246970800,1226195,1226046,0,1226046,247000900,1226345,1226196,0,1226196,30100,150,4983.39,false
247000900,1226345,1226196,0,1226196,247031000,1226495,1226346,0,1226346,30100,150,4983.39,false
247031000,1226495,1226346,0,1226346,247061100,1226645,1226496,0,1226496,30100,150,4983.39,false
247061100,1226645,1226496,0,1226496,247091200,1226795,1226646,0,1226646,30100,150,4983.39,false
247091200,1226795,1226646,0,1226646,247121300,1226945,1226796,0,1226796,30100,150,4983.39,false
247121300,1226945,1226796,0,1226796,247151400,1227095,1226946,0,1226946,30100,150,4983.39,false
247151400,1227095,1226946,0,1226946,247181500,1227245,1227096,0,1227096,30100,150,4983.39,false
247181500,1227245,1227096,0,1227096,247211600,1227395,1227246,0,1227246,30100,150,4983.39,false
247211600,1227395,1227246,0,1227246,247282100,1227545,1227396,0,1227396,70500,150,2127.66,false
247282100,1227545,1227396,0,1227396,247352600,1227695,1227546,0,1227546,70500,150,2127.66,false
247352600,1227695,1227546,0,1227546,247386800,1227845,1227696,0,1227696,34200,150,4385.96,false
247386800,1227845,1227696,0,1227696,247416900,1227995,1227846,0,1227846,30100,150,4983.39,false
247416900,1227995,1227846,0,1227846,247447000,1228145,1227996,0,1227996,30100,150,4983.39,false
247447100,1228146,1227997,0,1227997,247477200,1228296,1228147,0,1228147,30100,150,4983.39,false
247477200,1228296,1228147,0,1228147,247507300,1228446,1228297,0,1228297,30100,150,4983.39,false
247507300,1228446,1228297,0,1228297,247537400,1228596,1228447,0,1228447,30100,150,4983.39,false
247537400,1228596,1228447,0,1228447,247567500,1228746,1228597,0,1228597,30100,150,4983.39,false
247567500,1228746,1228597,0,1228597,247597600,1228896,1228747,0,1228747,30100,150,4983.39,false
247597600,1228896,1228747,0,1228747,247627700,1229046,1228897,0,1228897,30100,150,4983.39,false
247627700,1229046,1228897,0,1228897,247657800,1229196,1229047,0,1229047,30100,150,4983.39,false
247657800,1229196,1229047,0,1229047,247687900,1229346,1229197,0,1229197,30100,150,4983.39,false
247687900,1229346,1229197,0,1229197,247718000,1229496,1229347,0,1229347,30100,150,4983.39,false
247718000,1229496,1229347,0,1229347,247748100,1229646,1229497,0,1229497,30100,150,4983.39,false
247748100,1229646,1229497,0,1229497,247778200,1229796,1229647,0,1229647,30100,150,4983.39,false
247778200,1229796,1229647,0,1229647,247808300,1229946,1229797,0,1229797,30100,150,4983.39,false
247808300,1229946,1229797,0,1229797,247838400,1230497,1229947,0,1229947,30100,150,4983.39,true
247838400,1230497,1229947,0,1229947,247908600,1231048,1230498,0,1230498,70200,551,7849.00,true
247908600,1231048,1230498,0,1230498,247978800,1231239,1231049,0,1231049,70200,551,7849.00,true
247978800,1231239,1231049,0,1231049,248013000,1231389,1231240,0,1231240,34200,191,5584.80,true
248013000,1231389,1231240,0,1231240,248043100,1231539,1231390,0,1231390,30100,150,4983.39,false
248043100,1231539,1231390,0,1231390,248073200,1231689,1231540,0,1231540,30100,150,4983.39,false
248073200,1231689,1231540,0,1231540,248103300,1231839,1231690,0,1231690,30100,150,4983.39,false
248103300,1231839,1231690,0,1231690,248133400,1231989,1231840,0,1231840,30100,150,4983.39,false
248133400,1231989,1231840,0,1231840,248163500,1232139,1231990,0,1231990,30100,150,4983.39,false
248163500,1232139,1231990,0,1231990,248193600,1232289,1232140,0,1232140,30100,150,4983.39,false
248193600,1232289,1232140,0,1232140,248223700,1232439,1232290,0,1232290,30100,150,4983.39,false
248223700,1232439,1232290,0,1232290,248253800,1232589,1232440,0,1232440,30100,150,4983.39,false
248253800,1232589,1232440,0,1232440,248283900,1232739,1232590,0,1232590,30100,150,4983.39,false
248283900,1232739,1232590,0,1232590,248314000,1232889,1232740,0,1232740,30100,150,4983.39,false
248314000,1232889,1232740,0,1232740,248344100,1233039,1232890,0,1232890,30100,150,4983.39,false
248344100,1233039,1232890,0,1232890,248374200,1233189,1233040,0,1233040,30100,150,4983.39,false
248374200,1233189,1233040,0,1233040,248404300,1233339,1233190,0,1233190,30100,150,4983.39,false
248404300,1233339,1233190,0,1233190,248434400,1233489,1233340,0,1233340,30100,150,4983.39,false
248434400,1233489,1233340,0,1233340,248464500,1233639,1233490,0,1233490,30100,150,4983.39,false
248464500,1233639,1233490,0,1233490,248494600,1233789,1233640,0,1233640,30100,150,4983.39,false
248494600,1233789,1233640,0,1233640,248524700,1233939,1233790,0,1233790,30100,150,4983.39,false
248524700,1233939,1233790,0,1233790,248554800,1234089,1233940,0,1233940,30100,150,4983.39,false
248554800,1234089,1233940,0,1233940,248584900,1234239,1234090,0,1234090,30100,150,4983.39,false
248584900,1234239,1234090,0,1234090,248615000,1234389,1234240,0,1234240,30100,150,4983.39,false
248615000,1234389,1234240,0,1234240,248645100,1234539,1234390,0,1234390,30100,150,4983.39,false
248645100,1234539,1234390,0,1234390,248675200,1234689,1234540,0,1234540,30100,150,4983.39,false
248675200,1234689,1234540,0,1234540,248705300,1234839,1234690,0,1234690,30100,150,4983.39,false
248705300,1234839,1234690,0,1234690,248735400,1234989,1234840,0,1234840,30100,150,4983.39,false
248735400,1234989,1234840,0,1234840,248765500,1235139,1234990,0,1234990,30100,150,4983.39,false
248765500,1235139,1234990,0,1234990,248795600,1235289,1235140,0,1235140,30100,150,4983.39,false
248795600,1235289,1235140,0,1235140,248825700,1235439,1235290,0,1235290,30100,150,4983.39,false
248825700,1235439,1235290,0,1235290,248855800,1235589,1235440,0,1235440,30100,150,4983.39,false
248855800,1235589,1235440,0,1235440,248885900,1235739,1235590,0,1235590,30100,150,4983.39,false
248885900,1235739,1235590,0,1235590,248916000,1235889,1235740,0,1235740,30100,150,4983.39,false
248916000,1235889,1235740,0,1235740,248946100,1236039,1235890,0,1235890,30100,150,4983.39,false
248946100,1236039,1235890,0,1235890,248976200,1236189,1236040,0,1236040,30100,150,4983.39,false
248976200,1236189,1236040,0,1236040,249006300,1236339,1236190,0,1236190,30100,150,4983.39,false
249006300,1236339,1236190,0,1236190,249036400,1236489,1236340,0,1236340,30100,150,4983.39,false
249036400,1236489,1236340,0,1236340,249066500,1236639,1236490,0,1236490,30100,150,4983.39,false
249066500,1236639,1236490,0,1236490,249096600,1236789,1236640,0,1236640,30100,150,4983.39,false
249096600,1236789,1236640,0,1236640,249126700,1236939,1236790,0,1236790,30100,150,4983.39,false
249126700,1236939,1236790,0,1236790,249156800,1237089,1236940,0,1236940,30100,150,4983.39,false
249156800,1237089,1236940,0,1236940,249186900,1237239,1237090,0,1237090,30100,150,4983.39,false
249186900,1237239,1237090,0,1237090,249217000,1237389,1237240,0,1237240,30100,150,4983.39,false
249217000,1237389,1237240,0,1237240,249247100,1237539,1237390,0,1237390,30100,150,4983.39,false
249247100,1237539,1237390,0,1237390,249277200,1237689,1237540,0,1237540,30100,150,4983.39,false
249277200,1237689,1237540,0,1237540,249307300,1237839,1237690,0,1237690,30100,150,4983.39,false
249307300,1237839,1237690,0,1237690,249337400,1237989,1237840,0,1237840,30100,150,4983.39,false
249337400,1237989,1237840,0,1237840,249367500,1238139,1237990,0,1237990,30100,150,4983.39,false
249367500,1238139,1237990,0,1237990,249397600,1238289,1238140,0,1238140,30100,150,4983.39,false
249397600,1238289,1238140,0,1238140,249427700,1238439,1238290,0,1238290,30100,150,4983.39,false
249427700,1238439,1238290,0,1238290,249457800,1238589,1238440,0,1238440,30100,150,4983.39,false
249457800,1238589,1238440,0,1238440,249487900,1238739,1238590,0,1238590,30100,150,4983.39,false
249487900,1238739,1238590,0,1238590,249518000,1238889,1238740,0,1238740,30100,150,4983.39,false
249518000,1238889,1238740,0,1238740,249548100,1239039,1238890,0,1238890,30100,150,4983.39,false
249548100,1239039,1238890,0,1238890,249578200,1239189,1239040,0,1239040,30100,150,4983.39,false
249578200,1239189,1239040,0,1239040,249608300,1239339,1239190,0,1239190,30100,150,4983.39,false
249608300,1239339,1239190,0,1239190,249638400,1239489,1239340,0,1239340,30100,150,4983.39,false
249638400,1239489,1239340,0,1239340,249668500,1239639,1239490,0,1239490,30100,150,4983.39,false
249668500,1239639,1239490,0,1239490,249698600,1239789,1239640,0,1239640,30100,150,4983.39,false
249698600,1239789,1239640,0,1239640,249728700,1239939,1239790,0,1239790,30100,150,4983.39,false
249728700,1239939,1239790,0,1239790,249758800,1240089,1239940,0,1239940,30100,150,4983.39,false
249758800,1240089,1239940,0,1239940,249788900,1240239,1240090,0,1240090,30100,150,4983.39,false
249788900,1240239,1240090,0,1240090,249819000,1240389,1240240,0,1240240,30100,150,4983.39,false
249819000,1240389,1240240,0,1240240,249849100,1240539,1240390,0,1240390,30100,150,4983.39,false
249849100,1240539,1240390,0,1240390,249879200,1240689,1240540,0,1240540,30100,150,4983.39,false
249879200,1240689,1240540,0,1240540,249909300,1240839,1240690,0,1240690,30100,150,4983.39,false
249909300,1240839,1240690,0,1240690,249939400,1240989,1240840,0,1240840,30100,150,4983.39,false
249939400,1240989,1240840,0,1240840,249969500,1241139,1240990,0,1240990,30100,150,4983.39,false
249969500,1241139,1240990,0,1240990,249999600,1241289,1241140,0,1241140,30100,150,4983.39,false
249999600,1241289,1241140,0,1241140,250029700,1241439,1241290,0,1241290,30100,150,4983.39,false
250029700,1241439,1241290,0,1241290,250059800,1241589,1241440,0,1241440,30100,150,4983.39,false
250059800,1241589,1241440,0,1241440,250089900,1241739,1241590,0,1241590,30100,150,4983.39,false
250089900,1241739,1241590,0,1241590,250120000,1241889,1241740,0,1241740,30100,150,4983.39,false
250120000,1241889,1241740,0,1241740,250150100,1242039,1241890,0,1241890,30100,150,4983.39,false
250150100,1242039,1241890,0,1241890,250180200,1242189,1242040,0,1242040,30100,150,4983.39,false
250180200,1242189,1242040,0,1242040,250210300,1242339,1242190,0,1242190,30100,150,4983.39,false
250210300,1242339,1242190,0,1242190,250240400,1242489,1242340,0,1242340,30100,150,4983.39,false
250240400,1242489,1242340,0,1242340,250270500,1242639,1242490,0,1242490,30100,150,4983.39,false
250270500,1242639,1242490,0,1242490,250300600,1242789,1242640,0,1242640,30100,150,4983.39,false
250300600,1242789,1242640,0,1242640,250330700,1242939,1242790,0,1242790,30100,150,4983.39,false
250330700,1242939,1242790,0,1242790,250360800,1243089,1242940,0,1242940,30100,150,4983.39,false
250360800,1243089,1242940,0,1242940,250390900,1243239,1243090,0,1243090,30100,150,4983.39,false
250390900,1243239,1243090,0,1243090,250421000,1243389,1243240,0,1243240,30100,150,4983.39,false
250421000,1243389,1243240,0,1243240,250451100,1243539,1243390,0,1243390,30100,150,4983.39,false
250451100,1243539,1243390,0,1243390,250481200,1243689,1243540,0,1243540,30100,150,4983.39,false
250481200,1243689,1243540,0,1243540,250511300,1243839,1243690,0,1243690,30100,150,4983.39,false
250511300,1243839,1243690,0,1243690,250541400,1243989,1243840,0,1243840,30100,150,4983.39,false
250541400,1243989,1243840,0,1243840,250571500,1244139,1243990,0,1243990,30100,150,4983.39,false
250571500,1244139,1243990,0,1243990,250601600,1244289,1244140,0,1244140,30100,150,4983.39,false
250601600,1244289,1244140,0,1244140,250631700,1244439,1244290,0,1244290,30100,150,4983.39,false
250631700,1244439,1244290,0,1244290,250661800,1244589,1244440,0,1244440,30100,150,4983.39,false
250661800,1244589,1244440,0,1244440,250691900,1244739,1244590,0,1244590,30100,150,4983.39,false
250691900,1244739,1244590,0,1244590,250722000,1244889,1244740,0,1244740,30100,150,4983.39,false
250722000,1244889,1244740,0,1244740,250752100,1245039,1244890,0,1244890,30100,150,4983.39,false
250752100,1245039,1244890,0,1244890,250782200,1245189,1245040,0,1245040,30100,150,4983.39,false
250782200,1245189,1245040,0,1245040,250812300,1245339,1245190,0,1245190,30100,150,4983.39,false
250812300,1245339,1245190,0,1245190,250842400,1245489,1245340,0,1245340,30100,150,4983.39,false
250842400,1245489,1245340,0,1245340,250872500,1245639,1245490,0,1245490,30100,150,4983.39,false
250872500,1245639,1245490,0,1245490,250902600,1245789,1245640,0,1245640,30100,150,4983.39,false
250902600,1245789,1245640,0,1245640,250932700,1245939,1245790,0,1245790,30100,150,4983.39,false
250932700,1245939,1245790,0,1245790,250962800,1246089,1245940,0,1245940,30100,150,4983.39,false
250962800,1246089,1245940,0,1245940,250992900,1246239,1246090,0,1246090,30100,150,4983.39,false
250992900,1246239,1246090,0,1246090,251023000,1246389,1246240,0,1246240,30100,150,4983.39,false
251023000,1246389,1246240,0,1246240,251093500,1246539,1246390,0,1246390,70500,150,2127.66,false
251093500,1246539,1246390,0,1246390,251164000,1246689,1246540,0,1246540,70500,150,2127.66,false
251164000,1246689,1246540,0,1246540,251198200,1246839,1246690,0,1246690,34200,150,4385.96,false
251198200,1246839,1246690,0,1246690,251228300,1246989,1246840,0,1246840,30100,150,4983.39,false
251228300,1246989,1246840,0,1246840,251258400,1247139,1246990,0,1246990,30100,150,4983.39,false
251258500,1247140,1246991,0,1246991,251288600,1247290,1247141,0,1247141,30100,150,4983.39,false
251288600,1247290,1247141,0,1247141,251318700,1247440,1247291,0,1247291,30100,150,4983.39,false
251318700,1247440,1247291,0,1247291,251348800,1247590,1247441,0,1247441,30100,150,4983.39,false
251348800,1247590,1247441,0,1247441,251378900,1247740,1247591,0,1247591,30100,150,4983.39,false
251378900,1247740,1247591,0,1247591,251409000,1247890,1247741,0,1247741,30100,150,4983.39,false
251409000,1247890,1247741,0,1247741,251439100,1248040,1247891,0,1247891,30100,150,4983.39,false
251439100,1248040,1247891,0,1247891,251469200,1248190,1248041,0,1248041,30100,150,4983.39,false
251469200,1248190,1248041,0,1248041,251499300,1248340,1248191,0,1248191,30100,150,4983.39,false
251499300,1248340,1248191,0,1248191,251529400,1248490,1248341,0,1248341,30100,150,4983.39,false
251529400,1248490,1248341,0,1248341,251559500,1248640,1248491,0,1248491,30100,150,4983.39,false
251559500,1248640,1248491,0,1248491,251589600,1248790,1248641,0,1248641,30100,150,4983.39,false
251589600,1248790,1248641,0,1248641,251619700,1248940,1248791,0,1248791,30100,150,4983.39,false
251619700,1248940,1248791,0,1248791,251649800,1249491,1248941,0,1248941,30100,150,4983.39,true
251649800,1249491,1248941,0,1248941,251720000,1250042,1249492,0,1249492,70200,551,7849.00,true
251720000,1250042,1249492,0,1249492,251790200,1250233,1250043,0,1250043,70200,551,7849.00,true
251790200,1250233,1250043,0,1250043,251824400,1250383,1250234,0,1250234,34200,191,5584.80,true
251824400,1250383,1250234,0,1250234,251854500,1250533,1250384,0,1250384,30100,150,4983.39,false
251854500,1250533,1250384,0,1250384,251884600,1250683,1250534,0,1250534,30100,150,4983.39,false
251884600,1250683,1250534,0,1250534,251914700,1250833,1250684,0,1250684,30100,150,4983.39,false
251914700,1250833,1250684,0,1250684,251944800,1250983,1250834,0,1250834,30100,150,4983.39,false
251944800,1250983,1250834,0,1250834,251974900,1251133,1250984,0,1250984,30100,150,4983.39,false
251974900,1251133,1250984,0,1250984,252005000,1251283,1251134,0,1251134,30100,150,4983.39,false
252005000,1251283,1251134,0,1251134,252035100,1251433,1251284,0,1251284,30100,150,4983.39,false
252035100,1251433,1251284,0,1251284,252065200,1251583,1251434,0,1251434,30100,150,4983.39,false
252065200,1251583,1251434,0,1251434,252095300,1251733,1251584,0,1251584,30100,150,4983.39,false
252095300,1251733,1251584,0,1251584,252125400,1251883,1251734,0,1251734,30100,150,4983.39,false
252125400,1251883,1251734,0,1251734,252155500,1252033,1251884,0,1251884,30100,150,4983.39,false
252155500,1252033,1251884,0,1251884,252185600,1252183,1252034,0,1252034,30100,150,4983.39,false
252185600,1252183,1252034,0,1252034,252215700,1252333,1252184,0,1252184,30100,150,4983.39,false
252215700,1252333,1252184,0,1252184,252245800,1252483,1252334,0,1252334,30100,150,4983.39,false
252245800,1252483,1252334,0,1252334,252275900,1252633,1252484,0,1252484,30100,150,4983.39,false
252275900,1252633,1252484,0,1252484,252306000,1252783,1252634,0,1252634,30100,150,4983.39,false
252306000,1252783,1252634,0,1252634,252336100,1252933,1252784,0,1252784,30100,150,4983.39,false
252336100,1252933,1252784,0,1252784,252366200,1253083,1252934,0,1252934,30100,150,4983.39,false
252366200,1253083,1252934,0,1252934,252396300,1253233,1253084,0,1253084,30100,150,4983.39,false
252396300,1253233,1253084,0,1253084,252426400,1253383,1253234,0,1253234,30100,150,4983.39,false
252426400,1253383,1253234,0,1253234,252456500,1253533,1253384,0,1253384,30100,150,4983.39,false
252456500,1253533,1253384,0,1253384,252486600,1253683,1253534,0,1253534,30100,150,4983.39,false
252486600,1253683,1253534,0,1253534,252516700,1253833,1253684,0,1253684,30100,150,4983.39,false
252516700,1253833,1253684,0,1253684,252546800,1253983,1253834,0,1253834,30100,150,4983.39,false
252546800,1253983,1253834,0,1253834,252576900,1254133,1253984,0,1253984,30100,150,4983.39,false
252576900,1254133,1253984,0,1253984,252607000,1254283,1254134,0,1254134,30100,150,4983.39,false
252607000,1254283,1254134,0,1254134,252637100,1254433,1254284,0,1254284,30100,150,4983.39,false
252637100,1254433,1254284,0,1254284,252667200,1254583,1254434,0,1254434,30100,150,4983.39,false
252667200,1254583,1254434,0,1254434,252697300,1254733,1254584,0,1254584,30100,150,4983.39,false
252697300,1254733,1254584,0,1254584,252727400,1254883,1254734,0,1254734,30100,150,4983.39,false
252727400,1254883,1254734,0,1254734,252757500,1255033,1254884,0,1254884,30100,150,4983.39,false
252757500,1255033,1254884,0,1254884,252787600,1255183,1255034,0,1255034,30100,150,4983.39,false
252787600,1255183,1255034,0,1255034,252817700,1255333,1255184,0,1255184,30100,150,4983.39,false
252817700,1255333,1255184,0,1255184,252847800,1255483,1255334,0,1255334,30100,150,4983.39,false
252847800,1255483,1255334,0,1255334,252877900,1255633,1255484,0,1255484,30100,150,4983.39,false
252877900,1255633,1255484,0,1255484,252908000,1255783,1255634,0,1255634,30100,150,4983.39,false
252908000,1255783,1255634,0,1255634,252938100,1255933,1255784,0,1255784,30100,150,4983.39,false
252938100,1255933,1255784,0,1255784,252968200,1256083,1255934,0,1255934,30100,150,4983.39,false
252968200,1256083,1255934,0,1255934,252998300,1256233,1256084,0,1256084,30100,150,4983.39,false
252998300,1256233,1256084,0,1256084,253028400,1256383,1256234,0,1256234,30100,150,4983.39,false
253028400,1256383,1256234,0,1256234,253058500,1256533,1256384,0,1256384,30100,150,4983.39,false
253058500,1256533,1256384,0,1256384,253088600,1256683,1256534,0,1256534,30100,150,4983.39,false
253088600,1256683,1256534,0,1256534,253118700,1256833,1256684,0,1256684,30100,150,4983.39,false
253118700,1256833,1256684,0,1256684,253148800,1256983,1256834,0,1256834,30100,150,4983.39,false
253148800,1256983,1256834,0,1256834,253178900,1257133,1256984,0,1256984,30100,150,4983.39,false
253178900,1257133,1256984,0,1256984,253209000,1257283,1257134,0,1257134,30100,150,4983.39,false
253209000,1257283,1257134,0,1257134,253239100,1257433,1257284,0,1257284,30100,150,4983.39,false
253239100,1257433,1257284,0,1257284,253269200,1257583,1257434,0,1257434,30100,150,4983.39,false
253269200,1257583,1257434,0,1257434,253299300,1257733,1257584,0,1257584,30100,150,4983.39,false
253299300,1257733,1257584,0,1257584,253329400,1257883,1257734,0,1257734,30100,150,4983.39,false
253329400,1257883,1257734,0,1257734,253359500,1258033,1257884,0,1257884,30100,150,4983.39,false
253359500,1258033,1257884,0,1257884,253389600,1258183,1258034,0,1258034,30100,150,4983.39,false
253389600,1258183,1258034,0,1258034,253419700,1258333,1258184,0,1258184,30100,150,4983.39,false
253419700,1258333,1258184,0,1258184,253449800,1258483,1258334,0,1258334,30100,150,4983.39,false
253449800,1258483,1258334,0,1258334,253479900,1258633,1258484,0,1258484,30100,150,4983.39,false
253479900,1258633,1258484,0,1258484,253510000,1258783,1258634,0,1258634,30100,150,4983.39,false
253510000,1258783,1258634,0,1258634,253540100,1258933,1258784,0,1258784,30100,150,4983.39,false
253540100,1258933,1258784,0,1258784,253570200,1259083,1258934,0,1258934,30100,150,4983.39,false
253570200,1259083,1258934,0,1258934,253600300,1259233,1259084,0,1259084,30100,150,4983.39,false
253600300,1259233,1259084,0,1259084,253630400,1259383,1259234,0,1259234,30100,150,4983.39,false
253630400,1259383,1259234,0,1259234,253660500,1259533,1259384,0,1259384,30100,150,4983.39,false
253660500,1259533,1259384,0,1259384,253690600,1259683,1259534,0,1259534,30100,150,4983.39,false
253690600,1259683,1259534,0,1259534,253720700,1259833,1259684,0,1259684,30100,150,4983.39,false
253720700,1259833,1259684,0,1259684,253750800,1259983,1259834,0,1259834,30100,150,4983.39,false
253750800,1259983,1259834,0,1259834,253780900,1260133,1259984,0,1259984,30100,150,4983.39,false
253780900,1260133,1259984,0,1259984,253811000,1260283,1260134,0,1260134,30100,150,4983.39,false
253811000,1260283,1260134,0,1260134,253841100,1260433,1260284,0,1260284,30100,150,4983.39,false
253841100,1260433,1260284,0,1260284,253871200,1260583,1260434,0,1260434,30100,150,4983.39,false
253871200,1260583,1260434,0,1260434,253901300,1260733,1260584,0,1260584,30100,150,4983.39,false
253901300,1260733,1260584,0,1260584,253931400,1260883,1260734,0,1260734,30100,150,4983.39,false
253931400,1260883,1260734,0,1260734,253961500,1261033,1260884,0,1260884,30100,150,4983.39,false
253961500,1261033,1260884,0,1260884,253991600,1261183,1261034,0,1261034,30100,150,4983.39,false
253991600,1261183,1261034,0,1261034,254021700,1261333,1261184,0,1261184,30100,150,4983.39,false
254021700,1261333,1261184,0,1261184,254051800,1261483,1261334,0,1261334,30100,150,4983.39,false
254051800,1261483,1261334,0,1261334,254081900,1261633,1261484,0,1261484,30100,150,4983.39,false
254081900,1261633,1261484,0,1261484,254112000,1261783,1261634,0,1261634,30100,150,4983.39,false
254112000,1261783,1261634,0,1261634,254142100,1261933,1261784,0,1261784,30100,150,4983.39,false
254142100,1261933,1261784,0,1261784,254172200,1262083,1261934,0,1261934,30100,150,4983.39,false
254172200,1262083,1261934,0,1261934,254202300,1262233,1262084,0,1262084,30100,150,4983.39,false
254202300,1262233,1262084,0,1262084,254232400,1262383,1262234,0,1262234,30100,150,4983.39,false
254232400,1262383,1262234,0,1262234,254262500,1262533,1262384,0,1262384,30100,150,4983.39,false
254262500,1262533,1262384,0,1262384,254292600,1262683,1262534,0,1262534,30100,150,4983.39,false
254292600,1262683,1262534,0,1262534,254322700,1262833,1262684,0,1262684,30100,150,4983.39,false
254322700,1262833,1262684,0,1262684,254352800,1262983,1262834,0,1262834,30100,150,4983.39,false
254352800,1262983,1262834,0,1262834,254382900,1263133,1262984,0,1262984,30100,150,4983.39,false
254382900,1263133,1262984,0,1262984,254413000,1263283,1263134,0,1263134,30100,150,4983.39,false
254413000,1263283,1263134,0,1263134,254443100,1263433,1263284,0,1263284,30100,150,4983.39,false
254443100,1263433,1263284,0,1263284,254473200,1263583,1263434,0,1263434,30100,150,4983.39,false
254473200,1263583,1263434,0,1263434,254503300,1263733,1263584,0,1263584,30100,150,4983.39,false
254503300,1263733,1263584,0,1263584,254533400,1263883,1263734,0,1263734,30100,150,4983.39,false
254533400,1263883,1263734,0,1263734,254563500,1264033,1263884,0,1263884,30100,150,4983.39,false
254563500,1264033,1263884,0,1263884,254593600,1264183,1264034,0,1264034,30100,150,4983.39,false
254593600,1264183,1264034,0,1264034,254623700,1264333,1264184,0,1264184,30100,150,4983.39,false
254623700,1264333,1264184,0,1264184,254653800,1264483,1264334,0,1264334,30100,150,4983.39,false
254653800,1264483,1264334,0,1264334,254683900,1264633,1264484,0,1264484,30100,150,4983.39,false
254683900,1264633,1264484,0,1264484,254714000,1264783,1264634,0,1264634,30100,150,4983.39,false
254714000,1264783,1264634,0,1264634,254744100,1264933,1264784,0,1264784,30100,150,4983.39,false
254744100,1264933,1264784,0,1264784,254774200,1265083,1264934,0,1264934,30100,150,4983.39,false
254774200,1265083,1264934,0,1264934,254804300,1265233,1265084,0,1265084,30100,150,4983.39,false
254804300,1265233,1265084,0,1265084,254834400,1265383,1265234,0,1265234,30100,150,4983.39,false
254834400,1265383,1265234,0,1265234,254904900,1265533,1265384,0,1265384,70500,150,2127.66,false
254904900,1265533,1265384,0,1265384,254975400,1265683,1265534,0,1265534,70500,150,2127.66,false
254975400,1265683,1265534,0,1265534,255009600,1265833,1265684,0,1265684,34200,150,4385.96,false
255009600,1265833,1265684,0,1265684,255039700,1265983,1265834,0,1265834,30100,150,4983.39,false
255039700,1265983,1265834,0,1265834,255069800,1266133,1265984,0,1265984,30100,150,4983.39,false
255069900,1266134,1265985,0,1265985,255100000,1266284,1266135,0,1266135,30100,150,4983.39,false
255100000,1266284,1266135,0,1266135,255130100,1266434,1266285,0,1266285,30100,150,4983.39,false
255130100,1266434,1266285,0,1266285,255160200,1266584,1266435,0,1266435,30100,150,4983.39,false
255160200,1266584,1266435,0,1266435,255190300,1266734,1266585,0,1266585,30100,150,4983.39,false
255190300,1266734,1266585,0,1266585,255220400,1266884,1266735,0,1266735,30100,150,4983.39,false
255220400,1266884,1266735,0,1266735,255250500,1267034,1266885,0,1266885,30100,150,4983.39,false
255250500,1267034,1266885,0,1266885,255280600,1267184,1267035,0,1267035,30100,150,4983.39,false
255280600,1267184,1267035,0,1267035,255310700,1267334,1267185,0,1267185,30100,150,4983.39,false
255310700,1267334,1267185,0,1267185,255340800,1267484,1267335,0,1267335,30100,150,4983.39,false
255340800,1267484,1267335,0,1267335,255370900,1267634,1267485,0,1267485,30100,150,4983.39,false
255370900,1267634,1267485,0,1267485,255401000,1267784,1267635,0,1267635,30100,150,4983.39,false
255401000,1267784,1267635,0,1267635,255431100,1267934,1267785,0,1267785,30100,150,4983.39,false
255431100,1267934,1267785,0,1267785,255461200,1268485,1267935,0,1267935,30100,150,4983.39,true
255461200,1268485,1267935,0,1267935,255531400,1269036,1268486,0,1268486,70200,551,7849.00,true
255531400,1269036,1268486,0,1268486,255601600,1269227,1269037,0,1269037,70200,551,7849.00,true
255601600,1269227,1269037,0,1269037,255635800,1269377,1269228,0,1269228,34200,191,5584.80,true
255635800,1269377,1269228,0,1269228,255665900,1269527,1269378,0,1269378,30100,150,4983.39,false
255665900,1269527,1269378,0,1269378,255696000,1269677,1269528,0,1269528,30100,150,4983.39,false
255696000,1269677,1269528,0,1269528,255726100,1269827,1269678,0,1269678,30100,150,4983.39,false
255726100,1269827,1269678,0,1269678,255756200,1269977,1269828,0,1269828,30100,150,4983.39,false
255756200,1269977,1269828,0,1269828,255786300,1270127,1269978,0,1269978,30100,150,4983.39,false
255786300,1270127,1269978,0,1269978,255816400,1270277,1270128,0,1270128,30100,150,4983.39,false
255816400,1270277,1270128,0,1270128,255846500,1270427,1270278,0,1270278,30100,150,4983.39,false
255846500,1270427,1270278,0,1270278,255876600,1270577,1270428,0,1270428,30100,150,4983.39,false
255876600,1270577,1270428,0,1270428,255906700,1270727,1270578,0,1270578,30100,150,4983.39,false
255906700,1270727,1270578,0,1270578,255936800,1270877,1270728,0,1270728,30100,150,4983.39,false
255936800,1270877,1270728,0,1270728,255966900,1271027,1270878,0,1270878,30100,150,4983.39,false
255966900,1271027,1270878,0,1270878,255997000,1271177,1271028,0,1271028,30100,150,4983.39,false
255997000,1271177,1271028,0,1271028,256027100,1271327,1271178,0,1271178,30100,150,4983.39,false
256027100,1271327,1271178,0,1271178,256057200,1271477,1271328,0,1271328,30100,150,4983.39,false
256057200,1271477,1271328,0,1271328,256087300,1271627,1271478,0,1271478,30100,150,4983.39,false
256087300,1271627,1271478,0,1271478,256117400,1271777,1271628,0,1271628,30100,150,4983.39,false
256117400,1271777,1271628,0,1271628,256147500,1271927,1271778,0,1271778,30100,150,4983.39,false
256147500,1271927,1271778,0,1271778,256177600,1272077,1271928,0,1271928,30100,150,4983.39,false
256177600,1272077,1271928,0,1271928,256207700,1272227,1272078,0,1272078,30100,150,4983.39,false
256207700,1272227,1272078,0,1272078,256237800,1272377,1272228,0,1272228,30100,150,4983.39,false
256237800,1272377,1272228,0,1272228,256267900,1272527,1272378,0,1272378,30100,150,4983.39,false
256267900,1272527,1272378,0,1272378,256298000,1272677,1272528,0,1272528,30100,150,4983.39,false
256298000,1272677,1272528,0,1272528,256328100,1272827,1272678,0,1272678,30100,150,4983.39,false
256328100,1272827,1272678,0,1272678,256358200,1272977,1272828,0,1272828,30100,150,4983.39,false
256358200,1272977,1272828,0,1272828,256388300,1273127,1272978,0,1272978,30100,150,4983.39,false
256388300,1273127,1272978,0,1272978,256418400,1273277,1273128,0,1273128,30100,150,4983.39,false
256418400,1273277,1273128,0,1273128,256448500,1273427,1273278,0,1273278,30100,150,4983.39,false
256448500,1273427,1273278,0,1273278,256478600,1273577,1273428,0,1273428,30100,150,4983.39,false
256478600,1273577,1273428,0,1273428,256508700,1273727,1273578,0,1273578,30100,150,4983.39,false
256508700,1273727,1273578,0,1273578,256538800,1273877,1273728,0,1273728,30100,150,4983.39,false
256538800,1273877,1273728,0,1273728,256568900,1274027,1273878,0,1273878,30100,150,4983.39,false
256568900,1274027,1273878,0,1273878,256599000,1274177,1274028,0,1274028,30100,150,4983.39,false
256599000,1274177,1274028,0,1274028,256629100,1274327,1274178,0,1274178,30100,150,4983.39,false
256629100,1274327,1274178,0,1274178,256659200,1274477,1274328,0,1274328,30100,150,4983.39,false
256659200,1274477,1274328,0,1274328,256689300,1274627,1274478,0,1274478,30100,150,4983.39,false
256689300,1274627,1274478,0,1274478,256719400,1274777,1274628,0,1274628,30100,150,4983.39,false
256719400,1274777,1274628,0,1274628,256749500,1274927,1274778,0,1274778,30100,150,4983.39,false
256749500,1274927,1274778,0,1274778,256779600,1275077,1274928,0,1274928,30100,150,4983.39,false
256779600,1275077,1274928,0,1274928,256809700,1275227,1275078,0,1275078,30100,150,4983.39,false
256809700,1275227,1275078,0,1275078,256839800,1275377,1275228,0,1275228,30100,150,4983.39,false
256839800,1275377,1275228,0,1275228,256869900,1275527,1275378,0,1275378,30100,150,4983.39,false
256869900,1275527,1275378,0,1275378,256900000,1275677,1275528,0,1275528,30100,150,4983.39,false
256900000,1275677,1275528,0,1275528,256930100,1275827,1275678,0,1275678,30100,150,4983.39,false
256930100,1275827,1275678,0,1275678,256960200,1275977,1275828,0,1275828,30100,150,4983.39,false
256960200,1275977,1275828,0,1275828,256990300,1276127,1275978,0,1275978,30100,150,4983.39,false
256990300,1276127,1275978,0,1275978,257020400,1276277,1276128,0,1276128,30100,150,4983.39,false
257020400,1276277,1276128,0,1276128,257050500,1276427,1276278,0,1276278,30100,150,4983.39,false
257050500,1276427,1276278,0,1276278,257080600,1276577,1276428,0,1276428,30100,150,4983.39,false
257080600,1276577,1276428,0,1276428,257110700,1276727,1276578,0,1276578,30100,150,4983.39,false
257110700,1276727,1276578,0,1276578,257140800,1276877,1276728,0,1276728,30100,150,4983.39,false
257140800,1276877,1276728,0,1276728,257170900,1277027,1276878,0,1276878,30100,150,4983.39,false
257170900,1277027,1276878,0,1276878,257201000,1277177,1277028,0,1277028,30100,150,4983.39,false
257201000,1277177,1277028,0,1277028,257231100,1277327,1277178,0,1277178,30100,150,4983.39,false
257231100,1277327,1277178,0,1277178,257261200,1277477,1277328,0,1277328,30100,150,4983.39,false
257261200,1277477,1277328,0,1277328,257291300,1277627,1277478,0,1277478,30100,150,4983.39,false
257291300,1277627,1277478,0,1277478,257321400,1277777,1277628,0,1277628,30100,150,4983.39,false
257321400,1277777,1277628,0,1277628,257351500,1277927,1277778,0,1277778,30100,150,4983.39,false
257351500,1277927,1277778,0,1277778,257381600,1278077,1277928,0,1277928,30100,150,4983.39,false
257381600,1278077,1277928,0,1277928,257411700,1278227,1278078,0,1278078,30100,150,4983.39,false
257411700,1278227,1278078,0,1278078,257441800,1278377,1278228,0,1278228,30100,150,4983.39,false
257441800,1278377,1278228,0,1278228,257471900,1278527,1278378,0,1278378,30100,150,4983.39,false
257471900,1278527,1278378,0,1278378,257502000,1278677,1278528,0,1278528,30100,150,4983.39,false
257502000,1278677,1278528,0,1278528,257532100,1278827,1278678,0,1278678,30100,150,4983.39,false
257532100,1278827,1278678,0,1278678,257562200,1278977,1278828,0,1278828,30100,150,4983.39,false
257562200,1278977,1278828,0,1278828,257592300,1279127,1278978,0,1278978,30100,150,4983.39,false
257592300,1279127,1278978,0,1278978,257622400,1279277,1279128,0,1279128,30100,150,4983.39,false
257622400,1279277,1279128,0,1279128,257652500,1279427,1279278,0,1279278,30100,150,4983.39,false
257652500,1279427,1279278,0,1279278,257682600,1279577,1279428,0,1279428,30100,150,4983.39,false
257682600,1279577,1279428,0,1279428,257712700,1279727,1279578,0,1279578,30100,150,4983.39,false
257712700,1279727,1279578,0,1279578,257742800,1279877,1279728,0,1279728,30100,150,4983.39,false
257742800,1279877,1279728,0,1279728,257772900,1280027,1279878,0,1279878,30100,150,4983.39,false
257772900,1280027,1279878,0,1279878,257803000,1280177,1280028,0,1280028,30100,150,4983.39,false
257803000,1280177,1280028,0,1280028,257833100,1280327,1280178,0,1280178,30100,150,4983.39,false
257833100,1280327,1280178,0,1280178,257863200,1280477,1280328,0,1280328,30100,150,4983.39,false
257863200,1280477,1280328,0,1280328,257893300,1280627,1280478,0,1280478,30100,150,4983.39,false
257893300,1280627,1280478,0,1280478,257923400,1280777,1280628,0,1280628,30100,150,4983.39,false
257923400,1280777,1280628,0,1280628,257953500,1280927,1280778,0,1280778,30100,150,4983.39,false
257953500,1280927,1280778,0,1280778,257983600,1281077,1280928,0,1280928,30100,150,4983.39,false
257983600,1281077,1280928,0,1280928,258013700,1281227,1281078,0,1281078,30100,150,4983.39,false
258013700,1281227,1281078,0,1281078,258043800,1281377,1281228,0,1281228,30100,150,4983.39,false
258043800,1281377,1281228,0,1281228,258073900,1281527,1281378,0,1281378,30100,150,4983.39,false
258073900,1281527,1281378,0,1281378,258104000,1281677,1281528,0,1281528,30100,150,4983.39,false
258104000,1281677,1281528,0,1281528,258134100,1281827,1281678,0,1281678,30100,150,4983.39,false
258134100,1281827,1281678,0,1281678,258164200,1281977,1281828,0,1281828,30100,150,4983.39,false
258164200,1281977,1281828,0,1281828,258194300,1282127,1281978,0,1281978,30100,150,4983.39,false
258194300,1282127,1281978,0,1281978,258224400,1282277,1282128,0,1282128,30100,150,4983.39,false
258224400,1282277,1282128,0,1282128,258254500,1282427,1282278,0,1282278,30100,150,4983.39,false
258254500,1282427,1282278,0,1282278,258284600,1282577,1282428,0,1282428,30100,150,4983.39,false
258284600,1282577,1282428,0,1282428,258314700,1282727,1282578,0,1282578,30100,150,4983.39,false
258314700,1282727,1282578,0,1282578,258344800,1282877,1282728,0,1282728,30100,150,4983.39,false
258344800,1282877,1282728,0,1282728,258374900,1283027,1282878,0,1282878,30100,150,4983.39,false
258374900,1283027,1282878,0,1282878,258405000,1283177,1283028,0,1283028,30100,150,4983.39,false
258405000,1283177,1283028,0,1283028,258435100,1283327,1283178,0,1283178,30100,150,4983.39,false
258435100,1283327,1283178,0,1283178,258465200,1283477,1283328,0,1283328,30100,150,4983.39,false
258465200,1283477,1283328,0,1283328,258495300,1283627,1283478,0,1283478,30100,150,4983.39,false
258495300,1283627,1283478,0,1283478,258525400,1283777,1283628,0,1283628,30100,150,4983.39,false
258525400,1283777,1283628,0,1283628,258555500,1283927,1283778,0,1283778,30100,150,4983.39,false
258555500,1283927,1283778,0,1283778,258585600,1284077,1283928,0,1283928,30100,150,4983.39,false
258585600,1284077,1283928,0,1283928,258615700,1284227,1284078,0,1284078,30100,150,4983.39,false
258615700,1284227,1284078,0,1284078,258645800,1284377,1284228,0,1284228,30100,150,4983.39,false
258645800,1284377,1284228,0,1284228,258716300,1284527,1284378,0,1284378,70500,150,2127.66,false
258716300,1284527,1284378,0,1284378,258786800,1284677,1284528,0,1284528,70500,150,2127.66,false
258786800,1284677,1284528,0,1284528,258821000,1284827,1284678,0,1284678,34200,150,4385.96,false
258821000,1284827,1284678,0,1284678,258851100,1284977,1284828,0,1284828,30100,150,4983.39,false
258851100,1284977,1284828,0,1284828,258881200,1285127,1284978,0,1284978,30100,150,4983.39,false
258881300,1285128,1284979,0,1284979,258911400,1285278,1285129,0,1285129,30100,150,4983.39,false
258911400,1285278,1285129,0,1285129,258941500,1285428,1285279,0,1285279,30100,150,4983.39,false
258941500,1285428,1285279,0,1285279,258971600,1285578,1285429,0,1285429,30100,150,4983.39,false
258971600,1285578,1285429,0,1285429,259001700,1285728,1285579,0,1285579,30100,150,4983.39,false
259001700,1285728,1285579,0,1285579,259031800,1285878,1285729,0,1285729,30100,150,4983.39,false
259031800,1285878,1285729,0,1285729,259061900,1286028,1285879,0,1285879,30100,150,4983.39,false
259061900,1286028,1285879,0,1285879,259092000,1286178,1286029,0,1286029,30100,150,4983.39,false
259092000,1286178,1286029,0,1286029,259122100,1286328,1286179,0,1286179,30100,150,4983.39,false
259122100,1286328,1286179,0,1286179,259152200,1286478,1286329,0,1286329,30100,150,4983.39,false
259152200,1286478,1286329,0,1286329,259182300,1286628,1286479,0,1286479,30100,150,4983.39,false
259182300,1286628,1286479,0,1286479,259212400,1286778,1286629,0,1286629,30100,150,4983.39,false
259212400,1286778,1286629,0,1286629,259242500,1286928,1286779,0,1286779,30100,150,4983.39,false
259242500,1286928,1286779,0,1286779,259272600,1287479,1286929,0,1286929,30100,150,4983.39,true
259272600,1287479,1286929,0,1286929,259342800,1288030,1287480,0,1287480,70200,551,7849.00,true
259342800,1288030,1287480,0,1287480,259413000,1288221,1288031,0,1288031,70200,551,7849.00,true
259413000,1288221,1288031,0,1288031,259447200,1288371,1288222,0,1288222,34200,191,5584.80,true
259447200,1288371,1288222,0,1288222,259477300,1288521,1288372,0,1288372,30100,150,4983.39,false
259477300,1288521,1288372,0,1288372,259507400,1288671,1288522,0,1288522,30100,150,4983.39,false
259507400,1288671,1288522,0,1288522,259537500,1288821,1288672,0,1288672,30100,150,4983.39,false
259537500,1288821,1288672,0,1288672,259567600,1288971,1288822,0,1288822,30100,150,4983.39,false
259567600,1288971,1288822,0,1288822,259597700,1289121,1288972,0,1288972,30100,150,4983.39,false
259597700,1289121,1288972,0,1288972,259627800,1289271,1289122,0,1289122,30100,150,4983.39,false
259627800,1289271,1289122,0,1289122,259657900,1289421,1289272,0,1289272,30100,150,4983.39,false
259657900,1289421,1289272,0,1289272,259688000,1289571,1289422,0,1289422,30100,150,4983.39,false
259688000,1289571,1289422,0,1289422,259718100,1289721,1289572,0,1289572,30100,150,4983.39,false
259718100,1289721,1289572,0,1289572,259748200,1289871,1289722,0,1289722,30100,150,4983.39,false
259748200,1289871,1289722,0,1289722,259778300,1290021,1289872,0,1289872,30100,150,4983.39,false
259778300,1290021,1289872,0,1289872,259808400,1290171,1290022,0,1290022,30100,150,4983.39,false
259808400,1290171,1290022,0,1290022,259838500,1290321,1290172,0,1290172,30100,150,4983.39,false
259838500,1290321,1290172,0,1290172,259868600,1290471,1290322,0,1290322,30100,150,4983.39,false
259868600,1290471,1290322,0,1290322,259898700,1290621,1290472,0,1290472,30100,150,4983.39,false
259898700,1290621,1290472,0,1290472,259928800,1290771,1290622,0,1290622,30100,150,4983.39,false
259928800,1290771,1290622,0,1290622,259958900,1290921,1290772,0,1290772,30100,150,4983.39,false
259958900,1290921,1290772,0,1290772,259989000,1291071,1290922,0,1290922,30100,150,4983.39,false
259989000,1291071,1290922,0,1290922,260019100,1291221,1291072,0,1291072,30100,150,4983.39,false
260019100,1291221,1291072,0,1291072,260049200,1291371,1291222,0,1291222,30100,150,4983.39,false
260049200,1291371,1291222,0,1291222,260079300,1291521,1291372,0,1291372,30100,150,4983.39,false
260079300,1291521,1291372,0,1291372,260109400,1291671,1291522,0,1291522,30100,150,4983.39,false
260109400,1291671,1291522,0,1291522,260139500,1291821,1291672,0,1291672,30100,150,4983.39,false
260139500,1291821,1291672,0,1291672,260169600,1291971,1291822,0,1291822,30100,150,4983.39,false
260169600,1291971,1291822,0,1291822,260199700,1292121,1291972,0,1291972,30100,150,4983.39,false
260199700,1292121,1291972,0,1291972,260229800,1292271,1292122,0,1292122,30100,150,4983.39,false
260229800,1292271,1292122,0,1292122,260259900,1292421,1292272,0,1292272,30100,150,4983.39,false
260259900,1292421,1292272,0,1292272,260290000,1292571,1292422,0,1292422,30100,150,4983.39,false
260290000,1292571,1292422,0,1292422,260320100,1292721,1292572,0,1292572,30100,150,4983.39,false
260320100,1292721,1292572,0,1292572,260350200,1292871,1292722,0,1292722,30100,150,4983.39,false
260350200,1292871,1292722,0,1292722,260380300,1293021,1292872,0,1292872,30100,150,4983.39,false
260380300,1293021,1292872,0,1292872,260410400,1293171,1293022,0,1293022,30100,150,4983.39,false
260410400,1293171,1293022,0,1293022,260440500,1293321,1293172,0,1293172,30100,150,4983.39,false
260440500,1293321,1293172,0,1293172,260470600,1293471,1293322,0,1293322,30100,150,4983.39,false
260470600,1293471,1293322,0,1293322,260500700,1293621,1293472,0,1293472,30100,150,4983.39,false
260500700,1293621,1293472,0,1293472,260530800,1293771,1293622,0,1293622,30100,150,4983.39,false
260530800,1293771,1293622,0,1293622,260560900,1293921,1293772,0,1293772,30100,150,4983.39,false
260560900,1293921,1293772,0,1293772,260591000,1294071,1293922,0,1293922,30100,150,4983.39,false
260591000,1294071,1293922,0,1293922,260621100,1294221,1294072,0,1294072,30100,150,4983.39,false
260621100,1294221,1294072,0,1294072,260651200,1294371,1294222,0,1294222,30100,150,4983.39,false
260651200,1294371,1294222,0,1294222,260681300,1294521,1294372,0,1294372,30100,150,4983.39,false
260681300,1294521,1294372,0,1294372,260711400,1294671,1294522,0,1294522,30100,150,4983.39,false
260711400,1294671,1294522,0,1294522,260741500,1294821,1294672,0,1294672,30100,150,4983.39,false
260741500,1294821,1294672,0,1294672,260771600,1294971,1294822,0,1294822,30100,150,4983.39,false
260771600,1294971,1294822,0,1294822,260801700,1295121,1294972,0,1294972,30100,150,4983.39,false
260801700,1295121,1294972,0,1294972,260831800,1295271,1295122,0,1295122,30100,150,4983.39,false
260831800,1295271,1295122,0,1295122,260861900,1295421,1295272,0,1295272,30100,150,4983.39,false
260861900,1295421,1295272,0,1295272,260892000,1295571,1295422,0,1295422,30100,150,4983.39,false
260892000,1295571,1295422,0,1295422,260922100,1295721,1295572,0,1295572,30100,150,4983.39,false
260922100,1295721,1295572,0,1295572,260952200,1295871,1295722,0,1295722,30100,150,4983.39,false
260952200,1295871,1295722,0,1295722,260982300,1296021,1295872,0,1295872,30100,150,4983.39,false
260982300,1296021,1295872,0,1295872,261012400,1296171,1296022,0,1296022,30100,150,4983.39,false
261012400,1296171,1296022,0,1296022,261042500,1296321,1296172,0,1296172,30100,150,4983.39,false
261042500,1296321,1296172,0,1296172,261072600,1296471,1296322,0,1296322,30100,150,4983.39,false
261072600,1296471,1296322,0,1296322,261102700,1296621,1296472,0,1296472,30100,150,4983.39,false
261102700,1296621,1296472,0,1296472,261132800,1296771,1296622,0,1296622,30100,150,4983.39,false
261132800,1296771,1296622,0,1296622,261162900,1296921,1296772,0,1296772,30100,150,4983.39,false
261162900,1296921,1296772,0,1296772,261193000,1297071,1296922,0,1296922,30100,150,4983.39,false
261193000,1297071,1296922,0,1296922,261223100,1297221,1297072,0,1297072,30100,150,4983.39,false
261223100,1297221,1297072,0,1297072,261253200,1297371,1297222,0,1297222,30100,150,4983.39,false
261253200,1297371,1297222,0,1297222,261283300,1297521,1297372,0,1297372,30100,150,4983.39,false
261283300,1297521,1297372,0,1297372,261313400,1297671,1297522,0,1297522,30100,150,4983.39,false
261313400,1297671,1297522,0,1297522,261343500,1297821,1297672,0,1297672,30100,150,4983.39,false
261343500,1297821,1297672,0,1297672,261373600,1297971,1297822,0,1297822,30100,150,4983.39,false
261373600,1297971,1297822,0,1297822,261403700,1298121,1297972,0,1297972,30100,150,4983.39,false
261403700,1298121,1297972,0,1297972,261433800,1298271,1298122,0,1298122,30100,150,4983.39,false
261433800,1298271,1298122,0,1298122,261463900,1298421,1298272,0,1298272,30100,150,4983.39,false
261463900,1298421,1298272,0,1298272,261494000,1298571,1298422,0,1298422,30100,150,4983.39,false
261494000,1298571,1298422,0,1298422,261524100,1298721,1298572,0,1298572,30100,150,4983.39,false
261524100,1298721,1298572,0,1298572,261554200,1298871,1298722,0,1298722,30100,150,4983.39,false
261554200,1298871,1298722,0,1298722,261584300,1299021,1298872,0,1298872,30100,150,4983.39,false
261584300,1299021,1298872,0,1298872,261614400,1299171,1299022,0,1299022,30100,150,4983.39,false
261614400,1299171,1299022,0,1299022,261644500,1299321,1299172,0,1299172,30100,150,4983.39,false
261644500,1299321,1299172,0,1299172,261674600,1299471,1299322,0,1299322,30100,150,4983.39,false
261674600,1299471,1299322,0,1299322,261704700,1299621,1299472,0,1299472,30100,150,4983.39,false
261704700,1299621,1299472,0,1299472,261734800,1299771,1299622,0,1299622,30100,150,4983.39,false
261734800,1299771,1299622,0,1299622,261764900,1299921,1299772,0,1299772,30100,150,4983.39,false
261764900,1299921,1299772,0,1299772,261795000,1300071,1299922,0,1299922,30100,150,4983.39,false
261795000,1300071,1299922,0,1299922,261825100,1300221,1300072,0,1300072,30100,150,4983.39,false
261825100,1300221,1300072,0,1300072,261855200,1300371,1300222,0,1300222,30100,150,4983.39,false
261855200,1300371,1300222,0,1300222,261885300,1300521,1300372,0,1300372,30100,150,4983.39,false
261885300,1300521,1300372,0,1300372,261915400,1300671,1300522,0,1300522,30100,150,4983.39,false
261915400,1300671,1300522,0,1300522,261945500,1300821,1300672,0,1300672,30100,150,4983.39,false
261945500,1300821,1300672,0,1300672,261975600,1300971,1300822,0,1300822,30100,150,4983.39,false
261975600,1300971,1300822,0,1300822,262005700,1301121,1300972,0,1300972,30100,150,4983.39,false
262005700,1301121,1300972,0,1300972,262035800,1301271,1301122,0,1301122,30100,150,4983.39,false
262035800,1301271,1301122,0,1301122,262065900,1301421,1301272,0,1301272,30100,150,4983.39,false
262065900,1301421,1301272,0,1301272,262096000,1301571,1301422,0,1301422,30100,150,4983.39,false
262096000,1301571,1301422,0,1301422,262126100,1301721,1301572,0,1301572,30100,150,4983.39,false
262126100,1301721,1301572,0,1301572,262156200,1301871,1301722,0,1301722,30100,150,4983.39,false
262156200,1301871,1301722,0,1301722,262186300,1302021,1301872,0,1301872,30100,150,4983.39,false
262186300,1302021,1301872,0,1301872,262216400,1302171,1302022,0,1302022,30100,150,4983.39,false
262216400,1302171,1302022,0,1302022,262246500,1302321,1302172,0,1302172,30100,150,4983.39,false
262246500,1302321,1302172,0,1302172,262276600,1302471,1302322,0,1302322,30100,150,4983.39,false
262276600,1302471,1302322,0,1302322,262306700,1302621,1302472,0,1302472,30100,150,4983.39,false
262306700,1302621,1302472,0,1302472,262336800,1302771,1302622,0,1302622,30100,150,4983.39,false
262336800,1302771,1302622,0,1302622,262366900,1302921,1302772,0,1302772,30100,150,4983.39,false
262366900,1302921,1302772,0,1302772,262397000,1303071,1302922,0,1302922,30100,150,4983.39,false
262397000,1303071,1302922,0,1302922,262427100,1303221,1303072,0,1303072,30100,150,4983.39,false
262427100,1303221,1303072,0,1303072,262457200,1303371,1303222,0,1303222,30100,150,4983.39,false
262457200,1303371,1303222,0,1303222,262527700,1303521,1303372,0,1303372,70500,150,2127.66,false
262527700,1303521,1303372,0,1303372,262598200,1303671,1303522,0,1303522,70500,150,2127.66,false
262598200,1303671,1303522,0,1303522,262632400,1303821,1303672,0,1303672,34200,150,4385.96,false
262632400,1303821,1303672,0,1303672,262662500,1303971,1303822,0,1303822,30100,150,4983.39,false
262662500,1303971,1303822,0,1303822,262692600,1304121,1303972,0,1303972,30100,150,4983.39,false
262692700,1304122,1303973,0,1303973,262722800,1304272,1304123,0,1304123,30100,150,4983.39,false
262722800,1304272,1304123,0,1304123,262752900,1304422,1304273,0,1304273,30100,150,4983.39,false
262752900,1304422,1304273,0,1304273,262783000,1304572,1304423,0,1304423,30100,150,4983.39,false
262783000,1304572,1304423,0,1304423,262813100,1304722,1304573,0,1304573,30100,150,4983.39,false
262813100,1304722,1304573,0,1304573,262843200,1304872,1304723,0,1304723,30100,150,4983.39,false
262843200,1304872,1304723,0,1304723,262873300,1305022,1304873,0,1304873,30100,150,4983.39,false
262873300,1305022,1304873,0,1304873,262903400,1305172,1305023,0,1305023,30100,150,4983.39,false
262903400,1305172,1305023,0,1305023,262933500,1305322,1305173,0,1305173,30100,150,4983.39,false
262933500,1305322,1305173,0,1305173,262963600,1305472,1305323,0,1305323,30100,150,4983.39,false
262963600,1305472,1305323,0,1305323,262993700,1305622,1305473,0,1305473,30100,150,4983.39,false
262993700,1305622,1305473,0,1305473,263023800,1305772,1305623,0,1305623,30100,150,4983.39,false
263023800,1305772,1305623,0,1305623,263053900,1305922,1305773,0,1305773,30100,150,4983.39,false
263053900,1305922,1305773,0,1305773,263084000,1306473,1305923,0,1305923,30100,150,4983.39,true
263084000,1306473,1305923,0,1305923,263154200,1307024,1306474,0,1306474,70200,551,7849.00,true
263154200,1307024,1306474,0,1306474,263224400,1307215,1307025,0,1307025,70200,551,7849.00,true
263224400,1307215,1307025,0,1307025,263258600,1307365,1307216,0,1307216,34200,191,5584.80,true
263258600,1307365,1307216,0,1307216,263288700,1307515,1307366,0,1307366,30100,150,4983.39,false
263288700,1307515,1307366,0,1307366,263318800,1307665,1307516,0,1307516,30100,150,4983.39,false
263318800,1307665,1307516,0,1307516,263348900,1307815,1307666,0,1307666,30100,150,4983.39,false
263348900,1307815,1307666,0,1307666,263379000,1307965,1307816,0,1307816,30100,150,4983.39,false
263379000,1307965,1307816,0,1307816,263409100,1308115,1307966,0,1307966,30100,150,4983.39,false
263409100,1308115,1307966,0,1307966,263439200,1308265,1308116,0,1308116,30100,150,4983.39,false
263439200,1308265,1308116,0,1308116,263469300,1308415,1308266,0,1308266,30100,150,4983.39,false
263469300,1308415,1308266,0,1308266,263499400,1308565,1308416,0,1308416,30100,150,4983.39,false
263499400,1308565,1308416,0,1308416,263529500,1308715,1308566,0,1308566,30100,150,4983.39,false
263529500,1308715,1308566,0,1308566,263559600,1308865,1308716,0,1308716,30100,150,4983.39,false
263559600,1308865,1308716,0,1308716,263589700,1309015,1308866,0,1308866,30100,150,4983.39,false
263589700,1309015,1308866,0,1308866,263619800,1309165,1309016,0,1309016,30100,150,4983.39,false
263619800,1309165,1309016,0,1309016,263649900,1309315,1309166,0,1309166,30100,150,4983.39,false
263649900,1309315,1309166,0,1309166,263680000,1309465,1309316,0,1309316,30100,150,4983.39,false
263680000,1309465,1309316,0,1309316,263710100,1309615,1309466,0,1309466,30100,150,4983.39,false
263710100,1309615,1309466,0,1309466,263740200,1309765,1309616,0,1309616,30100,150,4983.39,false
263740200,1309765,1309616,0,1309616,263770300,1309915,1309766,0,1309766,30100,150,4983.39,false
263770300,1309915,1309766,0,1309766,263800400,1310065,1309916,0,1309916,30100,150,4983.39,false
263800400,1310065,1309916,0,1309916,263830500,1310215,1310066,0,1310066,30100,150,4983.39,false
263830500,1310215,1310066,0,1310066,263860600,1310365,1310216,0,1310216,30100,150,4983.39,false
263860600,1310365,1310216,0,1310216,263890700,1310515,1310366,0,1310366,30100,150,4983.39,false
263890700,1310515,1310366,0,1310366,263920800,1310665,1310516,0,1310516,30100,150,4983.39,false
263920800,1310665,1310516,0,1310516,263950900,1310815,1310666,0,1310666,30100,150,4983.39,false
263950900,1310815,1310666,0,1310666,263981000,1310965,1310816,0,1310816,30100,150,4983.39,false
263981000,1310965,1310816,0,1310816,264011100,1311115,1310966,0,1310966,30100,150,4983.39,false
264011100,1311115,1310966,0,1310966,264041200,1311265,1311116,0,1311116,30100,150,4983.39,false
264041200,1311265,1311116,0,1311116,264071300,1311415,1311266,0,1311266,30100,150,4983.39,false
264071300,1311415,1311266,0,1311266,264101400,1311565,1311416,0,1311416,30100,150,4983.39,false
264101400,1311565,1311416,0,1311416,264131500,1311715,1311566,0,1311566,30100,150,4983.39,false
264131500,1311715,1311566,0,1311566,264161600,1311865,1311716,0,1311716,30100,150,4983.39,false
264161600,1311865,1311716,0,1311716,264191700,1312015,1311866,0,1311866,30100,150,4983.39,false
264191700,1312015,1311866,0,1311866,264221800,1312165,1312016,0,1312016,30100,150,4983.39,false
264221800,1312165,1312016,0,1312016,264251900,1312315,1312166,0,1312166,30100,150,4983.39,false
264251900,1312315,1312166,0,1312166,264282000,1312465,1312316,0,1312316,30100,150,4983.39,false
264282000,1312465,1312316,0,1312316,264312100,1312615,1312466,0,1312466,30100,150,4983.39,false
264312100,1312615,1312466,0,1312466,264342200,1312765,1312616,0,1312616,30100,150,4983.39,false
264342200,1312765,1312616,0,1312616,264372300,1312915,1312766,0,1312766,30100,150,4983.39,false
264372300,1312915,1312766,0,1312766,264402400,1313065,1312916,0,1312916,30100,150,4983.39,false
264402400,1313065,1312916,0,1312916,264432500,1313215,1313066,0,1313066,30100,150,4983.39,false
264432500,1313215,1313066,0,1313066,264462600,1313365,1313216,0,1313216,30100,150,4983.39,false
264462600,1313365,1313216,0,1313216,264492700,1313515,1313366,0,1313366,30100,150,4983.39,false
264492700,1313515,1313366,0,1313366,264522800,1313665,1313516,0,1313516,30100,150,4983.39,false
264522800,1313665,1313516,0,1313516,264552900,1313815,1313666,0,1313666,30100,150,4983.39,false
264552900,1313815,1313666,0,1313666,264583000,1313965,1313816,0,1313816,30100,150,4983.39,false
264583000,1313965,1313816,0,1313816,264613100,1314115,1313966,0,1313966,30100,150,4983.39,false
264613100,1314115,1313966,0,1313966,264643200,1314265,1314116,0,1314116,30100,150,4983.39,false
264643200,1314265,1314116,0,1314116,264673300,1314415,1314266,0,1314266,30100,150,4983.39,false
264673300,1314415,1314266,0,1314266,264703400,1314565,1314416,0,1314416,30100,150,4983.39,false
264703400,1314565,1314416,0,1314416,264733500,1314715,1314566,0,1314566,30100,150,4983.39,false
264733500,1314715,1314566,0,1314566,264763600,1314865,1314716,0,1314716,30100,150,4983.39,false
264763600,1314865,1314716,0,1314716,264793700,1315015,1314866,0,1314866,30100,150,4983.39,false
264793700,1315015,1314866,0,1314866,264823800,1315165,1315016,0,1315016,30100,150,4983.39,false
264823800,1315165,1315016,0,1315016,264853900,1315315,1315166,0,1315166,30100,150,4983.39,false
264853900,1315315,1315166,0,1315166,264884000,1315465,1315316,0,1315316,30100,150,4983.39,false
264884000,1315465,1315316,0,1315316,264914100,1315615,1315466,0,1315466,30100,150,4983.39,false
264914100,1315615,1315466,0,1315466,264944200,1315765,1315616,0,1315616,30100,150,4983.39,false
264944200,1315765,1315616,0,1315616,264974300,1315915,1315766,0,1315766,30100,150,4983.39,false
264974300,1315915,1315766,0,1315766,265004400,1316065,1315916,0,1315916,30100,150,4983.39,false
265004400,1316065,1315916,0,1315916,265034500,1316215,1316066,0,1316066,30100,150,4983.39,false
265034500,1316215,1316066,0,1316066,265064600,1316365,1316216,0,1316216,30100,150,4983.39,false
265064600,1316365,1316216,0,1316216,265094700,1316515,1316366,0,1316366,30100,150,4983.39,false
265094700,1316515,1316366,0,1316366,265124800,1316665,1316516,0,1316516,30100,150,4983.39,false
265124800,1316665,1316516,0,1316516,265154900,1316815,1316666,0,1316666,30100,150,4983.39,false
265154900,1316815,1316666,0,1316666,265185000,1316965,1316816,0,1316816,30100,150,4983.39,false
265185000,1316965,1316816,0,1316816,265215100,1317115,1316966,0,1316966,30100,150,4983.39,false
265215100,1317115,1316966,0,1316966,265245200,1317265,1317116,0,1317116,30100,150,4983.39,false
265245200,1317265,1317116,0,1317116,265275300,1317415,1317266,0,1317266,30100,150,4983.39,false
265275300,1317415,1317266,0,1317266,265305400,1317565,1317416,0,1317416,30100,150,4983.39,false
265305400,1317565,1317416,0,1317416,265335500,1317715,1317566,0,1317566,30100,150,4983.39,false
265335500,1317715,1317566,0,1317566,265365600,1317865,1317716,0,1317716,30100,150,4983.39,false
265365600,1317865,1317716,0,1317716,265395700,1318015,1317866,0,1317866,30100,150,4983.39,false
265395700,1318015,1317866,0,1317866,265425800,1318165,1318016,0,1318016,30100,150,4983.39,false
265425800,1318165,1318016,0,1318016,265455900,1318315,1318166,0,1318166,30100,150,4983.39,false
265455900,1318315,1318166,0,1318166,265486000,1318465,1318316,0,1318316,30100,150,4983.39,false
265486000,1318465,1318316,0,1318316,265516100,1318615,1318466,0,1318466,30100,150,4983.39,false
265516100,1318615,1318466,0,1318466,265546200,1318765,1318616,0,1318616,30100,150,4983.39,false
265546200,1318765,1318616,0,1318616,265576300,1318915,1318766,0,1318766,30100,150,4983.39,false
265576300,1318915,1318766,0,1318766,265606400,1319065,1318916,0,1318916,30100,150,4983.39,false
265606400,1319065,1318916,0,1318916,265636500,1319215,1319066,0,1319066,30100,150,4983.39,false
265636500,1319215,1319066,0,1319066,265666600,1319365,1319216,0,1319216,30100,150,4983.39,false
265666600,1319365,1319216,0,1319216,265696700,1319515,1319366,0,1319366,30100,150,4983.39,false
265696700,1319515,1319366,0,1319366,265726800,1319665,1319516,0,1319516,30100,150,4983.39,false
265726800,1319665,1319516,0,1319516,265756900,1319815,1319666,0,1319666,30100,150,4983.39,false
265756900,1319815,1319666,0,1319666,265787000,1319965,1319816,0,1319816,30100,150,4983.39,false
265787000,1319965,1319816,0,1319816,265817100,1320115,1319966,0,1319966,30100,150,4983.39,false
265817100,1320115,1319966,0,1319966,265847200,1320265,1320116,0,1320116,30100,150,4983.39,false
265847200,1320265,1320116,0,1320116,265877300,1320415,1320266,0,1320266,30100,150,4983.39,false
265877300,1320415,1320266,0,1320266,265907400,1320565,1320416,0,1320416,30100,150,4983.39,false
265907400,1320565,1320416,0,1320416,265937500,1320715,1320566,0,1320566,30100,150,4983.39,false
265937500,1320715,1320566,0,1320566,265967600,1320865,1320716,0,1320716,30100,150,4983.39,false
265967600,1320865,1320716,0,1320716,265997700,1321015,1320866,0,1320866,30100,150,4983.39,false
265997700,1321015,1320866,0,1320866,266027800,1321165,1321016,0,1321016,30100,150,4983.39,false
266027800,1321165,1321016,0,1321016,266057900,1321315,1321166,0,1321166,30100,150,4983.39,false
266057900,1321315,1321166,0,1321166,266088000,1321465,1321316,0,1321316,30100,150,4983.39,false
266088000,1321465,1321316,0,1321316,266118100,1321615,1321466,0,1321466,30100,150,4983.39,false
266118100,1321615,1321466,0,1321466,266148200,1321765,1321616,0,1321616,30100,150,4983.39,false
266148200,1321765,1321616,0,1321616,266178300,1321915,1321766,0,1321766,30100,150,4983.39,false
266178300,1321915,1321766,0,1321766,266208400,1322065,1321916,0,1321916,30100,150,4983.39,false
266208400,1322065,1321916,0,1321916,266238500,1322215,1322066,0,1322066,30100,150,4983.39,false
266238500,1322215,1322066,0,1322066,266268600,1322365,1322216,0,1322216,30100,150,4983.39,false
266268600,1322365,1322216,0,1322216,266339100,1322515,1322366,0,1322366,70500,150,2127.66,false
266339100,1322515,1322366,0,1322366,266409600,1322665,1322516,0,1322516,70500,150,2127.66,false
266409600,1322665,1322516,0,1322516,266443800,1322815,1322666,0,1322666,34200,150,4385.96,false
266443800,1322815,1322666,0,1322666,266473900,1322965,1322816,0,1322816,30100,150,4983.39,false
266473900,1322965,1322816,0,1322816,266504000,1323115,1322966,0,1322966,30100,150,4983.39,false
266504100,1323116,1322967,0,1322967,266534200,1323266,1323117,0,1323117,30100,150,4983.39,false
266534200,1323266,1323117,0,1323117,266564300,1323416,1323267,0,1323267,30100,150,4983.39,false
266564300,1323416,1323267,0,1323267,266594400,1323566,1323417,0,1323417,30100,150,4983.39,false
266594400,1323566,1323417,0,1323417,266624500,1323716,1323567,0,1323567,30100,150,4983.39,false
266624500,1323716,1323567,0,1323567,266654600,1323866,1323717,0,1323717,30100,150,4983.39,false
266654600,1323866,1323717,0,1323717,266684700,1324016,1323867,0,1323867,30100,150,4983.39,false
266684700,1324016,1323867,0,1323867,266714800,1324166,1324017,0,1324017,30100,150,4983.39,false
266714800,1324166,1324017,0,1324017,266744900,1324316,1324167,0,1324167,30100,150,4983.39,false
266744900,1324316,1324167,0,1324167,266775000,1324466,1324317,0,1324317,30100,150,4983.39,false
266775000,1324466,1324317,0,1324317,266805100,1324616,1324467,0,1324467,30100,150,4983.39,false
266805100,1324616,1324467,0,1324467,266835200,1324766,1324617,0,1324617,30100,150,4983.39,false
266835200,1324766,1324617,0,1324617,266865300,1324916,1324767,0,1324767,30100,150,4983.39,false
266865300,1324916,1324767,0,1324767,266895400,1325467,1324917,0,1324917,30100,150,4983.39,true
266895400,1325467,1324917,0,1324917,266965600,1326018,1325468,0,1325468,70200,551,7849.00,true
266965600,1326018,1325468,0,1325468,267035800,1326209,1326019,0,1326019,70200,551,7849.00,true
267035800,1326209,1326019,0,1326019,267070000,1326359,1326210,0,1326210,34200,191,5584.80,true
267070000,1326359,1326210,0,1326210,267100100,1326509,1326360,0,1326360,30100,150,4983.39,false
267100100,1326509,1326360,0,1326360,267130200,1326659,1326510,0,1326510,30100,150,4983.39,false
267130200,1326659,1326510,0,1326510,267160300,1326809,1326660,0,1326660,30100,150,4983.39,false
267160300,1326809,1326660,0,1326660,267190400,1326959,1326810,0,1326810,30100,150,4983.39,false
267190400,1326959,1326810,0,1326810,267220500,1327109,1326960,0,1326960,30100,150,4983.39,false
267220500,1327109,1326960,0,1326960,267250600,1327259,1327110,0,1327110,30100,150,4983.39,false
267250600,1327259,1327110,0,1327110,267280700,1327409,1327260,0,1327260,30100,150,4983.39,false
267280700,1327409,1327260,0,1327260,267310800,1327559,1327410,0,1327410,30100,150,4983.39,false
267310800,1327559,1327410,0,1327410,267340900,1327709,1327560,0,1327560,30100,150,4983.39,false
267340900,1327709,1327560,0,1327560,267371000,1327859,1327710,0,1327710,30100,150,4983.39,false
267371000,1327859,1327710,0,1327710,267401100,1328009,1327860,0,1327860,30100,150,4983.39,false
267401100,1328009,1327860,0,1327860,267431200,1328159,1328010,0,1328010,30100,150,4983.39,false
267431200,1328159,1328010,0,1328010,267461300,1328309,1328160,0,1328160,30100,150,4983.39,false
267461300,1328309,1328160,0,1328160,267491400,1328459,1328310,0,1328310,30100,150,4983.39,false
267491400,1328459,1328310,0,1328310,267521500,1328609,1328460,0,1328460,30100,150,4983.39,false
267521500,1328609,1328460,0,1328460,267551600,1328759,1328610,0,1328610,30100,150,4983.39,false
267551600,1328759,1328610,0,1328610,267581700,1328909,1328760,0,1328760,30100,150,4983.39,false
267581700,1328909,1328760,0,1328760,267611800,1329059,1328910,0,1328910,30100,150,4983.39,false
267611800,1329059,1328910,0,1328910,267641900,1329209,1329060,0,1329060,30100,150,4983.39,false
267641900,1329209,1329060,0,1329060,267672000,1329359,1329210,0,1329210,30100,150,4983.39,false
267672000,1329359,1329210,0,1329210,267702100,1329509,1329360,0,1329360,30100,150,4983.39,false
267702100,1329509,1329360,0,1329360,267732200,1329659,1329510,0,1329510,30100,150,4983.39,false
267732200,1329659,1329510,0,1329510,267762300,1329809,1329660,0,1329660,30100,150,4983.39,false
267762300,1329809,1329660,0,1329660,267792400,1329959,1329810,0,1329810,30100,150,4983.39,false
267792400,1329959,1329810,0,1329810,267822500,1330109,1329960,0,1329960,30100,150,4983.39,false
267822500,1330109,1329960,0,1329960,267852600,1330259,1330110,0,1330110,30100,150,4983.39,false
267852600,1330259,1330110,0,1330110,267882700,1330409,1330260,0,1330260,30100,150,4983.39,false
267882700,1330409,1330260,0,1330260,267912800,1330559,1330410,0,1330410,30100,150,4983.39,false
267912800,1330559,1330410,0,1330410,267942900,1330709,1330560,0,1330560,30100,150,4983.39,false
267942900,1330709,1330560,0,1330560,267973000,1330859,1330710,0,1330710,30100,150,4983.39,false
267973000,1330859,1330710,0,1330710,268003100,1331009,1330860,0,1330860,30100,150,4983.39,false
268003100,1331009,1330860,0,1330860,268033200,1331159,1331010,0,1331010,30100,150,4983.39,false
268033200,1331159,1331010,0,1331010,268063300,1331309,1331160,0,1331160,30100,150,4983.39,false
268063300,1331309,1331160,0,1331160,268093400,1331459,1331310,0,1331310,30100,150,4983.39,false
268093400,1331459,1331310,0,1331310,268123500,1331609,1331460,0,1331460,30100,150,4983.39,false
268123500,1331609,1331460,0,1331460,268153600,1331759,1331610,0,1331610,30100,150,4983.39,false
268153600,1331759,1331610,0,1331610,268183700,1331909,1331760,0,1331760,30100,150,4983.39,false
268183700,1331909,1331760,0,1331760,268213800,1332059,1331910,0,1331910,30100,150,4983.39,false
268213800,1332059,1331910,0,1331910,268243900,1332209,1332060,0,1332060,30100,150,4983.39,false
268243900,1332209,1332060,0,1332060,268274000,1332359,1332210,0,1332210,30100,150,4983.39,false
268274000,1332359,1332210,0,1332210,268304100,1332509,1332360,0,1332360,30100,150,4983.39,false
268304100,1332509,1332360,0,1332360,268334200,1332659,1332510,0,1332510,30100,150,4983.39,false
268334200,1332659,1332510,0,1332510,268364300,1332809,1332660,0,1332660,30100,150,4983.39,false
268364300,1332809,1332660,0,1332660,268394400,1332959,1332810,0,1332810,30100,150,4983.39,false
268394400,1332959,1332810,0,1332810,268424500,1333109,1332960,0,1332960,30100,150,4983.39,false
268424500,1333109,1332960,0,1332960,268454600,1333259,1333110,0,1333110,30100,150,4983.39,false
268454600,1333259,1333110,0,1333110,268484700,1333409,1333260,0,1333260,30100,150,4983.39,false
268484700,1333409,1333260,0,1333260,268514800,1333559,1333410,0,1333410,30100,150,4983.39,false
268514800,1333559,1333410,0,1333410,268544900,1333709,1333560,0,1333560,30100,150,4983.39,false
268544900,1333709,1333560,0,1333560,268575000,1333859,1333710,0,1333710,30100,150,4983.39,false
268575000,1333859,1333710,0,1333710,268605100,1334009,1333860,0,1333860,30100,150,4983.39,false
268605100,1334009,1333860,0,1333860,268635200,1334159,1334010,0,1334010,30100,150,4983.39,false
268635200,1334159,1334010,0,1334010,268665300,1334309,1334160,0,1334160,30100,150,4983.39,false
268665300,1334309,1334160,0,1334160,268695400,1334459,1334310,0,1334310,30100,150,4983.39,false
268695400,1334459,1334310,0,1334310,268725500,1334609,1334460,0,1334460,30100,150,4983.39,false
268725500,1334609,1334460,0,1334460,268755600,1334759,1334610,0,1334610,30100,150,4983.39,false
268755600,1334759,1334610,0,1334610,268785700,1334909,1334760,0,1334760,30100,150,4983.39,false
268785700,1334909,1334760,0,1334760,268815800,1335059,1334910,0,1334910,30100,150,4983.39,false
268815800,1335059,1334910,0,1334910,268845900,1335209,1335060,0,1335060,30100,150,4983.39,false
268845900,1335209,1335060,0,1335060,268876000,1335359,1335210,0,1335210,30100,150,4983.39,false
268876000,1335359,1335210,0,1335210,268906100,1335509,1335360,0,1335360,30100,150,4983.39,false
268906100,1335509,1335360,0,1335360,268936200,1335659,1335510,0,1335510,30100,150,4983.39,false
268936200,1335659,1335510,0,1335510,268966300,1335809,1335660,0,1335660,30100,150,4983.39,false
268966300,1335809,1335660,0,1335660,268996400,1335959,1335810,0,1335810,30100,150,4983.39,false
268996400,1335959,1335810,0,1335810,269026500,1336109,1335960,0,1335960,30100,150,4983.39,false
269026500,1336109,1335960,0,1335960,269056600,1336259,1336110,0,1336110,30100,150,4983.39,false
269056600,1336259,1336110,0,1336110,269086700,1336409,1336260,0,1336260,30100,150,4983.39,false
269086700,1336409,1336260,0,1336260,269116800,1336559,1336410,0,1336410,30100,150,4983.39,false
269116800,1336559,1336410,0,1336410,269146900,1336709,1336560,0,1336560,30100,150,4983.39,false
269146900,1336709,1336560,0,1336560,269177000,1336859,1336710,0,1336710,30100,150,4983.39,false
269177000,1336859,1336710,0,1336710,269207100,1337009,1336860,0,1336860,30100,150,4983.39,false
269207100,1337009,1336860,0,1336860,269237200,1337159,1337010,0,1337010,30100,150,4983.39,false
269237200,1337159,1337010,0,1337010,269267300,1337309,1337160,0,1337160,30100,150,4983.39,false
269267300,1337309,1337160,0,1337160,269297400,1337459,1337310,0,1337310,30100,150,4983.39,false
269297400,1337459,1337310,0,1337310,269327500,1337609,1337460,0,1337460,30100,150,4983.39,false
269327500,1337609,1337460,0,1337460,269357600,1337759,1337610,0,1337610,30100,150,4983.39,false
269357600,1337759,1337610,0,1337610,269387700,1337909,1337760,0,1337760,30100,150,4983.39,false
269387700,1337909,1337760,0,1337760,269417800,1338059,1337910,0,1337910,30100,150,4983.39,false
269417800,1338059,1337910,0,1337910,269447900,1338209,1338060,0,1338060,30100,150,4983.39,false
269447900,1338209,1338060,0,1338060,269478000,1338359,1338210,0,1338210,30100,150,4983.39,false
269478000,1338359,1338210,0,1338210,269508100,1338509,1338360,0,1338360,30100,150,4983.39,false
269508100,1338509,1338360,0,1338360,269538200,1338659,1338510,0,1338510,30100,150,4983.39,false
269538200,1338659,1338510,0,1338510,269568300,1338809,1338660,0,1338660,30100,150,4983.39,false
269568300,1338809,1338660,0,1338660,269598400,1338959,1338810,0,1338810,30100,150,4983.39,false
269598400,1338959,1338810,0,1338810,269628500,1339109,1338960,0,1338960,30100,150,4983.39,false
269628500,1339109,1338960,0,1338960,269658600,1339259,1339110,0,1339110,30100,150,4983.39,false
269658600,1339259,1339110,0,1339110,269688700,1339409,1339260,0,1339260,30100,150,4983.39,false
269688700,1339409,1339260,0,1339260,269718800,1339559,1339410,0,1339410,30100,150,4983.39,false
269718800,1339559,1339410,0,1339410,269748900,1339709,1339560,0,1339560,30100,150,4983.39,false
269748900,1339709,1339560,0,1339560,269779000,1339859,1339710,0,1339710,30100,150,4983.39,false
269779000,1339859,1339710,0,1339710,269809100,1340009,1339860,0,1339860,30100,150,4983.39,false
269809100,1340009,1339860,0,1339860,269839200,1340159,1340010,0,1340010,30100,150,4983.39,false
269839200,1340159,1340010,0,1340010,269869300,1340309,1340160,0,1340160,30100,150,4983.39,false
269869300,1340309,1340160,0,1340160,269899400,1340459,1340310,0,1340310,30100,150,4983.39,false
269899400,1340459,1340310,0,1340310,269929500,1340609,1340460,0,1340460,30100,150,4983.39,false
269929500,1340609,1340460,0,1340460,269959600,1340759,1340610,0,1340610,30100,150,4983.39,false
269959600,1340759,1340610,0,1340610,269989700,1340909,1340760,0,1340760,30100,150,4983.39,false
269989700,1340909,1340760,0,1340760,270019800,1341059,1340910,0,1340910,30100,150,4983.39,false
270019800,1341059,1340910,0,1340910,270049900,1341209,1341060,0,1341060,30100,150,4983.39,false
270049900,1341209,1341060,0,1341060,270080000,1341359,1341210,0,1341210,30100,150,4983.39,false
270080000,1341359,1341210,0,1341210,270150500,1341509,1341360,0,1341360,70500,150,2127.66,false
270150500,1341509,1341360,0,1341360,270221000,1341659,1341510,0,1341510,70500,150,2127.66,false
270221000,1341659,1341510,0,1341510,270255200,1341809,1341660,0,1341660,34200,150,4385.96,false
270255200,1341809,1341660,0,1341660,270285300,1341959,1341810,0,1341810,30100,150,4983.39,false
270285300,1341959,1341810,0,1341810,270315400,1342109,1341960,0,1341960,30100,150,4983.39,false
270315500,1342110,1341961,0,1341961,270345600,1342260,1342111,0,1342111,30100,150,4983.39,false
270345600,1342260,1342111,0,1342111,270375700,1342410,1342261,0,1342261,30100,150,4983.39,false
270375700,1342410,1342261,0,1342261,270405800,1342560,1342411,0,1342411,30100,150,4983.39,false
270405800,1342560,1342411,0,1342411,270435900,1342710,1342561,0,1342561,30100,150,4983.39,false
270435900,1342710,1342561,0,1342561,270466000,1342860,1342711,0,1342711,30100,150,4983.39,false
270466000,1342860,1342711,0,1342711,270496100,1343010,1342861,0,1342861,30100,150,4983.39,false
270496100,1343010,1342861,0,1342861,270526200,1343160,1343011,0,1343011,30100,150,4983.39,false
270526200,1343160,1343011,0,1343011,270556300,1343310,1343161,0,1343161,30100,150,4983.39,false
270556300,1343310,1343161,0,1343161,270586400,1343460,1343311,0,1343311,30100,150,4983.39,false
270586400,1343460,1343311,0,1343311,270616500,1343610,1343461,0,1343461,30100,150,4983.39,false
270616500,1343610,1343461,0,1343461,270646600,1343760,1343611,0,1343611,30100,150,4983.39,false
270646600,1343760,1343611,0,1343611,270676700,1343910,1343761,0,1343761,30100,150,4983.39,false
270676700,1343910,1343761,0,1343761,270706800,1344461,1343911,0,1343911,30100,150,4983.39,true
270706800,1344461,1343911,0,1343911,270777000,1345012,1344462,0,1344462,70200,551,7849.00,true
270777000,1345012,1344462,0,1344462,270847200,1345203,1345013,0,1345013,70200,551,7849.00,true
270847200,1345203,1345013,0,1345013,270881400,1345353,1345204,0,1345204,34200,191,5584.80,true
270881400,1345353,1345204,0,1345204,270911500,1345503,1345354,0,1345354,30100,150,4983.39,false
270911500,1345503,1345354,0,1345354,270941600,1345653,1345504,0,1345504,30100,150,4983.39,false
270941600,1345653,1345504,0,1345504,270971700,1345803,1345654,0,1345654,30100,150,4983.39,false
270971700,1345803,1345654,0,1345654,271001800,1345953,1345804,0,1345804,30100,150,4983.39,false
271001800,1345953,1345804,0,1345804,271031900,1346103,1345954,0,1345954,30100,150,4983.39,false
271031900,1346103,1345954,0,1345954,271062000,1346253,1346104,0,1346104,30100,150,4983.39,false
271062000,1346253,1346104,0,1346104,271092100,1346403,1346254,0,1346254,30100,150,4983.39,false
271092100,1346403,1346254,0,1346254,271122200,1346553,1346404,0,1346404,30100,150,4983.39,false
271122200,1346553,1346404,0,1346404,271152300,1346703,1346554,0,1346554,30100,150,4983.39,false
271152300,1346703,1346554,0,1346554,271182400,1346853,1346704,0,1346704,30100,150,4983.39,false
271182400,1346853,1346704,0,1346704,271212500,1347003,1346854,0,1346854,30100,150,4983.39,false
271212500,1347003,1346854,0,1346854,271242600,1347153,1347004,0,1347004,30100,150,4983.39,false
271242600,1347153,1347004,0,1347004,271272700,1347303,1347154,0,1347154,30100,150,4983.39,false
271272700,1347303,1347154,0,1347154,271302800,1347453,1347304,0,1347304,30100,150,4983.39,false
271302800,1347453,1347304,0,1347304,271332900,1347603,1347454,0,1347454,30100,150,4983.39,false
271332900,1347603,1347454,0,1347454,271363000,1347753,1347604,0,1347604,30100,150,4983.39,false
271363000,1347753,1347604,0,1347604,271393100,1347903,1347754,0,1347754,30100,150,4983.39,false
271393100,1347903,1347754,0,1347754,271423200,1348053,1347904,0,1347904,30100,150,4983.39,false
271423200,1348053,1347904,0,1347904,271453300,1348203,1348054,0,1348054,30100,150,4983.39,false
271453300,1348203,1348054,0,1348054,271483400,1348353,1348204,0,1348204,30100,150,4983.39,false
271483400,1348353,1348204,0,1348204,271513500,1348503,1348354,0,1348354,30100,150,4983.39,false
271513500,1348503,1348354,0,1348354,271543600,1348653,1348504,0,1348504,30100,150,4983.39,false
271543600,1348653,1348504,0,1348504,271573700,1348803,1348654,0,1348654,30100,150,4983.39,false
271573700,1348803,1348654,0,1348654,271603800,1348953,1348804,0,1348804,30100,150,4983.39,false
271603800,1348953,1348804,0,1348804,271633900,1349103,1348954,0,1348954,30100,150,4983.39,false
271633900,1349103,1348954,0,1348954,271664000,1349253,1349104,0,1349104,30100,150,4983.39,false
271664000,1349253,1349104,0,1349104,271694100,1349403,1349254,0,1349254,30100,150,4983.39,false
271694100,1349403,1349254,0,1349254,271724200,1349553,1349404,0,1349404,30100,150,4983.39,false
271724200,1349553,1349404,0,1349404,271754300,1349703,1349554,0,1349554,30100,150,4983.39,false
271754300,1349703,1349554,0,1349554,271784400,1349853,1349704,0,1349704,30100,150,4983.39,false
271784400,1349853,1349704,0,1349704,271814500,1350003,1349854,0,1349854,30100,150,4983.39,false
271814500,1350003,1349854,0,1349854,271844600,1350153,1350004,0,1350004,30100,150,4983.39,false
271844600,1350153,1350004,0,1350004,271874700,1350303,1350154,0,1350154,30100,150,4983.39,false
271874700,1350303,1350154,0,1350154,271904800,1350453,1350304,0,1350304,30100,150,4983.39,false
271904800,1350453,1350304,0,1350304,271934900,1350603,1350454,0,1350454,30100,150,4983.39,false
271934900,1350603,1350454,0,1350454,271965000,1350753,1350604,0,1350604,30100,150,4983.39,false
271965000,1350753,1350604,0,1350604,271995100,1350903,1350754,0,1350754,30100,150,4983.39,false
271995100,1350903,1350754,0,1350754,272025200,1351053,1350904,0,1350904,30100,150,4983.39,false
272025200,1351053,1350904,0,1350904,272055300,1351203,1351054,0,1351054,30100,150,4983.39,false
272055300,1351203,1351054,0,1351054,272085400,1351353,1351204,0,1351204,30100,150,4983.39,false
272085400,1351353,1351204,0,1351204,272115500,1351503,1351354,0,1351354,30100,150,4983.39,false
272115500,1351503,1351354,0,1351354,272145600,1351653,1351504,0,1351504,30100,150,4983.39,false
272145600,1351653,1351504,0,1351504,272175700,1351803,1351654,0,1351654,30100,150,4983.39,false
272175700,1351803,1351654,0,1351654,272205800,1351953,1351804,0,1351804,30100,150,4983.39,false
272205800,1351953,1351804,0,1351804,272235900,1352103,1351954,0,1351954,30100,150,4983.39,false
272235900,1352103,1351954,0,1351954,272266000,1352253,1352104,0,1352104,30100,150,4983.39,false
272266000,1352253,1352104,0,1352104,272296100,1352403,1352254,0,1352254,30100,150,4983.39,false
272296100,1352403,1352254,0,1352254,272326200,1352553,1352404,0,1352404,30100,150,4983.39,false
272326200,1352553,1352404,0,1352404,272356300,1352703,1352554,0,1352554,30100,150,4983.39,false
272356300,1352703,1352554,0,1352554,272386400,1352853,1352704,0,1352704,30100,150,4983.39,false
272386400,1352853,1352704,0,1352704,272416500,1353003,1352854,0,1352854,30100,150,4983.39,false
272416500,1353003,1352854,0,1352854,272446600,1353153,1353004,0,1353004,30100,150,4983.39,false
272446600,1353153,1353004,0,1353004,272476700,1353303,1353154,0,1353154,30100,150,4983.39,false
272476700,1353303,1353154,0,1353154,272506800,1353453,1353304,0,1353304,30100,150,4983.39,false
272506800,1353453,1353304,0,1353304,272536900,1353603,1353454,0,1353454,30100,150,4983.39,false
272536900,1353603,1353454,0,1353454,272567000,1353753,1353604,0,1353604,30100,150,4983.39,false
272567000,1353753,1353604,0,1353604,272597100,1353903,1353754,0,1353754,30100,150,4983.39,false
272597100,1353903,1353754,0,1353754,272627200,1354053,1353904,0,1353904,30100,150,4983.39,false
272627200,1354053,1353904,0,1353904,272657300,1354203,1354054,0,1354054,30100,150,4983.39,false
272657300,1354203,1354054,0,1354054,272687400,1354353,1354204,0,1354204,30100,150,4983.39,false
272687400,1354353,1354204,0,1354204,272717500,1354503,1354354,0,1354354,30100,150,4983.39,false
272717500,1354503,1354354,0,1354354,272747600,1354653,1354504,0,1354504,30100,150,4983.39,false
272747600,1354653,1354504,0,1354504,272777700,1354803,1354654,0,1354654,30100,150,4983.39,false
272777700,1354803,1354654,0,1354654,272807800,1354953,1354804,0,1354804,30100,150,4983.39,false
272807800,1354953,1354804,0,1354804,272837900,1355103,1354954,0,1354954,30100,150,4983.39,false
272837900,1355103,1354954,0,1354954,272868000,1355253,1355104,0,1355104,30100,150,4983.39,false
272868000,1355253,1355104,0,1355104,272898100,1355403,1355254,0,1355254,30100,150,4983.39,false
272898100,1355403,1355254,0,1355254,272928200,1355553,1355404,0,1355404,30100,150,4983.39,false
272928200,1355553,1355404,0,1355404,272958300,1355703,1355554,0,1355554,30100,150,4983.39,false
272958300,1355703,1355554,0,1355554,272988400,1355853,1355704,0,1355704,30100,150,4983.39,false
272988400,1355853,1355704,0,1355704,273018500,1356003,1355854,0,1355854,30100,150,4983.39,false
273018500,1356003,1355854,0,1355854,273048600,1356153,1356004,0,1356004,30100,150,4983.39,false
273048600,1356153,1356004,0,1356004,273078700,1356303,1356154,0,1356154,30100,150,4983.39,false
273078700,1356303,1356154,0,1356154,273108800,1356453,1356304,0,1356304,30100,150,4983.39,false
273108800,1356453,1356304,0,1356304,273138900,1356603,1356454,0,1356454,30100,150,4983.39,false
273138900,1356603,1356454,0,1356454,273169000,1356753,1356604,0,1356604,30100,150,4983.39,false
273169000,1356753,1356604,0,1356604,273199100,1356903,1356754,0,1356754,30100,150,4983.39,false
273199100,1356903,1356754,0,1356754,273229200,1357053,1356904,0,1356904,30100,150,4983.39,false
273229200,1357053,1356904,0,1356904,273259300,1357203,1357054,0,1357054,30100,150,4983.39,false
273259300,1357203,1357054,0,1357054,273289400,1357353,1357204,0,1357204,30100,150,4983.39,false
273289400,1357353,1357204,0,1357204,273319500,1357503,1357354,0,1357354,30100,150,4983.39,false
273319500,1357503,1357354,0,1357354,273349600,1357653,1357504,0,1357504,30100,150,4983.39,false
273349600,1357653,1357504,0,1357504,273379700,1357803,1357654,0,1357654,30100,150,4983.39,false
273379700,1357803,1357654,0,1357654,273409800,1357953,1357804,0,1357804,30100,150,4983.39,false
273409800,1357953,1357804,0,1357804,273439900,1358103,1357954,0,1357954,30100,150,4983.39,false
273439900,1358103,1357954,0,1357954,273470000,1358253,1358104,0,1358104,30100,150,4983.39,false
273470000,1358253,1358104,0,1358104,273500100,1358403,1358254,0,1358254,30100,150,4983.39,false
273500100,1358403,1358254,0,1358254,273530200,1358553,1358404,0,1358404,30100,150,4983.39,false
273530200,1358553,1358404,0,1358404,273560300,1358703,1358554,0,1358554,30100,150,4983.39,false
273560300,1358703,1358554,0,1358554,273590400,1358853,1358704,0,1358704,30100,150,4983.39,false
273590400,1358853,1358704,0,1358704,273620500,1359003,1358854,0,1358854,30100,150,4983.39,false
273620500,1359003,1358854,0,1358854,273650600,1359153,1359004,0,1359004,30100,150,4983.39,false
273650600,1359153,1359004,0,1359004,273680700,1359303,1359154,0,1359154,30100,150,4983.39,false
273680700,1359303,1359154,0,1359154,273710800,1359453,1359304,0,1359304,30100,150,4983.39,false
273710800,1359453,1359304,0,1359304,273740900,1359603,1359454,0,1359454,30100,150,4983.39,false
273740900,1359603,1359454,0,1359454,273771000,1359753,1359604,0,1359604,30100,150,4983.39,false
273771000,1359753,1359604,0,1359604,273801100,1359903,1359754,0,1359754,30100,150,4983.39,false
273801100,1359903,1359754,0,1359754,273831200,1360053,1359904,0,1359904,30100,150,4983.39,false
273831200,1360053,1359904,0,1359904,273861300,1360203,1360054,0,1360054,30100,150,4983.39,false
273861300,1360203,1360054,0,1360054,273891400,1360353,1360204,0,1360204,30100,150,4983.39,false
273891400,1360353,1360204,0,1360204,273961900,1360503,1360354,0,1360354,70500,150,2127.66,false
273961900,1360503,1360354,0,1360354,274032400,1360653,1360504,0,1360504,70500,150,2127.66,false
274032400,1360653,1360504,0,1360504,274066600,1360803,1360654,0,1360654,34200,150,4385.96,false
274066600,1360803,1360654,0,1360654,274096700,1360953,1360804,0,1360804,30100,150,4983.39,false
274096700,1360953,1360804,0,1360804,274126800,1361103,1360954,0,1360954,30100,150,4983.39,false
274126900,1361104,1360955,0,1360955,274157000,1361254,1361105,0,1361105,30100,150,4983.39,false
274157000,1361254,1361105,0,1361105,274187100,1361404,1361255,0,1361255,30100,150,4983.39,false
274187100,1361404,1361255,0,1361255,274217200,1361554,1361405,0,1361405,30100,150,4983.39,false
274217200,1361554,1361405,0,1361405,274247300,1361704,1361555,0,1361555,30100,150,4983.39,false
274247300,1361704,1361555,0,1361555,274277400,1361854,1361705,0,1361705,30100,150,4983.39,false
274277400,1361854,1361705,0,1361705,274307500,1362004,1361855,0,1361855,30100,150,4983.39,false
274307500,1362004,1361855,0,1361855,274337600,1362154,1362005,0,1362005,30100,150,4983.39,false
274337600,1362154,1362005,0,1362005,274367700,1362304,1362155,0,1362155,30100,150,4983.39,false
274367700,1362304,1362155,0,1362155,274397800,1362454,1362305,0,1362305,30100,150,4983.39,false
274397800,1362454,1362305,0,1362305,274427900,1362604,1362455,0,1362455,30100,150,4983.39,false
274427900,1362604,1362455,0,1362455,274458000,1362754,1362605,0,1362605,30100,150,4983.39,false
274458000,1362754,1362605,0,1362605,274488100,1362904,1362755,0,1362755,30100,150,4983.39,false
274488100,1362904,1362755,0,1362755,274518200,1363455,1362905,0,1362905,30100,150,4983.39,true
274518200,1363455,1362905,0,1362905,274588400,1364006,1363456,0,1363456,70200,551,7849.00,true
274588400,1364006,1363456,0,1363456,274658600,1364197,1364007,0,1364007,70200,551,7849.00,true
274658600,1364197,1364007,0,1364007,274692800,1364347,1364198,0,1364198,34200,191,5584.80,true
274692800,1364347,1364198,0,1364198,274722900,1364497,1364348,0,1364348,30100,150,4983.39,false
274722900,1364497,1364348,0,1364348,274753000,1364647,1364498,0,1364498,30100,150,4983.39,false
274753000,1364647,1364498,0,1364498,274783100,1364797,1364648,0,1364648,30100,150,4983.39,false
274783100,1364797,1364648,0,1364648,274813200,1364947,1364798,0,1364798,30100,150,4983.39,false
274813200,1364947,1364798,0,1364798,274843300,1365097,1364948,0,1364948,30100,150,4983.39,false
274843300,1365097,1364948,0,1364948,274873400,1365247,1365098,0,1365098,30100,150,4983.39,false
274873400,1365247,1365098,0,1365098,274903500,1365397,1365248,0,1365248,30100,150,4983.39,false
274903500,1365397,1365248,0,1365248,274933600,1365547,1365398,0,1365398,30100,150,4983.39,false
274933600,1365547,1365398,0,1365398,274963700,1365697,1365548,0,1365548,30100,150,4983.39,false
274963700,1365697,1365548,0,1365548,274993800,1365847,1365698,0,1365698,30100,150,4983.39,false
274993800,1365847,1365698,0,1365698,275023900,1365997,1365848,0,1365848,30100,150,4983.39,false
275023900,1365997,1365848,0,1365848,275054000,1366147,1365998,0,1365998,30100,150,4983.39,false
275054000,1366147,1365998,0,1365998,275084100,1366297,1366148,0,1366148,30100,150,4983.39,false
275084100,1366297,1366148,0,1366148,275114200,1366447,1366298,0,1366298,30100,150,4983.39,false
275114200,1366447,1366298,0,1366298,275144300,1366597,1366448,0,1366448,30100,150,4983.39,false
275144300,1366597,1366448,0,1366448,275174400,1366747,1366598,0,1366598,30100,150,4983.39,false
275174400,1366747,1366598,0,1366598,275204500,1366897,1366748,0,1366748,30100,150,4983.39,false
275204500,1366897,1366748,0,1366748,275234600,1367047,1366898,0,1366898,30100,150,4983.39,false
275234600,1367047,1366898,0,1366898,275264700,1367197,1367048,0,1367048,30100,150,4983.39,false
275264700,1367197,1367048,0,1367048,275294800,1367347,1367198,0,1367198,30100,150,4983.39,false
275294800,1367347,1367198,0,1367198,275324900,1367497,1367348,0,1367348,30100,150,4983.39,false
275324900,1367497,1367348,0,1367348,275355000,1367647,1367498,0,1367498,30100,150,4983.39,false
275355000,1367647,1367498,0,1367498,275385100,1367797,1367648,0,1367648,30100,150,4983.39,false
275385100,1367797,1367648,0,1367648,275415200,1367947,1367798,0,1367798,30100,150,4983.39,false
275415200,1367947,1367798,0,1367798,275445300,1368097,1367948,0,1367948,30100,150,4983.39,false
275445300,1368097,1367948,0,1367948,275475400,1368247,1368098,0,1368098,30100,150,4983.39,false
275475400,1368247,1368098,0,1368098,275505500,1368397,1368248,0,1368248,30100,150,4983.39,false
275505500,1368397,1368248,0,1368248,275535600,1368547,1368398,0,1368398,30100,150,4983.39,false
275535600,1368547,1368398,0,1368398,275565700,1368697,1368548,0,1368548,30100,150,4983.39,false
275565700,1368697,1368548,0,1368548,275595800,1368847,1368698,0,1368698,30100,150,4983.39,false
275595800,1368847,1368698,0,1368698,275625900,1368997,1368848,0,1368848,30100,150,4983.39,false
275625900,1368997,1368848,0,1368848,275656000,1369147,1368998,0,1368998,30100,150,4983.39,false
275656000,1369147,1368998,0,1368998,275686100,1369297,1369148,0,1369148,30100,150,4983.39,false
275686100,1369297,1369148,0,1369148,275716200,1369447,1369298,0,1369298,30100,150,4983.39,false
275716200,1369447,1369298,0,1369298,275746300,1369597,1369448,0,1369448,30100,150,4983.39,false
275746300,1369597,1369448,0,1369448,275776400,1369747,1369598,0,1369598,30100,150,4983.39,false
275776400,1369747,1369598,0,1369598,275806500,1369897,1369748,0,1369748,30100,150,4983.39,false
275806500,1369897,1369748,0,1369748,275836600,1370047,1369898,0,1369898,30100,150,4983.39,false
275836600,1370047,1369898,0,1369898,275866700,1370197,1370048,0,1370048,30100,150,4983.39,false
275866700,1370197,1370048,0,1370048,275896800,1370347,1370198,0,1370198,30100,150,4983.39,false
275896800,1370347,1370198,0,1370198,275926900,1370497,1370348,0,1370348,30100,150,4983.39,false
275926900,1370497,1370348,0,1370348,275957000,1370647,1370498,0,1370498,30100,150,4983.39,false
275957000,1370647,1370498,0,1370498,275987100,1370797,1370648,0,1370648,30100,150,4983.39,false
275987100,1370797,1370648,0,1370648,276017200,1370947,1370798,0,1370798,30100,150,4983.39,false
276017200,1370947,1370798,0,1370798,276047300,1371097,1370948,0,1370948,30100,150,4983.39,false
276047300,1371097,1370948,0,1370948,276077400,1371247,1371098,0,1371098,30100,150,4983.39,false
276077400,1371247,1371098,0,1371098,276107500,1371397,1371248,0,1371248,30100,150,4983.39,false
276107500,1371397,1371248,0,1371248,276137600,1371547,1371398,0,1371398,30100,150,4983.39,false
276137600,1371547,1371398,0,1371398,276167700,1371697,1371548,0,1371548,30100,150,4983.39,false
276167700,1371697,1371548,0,1371548,276197800,1371847,1371698,0,1371698,30100,150,4983.39,false
276197800,1371847,1371698,0,1371698,276227900,1371997,1371848,0,1371848,30100,150,4983.39,false
276227900,1371997,1371848,0,1371848,276258000,1372147,1371998,0,1371998,30100,150,4983.39,false
276258000,1372147,1371998,0,1371998,276288100,1372297,1372148,0,1372148,30100,150,4983.39,false
276288100,1372297,1372148,0,1372148,276318200,1372447,1372298,0,1372298,30100,150,4983.39,false
276318200,1372447,1372298,0,1372298,276348300,1372597,1372448,0,1372448,30100,150,4983.39,false
276348300,1372597,1372448,0,1372448,276378400,1372747,1372598,0,1372598,30100,150,4983.39,false
276378400,1372747,1372598,0,1372598,276408500,1372897,1372748,0,1372748,30100,150,4983.39,false
276408500,1372897,1372748,0,1372748,276438600,1373047,1372898,0,1372898,30100,150,4983.39,false
276438600,1373047,1372898,0,1372898,276468700,1373197,1373048,0,1373048,30100,150,4983.39,false
276468700,1373197,1373048,0,1373048,276498800,1373347,1373198,0,1373198,30100,150,4983.39,false
276498800,1373347,1373198,0,1373198,276528900,1373497,1373348,0,1373348,30100,150,4983.39,false
276528900,1373497,1373348,0,1373348,276559000,1373647,1373498,0,1373498,30100,150,4983.39,false
276559000,1373647,1373498,0,1373498,276589100,1373797,1373648,0,1373648,30100,150,4983.39,false
276589100,1373797,1373648,0,1373648,276619200,1373947,1373798,0,1373798,30100,150,4983.39,false
276619200,1373947,1373798,0,1373798,276649300,1374097,1373948,0,1373948,30100,150,4983.39,false
276649300,1374097,1373948,0,1373948,276679400,1374247,1374098,0,1374098,30100,150,4983.39,false
276679400,1374247,1374098,0,1374098,276709500,1374397,1374248,0,1374248,30100,150,4983.39,false
276709500,1374397,1374248,0,1374248,276739600,1374547,1374398,0,1374398,30100,150,4983.39,false
276739600,1374547,1374398,0,1374398,276769700,1374697,1374548,0,1374548,30100,150,4983.39,false
276769700,1374697,1374548,0,1374548,276799800,1374847,1374698,0,1374698,30100,150,4983.39,false
276799800,1374847,1374698,0,1374698,276829900,1374997,1374848,0,1374848,30100,150,4983.39,false
276829900,1374997,1374848,0,1374848,276860000,1375147,1374998,0,1374998,30100,150,4983.39,false
276860000,1375147,1374998,0,1374998,276890100,1375297,1375148,0,1375148,30100,150,4983.39,false
276890100,1375297,1375148,0,1375148,276920200,1375447,1375298,0,1375298,30100,150,4983.39,false
276920200,1375447,1375298,0,1375298,276950300,1375597,1375448,0,1375448,30100,150,4983.39,false
276950300,1375597,1375448,0,1375448,276980400,1375747,1375598,0,1375598,30100,150,4983.39,false
276980400,1375747,1375598,0,1375598,277010500,1375897,1375748,0,1375748,30100,150,4983.39,false
277010500,1375897,1375748,0,1375748,277040600,1376047,1375898,0,1375898,30100,150,4983.39,false
277040600,1376047,1375898,0,1375898,277070700,1376197,1376048,0,1376048,30100,150,4983.39,false
277070700,1376197,1376048,0,1376048,277100800,1376347,1376198,0,1376198,30100,150,4983.39,false
277100800,1376347,1376198,0,1376198,277130900,1376497,1376348,0,1376348,30100,150,4983.39,false
277130900,1376497,1376348,0,1376348,277161000,1376647,1376498,0,1376498,30100,150,4983.39,false
277161000,1376647,1376498,0,1376498,277191100,1376797,1376648,0,1376648,30100,150,4983.39,false
277191100,1376797,1376648,0,1376648,277221200,1376947,1376798,0,1376798,30100,150,4983.39,false
277221200,1376947,1376798,0,1376798,277251300,1377097,1376948,0,1376948,30100,150,4983.39,false
277251300,1377097,1376948,0,1376948,277281400,1377247,1377098,0,1377098,30100,150,4983.39,false
277281400,1377247,1377098,0,1377098,277311500,1377397,1377248,0,1377248,30100,150,4983.39,false
277311500,1377397,1377248,0,1377248,277341600,1377547,1377398,0,1377398,30100,150,4983.39,false
277341600,1377547,1377398,0,1377398,277371700,1377697,1377548,0,1377548,30100,150,4983.39,false
277371700,1377697,1377548,0,1377548,277401800,1377847,1377698,0,1377698,30100,150,4983.39,false
277401800,1377847,1377698,0,1377698,277431900,1377997,1377848,0,1377848,30100,150,4983.39,false
277431900,1377997,1377848,0,1377848,277462000,1378147,1377998,0,1377998,30100,150,4983.39,false
277462000,1378147,1377998,0,1377998,277492100,1378297,1378148,0,1378148,30100,150,4983.39,false
277492100,1378297,1378148,0,1378148,277522200,1378447,1378298,0,1378298,30100,150,4983.39,false
277522200,1378447,1378298,0,1378298,277552300,1378597,1378448,0,1378448,30100,150,4983.39,false
277552300,1378597,1378448,0,1378448,277582400,1378747,1378598,0,1378598,30100,150,4983.39,false
277582400,1378747,1378598,0,1378598,277612500,1378897,1378748,0,1378748,30100,150,4983.39,false
277612500,1378897,1378748,0,1378748,277642600,1379047,1378898,0,1378898,30100,150,4983.39,false
277642600,1379047,1378898,0,1378898,277672700,1379197,1379048,0,1379048,30100,150,4983.39,false
277672700,1379197,1379048,0,1379048,277702800,1379347,1379198,0,1379198,30100,150,4983.39,false
277702800,1379347,1379198,0,1379198,277773300,1379497,1379348,0,1379348,70500,150,2127.66,false
277773300,1379497,1379348,0,1379348,277843800,1379647,1379498,0,1379498,70500,150,2127.66,false
277843800,1379647,1379498,0,1379498,277878000,1379797,1379648,0,1379648,34200,150,4385.96,false
277878000,1379797,1379648,0,1379648,277908100,1379947,1379798,0,1379798,30100,150,4983.39,false
277908100,1379947,1379798,0,1379798,277938200,1380097,1379948,0,1379948,30100,150,4983.39,false
277938300,1380098,1379949,0,1379949,277968400,1380248,1380099,0,1380099,30100,150,4983.39,false
277968400,1380248,1380099,0,1380099,277998500,1380398,1380249,0,1380249,30100,150,4983.39,false
277998500,1380398,1380249,0,1380249,278028600,1380548,1380399,0,1380399,30100,150,4983.39,false
278028600,1380548,1380399,0,1380399,278058700,1380698,1380549,0,1380549,30100,150,4983.39,false
278058700,1380698,1380549,0,1380549,278088800,1380848,1380699,0,1380699,30100,150,4983.39,false
278088800,1380848,1380699,0,1380699,278118900,1380998,1380849,0,1380849,30100,150,4983.39,false
278118900,1380998,1380849,0,1380849,278149000,1381148,1380999,0,1380999,30100,150,4983.39,false
278149000,1381148,1380999,0,1380999,278179100,1381298,1381149,0,1381149,30100,150,4983.39,false
278179100,1381298,1381149,0,1381149,278209200,1381448,1381299,0,1381299,30100,150,4983.39,false
278209200,1381448,1381299,0,1381299,278239300,1381598,1381449,0,1381449,30100,150,4983.39,false
278239300,1381598,1381449,0,1381449,278269400,1381748,1381599,0,1381599,30100,150,4983.39,false
278269400,1381748,1381599,0,1381599,278299500,1381898,1381749,0,1381749,30100,150,4983.39,false
278299500,1381898,1381749,0,1381749,278329600,1382449,1381899,0,1381899,30100,150,4983.39,true
278329600,1382449,1381899,0,1381899,278399800,1383000,1382450,0,1382450,70200,551,7849.00,true
278399800,1383000,1382450,0,1382450,278470000,1383191,1383001,0,1383001,70200,551,7849.00,true
278470000,1383191,1383001,0,1383001,278504200,1383341,1383192,0,1383192,34200,191,5584.80,true
278504200,1383341,1383192,0,1383192,278534300,1383491,1383342,0,1383342,30100,150,4983.39,false
278534300,1383491,1383342,0,1383342,278564400,1383641,1383492,0,1383492,30100,150,4983.39,false
278564400,1383641,1383492,0,1383492,278594500,1383791,1383642,0,1383642,30100,150,4983.39,false
278594500,1383791,1383642,0,1383642,278624600,1383941,1383792,0,1383792,30100,150,4983.39,false
278624600,1383941,1383792,0,1383792,278654700,1384091,1383942,0,1383942,30100,150,4983.39,false
278654700,1384091,1383942,0,1383942,278684800,1384241,1384092,0,1384092,30100,150,4983.39,false
278684800,1384241,1384092,0,1384092,278714900,1384391,1384242,0,1384242,30100,150,4983.39,false
278714900,1384391,1384242,0,1384242,278745000,1384541,1384392,0,1384392,30100,150,4983.39,false
278745000,1384541,1384392,0,1384392,278775100,1384691,1384542,0,1384542,30100,150,4983.39,false
278775100,1384691,1384542,0,1384542,278805200,1384841,1384692,0,1384692,30100,150,4983.39,false
278805200,1384841,1384692,0,1384692,278835300,1384991,1384842,0,1384842,30100,150,4983.39,false
278835300,1384991,1384842,0,1384842,278865400,1385141,1384992,0,1384992,30100,150,4983.39,false
278865400,1385141,1384992,0,1384992,278895500,1385291,1385142,0,1385142,30100,150,4983.39,false
278895500,1385291,1385142,0,1385142,278925600,1385441,1385292,0,1385292,30100,150,4983.39,false
278925600,1385441,1385292,0,1385292,278955700,1385591,1385442,0,1385442,30100,150,4983.39,false
278955700,1385591,1385442,0,1385442,278985800,1385741,1385592,0,1385592,30100,150,4983.39,false
278985800,1385741,1385592,0,1385592,279015900,1385891,1385742,0,1385742,30100,150,4983.39,false
279015900,1385891,1385742,0,1385742,279046000,1386041,1385892,0,1385892,30100,150,4983.39,false
279046000,1386041,1385892,0,1385892,279076100,1386191,1386042,0,1386042,30100,150,4983.39,false
279076100,1386191,1386042,0,1386042,279106200,1386341,1386192,0,1386192,30100,150,4983.39,false
279106200,1386341,1386192,0,1386192,279136300,1386491,1386342,0,1386342,30100,150,4983.39,false
279136300,1386491,1386342,0,1386342,279166400,1386641,1386492,0,1386492,30100,150,4983.39,false
279166400,1386641,1386492,0,1386492,279196500,1386791,1386642,0,1386642,30100,150,4983.39,false
279196500,1386791,1386642,0,1386642,279226600,1386941,1386792,0,1386792,30100,150,4983.39,false
279226600,1386941,1386792,0,1386792,279256700,1387091,1386942,0,1386942,30100,150,4983.39,false
279256700,1387091,1386942,0,1386942,279286800,1387241,1387092,0,1387092,30100,150,4983.39,false
279286800,1387241,1387092,0,1387092,279316900,1387391,1387242,0,1387242,30100,150,4983.39,false
279316900,1387391,1387242,0,1387242,279347000,1387541,1387392,0,1387392,30100,150,4983.39,false
279347000,1387541,1387392,0,1387392,279377100,1387691,1387542,0,1387542,30100,150,4983.39,false
279377100,1387691,1387542,0,1387542,279407200,1387841,1387692,0,1387692,30100,150,4983.39,false
279407200,1387841,1387692,0,1387692,279437300,1387991,1387842,0,1387842,30100,150,4983.39,false
279437300,1387991,1387842,0,1387842,279467400,1388141,1387992,0,1387992,30100,150,4983.39,false
279467400,1388141,1387992,0,1387992,279497500,1388291,1388142,0,1388142,30100,150,4983.39,false
279497500,1388291,1388142,0,1388142,279527600,1388441,1388292,0,1388292,30100,150,4983.39,false
279527600,1388441,1388292,0,1388292,279557700,1388591,1388442,0,1388442,30100,150,4983.39,false
279557700,1388591,1388442,0,1388442,279587800,1388741,1388592,0,1388592,30100,150,4983.39,false
279587800,1388741,1388592,0,1388592,279617900,1388891,1388742,0,1388742,30100,150,4983.39,false
279617900,1388891,1388742,0,1388742,279648000,1389041,1388892,0,1388892,30100,150,4983.39,false
279648000,1389041,1388892,0,1388892,279678100,1389191,1389042,0,1389042,30100,150,4983.39,false
279678100,1389191,1389042,0,1389042,279708200,1389341,1389192,0,1389192,30100,150,4983.39,false
279708200,1389341,1389192,0,1389192,279738300,1389491,1389342,0,1389342,30100,150,4983.39,false
279738300,1389491,1389342,0,1389342,279768400,1389641,1389492,0,1389492,30100,150,4983.39,false
279768400,1389641,1389492,0,1389492,279798500,1389791,1389642,0,1389642,30100,150,4983.39,false
279798500,1389791,1389642,0,1389642,279828600,1389941,1389792,0,1389792,30100,150,4983.39,false
279828600,1389941,1389792,0,1389792,279858700,1390091,1389942,0,1389942,30100,150,4983.39,false
279858700,1390091,1389942,0,1389942,279888800,1390241,1390092,0,1390092,30100,150,4983.39,false
279888800,1390241,1390092,0,1390092,279918900,1390391,1390242,0,1390242,30100,150,4983.39,false
279918900,1390391,1390242,0,1390242,279949000,1390541,1390392,0,1390392,30100,150,4983.39,false
279949000,1390541,1390392,0,1390392,279979100,1390691,1390542,0,1390542,30100,150,4983.39,false
279979100,1390691,1390542,0,1390542,280009200,1390841,1390692,0,1390692,30100,150,4983.39,false
280009200,1390841,1390692,0,1390692,280039300,1390991,1390842,0,1390842,30100,150,4983.39,false
280039300,1390991,1390842,0,1390842,280069400,1391141,1390992,0,1390992,30100,150,4983.39,false
280069400,1391141,1390992,0,1390992,280099500,1391291,1391142,0,1391142,30100,150,4983.39,false
280099500,1391291,1391142,0,1391142,280129600,1391441,1391292,0,1391292,30100,150,4983.39,false
280129600,1391441,1391292,0,1391292,280159700,1391591,1391442,0,1391442,30100,150,4983.39,false
280159700,1391591,1391442,0,1391442,280189800,1391741,1391592,0,1391592,30100,150,4983.39,false
280189800,1391741,1391592,0,1391592,280219900,1391891,1391742,0,1391742,30100,150,4983.39,false
280219900,1391891,1391742,0,1391742,280250000,1392041,1391892,0,1391892,30100,150,4983.39,false
280250000,1392041,1391892,0,1391892,280280100,1392191,1392042,0,1392042,30100,150,4983.39,false
280280100,1392191,1392042,0,1392042,280310200,1392341,1392192,0,1392192,30100,150,4983.39,false
280310200,1392341,1392192,0,1392192,280340300,1392491,1392342,0,1392342,30100,150,4983.39,false
280340300,1392491,1392342,0,1392342,280370400,1392641,1392492,0,1392492,30100,150,4983.39,false
280370400,1392641,1392492,0,1392492,280400500,1392791,1392642,0,1392642,30100,150,4983.39,false
280400500,1392791,1392642,0,1392642,280430600,1392941,1392792,0,1392792,30100,150,4983.39,false
280430600,1392941,1392792,0,1392792,280460700,1393091,1392942,0,1392942,30100,150,4983.39,false
280460700,1393091,1392942,0,1392942,280490800,1393241,1393092,0,1393092,30100,150,4983.39,false
280490800,1393241,1393092,0,1393092,280520900,1393391,1393242,0,1393242,30100,150,4983.39,false
280520900,1393391,1393242,0,1393242,280551000,1393541,1393392,0,1393392,30100,150,4983.39,false
280551000,1393541,1393392,0,1393392,280581100,1393691,1393542,0,1393542,30100,150,4983.39,false
280581100,1393691,1393542,0,1393542,280611200,1393841,1393692,0,1393692,30100,150,4983.39,false
280611200,1393841,1393692,0,1393692,280641300,1393991,1393842,0,1393842,30100,150,4983.39,false
280641300,1393991,1393842,0,1393842,280671400,1394141,1393992,0,1393992,30100,150,4983.39,false
280671400,1394141,1393992,0,1393992,280701500,1394291,1394142,0,1394142,30100,150,4983.39,false
280701500,1394291,1394142,0,1394142,280731600,1394441,1394292,0,1394292,30100,150,4983.39,false
280731600,1394441,1394292,0,1394292,280761700,1394591,1394442,0,1394442,30100,150,4983.39,false
280761700,1394591,1394442,0,1394442,280791800,1394741,1394592,0,1394592,30100,150,4983.39,false
280791800,1394741,1394592,0,1394592,280821900,1394891,1394742,0,1394742,30100,150,4983.39,false
280821900,1394891,1394742,0,1394742,280852000,1395041,1394892,0,1394892,30100,150,4983.39,false
280852000,1395041,1394892,0,1394892,280882100,1395191,1395042,0,1395042,30100,150,4983.39,false
280882100,1395191,1395042,0,1395042,280912200,1395341,1395192,0,1395192,30100,150,4983.39,false
280912200,1395341,1395192,0,1395192,280942300,1395491,1395342,0,1395342,30100,150,4983.39,false
280942300,1395491,1395342,0,1395342,280972400,1395641,1395492,0,1395492,30100,150,4983.39,false
280972400,1395641,1395492,0,1395492,281002500,1395791,1395642,0,1395642,30100,150,4983.39,false
281002500,1395791,1395642,0,1395642,281032600,1395941,1395792,0,1395792,30100,150,4983.39,false
281032600,1395941,1395792,0,1395792,281062700,1396091,1395942,0,1395942,30100,150,4983.39,false
281062700,1396091,1395942,0,1395942,281092800,1396241,1396092,0,1396092,30100,150,4983.39,false
281092800,1396241,1396092,0,1396092,281122900,1396391,1396242,0,1396242,30100,150,4983.39,false
281122900,1396391,1396242,0,1396242,281153000,1396541,1396392,0,1396392,30100,150,4983.39,false
281153000,1396541,1396392,0,1396392,281183100,1396691,1396542,0,1396542,30100,150,4983.39,false
281183100,1396691,1396542,0,1396542,281213200,1396841,1396692,0,1396692,30100,150,4983.39,false
281213200,1396841,1396692,0,1396692,281243300,1396991,1396842,0,1396842,30100,150,4983.39,false
281243300,1396991,1396842,0,1396842,281273400,1397141,1396992,0,1396992,30100,150,4983.39,false
281273400,1397141,1396992,0,1396992,281303500,1397291,1397142,0,1397142,30100,150,4983.39,false
281303500,1397291,1397142,0,1397142,281333600,1397441,1397292,0,1397292,30100,150,4983.39,false
281333600,1397441,1397292,0,1397292,281363700,1397591,1397442,0,1397442,30100,150,4983.39,false
281363700,1397591,1397442,0,1397442,281393800,1397741,1397592,0,1397592,30100,150,4983.39,false
281393800,1397741,1397592,0,1397592,281423900,1397891,1397742,0,1397742,30100,150,4983.39,false
281423900,1397891,1397742,0,1397742,281454000,1398041,1397892,0,1397892,30100,150,4983.39,false
281454000,1398041,1397892,0,1397892,281484100,1398191,1398042,0,1398042,30100,150,4983.39,false
281484100,1398191,1398042,0,1398042,281514200,1398341,1398192,0,1398192,30100,150,4983.39,false
281514200,1398341,1398192,0,1398192,281584700,1398491,1398342,0,1398342,70500,150,2127.66,false
281584700,1398491,1398342,0,1398342,281655200,1398641,1398492,0,1398492,70500,150,2127.66,false
281655200,1398641,1398492,0,1398492,281689400,1398791,1398642,0,1398642,34200,150,4385.96,false
281689400,1398791,1398642,0,1398642,281719500,1398941,1398792,0,1398792,30100,150,4983.39,false
281719500,1398941,1398792,0,1398792,281749600,1399091,1398942,0,1398942,30100,150,4983.39,false
281749700,1399092,1398943,0,1398943,281779800,1399242,1399093,0,1399093,30100,150,4983.39,false
281779800,1399242,1399093,0,1399093,281809900,1399392,1399243,0,1399243,30100,150,4983.39,false
281809900,1399392,1399243,0,1399243,281840000,1399542,1399393,0,1399393,30100,150,4983.39,false
281840000,1399542,1399393,0,1399393,281870100,1399692,1399543,0,1399543,30100,150,4983.39,false
281870100,1399692,1399543,0,1399543,281900200,1399842,1399693,0,1399693,30100,150,4983.39,false
281900200,1399842,1399693,0,1399693,281930300,1399992,1399843,0,1399843,30100,150,4983.39,false
281930300,1399992,1399843,0,1399843,281960400,1400142,1399993,0,1399993,30100,150,4983.39,false
281960400,1400142,1399993,0,1399993,281990500,1400292,1400143,0,1400143,30100,150,4983.39,false
281990500,1400292,1400143,0,1400143,282020600,1400442,1400293,0,1400293,30100,150,4983.39,false
282020600,1400442,1400293,0,1400293,282050700,1400592,1400443,0,1400443,30100,150,4983.39,false
282050700,1400592,1400443,0,1400443,282080800,1400742,1400593,0,1400593,30100,150,4983.39,false
282080800,1400742,1400593,0,1400593,282110900,1400892,1400743,0,1400743,30100,150,4983.39,false
282110900,1400892,1400743,0,1400743,282141000,1401443,1400893,0,1400893,30100,150,4983.39,true
282141000,1401443,1400893,0,1400893,282211200,1401994,1401444,0,1401444,70200,551,7849.00,true
282211200,1401994,1401444,0,1401444,282281400,1402185,1401995,0,1401995,70200,551,7849.00,true
282281400,1402185,1401995,0,1401995,282315600,1402335,1402186,0,1402186,34200,191,5584.80,true
282315600,1402335,1402186,0,1402186,282345700,1402485,1402336,0,1402336,30100,150,4983.39,false
282345700,1402485,1402336,0,1402336,282375800,1402635,1402486,0,1402486,30100,150,4983.39,false
282375800,1402635,1402486,0,1402486,282405900,1402785,1402636,0,1402636,30100,150,4983.39,false
282405900,1402785,1402636,0,1402636,282436000,1402935,1402786,0,1402786,30100,150,4983.39,false
282436000,1402935,1402786,0,1402786,282466100,1403085,1402936,0,1402936,30100,150,4983.39,false
282466100,1403085,1402936,0,1402936,282496200,1403235,1403086,0,1403086,30100,150,4983.39,false
282496200,1403235,1403086,0,1403086,282526300,1403385,1403236,0,1403236,30100,150,4983.39,false
282526300,1403385,1403236,0,1403236,282556400,1403535,1403386,0,1403386,30100,150,4983.39,false
282556400,1403535,1403386,0,1403386,282586500,1403685,1403536,0,1403536,30100,150,4983.39,false
282586500,1403685,1403536,0,1403536,282616600,1403835,1403686,0,1403686,30100,150,4983.39,false
282616600,1403835,1403686,0,1403686,282646700,1403985,1403836,0,1403836,30100,150,4983.39,false
282646700,1403985,1403836,0,1403836,282676800,1404135,1403986,0,1403986,30100,150,4983.39,false
282676800,1404135,1403986,0,1403986,282706900,1404285,1404136,0,1404136,30100,150,4983.39,false
282706900,1404285,1404136,0,1404136,282737000,1404435,1404286,0,1404286,30100,150,4983.39,false
282737000,1404435,1404286,0,1404286,282767100,1404585,1404436,0,1404436,30100,150,4983.39,false
282767100,1404585,1404436,0,1404436,282797200,1404735,1404586,0,1404586,30100,150,4983.39,false
282797200,1404735,1404586,0,1404586,282827300,1404885,1404736,0,1404736,30100,150,4983.39,false
282827300,1404885,1404736,0,1404736,282857400,1405035,1404886,0,1404886,30100,150,4983.39,false
282857400,1405035,1404886,0,1404886,282887500,1405185,1405036,0,1405036,30100,150,4983.39,false
282887500,1405185,1405036,0,1405036,282917600,1405335,1405186,0,1405186,30100,150,4983.39,false
282917600,1405335,1405186,0,1405186,282947700,1405485,1405336,0,1405336,30100,150,4983.39,false
282947700,1405485,1405336,0,1405336,282977800,1405635,1405486,0,1405486,30100,150,4983.39,false
282977800,1405635,1405486,0,1405486,283007900,1405785,1405636,0,1405636,30100,150,4983.39,false
283007900,1405785,1405636,0,1405636,283038000,1405935,1405786,0,1405786,30100,150,4983.39,false
283038000,1405935,1405786,0,1405786,283068100,1406085,1405936,0,1405936,30100,150,4983.39,false
283068100,1406085,1405936,0,1405936,283098200,1406235,1406086,0,1406086,30100,150,4983.39,false
283098200,1406235,1406086,0,1406086,283128300,1406385,1406236,0,1406236,30100,150,4983.39,false
283128300,1406385,1406236,0,1406236,283158400,1406535,1406386,0,1406386,30100,150,4983.39,false
283158400,1406535,1406386,0,1406386,283188500,1406685,1406536,0,1406536,30100,150,4983.39,false
283188500,1406685,1406536,0,1406536,283218600,1406835,1406686,0,1406686,30100,150,4983.39,false
283218600,1406835,1406686,0,1406686,283248700,1406985,1406836,0,1406836,30100,150,4983.39,false
283248700,1406985,1406836,0,1406836,283278800,1407135,1406986,0,1406986,30100,150,4983.39,false
283278800,1407135,1406986,0,1406986,283308900,1407285,1407136,0,1407136,30100,150,4983.39,false
283308900,1407285,1407136,0,1407136,283339000,1407435,1407286,0,1407286,30100,150,4983.39,false
283339000,1407435,1407286,0,1407286,283369100,1407585,1407436,0,1407436,30100,150,4983.39,false
283369100,1407585,1407436,0,1407436,283399200,1407735,1407586,0,1407586,30100,150,4983.39,false
283399200,1407735,1407586,0,1407586,283429300,1407885,1407736,0,1407736,30100,150,4983.39,false
283429300,1407885,1407736,0,1407736,283459400,1408035,1407886,0,1407886,30100,150,4983.39,false
283459400,1408035,1407886,0,1407886,283489500,1408185,1408036,0,1408036,30100,150,4983.39,false
283489500,1408185,1408036,0,1408036,283519600,1408335,1408186,0,1408186,30100,150,4983.39,false
283519600,1408335,1408186,0,1408186,283549700,1408485,1408336,0,1408336,30100,150,4983.39,false
283549700,1408485,1408336,0,1408336,283579800,1408635,1408486,0,1408486,30100,150,4983.39,false
283579800,1408635,1408486,0,1408486,283609900,1408785,1408636,0,1408636,30100,150,4983.39,false
283609900,1408785,1408636,0,1408636,283640000,1408935,1408786,0,1408786,30100,150,4983.39,false
283640000,1408935,1408786,0,1408786,283670100,1409085,1408936,0,1408936,30100,150,4983.39,false
283670100,1409085,1408936,0,1408936,283700200,1409235,1409086,0,1409086,30100,150,4983.39,false
283700200,1409235,1409086,0,1409086,283730300,1409385,1409236,0,1409236,30100,150,4983.39,false
283730300,1409385,1409236,0,1409236,283760400,1409535,1409386,0,1409386,30100,150,4983.39,false
283760400,1409535,1409386,0,1409386,283790500,1409685,1409536,0,1409536,30100,150,4983.39,false
283790500,1409685,1409536,0,1409536,283820600,1409835,1409686,0,1409686,30100,150,4983.39,false
283820600,1409835,1409686,0,1409686,283850700,1409985,1409836,0,1409836,30100,150,4983.39,false
283850700,1409985,1409836,0,1409836,283880800,1410135,1409986,0,1409986,30100,150,4983.39,false
283880800,1410135,1409986,0,1409986,283910900,1410285,1410136,0,1410136,30100,150,4983.39,false
283910900,1410285,1410136,0,1410136,283941000,1410435,1410286,0,1410286,30100,150,4983.39,false
283941000,1410435,1410286,0,1410286,283971100,1410585,1410436,0,1410436,30100,150,4983.39,false
283971100,1410585,1410436,0,1410436,284001200,1410735,1410586,0,1410586,30100,150,4983.39,false
284001200,1410735,1410586,0,1410586,284031300,1410885,1410736,0,1410736,30100,150,4983.39,false
284031300,1410885,1410736,0,1410736,284061400,1411035,1410886,0,1410886,30100,150,4983.39,false
284061400,1411035,1410886,0,1410886,284091500,1411185,1411036,0,1411036,30100,150,4983.39,false
284091500,1411185,1411036,0,1411036,284121600,1411335,1411186,0,1411186,30100,150,4983.39,false
284121600,1411335,1411186,0,1411186,284151700,1411485,1411336,0,1411336,30100,150,4983.39,false
284151700,1411485,1411336,0,1411336,284181800,1411635,1411486,0,1411486,30100,150,4983.39,false
284181800,1411635,1411486,0,1411486,284211900,1411785,1411636,0,1411636,30100,150,4983.39,false
284211900,1411785,1411636,0,1411636,284242000,1411935,1411786,0,1411786,30100,150,4983.39,false
284242000,1411935,1411786,0,1411786,284272100,1412085,1411936,0,1411936,30100,150,4983.39,false
284272100,1412085,1411936,0,1411936,284302200,1412235,1412086,0,1412086,30100,150,4983.39,false
284302200,1412235,1412086,0,1412086,284332300,1412385,1412236,0,1412236,30100,150,4983.39,false
284332300,1412385,1412236,0,1412236,284362400,1412535,1412386,0,1412386,30100,150,4983.39,false
284362400,1412535,1412386,0,1412386,284392500,1412685,1412536,0,1412536,30100,150,4983.39,false
284392500,1412685,1412536,0,1412536,284422600,1412835,1412686,0,1412686,30100,150,4983.39,false
284422600,1412835,1412686,0,1412686,284452700,1412985,1412836,0,1412836,30100,150,4983.39,false
284452700,1412985,1412836,0,1412836,284482800,1413135,1412986,0,1412986,30100,150,4983.39,false
284482800,1413135,1412986,0,1412986,284512900,1413285,1413136,0,1413136,30100,150,4983.39,false
284512900,1413285,1413136,0,1413136,284543000,1413435,1413286,0,1413286,30100,150,4983.39,false
284543000,1413435,1413286,0,1413286,284573100,1413585,1413436,0,1413436,30100,150,4983.39,false
284573100,1413585,1413436,0,1413436,284603200,1413735,1413586,0,1413586,30100,150,4983.39,false
284603200,1413735,1413586,0,1413586,284633300,1413885,1413736,0,1413736,30100,150,4983.39,false
284633300,1413885,1413736,0,1413736,284663400,1414035,1413886,0,1413886,30100,150,4983.39,false
284663400,1414035,1413886,0,1413886,284693500,1414185,1414036,0,1414036,30100,150,4983.39,false
284693500,1414185,1414036,0,1414036,284723600,1414335,1414186,0,1414186,30100,150,4983.39,false
284723600,1414335,1414186,0,1414186,284753700,1414485,1414336,0,1414336,30100,150,4983.39,false
284753700,1414485,1414336,0,1414336,284783800,1414635,1414486,0,1414486,30100,150,4983.39,false
284783800,1414635,1414486,0,1414486,284813900,1414785,1414636,0,1414636,30100,150,4983.39,false
284813900,1414785,1414636,0,1414636,284844000,1414935,1414786,0,1414786,30100,150,4983.39,false
284844000,1414935,1414786,0,1414786,284874100,1415085,1414936,0,1414936,30100,150,4983.39,false
284874100,1415085,1414936,0,1414936,284904200,1415235,1415086,0,1415086,30100,150,4983.39,false
284904200,1415235,1415086,0,1415086,284934300,1415385,1415236,0,1415236,30100,150,4983.39,false
284934300,1415385,1415236,0,1415236,284964400,1415535,1415386,0,1415386,30100,150,4983.39,false
284964400,1415535,1415386,0,1415386,284994500,1415685,1415536,0,1415536,30100,150,4983.39,false
284994500,1415685,1415536,0,1415536,285024600,1415835,1415686,0,1415686,30100,150,4983.39,false
285024600,1415835,1415686,0,1415686,285054700,1415985,1415836,0,1415836,30100,150,4983.39,false
285054700,1415985,1415836,0,1415836,285084800,1416135,1415986,0,1415986,30100,150,4983.39,false
285084800,1416135,1415986,0,1415986,285114900,1416285,1416136,0,1416136,30100,150,4983.39,false
285114900,1416285,1416136,0,1416136,285145000,1416435,1416286,0,1416286,30100,150,4983.39,false
285145000,1416435,1416286,0,1416286,285175100,1416585,1416436,0,1416436,30100,150,4983.39,false
285175100,1416585,1416436,0,1416436,285205200,1416735,1416586,0,1416586,30100,150,4983.39,false
285205200,1416735,1416586,0,1416586,285235300,1416885,1416736,0,1416736,30100,150,4983.39,false
285235300,1416885,1416736,0,1416736,285265400,1417035,1416886,0,1416886,30100,150,4983.39,false
285265400,1417035,1416886,0,1416886,285295500,1417185,1417036,0,1417036,30100,150,4983.39,false
285295500,1417185,1417036,0,1417036,285325600,1417335,1417186,0,1417186,30100,150,4983.39,false
285325600,1417335,1417186,0,1417186,285396100,1417485,1417336,0,1417336,70500,150,2127.66,false
285396100,1417485,1417336,0,1417336,285466600,1417635,1417486,0,1417486,70500,150,2127.66,false
285466600,1417635,1417486,0,1417486,285500800,1417785,1417636,0,1417636,34200,150,4385.96,false
285500800,1417785,1417636,0,1417636,285530900,1417935,1417786,0,1417786,30100,150,4983.39,false
285530900,1417935,1417786,0,1417786,285561000,1418085,1417936,0,1417936,30100,150,4983.39,false
285561100,1418086,1417937,0,1417937,285591200,1418236,1418087,0,1418087,30100,150,4983.39,false
285591200,1418236,1418087,0,1418087,285621300,1418386,1418237,0,1418237,30100,150,4983.39,false
285621300,1418386,1418237,0,1418237,285651400,1418536,1418387,0,1418387,30100,150,4983.39,false
285651400,1418536,1418387,0,1418387,285681500,1418686,1418537,0,1418537,30100,150,4983.39,false
285681500,1418686,1418537,0,1418537,285711600,1418836,1418687,0,1418687,30100,150,4983.39,false
285711600,1418836,1418687,0,1418687,285741700,1418986,1418837,0,1418837,30100,150,4983.39,false
285741700,1418986,1418837,0,1418837,285771800,1419136,1418987,0,1418987,30100,150,4983.39,false
285771800,1419136,1418987,0,1418987,285801900,1419286,1419137,0,1419137,30100,150,4983.39,false
285801900,1419286,1419137,0,1419137,285832000,1419436,1419287,0,1419287,30100,150,4983.39,false
285832000,1419436,1419287,0,1419287,285862100,1419586,1419437,0,1419437,30100,150,4983.39,false
285862100,1419586,1419437,0,1419437,285892200,1419736,1419587,0,1419587,30100,150,4983.39,false
285892200,1419736,1419587,0,1419587,285922300,1419886,1419737,0,1419737,30100,150,4983.39,false
285922300,1419886,1419737,0,1419737,285952400,1420437,1419887,0,1419887,30100,150,4983.39,true
285952400,1420437,1419887,0,1419887,286022600,1420988,1420438,0,1420438,70200,551,7849.00,true
286022600,1420988,1420438,0,1420438,286092800,1421179,1420989,0,1420989,70200,551,7849.00,true
286092800,1421179,1420989,0,1420989,286127000,1421329,1421180,0,1421180,34200,191,5584.80,true
286127000,1421329,1421180,0,1421180,286157100,1421479,1421330,0,1421330,30100,150,4983.39,false
286157100,1421479,1421330,0,1421330,286187200,1421629,1421480,0,1421480,30100,150,4983.39,false
286187200,1421629,1421480,0,1421480,286217300,1421779,1421630,0,1421630,30100,150,4983.39,false
286217300,1421779,1421630,0,1421630,286247400,1421929,1421780,0,1421780,30100,150,4983.39,false
286247400,1421929,1421780,0,1421780,286277500,1422079,1421930,0,1421930,30100,150,4983.39,false
286277500,1422079,1421930,0,1421930,286307600,1422229,1422080,0,1422080,30100,150,4983.39,false
286307600,1422229,1422080,0,1422080,286337700,1422379,1422230,0,1422230,30100,150,4983.39,false
286337700,1422379,1422230,0,1422230,286367800,1422529,1422380,0,1422380,30100,150,4983.39,false
286367800,1422529,1422380,0,1422380,286397900,1422679,1422530,0,1422530,30100,150,4983.39,false
286397900,1422679,1422530,0,1422530,286428000,1422829,1422680,0,1422680,30100,150,4983.39,false
286428000,1422829,1422680,0,1422680,286458100,1422979,1422830,0,1422830,30100,150,4983.39,false
286458100,1422979,1422830,0,1422830,286488200,1423129,1422980,0,1422980,30100,150,4983.39,false
286488200,1423129,1422980,0,1422980,286518300,1423279,1423130,0,1423130,30100,150,4983.39,false
286518300,1423279,1423130,0,1423130,286548400,1423429,1423280,0,1423280,30100,150,4983.39,false
286548400,1423429,1423280,0,1423280,286578500,1423579,1423430,0,1423430,30100,150,4983.39,false
286578500,1423579,1423430,0,1423430,286608600,1423729,1423580,0,1423580,30100,150,4983.39,false
286608600,1423729,1423580,0,1423580,286638700,1423879,1423730,0,1423730,30100,150,4983.39,false
286638700,1423879,1423730,0,1423730,286668800,1424029,1423880,0,1423880,30100,150,4983.39,false
286668800,1424029,1423880,0,1423880,286698900,1424179,1424030,0,1424030,30100,150,4983.39,false
286698900,1424179,1424030,0,1424030,286729000,1424329,1424180,0,1424180,30100,150,4983.39,false
286729000,1424329,1424180,0,1424180,286759100,1424479,1424330,0,1424330,30100,150,4983.39,false
286759100,1424479,1424330,0,1424330,286789200,1424629,1424480,0,1424480,30100,150,4983.39,false
286789200,1424629,1424480,0,1424480,286819300,1424779,1424630,0,1424630,30100,150,4983.39,false
286819300,1424779,1424630,0,1424630,286849400,1424929,1424780,0,1424780,30100,150,4983.39,false
286849400,1424929,1424780,0,1424780,286879500,1425079,1424930,0,1424930,30100,150,4983.39,false
286879500,1425079,1424930,0,1424930,286909600,1425229,1425080,0,1425080,30100,150,4983.39,false
286909600,1425229,1425080,0,1425080,286939700,1425379,1425230,0,1425230,30100,150,4983.39,false
286939700,1425379,1425230,0,1425230,286969800,1425529,1425380,0,1425380,30100,150,4983.39,false
286969800,1425529,1425380,0,1425380,286999900,1425679,1425530,0,1425530,30100,150,4983.39,false
286999900,1425679,1425530,0,1425530,287030000,1425829,1425680,0,1425680,30100,150,4983.39,false
287030000,1425829,1425680,0,1425680,287060100,1425979,1425830,0,1425830,30100,150,4983.39,false
287060100,1425979,1425830,0,1425830,287090200,1426129,1425980,0,1425980,30100,150,4983.39,false
287090200,1426129,1425980,0,1425980,287120300,1426279,1426130,0,1426130,30100,150,4983.39,false
287120300,1426279,1426130,0,1426130,287150400,1426429,1426280,0,1426280,30100,150,4983.39,false
287150400,1426429,1426280,0,1426280,287180500,1426579,1426430,0,1426430,30100,150,4983.39,false
287180500,1426579,1426430,0,1426430,287210600,1426729,1426580,0,1426580,30100,150,4983.39,false
287210600,1426729,1426580,0,1426580,287240700,1426879,1426730,0,1426730,30100,150,4983.39,false
287240700,1426879,1426730,0,1426730,287270800,1427029,1426880,0,1426880,30100,150,4983.39,false
287270800,1427029,1426880,0,1426880,287300900,1427179,1427030,0,1427030,30100,150,4983.39,false
287300900,1427179,1427030,0,1427030,287331000,1427329,1427180,0,1427180,30100,150,4983.39,false
287331000,1427329,1427180,0,1427180,287361100,1427479,1427330,0,1427330,30100,150,4983.39,false
287361100,1427479,1427330,0,1427330,287391200,1427629,1427480,0,1427480,30100,150,4983.39,false
287391200,1427629,1427480,0,1427480,287421300,1427779,1427630,0,1427630,30100,150,4983.39,false
287421300,1427779,1427630,0,1427630,287451400,1427929,1427780,0,1427780,30100,150,4983.39,false
287451400,1427929,1427780,0,1427780,287481500,1428079,1427930,0,1427930,30100,150,4983.39,false
287481500,1428079,1427930,0,1427930,287511600,1428229,1428080,0,1428080,30100,150,4983.39,false
287511600,1428229,1428080,0,1428080,287541700,1428379,1428230,0,1428230,30100,150,4983.39,false
287541700,1428379,1428230,0,1428230,287571800,1428529,1428380,0,1428380,30100,150,4983.39,false
287571800,1428529,1428380,0,1428380,287601900,1428679,1428530,0,1428530,30100,150,4983.39,false
287601900,1428679,1428530,0,1428530,287632000,1428829,1428680,0,1428680,30100,150,4983.39,false
287632000,1428829,1428680,0,1428680,287662100,1428979,1428830,0,1428830,30100,150,4983.39,false
287662100,1428979,1428830,0,1428830,287692200,1429129,1428980,0,1428980,30100,150,4983.39,false
287692200,1429129,1428980,0,1428980,287722300,1429279,1429130,0,1429130,30100,150,4983.39,false
287722300,1429279,1429130,0,1429130,287752400,1429429,1429280,0,1429280,30100,150,4983.39,false
287752400,1429429,1429280,0,1429280,287782500,1429579,1429430,0,1429430,30100,150,4983.39,false
287782500,1429579,1429430,0,1429430,287812600,1429729,1429580,0,1429580,30100,150,4983.39,false
287812600,1429729,1429580,0,1429580,287842700,1429879,1429730,0,1429730,30100,150,4983.39,false
287842700,1429879,1429730,0,1429730,287872800,1430029,1429880,0,1429880,30100,150,4983.39,false
287872800,1430029,1429880,0,1429880,287902900,1430179,1430030,0,1430030,30100,150,4983.39,false
287902900,1430179,1430030,0,1430030,287933000,1430329,1430180,0,1430180,30100,150,4983.39,false
287933000,1430329,1430180,0,1430180,287963100,1430479,1430330,0,1430330,30100,150,4983.39,false
287963100,1430479,1430330,0,1430330,287993200,1430629,1430480,0,1430480,30100,150,4983.39,false
287993200,1430629,1430480,0,1430480,288023300,1430779,1430630,0,1430630,30100,150,4983.39,false
288023300,1430779,1430630,0,1430630,288053400,1430929,1430780,0,1430780,30100,150,4983.39,false
288053400,1430929,1430780,0,1430780,288083500,1431079,1430930,0,1430930,30100,150,4983.39,false
288083500,1431079,1430930,0,1430930,288113600,1431229,1431080,0,1431080,30100,150,4983.39,false
288113600,1431229,1431080,0,1431080,288143700,1431379,1431230,0,1431230,30100,150,4983.39,false
288143700,1431379,1431230,0,1431230,288173800,1431529,1431380,0,1431380,30100,150,4983.39,false
288173800,1431529,1431380,0,1431380,288203900,1431679,1431530,0,1431530,30100,150,4983.39,false
288203900,1431679,1431530,0,1431530,288234000,1431829,1431680,0,1431680,30100,150,4983.39,false
288234000,1431829,1431680,0,1431680,288264100,1431979,1431830,0,1431830,30100,150,4983.39,false
288264100,1431979,1431830,0,1431830,288294200,1432129,1431980,0,1431980,30100,150,4983.39,false
288294200,1432129,1431980,0,1431980,288324300,1432279,1432130,0,1432130,30100,150,4983.39,false
288324300,1432279,1432130,0,1432130,288354400,1432429,1432280,0,1432280,30100,150,4983.39,false
288354400,1432429,1432280,0,1432280,288384500,1432579,1432430,0,1432430,30100,150,4983.39,false
288384500,1432579,1432430,0,1432430,288414600,1432729,1432580,0,1432580,30100,150,4983.39,false
288414600,1432729,1432580,0,1432580,288444700,1432879,1432730,0,1432730,30100,150,4983.39,false
288444700,1432879,1432730,0,1432730,288474800,1433029,1432880,0,1432880,30100,150,4983.39,false
288474800,1433029,1432880,0,1432880,288504900,1433179,1433030,0,1433030,30100,150,4983.39,false
288504900,1433179,1433030,0,1433030,288535000,1433329,1433180,0,1433180,30100,150,4983.39,false
288535000,1433329,1433180,0,1433180,288565100,1433479,1433330,0,1433330,30100,150,4983.39,false
288565100,1433479,1433330,0,1433330,288595200,1433629,1433480,0,1433480,30100,150,4983.39,false
288595200,1433629,1433480,0,1433480,288625300,1433779,1433630,0,1433630,30100,150,4983.39,false
288625300,1433779,1433630,0,1433630,288655400,1433929,1433780,0,1433780,30100,150,4983.39,false
288655400,1433929,1433780,0,1433780,288685500,1434079,1433930,0,1433930,30100,150,4983.39,false
288685500,1434079,1433930,0,1433930,288715600,1434229,1434080,0,1434080,30100,150,4983.39,false
288715600,1434229,1434080,0,1434080,288745700,1434379,1434230,0,1434230,30100,150,4983.39,false
288745700,1434379,1434230,0,1434230,288775800,1434529,1434380,0,1434380,30100,150,4983.39,false
288775800,1434529,1434380,0,1434380,288805900,1434679,1434530,0,1434530,30100,150,4983.39,false
288805900,1434679,1434530,0,1434530,288836000,1434829,1434680,0,1434680,30100,150,4983.39,false
288836000,1434829,1434680,0,1434680,288866100,1434979,1434830,0,1434830,30100,150,4983.39,false
288866100,1434979,1434830,0,1434830,288896200,1435129,1434980,0,1434980,30100,150,4983.39,false
288896200,1435129,1434980,0,1434980,288926300,1435279,1435130,0,1435130,30100,150,4983.39,false
288926300,1435279,1435130,0,1435130,288956400,1435429,1435280,0,1435280,30100,150,4983.39,false
288956400,1435429,1435280,0,1435280,288986500,1435579,1435430,0,1435430,30100,150,4983.39,false
288986500,1435579,1435430,0,1435430,289016600,1435729,1435580,0,1435580,30100,150,4983.39,false
289016600,1435729,1435580,0,1435580,289046700,1435879,1435730,0,1435730,30100,150,4983.39,false
289046700,1435879,1435730,0,1435730,289076800,1436029,1435880,0,1435880,30100,150,4983.39,false
289076800,1436029,1435880,0,1435880,289106900,1436179,1436030,0,1436030,30100,150,4983.39,false
289106900,1436179,1436030,0,1436030,289137000,1436329,1436180,0,1436180,30100,150,4983.39,false
289137000,1436329,1436180,0,1436180,289207500,1436479,1436330,0,1436330,70500,150,2127.66,false
289207500,1436479,1436330,0,1436330,289278000,1436629,1436480,0,1436480,70500,150,2127.66,false
289278000,1436629,1436480,0,1436480,289312200,1436779,1436630,0,1436630,34200,150,4385.96,false
289312200,1436779,1436630,0,1436630,289342300,1436929,1436780,0,1436780,30100,150,4983.39,false
289342300,1436929,1436780,0,1436780,289372400,1437079,1436930,0,1436930,30100,150,4983.39,false
289372500,1437080,1436931,0,1436931,289402600,1437230,1437081,0,1437081,30100,150,4983.39,false
289402600,1437230,1437081,0,1437081,289432700,1437380,1437231,0,1437231,30100,150,4983.39,false
289432700,1437380,1437231,0,1437231,289462800,1437530,1437381,0,1437381,30100,150,4983.39,false
289462800,1437530,1437381,0,1437381,289492900,1437680,1437531,0,1437531,30100,150,4983.39,false
289492900,1437680,1437531,0,1437531,289523000,1437830,1437681,0,1437681,30100,150,4983.39,false
289523000,1437830,1437681,0,1437681,289553100,1437980,1437831,0,1437831,30100,150,4983.39,false
289553100,1437980,1437831,0,1437831,289583200,1438130,1437981,0,1437981,30100,150,4983.39,false
289583200,1438130,1437981,0,1437981,289613300,1438280,1438131,0,1438131,30100,150,4983.39,false
289613300,1438280,1438131,0,1438131,289643400,1438430,1438281,0,1438281,30100,150,4983.39,false
289643400,1438430,1438281,0,1438281,289673500,1438580,1438431,0,1438431,30100,150,4983.39,false
289673500,1438580,1438431,0,1438431,289703600,1438730,1438581,0,1438581,30100,150,4983.39,false
289703600,1438730,1438581,0,1438581,289733700,1438880,1438731,0,1438731,30100,150,4983.39,false
289733700,1438880,1438731,0,1438731,289763800,1439431,1438881,0,1438881,30100,150,4983.39,true
289763800,1439431,1438881,0,1438881,289834000,1439982,1439432,0,1439432,70200,551,7849.00,true
289834000,1439982,1439432,0,1439432,289904200,1440173,1439983,0,1439983,70200,551,7849.00,true
289904200,1440173,1439983,0,1439983,289938400,1440323,1440174,0,1440174,34200,191,5584.80,true
289938400,1440323,1440174,0,1440174,289968500,1440473,1440324,0,1440324,30100,150,4983.39,false
289968500,1440473,1440324,0,1440324,289998600,1440623,1440474,0,1440474,30100,150,4983.39,false
289998600,1440623,1440474,0,1440474,290028700,1440773,1440624,0,1440624,30100,150,4983.39,false
290028700,1440773,1440624,0,1440624,290058800,1440923,1440774,0,1440774,30100,150,4983.39,false
290058800,1440923,1440774,0,1440774,290088900,1441073,1440924,0,1440924,30100,150,4983.39,false
290088900,1441073,1440924,0,1440924,290119000,1441223,1441074,0,1441074,30100,150,4983.39,false
290119000,1441223,1441074,0,1441074,290149100,1441373,1441224,0,1441224,30100,150,4983.39,false
290149100,1441373,1441224,0,1441224,290179200,1441523,1441374,0,1441374,30100,150,4983.39,false
290179200,1441523,1441374,0,1441374,290209300,1441673,1441524,0,1441524,30100,150,4983.39,false
290209300,1441673,1441524,0,1441524,290239400,1441823,1441674,0,1441674,30100,150,4983.39,false
290239400,1441823,1441674,0,1441674,290269500,1441973,1441824,0,1441824,30100,150,4983.39,false
290269500,1441973,1441824,0,1441824,290299600,1442123,1441974,0,1441974,30100,150,4983.39,false
290299600,1442123,1441974,0,1441974,290329700,1442273,1442124,0,1442124,30100,150,4983.39,false
290329700,1442273,1442124,0,1442124,290359800,1442423,1442274,0,1442274,30100,150,4983.39,false
290359800,1442423,1442274,0,1442274,290389900,1442573,1442424,0,1442424,30100,150,4983.39,false
290389900,1442573,1442424,0,1442424,290420000,1442723,1442574,0,1442574,30100,150,4983.39,false
290420000,1442723,1442574,0,1442574,290450100,1442873,1442724,0,1442724,30100,150,4983.39,false
290450100,1442873,1442724,0,1442724,290480200,1443023,1442874,0,1442874,30100,150,4983.39,false
290480200,1443023,1442874,0,1442874,290510300,1443173,1443024,0,1443024,30100,150,4983.39,false
290510300,1443173,1443024,0,1443024,290540400,1443323,1443174,0,1443174,30100,150,4983.39,false
290540400,1443323,1443174,0,1443174,290570500,1443473,1443324,0,1443324,30100,150,4983.39,false
290570500,1443473,1443324,0,1443324,290600600,1443623,1443474,0,1443474,30100,150,4983.39,false
290600600,1443623,1443474,0,1443474,290630700,1443773,1443624,0,1443624,30100,150,4983.39,false
290630700,1443773,1443624,0,1443624,290660800,1443923,1443774,0,1443774,30100,150,4983.39,false
290660800,1443923,1443774,0,1443774,290690900,1444073,1443924,0,1443924,30100,150,4983.39,false
290690900,1444073,1443924,0,1443924,290721000,1444223,1444074,0,1444074,30100,150,4983.39,false
290721000,1444223,1444074,0,1444074,290751100,1444373,1444224,0,1444224,30100,150,4983.39,false
290751100,1444373,1444224,0,1444224,290781200,1444523,1444374,0,1444374,30100,150,4983.39,false
290781200,1444523,1444374,0,1444374,290811300,1444673,1444524,0,1444524,30100,150,4983.39,false
290811300,1444673,1444524,0,1444524,290841400,1444823,1444674,0,1444674,30100,150,4983.39,false
290841400,1444823,1444674,0,1444674,290871500,1444973,1444824,0,1444824,30100,150,4983.39,false
290871500,1444973,1444824,0,1444824,290901600,1445123,1444974,0,1444974,30100,150,4983.39,false
290901600,1445123,1444974,0,1444974,290931700,1445273,1445124,0,1445124,30100,150,4983.39,false
290931700,1445273,1445124,0,1445124,290961800,1445423,1445274,0,1445274,30100,150,4983.39,false
290961800,1445423,1445274,0,1445274,290991900,1445573,1445424,0,1445424,30100,150,4983.39,false
290991900,1445573,1445424,0,1445424,291022000,1445723,1445574,0,1445574,30100,150,4983.39,false
291022000,1445723,1445574,0,1445574,291052100,1445873,1445724,0,1445724,30100,150,4983.39,false
291052100,1445873,1445724,0,1445724,291082200,1446023,1445874,0,1445874,30100,150,4983.39,false
291082200,1446023,1445874,0,1445874,291112300,1446173,1446024,0,1446024,30100,150,4983.39,false
291112300,1446173,1446024,0,1446024,291142400,1446323,1446174,0,1446174,30100,150,4983.39,false
291142400,1446323,1446174,0,1446174,291172500,1446473,1446324,0,1446324,30100,150,4983.39,false
291172500,1446473,1446324,0,1446324,291202600,1446623,1446474,0,1446474,30100,150,4983.39,false
291202600,1446623,1446474,0,1446474,291232700,1446773,1446624,0,1446624,30100,150,4983.39,false
291232700,1446773,1446624,0,1446624,291262800,1446923,1446774,0,1446774,30100,150,4983.39,false
291262800,1446923,1446774,0,1446774,291292900,1447073,1446924,0,1446924,30100,150,4983.39,false
291292900,1447073,1446924,0,1446924,291323000,1447223,1447074,0,1447074,30100,150,4983.39,false
291323000,1447223,1447074,0,1447074,291353100,1447373,1447224,0,1447224,30100,150,4983.39,false
291353100,1447373,1447224,0,1447224,291383200,1447523,1447374,0,1447374,30100,150,4983.39,false
291383200,1447523,1447374,0,1447374,291413300,1447673,1447524,0,1447524,30100,150,4983.39,false
291413300,1447673,1447524,0,1447524,291443400,1447823,1447674,0,1447674,30100,150,4983.39,false
291443400,1447823,1447674,0,1447674,291473500,1447973,1447824,0,1447824,30100,150,4983.39,false
291473500,1447973,1447824,0,1447824,291503600,1448123,1447974,0,1447974,30100,150,4983.39,false
291503600,1448123,1447974,0,1447974,291533700,1448273,1448124,0,1448124,30100,150,4983.39,false
291533700,1448273,1448124,0,1448124,291563800,1448423,1448274,0,1448274,30100,150,4983.39,false
291563800,1448423,1448274,0,1448274,291593900,1448573,1448424,0,1448424,30100,150,4983.39,false
291593900,1448573,1448424,0,1448424,291624000,1448723,1448574,0,1448574,30100,150,4983.39,false
291624000,1448723,1448574,0,1448574,291654100,1448873,1448724,0,1448724,30100,150,4983.39,false
291654100,1448873,1448724,0,1448724,291684200,1449023,1448874,0,1448874,30100,150,4983.39,false
291684200,1449023,1448874,0,1448874,291714300,1449173,1449024,0,1449024,30100,150,4983.39,false
291714300,1449173,1449024,0,1449024,291744400,1449323,1449174,0,1449174,30100,150,4983.39,false
291744400,1449323,1449174,0,1449174,291774500,1449473,1449324,0,1449324,30100,150,4983.39,false
291774500,1449473,1449324,0,1449324,291804600,1449623,1449474,0,1449474,30100,150,4983.39,false
291804600,1449623,1449474,0,1449474,291834700,1449773,1449624,0,1449624,30100,150,4983.39,false
291834700,1449773,1449624,0,1449624,291864800,1449923,1449774,0,1449774,30100,150,4983.39,false
291864800,1449923,1449774,0,1449774,291894900,1450073,1449924,0,1449924,30100,150,4983.39,false
291894900,1450073,1449924,0,1449924,291925000,1450223,1450074,0,1450074,30100,150,4983.39,false
291925000,1450223,1450074,0,1450074,291955100,1450373,1450224,0,1450224,30100,150,4983.39,false
291955100,1450373,1450224,0,1450224,291985200,1450523,1450374,0,1450374,30100,150,4983.39,false
291985200,1450523,1450374,0,1450374,292015300,1450673,1450524,0,1450524,30100,150,4983.39,false
292015300,1450673,1450524,0,1450524,292045400,1450823,1450674,0,1450674,30100,150,4983.39,false
292045400,1450823,1450674,0,1450674,292075500,1450973,1450824,0,1450824,30100,150,4983.39,false
292075500,1450973,1450824,0,1450824,292105600,1451123,1450974,0,1450974,30100,150,4983.39,false
292105600,1451123,1450974,0,1450974,292135700,1451273,1451124,0,1451124,30100,150,4983.39,false
292135700,1451273,1451124,0,1451124,292165800,1451423,1451274,0,1451274,30100,150,4983.39,false
292165800,1451423,1451274,0,1451274,292195900,1451573,1451424,0,1451424,30100,150,4983.39,false
292195900,1451573,1451424,0,1451424,292226000,1451723,1451574,0,1451574,30100,150,4983.39,false
292226000,1451723,1451574,0,1451574,292256100,1451873,1451724,0,1451724,30100,150,4983.39,false
292256100,1451873,1451724,0,1451724,292286200,1452023,1451874,0,1451874,30100,150,4983.39,false
292286200,1452023,1451874,0,1451874,292316300,1452173,1452024,0,1452024,30100,150,4983.39,false
292316300,1452173,1452024,0,1452024,292346400,1452323,1452174,0,1452174,30100,150,4983.39,false
292346400,1452323,1452174,0,1452174,292376500,1452473,1452324,0,1452324,30100,150,4983.39,false
292376500,1452473,1452324,0,1452324,292406600,1452623,1452474,0,1452474,30100,150,4983.39,false
292406600,1452623,1452474,0,1452474,292436700,1452773,1452624,0,1452624,30100,150,4983.39,false
292436700,1452773,1452624,0,1452624,292466800,1452923,1452774,0,1452774,30100,150,4983.39,false
292466800,1452923,1452774,0,1452774,292496900,1453073,1452924,0,1452924,30100,150,4983.39,false
292496900,1453073,1452924,0,1452924,292527000,1453223,1453074,0,1453074,30100,150,4983.39,false
292527000,1453223,1453074,0,1453074,292557100,1453373,1453224,0,1453224,30100,150,4983.39,false
292557100,1453373,1453224,0,1453224,292587200,1453523,1453374,0,1453374,30100,150,4983.39,false
292587200,1453523,1453374,0,1453374,292617300,1453673,1453524,0,1453524,30100,150,4983.39,false
292617300,1453673,1453524,0,1453524,292647400,1453823,1453674,0,1453674,30100,150,4983.39,false
292647400,1453823,1453674,0,1453674,292677500,1453973,1453824,0,1453824,30100,150,4983.39,false
292677500,1453973,1453824,0,1453824,292707600,1454123,1453974,0,1453974,30100,150,4983.39,false
292707600,1454123,1453974,0,1453974,292737700,1454273,1454124,0,1454124,30100,150,4983.39,false
292737700,1454273,1454124,0,1454124,292767800,1454423,1454274,0,1454274,30100,150,4983.39,false
292767800,1454423,1454274,0,1454274,292797900,1454573,1454424,0,1454424,30100,150,4983.39,false
292797900,1454573,1454424,0,1454424,292828000,1454723,1454574,0,1454574,30100,150,4983.39,false
292828000,1454723,1454574,0,1454574,292858100,1454873,1454724,0,1454724,30100,150,4983.39,false
292858100,1454873,1454724,0,1454724,292888200,1455023,1454874,0,1454874,30100,150,4983.39,false
292888200,1455023,1454874,0,1454874,292918300,1455173,1455024,0,1455024,30100,150,4983.39,false
292918300,1455173,1455024,0,1455024,292948400,1455323,1455174,0,1455174,30100,150,4983.39,false
292948400,1455323,1455174,0,1455174,293018900,1455473,1455324,0,1455324,70500,150,2127.66,false
293018900,1455473,1455324,0,1455324,293089400,1455623,1455474,0,1455474,70500,150,2127.66,false
293089400,1455623,1455474,0,1455474,293123600,1455773,1455624,0,1455624,34200,150,4385.96,false
293123600,1455773,1455624,0,1455624,293153700,1455923,1455774,0,1455774,30100,150,4983.39,false
293153700,1455923,1455774,0,1455774,293183800,1456073,1455924,0,1455924,30100,150,4983.39,false
293183900,1456074,1455925,0,1455925,293214000,1456224,1456075,0,1456075,30100,150,4983.39,false
293214000,1456224,1456075,0,1456075,293244100,1456374,1456225,0,1456225,30100,150,4983.39,false
293244100,1456374,1456225,0,1456225,293274200,1456524,1456375,0,1456375,30100,150,4983.39,false
293274200,1456524,1456375,0,1456375,293304300,1456674,1456525,0,1456525,30100,150,4983.39,false
293304300,1456674,1456525,0,1456525,293334400,1456824,1456675,0,1456675,30100,150,4983.39,false
293334400,1456824,1456675,0,1456675,293364500,1456974,1456825,0,1456825,30100,150,4983.39,false
293364500,1456974,1456825,0,1456825,293394600,1457124,1456975,0,1456975,30100,150,4983.39,false
293394600,1457124,1456975,0,1456975,293424700,1457274,1457125,0,1457125,30100,150,4983.39,false
293424700,1457274,1457125,0,1457125,293454800,1457424,1457275,0,1457275,30100,150,4983.39,false
293454800,1457424,1457275,0,1457275,293484900,1457574,1457425,0,1457425,30100,150,4983.39,false
293484900,1457574,1457425,0,1457425,293515000,1457724,1457575,0,1457575,30100,150,4983.39,false
293515000,1457724,1457575,0,1457575,293545100,1457874,1457725,0,1457725,30100,150,4983.39,false
293545100,1457874,1457725,0,1457725,293575200,1458425,1457875,0,1457875,30100,150,4983.39,true
293575200,1458425,1457875,0,1457875,293645400,1458976,1458426,0,1458426,70200,551,7849.00,true
293645400,1458976,1458426,0,1458426,293715600,1459167,1458977,0,1458977,70200,551,7849.00,true
293715600,1459167,1458977,0,1458977,293749800,1459317,1459168,0,1459168,34200,191,5584.80,true
293749800,1459317,1459168,0,1459168,293779900,1459467,1459318,0,1459318,30100,150,4983.39,false
293779900,1459467,1459318,0,1459318,293810000,1459617,1459468,0,1459468,30100,150,4983.39,false
293810000,1459617,1459468,0,1459468,293840100,1459767,1459618,0,1459618,30100,150,4983.39,false
293840100,1459767,1459618,0,1459618,293870200,1459917,1459768,0,1459768,30100,150,4983.39,false
293870200,1459917,1459768,0,1459768,293900300,1460067,1459918,0,1459918,30100,150,4983.39,false
293900300,1460067,1459918,0,1459918,293930400,1460217,1460068,0,1460068,30100,150,4983.39,false
293930400,1460217,1460068,0,1460068,293960500,1460367,1460218,0,1460218,30100,150,4983.39,false
293960500,1460367,1460218,0,1460218,293990600,1460517,1460368,0,1460368,30100,150,4983.39,false
293990600,1460517,1460368,0,1460368,294020700,1460667,1460518,0,1460518,30100,150,4983.39,false
294020700,1460667,1460518,0,1460518,294050800,1460817,1460668,0,1460668,30100,150,4983.39,false
294050800,1460817,1460668,0,1460668,294080900,1460967,1460818,0,1460818,30100,150,4983.39,false
294080900,1460967,1460818,0,1460818,294111000,1461117,1460968,0,1460968,30100,150,4983.39,false
294111000,1461117,1460968,0,1460968,294141100,1461267,1461118,0,1461118,30100,150,4983.39,false
294141100,1461267,1461118,0,1461118,294171200,1461417,1461268,0,1461268,30100,150,4983.39,false
294171200,1461417,1461268,0,1461268,294201300,1461567,1461418,0,1461418,30100,150,4983.39,false
294201300,1461567,1461418,0,1461418,294231400,1461717,1461568,0,1461568,30100,150,4983.39,false
294231400,1461717,1461568,0,1461568,294261500,1461867,1461718,0,1461718,30100,150,4983.39,false
294261500,1461867,1461718,0,1461718,294291600,1462017,1461868,0,1461868,30100,150,4983.39,false
294291600,1462017,1461868,0,1461868,294321700,1462167,1462018,0,1462018,30100,150,4983.39,false
294321700,1462167,1462018,0,1462018,294351800,1462317,1462168,0,1462168,30100,150,4983.39,false
294351800,1462317,1462168,0,1462168,294381900,1462467,1462318,0,1462318,30100,150,4983.39,false
294381900,1462467,1462318,0,1462318,294412000,1462617,1462468,0,1462468,30100,150,4983.39,false
294412000,1462617,1462468,0,1462468,294442100,1462767,1462618,0,1462618,30100,150,4983.39,false
294442100,1462767,1462618,0,1462618,294472200,1462917,1462768,0,1462768,30100,150,4983.39,false
294472200,1462917,1462768,0,1462768,294502300,1463067,1462918,0,1462918,30100,150,4983.39,false
294502300,1463067,1462918,0,1462918,294532400,1463217,1463068,0,1463068,30100,150,4983.39,false
294532400,1463217,1463068,0,1463068,294562500,1463367,1463218,0,1463218,30100,150,4983.39,false
294562500,1463367,1463218,0,1463218,294592600,1463517,1463368,0,1463368,30100,150,4983.39,false
294592600,1463517,1463368,0,1463368,294622700,1463667,1463518,0,1463518,30100,150,4983.39,false
294622700,1463667,1463518,0,1463518,294652800,1463817,1463668,0,1463668,30100,150,4983.39,false
294652800,1463817,1463668,0,1463668,294682900,1463967,1463818,0,1463818,30100,150,4983.39,false
294682900,1463967,1463818,0,1463818,294713000,1464117,1463968,0,1463968,30100,150,4983.39,false
294713000,1464117,1463968,0,1463968,294743100,1464267,1464118,0,1464118,30100,150,4983.39,false
294743100,1464267,1464118,0,1464118,294773200,1464417,1464268,0,1464268,30100,150,4983.39,false
294773200,1464417,1464268,0,1464268,294803300,1464567,1464418,0,1464418,30100,150,4983.39,false
294803300,1464567,1464418,0,1464418,294833400,1464717,1464568,0,1464568,30100,150,4983.39,false
294833400,1464717,1464568,0,1464568,294863500,1464867,1464718,0,1464718,30100,150,4983.39,false
294863500,1464867,1464718,0,1464718,294893600,1465017,1464868,0,1464868,30100,150,4983.39,false
294893600,1465017,1464868,0,1464868,294923700,1465167,1465018,0,1465018,30100,150,4983.39,false
294923700,1465167,1465018,0,1465018,294953800,1465317,1465168,0,1465168,30100,150,4983.39,false
294953800,1465317,1465168,0,1465168,294983900,1465467,1465318,0,1465318,30100,150,4983.39,false
294983900,1465467,1465318,0,1465318,295014000,1465617,1465468,0,1465468,30100,150,4983.39,false
295014000,1465617,1465468,0,1465468,295044100,1465767,1465618,0,1465618,30100,150,4983.39,false
295044100,1465767,1465618,0,1465618,295074200,1465917,1465768,0,1465768,30100,150,4983.39,false
295074200,1465917,1465768,0,1465768,295104300,1466067,1465918,0,1465918,30100,150,4983.39,false
295104300,1466067,1465918,0,1465918,295134400,1466217,1466068,0,1466068,30100,150,4983.39,false
295134400,1466217,1466068,0,1466068,295164500,1466367,1466218,0,1466218,30100,150,4983.39,false
295164500,1466367,1466218,0,1466218,295194600,1466517,1466368,0,1466368,30100,150,4983.39,false
295194600,1466517,1466368,0,1466368,295224700,1466667,1466518,0,1466518,30100,150,4983.39,false
295224700,1466667,1466518,0,1466518,295254800,1466817,1466668,0,1466668,30100,150,4983.39,false
295254800,1466817,1466668,0,1466668,295284900,1466967,1466818,0,1466818,30100,150,4983.39,false
295284900,1466967,1466818,0,1466818,295315000,1467117,1466968,0,1466968,30100,150,4983.39,false
295315000,1467117,1466968,0,1466968,295345100,1467267,1467118,0,1467118,30100,150,4983.39,false
295345100,1467267,1467118,0,1467118,295375200,1467417,1467268,0,1467268,30100,150,4983.39,false
295375200,1467417,1467268,0,1467268,295405300,1467567,1467418,0,1467418,30100,150,4983.39,false
295405300,1467567,1467418,0,1467418,295435400,1467717,1467568,0,1467568,30100,150,4983.39,false
295435400,1467717,1467568,0,1467568,295465500,1467867,1467718,0,1467718,30100,150,4983.39,false
295465500,1467867,1467718,0,1467718,295495600,1468017,1467868,0,1467868,30100,150,4983.39,false
295495600,1468017,1467868,0,1467868,295525700,1468167,1468018,0,1468018,30100,150,4983.39,false
295525700,1468167,1468018,0,1468018,295555800,1468317,1468168,0,1468168,30100,150,4983.39,false
295555800,1468317,1468168,0,1468168,295585900,1468467,1468318,0,1468318,30100,150,4983.39,false
295585900,1468467,1468318,0,1468318,295616000,1468617,1468468,0,1468468,30100,150,4983.39,false
295616000,1468617,1468468,0,1468468,295646100,1468767,1468618,0,1468618,30100,150,4983.39,false
295646100,1468767,1468618,0,1468618,295676200,1468917,1468768,0,1468768,30100,150,4983.39,false
295676200,1468917,1468768,0,1468768,295706300,1469067,1468918,0,1468918,30100,150,4983.39,false
295706300,1469067,1468918,0,1468918,295736400,1469217,1469068,0,1469068,30100,150,4983.39,false
295736400,1469217,1469068,0,1469068,295766500,1469367,1469218,0,1469218,30100,150,4983.39,false
295766500,1469367,1469218,0,1469218,295796600,1469517,1469368,0,1469368,30100,150,4983.39,false
295796600,1469517,1469368,0,1469368,295826700,1469667,1469518,0,1469518,30100,150,4983.39,false
295826700,1469667,1469518,0,1469518,295856800,1469817,1469668,0,1469668,30100,150,4983.39,false
295856800,1469817,1469668,0,1469668,295886900,1469967,1469818,0,1469818,30100,150,4983.39,false
295886900,1469967,1469818,0,1469818,295917000,1470117,1469968,0,1469968,30100,150,4983.39,false
295917000,1470117,1469968,0,1469968,295947100,1470267,1470118,0,1470118,30100,150,4983.39,false
295947100,1470267,1470118,0,1470118,295977200,1470417,1470268,0,1470268,30100,150,4983.39,false
295977200,1470417,1470268,0,1470268,296007300,1470567,1470418,0,1470418,30100,150,4983.39,false
296007300,1470567,1470418,0,1470418,296037400,1470717,1470568,0,1470568,30100,150,4983.39,false
296037400,1470717,1470568,0,1470568,296067500,1470867,1470718,0,1470718,30100,150,4983.39,false
296067500,1470867,1470718,0,1470718,296097600,1471017,1470868,0,1470868,30100,150,4983.39,false
296097600,1471017,1470868,0,1470868,296127700,1471167,1471018,0,1471018,30100,150,4983.39,false
296127700,1471167,1471018,0,1471018,296157800,1471317,1471168,0,1471168,30100,150,4983.39,false
296157800,1471317,1471168,0,1471168,296187900,1471467,1471318,0,1471318,30100,150,4983.39,false
296187900,1471467,1471318,0,1471318,296218000,1471617,1471468,0,1471468,30100,150,4983.39,false
296218000,1471617,1471468,0,1471468,296248100,1471767,1471618,0,1471618,30100,150,4983.39,false
296248100,1471767,1471618,0,1471618,296278200,1471917,1471768,0,1471768,30100,150,4983.39,false
296278200,1471917,1471768,0,1471768,296308300,1472067,1471918,0,1471918,30100,150,4983.39,false
296308300,1472067,1471918,0,1471918,296338400,1472217,1472068,0,1472068,30100,150,4983.39,false
296338400,1472217,1472068,0,1472068,296368500,1472367,1472218,0,1472218,30100,150,4983.39,false
296368500,1472367,1472218,0,1472218,296398600,1472517,1472368,0,1472368,30100,150,4983.39,false
296398600,1472517,1472368,0,1472368,296428700,1472667,1472518,0,1472518,30100,150,4983.39,false
296428700,1472667,1472518,0,1472518,296458800,1472817,1472668,0,1472668,30100,150,4983.39,false
296458800,1472817,1472668,0,1472668,296488900,1472967,1472818,0,1472818,30100,150,4983.39,false
296488900,1472967,1472818,0,1472818,296519000,1473117,1472968,0,1472968,30100,150,4983.39,false
296519000,1473117,1472968,0,1472968,296549100,1473267,1473118,0,1473118,30100,150,4983.39,false
296549100,1473267,1473118,0,1473118,296579200,1473417,1473268,0,1473268,30100,150,4983.39,false
296579200,1473417,1473268,0,1473268,296609300,1473567,1473418,0,1473418,30100,150,4983.39,false
296609300,1473567,1473418,0,1473418,296639400,1473717,1473568,0,1473568,30100,150,4983.39,false
296639400,1473717,1473568,0,1473568,296669500,1473867,1473718,0,1473718,30100,150,4983.39,false
296669500,1473867,1473718,0,1473718,296699600,1474017,1473868,0,1473868,30100,150,4983.39,false
296699600,1474017,1473868,0,1473868,296729700,1474167,1474018,0,1474018,30100,150,4983.39,false
296729700,1474167,1474018,0,1474018,296759800,1474317,1474168,0,1474168,30100,150,4983.39,false
296759800,1474317,1474168,0,1474168,296830300,1474467,1474318,0,1474318,70500,150,2127.66,false
296830300,1474467,1474318,0,1474318,296900800,1474617,1474468,0,1474468,70500,150,2127.66,false
296900800,1474617,1474468,0,1474468,296935000,1474767,1474618,0,1474618,34200,150,4385.96,false
296935000,1474767,1474618,0,1474618,296965100,1474917,1474768,0,1474768,30100,150,4983.39,false
296965100,1474917,1474768,0,1474768,296995200,1475067,1474918,0,1474918,30100,150,4983.39,false
296995300,1475068,1474919,0,1474919,297025400,1475218,1475069,0,1475069,30100,150,4983.39,false
297025400,1475218,1475069,0,1475069,297055500,1475368,1475219,0,1475219,30100,150,4983.39,false
297055500,1475368,1475219,0,1475219,297085600,1475518,1475369,0,1475369,30100,150,4983.39,false
297085600,1475518,1475369,0,1475369,297115700,1475668,1475519,0,1475519,30100,150,4983.39,false
297115700,1475668,1475519,0,1475519,297145800,1475818,1475669,0,1475669,30100,150,4983.39,false
297145800,1475818,1475669,0,1475669,297175900,1475968,1475819,0,1475819,30100,150,4983.39,false
297175900,1475968,1475819,0,1475819,297206000,1476118,1475969,0,1475969,30100,150,4983.39,false
297206000,1476118,1475969,0,1475969,297236100,1476268,1476119,0,1476119,30100,150,4983.39,false
297236100,1476268,1476119,0,1476119,297266200,1476418,1476269,0,1476269,30100,150,4983.39,false
297266200,1476418,1476269,0,1476269,297296300,1476568,1476419,0,1476419,30100,150,4983.39,false
297296300,1476568,1476419,0,1476419,297326400,1476718,1476569,0,1476569,30100,150,4983.39,false
297326400,1476718,1476569,0,1476569,297356500,1476868,1476719,0,1476719,30100,150,4983.39,false
297356500,1476868,1476719,0,1476719,297386600,1477419,1476869,0,1476869,30100,150,4983.39,true
297386600,1477419,1476869,0,1476869,297456800,1477970,1477420,0,1477420,70200,551,7849.00,true
297456800,1477970,1477420,0,1477420,297527000,1478161,1477971,0,1477971,70200,551,7849.00,true
297527000,1478161,1477971,0,1477971,297561200,1478311,1478162,0,1478162,34200,191,5584.80,true
297561200,1478311,1478162,0,1478162,297591300,1478461,1478312,0,1478312,30100,150,4983.39,false
297591300,1478461,1478312,0,1478312,297621400,1478611,1478462,0,1478462,30100,150,4983.39,false
297621400,1478611,1478462,0,1478462,297651500,1478761,1478612,0,1478612,30100,150,4983.39,false
297651500,1478761,1478612,0,1478612,297681600,1478911,1478762,0,1478762,30100,150,4983.39,false
297681600,1478911,1478762,0,1478762,297711700,1479061,1478912,0,1478912,30100,150,4983.39,false
297711700,1479061,1478912,0,1478912,297741800,1479211,1479062,0,1479062,30100,150,4983.39,false
297741800,1479211,1479062,0,1479062,297771900,1479361,1479212,0,1479212,30100,150,4983.39,false
297771900,1479361,1479212,0,1479212,297802000,1479511,1479362,0,1479362,30100,150,4983.39,false
297802000,1479511,1479362,0,1479362,297832100,1479661,1479512,0,1479512,30100,150,4983.39,false
297832100,1479661,1479512,0,1479512,297862200,1479811,1479662,0,1479662,30100,150,4983.39,false
297862200,1479811,1479662,0,1479662,297892300,1479961,1479812,0,1479812,30100,150,4983.39,false
297892300,1479961,1479812,0,1479812,297922400,1480111,1479962,0,1479962,30100,150,4983.39,false
297922400,1480111,1479962,0,1479962,297952500,1480261,1480112,0,1480112,30100,150,4983.39,false
297952500,1480261,1480112,0,1480112,297982600,1480411,1480262,0,1480262,30100,150,4983.39,false
297982600,1480411,1480262,0,1480262,298012700,1480561,1480412,0,1480412,30100,150,4983.39,false
298012700,1480561,1480412,0,1480412,298042800,1480711,1480562,0,1480562,30100,150,4983.39,false
298042800,1480711,1480562,0,1480562,298072900,1480861,1480712,0,1480712,30100,150,4983.39,false
298072900,1480861,1480712,0,1480712,298103000,1481011,1480862,0,1480862,30100,150,4983.39,false
298103000,1481011,1480862,0,1480862,298133100,1481161,1481012,0,1481012,30100,150,4983.39,false
298133100,1481161,1481012,0,1481012,298163200,1481311,1481162,0,1481162,30100,150,4983.39,false
298163200,1481311,1481162,0,1481162,298193300,1481461,1481312,0,1481312,30100,150,4983.39,false
298193300,1481461,1481312,0,1481312,298223400,1481611,1481462,0,1481462,30100,150,4983.39,false
298223400,1481611,1481462,0,1481462,298253500,1481761,1481612,0,1481612,30100,150,4983.39,false
298253500,1481761,1481612,0,1481612,298283600,1481911,1481762,0,1481762,30100,150,4983.39,false
298283600,1481911,1481762,0,1481762,298313700,1482061,1481912,0,1481912,30100,150,4983.39,false
298313700,1482061,1481912,0,1481912,298343800,1482211,1482062,0,1482062,30100,150,4983.39,false
298343800,1482211,1482062,0,1482062,298373900,1482361,1482212,0,1482212,30100,150,4983.39,false
298373900,1482361,1482212,0,1482212,298404000,1482511,1482362,0,1482362,30100,150,4983.39,false
298404000,1482511,1482362,0,1482362,298434100,1482661,1482512,0,1482512,30100,150,4983.39,false
298434100,1482661,1482512,0,1482512,298464200,1482811,1482662,0,1482662,30100,150,4983.39,false
298464200,1482811,1482662,0,1482662,298494300,1482961,1482812,0,1482812,30100,150,4983.39,false
298494300,1482961,1482812,0,1482812,298524400,1483111,1482962,0,1482962,30100,150,4983.39,false
298524400,1483111,1482962,0,1482962,298554500,1483261,1483112,0,1483112,30100,150,4983.39,false
298554500,1483261,1483112,0,1483112,298584600,1483411,1483262,0,1483262,30100,150,4983.39,false
298584600,1483411,1483262,0,1483262,298614700,1483561,1483412,0,1483412,30100,150,4983.39,false
298614700,1483561,1483412,0,1483412,298644800,1483711,1483562,0,1483562,30100,150,4983.39,false
298644800,1483711,1483562,0,1483562,298674900,1483861,1483712,0,1483712,30100,150,4983.39,false
298674900,1483861,1483712,0,1483712,298705000,1484011,1483862,0,1483862,30100,150,4983.39,false
298705000,1484011,1483862,0,1483862,298735100,1484161,1484012,0,1484012,30100,150,4983.39,false
298735100,1484161,1484012,0,1484012,298765200,1484311,1484162,0,1484162,30100,150,4983.39,false
298765200,1484311,1484162,0,1484162,298795300,1484461,1484312,0,1484312,30100,150,4983.39,false
298795300,1484461,1484312,0,1484312,298825400,1484611,1484462,0,1484462,30100,150,4983.39,false
298825400,1484611,1484462,0,1484462,298855500,1484761,1484612,0,1484612,30100,150,4983.39,false
298855500,1484761,1484612,0,1484612,298885600,1484911,1484762,0,1484762,30100,150,4983.39,false
298885600,1484911,1484762,0,1484762,298915700,1485061,1484912,0,1484912,30100,150,4983.39,false
298915700,1485061,1484912,0,1484912,298945800,1485211,1485062,0,1485062,30100,150,4983.39,false
298945800,1485211,1485062,0,1485062,298975900,1485361,1485212,0,1485212,30100,150,4983.39,false
298975900,1485361,1485212,0,1485212,299006000,1485511,1485362,0,1485362,30100,150,4983.39,false
299006000,1485511,1485362,0,1485362,299036100,1485661,1485512,0,1485512,30100,150,4983.39,false
299036100,1485661,1485512,0,1485512,299066200,1485811,1485662,0,1485662,30100,150,4983.39,false
299066200,1485811,1485662,0,1485662,299096300,1485961,1485812,0,1485812,30100,150,4983.39,false
299096300,1485961,1485812,0,1485812,299126400,1486111,1485962,0,1485962,30100,150,4983.39,false
299126400,1486111,1485962,0,1485962,299156500,1486261,1486112,0,1486112,30100,150,4983.39,false
299156500,1486261,1486112,0,1486112,299186600,1486411,1486262,0,1486262,30100,150,4983.39,false
299186600,1486411,1486262,0,1486262,299216700,1486561,1486412,0,1486412,30100,150,4983.39,false
299216700,1486561,1486412,0,1486412,299246800,1486711,1486562,0,1486562,30100,150,4983.39,false
299246800,1486711,1486562,0,1486562,299276900,1486861,1486712,0,1486712,30100,150,4983.39,false
299276900,1486861,1486712,0,1486712,299307000,1487011,1486862,0,1486862,30100,150,4983.39,false
299307000,1487011,1486862,0,1486862,299337100,1487161,1487012,0,1487012,30100,150,4983.39,false
299337100,1487161,1487012,0,1487012,299367200,1487311,1487162,0,1487162,30100,150,4983.39,false
299367200,1487311,1487162,0,1487162,299397300,1487461,1487312,0,1487312,30100,150,4983.39,false
299397300,1487461,1487312,0,1487312,299427400,1487611,1487462,0,1487462,30100,150,4983.39,false
299427400,1487611,1487462,0,1487462,299457500,1487761,1487612,0,1487612,30100,150,4983.39,false
299457500,1487761,1487612,0,1487612,299487600,1487911,1487762,0,1487762,30100,150,4983.39,false
299487600,1487911,1487762,0,1487762,299517700,1488061,1487912,0,1487912,30100,150,4983.39,false
299517700,1488061,1487912,0,1487912,299547800,1488211,1488062,0,1488062,30100,150,4983.39,false
299547800,1488211,1488062,0,1488062,299577900,1488361,1488212,0,1488212,30100,150,4983.39,false
299577900,1488361,1488212,0,1488212,299608000,1488511,1488362,0,1488362,30100,150,4983.39,false
299608000,1488511,1488362,0,1488362,299638100,1488661,1488512,0,1488512,30100,150,4983.39,false
299638100,1488661,1488512,0,1488512,299668200,1488811,1488662,0,1488662,30100,150,4983.39,false
299668200,1488811,1488662,0,1488662,299698300,1488961,1488812,0,1488812,30100,150,4983.39,false
299698300,1488961,1488812,0,1488812,299728400,1489111,1488962,0,1488962,30100,150,4983.39,false
299728400,1489111,1488962,0,1488962,299758500,1489261,1489112,0,1489112,30100,150,4983.39,false
299758500,1489261,1489112,0,1489112,299788600,1489411,1489262,0,1489262,30100,150,4983.39,false
299788600,1489411,1489262,0,1489262,299818700,1489561,1489412,0,1489412,30100,150,4983.39,false
299818700,1489561,1489412,0,1489412,299848800,1489711,1489562,0,1489562,30100,150,4983.39,false
299848800,1489711,1489562,0,1489562,299878900,1489861,1489712,0,1489712,30100,150,4983.39,false
299878900,1489861,1489712,0,1489712,299909000,1490011,1489862,0,1489862,30100,150,4983.39,false
299909000,1490011,1489862,0,1489862,299939100,1490161,1490012,0,1490012,30100,150,4983.39,false
299939100,1490161,1490012,0,1490012,299969200,1490311,1490162,0,1490162,30100,150,4983.39,false
299969200,1490311,1490162,0,1490162,299999300,1490461,1490312,0,1490312,30100,150,4983.39,false
