start_time,start_tot_tx,start_tot_rx,start_tot_ld,start_seq,end_time,end_tot_tx,end_tot_rx,end_tot_ld,end_seq,duration,acked,ack_rate,probe_ongoing
10100,2,1,0,1,20100,6,3,0,3,10000,2,200.00,false
20100,6,3,0,3,30100,14,7,0,7,10000,4,400.00,false
30100,14,7,0,7,40100,30,15,0,15,10000,8,800.00,false
40100,30,15,0,15,50100,62,31,0,31,10000,16,1600.00,false
50100,62,31,0,31,60100,126,63,0,63,10000,32,3200.00,false
60100,126,63,0,63,73000,254,127,0,127,12900,64,4961.24,false
73000,254,127,0,127,98800,510,255,0,255,25800,128,4961.24,false
98800,510,255,0,255,150400,660,511,0,511,51600,256,4961.24,false
167900,748,599,0,599,198000,898,749,0,749,30100,150,4983.39,false
198000,898,749,0,749,228100,1048,899,0,899,30100,150,4983.39,false
228100,1048,899,0,899,258200,1198,1049,0,1049,30100,150,4983.39,false
258200,1198,1049,0,1049,288300,1348,1199,0,1199,30100,150,4983.39,false
288300,1348,1199,0,1199,318400,1498,1349,0,1349,30100,150,4983.39,false
318400,1498,1349,0,1349,348500,1648,1499,0,1499,30100,150,4983.39,false
348500,1648,1499,0,1499,378600,1798,1649,0,1649,30100,150,4983.39,false
378600,1798,1649,0,1649,408700,1948,1799,0,1799,30100,150,4983.39,false
408700,1948,1799,0,1799,438800,2098,1949,0,1949,30100,150,4983.39,false
438800,2098,1949,0,1949,468900,2248,2099,0,2099,30100,150,4983.39,false
468900,2248,2099,0,2099,499000,2398,2249,0,2249,30100,150,4983.39,false
499000,2398,2249,0,2249,529100,2548,2399,0,2399,30100,150,4983.39,false
529100,2548,2399,0,2399,559200,2698,2549,0,2549,30100,150,4983.39,false
559200,2698,2549,0,2549,589300,2848,2699,0,2699,30100,150,4983.39,false
589300,2848,2699,0,2699,619400,2998,2849,0,2849,30100,150,4983.39,false
619400,2998,2849,0,2849,649500,3549,2999,0,2999,30100,150,4983.39,true
649500,3549,2999,0,2999,760100,4100,3550,0,3550,110600,551,4981.92,true
760100,4100,3550,0,3550,870700,4250,4101,0,4101,110600,551,4981.92,true
870700,4250,4101,0,4101,900800,4378,4251,0,4251,30100,150,4983.39,true
900800,4378,4251,0,4251,926400,4494,4379,0,4379,25600,128,5000.00,false
926400,4494,4379,0,4379,949600,4610,4495,0,4495,23200,116,5000.00,false
949600,4610,4495,0,4495,972800,4726,4611,0,4611,23200,116,5000.00,false
972800,4726,4611,0,4611,996000,4842,4727,0,4727,23200,116,5000.00,false
996000,4842,4727,0,4727,1019200,4958,4843,0,4843,23200,116,5000.00,false
1019200,4958,4843,0,4843,1042400,5074,4959,0,4959,23200,116,5000.00,false
1042400,5074,4959,0,4959,1065600,5190,5075,0,5075,23200,116,5000.00,false
1065600,5190,5075,0,5075,1088800,5306,5191,0,5191,23200,116,5000.00,false
1088800,5306,5191,0,5191,1112000,5422,5307,0,5307,23200,116,5000.00,false
1112000,5422,5307,0,5307,1135200,5538,5423,0,5423,23200,116,5000.00,false
1135200,5538,5423,0,5423,1158400,5654,5539,0,5539,23200,116,5000.00,false
1158400,5654,5539,0,5539,1181600,5770,5655,0,5655,23200,116,5000.00,false
1181600,5770,5655,0,5655,1204800,5886,5771,0,5771,23200,116,5000.00,false
1204800,5886,5771,0,5771,1228000,6002,5887,0,5887,23200,116,5000.00,false
1228000,6002,5887,0,5887,1251200,6118,6003,0,6003,23200,116,5000.00,false
1251200,6118,6003,0,6003,1274400,6234,6119,0,6119,23200,116,5000.00,false
1274400,6234,6119,0,6119,1297600,6350,6235,0,6235,23200,116,5000.00,false
1297600,6350,6235,0,6235,1320800,6466,6351,0,6351,23200,116,5000.00,false
1320800,6466,6351,0,6351,1344000,6582,6467,0,6467,23200,116,5000.00,false
1344000,6582,6467,0,6467,1367200,6698,6583,0,6583,23200,116,5000.00,false
1367200,6698,6583,0,6583,1390400,6814,6699,0,6699,23200,116,5000.00,false
1390400,6814,6699,0,6699,1413600,6930,6815,0,6815,23200,116,5000.00,false
1413600,6930,6815,0,6815,1436800,7046,6931,0,6931,23200,116,5000.00,false
1436800,7046,6931,0,6931,1460000,7162,7047,0,7047,23200,116,5000.00,false
1460000,7162,7047,0,7047,1483200,7278,7163,0,7163,23200,116,5000.00,false
1483200,7278,7163,0,7163,1506400,7394,7279,0,7279,23200,116,5000.00,false
1506400,7394,7279,0,7279,1529600,7510,7395,0,7395,23200,116,5000.00,false
1529600,7510,7395,0,7395,1552800,7626,7511,0,7511,23200,116,5000.00,false
1552800,7626,7511,0,7511,1576000,7742,7627,0,7627,23200,116,5000.00,false
1576000,7742,7627,0,7627,1599200,7858,7743,0,7743,23200,116,5000.00,false
1599200,7858,7743,0,7743,1622400,7974,7859,0,7859,23200,116,5000.00,false
1622400,7974,7859,0,7859,1645600,8090,7975,0,7975,23200,116,5000.00,false
1645600,8090,7975,0,7975,1668800,8206,8091,0,8091,23200,116,5000.00,false
1668800,8206,8091,0,8091,1692000,8322,8207,0,8207,23200,116,5000.00,false
1692000,8322,8207,0,8207,1715200,8438,8323,0,8323,23200,116,5000.00,false
1715200,8438,8323,0,8323,1738400,8554,8439,0,8439,23200,116,5000.00,false
1738400,8554,8439,0,8439,1761600,8670,8555,0,8555,23200,116,5000.00,false
1761600,8670,8555,0,8555,1784800,8786,8671,0,8671,23200,116,5000.00,false
1784800,8786,8671,0,8671,1808000,8902,8787,0,8787,23200,116,5000.00,false
1808000,8902,8787,0,8787,1831200,9018,8903,0,8903,23200,116,5000.00,false
1831200,9018,8903,0,8903,1854400,9134,9019,0,9019,23200,116,5000.00,false
1854400,9134,9019,0,9019,1877600,9250,9135,0,9135,23200,116,5000.00,false
1877600,9250,9135,0,9135,1900800,9366,9251,0,9251,23200,116,5000.00,false
1900800,9366,9251,0,9251,1924000,9482,9367,0,9367,23200,116,5000.00,false
1924000,9482,9367,0,9367,1947200,9598,9483,0,9483,23200,116,5000.00,false
1947200,9598,9483,0,9483,1970400,9714,9599,0,9599,23200,116,5000.00,false
1970400,9714,9599,0,9599,1993600,9830,9715,0,9715,23200,116,5000.00,false
1993600,9830,9715,0,9715,2016800,9946,9831,0,9831,23200,116,5000.00,false
2016800,9946,9831,0,9831,2040000,10062,9947,0,9947,23200,116,5000.00,false
2040000,10062,9947,0,9947,2063200,10178,10063,0,10063,23200,116,5000.00,false
2063200,10178,10063,0,10063,2086400,10294,10179,0,10179,23200,116,5000.00,false
2086400,10294,10179,0,10179,2109600,10410,10295,0,10295,23200,116,5000.00,false
2109600,10410,10295,0,10295,2132800,10526,10411,0,10411,23200,116,5000.00,false
2132800,10526,10411,0,10411,2156000,10642,10527,0,10527,23200,116,5000.00,false
2156000,10642,10527,0,10527,2179200,10758,10643,0,10643,23200,116,5000.00,false
2179200,10758,10643,0,10643,2202400,10874,10759,0,10759,23200,116,5000.00,false
2202400,10874,10759,0,10759,2225600,10990,10875,0,10875,23200,116,5000.00,false
2225600,10990,10875,0,10875,2248800,11106,10991,0,10991,23200,116,5000.00,false
2248800,11106,10991,0,10991,2272000,11222,11107,0,11107,23200,116,5000.00,false
2272000,11222,11107,0,11107,2295200,11338,11223,0,11223,23200,116,5000.00,false
2295200,11338,11223,0,11223,2318400,11454,11339,0,11339,23200,116,5000.00,false
2318400,11454,11339,0,11339,2341600,11570,11455,0,11455,23200,116,5000.00,false
2341600,11570,11455,0,11455,2364800,11686,11571,0,11571,23200,116,5000.00,false
2364800,11686,11571,0,11571,2388000,11802,11687,0,11687,23200,116,5000.00,false
2388000,11802,11687,0,11687,2411200,11918,11803,0,11803,23200,116,5000.00,false
2411200,11918,11803,0,11803,2434400,12034,11919,0,11919,23200,116,5000.00,false
2434400,12034,11919,0,11919,2457600,12150,12035,0,12035,23200,116,5000.00,false
2457600,12150,12035,0,12035,2480800,12266,12151,0,12151,23200,116,5000.00,false
2480800,12266,12151,0,12151,2504000,12382,12267,0,12267,23200,116,5000.00,false
2504000,12382,12267,0,12267,2527200,12498,12383,0,12383,23200,116,5000.00,false
2527200,12498,12383,0,12383,2550400,12614,12499,0,12499,23200,116,5000.00,false
2550400,12614,12499,0,12499,2573600,12730,12615,0,12615,23200,116,5000.00,false
2573600,12730,12615,0,12615,2596800,12846,12731,0,12731,23200,116,5000.00,false
2596800,12846,12731,0,12731,2620000,12962,12847,0,12847,23200,116,5000.00,false
2620000,12962,12847,0,12847,2643200,13078,12963,0,12963,23200,116,5000.00,false
2643200,13078,12963,0,12963,2666400,13194,13079,0,13079,23200,116,5000.00,false
2666400,13194,13079,0,13079,2689600,13310,13195,0,13195,23200,116,5000.00,false
2689600,13310,13195,0,13195,2712800,13426,13311,0,13311,23200,116,5000.00,false
2712800,13426,13311,0,13311,2736000,13542,13427,0,13427,23200,116,5000.00,false
2736000,13542,13427,0,13427,2759200,13658,13543,0,13543,23200,116,5000.00,false
2759200,13658,13543,0,13543,2782400,13774,13659,0,13659,23200,116,5000.00,false
2782400,13774,13659,0,13659,2805600,13890,13775,0,13775,23200,116,5000.00,false
2805600,13890,13775,0,13775,2828800,14006,13891,0,13891,23200,116,5000.00,false
2828800,14006,13891,0,13891,2852000,14122,14007,0,14007,23200,116,5000.00,false
2852000,14122,14007,0,14007,2875200,14238,14123,0,14123,23200,116,5000.00,false
2875200,14238,14123,0,14123,2898400,14354,14239,0,14239,23200,116,5000.00,false
2898400,14354,14239,0,14239,2921600,14470,14355,0,14355,23200,116,5000.00,false
2921600,14470,14355,0,14355,2944800,14586,14471,0,14471,23200,116,5000.00,false
2944800,14586,14471,0,14471,2968000,14702,14587,0,14587,23200,116,5000.00,false
2968000,14702,14587,0,14587,2991200,14818,14703,0,14703,23200,116,5000.00,false
2991200,14818,14703,0,14703,3014400,14934,14819,0,14819,23200,116,5000.00,false
3014400,14934,14819,0,14819,3037600,15050,14935,0,14935,23200,116,5000.00,false
3037600,15050,14935,0,14935,3060800,15166,15051,0,15051,23200,116,5000.00,false
3060800,15166,15051,0,15051,3084000,15282,15167,0,15167,23200,116,5000.00,false
3084000,15282,15167,0,15167,3107200,15398,15283,0,15283,23200,116,5000.00,false
3107200,15398,15283,0,15283,3130400,15514,15399,0,15399,23200,116,5000.00,false
3130400,15514,15399,0,15399,3153600,15630,15515,0,15515,23200,116,5000.00,false
3153600,15630,15515,0,15515,3176800,15746,15631,0,15631,23200,116,5000.00,false
3176800,15746,15631,0,15631,3200000,15862,15747,0,15747,23200,116,5000.00,false
3200000,15862,15747,0,15747,3223200,15978,15863,0,15863,23200,116,5000.00,false
3223200,15978,15863,0,15863,3246400,16094,15979,0,15979,23200,116,5000.00,false
3246400,16094,15979,0,15979,3269600,16210,16095,0,16095,23200,116,5000.00,false
3269600,16210,16095,0,16095,3292800,16326,16211,0,16211,23200,116,5000.00,false
3292800,16326,16211,0,16211,3316000,16442,16327,0,16327,23200,116,5000.00,false
3316000,16442,16327,0,16327,3339200,16558,16443,0,16443,23200,116,5000.00,false
3339200,16558,16443,0,16443,3362400,16674,16559,0,16559,23200,116,5000.00,false
3362400,16674,16559,0,16559,3385600,16790,16675,0,16675,23200,116,5000.00,false
3385600,16790,16675,0,16675,3408800,16906,16791,0,16791,23200,116,5000.00,false
3408800,16906,16791,0,16791,3432000,17022,16907,0,16907,23200,116,5000.00,false
3432000,17022,16907,0,16907,3455200,17138,17023,0,17023,23200,116,5000.00,false
3455200,17138,17023,0,17023,3478400,17254,17139,0,17139,23200,116,5000.00,false
3478400,17254,17139,0,17139,3501600,17370,17255,0,17255,23200,116,5000.00,false
3501600,17370,17255,0,17255,3524800,17486,17371,0,17371,23200,116,5000.00,false
3524800,17486,17371,0,17371,3548000,17602,17487,0,17487,23200,116,5000.00,false
3548000,17602,17487,0,17487,3571200,17718,17603,0,17603,23200,116,5000.00,false
3571200,17718,17603,0,17603,3594400,17834,17719,0,17719,23200,116,5000.00,false
3594400,17834,17719,0,17719,3617600,17950,17835,0,17835,23200,116,5000.00,false
3617600,17950,17835,0,17835,3640800,18066,17951,0,17951,23200,116,5000.00,false
3640800,18066,17951,0,17951,3664000,18182,18067,0,18067,23200,116,5000.00,false
3664000,18182,18067,0,18067,3687200,18298,18183,0,18183,23200,116,5000.00,false
3687200,18298,18183,0,18183,3710400,18414,18299,0,18299,23200,116,5000.00,false
3710400,18414,18299,0,18299,3733600,18530,18415,0,18415,23200,116,5000.00,false
3733600,18530,18415,0,18415,3756800,18646,18531,0,18531,23200,116,5000.00,false
3756800,18646,18531,0,18531,3780000,18762,18647,0,18647,23200,116,5000.00,false
3780000,18762,18647,0,18647,3803200,18878,18763,0,18763,23200,116,5000.00,false
3803200,18878,18763,0,18763,3826400,18994,18879,0,18879,23200,116,5000.00,false
3826400,18994,18879,0,18879,3849600,19110,18995,0,18995,23200,116,5000.00,false
3849600,19110,18995,0,18995,3872800,19226,19111,0,19111,23200,116,5000.00,false
3872800,19226,19111,0,19111,3896000,19342,19227,0,19227,23200,116,5000.00,false
3896000,19342,19227,0,19227,3919200,19458,19343,0,19343,23200,116,5000.00,false
3919200,19458,19343,0,19343,3942400,19574,19459,0,19459,23200,116,5000.00,false
3954300,19665,19550,0,19550,3977500,19781,19666,0,19666,23200,116,5000.00,false
3977500,19781,19666,0,19666,4000700,19897,19782,0,19782,23200,116,5000.00,false
4000700,19897,19782,0,19782,4023900,20013,19898,0,19898,23200,116,5000.00,false
4023900,20013,19898,0,19898,4047100,20129,20014,0,20014,23200,116,5000.00,false
4047100,20129,20014,0,20014,4070300,20245,20130,0,20130,23200,116,5000.00,false
4070300,20245,20130,0,20130,4093500,20361,20246,0,20246,23200,116,5000.00,false
4093500,20361,20246,0,20246,4116700,20477,20362,0,20362,23200,116,5000.00,false
4116700,20477,20362,0,20362,4139900,20593,20478,0,20478,23200,116,5000.00,false
4139900,20593,20478,0,20478,4163100,20709,20594,0,20594,23200,116,5000.00,false
4163100,20709,20594,0,20594,4186300,20825,20710,0,20710,23200,116,5000.00,false
4186300,20825,20710,0,20710,4209500,20941,20826,0,20826,23200,116,5000.00,false
4209500,20941,20826,0,20826,4232700,21057,20942,0,20942,23200,116,5000.00,false
4232700,21057,20942,0,20942,4255900,21173,21058,0,21058,23200,116,5000.00,false
4255900,21173,21058,0,21058,4279100,21289,21174,0,21174,23200,116,5000.00,false
4279100,21289,21174,0,21174,4302300,21405,21290,0,21290,23200,116,5000.00,false
4302300,21405,21290,0,21290,4351900,21785,21406,0,21406,49600,116,2338.71,true
4351900,21785,21406,0,21406,4427900,22165,21786,0,21786,76000,380,5000.00,true
4427900,22165,21786,0,21786,4485500,22281,22166,0,22166,57600,380,6597.22,true
4485500,22281,22166,0,22166,4508600,22410,22282,0,22282,23100,116,5021.65,true
4508600,22410,22282,0,22282,4531500,22539,22411,0,22411,22900,129,5633.19,false
4531500,22539,22411,0,22411,4554400,22668,22540,0,22540,22900,129,5633.19,false
4554400,22668,22540,0,22540,4577300,22797,22669,0,22669,22900,129,5633.19,false
4577300,22797,22669,0,22669,4600200,22926,22798,0,22798,22900,129,5633.19,false
4600200,22926,22798,0,22798,4623100,23055,22927,0,22927,22900,129,5633.19,false
4623100,23055,22927,0,22927,4646000,23184,23056,0,23056,22900,129,5633.19,false
4646000,23184,23056,0,23056,4668900,23313,23185,0,23185,22900,129,5633.19,false
4668900,23313,23185,0,23185,4691800,23442,23314,0,23314,22900,129,5633.19,false
4691800,23442,23314,0,23314,4714700,23571,23443,0,23443,22900,129,5633.19,false
4714700,23571,23443,0,23443,4737600,23700,23572,0,23572,22900,129,5633.19,false
4737600,23700,23572,0,23572,4760500,23829,23701,0,23701,22900,129,5633.19,false
4760500,23829,23701,0,23701,4783400,23958,23830,0,23830,22900,129,5633.19,false
4783400,23958,23830,0,23830,4806300,24087,23959,0,23959,22900,129,5633.19,false
4806300,24087,23959,0,23959,4829200,24216,24088,0,24088,22900,129,5633.19,false
4829200,24216,24088,0,24088,4852100,24345,24217,0,24217,22900,129,5633.19,false
4852100,24345,24217,0,24217,4875000,24474,24346,0,24346,22900,129,5633.19,false
4875000,24474,24346,0,24346,4897900,24603,24475,0,24475,22900,129,5633.19,false
4897900,24603,24475,0,24475,4920800,24732,24604,0,24604,22900,129,5633.19,false
4920800,24732,24604,0,24604,4943700,24861,24733,0,24733,22900,129,5633.19,false
4943700,24861,24733,0,24733,4966600,24990,24862,0,24862,22900,129,5633.19,false
4966600,24990,24862,0,24862,4989500,25119,24991,0,24991,22900,129,5633.19,false
4989500,25119,24991,0,24991,5012400,25248,25120,0,25120,22900,129,5633.19,false
5012400,25248,25120,0,25120,5035300,25377,25249,0,25249,22900,129,5633.19,false
5035300,25377,25249,0,25249,5058200,25506,25378,0,25378,22900,129,5633.19,false
5058200,25506,25378,0,25378,5081100,25635,25507,0,25507,22900,129,5633.19,false
5081100,25635,25507,0,25507,5104000,25764,25636,0,25636,22900,129,5633.19,false
5104000,25764,25636,0,25636,5126900,25893,25765,0,25765,22900,129,5633.19,false
5126900,25893,25765,0,25765,5149800,26022,25894,0,25894,22900,129,5633.19,false
5149800,26022,25894,0,25894,5172700,26151,26023,0,26023,22900,129,5633.19,false
5172700,26151,26023,0,26023,5195600,26280,26152,0,26152,22900,129,5633.19,false
5195600,26280,26152,0,26152,5218500,26409,26281,0,26281,22900,129,5633.19,false
5218500,26409,26281,0,26281,5241400,26538,26410,0,26410,22900,129,5633.19,false
5241400,26538,26410,0,26410,5264300,26667,26539,0,26539,22900,129,5633.19,false
5264300,26667,26539,0,26539,5287200,26796,26668,0,26668,22900,129,5633.19,false
5287200,26796,26668,0,26668,5310100,26925,26797,0,26797,22900,129,5633.19,false
5310100,26925,26797,0,26797,5333000,27054,26926,0,26926,22900,129,5633.19,false
5333000,27054,26926,0,26926,5355900,27183,27055,0,27055,22900,129,5633.19,false
5355900,27183,27055,0,27055,5378800,27312,27184,0,27184,22900,129,5633.19,false
5378800,27312,27184,0,27184,5401700,27441,27313,0,27313,22900,129,5633.19,false
5401700,27441,27313,0,27313,5424600,27570,27442,0,27442,22900,129,5633.19,false
5424600,27570,27442,0,27442,5447500,27699,27571,0,27571,22900,129,5633.19,false
5447500,27699,27571,0,27571,5470400,27828,27700,0,27700,22900,129,5633.19,false
5470400,27828,27700,0,27700,5493300,27957,27829,0,27829,22900,129,5633.19,false
5493300,27957,27829,0,27829,5516200,28086,27958,0,27958,22900,129,5633.19,false
5516200,28086,27958,0,27958,5539100,28215,28087,0,28087,22900,129,5633.19,false
5539100,28215,28087,0,28087,5562000,28344,28216,0,28216,22900,129,5633.19,false
5562000,28344,28216,0,28216,5584900,28473,28345,0,28345,22900,129,5633.19,false
5584900,28473,28345,0,28345,5607800,28602,28474,0,28474,22900,129,5633.19,false
5607800,28602,28474,0,28474,5630700,28731,28603,0,28603,22900,129,5633.19,false
5630700,28731,28603,0,28603,5653600,28860,28732,0,28732,22900,129,5633.19,false
5653600,28860,28732,0,28732,5676500,28989,28861,0,28861,22900,129,5633.19,false
5676500,28989,28861,0,28861,5699400,29118,28990,0,28990,22900,129,5633.19,false
5699400,29118,28990,0,28990,5722300,29247,29119,0,29119,22900,129,5633.19,false
5722300,29247,29119,0,29119,5745200,29376,29248,0,29248,22900,129,5633.19,false
5745200,29376,29248,0,29248,5768100,29505,29377,0,29377,22900,129,5633.19,false
5768100,29505,29377,0,29377,5791000,29634,29506,0,29506,22900,129,5633.19,false
5791000,29634,29506,0,29506,5813900,29763,29635,0,29635,22900,129,5633.19,false
5813900,29763,29635,0,29635,5836800,29892,29764,0,29764,22900,129,5633.19,false
5836800,29892,29764,0,29764,5859700,30021,29893,0,29893,22900,129,5633.19,false
5859700,30021,29893,0,29893,5882600,30150,30022,0,30022,22900,129,5633.19,false
5882600,30150,30022,0,30022,5905500,30279,30151,0,30151,22900,129,5633.19,false
5905500,30279,30151,0,30151,5928400,30408,30280,0,30280,22900,129,5633.19,false
5928400,30408,30280,0,30280,5951300,30537,30409,0,30409,22900,129,5633.19,false
5951300,30537,30409,0,30409,5974200,30666,30538,0,30538,22900,129,5633.19,false
5974200,30666,30538,0,30538,5997100,30795,30667,0,30667,22900,129,5633.19,false
5997100,30795,30667,0,30667,6020000,30924,30796,0,30796,22900,129,5633.19,false
6020000,30924,30796,0,30796,6042900,31053,30925,0,30925,22900,129,5633.19,false
6042900,31053,30925,0,30925,6065800,31182,31054,0,31054,22900,129,5633.19,false
6065800,31182,31054,0,31054,6088700,31311,31183,0,31183,22900,129,5633.19,false
6088700,31311,31183,0,31183,6111600,31440,31312,0,31312,22900,129,5633.19,false
6111600,31440,31312,0,31312,6134500,31569,31441,0,31441,22900,129,5633.19,false
6134500,31569,31441,0,31441,6157400,31698,31570,0,31570,22900,129,5633.19,false
6157400,31698,31570,0,31570,6180300,31827,31699,0,31699,22900,129,5633.19,false
6180300,31827,31699,0,31699,6203200,31956,31828,0,31828,22900,129,5633.19,false
6203200,31956,31828,0,31828,6226100,32085,31957,0,31957,22900,129,5633.19,false
6226100,32085,31957,0,31957,6249000,32214,32086,0,32086,22900,129,5633.19,false
6249000,32214,32086,0,32086,6271900,32343,32215,0,32215,22900,129,5633.19,false
6271900,32343,32215,0,32215,6294800,32472,32344,0,32344,22900,129,5633.19,false
6294800,32472,32344,0,32344,6317700,32601,32473,0,32473,22900,129,5633.19,false
6317700,32601,32473,0,32473,6340600,32730,32602,0,32602,22900,129,5633.19,false
6340600,32730,32602,0,32602,6363500,32859,32731,0,32731,22900,129,5633.19,false
6363500,32859,32731,0,32731,6386400,32988,32860,0,32860,22900,129,5633.19,false
6386400,32988,32860,0,32860,6409300,33117,32989,0,32989,22900,129,5633.19,false
6409300,33117,32989,0,32989,6432200,33246,33118,0,33118,22900,129,5633.19,false
6432200,33246,33118,0,33118,6455100,33375,33247,0,33247,22900,129,5633.19,false
6455100,33375,33247,0,33247,6478000,33504,33376,0,33376,22900,129,5633.19,false
6478000,33504,33376,0,33376,6500900,33633,33505,0,33505,22900,129,5633.19,false
6500900,33633,33505,0,33505,6523800,33762,33634,0,33634,22900,129,5633.19,false
6523800,33762,33634,0,33634,6546700,33891,33763,0,33763,22900,129,5633.19,false
6546700,33891,33763,0,33763,6569600,34020,33892,0,33892,22900,129,5633.19,false
6569600,34020,33892,0,33892,6592500,34149,34021,0,34021,22900,129,5633.19,false
6592500,34149,34021,0,34021,6615400,34278,34150,0,34150,22900,129,5633.19,false
6615400,34278,34150,0,34150,6638300,34407,34279,0,34279,22900,129,5633.19,false
6638300,34407,34279,0,34279,6661200,34536,34408,0,34408,22900,129,5633.19,false
6661200,34536,34408,0,34408,6684100,34665,34537,0,34537,22900,129,5633.19,false
6684100,34665,34537,0,34537,6707000,34794,34666,0,34666,22900,129,5633.19,false
6707000,34794,34666,0,34666,6729900,34923,34795,0,34795,22900,129,5633.19,false
6729900,34923,34795,0,34795,6752800,35052,34924,0,34924,22900,129,5633.19,false
6752800,35052,34924,0,34924,6775700,35181,35053,0,35053,22900,129,5633.19,false
6775700,35181,35053,0,35053,6798600,35310,35182,0,35182,22900,129,5633.19,false
6798600,35310,35182,0,35182,6821500,35439,35311,0,35311,22900,129,5633.19,false
6821500,35439,35311,0,35311,6844400,35568,35440,0,35440,22900,129,5633.19,false
6844400,35568,35440,0,35440,6867300,35697,35569,0,35569,22900,129,5633.19,false
6867300,35697,35569,0,35569,6890200,35826,35698,0,35698,22900,129,5633.19,false
6890200,35826,35698,0,35698,6913100,35955,35827,0,35827,22900,129,5633.19,false
6913100,35955,35827,0,35827,6936000,36084,35956,0,35956,22900,129,5633.19,false
6936000,36084,35956,0,35956,6958900,36213,36085,0,36085,22900,129,5633.19,false
6958900,36213,36085,0,36085,6981800,36342,36214,0,36214,22900,129,5633.19,false
6981800,36342,36214,0,36214,7004700,36471,36343,0,36343,22900,129,5633.19,false
7004700,36471,36343,0,36343,7027600,36600,36472,0,36472,22900,129,5633.19,false
7027600,36600,36472,0,36472,7050500,36729,36601,0,36601,22900,129,5633.19,false
7050500,36729,36601,0,36601,7073400,36858,36730,0,36730,22900,129,5633.19,false
7073400,36858,36730,0,36730,7096300,36987,36859,0,36859,22900,129,5633.19,false
7096300,36987,36859,0,36859,7119200,37116,36988,0,36988,22900,129,5633.19,false
7119200,37116,36988,0,36988,7142100,37245,37117,0,37117,22900,129,5633.19,false
7142100,37245,37117,0,37117,7165000,37374,37246,0,37246,22900,129,5633.19,false
7165000,37374,37246,0,37246,7187900,37503,37375,0,37375,22900,129,5633.19,false
7187900,37503,37375,0,37375,7210800,37632,37504,0,37504,22900,129,5633.19,false
7210800,37632,37504,0,37504,7233700,37761,37633,0,37633,22900,129,5633.19,false
7233700,37761,37633,0,37633,7256600,37890,37762,0,37762,22900,129,5633.19,false
7256600,37890,37762,0,37762,7279500,38019,37891,0,37891,22900,129,5633.19,false
7279500,38019,37891,0,37891,7302400,38148,38020,0,38020,22900,129,5633.19,false
7302400,38148,38020,0,38020,7325300,38277,38149,0,38149,22900,129,5633.19,false
7325300,38277,38149,0,38149,7348200,38406,38278,0,38278,22900,129,5633.19,false
7348200,38406,38278,0,38278,7371100,38535,38407,0,38407,22900,129,5633.19,false
7371100,38535,38407,0,38407,7394000,38664,38536,0,38536,22900,129,5633.19,false
7403900,38763,38635,0,38635,7426800,38892,38764,0,38764,22900,129,5633.19,false
7426800,38892,38764,0,38764,7449700,39021,38893,0,38893,22900,129,5633.19,false
7449700,39021,38893,0,38893,7472600,39150,39022,0,39022,22900,129,5633.19,false
7472600,39150,39022,0,39022,7495500,39279,39151,0,39151,22900,129,5633.19,false
7495500,39279,39151,0,39151,7518400,39408,39280,0,39280,22900,129,5633.19,false
7518400,39408,39280,0,39280,7541300,39537,39409,0,39409,22900,129,5633.19,false
7541300,39537,39409,0,39409,7564200,39666,39538,0,39538,22900,129,5633.19,false
7564200,39666,39538,0,39538,7587100,39795,39667,0,39667,22900,129,5633.19,false
7587100,39795,39667,0,39667,7610000,39924,39796,0,39796,22900,129,5633.19,false
7610000,39924,39796,0,39796,7632900,40053,39925,0,39925,22900,129,5633.19,false
7632900,40053,39925,0,39925,7655800,40182,40054,0,40054,22900,129,5633.19,false
7655800,40182,40054,0,40054,7678700,40311,40183,0,40183,22900,129,5633.19,false
7678700,40311,40183,0,40183,7701600,40440,40312,0,40312,22900,129,5633.19,false
7701600,40440,40312,0,40312,7724500,40569,40441,0,40441,22900,129,5633.19,false
7724500,40569,40441,0,40441,7747400,40698,40570,0,40570,22900,129,5633.19,false
7747400,40698,40570,0,40570,7770300,41118,40699,0,40699,22900,129,5633.19,true
7770300,41118,40699,0,40699,7822300,41538,41119,0,41119,52000,420,8076.92,true
7822300,41538,41119,0,41119,7874300,41667,41539,0,41539,52000,420,8076.92,true
7874300,41667,41539,0,41539,7897200,41808,41668,0,41668,22900,129,5633.19,true
7897200,41808,41668,0,41668,7921300,41965,41809,0,41809,24100,141,5850.62,false
7921300,41965,41809,0,41809,7947000,42122,41966,0,41966,25700,157,6108.95,false
7947000,42122,41966,0,41966,7995300,42279,42123,0,42123,48300,157,3250.52,false
7995300,42279,42123,0,42123,8043600,42436,42280,0,42280,48300,157,3250.52,false
8043600,42436,42280,0,42280,8069400,42593,42437,0,42437,25800,157,6085.27,false
8069400,42593,42437,0,42437,8098100,42750,42594,0,42594,28700,157,5470.38,false
8098100,42750,42594,0,42594,8126800,42907,42751,0,42751,28700,157,5470.38,false
8126800,42907,42751,0,42751,8155500,43064,42908,0,42908,28700,157,5470.38,false
8155500,43064,42908,0,42908,8184200,43221,43065,0,43065,28700,157,5470.38,false
8184200,43221,43065,0,43065,8212900,43378,43222,0,43222,28700,157,5470.38,false
8212900,43378,43222,0,43222,8241600,43535,43379,0,43379,28700,157,5470.38,false
8241600,43535,43379,0,43379,8270300,43692,43536,0,43536,28700,157,5470.38,false
8270300,43692,43536,0,43536,8299000,43849,43693,0,43693,28700,157,5470.38,false
8299000,43849,43693,0,43693,8327700,44006,43850,0,43850,28700,157,5470.38,false
8327700,44006,43850,0,43850,8356400,44163,44007,0,44007,28700,157,5470.38,false
8356400,44163,44007,0,44007,8385100,44320,44164,0,44164,28700,157,5470.38,false
8385100,44320,44164,0,44164,8413800,44477,44321,0,44321,28700,157,5470.38,false
8413800,44477,44321,0,44321,8442500,44634,44478,0,44478,28700,157,5470.38,false
8442500,44634,44478,0,44478,8471200,44791,44635,0,44635,28700,157,5470.38,false
8471200,44791,44635,0,44635,8499900,44948,44792,0,44792,28700,157,5470.38,false
8499900,44948,44792,0,44792,8528600,45105,44949,0,44949,28700,157,5470.38,false
8528600,45105,44949,0,44949,8557300,45262,45106,0,45106,28700,157,5470.38,false
8557300,45262,45106,0,45106,8586000,45419,45263,0,45263,28700,157,5470.38,false
8586000,45419,45263,0,45263,8614700,45576,45420,0,45420,28700,157,5470.38,false
8614700,45576,45420,0,45420,8643400,45733,45577,0,45577,28700,157,5470.38,false
8643400,45733,45577,0,45577,8672100,45890,45734,0,45734,28700,157,5470.38,false
8672100,45890,45734,0,45734,8700800,46047,45891,0,45891,28700,157,5470.38,false
8700800,46047,45891,0,45891,8729500,46204,46048,0,46048,28700,157,5470.38,false
8729500,46204,46048,0,46048,8758200,46361,46205,0,46205,28700,157,5470.38,false
8758200,46361,46205,0,46205,8786900,46518,46362,0,46362,28700,157,5470.38,false
8786900,46518,46362,0,46362,8815600,46675,46519,0,46519,28700,157,5470.38,false
8815600,46675,46519,0,46519,8844300,46832,46676,0,46676,28700,157,5470.38,false
8844300,46832,46676,0,46676,8873000,46989,46833,0,46833,28700,157,5470.38,false
8873000,46989,46833,0,46833,8901700,47146,46990,0,46990,28700,157,5470.38,false
8901700,47146,46990,0,46990,8930400,47303,47147,0,47147,28700,157,5470.38,false
8930400,47303,47147,0,47147,8959100,47460,47304,0,47304,28700,157,5470.38,false
8959100,47460,47304,0,47304,8987800,47617,47461,0,47461,28700,157,5470.38,false
8987800,47617,47461,0,47461,9016500,47774,47618,0,47618,28700,157,5470.38,false
9016500,47774,47618,0,47618,9045200,47931,47775,0,47775,28700,157,5470.38,false
9045200,47931,47775,0,47775,9073900,48088,47932,0,47932,28700,157,5470.38,false
9073900,48088,47932,0,47932,9102600,48245,48089,0,48089,28700,157,5470.38,false
9102600,48245,48089,0,48089,9131300,48402,48246,0,48246,28700,157,5470.38,false
9131300,48402,48246,0,48246,9160000,48559,48403,0,48403,28700,157,5470.38,false
9160000,48559,48403,0,48403,9188700,48716,48560,0,48560,28700,157,5470.38,false
9188700,48716,48560,0,48560,9217400,48873,48717,0,48717,28700,157,5470.38,false
9217400,48873,48717,0,48717,9246100,49030,48874,0,48874,28700,157,5470.38,false
9246100,49030,48874,0,48874,9274800,49187,49031,0,49031,28700,157,5470.38,false
9274800,49187,49031,0,49031,9303500,49344,49188,0,49188,28700,157,5470.38,false
9303500,49344,49188,0,49188,9332200,49501,49345,0,49345,28700,157,5470.38,false
9332200,49501,49345,0,49345,9360900,49658,49502,0,49502,28700,157,5470.38,false
9360900,49658,49502,0,49502,9389600,49815,49659,0,49659,28700,157,5470.38,false
9389600,49815,49659,0,49659,9418300,49972,49816,0,49816,28700,157,5470.38,false
9418300,49972,49816,0,49816,9447000,50129,49973,0,49973,28700,157,5470.38,false
9447000,50129,49973,0,49973,9475700,50286,50130,0,50130,28700,157,5470.38,false
9475700,50286,50130,0,50130,9504400,50443,50287,0,50287,28700,157,5470.38,false
9504400,50443,50287,0,50287,9533100,50600,50444,0,50444,28700,157,5470.38,false
9533100,50600,50444,0,50444,9561800,50757,50601,0,50601,28700,157,5470.38,false
9561800,50757,50601,0,50601,9590500,50914,50758,0,50758,28700,157,5470.38,false
9590500,50914,50758,0,50758,9619200,51071,50915,0,50915,28700,157,5470.38,false
9619200,51071,50915,0,50915,9647900,51228,51072,0,51072,28700,157,5470.38,false
9647900,51228,51072,0,51072,9676600,51385,51229,0,51229,28700,157,5470.38,false
9676600,51385,51229,0,51229,9705300,51542,51386,0,51386,28700,157,5470.38,false
9705300,51542,51386,0,51386,9734000,51699,51543,0,51543,28700,157,5470.38,false
9734000,51699,51543,0,51543,9762700,51856,51700,0,51700,28700,157,5470.38,false
9762700,51856,51700,0,51700,9791400,52013,51857,0,51857,28700,157,5470.38,false
9791400,52013,51857,0,51857,9820100,52170,52014,0,52014,28700,157,5470.38,false
9820100,52170,52014,0,52014,9848800,52327,52171,0,52171,28700,157,5470.38,false
9848800,52327,52171,0,52171,9877500,52484,52328,0,52328,28700,157,5470.38,false
9877500,52484,52328,0,52328,9906200,52641,52485,0,52485,28700,157,5470.38,false
9906200,52641,52485,0,52485,9934900,52798,52642,0,52642,28700,157,5470.38,false
9934900,52798,52642,0,52642,9963600,52955,52799,0,52799,28700,157,5470.38,false
9963600,52955,52799,0,52799,9992300,53112,52956,0,52956,28700,157,5470.38,false
9992300,53112,52956,0,52956,10021000,53269,53113,0,53113,28700,157,5470.38,false
10021000,53269,53113,0,53113,10049700,53426,53270,0,53270,28700,157,5470.38,false
10049700,53426,53270,0,53270,10078400,53583,53427,0,53427,28700,157,5470.38,false
10078400,53583,53427,0,53427,10107100,53740,53584,0,53584,28700,157,5470.38,false
10107100,53740,53584,0,53584,10135800,53897,53741,0,53741,28700,157,5470.38,false
10135800,53897,53741,0,53741,10164500,54054,53898,0,53898,28700,157,5470.38,false
10164500,54054,53898,0,53898,10193200,54211,54055,0,54055,28700,157,5470.38,false
10193200,54211,54055,0,54055,10221900,54368,54212,0,54212,28700,157,5470.38,false
10221900,54368,54212,0,54212,10250600,54525,54369,0,54369,28700,157,5470.38,false
10250600,54525,54369,0,54369,10279300,54682,54526,0,54526,28700,157,5470.38,false
10279300,54682,54526,0,54526,10308000,54839,54683,0,54683,28700,157,5470.38,false
10308000,54839,54683,0,54683,10336700,54996,54840,0,54840,28700,157,5470.38,false
10336700,54996,54840,0,54840,10365400,55153,54997,0,54997,28700,157,5470.38,false
10365400,55153,54997,0,54997,10394100,55310,55154,0,55154,28700,157,5470.38,false
10394100,55310,55154,0,55154,10422800,55467,55311,0,55311,28700,157,5470.38,false
10422800,55467,55311,0,55311,10451500,55624,55468,0,55468,28700,157,5470.38,false
10451500,55624,55468,0,55468,10480200,55781,55625,0,55625,28700,157,5470.38,false
10480200,55781,55625,0,55625,10508900,55938,55782,0,55782,28700,157,5470.38,false
10508900,55938,55782,0,55782,10537600,56095,55939,0,55939,28700,157,5470.38,false
10537600,56095,55939,0,55939,10566300,56252,56096,0,56096,28700,157,5470.38,false
10566300,56252,56096,0,56096,10595000,56409,56253,0,56253,28700,157,5470.38,false
10595000,56409,56253,0,56253,10623700,56566,56410,0,56410,28700,157,5470.38,false
10623700,56566,56410,0,56410,10652400,56723,56567,0,56567,28700,157,5470.38,false
10652400,56723,56567,0,56567,10681100,56880,56724,0,56724,28700,157,5470.38,false
10681100,56880,56724,0,56724,10709800,57037,56881,0,56881,28700,157,5470.38,false
10709800,57037,56881,0,56881,10738500,57194,57038,0,57038,28700,157,5470.38,false
10738500,57194,57038,0,57038,10767200,57351,57195,0,57195,28700,157,5470.38,false
10767200,57351,57195,0,57195,10795900,57508,57352,0,57352,28700,157,5470.38,false
10795900,57508,57352,0,57352,10824600,57665,57509,0,57509,28700,157,5470.38,false
10824600,57665,57509,0,57509,10853300,57822,57666,0,57666,28700,157,5470.38,false
10853300,57822,57666,0,57666,10882000,57979,57823,0,57823,28700,157,5470.38,false
10882000,57979,57823,0,57823,10910700,58136,57980,0,57980,28700,157,5470.38,false
10910700,58136,57980,0,57980,10939400,58293,58137,0,58137,28700,157,5470.38,false
10954000,58334,58178,0,58178,10982700,58491,58335,0,58335,28700,157,5470.38,false
10982700,58491,58335,0,58335,11011400,58648,58492,0,58492,28700,157,5470.38,false
11011400,58648,58492,0,58492,11040100,58805,58649,0,58649,28700,157,5470.38,false
11040100,58805,58649,0,58649,11068800,58962,58806,0,58806,28700,157,5470.38,false
11068800,58962,58806,0,58806,11097500,59119,58963,0,58963,28700,157,5470.38,false
11097500,59119,58963,0,58963,11126200,59276,59120,0,59120,28700,157,5470.38,false
11126200,59276,59120,0,59120,11154900,59433,59277,0,59277,28700,157,5470.38,false
11154900,59433,59277,0,59277,11183600,59590,59434,0,59434,28700,157,5470.38,false
11183600,59590,59434,0,59434,11212300,59747,59591,0,59591,28700,157,5470.38,false
11212300,59747,59591,0,59591,11241000,59904,59748,0,59748,28700,157,5470.38,false
11241000,59904,59748,0,59748,11269700,60061,59905,0,59905,28700,157,5470.38,false
11269700,60061,59905,0,59905,11298400,60218,60062,0,60062,28700,157,5470.38,false
11298400,60218,60062,0,60062,11327100,60415,60219,0,60219,28700,157,5470.38,true
11327100,60415,60219,0,60219,11359800,60982,60416,0,60416,32700,197,6024.46,true
11359800,60982,60416,0,60416,11429500,61549,60983,0,60983,69700,567,8134.86,true
11429500,61549,60983,0,60983,11499200,61706,61550,0,61550,69700,567,8134.86,true
11499200,61706,61550,0,61550,11527900,61861,61707,0,61707,28700,157,5470.38,true
11527900,61861,61707,0,61707,11556400,62016,61862,0,61862,28500,155,5438.60,false
11556400,62016,61862,0,61862,11584900,62171,62017,0,62017,28500,155,5438.60,false
11584900,62171,62017,0,62017,11647200,62326,62172,0,62172,62300,155,2487.96,false
11647200,62326,62172,0,62172,11709500,62481,62327,0,62327,62300,155,2487.96,false
11709500,62481,62327,0,62327,11743300,62636,62482,0,62482,33800,155,4585.80,false
11743300,62636,62482,0,62482,11773400,62791,62637,0,62637,30100,155,5149.50,false
11773400,62791,62637,0,62637,11803500,62946,62792,0,62792,30100,155,5149.50,false
11803500,62946,62792,0,62792,11833600,63101,62947,0,62947,30100,155,5149.50,false
11833600,63101,62947,0,62947,11863700,63256,63102,0,63102,30100,155,5149.50,false
11863700,63256,63102,0,63102,11893800,63411,63257,0,63257,30100,155,5149.50,false
11893800,63411,63257,0,63257,11923900,63566,63412,0,63412,30100,155,5149.50,false
11923900,63566,63412,0,63412,11954000,63721,63567,0,63567,30100,155,5149.50,false
11954000,63721,63567,0,63567,11984100,63876,63722,0,63722,30100,155,5149.50,false
11984100,63876,63722,0,63722,12014200,64031,63877,0,63877,30100,155,5149.50,false
12014200,64031,63877,0,63877,12044300,64186,64032,0,64032,30100,155,5149.50,false
12044300,64186,64032,0,64032,12074400,64341,64187,0,64187,30100,155,5149.50,false
12074400,64341,64187,0,64187,12104500,64496,64342,0,64342,30100,155,5149.50,false
12104500,64496,64342,0,64342,12134600,64651,64497,0,64497,30100,155,5149.50,false
12134600,64651,64497,0,64497,12164700,64806,64652,0,64652,30100,155,5149.50,false
12164700,64806,64652,0,64652,12194800,64961,64807,0,64807,30100,155,5149.50,false
12194800,64961,64807,0,64807,12224900,65116,64962,0,64962,30100,155,5149.50,false
12224900,65116,64962,0,64962,12255000,65271,65117,0,65117,30100,155,5149.50,false
12255000,65271,65117,0,65117,12285100,65426,65272,0,65272,30100,155,5149.50,false
12285100,65426,65272,0,65272,12315200,65581,65427,0,65427,30100,155,5149.50,false
12315200,65581,65427,0,65427,12345300,65736,65582,0,65582,30100,155,5149.50,false
12345300,65736,65582,0,65582,12375400,65891,65737,0,65737,30100,155,5149.50,false
12375400,65891,65737,0,65737,12405500,66046,65892,0,65892,30100,155,5149.50,false
12405500,66046,65892,0,65892,12435600,66201,66047,0,66047,30100,155,5149.50,false
12435600,66201,66047,0,66047,12465700,66356,66202,0,66202,30100,155,5149.50,false
12465700,66356,66202,0,66202,12495800,66511,66357,0,66357,30100,155,5149.50,false
12495800,66511,66357,0,66357,12525900,66666,66512,0,66512,30100,155,5149.50,false
12525900,66666,66512,0,66512,12556000,66821,66667,0,66667,30100,155,5149.50,false
12556000,66821,66667,0,66667,12586100,66976,66822,0,66822,30100,155,5149.50,false
12586100,66976,66822,0,66822,12616200,67131,66977,0,66977,30100,155,5149.50,false
12616200,67131,66977,0,66977,12646300,67286,67132,0,67132,30100,155,5149.50,false
12646300,67286,67132,0,67132,12676400,67441,67287,0,67287,30100,155,5149.50,false
12676400,67441,67287,0,67287,12706500,67596,67442,0,67442,30100,155,5149.50,false
12706500,67596,67442,0,67442,12736600,67751,67597,0,67597,30100,155,5149.50,false
12736600,67751,67597,0,67597,12766700,67906,67752,0,67752,30100,155,5149.50,false
12766700,67906,67752,0,67752,12796800,68061,67907,0,67907,30100,155,5149.50,false
12796800,68061,67907,0,67907,12826900,68216,68062,0,68062,30100,155,5149.50,false
12826900,68216,68062,0,68062,12857000,68371,68217,0,68217,30100,155,5149.50,false
12857000,68371,68217,0,68217,12887100,68526,68372,0,68372,30100,155,5149.50,false
12887100,68526,68372,0,68372,12917200,68681,68527,0,68527,30100,155,5149.50,false
12917200,68681,68527,0,68527,12947300,68836,68682,0,68682,30100,155,5149.50,false
12947300,68836,68682,0,68682,12977400,68991,68837,0,68837,30100,155,5149.50,false
12977400,68991,68837,0,68837,13007500,69146,68992,0,68992,30100,155,5149.50,false
13007500,69146,68992,0,68992,13037600,69301,69147,0,69147,30100,155,5149.50,false
13037600,69301,69147,0,69147,13067700,69456,69302,0,69302,30100,155,5149.50,false
13067700,69456,69302,0,69302,13097800,69611,69457,0,69457,30100,155,5149.50,false
13097800,69611,69457,0,69457,13127900,69766,69612,0,69612,30100,155,5149.50,false
13127900,69766,69612,0,69612,13158000,69921,69767,0,69767,30100,155,5149.50,false
13158000,69921,69767,0,69767,13188100,70076,69922,0,69922,30100,155,5149.50,false
13188100,70076,69922,0,69922,13218200,70231,70077,0,70077,30100,155,5149.50,false
13218200,70231,70077,0,70077,13248300,70386,70232,0,70232,30100,155,5149.50,false
13248300,70386,70232,0,70232,13278400,70541,70387,0,70387,30100,155,5149.50,false
13278400,70541,70387,0,70387,13308500,70696,70542,0,70542,30100,155,5149.50,false
13308500,70696,70542,0,70542,13338600,70851,70697,0,70697,30100,155,5149.50,false
13338600,70851,70697,0,70697,13368700,71006,70852,0,70852,30100,155,5149.50,false
13368700,71006,70852,0,70852,13398800,71161,71007,0,71007,30100,155,5149.50,false
13398800,71161,71007,0,71007,13428900,71316,71162,0,71162,30100,155,5149.50,false
13428900,71316,71162,0,71162,13459000,71471,71317,0,71317,30100,155,5149.50,false
13459000,71471,71317,0,71317,13489100,71626,71472,0,71472,30100,155,5149.50,false
13489100,71626,71472,0,71472,13519200,71781,71627,0,71627,30100,155,5149.50,false
13519200,71781,71627,0,71627,13549300,71936,71782,0,71782,30100,155,5149.50,false
13549300,71936,71782,0,71782,13579400,72091,71937,0,71937,30100,155,5149.50,false
13579400,72091,71937,0,71937,13609500,72246,72092,0,72092,30100,155,5149.50,false
13609500,72246,72092,0,72092,13639600,72401,72247,0,72247,30100,155,5149.50,false
13639600,72401,72247,0,72247,13669700,72556,72402,0,72402,30100,155,5149.50,false
13669700,72556,72402,0,72402,13699800,72711,72557,0,72557,30100,155,5149.50,false
13699800,72711,72557,0,72557,13729900,72866,72712,0,72712,30100,155,5149.50,false
13729900,72866,72712,0,72712,13760000,73021,72867,0,72867,30100,155,5149.50,false
13760000,73021,72867,0,72867,13790100,73176,73022,0,73022,30100,155,5149.50,false
13790100,73176,73022,0,73022,13820200,73331,73177,0,73177,30100,155,5149.50,false
13820200,73331,73177,0,73177,13850300,73486,73332,0,73332,30100,155,5149.50,false
13850300,73486,73332,0,73332,13880400,73641,73487,0,73487,30100,155,5149.50,false
13880400,73641,73487,0,73487,13910500,73796,73642,0,73642,30100,155,5149.50,false
13910500,73796,73642,0,73642,13940600,73951,73797,0,73797,30100,155,5149.50,false
13940600,73951,73797,0,73797,13970700,74106,73952,0,73952,30100,155,5149.50,false
13970700,74106,73952,0,73952,14000800,74261,74107,0,74107,30100,155,5149.50,false
14000800,74261,74107,0,74107,14030900,74416,74262,0,74262,30100,155,5149.50,false
14030900,74416,74262,0,74262,14061000,74571,74417,0,74417,30100,155,5149.50,false
14061000,74571,74417,0,74417,14091100,74726,74572,0,74572,30100,155,5149.50,false
14091100,74726,74572,0,74572,14121200,74881,74727,0,74727,30100,155,5149.50,false
14121200,74881,74727,0,74727,14151300,75036,74882,0,74882,30100,155,5149.50,false
14151300,75036,74882,0,74882,14181400,75191,75037,0,75037,30100,155,5149.50,false
14181400,75191,75037,0,75037,14211500,75346,75192,0,75192,30100,155,5149.50,false
14211500,75346,75192,0,75192,14241600,75501,75347,0,75347,30100,155,5149.50,false
14241600,75501,75347,0,75347,14271700,75656,75502,0,75502,30100,155,5149.50,false
14271700,75656,75502,0,75502,14301800,75811,75657,0,75657,30100,155,5149.50,false
14301800,75811,75657,0,75657,14331900,75966,75812,0,75812,30100,155,5149.50,false
14331900,75966,75812,0,75812,14362000,76121,75967,0,75967,30100,155,5149.50,false
14362000,76121,75967,0,75967,14392100,76276,76122,0,76122,30100,155,5149.50,false
14392100,76276,76122,0,76122,14422200,76431,76277,0,76277,30100,155,5149.50,false
14422200,76431,76277,0,76277,14452300,76586,76432,0,76432,30100,155,5149.50,false
14452300,76586,76432,0,76432,14482400,76741,76587,0,76587,30100,155,5149.50,false
14482400,76741,76587,0,76587,14512500,76896,76742,0,76742,30100,155,5149.50,false
14512500,76896,76742,0,76742,14542600,77051,76897,0,76897,30100,155,5149.50,false
14542600,77051,76897,0,76897,14572700,77206,77052,0,77052,30100,155,5149.50,false
14572700,77206,77052,0,77052,14602800,77361,77207,0,77207,30100,155,5149.50,false
14627800,77476,77322,0,77322,14657900,77631,77477,0,77477,30100,155,5149.50,false
14657900,77631,77477,0,77477,14688000,77786,77632,0,77632,30100,155,5149.50,false
14688000,77786,77632,0,77632,14718100,77941,77787,0,77787,30100,155,5149.50,false
14718100,77941,77787,0,77787,14748200,78096,77942,0,77942,30100,155,5149.50,false
14748200,78096,77942,0,77942,14778300,78251,78097,0,78097,30100,155,5149.50,false
14778300,78251,78097,0,78097,14808400,78406,78252,0,78252,30100,155,5149.50,false
14808400,78406,78252,0,78252,14838500,78561,78407,0,78407,30100,155,5149.50,false
14838500,78561,78407,0,78407,14868600,78716,78562,0,78562,30100,155,5149.50,false
14868600,78716,78562,0,78562,14898700,78871,78717,0,78717,30100,155,5149.50,false
14898700,78871,78717,0,78717,14928800,79026,78872,0,78872,30100,155,5149.50,false
14928800,79026,78872,0,78872,14958900,79181,79027,0,79027,30100,155,5149.50,false
14958900,79181,79027,0,79027,14989000,79336,79182,0,79182,30100,155,5149.50,false
14989000,79336,79182,0,79182,15019100,79906,79337,0,79337,30100,155,5149.50,true
15019100,79906,79337,0,79337,15090700,80476,79907,0,79907,71600,570,7960.89,true
15090700,80476,79907,0,79907,15162300,80653,80477,0,80477,71600,570,7960.89,true
15162300,80653,80477,0,80477,15195700,80807,80654,0,80654,33400,177,5299.40,true
15195700,80807,80654,0,80654,15225700,80959,80808,0,80808,30000,154,5133.33,false
15225700,80959,80808,0,80808,15255500,81111,80960,0,80960,29800,152,5100.67,false
15255500,81111,80960,0,80960,15285300,81263,81112,0,81112,29800,152,5100.67,false
15285300,81263,81112,0,81112,15315100,81415,81264,0,81264,29800,152,5100.67,false
15315100,81415,81264,0,81264,15344900,81567,81416,0,81416,29800,152,5100.67,false
15344900,81567,81416,0,81416,15413600,81719,81568,0,81568,68700,152,2212.52,false
15413600,81719,81568,0,81568,15482300,81871,81720,0,81720,68700,152,2212.52,false
15482300,81871,81720,0,81720,15512100,82023,81872,0,81872,29800,152,5100.67,false
15512100,82023,81872,0,81872,15542200,82175,82024,0,82024,30100,152,5049.83,false
15542200,82175,82024,0,82024,15572300,82327,82176,0,82176,30100,152,5049.83,false
15572300,82327,82176,0,82176,15602400,82479,82328,0,82328,30100,152,5049.83,false
15602400,82479,82328,0,82328,15632500,82631,82480,0,82480,30100,152,5049.83,false
15632500,82631,82480,0,82480,15662600,82783,82632,0,82632,30100,152,5049.83,false
15662600,82783,82632,0,82632,15692700,82935,82784,0,82784,30100,152,5049.83,false
15692700,82935,82784,0,82784,15722800,83087,82936,0,82936,30100,152,5049.83,false
15722800,83087,82936,0,82936,15752900,83239,83088,0,83088,30100,152,5049.83,false
15752900,83239,83088,0,83088,15783000,83391,83240,0,83240,30100,152,5049.83,false
15783000,83391,83240,0,83240,15813100,83543,83392,0,83392,30100,152,5049.83,false
15813100,83543,83392,0,83392,15843200,83695,83544,0,83544,30100,152,5049.83,false
15843200,83695,83544,0,83544,15873300,83847,83696,0,83696,30100,152,5049.83,false
15873300,83847,83696,0,83696,15903400,83999,83848,0,83848,30100,152,5049.83,false
15903400,83999,83848,0,83848,15933500,84151,84000,0,84000,30100,152,5049.83,false
15933500,84151,84000,0,84000,15963600,84303,84152,0,84152,30100,152,5049.83,false
15963600,84303,84152,0,84152,15993700,84455,84304,0,84304,30100,152,5049.83,false
15993700,84455,84304,0,84304,16023800,84607,84456,0,84456,30100,152,5049.83,false
16023800,84607,84456,0,84456,16053900,84759,84608,0,84608,30100,152,5049.83,false
16053900,84759,84608,0,84608,16084000,84911,84760,0,84760,30100,152,5049.83,false
16084000,84911,84760,0,84760,16114100,85063,84912,0,84912,30100,152,5049.83,false
16114100,85063,84912,0,84912,16144200,85215,85064,0,85064,30100,152,5049.83,false
16144200,85215,85064,0,85064,16174300,85367,85216,0,85216,30100,152,5049.83,false
16174300,85367,85216,0,85216,16204400,85519,85368,0,85368,30100,152,5049.83,false
16204400,85519,85368,0,85368,16234500,85671,85520,0,85520,30100,152,5049.83,false
16234500,85671,85520,0,85520,16264600,85823,85672,0,85672,30100,152,5049.83,false
16264600,85823,85672,0,85672,16294700,85975,85824,0,85824,30100,152,5049.83,false
16294700,85975,85824,0,85824,16324800,86127,85976,0,85976,30100,152,5049.83,false
16324800,86127,85976,0,85976,16354900,86279,86128,0,86128,30100,152,5049.83,false
16354900,86279,86128,0,86128,16385000,86431,86280,0,86280,30100,152,5049.83,false
16385000,86431,86280,0,86280,16415100,86583,86432,0,86432,30100,152,5049.83,false
16415100,86583,86432,0,86432,16445200,86735,86584,0,86584,30100,152,5049.83,false
16445200,86735,86584,0,86584,16475300,86887,86736,0,86736,30100,152,5049.83,false
16475300,86887,86736,0,86736,16505400,87039,86888,0,86888,30100,152,5049.83,false
16505400,87039,86888,0,86888,16535500,87191,87040,0,87040,30100,152,5049.83,false
16535500,87191,87040,0,87040,16565600,87343,87192,0,87192,30100,152,5049.83,false
16565600,87343,87192,0,87192,16595700,87495,87344,0,87344,30100,152,5049.83,false
16595700,87495,87344,0,87344,16625800,87647,87496,0,87496,30100,152,5049.83,false
16625800,87647,87496,0,87496,16655900,87799,87648,0,87648,30100,152,5049.83,false
16655900,87799,87648,0,87648,16686000,87951,87800,0,87800,30100,152,5049.83,false
16686000,87951,87800,0,87800,16716100,88103,87952,0,87952,30100,152,5049.83,false
16716100,88103,87952,0,87952,16746200,88255,88104,0,88104,30100,152,5049.83,false
16746200,88255,88104,0,88104,16776300,88407,88256,0,88256,30100,152,5049.83,false
16776300,88407,88256,0,88256,16806400,88559,88408,0,88408,30100,152,5049.83,false
16806400,88559,88408,0,88408,16836500,88711,88560,0,88560,30100,152,5049.83,false
16836500,88711,88560,0,88560,16866600,88863,88712,0,88712,30100,152,5049.83,false
16866600,88863,88712,0,88712,16896700,89015,88864,0,88864,30100,152,5049.83,false
16896700,89015,88864,0,88864,16926800,89167,89016,0,89016,30100,152,5049.83,false
16926800,89167,89016,0,89016,16956900,89319,89168,0,89168,30100,152,5049.83,false
16956900,89319,89168,0,89168,16987000,89471,89320,0,89320,30100,152,5049.83,false
16987000,89471,89320,0,89320,17017100,89623,89472,0,89472,30100,152,5049.83,false
17017100,89623,89472,0,89472,17047200,89775,89624,0,89624,30100,152,5049.83,false
17047200,89775,89624,0,89624,17077300,89927,89776,0,89776,30100,152,5049.83,false
17077300,89927,89776,0,89776,17107400,90079,89928,0,89928,30100,152,5049.83,false
17107400,90079,89928,0,89928,17137500,90231,90080,0,90080,30100,152,5049.83,false
17137500,90231,90080,0,90080,17167600,90383,90232,0,90232,30100,152,5049.83,false
17167600,90383,90232,0,90232,17197700,90535,90384,0,90384,30100,152,5049.83,false
17197700,90535,90384,0,90384,17227800,90687,90536,0,90536,30100,152,5049.83,false
17227800,90687,90536,0,90536,17257900,90839,90688,0,90688,30100,152,5049.83,false
17257900,90839,90688,0,90688,17288000,90991,90840,0,90840,30100,152,5049.83,false
17288000,90991,90840,0,90840,17318100,91143,90992,0,90992,30100,152,5049.83,false
17318100,91143,90992,0,90992,17348200,91295,91144,0,91144,30100,152,5049.83,false
17348200,91295,91144,0,91144,17378300,91447,91296,0,91296,30100,152,5049.83,false
17378300,91447,91296,0,91296,17408400,91599,91448,0,91448,30100,152,5049.83,false
17408400,91599,91448,0,91448,17438500,91751,91600,0,91600,30100,152,5049.83,false
17438500,91751,91600,0,91600,17468600,91903,91752,0,91752,30100,152,5049.83,false
17468600,91903,91752,0,91752,17498700,92055,91904,0,91904,30100,152,5049.83,false
17498700,92055,91904,0,91904,17528800,92207,92056,0,92056,30100,152,5049.83,false
17528800,92207,92056,0,92056,17558900,92359,92208,0,92208,30100,152,5049.83,false
17558900,92359,92208,0,92208,17589000,92511,92360,0,92360,30100,152,5049.83,false
17589000,92511,92360,0,92360,17619100,92663,92512,0,92512,30100,152,5049.83,false
17619100,92663,92512,0,92512,17649200,92815,92664,0,92664,30100,152,5049.83,false
17649200,92815,92664,0,92664,17679300,92967,92816,0,92816,30100,152,5049.83,false
17679300,92967,92816,0,92816,17709400,93119,92968,0,92968,30100,152,5049.83,false
17709400,93119,92968,0,92968,17739500,93271,93120,0,93120,30100,152,5049.83,false
17739500,93271,93120,0,93120,17769600,93423,93272,0,93272,30100,152,5049.83,false
17769600,93423,93272,0,93272,17799700,93575,93424,0,93424,30100,152,5049.83,false
17799700,93575,93424,0,93424,17829800,93727,93576,0,93576,30100,152,5049.83,false
17829800,93727,93576,0,93576,17859900,93879,93728,0,93728,30100,152,5049.83,false
17859900,93879,93728,0,93728,17890000,94031,93880,0,93880,30100,152,5049.83,false
17890000,94031,93880,0,93880,17920100,94183,94032,0,94032,30100,152,5049.83,false
17920100,94183,94032,0,94032,17950200,94335,94184,0,94184,30100,152,5049.83,false
17950200,94335,94184,0,94184,17980300,94487,94336,0,94336,30100,152,5049.83,false
17980300,94487,94336,0,94336,18010400,94639,94488,0,94488,30100,152,5049.83,false
18010400,94639,94488,0,94488,18040500,94791,94640,0,94640,30100,152,5049.83,false
18040500,94791,94640,0,94640,18070600,94943,94792,0,94792,30100,152,5049.83,false
18070600,94943,94792,0,94792,18100700,95095,94944,0,94944,30100,152,5049.83,false
18100700,95095,94944,0,94944,18130800,95247,95096,0,95096,30100,152,5049.83,false
18130800,95247,95096,0,95096,18160900,95399,95248,0,95248,30100,152,5049.83,false
18160900,95399,95248,0,95248,18191000,95551,95400,0,95400,30100,152,5049.83,false
18191000,95551,95400,0,95400,18221100,95703,95552,0,95552,30100,152,5049.83,false
18221100,95703,95552,0,95552,18251200,95855,95704,0,95704,30100,152,5049.83,false
18251200,95855,95704,0,95704,18281300,96007,95856,0,95856,30100,152,5049.83,false
18281300,96007,95856,0,95856,18311400,96159,96008,0,96008,30100,152,5049.83,false
18311500,96160,96009,0,96009,18341600,96312,96161,0,96161,30100,152,5049.83,false
18341600,96312,96161,0,96161,18371700,96464,96313,0,96313,30100,152,5049.83,false
18371700,96464,96313,0,96313,18401800,96616,96465,0,96465,30100,152,5049.83,false
18401800,96616,96465,0,96465,18431900,96768,96617,0,96617,30100,152,5049.83,false
18431900,96768,96617,0,96617,18462000,96920,96769,0,96769,30100,152,5049.83,false
18462000,96920,96769,0,96769,18492100,97072,96921,0,96921,30100,152,5049.83,false
18492100,97072,96921,0,96921,18522200,97224,97073,0,97073,30100,152,5049.83,false
18522200,97224,97073,0,97073,18552300,97376,97225,0,97225,30100,152,5049.83,false
18552300,97376,97225,0,97225,18582400,97528,97377,0,97377,30100,152,5049.83,false
18582400,97528,97377,0,97377,18612500,97680,97529,0,97529,30100,152,5049.83,false
18612500,97680,97529,0,97529,18642600,97832,97681,0,97681,30100,152,5049.83,false
18642600,97832,97681,0,97681,18672700,97984,97833,0,97833,30100,152,5049.83,false
18672700,97984,97833,0,97833,18702800,98543,97985,0,97985,30100,152,5049.83,true
18702800,98543,97985,0,97985,18773600,99102,98544,0,98544,70800,559,7895.48,true
18773600,99102,98544,0,98544,18844400,99293,99103,0,99103,70800,559,7895.48,true
18844400,99293,99103,0,99103,18878400,99444,99294,0,99294,34000,191,5617.65,true
18878400,99444,99294,0,99294,18908400,99595,99445,0,99445,30000,151,5033.33,false
18908400,99595,99445,0,99445,18938400,99746,99596,0,99596,30000,151,5033.33,false
18938400,99746,99596,0,99596,18968400,99897,99747,0,99747,30000,151,5033.33,false
18968400,99897,99747,0,99747,18998400,100048,99898,0,99898,30000,151,5033.33,false
18998400,100048,99898,0,99898,19028400,100199,100049,0,100049,30000,151,5033.33,false
19028400,100199,100049,0,100049,19058400,100350,100200,0,100200,30000,151,5033.33,false
19058400,100350,100200,0,100200,19088400,100501,100351,0,100351,30000,151,5033.33,false
19088400,100501,100351,0,100351,19118400,100652,100502,0,100502,30000,151,5033.33,false
19118400,100652,100502,0,100502,19148400,100803,100653,0,100653,30000,151,5033.33,false
19148400,100803,100653,0,100653,19218200,100954,100804,0,100804,69800,151,2163.32,false
19218200,100954,100804,0,100804,19288000,101105,100955,0,100955,69800,151,2163.32,false
19288000,101105,100955,0,100955,19318000,101256,101106,0,101106,30000,151,5033.33,false
19318000,101256,101106,0,101106,19348100,101407,101257,0,101257,30100,151,5016.61,false
19348100,101407,101257,0,101257,19378200,101558,101408,0,101408,30100,151,5016.61,false
19378200,101558,101408,0,101408,19408300,101709,101559,0,101559,30100,151,5016.61,false
19408300,101709,101559,0,101559,19438400,101860,101710,0,101710,30100,151,5016.61,false
19438400,101860,101710,0,101710,19468500,102011,101861,0,101861,30100,151,5016.61,false
19468500,102011,101861,0,101861,19498600,102162,102012,0,102012,30100,151,5016.61,false
19498600,102162,102012,0,102012,19528700,102313,102163,0,102163,30100,151,5016.61,false
19528700,102313,102163,0,102163,19558800,102464,102314,0,102314,30100,151,5016.61,false
19558800,102464,102314,0,102314,19588900,102615,102465,0,102465,30100,151,5016.61,false
19588900,102615,102465,0,102465,19619000,102766,102616,0,102616,30100,151,5016.61,false
19619000,102766,102616,0,102616,19649100,102917,102767,0,102767,30100,151,5016.61,false
19649100,102917,102767,0,102767,19679200,103068,102918,0,102918,30100,151,5016.61,false
19679200,103068,102918,0,102918,19709300,103219,103069,0,103069,30100,151,5016.61,false
19709300,103219,103069,0,103069,19739400,103370,103220,0,103220,30100,151,5016.61,false
19739400,103370,103220,0,103220,19769500,103521,103371,0,103371,30100,151,5016.61,false
19769500,103521,103371,0,103371,19799600,103672,103522,0,103522,30100,151,5016.61,false
19799600,103672,103522,0,103522,19829700,103823,103673,0,103673,30100,151,5016.61,false
19829700,103823,103673,0,103673,19859800,103974,103824,0,103824,30100,151,5016.61,false
19859800,103974,103824,0,103824,19889900,104125,103975,0,103975,30100,151,5016.61,false
19889900,104125,103975,0,103975,19920000,104276,104126,0,104126,30100,151,5016.61,false
19920000,104276,104126,0,104126,19950100,104427,104277,0,104277,30100,151,5016.61,false
19950100,104427,104277,0,104277,19980200,104578,104428,0,104428,30100,151,5016.61,false
19980200,104578,104428,0,104428,20010300,104729,104579,0,104579,30100,151,5016.61,false
20010300,104729,104579,0,104579,20040400,104880,104730,0,104730,30100,151,5016.61,false
20040400,104880,104730,0,104730,20070500,105031,104881,0,104881,30100,151,5016.61,false
20070500,105031,104881,0,104881,20100600,105182,105032,0,105032,30100,151,5016.61,false
20100600,105182,105032,0,105032,20130700,105333,105183,0,105183,30100,151,5016.61,false
20130700,105333,105183,0,105183,20160800,105484,105334,0,105334,30100,151,5016.61,false
20160800,105484,105334,0,105334,20190900,105635,105485,0,105485,30100,151,5016.61,false
20190900,105635,105485,0,105485,20221000,105786,105636,0,105636,30100,151,5016.61,false
20221000,105786,105636,0,105636,20251100,105937,105787,0,105787,30100,151,5016.61,false
20251100,105937,105787,0,105787,20281200,106088,105938,0,105938,30100,151,5016.61,false
20281200,106088,105938,0,105938,20311300,106239,106089,0,106089,30100,151,5016.61,false
20311300,106239,106089,0,106089,20341400,106390,106240,0,106240,30100,151,5016.61,false
20341400,106390,106240,0,106240,20371500,106541,106391,0,106391,30100,151,5016.61,false
20371500,106541,106391,0,106391,20401600,106692,106542,0,106542,30100,151,5016.61,false
20401600,106692,106542,0,106542,20431700,106843,106693,0,106693,30100,151,5016.61,false
20431700,106843,106693,0,106693,20461800,106994,106844,0,106844,30100,151,5016.61,false
20461800,106994,106844,0,106844,20491900,107145,106995,0,106995,30100,151,5016.61,false
20491900,107145,106995,0,106995,20522000,107296,107146,0,107146,30100,151,5016.61,false
20522000,107296,107146,0,107146,20552100,107447,107297,0,107297,30100,151,5016.61,false
20552100,107447,107297,0,107297,20582200,107598,107448,0,107448,30100,151,5016.61,false
20582200,107598,107448,0,107448,20612300,107749,107599,0,107599,30100,151,5016.61,false
20612300,107749,107599,0,107599,20642400,107900,107750,0,107750,30100,151,5016.61,false
20642400,107900,107750,0,107750,20672500,108051,107901,0,107901,30100,151,5016.61,false
20672500,108051,107901,0,107901,20702600,108202,108052,0,108052,30100,151,5016.61,false
20702600,108202,108052,0,108052,20732700,108353,108203,0,108203,30100,151,5016.61,false
20732700,108353,108203,0,108203,20762800,108504,108354,0,108354,30100,151,5016.61,false
20762800,108504,108354,0,108354,20792900,108655,108505,0,108505,30100,151,5016.61,false
20792900,108655,108505,0,108505,20823000,108806,108656,0,108656,30100,151,5016.61,false
20823000,108806,108656,0,108656,20853100,108957,108807,0,108807,30100,151,5016.61,false
20853100,108957,108807,0,108807,20883200,109108,108958,0,108958,30100,151,5016.61,false
20883200,109108,108958,0,108958,20913300,109259,109109,0,109109,30100,151,5016.61,false
20913300,109259,109109,0,109109,20943400,109410,109260,0,109260,30100,151,5016.61,false
20943400,109410,109260,0,109260,20973500,109561,109411,0,109411,30100,151,5016.61,false
20973500,109561,109411,0,109411,21003600,109712,109562,0,109562,30100,151,5016.61,false
21003600,109712,109562,0,109562,21033700,109863,109713,0,109713,30100,151,5016.61,false
21033700,109863,109713,0,109713,21063800,110014,109864,0,109864,30100,151,5016.61,false
21063800,110014,109864,0,109864,21093900,110165,110015,0,110015,30100,151,5016.61,false
21093900,110165,110015,0,110015,21124000,110316,110166,0,110166,30100,151,5016.61,false
21124000,110316,110166,0,110166,21154100,110467,110317,0,110317,30100,151,5016.61,false
21154100,110467,110317,0,110317,21184200,110618,110468,0,110468,30100,151,5016.61,false
21184200,110618,110468,0,110468,21214300,110769,110619,0,110619,30100,151,5016.61,false
21214300,110769,110619,0,110619,21244400,110920,110770,0,110770,30100,151,5016.61,false
21244400,110920,110770,0,110770,21274500,111071,110921,0,110921,30100,151,5016.61,false
21274500,111071,110921,0,110921,21304600,111222,111072,0,111072,30100,151,5016.61,false
21304600,111222,111072,0,111072,21334700,111373,111223,0,111223,30100,151,5016.61,false
21334700,111373,111223,0,111223,21364800,111524,111374,0,111374,30100,151,5016.61,false
21364800,111524,111374,0,111374,21394900,111675,111525,0,111525,30100,151,5016.61,false
21394900,111675,111525,0,111525,21425000,111826,111676,0,111676,30100,151,5016.61,false
21425000,111826,111676,0,111676,21455100,111977,111827,0,111827,30100,151,5016.61,false
21455100,111977,111827,0,111827,21485200,112128,111978,0,111978,30100,151,5016.61,false
21485200,112128,111978,0,111978,21515300,112279,112129,0,112129,30100,151,5016.61,false
21515300,112279,112129,0,112129,21545400,112430,112280,0,112280,30100,151,5016.61,false
21545400,112430,112280,0,112280,21575500,112581,112431,0,112431,30100,151,5016.61,false
21575500,112581,112431,0,112431,21605600,112732,112582,0,112582,30100,151,5016.61,false
21605600,112732,112582,0,112582,21635700,112883,112733,0,112733,30100,151,5016.61,false
21635700,112883,112733,0,112733,21665800,113034,112884,0,112884,30100,151,5016.61,false
21665800,113034,112884,0,112884,21695900,113185,113035,0,113035,30100,151,5016.61,false
21695900,113185,113035,0,113035,21726000,113336,113186,0,113186,30100,151,5016.61,false
21726000,113336,113186,0,113186,21756100,113487,113337,0,113337,30100,151,5016.61,false
21756100,113487,113337,0,113337,21786200,113638,113488,0,113488,30100,151,5016.61,false
21786200,113638,113488,0,113488,21816300,113789,113639,0,113639,30100,151,5016.61,false
21816300,113789,113639,0,113639,21846400,113940,113790,0,113790,30100,151,5016.61,false
21846400,113940,113790,0,113790,21876500,114091,113941,0,113941,30100,151,5016.61,false
21876500,114091,113941,0,113941,21906600,114242,114092,0,114092,30100,151,5016.61,false
21906600,114242,114092,0,114092,21936700,114393,114243,0,114243,30100,151,5016.61,false
21936700,114393,114243,0,114243,21966800,114544,114394,0,114394,30100,151,5016.61,false
21966800,114544,114394,0,114394,21996900,114695,114545,0,114545,30100,151,5016.61,false
21997000,114696,114546,0,114546,22027100,114847,114697,0,114697,30100,151,5016.61,false
22027100,114847,114697,0,114697,22057200,114998,114848,0,114848,30100,151,5016.61,false
22057200,114998,114848,0,114848,22087300,115149,114999,0,114999,30100,151,5016.61,false
22087300,115149,114999,0,114999,22117400,115300,115150,0,115150,30100,151,5016.61,false
22117400,115300,115150,0,115150,22147500,115451,115301,0,115301,30100,151,5016.61,false
22147500,115451,115301,0,115301,22177600,115602,115452,0,115452,30100,151,5016.61,false
22177600,115602,115452,0,115452,22207700,115753,115603,0,115603,30100,151,5016.61,false
22207700,115753,115603,0,115603,22237800,115904,115754,0,115754,30100,151,5016.61,false
22237800,115904,115754,0,115754,22267900,116055,115905,0,115905,30100,151,5016.61,false
22267900,116055,115905,0,115905,22298000,116206,116056,0,116056,30100,151,5016.61,false
22298000,116206,116056,0,116056,22328100,116357,116207,0,116207,30100,151,5016.61,false
22328100,116357,116207,0,116207,22358200,116508,116358,0,116358,30100,151,5016.61,false
22358200,116508,116358,0,116358,22388300,117063,116509,0,116509,30100,151,5016.61,true
22388300,117063,116509,0,116509,22458800,117618,117064,0,117064,70500,555,7872.34,true
22458800,117618,117064,0,117064,22529300,117809,117619,0,117619,70500,555,7872.34,true
22529300,117809,117619,0,117619,22563400,117960,117810,0,117810,34100,191,5601.17,true
22563400,117960,117810,0,117810,22593500,118111,117961,0,117961,30100,151,5016.61,false
22593500,118111,117961,0,117961,22623600,118262,118112,0,118112,30100,151,5016.61,false
22623600,118262,118112,0,118112,22653700,118413,118263,0,118263,30100,151,5016.61,false
22653700,118413,118263,0,118263,22683800,118564,118414,0,118414,30100,151,5016.61,false
22683800,118564,118414,0,118414,22713900,118715,118565,0,118565,30100,151,5016.61,false
22713900,118715,118565,0,118565,22744000,118866,118716,0,118716,30100,151,5016.61,false
22744000,118866,118716,0,118716,22774100,119017,118867,0,118867,30100,151,5016.61,false
22774100,119017,118867,0,118867,22804200,119168,119018,0,119018,30100,151,5016.61,false
22804200,119168,119018,0,119018,22834300,119319,119169,0,119169,30100,151,5016.61,false
22834300,119319,119169,0,119169,22864400,119470,119320,0,119320,30100,151,5016.61,false
22864400,119470,119320,0,119320,22894500,119621,119471,0,119471,30100,151,5016.61,false
22894500,119621,119471,0,119471,22924600,119772,119622,0,119622,30100,151,5016.61,false
22924600,119772,119622,0,119622,22954700,119923,119773,0,119773,30100,151,5016.61,false
22954700,119923,119773,0,119773,23024900,120074,119924,0,119924,70200,151,2151.00,false
23024900,120074,119924,0,119924,23095100,120225,120075,0,120075,70200,151,2151.00,false
23095100,120225,120075,0,120075,23129400,120376,120226,0,120226,34300,151,4402.33,false
23129400,120376,120226,0,120226,23159500,120527,120377,0,120377,30100,151,5016.61,false
23159500,120527,120377,0,120377,23189600,120678,120528,0,120528,30100,151,5016.61,false
23189600,120678,120528,0,120528,23219700,120829,120679,0,120679,30100,151,5016.61,false
23219700,120829,120679,0,120679,23249800,120980,120830,0,120830,30100,151,5016.61,false
23249800,120980,120830,0,120830,23279900,121131,120981,0,120981,30100,151,5016.61,false
23279900,121131,120981,0,120981,23310000,121282,121132,0,121132,30100,151,5016.61,false
23310000,121282,121132,0,121132,23340100,121433,121283,0,121283,30100,151,5016.61,false
23340100,121433,121283,0,121283,23370200,121584,121434,0,121434,30100,151,5016.61,false
23370200,121584,121434,0,121434,23400300,121735,121585,0,121585,30100,151,5016.61,false
23400300,121735,121585,0,121585,23430400,121886,121736,0,121736,30100,151,5016.61,false
23430400,121886,121736,0,121736,23460500,122037,121887,0,121887,30100,151,5016.61,false
23460500,122037,121887,0,121887,23490600,122188,122038,0,122038,30100,151,5016.61,false
23490600,122188,122038,0,122038,23520700,122339,122189,0,122189,30100,151,5016.61,false
23520700,122339,122189,0,122189,23550800,122490,122340,0,122340,30100,151,5016.61,false
23550800,122490,122340,0,122340,23580900,122641,122491,0,122491,30100,151,5016.61,false
23580900,122641,122491,0,122491,23611000,122792,122642,0,122642,30100,151,5016.61,false
23611000,122792,122642,0,122642,23641100,122943,122793,0,122793,30100,151,5016.61,false
23641100,122943,122793,0,122793,23671200,123094,122944,0,122944,30100,151,5016.61,false
23671200,123094,122944,0,122944,23701300,123245,123095,0,123095,30100,151,5016.61,false
23701300,123245,123095,0,123095,23731400,123396,123246,0,123246,30100,151,5016.61,false
23731400,123396,123246,0,123246,23761500,123547,123397,0,123397,30100,151,5016.61,false
23761500,123547,123397,0,123397,23791600,123698,123548,0,123548,30100,151,5016.61,false
23791600,123698,123548,0,123548,23821700,123849,123699,0,123699,30100,151,5016.61,false
23821700,123849,123699,0,123699,23851800,124000,123850,0,123850,30100,151,5016.61,false
23851800,124000,123850,0,123850,23881900,124151,124001,0,124001,30100,151,5016.61,false
23881900,124151,124001,0,124001,23912000,124302,124152,0,124152,30100,151,5016.61,false
23912000,124302,124152,0,124152,23942100,124453,124303,0,124303,30100,151,5016.61,false
23942100,124453,124303,0,124303,23972200,124604,124454,0,124454,30100,151,5016.61,false
23972200,124604,124454,0,124454,24002300,124755,124605,0,124605,30100,151,5016.61,false
24002300,124755,124605,0,124605,24032400,124906,124756,0,124756,30100,151,5016.61,false
24032400,124906,124756,0,124756,24062500,125057,124907,0,124907,30100,151,5016.61,false
24062500,125057,124907,0,124907,24092600,125208,125058,0,125058,30100,151,5016.61,false
24092600,125208,125058,0,125058,24122700,125359,125209,0,125209,30100,151,5016.61,false
24122700,125359,125209,0,125209,24152800,125510,125360,0,125360,30100,151,5016.61,false
24152800,125510,125360,0,125360,24182900,125661,125511,0,125511,30100,151,5016.61,false
24182900,125661,125511,0,125511,24213000,125812,125662,0,125662,30100,151,5016.61,false
24213000,125812,125662,0,125662,24243100,125963,125813,0,125813,30100,151,5016.61,false
24243100,125963,125813,0,125813,24273200,126114,125964,0,125964,30100,151,5016.61,false
24273200,126114,125964,0,125964,24303300,126265,126115,0,126115,30100,151,5016.61,false
24303300,126265,126115,0,126115,24333400,126416,126266,0,126266,30100,151,5016.61,false
24333400,126416,126266,0,126266,24363500,126567,126417,0,126417,30100,151,5016.61,false
24363500,126567,126417,0,126417,24393600,126718,126568,0,126568,30100,151,5016.61,false
24393600,126718,126568,0,126568,24423700,126869,126719,0,126719,30100,151,5016.61,false
24423700,126869,126719,0,126719,24453800,127020,126870,0,126870,30100,151,5016.61,false
24453800,127020,126870,0,126870,24483900,127171,127021,0,127021,30100,151,5016.61,false
24483900,127171,127021,0,127021,24514000,127322,127172,0,127172,30100,151,5016.61,false
24514000,127322,127172,0,127172,24544100,127473,127323,0,127323,30100,151,5016.61,false
24544100,127473,127323,0,127323,24574200,127624,127474,0,127474,30100,151,5016.61,false
24574200,127624,127474,0,127474,24604300,127775,127625,0,127625,30100,151,5016.61,false
24604300,127775,127625,0,127625,24634400,127926,127776,0,127776,30100,151,5016.61,false
24634400,127926,127776,0,127776,24664500,128077,127927,0,127927,30100,151,5016.61,false
24664500,128077,127927,0,127927,24694600,128228,128078,0,128078,30100,151,5016.61,false
24694600,128228,128078,0,128078,24724700,128379,128229,0,128229,30100,151,5016.61,false
24724700,128379,128229,0,128229,24754800,128530,128380,0,128380,30100,151,5016.61,false
24754800,128530,128380,0,128380,24784900,128681,128531,0,128531,30100,151,5016.61,false
24784900,128681,128531,0,128531,24815000,128832,128682,0,128682,30100,151,5016.61,false
24815000,128832,128682,0,128682,24845100,128983,128833,0,128833,30100,151,5016.61,false
24845100,128983,128833,0,128833,24875200,129134,128984,0,128984,30100,151,5016.61,false
24875200,129134,128984,0,128984,24905300,129285,129135,0,129135,30100,151,5016.61,false
24905300,129285,129135,0,129135,24935400,129436,129286,0,129286,30100,151,5016.61,false
24935400,129436,129286,0,129286,24965500,129587,129437,0,129437,30100,151,5016.61,false
24965500,129587,129437,0,129437,24995600,129738,129588,0,129588,30100,151,5016.61,false
24995600,129738,129588,0,129588,25025700,129889,129739,0,129739,30100,151,5016.61,false
25025700,129889,129739,0,129739,25055800,130040,129890,0,129890,30100,151,5016.61,false
25055800,130040,129890,0,129890,25085900,130191,130041,0,130041,30100,151,5016.61,false
25085900,130191,130041,0,130041,25116000,130342,130192,0,130192,30100,151,5016.61,false
25116000,130342,130192,0,130192,25146100,130493,130343,0,130343,30100,151,5016.61,false
25146100,130493,130343,0,130343,25176200,130644,130494,0,130494,30100,151,5016.61,false
25176200,130644,130494,0,130494,25206300,130795,130645,0,130645,30100,151,5016.61,false
25206300,130795,130645,0,130645,25236400,130946,130796,0,130796,30100,151,5016.61,false
25236400,130946,130796,0,130796,25266500,131097,130947,0,130947,30100,151,5016.61,false
25266500,131097,130947,0,130947,25296600,131248,131098,0,131098,30100,151,5016.61,false
25296600,131248,131098,0,131098,25326700,131399,131249,0,131249,30100,151,5016.61,false
25326700,131399,131249,0,131249,25356800,131550,131400,0,131400,30100,151,5016.61,false
25356800,131550,131400,0,131400,25386900,131701,131551,0,131551,30100,151,5016.61,false
25386900,131701,131551,0,131551,25417000,131852,131702,0,131702,30100,151,5016.61,false
25417000,131852,131702,0,131702,25447100,132003,131853,0,131853,30100,151,5016.61,false
25447100,132003,131853,0,131853,25477200,132154,132004,0,132004,30100,151,5016.61,false
25477200,132154,132004,0,132004,25507300,132305,132155,0,132155,30100,151,5016.61,false
25507300,132305,132155,0,132155,25537400,132456,132306,0,132306,30100,151,5016.61,false
25537400,132456,132306,0,132306,25567500,132607,132457,0,132457,30100,151,5016.61,false
25567500,132607,132457,0,132457,25597600,132758,132608,0,132608,30100,151,5016.61,false
25597600,132758,132608,0,132608,25627700,132909,132759,0,132759,30100,151,5016.61,false
25627700,132909,132759,0,132759,25657800,133060,132910,0,132910,30100,151,5016.61,false
25657800,133060,132910,0,132910,25687900,133211,133061,0,133061,30100,151,5016.61,false
25687900,133211,133061,0,133061,25718000,133362,133212,0,133212,30100,151,5016.61,false
25718000,133362,133212,0,133212,25748100,133513,133363,0,133363,30100,151,5016.61,false
25748100,133513,133363,0,133363,25778200,133664,133514,0,133514,30100,151,5016.61,false
25787400,133756,133606,0,133606,25817500,133907,133757,0,133757,30100,151,5016.61,false
25817500,133907,133757,0,133757,25847600,134058,133908,0,133908,30100,151,5016.61,false
25847600,134058,133908,0,133908,25877700,134209,134059,0,134059,30100,151,5016.61,false
25877700,134209,134059,0,134059,25907800,134360,134210,0,134210,30100,151,5016.61,false
25907800,134360,134210,0,134210,25937900,134511,134361,0,134361,30100,151,5016.61,false
25937900,134511,134361,0,134361,25968000,134662,134512,0,134512,30100,151,5016.61,false
25968000,134662,134512,0,134512,25998100,134813,134663,0,134663,30100,151,5016.61,false
25998100,134813,134663,0,134663,26028200,134964,134814,0,134814,30100,151,5016.61,false
26028200,134964,134814,0,134814,26058300,135115,134965,0,134965,30100,151,5016.61,false
26058300,135115,134965,0,134965,26088400,135266,135116,0,135116,30100,151,5016.61,false
26088400,135266,135116,0,135116,26118500,135417,135267,0,135267,30100,151,5016.61,false
26118500,135417,135267,0,135267,26148600,135568,135418,0,135418,30100,151,5016.61,false
26148600,135568,135418,0,135418,26178700,136123,135569,0,135569,30100,151,5016.61,true
26178700,136123,135569,0,135569,26249200,136678,136124,0,136124,70500,555,7872.34,true
26249200,136678,136124,0,136124,26319700,136838,136679,0,136679,70500,555,7872.34,true
26319700,136838,136679,0,136679,26350700,136989,136839,0,136839,31000,160,5161.29,true
26350700,136989,136839,0,136839,26380800,137140,136990,0,136990,30100,151,5016.61,false
26380800,137140,136990,0,136990,26410900,137291,137141,0,137141,30100,151,5016.61,false
26410900,137291,137141,0,137141,26441000,137442,137292,0,137292,30100,151,5016.61,false
26441000,137442,137292,0,137292,26471100,137593,137443,0,137443,30100,151,5016.61,false
26471100,137593,137443,0,137443,26501200,137744,137594,0,137594,30100,151,5016.61,false
26501200,137744,137594,0,137594,26531300,137895,137745,0,137745,30100,151,5016.61,false
26531300,137895,137745,0,137745,26561400,138046,137896,0,137896,30100,151,5016.61,false
26561400,138046,137896,0,137896,26591500,138197,138047,0,138047,30100,151,5016.61,false
26591500,138197,138047,0,138047,26621600,138348,138198,0,138198,30100,151,5016.61,false
26621600,138348,138198,0,138198,26651700,138499,138349,0,138349,30100,151,5016.61,false
26651700,138499,138349,0,138349,26681800,138650,138500,0,138500,30100,151,5016.61,false
26681800,138650,138500,0,138500,26711900,138801,138651,0,138651,30100,151,5016.61,false
26711900,138801,138651,0,138651,26742000,138952,138802,0,138802,30100,151,5016.61,false
26742000,138952,138802,0,138802,26772100,139103,138953,0,138953,30100,151,5016.61,false
26772100,139103,138953,0,138953,26842300,139254,139104,0,139104,70200,151,2151.00,false
26842300,139254,139104,0,139104,26912500,139405,139255,0,139255,70200,151,2151.00,false
26912500,139405,139255,0,139255,26946800,139556,139406,0,139406,34300,151,4402.33,false
26946800,139556,139406,0,139406,26976900,139707,139557,0,139557,30100,151,5016.61,false
26976900,139707,139557,0,139557,27007000,139858,139708,0,139708,30100,151,5016.61,false
27007000,139858,139708,0,139708,27037100,140009,139859,0,139859,30100,151,5016.61,false
27037100,140009,139859,0,139859,27067200,140160,140010,0,140010,30100,151,5016.61,false
27067200,140160,140010,0,140010,27097300,140311,140161,0,140161,30100,151,5016.61,false
27097300,140311,140161,0,140161,27127400,140462,140312,0,140312,30100,151,5016.61,false
27127400,140462,140312,0,140312,27157500,140613,140463,0,140463,30100,151,5016.61,false
27157500,140613,140463,0,140463,27187600,140764,140614,0,140614,30100,151,5016.61,false
27187600,140764,140614,0,140614,27217700,140915,140765,0,140765,30100,151,5016.61,false
27217700,140915,140765,0,140765,27247800,141066,140916,0,140916,30100,151,5016.61,false
27247800,141066,140916,0,140916,27277900,141217,141067,0,141067,30100,151,5016.61,false
27277900,141217,141067,0,141067,27308000,141368,141218,0,141218,30100,151,5016.61,false
27308000,141368,141218,0,141218,27338100,141519,141369,0,141369,30100,151,5016.61,false
27338100,141519,141369,0,141369,27368200,141670,141520,0,141520,30100,151,5016.61,false
27368200,141670,141520,0,141520,27398300,141821,141671,0,141671,30100,151,5016.61,false
27398300,141821,141671,0,141671,27428400,141972,141822,0,141822,30100,151,5016.61,false
27428400,141972,141822,0,141822,27458500,142123,141973,0,141973,30100,151,5016.61,false
27458500,142123,141973,0,141973,27488600,142274,142124,0,142124,30100,151,5016.61,false
27488600,142274,142124,0,142124,27518700,142425,142275,0,142275,30100,151,5016.61,false
27518700,142425,142275,0,142275,27548800,142576,142426,0,142426,30100,151,5016.61,false
27548800,142576,142426,0,142426,27578900,142727,142577,0,142577,30100,151,5016.61,false
27578900,142727,142577,0,142577,27609000,142878,142728,0,142728,30100,151,5016.61,false
27609000,142878,142728,0,142728,27639100,143029,142879,0,142879,30100,151,5016.61,false
27639100,143029,142879,0,142879,27669200,143180,143030,0,143030,30100,151,5016.61,false
27669200,143180,143030,0,143030,27699300,143331,143181,0,143181,30100,151,5016.61,false
27699300,143331,143181,0,143181,27729400,143482,143332,0,143332,30100,151,5016.61,false
27729400,143482,143332,0,143332,27759500,143633,143483,0,143483,30100,151,5016.61,false
27759500,143633,143483,0,143483,27789600,143784,143634,0,143634,30100,151,5016.61,false
27789600,143784,143634,0,143634,27819700,143935,143785,0,143785,30100,151,5016.61,false
27819700,143935,143785,0,143785,27849800,144086,143936,0,143936,30100,151,5016.61,false
27849800,144086,143936,0,143936,27879900,144237,144087,0,144087,30100,151,5016.61,false
27879900,144237,144087,0,144087,27910000,144388,144238,0,144238,30100,151,5016.61,false
27910000,144388,144238,0,144238,27940100,144539,144389,0,144389,30100,151,5016.61,false
27940100,144539,144389,0,144389,27970200,144690,144540,0,144540,30100,151,5016.61,false
27970200,144690,144540,0,144540,28000300,144841,144691,0,144691,30100,151,5016.61,false
28000300,144841,144691,0,144691,28030400,144992,144842,0,144842,30100,151,5016.61,false
28030400,144992,144842,0,144842,28060500,145143,144993,0,144993,30100,151,5016.61,false
28060500,145143,144993,0,144993,28090600,145294,145144,0,145144,30100,151,5016.61,false
28090600,145294,145144,0,145144,28120700,145445,145295,0,145295,30100,151,5016.61,false
28120700,145445,145295,0,145295,28150800,145596,145446,0,145446,30100,151,5016.61,false
28150800,145596,145446,0,145446,28180900,145747,145597,0,145597,30100,151,5016.61,false
28180900,145747,145597,0,145597,28211000,145898,145748,0,145748,30100,151,5016.61,false
28211000,145898,145748,0,145748,28241100,146049,145899,0,145899,30100,151,5016.61,false
28241100,146049,145899,0,145899,28271200,146200,146050,0,146050,30100,151,5016.61,false
28271200,146200,146050,0,146050,28301300,146351,146201,0,146201,30100,151,5016.61,false
28301300,146351,146201,0,146201,28331400,146502,146352,0,146352,30100,151,5016.61,false
28331400,146502,146352,0,146352,28361500,146653,146503,0,146503,30100,151,5016.61,false
28361500,146653,146503,0,146503,28391600,146804,146654,0,146654,30100,151,5016.61,false
28391600,146804,146654,0,146654,28421700,146955,146805,0,146805,30100,151,5016.61,false
28421700,146955,146805,0,146805,28451800,147106,146956,0,146956,30100,151,5016.61,false
28451800,147106,146956,0,146956,28481900,147257,147107,0,147107,30100,151,5016.61,false
28481900,147257,147107,0,147107,28512000,147408,147258,0,147258,30100,151,5016.61,false
28512000,147408,147258,0,147258,28542100,147559,147409,0,147409,30100,151,5016.61,false
28542100,147559,147409,0,147409,28572200,147710,147560,0,147560,30100,151,5016.61,false
28572200,147710,147560,0,147560,28602300,147861,147711,0,147711,30100,151,5016.61,false
28602300,147861,147711,0,147711,28632400,148012,147862,0,147862,30100,151,5016.61,false
28632400,148012,147862,0,147862,28662500,148163,148013,0,148013,30100,151,5016.61,false
28662500,148163,148013,0,148013,28692600,148314,148164,0,148164,30100,151,5016.61,false
28692600,148314,148164,0,148164,28722700,148465,148315,0,148315,30100,151,5016.61,false
28722700,148465,148315,0,148315,28752800,148616,148466,0,148466,30100,151,5016.61,false
28752800,148616,148466,0,148466,28782900,148767,148617,0,148617,30100,151,5016.61,false
28782900,148767,148617,0,148617,28813000,148918,148768,0,148768,30100,151,5016.61,false
28813000,148918,148768,0,148768,28843100,149069,148919,0,148919,30100,151,5016.61,false
28843100,149069,148919,0,148919,28873200,149220,149070,0,149070,30100,151,5016.61,false
28873200,149220,149070,0,149070,28903300,149371,149221,0,149221,30100,151,5016.61,false
28903300,149371,149221,0,149221,28933400,149522,149372,0,149372,30100,151,5016.61,false
28933400,149522,149372,0,149372,28963500,149673,149523,0,149523,30100,151,5016.61,false
28963500,149673,149523,0,149523,28993600,149824,149674,0,149674,30100,151,5016.61,false
28993600,149824,149674,0,149674,29023700,149975,149825,0,149825,30100,151,5016.61,false
29023700,149975,149825,0,149825,29053800,150126,149976,0,149976,30100,151,5016.61,false
29053800,150126,149976,0,149976,29083900,150277,150127,0,150127,30100,151,5016.61,false
29083900,150277,150127,0,150127,29114000,150428,150278,0,150278,30100,151,5016.61,false
29114000,150428,150278,0,150278,29144100,150579,150429,0,150429,30100,151,5016.61,false
29144100,150579,150429,0,150429,29174200,150730,150580,0,150580,30100,151,5016.61,false
29174200,150730,150580,0,150580,29204300,150881,150731,0,150731,30100,151,5016.61,false
29204300,150881,150731,0,150731,29234400,151032,150882,0,150882,30100,151,5016.61,false
29234400,151032,150882,0,150882,29264500,151183,151033,0,151033,30100,151,5016.61,false
29264500,151183,151033,0,151033,29294600,151334,151184,0,151184,30100,151,5016.61,false
29294600,151334,151184,0,151184,29324700,151485,151335,0,151335,30100,151,5016.61,false
29324700,151485,151335,0,151335,29354800,151636,151486,0,151486,30100,151,5016.61,false
29354800,151636,151486,0,151486,29384900,151787,151637,0,151637,30100,151,5016.61,false
29384900,151787,151637,0,151637,29415000,151938,151788,0,151788,30100,151,5016.61,false
29415000,151938,151788,0,151788,29445100,152089,151939,0,151939,30100,151,5016.61,false
29445100,152089,151939,0,151939,29475200,152240,152090,0,152090,30100,151,5016.61,false
29475200,152240,152090,0,152090,29505300,152391,152241,0,152241,30100,151,5016.61,false
29505300,152391,152241,0,152241,29535400,152542,152392,0,152392,30100,151,5016.61,false
29535400,152542,152392,0,152392,29565500,152693,152543,0,152543,30100,151,5016.61,false
29585600,152744,152594,0,152594,29615700,152895,152745,0,152745,30100,151,5016.61,false
29615700,152895,152745,0,152745,29645800,153046,152896,0,152896,30100,151,5016.61,false
29645800,153046,152896,0,152896,29675900,153197,153047,0,153047,30100,151,5016.61,false
29675900,153197,153047,0,153047,29706000,153348,153198,0,153198,30100,151,5016.61,false
29706000,153348,153198,0,153198,29736100,153499,153349,0,153349,30100,151,5016.61,false
29736100,153499,153349,0,153349,29766200,153650,153500,0,153500,30100,151,5016.61,false
29766200,153650,153500,0,153500,29796300,153801,153651,0,153651,30100,151,5016.61,false
29796300,153801,153651,0,153651,29826400,153952,153802,0,153802,30100,151,5016.61,false
29826400,153952,153802,0,153802,29856500,154103,153953,0,153953,30100,151,5016.61,false
29856500,154103,153953,0,153953,29886600,154254,154104,0,154104,30100,151,5016.61,false
29886600,154254,154104,0,154104,29916700,154405,154255,0,154255,30100,151,5016.61,false
29916700,154405,154255,0,154255,29946800,154556,154406,0,154406,30100,151,5016.61,false
29946800,154556,154406,0,154406,29976900,155111,154557,0,154557,30100,151,5016.61,true
29976900,155111,154557,0,154557,30047400,155666,155112,0,155112,70500,555,7872.34,true
30047400,155666,155112,0,155112,30117900,155857,155667,0,155667,70500,555,7872.34,true
30117900,155857,155667,0,155667,30152000,156008,155858,0,155858,34100,191,5601.17,true
30152000,156008,155858,0,155858,30182100,156159,156009,0,156009,30100,151,5016.61,false
30182100,156159,156009,0,156009,30212200,156310,156160,0,156160,30100,151,5016.61,false
30212200,156310,156160,0,156160,30242300,156461,156311,0,156311,30100,151,5016.61,false
30242300,156461,156311,0,156311,30272400,156612,156462,0,156462,30100,151,5016.61,false
30272400,156612,156462,0,156462,30302500,156763,156613,0,156613,30100,151,5016.61,false
30302500,156763,156613,0,156613,30332600,156914,156764,0,156764,30100,151,5016.61,false
30332600,156914,156764,0,156764,30362700,157065,156915,0,156915,30100,151,5016.61,false
30362700,157065,156915,0,156915,30392800,157216,157066,0,157066,30100,151,5016.61,false
30392800,157216,157066,0,157066,30422900,157367,157217,0,157217,30100,151,5016.61,false
30422900,157367,157217,0,157217,30453000,157518,157368,0,157368,30100,151,5016.61,false
30453000,157518,157368,0,157368,30483100,157669,157519,0,157519,30100,151,5016.61,false
30483100,157669,157519,0,157519,30513200,157820,157670,0,157670,30100,151,5016.61,false
30513200,157820,157670,0,157670,30543300,157971,157821,0,157821,30100,151,5016.61,false
30543300,157971,157821,0,157821,30573400,158122,157972,0,157972,30100,151,5016.61,false
30573400,158122,157972,0,157972,30643600,158273,158123,0,158123,70200,151,2151.00,false
30643600,158273,158123,0,158123,30713800,158424,158274,0,158274,70200,151,2151.00,false
30713800,158424,158274,0,158274,30748100,158575,158425,0,158425,34300,151,4402.33,false
30748100,158575,158425,0,158425,30778200,158726,158576,0,158576,30100,151,5016.61,false
30778200,158726,158576,0,158576,30808300,158877,158727,0,158727,30100,151,5016.61,false
30808300,158877,158727,0,158727,30838400,159028,158878,0,158878,30100,151,5016.61,false
30838400,159028,158878,0,158878,30868500,159179,159029,0,159029,30100,151,5016.61,false
30868500,159179,159029,0,159029,30898600,159330,159180,0,159180,30100,151,5016.61,false
30898600,159330,159180,0,159180,30928700,159481,159331,0,159331,30100,151,5016.61,false
30928700,159481,159331,0,159331,30958800,159632,159482,0,159482,30100,151,5016.61,false
30958800,159632,159482,0,159482,30988900,159783,159633,0,159633,30100,151,5016.61,false
30988900,159783,159633,0,159633,31019000,159934,159784,0,159784,30100,151,5016.61,false
31019000,159934,159784,0,159784,31049100,160085,159935,0,159935,30100,151,5016.61,false
31049100,160085,159935,0,159935,31079200,160236,160086,0,160086,30100,151,5016.61,false
31079200,160236,160086,0,160086,31109300,160387,160237,0,160237,30100,151,5016.61,false
31109300,160387,160237,0,160237,31139400,160538,160388,0,160388,30100,151,5016.61,false
31139400,160538,160388,0,160388,31169500,160689,160539,0,160539,30100,151,5016.61,false
31169500,160689,160539,0,160539,31199600,160840,160690,0,160690,30100,151,5016.61,false
31199600,160840,160690,0,160690,31229700,160991,160841,0,160841,30100,151,5016.61,false
31229700,160991,160841,0,160841,31259800,161142,160992,0,160992,30100,151,5016.61,false
31259800,161142,160992,0,160992,31289900,161293,161143,0,161143,30100,151,5016.61,false
31289900,161293,161143,0,161143,31320000,161444,161294,0,161294,30100,151,5016.61,false
31320000,161444,161294,0,161294,31350100,161595,161445,0,161445,30100,151,5016.61,false
31350100,161595,161445,0,161445,31380200,161746,161596,0,161596,30100,151,5016.61,false
31380200,161746,161596,0,161596,31410300,161897,161747,0,161747,30100,151,5016.61,false
31410300,161897,161747,0,161747,31440400,162048,161898,0,161898,30100,151,5016.61,false
31440400,162048,161898,0,161898,31470500,162199,162049,0,162049,30100,151,5016.61,false
31470500,162199,162049,0,162049,31500600,162350,162200,0,162200,30100,151,5016.61,false
31500600,162350,162200,0,162200,31530700,162501,162351,0,162351,30100,151,5016.61,false
31530700,162501,162351,0,162351,31560800,162652,162502,0,162502,30100,151,5016.61,false
31560800,162652,162502,0,162502,31590900,162803,162653,0,162653,30100,151,5016.61,false
31590900,162803,162653,0,162653,31621000,162954,162804,0,162804,30100,151,5016.61,false
31621000,162954,162804,0,162804,31651100,163105,162955,0,162955,30100,151,5016.61,false
31651100,163105,162955,0,162955,31681200,163256,163106,0,163106,30100,151,5016.61,false
31681200,163256,163106,0,163106,31711300,163407,163257,0,163257,30100,151,5016.61,false
31711300,163407,163257,0,163257,31741400,163558,163408,0,163408,30100,151,5016.61,false
31741400,163558,163408,0,163408,31771500,163709,163559,0,163559,30100,151,5016.61,false
31771500,163709,163559,0,163559,31801600,163860,163710,0,163710,30100,151,5016.61,false
31801600,163860,163710,0,163710,31831700,164011,163861,0,163861,30100,151,5016.61,false
31831700,164011,163861,0,163861,31861800,164162,164012,0,164012,30100,151,5016.61,false
31861800,164162,164012,0,164012,31891900,164313,164163,0,164163,30100,151,5016.61,false
31891900,164313,164163,0,164163,31922000,164464,164314,0,164314,30100,151,5016.61,false
31922000,164464,164314,0,164314,31952100,164615,164465,0,164465,30100,151,5016.61,false
31952100,164615,164465,0,164465,31982200,164766,164616,0,164616,30100,151,5016.61,false
31982200,164766,164616,0,164616,32012300,164917,164767,0,164767,30100,151,5016.61,false
32012300,164917,164767,0,164767,32042400,165068,164918,0,164918,30100,151,5016.61,false
32042400,165068,164918,0,164918,32072500,165219,165069,0,165069,30100,151,5016.61,false
32072500,165219,165069,0,165069,32102600,165370,165220,0,165220,30100,151,5016.61,false
32102600,165370,165220,0,165220,32132700,165521,165371,0,165371,30100,151,5016.61,false
32132700,165521,165371,0,165371,32162800,165672,165522,0,165522,30100,151,5016.61,false
32162800,165672,165522,0,165522,32192900,165823,165673,0,165673,30100,151,5016.61,false
32192900,165823,165673,0,165673,32223000,165974,165824,0,165824,30100,151,5016.61,false
32223000,165974,165824,0,165824,32253100,166125,165975,0,165975,30100,151,5016.61,false
32253100,166125,165975,0,165975,32283200,166276,166126,0,166126,30100,151,5016.61,false
32283200,166276,166126,0,166126,32313300,166427,166277,0,166277,30100,151,5016.61,false
32313300,166427,166277,0,166277,32343400,166578,166428,0,166428,30100,151,5016.61,false
32343400,166578,166428,0,166428,32373500,166729,166579,0,166579,30100,151,5016.61,false
32373500,166729,166579,0,166579,32403600,166880,166730,0,166730,30100,151,5016.61,false
32403600,166880,166730,0,166730,32433700,167031,166881,0,166881,30100,151,5016.61,false
32433700,167031,166881,0,166881,32463800,167182,167032,0,167032,30100,151,5016.61,false
32463800,167182,167032,0,167032,32493900,167333,167183,0,167183,30100,151,5016.61,false
32493900,167333,167183,0,167183,32524000,167484,167334,0,167334,30100,151,5016.61,false
32524000,167484,167334,0,167334,32554100,167635,167485,0,167485,30100,151,5016.61,false
32554100,167635,167485,0,167485,32584200,167786,167636,0,167636,30100,151,5016.61,false
32584200,167786,167636,0,167636,32614300,167937,167787,0,167787,30100,151,5016.61,false
32614300,167937,167787,0,167787,32644400,168088,167938,0,167938,30100,151,5016.61,false
32644400,168088,167938,0,167938,32674500,168239,168089,0,168089,30100,151,5016.61,false
32674500,168239,168089,0,168089,32704600,168390,168240,0,168240,30100,151,5016.61,false
32704600,168390,168240,0,168240,32734700,168541,168391,0,168391,30100,151,5016.61,false
32734700,168541,168391,0,168391,32764800,168692,168542,0,168542,30100,151,5016.61,false
32764800,168692,168542,0,168542,32794900,168843,168693,0,168693,30100,151,5016.61,false
32794900,168843,168693,0,168693,32825000,168994,168844,0,168844,30100,151,5016.61,false
32825000,168994,168844,0,168844,32855100,169145,168995,0,168995,30100,151,5016.61,false
32855100,169145,168995,0,168995,32885200,169296,169146,0,169146,30100,151,5016.61,false
32885200,169296,169146,0,169146,32915300,169447,169297,0,169297,30100,151,5016.61,false
32915300,169447,169297,0,169297,32945400,169598,169448,0,169448,30100,151,5016.61,false
32945400,169598,169448,0,169448,32975500,169749,169599,0,169599,30100,151,5016.61,false
32975500,169749,169599,0,169599,33005600,169900,169750,0,169750,30100,151,5016.61,false
33005600,169900,169750,0,169750,33035700,170051,169901,0,169901,30100,151,5016.61,false
33035700,170051,169901,0,169901,33065800,170202,170052,0,170052,30100,151,5016.61,false
33065800,170202,170052,0,170052,33095900,170353,170203,0,170203,30100,151,5016.61,false
33095900,170353,170203,0,170203,33126000,170504,170354,0,170354,30100,151,5016.61,false
33126000,170504,170354,0,170354,33156100,170655,170505,0,170505,30100,151,5016.61,false
33156100,170655,170505,0,170505,33186200,170806,170656,0,170656,30100,151,5016.61,false
33186200,170806,170656,0,170656,33216300,170957,170807,0,170807,30100,151,5016.61,false
33216300,170957,170807,0,170807,33246400,171108,170958,0,170958,30100,151,5016.61,false
33246400,171108,170958,0,170958,33276500,171259,171109,0,171109,30100,151,5016.61,false
33276500,171259,171109,0,171109,33306600,171410,171260,0,171260,30100,151,5016.61,false
33306600,171410,171260,0,171260,33336700,171561,171411,0,171411,30100,151,5016.61,false
33336700,171561,171411,0,171411,33366800,171712,171562,0,171562,30100,151,5016.61,false
33366800,171712,171562,0,171562,33396900,171863,171713,0,171713,30100,151,5016.61,false
33397000,171864,171714,0,171714,33427100,172015,171865,0,171865,30100,151,5016.61,false
33427100,172015,171865,0,171865,33457200,172166,172016,0,172016,30100,151,5016.61,false
33457200,172166,172016,0,172016,33487300,172317,172167,0,172167,30100,151,5016.61,false
33487300,172317,172167,0,172167,33517400,172468,172318,0,172318,30100,151,5016.61,false
33517400,172468,172318,0,172318,33547500,172619,172469,0,172469,30100,151,5016.61,false
33547500,172619,172469,0,172469,33577600,172770,172620,0,172620,30100,151,5016.61,false
33577600,172770,172620,0,172620,33607700,172921,172771,0,172771,30100,151,5016.61,false
33607700,172921,172771,0,172771,33637800,173072,172922,0,172922,30100,151,5016.61,false
33637800,173072,172922,0,172922,33667900,173223,173073,0,173073,30100,151,5016.61,false
33667900,173223,173073,0,173073,33698000,173374,173224,0,173224,30100,151,5016.61,false
33698000,173374,173224,0,173224,33728100,173525,173375,0,173375,30100,151,5016.61,false
33728100,173525,173375,0,173375,33758200,173676,173526,0,173526,30100,151,5016.61,false
33758200,173676,173526,0,173526,33788300,174231,173677,0,173677,30100,151,5016.61,true
33788300,174231,173677,0,173677,33858800,174786,174232,0,174232,70500,555,7872.34,true
33858800,174786,174232,0,174232,33929300,174977,174787,0,174787,70500,555,7872.34,true
33929300,174977,174787,0,174787,33963400,175128,174978,0,174978,34100,191,5601.17,true
33963400,175128,174978,0,174978,33993500,175279,175129,0,175129,30100,151,5016.61,false
33993500,175279,175129,0,175129,34023600,175430,175280,0,175280,30100,151,5016.61,false
34023600,175430,175280,0,175280,34053700,175581,175431,0,175431,30100,151,5016.61,false
34053700,175581,175431,0,175431,34083800,175732,175582,0,175582,30100,151,5016.61,false
34083800,175732,175582,0,175582,34113900,175883,175733,0,175733,30100,151,5016.61,false
34113900,175883,175733,0,175733,34144000,176034,175884,0,175884,30100,151,5016.61,false
34144000,176034,175884,0,175884,34174100,176185,176035,0,176035,30100,151,5016.61,false
34174100,176185,176035,0,176035,34204200,176336,176186,0,176186,30100,151,5016.61,false
34204200,176336,176186,0,176186,34234300,176487,176337,0,176337,30100,151,5016.61,false
34234300,176487,176337,0,176337,34264400,176638,176488,0,176488,30100,151,5016.61,false
34264400,176638,176488,0,176488,34294500,176789,176639,0,176639,30100,151,5016.61,false
34294500,176789,176639,0,176639,34324600,176940,176790,0,176790,30100,151,5016.61,false
34324600,176940,176790,0,176790,34354700,177091,176941,0,176941,30100,151,5016.61,false
34354700,177091,176941,0,176941,34384800,177242,177092,0,177092,30100,151,5016.61,false
34384800,177242,177092,0,177092,34455000,177393,177243,0,177243,70200,151,2151.00,false
34455000,177393,177243,0,177243,34525200,177544,177394,0,177394,70200,151,2151.00,false
34525200,177544,177394,0,177394,34559500,177695,177545,0,177545,34300,151,4402.33,false
34559500,177695,177545,0,177545,34589600,177846,177696,0,177696,30100,151,5016.61,false
34589600,177846,177696,0,177696,34619700,177997,177847,0,177847,30100,151,5016.61,false
34619700,177997,177847,0,177847,34649800,178148,177998,0,177998,30100,151,5016.61,false
34649800,178148,177998,0,177998,34679900,178299,178149,0,178149,30100,151,5016.61,false
34679900,178299,178149,0,178149,34710000,178450,178300,0,178300,30100,151,5016.61,false
34710000,178450,178300,0,178300,34740100,178601,178451,0,178451,30100,151,5016.61,false
34740100,178601,178451,0,178451,34770200,178752,178602,0,178602,30100,151,5016.61,false
34770200,178752,178602,0,178602,34800300,178903,178753,0,178753,30100,151,5016.61,false
34800300,178903,178753,0,178753,34830400,179054,178904,0,178904,30100,151,5016.61,false
34830400,179054,178904,0,178904,34860500,179205,179055,0,179055,30100,151,5016.61,false
34860500,179205,179055,0,179055,34890600,179356,179206,0,179206,30100,151,5016.61,false
34890600,179356,179206,0,179206,34920700,179507,179357,0,179357,30100,151,5016.61,false
34920700,179507,179357,0,179357,34950800,179658,179508,0,179508,30100,151,5016.61,false
34950800,179658,179508,0,179508,34980900,179809,179659,0,179659,30100,151,5016.61,false
34980900,179809,179659,0,179659,35011000,179960,179810,0,179810,30100,151,5016.61,false
35011000,179960,179810,0,179810,35041100,180111,179961,0,179961,30100,151,5016.61,false
35041100,180111,179961,0,179961,35071200,180262,180112,0,180112,30100,151,5016.61,false
35071200,180262,180112,0,180112,35101300,180413,180263,0,180263,30100,151,5016.61,false
35101300,180413,180263,0,180263,35131400,180564,180414,0,180414,30100,151,5016.61,false
35131400,180564,180414,0,180414,35161500,180715,180565,0,180565,30100,151,5016.61,false
35161500,180715,180565,0,180565,35191600,180866,180716,0,180716,30100,151,5016.61,false
35191600,180866,180716,0,180716,35221700,181017,180867,0,180867,30100,151,5016.61,false
35221700,181017,180867,0,180867,35251800,181168,181018,0,181018,30100,151,5016.61,false
35251800,181168,181018,0,181018,35281900,181319,181169,0,181169,30100,151,5016.61,false
35281900,181319,181169,0,181169,35312000,181470,181320,0,181320,30100,151,5016.61,false
35312000,181470,181320,0,181320,35342100,181621,181471,0,181471,30100,151,5016.61,false
35342100,181621,181471,0,181471,35372200,181772,181622,0,181622,30100,151,5016.61,false
35372200,181772,181622,0,181622,35402300,181923,181773,0,181773,30100,151,5016.61,false
35402300,181923,181773,0,181773,35432400,182074,181924,0,181924,30100,151,5016.61,false
35432400,182074,181924,0,181924,35462500,182225,182075,0,182075,30100,151,5016.61,false
35462500,182225,182075,0,182075,35492600,182376,182226,0,182226,30100,151,5016.61,false
35492600,182376,182226,0,182226,35522700,182527,182377,0,182377,30100,151,5016.61,false
35522700,182527,182377,0,182377,35552800,182678,182528,0,182528,30100,151,5016.61,false
35552800,182678,182528,0,182528,35582900,182829,182679,0,182679,30100,151,5016.61,false
35582900,182829,182679,0,182679,35613000,182980,182830,0,182830,30100,151,5016.61,false
35613000,182980,182830,0,182830,35643100,183131,182981,0,182981,30100,151,5016.61,false
35643100,183131,182981,0,182981,35673200,183282,183132,0,183132,30100,151,5016.61,false
35673200,183282,183132,0,183132,35703300,183433,183283,0,183283,30100,151,5016.61,false
35703300,183433,183283,0,183283,35733400,183584,183434,0,183434,30100,151,5016.61,false
35733400,183584,183434,0,183434,35763500,183735,183585,0,183585,30100,151,5016.61,false
35763500,183735,183585,0,183585,35793600,183886,183736,0,183736,30100,151,5016.61,false
35793600,183886,183736,0,183736,35823700,184037,183887,0,183887,30100,151,5016.61,false
35823700,184037,183887,0,183887,35853800,184188,184038,0,184038,30100,151,5016.61,false
35853800,184188,184038,0,184038,35883900,184339,184189,0,184189,30100,151,5016.61,false
35883900,184339,184189,0,184189,35914000,184490,184340,0,184340,30100,151,5016.61,false
35914000,184490,184340,0,184340,35944100,184641,184491,0,184491,30100,151,5016.61,false
35944100,184641,184491,0,184491,35974200,184792,184642,0,184642,30100,151,5016.61,false
35974200,184792,184642,0,184642,36004300,184943,184793,0,184793,30100,151,5016.61,false
36004300,184943,184793,0,184793,36034400,185094,184944,0,184944,30100,151,5016.61,false
36034400,185094,184944,0,184944,36064500,185245,185095,0,185095,30100,151,5016.61,false
36064500,185245,185095,0,185095,36094600,185396,185246,0,185246,30100,151,5016.61,false
36094600,185396,185246,0,185246,36124700,185547,185397,0,185397,30100,151,5016.61,false
36124700,185547,185397,0,185397,36154800,185698,185548,0,185548,30100,151,5016.61,false
36154800,185698,185548,0,185548,36184900,185849,185699,0,185699,30100,151,5016.61,false
36184900,185849,185699,0,185699,36215000,186000,185850,0,185850,30100,151,5016.61,false
36215000,186000,185850,0,185850,36245100,186151,186001,0,186001,30100,151,5016.61,false
36245100,186151,186001,0,186001,36275200,186302,186152,0,186152,30100,151,5016.61,false
36275200,186302,186152,0,186152,36305300,186453,186303,0,186303,30100,151,5016.61,false
36305300,186453,186303,0,186303,36335400,186604,186454,0,186454,30100,151,5016.61,false
36335400,186604,186454,0,186454,36365500,186755,186605,0,186605,30100,151,5016.61,false
36365500,186755,186605,0,186605,36395600,186906,186756,0,186756,30100,151,5016.61,false
36395600,186906,186756,0,186756,36425700,187057,186907,0,186907,30100,151,5016.61,false
36425700,187057,186907,0,186907,36455800,187208,187058,0,187058,30100,151,5016.61,false
36455800,187208,187058,0,187058,36485900,187359,187209,0,187209,30100,151,5016.61,false
36485900,187359,187209,0,187209,36516000,187510,187360,0,187360,30100,151,5016.61,false
36516000,187510,187360,0,187360,36546100,187661,187511,0,187511,30100,151,5016.61,false
36546100,187661,187511,0,187511,36576200,187812,187662,0,187662,30100,151,5016.61,false
36576200,187812,187662,0,187662,36606300,187963,187813,0,187813,30100,151,5016.61,false
36606300,187963,187813,0,187813,36636400,188114,187964,0,187964,30100,151,5016.61,false
36636400,188114,187964,0,187964,36666500,188265,188115,0,188115,30100,151,5016.61,false
36666500,188265,188115,0,188115,36696600,188416,188266,0,188266,30100,151,5016.61,false
36696600,188416,188266,0,188266,36726700,188567,188417,0,188417,30100,151,5016.61,false
36726700,188567,188417,0,188417,36756800,188718,188568,0,188568,30100,151,5016.61,false
36756800,188718,188568,0,188568,36786900,188869,188719,0,188719,30100,151,5016.61,false
36786900,188869,188719,0,188719,36817000,189020,188870,0,188870,30100,151,5016.61,false
36817000,189020,188870,0,188870,36847100,189171,189021,0,189021,30100,151,5016.61,false
36847100,189171,189021,0,189021,36877200,189322,189172,0,189172,30100,151,5016.61,false
36877200,189322,189172,0,189172,36907300,189473,189323,0,189323,30100,151,5016.61,false
36907300,189473,189323,0,189323,36937400,189624,189474,0,189474,30100,151,5016.61,false
36937400,189624,189474,0,189474,36967500,189775,189625,0,189625,30100,151,5016.61,false
36967500,189775,189625,0,189625,36997600,189926,189776,0,189776,30100,151,5016.61,false
36997600,189926,189776,0,189776,37027700,190077,189927,0,189927,30100,151,5016.61,false
37027700,190077,189927,0,189927,37057800,190228,190078,0,190078,30100,151,5016.61,false
37057800,190228,190078,0,190078,37087900,190379,190229,0,190229,30100,151,5016.61,false
37087900,190379,190229,0,190229,37118000,190530,190380,0,190380,30100,151,5016.61,false
37118000,190530,190380,0,190380,37148100,190681,190531,0,190531,30100,151,5016.61,false
37148100,190681,190531,0,190531,37178200,190832,190682,0,190682,30100,151,5016.61,false
37178200,190832,190682,0,190682,37208300,190983,190833,0,190833,30100,151,5016.61,false
37208400,190984,190834,0,190834,37238500,191135,190985,0,190985,30100,151,5016.61,false
37238500,191135,190985,0,190985,37268600,191286,191136,0,191136,30100,151,5016.61,false
37268600,191286,191136,0,191136,37298700,191437,191287,0,191287,30100,151,5016.61,false
37298700,191437,191287,0,191287,37328800,191588,191438,0,191438,30100,151,5016.61,false
37328800,191588,191438,0,191438,37358900,191739,191589,0,191589,30100,151,5016.61,false
37358900,191739,191589,0,191589,37389000,191890,191740,0,191740,30100,151,5016.61,false
37389000,191890,191740,0,191740,37419100,192041,191891,0,191891,30100,151,5016.61,false
37419100,192041,191891,0,191891,37449200,192192,192042,0,192042,30100,151,5016.61,false
37449200,192192,192042,0,192042,37479300,192343,192193,0,192193,30100,151,5016.61,false
37479300,192343,192193,0,192193,37509400,192494,192344,0,192344,30100,151,5016.61,false
37509400,192494,192344,0,192344,37539500,192645,192495,0,192495,30100,151,5016.61,false
37539500,192645,192495,0,192495,37569600,192796,192646,0,192646,30100,151,5016.61,false
37569600,192796,192646,0,192646,37599700,193351,192797,0,192797,30100,151,5016.61,true
37599700,193351,192797,0,192797,37670200,193906,193352,0,193352,70500,555,7872.34,true
37670200,193906,193352,0,193352,37740700,194097,193907,0,193907,70500,555,7872.34,true
37740700,194097,193907,0,193907,37774800,194248,194098,0,194098,34100,191,5601.17,true
37774800,194248,194098,0,194098,37804900,194399,194249,0,194249,30100,151,5016.61,false
37804900,194399,194249,0,194249,37835000,194550,194400,0,194400,30100,151,5016.61,false
37835000,194550,194400,0,194400,37865100,194701,194551,0,194551,30100,151,5016.61,false
37865100,194701,194551,0,194551,37895200,194852,194702,0,194702,30100,151,5016.61,false
37895200,194852,194702,0,194702,37925300,195003,194853,0,194853,30100,151,5016.61,false
37925300,195003,194853,0,194853,37955400,195154,195004,0,195004,30100,151,5016.61,false
37955400,195154,195004,0,195004,37985500,195305,195155,0,195155,30100,151,5016.61,false
37985500,195305,195155,0,195155,38015600,195456,195306,0,195306,30100,151,5016.61,false
38015600,195456,195306,0,195306,38045700,195607,195457,0,195457,30100,151,5016.61,false
38045700,195607,195457,0,195457,38075800,195758,195608,0,195608,30100,151,5016.61,false
38075800,195758,195608,0,195608,38105900,195909,195759,0,195759,30100,151,5016.61,false
38105900,195909,195759,0,195759,38136000,196060,195910,0,195910,30100,151,5016.61,false
38136000,196060,195910,0,195910,38166100,196211,196061,0,196061,30100,151,5016.61,false
38166100,196211,196061,0,196061,38196200,196362,196212,0,196212,30100,151,5016.61,false
38196200,196362,196212,0,196212,38266400,196513,196363,0,196363,70200,151,2151.00,false
38266400,196513,196363,0,196363,38336600,196664,196514,0,196514,70200,151,2151.00,false
38336600,196664,196514,0,196514,38370900,196815,196665,0,196665,34300,151,4402.33,false
38370900,196815,196665,0,196665,38401000,196966,196816,0,196816,30100,151,5016.61,false
38401000,196966,196816,0,196816,38431100,197117,196967,0,196967,30100,151,5016.61,false
38431100,197117,196967,0,196967,38461200,197268,197118,0,197118,30100,151,5016.61,false
38461200,197268,197118,0,197118,38491300,197419,197269,0,197269,30100,151,5016.61,false
38491300,197419,197269,0,197269,38521400,197570,197420,0,197420,30100,151,5016.61,false
38521400,197570,197420,0,197420,38551500,197721,197571,0,197571,30100,151,5016.61,false
38551500,197721,197571,0,197571,38581600,197872,197722,0,197722,30100,151,5016.61,false
38581600,197872,197722,0,197722,38611700,198023,197873,0,197873,30100,151,5016.61,false
38611700,198023,197873,0,197873,38641800,198174,198024,0,198024,30100,151,5016.61,false
38641800,198174,198024,0,198024,38671900,198325,198175,0,198175,30100,151,5016.61,false
38671900,198325,198175,0,198175,38702000,198476,198326,0,198326,30100,151,5016.61,false
38702000,198476,198326,0,198326,38732100,198627,198477,0,198477,30100,151,5016.61,false
38732100,198627,198477,0,198477,38762200,198778,198628,0,198628,30100,151,5016.61,false
38762200,198778,198628,0,198628,38792300,198929,198779,0,198779,30100,151,5016.61,false
38792300,198929,198779,0,198779,38822400,199080,198930,0,198930,30100,151,5016.61,false
38822400,199080,198930,0,198930,38852500,199231,199081,0,199081,30100,151,5016.61,false
38852500,199231,199081,0,199081,38882600,199382,199232,0,199232,30100,151,5016.61,false
38882600,199382,199232,0,199232,38912700,199533,199383,0,199383,30100,151,5016.61,false
38912700,199533,199383,0,199383,38942800,199684,199534,0,199534,30100,151,5016.61,false
38942800,199684,199534,0,199534,38972900,199835,199685,0,199685,30100,151,5016.61,false
38972900,199835,199685,0,199685,39003000,199986,199836,0,199836,30100,151,5016.61,false
39003000,199986,199836,0,199836,39033100,200137,199987,0,199987,30100,151,5016.61,false
39033100,200137,199987,0,199987,39063200,200288,200138,0,200138,30100,151,5016.61,false
39063200,200288,200138,0,200138,39093300,200439,200289,0,200289,30100,151,5016.61,false
39093300,200439,200289,0,200289,39123400,200590,200440,0,200440,30100,151,5016.61,false
39123400,200590,200440,0,200440,39153500,200741,200591,0,200591,30100,151,5016.61,false
39153500,200741,200591,0,200591,39183600,200892,200742,0,200742,30100,151,5016.61,false
39183600,200892,200742,0,200742,39213700,201043,200893,0,200893,30100,151,5016.61,false
39213700,201043,200893,0,200893,39243800,201194,201044,0,201044,30100,151,5016.61,false
39243800,201194,201044,0,201044,39273900,201345,201195,0,201195,30100,151,5016.61,false
39273900,201345,201195,0,201195,39304000,201496,201346,0,201346,30100,151,5016.61,false
39304000,201496,201346,0,201346,39334100,201647,201497,0,201497,30100,151,5016.61,false
39334100,201647,201497,0,201497,39364200,201798,201648,0,201648,30100,151,5016.61,false
39364200,201798,201648,0,201648,39394300,201949,201799,0,201799,30100,151,5016.61,false
39394300,201949,201799,0,201799,39424400,202100,201950,0,201950,30100,151,5016.61,false
39424400,202100,201950,0,201950,39454500,202251,202101,0,202101,30100,151,5016.61,false
39454500,202251,202101,0,202101,39484600,202402,202252,0,202252,30100,151,5016.61,false
39484600,202402,202252,0,202252,39514700,202553,202403,0,202403,30100,151,5016.61,false
39514700,202553,202403,0,202403,39544800,202704,202554,0,202554,30100,151,5016.61,false
39544800,202704,202554,0,202554,39574900,202855,202705,0,202705,30100,151,5016.61,false
39574900,202855,202705,0,202705,39605000,203006,202856,0,202856,30100,151,5016.61,false
39605000,203006,202856,0,202856,39635100,203157,203007,0,203007,30100,151,5016.61,false
39635100,203157,203007,0,203007,39665200,203308,203158,0,203158,30100,151,5016.61,false
39665200,203308,203158,0,203158,39695300,203459,203309,0,203309,30100,151,5016.61,false
39695300,203459,203309,0,203309,39725400,203610,203460,0,203460,30100,151,5016.61,false
39725400,203610,203460,0,203460,39755500,203761,203611,0,203611,30100,151,5016.61,false
39755500,203761,203611,0,203611,39785600,203912,203762,0,203762,30100,151,5016.61,false
39785600,203912,203762,0,203762,39815700,204063,203913,0,203913,30100,151,5016.61,false
39815700,204063,203913,0,203913,39845800,204214,204064,0,204064,30100,151,5016.61,false
39845800,204214,204064,0,204064,39875900,204365,204215,0,204215,30100,151,5016.61,false
39875900,204365,204215,0,204215,39906000,204516,204366,0,204366,30100,151,5016.61,false
39906000,204516,204366,0,204366,39936100,204667,204517,0,204517,30100,151,5016.61,false
39936100,204667,204517,0,204517,39966200,204818,204668,0,204668,30100,151,5016.61,false
39966200,204818,204668,0,204668,39996300,204969,204819,0,204819,30100,151,5016.61,false
39996300,204969,204819,0,204819,40026400,205120,204970,0,204970,30100,151,5016.61,false
40026400,205120,204970,0,204970,40056500,205271,205121,0,205121,30100,151,5016.61,false
40056500,205271,205121,0,205121,40086600,205422,205272,0,205272,30100,151,5016.61,false
40086600,205422,205272,0,205272,40116700,205573,205423,0,205423,30100,151,5016.61,false
40116700,205573,205423,0,205423,40146800,205724,205574,0,205574,30100,151,5016.61,false
40146800,205724,205574,0,205574,40176900,205875,205725,0,205725,30100,151,5016.61,false
40176900,205875,205725,0,205725,40207000,206026,205876,0,205876,30100,151,5016.61,false
40207000,206026,205876,0,205876,40237100,206177,206027,0,206027,30100,151,5016.61,false
40237100,206177,206027,0,206027,40267200,206328,206178,0,206178,30100,151,5016.61,false
40267200,206328,206178,0,206178,40297300,206479,206329,0,206329,30100,151,5016.61,false
40297300,206479,206329,0,206329,40327400,206630,206480,0,206480,30100,151,5016.61,false
40327400,206630,206480,0,206480,40357500,206781,206631,0,206631,30100,151,5016.61,false
40357500,206781,206631,0,206631,40387600,206932,206782,0,206782,30100,151,5016.61,false
40387600,206932,206782,0,206782,40417700,207083,206933,0,206933,30100,151,5016.61,false
40417700,207083,206933,0,206933,40447800,207234,207084,0,207084,30100,151,5016.61,false
40447800,207234,207084,0,207084,40477900,207385,207235,0,207235,30100,151,5016.61,false
40477900,207385,207235,0,207235,40508000,207536,207386,0,207386,30100,151,5016.61,false
40508000,207536,207386,0,207386,40538100,207687,207537,0,207537,30100,151,5016.61,false
40538100,207687,207537,0,207537,40568200,207838,207688,0,207688,30100,151,5016.61,false
40568200,207838,207688,0,207688,40598300,207989,207839,0,207839,30100,151,5016.61,false
40598300,207989,207839,0,207839,40628400,208140,207990,0,207990,30100,151,5016.61,false
40628400,208140,207990,0,207990,40658500,208291,208141,0,208141,30100,151,5016.61,false
40658500,208291,208141,0,208141,40688600,208442,208292,0,208292,30100,151,5016.61,false
40688600,208442,208292,0,208292,40718700,208593,208443,0,208443,30100,151,5016.61,false
40718700,208593,208443,0,208443,40748800,208744,208594,0,208594,30100,151,5016.61,false
40748800,208744,208594,0,208594,40778900,208895,208745,0,208745,30100,151,5016.61,false
40778900,208895,208745,0,208745,40809000,209046,208896,0,208896,30100,151,5016.61,false
40809000,209046,208896,0,208896,40839100,209197,209047,0,209047,30100,151,5016.61,false
40839100,209197,209047,0,209047,40869200,209348,209198,0,209198,30100,151,5016.61,false
40869200,209348,209198,0,209198,40899300,209499,209349,0,209349,30100,151,5016.61,false
40899300,209499,209349,0,209349,40929400,209650,209500,0,209500,30100,151,5016.61,false
40929400,209650,209500,0,209500,40959500,209801,209651,0,209651,30100,151,5016.61,false
40959500,209801,209651,0,209651,40989600,209952,209802,0,209802,30100,151,5016.61,false
40989600,209952,209802,0,209802,41019700,210103,209953,0,209953,30100,151,5016.61,false
41019800,210104,209954,0,209954,41049900,210255,210105,0,210105,30100,151,5016.61,false
41049900,210255,210105,0,210105,41080000,210406,210256,0,210256,30100,151,5016.61,false
41080000,210406,210256,0,210256,41110100,210557,210407,0,210407,30100,151,5016.61,false
41110100,210557,210407,0,210407,41140200,210708,210558,0,210558,30100,151,5016.61,false
41140200,210708,210558,0,210558,41170300,210859,210709,0,210709,30100,151,5016.61,false
41170300,210859,210709,0,210709,41200400,211010,210860,0,210860,30100,151,5016.61,false
41200400,211010,210860,0,210860,41230500,211161,211011,0,211011,30100,151,5016.61,false
41230500,211161,211011,0,211011,41260600,211312,211162,0,211162,30100,151,5016.61,false
41260600,211312,211162,0,211162,41290700,211463,211313,0,211313,30100,151,5016.61,false
41290700,211463,211313,0,211313,41320800,211614,211464,0,211464,30100,151,5016.61,false
41320800,211614,211464,0,211464,41350900,211765,211615,0,211615,30100,151,5016.61,false
41350900,211765,211615,0,211615,41381000,211916,211766,0,211766,30100,151,5016.61,false
41381000,211916,211766,0,211766,41411100,212471,211917,0,211917,30100,151,5016.61,true
41411100,212471,211917,0,211917,41481600,213026,212472,0,212472,70500,555,7872.34,true
41481600,213026,212472,0,212472,41552100,213217,213027,0,213027,70500,555,7872.34,true
41552100,213217,213027,0,213027,41586200,213368,213218,0,213218,34100,191,5601.17,true
41586200,213368,213218,0,213218,41616300,213519,213369,0,213369,30100,151,5016.61,false
41616300,213519,213369,0,213369,41646400,213670,213520,0,213520,30100,151,5016.61,false
41646400,213670,213520,0,213520,41676500,213821,213671,0,213671,30100,151,5016.61,false
41676500,213821,213671,0,213671,41706600,213972,213822,0,213822,30100,151,5016.61,false
41706600,213972,213822,0,213822,41736700,214123,213973,0,213973,30100,151,5016.61,false
41736700,214123,213973,0,213973,41766800,214274,214124,0,214124,30100,151,5016.61,false
41766800,214274,214124,0,214124,41796900,214425,214275,0,214275,30100,151,5016.61,false
41796900,214425,214275,0,214275,41827000,214576,214426,0,214426,30100,151,5016.61,false
41827000,214576,214426,0,214426,41857100,214727,214577,0,214577,30100,151,5016.61,false
41857100,214727,214577,0,214577,41887200,214878,214728,0,214728,30100,151,5016.61,false
41887200,214878,214728,0,214728,41917300,215029,214879,0,214879,30100,151,5016.61,false
41917300,215029,214879,0,214879,41947400,215180,215030,0,215030,30100,151,5016.61,false
41947400,215180,215030,0,215030,41977500,215331,215181,0,215181,30100,151,5016.61,false
41977500,215331,215181,0,215181,42007600,215482,215332,0,215332,30100,151,5016.61,false
42007600,215482,215332,0,215332,42077800,215633,215483,0,215483,70200,151,2151.00,false
42077800,215633,215483,0,215483,42148000,215784,215634,0,215634,70200,151,2151.00,false
42148000,215784,215634,0,215634,42182300,215935,215785,0,215785,34300,151,4402.33,false
42182300,215935,215785,0,215785,42212400,216086,215936,0,215936,30100,151,5016.61,false
42212400,216086,215936,0,215936,42242500,216237,216087,0,216087,30100,151,5016.61,false
42242500,216237,216087,0,216087,42272600,216388,216238,0,216238,30100,151,5016.61,false
42272600,216388,216238,0,216238,42302700,216539,216389,0,216389,30100,151,5016.61,false
42302700,216539,216389,0,216389,42332800,216690,216540,0,216540,30100,151,5016.61,false
42332800,216690,216540,0,216540,42362900,216841,216691,0,216691,30100,151,5016.61,false
42362900,216841,216691,0,216691,42393000,216992,216842,0,216842,30100,151,5016.61,false
42393000,216992,216842,0,216842,42423100,217143,216993,0,216993,30100,151,5016.61,false
42423100,217143,216993,0,216993,42453200,217294,217144,0,217144,30100,151,5016.61,false
42453200,217294,217144,0,217144,42483300,217445,217295,0,217295,30100,151,5016.61,false
42483300,217445,217295,0,217295,42513400,217596,217446,0,217446,30100,151,5016.61,false
42513400,217596,217446,0,217446,42543500,217747,217597,0,217597,30100,151,5016.61,false
42543500,217747,217597,0,217597,42573600,217898,217748,0,217748,30100,151,5016.61,false
42573600,217898,217748,0,217748,42603700,218049,217899,0,217899,30100,151,5016.61,false
42603700,218049,217899,0,217899,42633800,218200,218050,0,218050,30100,151,5016.61,false
42633800,218200,218050,0,218050,42663900,218351,218201,0,218201,30100,151,5016.61,false
42663900,218351,218201,0,218201,42694000,218502,218352,0,218352,30100,151,5016.61,false
42694000,218502,218352,0,218352,42724100,218653,218503,0,218503,30100,151,5016.61,false
42724100,218653,218503,0,218503,42754200,218804,218654,0,218654,30100,151,5016.61,false
42754200,218804,218654,0,218654,42784300,218955,218805,0,218805,30100,151,5016.61,false
42784300,218955,218805,0,218805,42814400,219106,218956,0,218956,30100,151,5016.61,false
42814400,219106,218956,0,218956,42844500,219257,219107,0,219107,30100,151,5016.61,false
42844500,219257,219107,0,219107,42874600,219408,219258,0,219258,30100,151,5016.61,false
42874600,219408,219258,0,219258,42904700,219559,219409,0,219409,30100,151,5016.61,false
42904700,219559,219409,0,219409,42934800,219710,219560,0,219560,30100,151,5016.61,false
42934800,219710,219560,0,219560,42964900,219861,219711,0,219711,30100,151,5016.61,false
42964900,219861,219711,0,219711,42995000,220012,219862,0,219862,30100,151,5016.61,false
42995000,220012,219862,0,219862,43025100,220163,220013,0,220013,30100,151,5016.61,false
43025100,220163,220013,0,220013,43055200,220314,220164,0,220164,30100,151,5016.61,false
43055200,220314,220164,0,220164,43085300,220465,220315,0,220315,30100,151,5016.61,false
43085300,220465,220315,0,220315,43115400,220616,220466,0,220466,30100,151,5016.61,false
43115400,220616,220466,0,220466,43145500,220767,220617,0,220617,30100,151,5016.61,false
43145500,220767,220617,0,220617,43175600,220918,220768,0,220768,30100,151,5016.61,false
43175600,220918,220768,0,220768,43205700,221069,220919,0,220919,30100,151,5016.61,false
43205700,221069,220919,0,220919,43235800,221220,221070,0,221070,30100,151,5016.61,false
43235800,221220,221070,0,221070,43265900,221371,221221,0,221221,30100,151,5016.61,false
43265900,221371,221221,0,221221,43296000,221522,221372,0,221372,30100,151,5016.61,false
43296000,221522,221372,0,221372,43326100,221673,221523,0,221523,30100,151,5016.61,false
43326100,221673,221523,0,221523,43356200,221824,221674,0,221674,30100,151,5016.61,false
43356200,221824,221674,0,221674,43386300,221975,221825,0,221825,30100,151,5016.61,false
43386300,221975,221825,0,221825,43416400,222126,221976,0,221976,30100,151,5016.61,false
43416400,222126,221976,0,221976,43446500,222277,222127,0,222127,30100,151,5016.61,false
43446500,222277,222127,0,222127,43476600,222428,222278,0,222278,30100,151,5016.61,false
43476600,222428,222278,0,222278,43506700,222579,222429,0,222429,30100,151,5016.61,false
43506700,222579,222429,0,222429,43536800,222730,222580,0,222580,30100,151,5016.61,false
43536800,222730,222580,0,222580,43566900,222881,222731,0,222731,30100,151,5016.61,false
43566900,222881,222731,0,222731,43597000,223032,222882,0,222882,30100,151,5016.61,false
43597000,223032,222882,0,222882,43627100,223183,223033,0,223033,30100,151,5016.61,false
43627100,223183,223033,0,223033,43657200,223334,223184,0,223184,30100,151,5016.61,false
43657200,223334,223184,0,223184,43687300,223485,223335,0,223335,30100,151,5016.61,false
43687300,223485,223335,0,223335,43717400,223636,223486,0,223486,30100,151,5016.61,false
43717400,223636,223486,0,223486,43747500,223787,223637,0,223637,30100,151,5016.61,false
43747500,223787,223637,0,223637,43777600,223938,223788,0,223788,30100,151,5016.61,false
43777600,223938,223788,0,223788,43807700,224089,223939,0,223939,30100,151,5016.61,false
43807700,224089,223939,0,223939,43837800,224240,224090,0,224090,30100,151,5016.61,false
43837800,224240,224090,0,224090,43867900,224391,224241,0,224241,30100,151,5016.61,false
43867900,224391,224241,0,224241,43898000,224542,224392,0,224392,30100,151,5016.61,false
43898000,224542,224392,0,224392,43928100,224693,224543,0,224543,30100,151,5016.61,false
43928100,224693,224543,0,224543,43958200,224844,224694,0,224694,30100,151,5016.61,false
43958200,224844,224694,0,224694,43988300,224995,224845,0,224845,30100,151,5016.61,false
43988300,224995,224845,0,224845,44018400,225146,224996,0,224996,30100,151,5016.61,false
44018400,225146,224996,0,224996,44048500,225297,225147,0,225147,30100,151,5016.61,false
44048500,225297,225147,0,225147,44078600,225448,225298,0,225298,30100,151,5016.61,false
44078600,225448,225298,0,225298,44108700,225599,225449,0,225449,30100,151,5016.61,false
44108700,225599,225449,0,225449,44138800,225750,225600,0,225600,30100,151,5016.61,false
44138800,225750,225600,0,225600,44168900,225901,225751,0,225751,30100,151,5016.61,false
44168900,225901,225751,0,225751,44199000,226052,225902,0,225902,30100,151,5016.61,false
44199000,226052,225902,0,225902,44229100,226203,226053,0,226053,30100,151,5016.61,false
44229100,226203,226053,0,226053,44259200,226354,226204,0,226204,30100,151,5016.61,false
44259200,226354,226204,0,226204,44289300,226505,226355,0,226355,30100,151,5016.61,false
44289300,226505,226355,0,226355,44319400,226656,226506,0,226506,30100,151,5016.61,false
44319400,226656,226506,0,226506,44349500,226807,226657,0,226657,30100,151,5016.61,false
44349500,226807,226657,0,226657,44379600,226958,226808,0,226808,30100,151,5016.61,false
44379600,226958,226808,0,226808,44409700,227109,226959,0,226959,30100,151,5016.61,false
44409700,227109,226959,0,226959,44439800,227260,227110,0,227110,30100,151,5016.61,false
44439800,227260,227110,0,227110,44469900,227411,227261,0,227261,30100,151,5016.61,false
44469900,227411,227261,0,227261,44500000,227562,227412,0,227412,30100,151,5016.61,false
44500000,227562,227412,0,227412,44530100,227713,227563,0,227563,30100,151,5016.61,false
44530100,227713,227563,0,227563,44560200,227864,227714,0,227714,30100,151,5016.61,false
44560200,227864,227714,0,227714,44590300,228015,227865,0,227865,30100,151,5016.61,false
44590300,228015,227865,0,227865,44620400,228166,228016,0,228016,30100,151,5016.61,false
44620400,228166,228016,0,228016,44650500,228317,228167,0,228167,30100,151,5016.61,false
44650500,228317,228167,0,228167,44680600,228468,228318,0,228318,30100,151,5016.61,false
44680600,228468,228318,0,228318,44710700,228619,228469,0,228469,30100,151,5016.61,false
44710700,228619,228469,0,228469,44740800,228770,228620,0,228620,30100,151,5016.61,false
44740800,228770,228620,0,228620,44770900,228921,228771,0,228771,30100,151,5016.61,false
44770900,228921,228771,0,228771,44801000,229072,228922,0,228922,30100,151,5016.61,false
44801000,229072,228922,0,228922,44831100,229223,229073,0,229073,30100,151,5016.61,false
44831200,229224,229074,0,229074,44861300,229375,229225,0,229225,30100,151,5016.61,false
44861300,229375,229225,0,229225,44891400,229526,229376,0,229376,30100,151,5016.61,false
44891400,229526,229376,0,229376,44921500,229677,229527,0,229527,30100,151,5016.61,false
44921500,229677,229527,0,229527,44951600,229828,229678,0,229678,30100,151,5016.61,false
44951600,229828,229678,0,229678,44981700,229979,229829,0,229829,30100,151,5016.61,false
44981700,229979,229829,0,229829,45011800,230130,229980,0,229980,30100,151,5016.61,false
45011800,230130,229980,0,229980,45041900,230281,230131,0,230131,30100,151,5016.61,false
45041900,230281,230131,0,230131,45072000,230432,230282,0,230282,30100,151,5016.61,false
45072000,230432,230282,0,230282,45102100,230583,230433,0,230433,30100,151,5016.61,false
45102100,230583,230433,0,230433,45132200,230734,230584,0,230584,30100,151,5016.61,false
45132200,230734,230584,0,230584,45162300,230885,230735,0,230735,30100,151,5016.61,false
45162300,230885,230735,0,230735,45192400,231036,230886,0,230886,30100,151,5016.61,false
45192400,231036,230886,0,230886,45222500,231591,231037,0,231037,30100,151,5016.61,true
45222500,231591,231037,0,231037,45293000,232146,231592,0,231592,70500,555,7872.34,true
45293000,232146,231592,0,231592,45363500,232337,232147,0,232147,70500,555,7872.34,true
45363500,232337,232147,0,232147,45397600,232488,232338,0,232338,34100,191,5601.17,true
45397600,232488,232338,0,232338,45427700,232639,232489,0,232489,30100,151,5016.61,false
45427700,232639,232489,0,232489,45457800,232790,232640,0,232640,30100,151,5016.61,false
45457800,232790,232640,0,232640,45487900,232941,232791,0,232791,30100,151,5016.61,false
45487900,232941,232791,0,232791,45518000,233092,232942,0,232942,30100,151,5016.61,false
45518000,233092,232942,0,232942,45548100,233243,233093,0,233093,30100,151,5016.61,false
45548100,233243,233093,0,233093,45578200,233394,233244,0,233244,30100,151,5016.61,false
45578200,233394,233244,0,233244,45608300,233545,233395,0,233395,30100,151,5016.61,false
45608300,233545,233395,0,233395,45638400,233696,233546,0,233546,30100,151,5016.61,false
45638400,233696,233546,0,233546,45668500,233847,233697,0,233697,30100,151,5016.61,false
45668500,233847,233697,0,233697,45698600,233998,233848,0,233848,30100,151,5016.61,false
45698600,233998,233848,0,233848,45728700,234149,233999,0,233999,30100,151,5016.61,false
45728700,234149,233999,0,233999,45758800,234300,234150,0,234150,30100,151,5016.61,false
45758800,234300,234150,0,234150,45788900,234451,234301,0,234301,30100,151,5016.61,false
45788900,234451,234301,0,234301,45819000,234602,234452,0,234452,30100,151,5016.61,false
45819000,234602,234452,0,234452,45889200,234753,234603,0,234603,70200,151,2151.00,false
45889200,234753,234603,0,234603,45959400,234904,234754,0,234754,70200,151,2151.00,false
45959400,234904,234754,0,234754,45993700,235055,234905,0,234905,34300,151,4402.33,false
45993700,235055,234905,0,234905,46023800,235206,235056,0,235056,30100,151,5016.61,false
46023800,235206,235056,0,235056,46053900,235357,235207,0,235207,30100,151,5016.61,false
46053900,235357,235207,0,235207,46084000,235508,235358,0,235358,30100,151,5016.61,false
46084000,235508,235358,0,235358,46114100,235659,235509,0,235509,30100,151,5016.61,false
46114100,235659,235509,0,235509,46144200,235810,235660,0,235660,30100,151,5016.61,false
46144200,235810,235660,0,235660,46174300,235961,235811,0,235811,30100,151,5016.61,false
46174300,235961,235811,0,235811,46204400,236112,235962,0,235962,30100,151,5016.61,false
46204400,236112,235962,0,235962,46234500,236263,236113,0,236113,30100,151,5016.61,false
46234500,236263,236113,0,236113,46264600,236414,236264,0,236264,30100,151,5016.61,false
46264600,236414,236264,0,236264,46294700,236565,236415,0,236415,30100,151,5016.61,false
46294700,236565,236415,0,236415,46324800,236716,236566,0,236566,30100,151,5016.61,false
46324800,236716,236566,0,236566,46354900,236867,236717,0,236717,30100,151,5016.61,false
46354900,236867,236717,0,236717,46385000,237018,236868,0,236868,30100,151,5016.61,false
46385000,237018,236868,0,236868,46415100,237169,237019,0,237019,30100,151,5016.61,false
46415100,237169,237019,0,237019,46445200,237320,237170,0,237170,30100,151,5016.61,false
46445200,237320,237170,0,237170,46475300,237471,237321,0,237321,30100,151,5016.61,false
46475300,237471,237321,0,237321,46505400,237622,237472,0,237472,30100,151,5016.61,false
46505400,237622,237472,0,237472,46535500,237773,237623,0,237623,30100,151,5016.61,false
46535500,237773,237623,0,237623,46565600,237924,237774,0,237774,30100,151,5016.61,false
46565600,237924,237774,0,237774,46595700,238075,237925,0,237925,30100,151,5016.61,false
46595700,238075,237925,0,237925,46625800,238226,238076,0,238076,30100,151,5016.61,false
46625800,238226,238076,0,238076,46655900,238377,238227,0,238227,30100,151,5016.61,false
46655900,238377,238227,0,238227,46686000,238528,238378,0,238378,30100,151,5016.61,false
46686000,238528,238378,0,238378,46716100,238679,238529,0,238529,30100,151,5016.61,false
46716100,238679,238529,0,238529,46746200,238830,238680,0,238680,30100,151,5016.61,false
46746200,238830,238680,0,238680,46776300,238981,238831,0,238831,30100,151,5016.61,false
46776300,238981,238831,0,238831,46806400,239132,238982,0,238982,30100,151,5016.61,false
46806400,239132,238982,0,238982,46836500,239283,239133,0,239133,30100,151,5016.61,false
46836500,239283,239133,0,239133,46866600,239434,239284,0,239284,30100,151,5016.61,false
46866600,239434,239284,0,239284,46896700,239585,239435,0,239435,30100,151,5016.61,false
46896700,239585,239435,0,239435,46926800,239736,239586,0,239586,30100,151,5016.61,false
46926800,239736,239586,0,239586,46956900,239887,239737,0,239737,30100,151,5016.61,false
46956900,239887,239737,0,239737,46987000,240038,239888,0,239888,30100,151,5016.61,false
46987000,240038,239888,0,239888,47017100,240189,240039,0,240039,30100,151,5016.61,false
47017100,240189,240039,0,240039,47047200,240340,240190,0,240190,30100,151,5016.61,false
47047200,240340,240190,0,240190,47077300,240491,240341,0,240341,30100,151,5016.61,false
47077300,240491,240341,0,240341,47107400,240642,240492,0,240492,30100,151,5016.61,false
47107400,240642,240492,0,240492,47137500,240793,240643,0,240643,30100,151,5016.61,false
47137500,240793,240643,0,240643,47167600,240944,240794,0,240794,30100,151,5016.61,false
47167600,240944,240794,0,240794,47197700,241095,240945,0,240945,30100,151,5016.61,false
47197700,241095,240945,0,240945,47227800,241246,241096,0,241096,30100,151,5016.61,false
47227800,241246,241096,0,241096,47257900,241397,241247,0,241247,30100,151,5016.61,false
47257900,241397,241247,0,241247,47288000,241548,241398,0,241398,30100,151,5016.61,false
47288000,241548,241398,0,241398,47318100,241699,241549,0,241549,30100,151,5016.61,false
47318100,241699,241549,0,241549,47348200,241850,241700,0,241700,30100,151,5016.61,false
47348200,241850,241700,0,241700,47378300,242001,241851,0,241851,30100,151,5016.61,false
47378300,242001,241851,0,241851,47408400,242152,242002,0,242002,30100,151,5016.61,false
47408400,242152,242002,0,242002,47438500,242303,242153,0,242153,30100,151,5016.61,false
47438500,242303,242153,0,242153,47468600,242454,242304,0,242304,30100,151,5016.61,false
47468600,242454,242304,0,242304,47498700,242605,242455,0,242455,30100,151,5016.61,false
47498700,242605,242455,0,242455,47528800,242756,242606,0,242606,30100,151,5016.61,false
47528800,242756,242606,0,242606,47558900,242907,242757,0,242757,30100,151,5016.61,false
47558900,242907,242757,0,242757,47589000,243058,242908,0,242908,30100,151,5016.61,false
47589000,243058,242908,0,242908,47619100,243209,243059,0,243059,30100,151,5016.61,false
47619100,243209,243059,0,243059,47649200,243360,243210,0,243210,30100,151,5016.61,false
47649200,243360,243210,0,243210,47679300,243511,243361,0,243361,30100,151,5016.61,false
47679300,243511,243361,0,243361,47709400,243662,243512,0,243512,30100,151,5016.61,false
47709400,243662,243512,0,243512,47739500,243813,243663,0,243663,30100,151,5016.61,false
47739500,243813,243663,0,243663,47769600,243964,243814,0,243814,30100,151,5016.61,false
47769600,243964,243814,0,243814,47799700,244115,243965,0,243965,30100,151,5016.61,false
47799700,244115,243965,0,243965,47829800,244266,244116,0,244116,30100,151,5016.61,false
47829800,244266,244116,0,244116,47859900,244417,244267,0,244267,30100,151,5016.61,false
47859900,244417,244267,0,244267,47890000,244568,244418,0,244418,30100,151,5016.61,false
47890000,244568,244418,0,244418,47920100,244719,244569,0,244569,30100,151,5016.61,false
47920100,244719,244569,0,244569,47950200,244870,244720,0,244720,30100,151,5016.61,false
47950200,244870,244720,0,244720,47980300,245021,244871,0,244871,30100,151,5016.61,false
47980300,245021,244871,0,244871,48010400,245172,245022,0,245022,30100,151,5016.61,false
48010400,245172,245022,0,245022,48040500,245323,245173,0,245173,30100,151,5016.61,false
48040500,245323,245173,0,245173,48070600,245474,245324,0,245324,30100,151,5016.61,false
48070600,245474,245324,0,245324,48100700,245625,245475,0,245475,30100,151,5016.61,false
48100700,245625,245475,0,245475,48130800,245776,245626,0,245626,30100,151,5016.61,false
48130800,245776,245626,0,245626,48160900,245927,245777,0,245777,30100,151,5016.61,false
48160900,245927,245777,0,245777,48191000,246078,245928,0,245928,30100,151,5016.61,false
48191000,246078,245928,0,245928,48221100,246229,246079,0,246079,30100,151,5016.61,false
48221100,246229,246079,0,246079,48251200,246380,246230,0,246230,30100,151,5016.61,false
48251200,246380,246230,0,246230,48281300,246531,246381,0,246381,30100,151,5016.61,false
48281300,246531,246381,0,246381,48311400,246682,246532,0,246532,30100,151,5016.61,false
48311400,246682,246532,0,246532,48341500,246833,246683,0,246683,30100,151,5016.61,false
48341500,246833,246683,0,246683,48371600,246984,246834,0,246834,30100,151,5016.61,false
48371600,246984,246834,0,246834,48401700,247135,246985,0,246985,30100,151,5016.61,false
48401700,247135,246985,0,246985,48431800,247286,247136,0,247136,30100,151,5016.61,false
48431800,247286,247136,0,247136,48461900,247437,247287,0,247287,30100,151,5016.61,false
48461900,247437,247287,0,247287,48492000,247588,247438,0,247438,30100,151,5016.61,false
48492000,247588,247438,0,247438,48522100,247739,247589,0,247589,30100,151,5016.61,false
48522100,247739,247589,0,247589,48552200,247890,247740,0,247740,30100,151,5016.61,false
48552200,247890,247740,0,247740,48582300,248041,247891,0,247891,30100,151,5016.61,false
48582300,248041,247891,0,247891,48612400,248192,248042,0,248042,30100,151,5016.61,false
48612400,248192,248042,0,248042,48642500,248343,248193,0,248193,30100,151,5016.61,false
48642600,248344,248194,0,248194,48672700,248495,248345,0,248345,30100,151,5016.61,false
48672700,248495,248345,0,248345,48702800,248646,248496,0,248496,30100,151,5016.61,false
48702800,248646,248496,0,248496,48732900,248797,248647,0,248647,30100,151,5016.61,false
48732900,248797,248647,0,248647,48763000,248948,248798,0,248798,30100,151,5016.61,false
48763000,248948,248798,0,248798,48793100,249099,248949,0,248949,30100,151,5016.61,false
48793100,249099,248949,0,248949,48823200,249250,249100,0,249100,30100,151,5016.61,false
48823200,249250,249100,0,249100,48853300,249401,249251,0,249251,30100,151,5016.61,false
48853300,249401,249251,0,249251,48883400,249552,249402,0,249402,30100,151,5016.61,false
48883400,249552,249402,0,249402,48913500,249703,249553,0,249553,30100,151,5016.61,false
48913500,249703,249553,0,249553,48943600,249854,249704,0,249704,30100,151,5016.61,false
48943600,249854,249704,0,249704,48973700,250005,249855,0,249855,30100,151,5016.61,false
48973700,250005,249855,0,249855,49003800,250156,250006,0,250006,30100,151,5016.61,false
49003800,250156,250006,0,250006,49033900,250711,250157,0,250157,30100,151,5016.61,true
49033900,250711,250157,0,250157,49104400,251266,250712,0,250712,70500,555,7872.34,true
49104400,251266,250712,0,250712,49174900,251457,251267,0,251267,70500,555,7872.34,true
49174900,251457,251267,0,251267,49209000,251608,251458,0,251458,34100,191,5601.17,true
49209000,251608,251458,0,251458,49239100,251759,251609,0,251609,30100,151,5016.61,false
49239100,251759,251609,0,251609,49269200,251910,251760,0,251760,30100,151,5016.61,false
49269200,251910,251760,0,251760,49299300,252061,251911,0,251911,30100,151,5016.61,false
49299300,252061,251911,0,251911,49329400,252212,252062,0,252062,30100,151,5016.61,false
49329400,252212,252062,0,252062,49359500,252363,252213,0,252213,30100,151,5016.61,false
49359500,252363,252213,0,252213,49389600,252514,252364,0,252364,30100,151,5016.61,false
49389600,252514,252364,0,252364,49419700,252665,252515,0,252515,30100,151,5016.61,false
49419700,252665,252515,0,252515,49449800,252816,252666,0,252666,30100,151,5016.61,false
49449800,252816,252666,0,252666,49479900,252967,252817,0,252817,30100,151,5016.61,false
49479900,252967,252817,0,252817,49510000,253118,252968,0,252968,30100,151,5016.61,false
49510000,253118,252968,0,252968,49540100,253269,253119,0,253119,30100,151,5016.61,false
49540100,253269,253119,0,253119,49570200,253420,253270,0,253270,30100,151,5016.61,false
49570200,253420,253270,0,253270,49600300,253571,253421,0,253421,30100,151,5016.61,false
49600300,253571,253421,0,253421,49630400,253722,253572,0,253572,30100,151,5016.61,false
49630400,253722,253572,0,253572,49700600,253873,253723,0,253723,70200,151,2151.00,false
49700600,253873,253723,0,253723,49770800,254024,253874,0,253874,70200,151,2151.00,false
49770800,254024,253874,0,253874,49805100,254175,254025,0,254025,34300,151,4402.33,false
49805100,254175,254025,0,254025,49835200,254326,254176,0,254176,30100,151,5016.61,false
49835200,254326,254176,0,254176,49865300,254477,254327,0,254327,30100,151,5016.61,false
49865300,254477,254327,0,254327,49895400,254628,254478,0,254478,30100,151,5016.61,false
49895400,254628,254478,0,254478,49925500,254779,254629,0,254629,30100,151,5016.61,false
49925500,254779,254629,0,254629,49955600,254930,254780,0,254780,30100,151,5016.61,false
49955600,254930,254780,0,254780,49985700,255081,254931,0,254931,30100,151,5016.61,false
49985700,255081,254931,0,254931,50015800,255232,255082,0,255082,30100,151,5016.61,false
50015800,255232,255082,0,255082,50045900,255383,255233,0,255233,30100,151,5016.61,false
50045900,255383,255233,0,255233,50076000,255534,255384,0,255384,30100,151,5016.61,false
50076000,255534,255384,0,255384,50106100,255685,255535,0,255535,30100,151,5016.61,false
50106100,255685,255535,0,255535,50136200,255836,255686,0,255686,30100,151,5016.61,false
50136200,255836,255686,0,255686,50166300,255987,255837,0,255837,30100,151,5016.61,false
50166300,255987,255837,0,255837,50196400,256138,255988,0,255988,30100,151,5016.61,false
50196400,256138,255988,0,255988,50226500,256289,256139,0,256139,30100,151,5016.61,false
50226500,256289,256139,0,256139,50256600,256440,256290,0,256290,30100,151,5016.61,false
50256600,256440,256290,0,256290,50286700,256591,256441,0,256441,30100,151,5016.61,false
50286700,256591,256441,0,256441,50316800,256742,256592,0,256592,30100,151,5016.61,false
50316800,256742,256592,0,256592,50346900,256893,256743,0,256743,30100,151,5016.61,false
50346900,256893,256743,0,256743,50377000,257044,256894,0,256894,30100,151,5016.61,false
50377000,257044,256894,0,256894,50407100,257195,257045,0,257045,30100,151,5016.61,false
50407100,257195,257045,0,257045,50437200,257346,257196,0,257196,30100,151,5016.61,false
50437200,257346,257196,0,257196,50467300,257497,257347,0,257347,30100,151,5016.61,false
50467300,257497,257347,0,257347,50497400,257648,257498,0,257498,30100,151,5016.61,false
50497400,257648,257498,0,257498,50527500,257799,257649,0,257649,30100,151,5016.61,false
50527500,257799,257649,0,257649,50557600,257950,257800,0,257800,30100,151,5016.61,false
50557600,257950,257800,0,257800,50587700,258101,257951,0,257951,30100,151,5016.61,false
50587700,258101,257951,0,257951,50617800,258252,258102,0,258102,30100,151,5016.61,false
50617800,258252,258102,0,258102,50647900,258403,258253,0,258253,30100,151,5016.61,false
50647900,258403,258253,0,258253,50678000,258554,258404,0,258404,30100,151,5016.61,false
50678000,258554,258404,0,258404,50708100,258705,258555,0,258555,30100,151,5016.61,false
50708100,258705,258555,0,258555,50738200,258856,258706,0,258706,30100,151,5016.61,false
50738200,258856,258706,0,258706,50768300,259007,258857,0,258857,30100,151,5016.61,false
50768300,259007,258857,0,258857,50798400,259158,259008,0,259008,30100,151,5016.61,false
50798400,259158,259008,0,259008,50828500,259309,259159,0,259159,30100,151,5016.61,false
50828500,259309,259159,0,259159,50858600,259460,259310,0,259310,30100,151,5016.61,false
50858600,259460,259310,0,259310,50888700,259611,259461,0,259461,30100,151,5016.61,false
50888700,259611,259461,0,259461,50918800,259762,259612,0,259612,30100,151,5016.61,false
50918800,259762,259612,0,259612,50948900,259913,259763,0,259763,30100,151,5016.61,false
50948900,259913,259763,0,259763,50979000,260064,259914,0,259914,30100,151,5016.61,false
50979000,260064,259914,0,259914,51009100,260215,260065,0,260065,30100,151,5016.61,false
51009100,260215,260065,0,260065,51039200,260366,260216,0,260216,30100,151,5016.61,false
51039200,260366,260216,0,260216,51069300,260517,260367,0,260367,30100,151,5016.61,false
51069300,260517,260367,0,260367,51099400,260668,260518,0,260518,30100,151,5016.61,false
51099400,260668,260518,0,260518,51129500,260819,260669,0,260669,30100,151,5016.61,false
51129500,260819,260669,0,260669,51159600,260970,260820,0,260820,30100,151,5016.61,false
51159600,260970,260820,0,260820,51189700,261121,260971,0,260971,30100,151,5016.61,false
51189700,261121,260971,0,260971,51219800,261272,261122,0,261122,30100,151,5016.61,false
51219800,261272,261122,0,261122,51249900,261423,261273,0,261273,30100,151,5016.61,false
51249900,261423,261273,0,261273,51280000,261574,261424,0,261424,30100,151,5016.61,false
51280000,261574,261424,0,261424,51310100,261725,261575,0,261575,30100,151,5016.61,false
51310100,261725,261575,0,261575,51340200,261876,261726,0,261726,30100,151,5016.61,false
51340200,261876,261726,0,261726,51370300,262027,261877,0,261877,30100,151,5016.61,false
51370300,262027,261877,0,261877,51400400,262178,262028,0,262028,30100,151,5016.61,false
51400400,262178,262028,0,262028,51430500,262329,262179,0,262179,30100,151,5016.61,false
51430500,262329,262179,0,262179,51460600,262480,262330,0,262330,30100,151,5016.61,false
51460600,262480,262330,0,262330,51490700,262631,262481,0,262481,30100,151,5016.61,false
51490700,262631,262481,0,262481,51520800,262782,262632,0,262632,30100,151,5016.61,false
51520800,262782,262632,0,262632,51550900,262933,262783,0,262783,30100,151,5016.61,false
51550900,262933,262783,0,262783,51581000,263084,262934,0,262934,30100,151,5016.61,false
51581000,263084,262934,0,262934,51611100,263235,263085,0,263085,30100,151,5016.61,false
51611100,263235,263085,0,263085,51641200,263386,263236,0,263236,30100,151,5016.61,false
51641200,263386,263236,0,263236,51671300,263537,263387,0,263387,30100,151,5016.61,false
51671300,263537,263387,0,263387,51701400,263688,263538,0,263538,30100,151,5016.61,false
51701400,263688,263538,0,263538,51731500,263839,263689,0,263689,30100,151,5016.61,false
51731500,263839,263689,0,263689,51761600,263990,263840,0,263840,30100,151,5016.61,false
51761600,263990,263840,0,263840,51791700,264141,263991,0,263991,30100,151,5016.61,false
51791700,264141,263991,0,263991,51821800,264292,264142,0,264142,30100,151,5016.61,false
51821800,264292,264142,0,264142,51851900,264443,264293,0,264293,30100,151,5016.61,false
51851900,264443,264293,0,264293,51882000,264594,264444,0,264444,30100,151,5016.61,false
51882000,264594,264444,0,264444,51912100,264745,264595,0,264595,30100,151,5016.61,false
51912100,264745,264595,0,264595,51942200,264896,264746,0,264746,30100,151,5016.61,false
51942200,264896,264746,0,264746,51972300,265047,264897,0,264897,30100,151,5016.61,false
51972300,265047,264897,0,264897,52002400,265198,265048,0,265048,30100,151,5016.61,false
52002400,265198,265048,0,265048,52032500,265349,265199,0,265199,30100,151,5016.61,false
52032500,265349,265199,0,265199,52062600,265500,265350,0,265350,30100,151,5016.61,false
52062600,265500,265350,0,265350,52092700,265651,265501,0,265501,30100,151,5016.61,false
52092700,265651,265501,0,265501,52122800,265802,265652,0,265652,30100,151,5016.61,false
52122800,265802,265652,0,265652,52152900,265953,265803,0,265803,30100,151,5016.61,false
52152900,265953,265803,0,265803,52183000,266104,265954,0,265954,30100,151,5016.61,false
52183000,266104,265954,0,265954,52213100,266255,266105,0,266105,30100,151,5016.61,false
52213100,266255,266105,0,266105,52243200,266406,266256,0,266256,30100,151,5016.61,false
52243200,266406,266256,0,266256,52273300,266557,266407,0,266407,30100,151,5016.61,false
52273300,266557,266407,0,266407,52303400,266708,266558,0,266558,30100,151,5016.61,false
52303400,266708,266558,0,266558,52333500,266859,266709,0,266709,30100,151,5016.61,false
52333500,266859,266709,0,266709,52363600,267010,266860,0,266860,30100,151,5016.61,false
52363600,267010,266860,0,266860,52393700,267161,267011,0,267011,30100,151,5016.61,false
52393700,267161,267011,0,267011,52423800,267312,267162,0,267162,30100,151,5016.61,false
52423800,267312,267162,0,267162,52453900,267463,267313,0,267313,30100,151,5016.61,false
52454000,267464,267314,0,267314,52484100,267615,267465,0,267465,30100,151,5016.61,false
52484100,267615,267465,0,267465,52514200,267766,267616,0,267616,30100,151,5016.61,false
52514200,267766,267616,0,267616,52544300,267917,267767,0,267767,30100,151,5016.61,false
52544300,267917,267767,0,267767,52574400,268068,267918,0,267918,30100,151,5016.61,false
52574400,268068,267918,0,267918,52604500,268219,268069,0,268069,30100,151,5016.61,false
52604500,268219,268069,0,268069,52634600,268370,268220,0,268220,30100,151,5016.61,false
52634600,268370,268220,0,268220,52664700,268521,268371,0,268371,30100,151,5016.61,false
52664700,268521,268371,0,268371,52694800,268672,268522,0,268522,30100,151,5016.61,false
52694800,268672,268522,0,268522,52724900,268823,268673,0,268673,30100,151,5016.61,false
52724900,268823,268673,0,268673,52755000,268974,268824,0,268824,30100,151,5016.61,false
52755000,268974,268824,0,268824,52785100,269125,268975,0,268975,30100,151,5016.61,false
52785100,269125,268975,0,268975,52815200,269276,269126,0,269126,30100,151,5016.61,false
52815200,269276,269126,0,269126,52845300,269831,269277,0,269277,30100,151,5016.61,true
52845300,269831,269277,0,269277,52915800,270386,269832,0,269832,70500,555,7872.34,true
52915800,270386,269832,0,269832,52986300,270577,270387,0,270387,70500,555,7872.34,true
52986300,270577,270387,0,270387,53020400,270728,270578,0,270578,34100,191,5601.17,true
53020400,270728,270578,0,270578,53050500,270879,270729,0,270729,30100,151,5016.61,false
53050500,270879,270729,0,270729,53080600,271030,270880,0,270880,30100,151,5016.61,false
53080600,271030,270880,0,270880,53110700,271181,271031,0,271031,30100,151,5016.61,false
53110700,271181,271031,0,271031,53140800,271332,271182,0,271182,30100,151,5016.61,false
53140800,271332,271182,0,271182,53170900,271483,271333,0,271333,30100,151,5016.61,false
53170900,271483,271333,0,271333,53201000,271634,271484,0,271484,30100,151,5016.61,false
53201000,271634,271484,0,271484,53231100,271785,271635,0,271635,30100,151,5016.61,false
53231100,271785,271635,0,271635,53261200,271936,271786,0,271786,30100,151,5016.61,false
53261200,271936,271786,0,271786,53291300,272087,271937,0,271937,30100,151,5016.61,false
53291300,272087,271937,0,271937,53321400,272238,272088,0,272088,30100,151,5016.61,false
53321400,272238,272088,0,272088,53351500,272389,272239,0,272239,30100,151,5016.61,false
53351500,272389,272239,0,272239,53381600,272540,272390,0,272390,30100,151,5016.61,false
53381600,272540,272390,0,272390,53411700,272691,272541,0,272541,30100,151,5016.61,false
53411700,272691,272541,0,272541,53441800,272842,272692,0,272692,30100,151,5016.61,false
53441800,272842,272692,0,272692,53512000,272993,272843,0,272843,70200,151,2151.00,false
53512000,272993,272843,0,272843,53582200,273144,272994,0,272994,70200,151,2151.00,false
53582200,273144,272994,0,272994,53616500,273295,273145,0,273145,34300,151,4402.33,false
53616500,273295,273145,0,273145,53646600,273446,273296,0,273296,30100,151,5016.61,false
53646600,273446,273296,0,273296,53676700,273597,273447,0,273447,30100,151,5016.61,false
53676700,273597,273447,0,273447,53706800,273748,273598,0,273598,30100,151,5016.61,false
53706800,273748,273598,0,273598,53736900,273899,273749,0,273749,30100,151,5016.61,false
53736900,273899,273749,0,273749,53767000,274050,273900,0,273900,30100,151,5016.61,false
53767000,274050,273900,0,273900,53797100,274201,274051,0,274051,30100,151,5016.61,false
53797100,274201,274051,0,274051,53827200,274352,274202,0,274202,30100,151,5016.61,false
53827200,274352,274202,0,274202,53857300,274503,274353,0,274353,30100,151,5016.61,false
53857300,274503,274353,0,274353,53887400,274654,274504,0,274504,30100,151,5016.61,false
53887400,274654,274504,0,274504,53917500,274805,274655,0,274655,30100,151,5016.61,false
53917500,274805,274655,0,274655,53947600,274956,274806,0,274806,30100,151,5016.61,false
53947600,274956,274806,0,274806,53977700,275107,274957,0,274957,30100,151,5016.61,false
53977700,275107,274957,0,274957,54007800,275258,275108,0,275108,30100,151,5016.61,false
54007800,275258,275108,0,275108,54037900,275409,275259,0,275259,30100,151,5016.61,false
54037900,275409,275259,0,275259,54068000,275560,275410,0,275410,30100,151,5016.61,false
54068000,275560,275410,0,275410,54098100,275711,275561,0,275561,30100,151,5016.61,false
54098100,275711,275561,0,275561,54128200,275862,275712,0,275712,30100,151,5016.61,false
54128200,275862,275712,0,275712,54158300,276013,275863,0,275863,30100,151,5016.61,false
54158300,276013,275863,0,275863,54188400,276164,276014,0,276014,30100,151,5016.61,false
54188400,276164,276014,0,276014,54218500,276315,276165,0,276165,30100,151,5016.61,false
54218500,276315,276165,0,276165,54248600,276466,276316,0,276316,30100,151,5016.61,false
54248600,276466,276316,0,276316,54278700,276617,276467,0,276467,30100,151,5016.61,false
54278700,276617,276467,0,276467,54308800,276768,276618,0,276618,30100,151,5016.61,false
54308800,276768,276618,0,276618,54338900,276919,276769,0,276769,30100,151,5016.61,false
54338900,276919,276769,0,276769,54369000,277070,276920,0,276920,30100,151,5016.61,false
54369000,277070,276920,0,276920,54399100,277221,277071,0,277071,30100,151,5016.61,false
54399100,277221,277071,0,277071,54429200,277372,277222,0,277222,30100,151,5016.61,false
54429200,277372,277222,0,277222,54459300,277523,277373,0,277373,30100,151,5016.61,false
54459300,277523,277373,0,277373,54489400,277674,277524,0,277524,30100,151,5016.61,false
54489400,277674,277524,0,277524,54519500,277825,277675,0,277675,30100,151,5016.61,false
54519500,277825,277675,0,277675,54549600,277976,277826,0,277826,30100,151,5016.61,false
54549600,277976,277826,0,277826,54579700,278127,277977,0,277977,30100,151,5016.61,false
54579700,278127,277977,0,277977,54609800,278278,278128,0,278128,30100,151,5016.61,false
54609800,278278,278128,0,278128,54639900,278429,278279,0,278279,30100,151,5016.61,false
54639900,278429,278279,0,278279,54670000,278580,278430,0,278430,30100,151,5016.61,false
54670000,278580,278430,0,278430,54700100,278731,278581,0,278581,30100,151,5016.61,false
54700100,278731,278581,0,278581,54730200,278882,278732,0,278732,30100,151,5016.61,false
54730200,278882,278732,0,278732,54760300,279033,278883,0,278883,30100,151,5016.61,false
54760300,279033,278883,0,278883,54790400,279184,279034,0,279034,30100,151,5016.61,false
54790400,279184,279034,0,279034,54820500,279335,279185,0,279185,30100,151,5016.61,false
54820500,279335,279185,0,279185,54850600,279486,279336,0,279336,30100,151,5016.61,false
54850600,279486,279336,0,279336,54880700,279637,279487,0,279487,30100,151,5016.61,false
54880700,279637,279487,0,279487,54910800,279788,279638,0,279638,30100,151,5016.61,false
54910800,279788,279638,0,279638,54940900,279939,279789,0,279789,30100,151,5016.61,false
54940900,279939,279789,0,279789,54971000,280090,279940,0,279940,30100,151,5016.61,false
54971000,280090,279940,0,279940,55001100,280241,280091,0,280091,30100,151,5016.61,false
55001100,280241,280091,0,280091,55031200,280392,280242,0,280242,30100,151,5016.61,false
55031200,280392,280242,0,280242,55061300,280543,280393,0,280393,30100,151,5016.61,false
55061300,280543,280393,0,280393,55091400,280694,280544,0,280544,30100,151,5016.61,false
55091400,280694,280544,0,280544,55121500,280845,280695,0,280695,30100,151,5016.61,false
55121500,280845,280695,0,280695,55151600,280996,280846,0,280846,30100,151,5016.61,false
55151600,280996,280846,0,280846,55181700,281147,280997,0,280997,30100,151,5016.61,false
55181700,281147,280997,0,280997,55211800,281298,281148,0,281148,30100,151,5016.61,false
55211800,281298,281148,0,281148,55241900,281449,281299,0,281299,30100,151,5016.61,false
55241900,281449,281299,0,281299,55272000,281600,281450,0,281450,30100,151,5016.61,false
55272000,281600,281450,0,281450,55302100,281751,281601,0,281601,30100,151,5016.61,false
55302100,281751,281601,0,281601,55332200,281902,281752,0,281752,30100,151,5016.61,false
55332200,281902,281752,0,281752,55362300,282053,281903,0,281903,30100,151,5016.61,false
55362300,282053,281903,0,281903,55392400,282204,282054,0,282054,30100,151,5016.61,false
55392400,282204,282054,0,282054,55422500,282355,282205,0,282205,30100,151,5016.61,false
55422500,282355,282205,0,282205,55452600,282506,282356,0,282356,30100,151,5016.61,false
55452600,282506,282356,0,282356,55482700,282657,282507,0,282507,30100,151,5016.61,false
55482700,282657,282507,0,282507,55512800,282808,282658,0,282658,30100,151,5016.61,false
55512800,282808,282658,0,282658,55542900,282959,282809,0,282809,30100,151,5016.61,false
55542900,282959,282809,0,282809,55573000,283110,282960,0,282960,30100,151,5016.61,false
55573000,283110,282960,0,282960,55603100,283261,283111,0,283111,30100,151,5016.61,false
55603100,283261,283111,0,283111,55633200,283412,283262,0,283262,30100,151,5016.61,false
55633200,283412,283262,0,283262,55663300,283563,283413,0,283413,30100,151,5016.61,false
55663300,283563,283413,0,283413,55693400,283714,283564,0,283564,30100,151,5016.61,false
55693400,283714,283564,0,283564,55723500,283865,283715,0,283715,30100,151,5016.61,false
55723500,283865,283715,0,283715,55753600,284016,283866,0,283866,30100,151,5016.61,false
55753600,284016,283866,0,283866,55783700,284167,284017,0,284017,30100,151,5016.61,false
55783700,284167,284017,0,284017,55813800,284318,284168,0,284168,30100,151,5016.61,false
55813800,284318,284168,0,284168,55843900,284469,284319,0,284319,30100,151,5016.61,false
55843900,284469,284319,0,284319,55874000,284620,284470,0,284470,30100,151,5016.61,false
55874000,284620,284470,0,284470,55904100,284771,284621,0,284621,30100,151,5016.61,false
55904100,284771,284621,0,284621,55934200,284922,284772,0,284772,30100,151,5016.61,false
55934200,284922,284772,0,284772,55964300,285073,284923,0,284923,30100,151,5016.61,false
55964300,285073,284923,0,284923,55994400,285224,285074,0,285074,30100,151,5016.61,false
55994400,285224,285074,0,285074,56024500,285375,285225,0,285225,30100,151,5016.61,false
56024500,285375,285225,0,285225,56054600,285526,285376,0,285376,30100,151,5016.61,false
56054600,285526,285376,0,285376,56084700,285677,285527,0,285527,30100,151,5016.61,false
56084700,285677,285527,0,285527,56114800,285828,285678,0,285678,30100,151,5016.61,false
56114800,285828,285678,0,285678,56144900,285979,285829,0,285829,30100,151,5016.61,false
56144900,285979,285829,0,285829,56175000,286130,285980,0,285980,30100,151,5016.61,false
56175000,286130,285980,0,285980,56205100,286281,286131,0,286131,30100,151,5016.61,false
56205100,286281,286131,0,286131,56235200,286432,286282,0,286282,30100,151,5016.61,false
56235200,286432,286282,0,286282,56265300,286583,286433,0,286433,30100,151,5016.61,false
56265400,286584,286434,0,286434,56295500,286735,286585,0,286585,30100,151,5016.61,false
56295500,286735,286585,0,286585,56325600,286886,286736,0,286736,30100,151,5016.61,false
56325600,286886,286736,0,286736,56355700,287037,286887,0,286887,30100,151,5016.61,false
56355700,287037,286887,0,286887,56385800,287188,287038,0,287038,30100,151,5016.61,false
56385800,287188,287038,0,287038,56415900,287339,287189,0,287189,30100,151,5016.61,false
56415900,287339,287189,0,287189,56446000,287490,287340,0,287340,30100,151,5016.61,false
56446000,287490,287340,0,287340,56476100,287641,287491,0,287491,30100,151,5016.61,false
56476100,287641,287491,0,287491,56506200,287792,287642,0,287642,30100,151,5016.61,false
56506200,287792,287642,0,287642,56536300,287943,287793,0,287793,30100,151,5016.61,false
56536300,287943,287793,0,287793,56566400,288094,287944,0,287944,30100,151,5016.61,false
56566400,288094,287944,0,287944,56596500,288245,288095,0,288095,30100,151,5016.61,false
56596500,288245,288095,0,288095,56626600,288396,288246,0,288246,30100,151,5016.61,false
56626600,288396,288246,0,288246,56656700,288951,288397,0,288397,30100,151,5016.61,true
56656700,288951,288397,0,288397,56727200,289506,288952,0,288952,70500,555,7872.34,true
56727200,289506,288952,0,288952,56797700,289697,289507,0,289507,70500,555,7872.34,true
56797700,289697,289507,0,289507,56831800,289848,289698,0,289698,34100,191,5601.17,true
56831800,289848,289698,0,289698,56861900,289999,289849,0,289849,30100,151,5016.61,false
56861900,289999,289849,0,289849,56892000,290150,290000,0,290000,30100,151,5016.61,false
56892000,290150,290000,0,290000,56922100,290301,290151,0,290151,30100,151,5016.61,false
56922100,290301,290151,0,290151,56952200,290452,290302,0,290302,30100,151,5016.61,false
56952200,290452,290302,0,290302,56982300,290603,290453,0,290453,30100,151,5016.61,false
56982300,290603,290453,0,290453,57012400,290754,290604,0,290604,30100,151,5016.61,false
57012400,290754,290604,0,290604,57042500,290905,290755,0,290755,30100,151,5016.61,false
57042500,290905,290755,0,290755,57072600,291056,290906,0,290906,30100,151,5016.61,false
57072600,291056,290906,0,290906,57102700,291207,291057,0,291057,30100,151,5016.61,false
57102700,291207,291057,0,291057,57132800,291358,291208,0,291208,30100,151,5016.61,false
57132800,291358,291208,0,291208,57162900,291509,291359,0,291359,30100,151,5016.61,false
57162900,291509,291359,0,291359,57193000,291660,291510,0,291510,30100,151,5016.61,false
57193000,291660,291510,0,291510,57223100,291811,291661,0,291661,30100,151,5016.61,false
57223100,291811,291661,0,291661,57253200,291962,291812,0,291812,30100,151,5016.61,false
57253200,291962,291812,0,291812,57323400,292113,291963,0,291963,70200,151,2151.00,false
57323400,292113,291963,0,291963,57393600,292264,292114,0,292114,70200,151,2151.00,false
57393600,292264,292114,0,292114,57427900,292415,292265,0,292265,34300,151,4402.33,false
57427900,292415,292265,0,292265,57458000,292566,292416,0,292416,30100,151,5016.61,false
57458000,292566,292416,0,292416,57488100,292717,292567,0,292567,30100,151,5016.61,false
57488100,292717,292567,0,292567,57518200,292868,292718,0,292718,30100,151,5016.61,false
57518200,292868,292718,0,292718,57548300,293019,292869,0,292869,30100,151,5016.61,false
57548300,293019,292869,0,292869,57578400,293170,293020,0,293020,30100,151,5016.61,false
57578400,293170,293020,0,293020,57608500,293321,293171,0,293171,30100,151,5016.61,false
57608500,293321,293171,0,293171,57638600,293472,293322,0,293322,30100,151,5016.61,false
57638600,293472,293322,0,293322,57668700,293623,293473,0,293473,30100,151,5016.61,false
57668700,293623,293473,0,293473,57698800,293774,293624,0,293624,30100,151,5016.61,false
57698800,293774,293624,0,293624,57728900,293925,293775,0,293775,30100,151,5016.61,false
57728900,293925,293775,0,293775,57759000,294076,293926,0,293926,30100,151,5016.61,false
57759000,294076,293926,0,293926,57789100,294227,294077,0,294077,30100,151,5016.61,false
57789100,294227,294077,0,294077,57819200,294378,294228,0,294228,30100,151,5016.61,false
57819200,294378,294228,0,294228,57849300,294529,294379,0,294379,30100,151,5016.61,false
57849300,294529,294379,0,294379,57879400,294680,294530,0,294530,30100,151,5016.61,false
57879400,294680,294530,0,294530,57909500,294831,294681,0,294681,30100,151,5016.61,false
57909500,294831,294681,0,294681,57939600,294982,294832,0,294832,30100,151,5016.61,false
57939600,294982,294832,0,294832,57969700,295133,294983,0,294983,30100,151,5016.61,false
57969700,295133,294983,0,294983,57999800,295284,295134,0,295134,30100,151,5016.61,false
57999800,295284,295134,0,295134,58029900,295435,295285,0,295285,30100,151,5016.61,false
58029900,295435,295285,0,295285,58060000,295586,295436,0,295436,30100,151,5016.61,false
58060000,295586,295436,0,295436,58090100,295737,295587,0,295587,30100,151,5016.61,false
58090100,295737,295587,0,295587,58120200,295888,295738,0,295738,30100,151,5016.61,false
58120200,295888,295738,0,295738,58150300,296039,295889,0,295889,30100,151,5016.61,false
58150300,296039,295889,0,295889,58180400,296190,296040,0,296040,30100,151,5016.61,false
58180400,296190,296040,0,296040,58210500,296341,296191,0,296191,30100,151,5016.61,false
58210500,296341,296191,0,296191,58240600,296492,296342,0,296342,30100,151,5016.61,false
58240600,296492,296342,0,296342,58270700,296643,296493,0,296493,30100,151,5016.61,false
58270700,296643,296493,0,296493,58300800,296794,296644,0,296644,30100,151,5016.61,false
58300800,296794,296644,0,296644,58330900,296945,296795,0,296795,30100,151,5016.61,false
58330900,296945,296795,0,296795,58361000,297096,296946,0,296946,30100,151,5016.61,false
58361000,297096,296946,0,296946,58391100,297247,297097,0,297097,30100,151,5016.61,false
58391100,297247,297097,0,297097,58421200,297398,297248,0,297248,30100,151,5016.61,false
58421200,297398,297248,0,297248,58451300,297549,297399,0,297399,30100,151,5016.61,false
58451300,297549,297399,0,297399,58481400,297700,297550,0,297550,30100,151,5016.61,false
58481400,297700,297550,0,297550,58511500,297851,297701,0,297701,30100,151,5016.61,false
58511500,297851,297701,0,297701,58541600,298002,297852,0,297852,30100,151,5016.61,false
58541600,298002,297852,0,297852,58571700,298153,298003,0,298003,30100,151,5016.61,false
58571700,298153,298003,0,298003,58601800,298304,298154,0,298154,30100,151,5016.61,false
58601800,298304,298154,0,298154,58631900,298455,298305,0,298305,30100,151,5016.61,false
58631900,298455,298305,0,298305,58662000,298606,298456,0,298456,30100,151,5016.61,false
58662000,298606,298456,0,298456,58692100,298757,298607,0,298607,30100,151,5016.61,false
58692100,298757,298607,0,298607,58722200,298908,298758,0,298758,30100,151,5016.61,false
58722200,298908,298758,0,298758,58752300,299059,298909,0,298909,30100,151,5016.61,false
58752300,299059,298909,0,298909,58782400,299210,299060,0,299060,30100,151,5016.61,false
58782400,299210,299060,0,299060,58812500,299361,299211,0,299211,30100,151,5016.61,false
58812500,299361,299211,0,299211,58842600,299512,299362,0,299362,30100,151,5016.61,false
58842600,299512,299362,0,299362,58872700,299663,299513,0,299513,30100,151,5016.61,false
58872700,299663,299513,0,299513,58902800,299814,299664,0,299664,30100,151,5016.61,false
58902800,299814,299664,0,299664,58932900,299965,299815,0,299815,30100,151,5016.61,false
58932900,299965,299815,0,299815,58963000,300116,299966,0,299966,30100,151,5016.61,false
58963000,300116,299966,0,299966,58993100,300267,300117,0,300117,30100,151,5016.61,false
58993100,300267,300117,0,300117,59023200,300418,300268,0,300268,30100,151,5016.61,false
59023200,300418,300268,0,300268,59053300,300569,300419,0,300419,30100,151,5016.61,false
59053300,300569,300419,0,300419,59083400,300720,300570,0,300570,30100,151,5016.61,false
59083400,300720,300570,0,300570,59113500,300871,300721,0,300721,30100,151,5016.61,false
59113500,300871,300721,0,300721,59143600,301022,300872,0,300872,30100,151,5016.61,false
59143600,301022,300872,0,300872,59173700,301173,301023,0,301023,30100,151,5016.61,false
59173700,301173,301023,0,301023,59203800,301324,301174,0,301174,30100,151,5016.61,false
59203800,301324,301174,0,301174,59233900,301475,301325,0,301325,30100,151,5016.61,false
59233900,301475,301325,0,301325,59264000,301626,301476,0,301476,30100,151,5016.61,false
59264000,301626,301476,0,301476,59294100,301777,301627,0,301627,30100,151,5016.61,false
59294100,301777,301627,0,301627,59324200,301928,301778,0,301778,30100,151,5016.61,false
59324200,301928,301778,0,301778,59354300,302079,301929,0,301929,30100,151,5016.61,false
59354300,302079,301929,0,301929,59384400,302230,302080,0,302080,30100,151,5016.61,false
59384400,302230,302080,0,302080,59414500,302381,302231,0,302231,30100,151,5016.61,false
59414500,302381,302231,0,302231,59444600,302532,302382,0,302382,30100,151,5016.61,false
59444600,302532,302382,0,302382,59474700,302683,302533,0,302533,30100,151,5016.61,false
59474700,302683,302533,0,302533,59504800,302834,302684,0,302684,30100,151,5016.61,false
59504800,302834,302684,0,302684,59534900,302985,302835,0,302835,30100,151,5016.61,false
59534900,302985,302835,0,302835,59565000,303136,302986,0,302986,30100,151,5016.61,false
59565000,303136,302986,0,302986,59595100,303287,303137,0,303137,30100,151,5016.61,false
59595100,303287,303137,0,303137,59625200,303438,303288,0,303288,30100,151,5016.61,false
59625200,303438,303288,0,303288,59655300,303589,303439,0,303439,30100,151,5016.61,false
59655300,303589,303439,0,303439,59685400,303740,303590,0,303590,30100,151,5016.61,false
59685400,303740,303590,0,303590,59715500,303891,303741,0,303741,30100,151,5016.61,false
59715500,303891,303741,0,303741,59745600,304042,303892,0,303892,30100,151,5016.61,false
59745600,304042,303892,0,303892,59775700,304193,304043,0,304043,30100,151,5016.61,false
59775700,304193,304043,0,304043,59805800,304344,304194,0,304194,30100,151,5016.61,false
59805800,304344,304194,0,304194,59835900,304495,304345,0,304345,30100,151,5016.61,false
59835900,304495,304345,0,304345,59866000,304646,304496,0,304496,30100,151,5016.61,false
59866000,304646,304496,0,304496,59896100,304797,304647,0,304647,30100,151,5016.61,false
59896100,304797,304647,0,304647,59926200,304948,304798,0,304798,30100,151,5016.61,false
59926200,304948,304798,0,304798,59956300,305099,304949,0,304949,30100,151,5016.61,false
59956300,305099,304949,0,304949,59986400,305250,305100,0,305100,30100,151,5016.61,false
59986400,305250,305100,0,305100,60016500,305401,305251,0,305251,30100,151,5016.61,false
60016500,305401,305251,0,305251,60046600,305552,305402,0,305402,30100,151,5016.61,false
60046600,305552,305402,0,305402,60076700,305703,305553,0,305553,30100,151,5016.61,false
60076800,305704,305554,0,305554,60106900,305855,305705,0,305705,30100,151,5016.61,false
60106900,305855,305705,0,305705,60137000,306006,305856,0,305856,30100,151,5016.61,false
60137000,306006,305856,0,305856,60167100,306157,306007,0,306007,30100,151,5016.61,false
60167100,306157,306007,0,306007,60197200,306308,306158,0,306158,30100,151,5016.61,false
60197200,306308,306158,0,306158,60227300,306459,306309,0,306309,30100,151,5016.61,false
60227300,306459,306309,0,306309,60257400,306610,306460,0,306460,30100,151,5016.61,false
60257400,306610,306460,0,306460,60287500,306761,306611,0,306611,30100,151,5016.61,false
60287500,306761,306611,0,306611,60317600,306912,306762,0,306762,30100,151,5016.61,false
60317600,306912,306762,0,306762,60347700,307063,306913,0,306913,30100,151,5016.61,false
60347700,307063,306913,0,306913,60377800,307214,307064,0,307064,30100,151,5016.61,false
60377800,307214,307064,0,307064,60407900,307365,307215,0,307215,30100,151,5016.61,false
60407900,307365,307215,0,307215,60438000,307516,307366,0,307366,30100,151,5016.61,false
60438000,307516,307366,0,307366,60468100,308071,307517,0,307517,30100,151,5016.61,true
60468100,308071,307517,0,307517,60538600,308626,308072,0,308072,70500,555,7872.34,true
60538600,308626,308072,0,308072,60609100,308817,308627,0,308627,70500,555,7872.34,true
60609100,308817,308627,0,308627,60643200,308968,308818,0,308818,34100,191,5601.17,true
60643200,308968,308818,0,308818,60673300,309119,308969,0,308969,30100,151,5016.61,false
60673300,309119,308969,0,308969,60703400,309270,309120,0,309120,30100,151,5016.61,false
60703400,309270,309120,0,309120,60733500,309421,309271,0,309271,30100,151,5016.61,false
60733500,309421,309271,0,309271,60763600,309572,309422,0,309422,30100,151,5016.61,false
60763600,309572,309422,0,309422,60793700,309723,309573,0,309573,30100,151,5016.61,false
60793700,309723,309573,0,309573,60823800,309874,309724,0,309724,30100,151,5016.61,false
60823800,309874,309724,0,309724,60853900,310025,309875,0,309875,30100,151,5016.61,false
60853900,310025,309875,0,309875,60884000,310176,310026,0,310026,30100,151,5016.61,false
60884000,310176,310026,0,310026,60914100,310327,310177,0,310177,30100,151,5016.61,false
60914100,310327,310177,0,310177,60944200,310478,310328,0,310328,30100,151,5016.61,false
60944200,310478,310328,0,310328,60974300,310629,310479,0,310479,30100,151,5016.61,false
60974300,310629,310479,0,310479,61004400,310780,310630,0,310630,30100,151,5016.61,false
61004400,310780,310630,0,310630,61034500,310931,310781,0,310781,30100,151,5016.61,false
61034500,310931,310781,0,310781,61064600,311082,310932,0,310932,30100,151,5016.61,false
61064600,311082,310932,0,310932,61134800,311233,311083,0,311083,70200,151,2151.00,false
61134800,311233,311083,0,311083,61205000,311384,311234,0,311234,70200,151,2151.00,false
61205000,311384,311234,0,311234,61239300,311535,311385,0,311385,34300,151,4402.33,false
61239300,311535,311385,0,311385,61269400,311686,311536,0,311536,30100,151,5016.61,false
61269400,311686,311536,0,311536,61299500,311837,311687,0,311687,30100,151,5016.61,false
61299500,311837,311687,0,311687,61329600,311988,311838,0,311838,30100,151,5016.61,false
61329600,311988,311838,0,311838,61359700,312139,311989,0,311989,30100,151,5016.61,false
61359700,312139,311989,0,311989,61389800,312290,312140,0,312140,30100,151,5016.61,false
61389800,312290,312140,0,312140,61419900,312441,312291,0,312291,30100,151,5016.61,false
61419900,312441,312291,0,312291,61450000,312592,312442,0,312442,30100,151,5016.61,false
61450000,312592,312442,0,312442,61480100,312743,312593,0,312593,30100,151,5016.61,false
61480100,312743,312593,0,312593,61510200,312894,312744,0,312744,30100,151,5016.61,false
61510200,312894,312744,0,312744,61540300,313045,312895,0,312895,30100,151,5016.61,false
61540300,313045,312895,0,312895,61570400,313196,313046,0,313046,30100,151,5016.61,false
61570400,313196,313046,0,313046,61600500,313347,313197,0,313197,30100,151,5016.61,false
61600500,313347,313197,0,313197,61630600,313498,313348,0,313348,30100,151,5016.61,false
61630600,313498,313348,0,313348,61660700,313649,313499,0,313499,30100,151,5016.61,false
61660700,313649,313499,0,313499,61690800,313800,313650,0,313650,30100,151,5016.61,false
61690800,313800,313650,0,313650,61720900,313951,313801,0,313801,30100,151,5016.61,false
61720900,313951,313801,0,313801,61751000,314102,313952,0,313952,30100,151,5016.61,false
61751000,314102,313952,0,313952,61781100,314253,314103,0,314103,30100,151,5016.61,false
61781100,314253,314103,0,314103,61811200,314404,314254,0,314254,30100,151,5016.61,false
61811200,314404,314254,0,314254,61841300,314555,314405,0,314405,30100,151,5016.61,false
61841300,314555,314405,0,314405,61871400,314706,314556,0,314556,30100,151,5016.61,false
61871400,314706,314556,0,314556,61901500,314857,314707,0,314707,30100,151,5016.61,false
61901500,314857,314707,0,314707,61931600,315008,314858,0,314858,30100,151,5016.61,false
61931600,315008,314858,0,314858,61961700,315159,315009,0,315009,30100,151,5016.61,false
61961700,315159,315009,0,315009,61991800,315310,315160,0,315160,30100,151,5016.61,false
61991800,315310,315160,0,315160,62021900,315461,315311,0,315311,30100,151,5016.61,false
62021900,315461,315311,0,315311,62052000,315612,315462,0,315462,30100,151,5016.61,false
62052000,315612,315462,0,315462,62082100,315763,315613,0,315613,30100,151,5016.61,false
62082100,315763,315613,0,315613,62112200,315914,315764,0,315764,30100,151,5016.61,false
62112200,315914,315764,0,315764,62142300,316065,315915,0,315915,30100,151,5016.61,false
62142300,316065,315915,0,315915,62172400,316216,316066,0,316066,30100,151,5016.61,false
62172400,316216,316066,0,316066,62202500,316367,316217,0,316217,30100,151,5016.61,false
62202500,316367,316217,0,316217,62232600,316518,316368,0,316368,30100,151,5016.61,false
62232600,316518,316368,0,316368,62262700,316669,316519,0,316519,30100,151,5016.61,false
62262700,316669,316519,0,316519,62292800,316820,316670,0,316670,30100,151,5016.61,false
62292800,316820,316670,0,316670,62322900,316971,316821,0,316821,30100,151,5016.61,false
62322900,316971,316821,0,316821,62353000,317122,316972,0,316972,30100,151,5016.61,false
62353000,317122,316972,0,316972,62383100,317273,317123,0,317123,30100,151,5016.61,false
62383100,317273,317123,0,317123,62413200,317424,317274,0,317274,30100,151,5016.61,false
62413200,317424,317274,0,317274,62443300,317575,317425,0,317425,30100,151,5016.61,false
62443300,317575,317425,0,317425,62473400,317726,317576,0,317576,30100,151,5016.61,false
62473400,317726,317576,0,317576,62503500,317877,317727,0,317727,30100,151,5016.61,false
62503500,317877,317727,0,317727,62533600,318028,317878,0,317878,30100,151,5016.61,false
62533600,318028,317878,0,317878,62563700,318179,318029,0,318029,30100,151,5016.61,false
62563700,318179,318029,0,318029,62593800,318330,318180,0,318180,30100,151,5016.61,false
62593800,318330,318180,0,318180,62623900,318481,318331,0,318331,30100,151,5016.61,false
62623900,318481,318331,0,318331,62654000,318632,318482,0,318482,30100,151,5016.61,false
62654000,318632,318482,0,318482,62684100,318783,318633,0,318633,30100,151,5016.61,false
62684100,318783,318633,0,318633,62714200,318934,318784,0,318784,30100,151,5016.61,false
62714200,318934,318784,0,318784,62744300,319085,318935,0,318935,30100,151,5016.61,false
62744300,319085,318935,0,318935,62774400,319236,319086,0,319086,30100,151,5016.61,false
62774400,319236,319086,0,319086,62804500,319387,319237,0,319237,30100,151,5016.61,false
62804500,319387,319237,0,319237,62834600,319538,319388,0,319388,30100,151,5016.61,false
62834600,319538,319388,0,319388,62864700,319689,319539,0,319539,30100,151,5016.61,false
62864700,319689,319539,0,319539,62894800,319840,319690,0,319690,30100,151,5016.61,false
62894800,319840,319690,0,319690,62924900,319991,319841,0,319841,30100,151,5016.61,false
62924900,319991,319841,0,319841,62955000,320142,319992,0,319992,30100,151,5016.61,false
62955000,320142,319992,0,319992,62985100,320293,320143,0,320143,30100,151,5016.61,false
62985100,320293,320143,0,320143,63015200,320444,320294,0,320294,30100,151,5016.61,false
63015200,320444,320294,0,320294,63045300,320595,320445,0,320445,30100,151,5016.61,false
63045300,320595,320445,0,320445,63075400,320746,320596,0,320596,30100,151,5016.61,false
63075400,320746,320596,0,320596,63105500,320897,320747,0,320747,30100,151,5016.61,false
63105500,320897,320747,0,320747,63135600,321048,320898,0,320898,30100,151,5016.61,false
63135600,321048,320898,0,320898,63165700,321199,321049,0,321049,30100,151,5016.61,false
63165700,321199,321049,0,321049,63195800,321350,321200,0,321200,30100,151,5016.61,false
63195800,321350,321200,0,321200,63225900,321501,321351,0,321351,30100,151,5016.61,false
63225900,321501,321351,0,321351,63256000,321652,321502,0,321502,30100,151,5016.61,false
63256000,321652,321502,0,321502,63286100,321803,321653,0,321653,30100,151,5016.61,false
63286100,321803,321653,0,321653,63316200,321954,321804,0,321804,30100,151,5016.61,false
63316200,321954,321804,0,321804,63346300,322105,321955,0,321955,30100,151,5016.61,false
63346300,322105,321955,0,321955,63376400,322256,322106,0,322106,30100,151,5016.61,false
63376400,322256,322106,0,322106,63406500,322407,322257,0,322257,30100,151,5016.61,false
63406500,322407,322257,0,322257,63436600,322558,322408,0,322408,30100,151,5016.61,false
63436600,322558,322408,0,322408,63466700,322709,322559,0,322559,30100,151,5016.61,false
63466700,322709,322559,0,322559,63496800,322860,322710,0,322710,30100,151,5016.61,false
63496800,322860,322710,0,322710,63526900,323011,322861,0,322861,30100,151,5016.61,false
63526900,323011,322861,0,322861,63557000,323162,323012,0,323012,30100,151,5016.61,false
63557000,323162,323012,0,323012,63587100,323313,323163,0,323163,30100,151,5016.61,false
63587100,323313,323163,0,323163,63617200,323464,323314,0,323314,30100,151,5016.61,false
63617200,323464,323314,0,323314,63647300,323615,323465,0,323465,30100,151,5016.61,false
63647300,323615,323465,0,323465,63677400,323766,323616,0,323616,30100,151,5016.61,false
63677400,323766,323616,0,323616,63707500,323917,323767,0,323767,30100,151,5016.61,false
63707500,323917,323767,0,323767,63737600,324068,323918,0,323918,30100,151,5016.61,false
63737600,324068,323918,0,323918,63767700,324219,324069,0,324069,30100,151,5016.61,false
63767700,324219,324069,0,324069,63797800,324370,324220,0,324220,30100,151,5016.61,false
63797800,324370,324220,0,324220,63827900,324521,324371,0,324371,30100,151,5016.61,false
63827900,324521,324371,0,324371,63858000,324672,324522,0,324522,30100,151,5016.61,false
63858000,324672,324522,0,324522,63888100,324823,324673,0,324673,30100,151,5016.61,false
63888200,324824,324674,0,324674,63918300,324975,324825,0,324825,30100,151,5016.61,false
63918300,324975,324825,0,324825,63948400,325126,324976,0,324976,30100,151,5016.61,false
63948400,325126,324976,0,324976,63978500,325277,325127,0,325127,30100,151,5016.61,false
63978500,325277,325127,0,325127,64008600,325428,325278,0,325278,30100,151,5016.61,false
64008600,325428,325278,0,325278,64038700,325579,325429,0,325429,30100,151,5016.61,false
64038700,325579,325429,0,325429,64068800,325730,325580,0,325580,30100,151,5016.61,false
64068800,325730,325580,0,325580,64098900,325881,325731,0,325731,30100,151,5016.61,false
64098900,325881,325731,0,325731,64129000,326032,325882,0,325882,30100,151,5016.61,false
64129000,326032,325882,0,325882,64159100,326183,326033,0,326033,30100,151,5016.61,false
64159100,326183,326033,0,326033,64189200,326334,326184,0,326184,30100,151,5016.61,false
64189200,326334,326184,0,326184,64219300,326485,326335,0,326335,30100,151,5016.61,false
64219300,326485,326335,0,326335,64249400,326636,326486,0,326486,30100,151,5016.61,false
64249400,326636,326486,0,326486,64279500,327191,326637,0,326637,30100,151,5016.61,true
64279500,327191,326637,0,326637,64350000,327746,327192,0,327192,70500,555,7872.34,true
64350000,327746,327192,0,327192,64420500,327937,327747,0,327747,70500,555,7872.34,true
64420500,327937,327747,0,327747,64454600,328088,327938,0,327938,34100,191,5601.17,true
64454600,328088,327938,0,327938,64484700,328239,328089,0,328089,30100,151,5016.61,false
64484700,328239,328089,0,328089,64514800,328390,328240,0,328240,30100,151,5016.61,false
64514800,328390,328240,0,328240,64544900,328541,328391,0,328391,30100,151,5016.61,false
64544900,328541,328391,0,328391,64575000,328692,328542,0,328542,30100,151,5016.61,false
64575000,328692,328542,0,328542,64605100,328843,328693,0,328693,30100,151,5016.61,false
64605100,328843,328693,0,328693,64635200,328994,328844,0,328844,30100,151,5016.61,false
64635200,328994,328844,0,328844,64665300,329145,328995,0,328995,30100,151,5016.61,false
64665300,329145,328995,0,328995,64695400,329296,329146,0,329146,30100,151,5016.61,false
64695400,329296,329146,0,329146,64725500,329447,329297,0,329297,30100,151,5016.61,false
64725500,329447,329297,0,329297,64755600,329598,329448,0,329448,30100,151,5016.61,false
64755600,329598,329448,0,329448,64785700,329749,329599,0,329599,30100,151,5016.61,false
64785700,329749,329599,0,329599,64815800,329900,329750,0,329750,30100,151,5016.61,false
64815800,329900,329750,0,329750,64845900,330051,329901,0,329901,30100,151,5016.61,false
64845900,330051,329901,0,329901,64876000,330202,330052,0,330052,30100,151,5016.61,false
64876000,330202,330052,0,330052,64946200,330353,330203,0,330203,70200,151,2151.00,false
64946200,330353,330203,0,330203,65016400,330504,330354,0,330354,70200,151,2151.00,false
65016400,330504,330354,0,330354,65050700,330655,330505,0,330505,34300,151,4402.33,false
65050700,330655,330505,0,330505,65080800,330806,330656,0,330656,30100,151,5016.61,false
65080800,330806,330656,0,330656,65110900,330957,330807,0,330807,30100,151,5016.61,false
65110900,330957,330807,0,330807,65141000,331108,330958,0,330958,30100,151,5016.61,false
65141000,331108,330958,0,330958,65171100,331259,331109,0,331109,30100,151,5016.61,false
65171100,331259,331109,0,331109,65201200,331410,331260,0,331260,30100,151,5016.61,false
65201200,331410,331260,0,331260,65231300,331561,331411,0,331411,30100,151,5016.61,false
65231300,331561,331411,0,331411,65261400,331712,331562,0,331562,30100,151,5016.61,false
65261400,331712,331562,0,331562,65291500,331863,331713,0,331713,30100,151,5016.61,false
65291500,331863,331713,0,331713,65321600,332014,331864,0,331864,30100,151,5016.61,false
65321600,332014,331864,0,331864,65351700,332165,332015,0,332015,30100,151,5016.61,false
65351700,332165,332015,0,332015,65381800,332316,332166,0,332166,30100,151,5016.61,false
65381800,332316,332166,0,332166,65411900,332467,332317,0,332317,30100,151,5016.61,false
65411900,332467,332317,0,332317,65442000,332618,332468,0,332468,30100,151,5016.61,false
65442000,332618,332468,0,332468,65472100,332769,332619,0,332619,30100,151,5016.61,false
65472100,332769,332619,0,332619,65502200,332920,332770,0,332770,30100,151,5016.61,false
65502200,332920,332770,0,332770,65532300,333071,332921,0,332921,30100,151,5016.61,false
65532300,333071,332921,0,332921,65562400,333222,333072,0,333072,30100,151,5016.61,false
65562400,333222,333072,0,333072,65592500,333373,333223,0,333223,30100,151,5016.61,false
65592500,333373,333223,0,333223,65622600,333524,333374,0,333374,30100,151,5016.61,false
65622600,333524,333374,0,333374,65652700,333675,333525,0,333525,30100,151,5016.61,false
65652700,333675,333525,0,333525,65682800,333826,333676,0,333676,30100,151,5016.61,false
65682800,333826,333676,0,333676,65712900,333977,333827,0,333827,30100,151,5016.61,false
65712900,333977,333827,0,333827,65743000,334128,333978,0,333978,30100,151,5016.61,false
65743000,334128,333978,0,333978,65773100,334279,334129,0,334129,30100,151,5016.61,false
65773100,334279,334129,0,334129,65803200,334430,334280,0,334280,30100,151,5016.61,false
65803200,334430,334280,0,334280,65833300,334581,334431,0,334431,30100,151,5016.61,false
65833300,334581,334431,0,334431,65863400,334732,334582,0,334582,30100,151,5016.61,false
65863400,334732,334582,0,334582,65893500,334883,334733,0,334733,30100,151,5016.61,false
65893500,334883,334733,0,334733,65923600,335034,334884,0,334884,30100,151,5016.61,false
65923600,335034,334884,0,334884,65953700,335185,335035,0,335035,30100,151,5016.61,false
65953700,335185,335035,0,335035,65983800,335336,335186,0,335186,30100,151,5016.61,false
65983800,335336,335186,0,335186,66013900,335487,335337,0,335337,30100,151,5016.61,false
66013900,335487,335337,0,335337,66044000,335638,335488,0,335488,30100,151,5016.61,false
66044000,335638,335488,0,335488,66074100,335789,335639,0,335639,30100,151,5016.61,false
66074100,335789,335639,0,335639,66104200,335940,335790,0,335790,30100,151,5016.61,false
66104200,335940,335790,0,335790,66134300,336091,335941,0,335941,30100,151,5016.61,false
66134300,336091,335941,0,335941,66164400,336242,336092,0,336092,30100,151,5016.61,false
66164400,336242,336092,0,336092,66194500,336393,336243,0,336243,30100,151,5016.61,false
66194500,336393,336243,0,336243,66224600,336544,336394,0,336394,30100,151,5016.61,false
66224600,336544,336394,0,336394,66254700,336695,336545,0,336545,30100,151,5016.61,false
66254700,336695,336545,0,336545,66284800,336846,336696,0,336696,30100,151,5016.61,false
66284800,336846,336696,0,336696,66314900,336997,336847,0,336847,30100,151,5016.61,false
66314900,336997,336847,0,336847,66345000,337148,336998,0,336998,30100,151,5016.61,false
66345000,337148,336998,0,336998,66375100,337299,337149,0,337149,30100,151,5016.61,false
66375100,337299,337149,0,337149,66405200,337450,337300,0,337300,30100,151,5016.61,false
66405200,337450,337300,0,337300,66435300,337601,337451,0,337451,30100,151,5016.61,false
66435300,337601,337451,0,337451,66465400,337752,337602,0,337602,30100,151,5016.61,false
66465400,337752,337602,0,337602,66495500,337903,337753,0,337753,30100,151,5016.61,false
66495500,337903,337753,0,337753,66525600,338054,337904,0,337904,30100,151,5016.61,false
66525600,338054,337904,0,337904,66555700,338205,338055,0,338055,30100,151,5016.61,false
66555700,338205,338055,0,338055,66585800,338356,338206,0,338206,30100,151,5016.61,false
66585800,338356,338206,0,338206,66615900,338507,338357,0,338357,30100,151,5016.61,false
66615900,338507,338357,0,338357,66646000,338658,338508,0,338508,30100,151,5016.61,false
66646000,338658,338508,0,338508,66676100,338809,338659,0,338659,30100,151,5016.61,false
66676100,338809,338659,0,338659,66706200,338960,338810,0,338810,30100,151,5016.61,false
66706200,338960,338810,0,338810,66736300,339111,338961,0,338961,30100,151,5016.61,false
66736300,339111,338961,0,338961,66766400,339262,339112,0,339112,30100,151,5016.61,false
66766400,339262,339112,0,339112,66796500,339413,339263,0,339263,30100,151,5016.61,false
66796500,339413,339263,0,339263,66826600,339564,339414,0,339414,30100,151,5016.61,false
66826600,339564,339414,0,339414,66856700,339715,339565,0,339565,30100,151,5016.61,false
66856700,339715,339565,0,339565,66886800,339866,339716,0,339716,30100,151,5016.61,false
66886800,339866,339716,0,339716,66916900,340017,339867,0,339867,30100,151,5016.61,false
66916900,340017,339867,0,339867,66947000,340168,340018,0,340018,30100,151,5016.61,false
66947000,340168,340018,0,340018,66977100,340319,340169,0,340169,30100,151,5016.61,false
66977100,340319,340169,0,340169,67007200,340470,340320,0,340320,30100,151,5016.61,false
67007200,340470,340320,0,340320,67037300,340621,340471,0,340471,30100,151,5016.61,false
67037300,340621,340471,0,340471,67067400,340772,340622,0,340622,30100,151,5016.61,false
67067400,340772,340622,0,340622,67097500,340923,340773,0,340773,30100,151,5016.61,false
67097500,340923,340773,0,340773,67127600,341074,340924,0,340924,30100,151,5016.61,false
67127600,341074,340924,0,340924,67157700,341225,341075,0,341075,30100,151,5016.61,false
67157700,341225,341075,0,341075,67187800,341376,341226,0,341226,30100,151,5016.61,false
67187800,341376,341226,0,341226,67217900,341527,341377,0,341377,30100,151,5016.61,false
67217900,341527,341377,0,341377,67248000,341678,341528,0,341528,30100,151,5016.61,false
67248000,341678,341528,0,341528,67278100,341829,341679,0,341679,30100,151,5016.61,false
67278100,341829,341679,0,341679,67308200,341980,341830,0,341830,30100,151,5016.61,false
67308200,341980,341830,0,341830,67338300,342131,341981,0,341981,30100,151,5016.61,false
67338300,342131,341981,0,341981,67368400,342282,342132,0,342132,30100,151,5016.61,false
67368400,342282,342132,0,342132,67398500,342433,342283,0,342283,30100,151,5016.61,false
67398500,342433,342283,0,342283,67428600,342584,342434,0,342434,30100,151,5016.61,false
67428600,342584,342434,0,342434,67458700,342735,342585,0,342585,30100,151,5016.61,false
67458700,342735,342585,0,342585,67488800,342886,342736,0,342736,30100,151,5016.61,false
67488800,342886,342736,0,342736,67518900,343037,342887,0,342887,30100,151,5016.61,false
67518900,343037,342887,0,342887,67549000,343188,343038,0,343038,30100,151,5016.61,false
67549000,343188,343038,0,343038,67579100,343339,343189,0,343189,30100,151,5016.61,false
67579100,343339,343189,0,343189,67609200,343490,343340,0,343340,30100,151,5016.61,false
67609200,343490,343340,0,343340,67639300,343641,343491,0,343491,30100,151,5016.61,false
67639300,343641,343491,0,343491,67669400,343792,343642,0,343642,30100,151,5016.61,false
67669400,343792,343642,0,343642,67699500,343943,343793,0,343793,30100,151,5016.61,false
67699600,343944,343794,0,343794,67729700,344095,343945,0,343945,30100,151,5016.61,false
67729700,344095,343945,0,343945,67759800,344246,344096,0,344096,30100,151,5016.61,false
67759800,344246,344096,0,344096,67789900,344397,344247,0,344247,30100,151,5016.61,false
67789900,344397,344247,0,344247,67820000,344548,344398,0,344398,30100,151,5016.61,false
67820000,344548,344398,0,344398,67850100,344699,344549,0,344549,30100,151,5016.61,false
67850100,344699,344549,0,344549,67880200,344850,344700,0,344700,30100,151,5016.61,false
67880200,344850,344700,0,344700,67910300,345001,344851,0,344851,30100,151,5016.61,false
67910300,345001,344851,0,344851,67940400,345152,345002,0,345002,30100,151,5016.61,false
67940400,345152,345002,0,345002,67970500,345303,345153,0,345153,30100,151,5016.61,false
67970500,345303,345153,0,345153,68000600,345454,345304,0,345304,30100,151,5016.61,false
68000600,345454,345304,0,345304,68030700,345605,345455,0,345455,30100,151,5016.61,false
68030700,345605,345455,0,345455,68060800,345756,345606,0,345606,30100,151,5016.61,false
68060800,345756,345606,0,345606,68090900,346311,345757,0,345757,30100,151,5016.61,true
68090900,346311,345757,0,345757,68161400,346866,346312,0,346312,70500,555,7872.34,true
68161400,346866,346312,0,346312,68231900,347057,346867,0,346867,70500,555,7872.34,true
68231900,347057,346867,0,346867,68266000,347208,347058,0,347058,34100,191,5601.17,true
68266000,347208,347058,0,347058,68296100,347359,347209,0,347209,30100,151,5016.61,false
68296100,347359,347209,0,347209,68326200,347510,347360,0,347360,30100,151,5016.61,false
68326200,347510,347360,0,347360,68356300,347661,347511,0,347511,30100,151,5016.61,false
68356300,347661,347511,0,347511,68386400,347812,347662,0,347662,30100,151,5016.61,false
68386400,347812,347662,0,347662,68416500,347963,347813,0,347813,30100,151,5016.61,false
68416500,347963,347813,0,347813,68446600,348114,347964,0,347964,30100,151,5016.61,false
68446600,348114,347964,0,347964,68476700,348265,348115,0,348115,30100,151,5016.61,false
68476700,348265,348115,0,348115,68506800,348416,348266,0,348266,30100,151,5016.61,false
68506800,348416,348266,0,348266,68536900,348567,348417,0,348417,30100,151,5016.61,false
68536900,348567,348417,0,348417,68567000,348718,348568,0,348568,30100,151,5016.61,false
68567000,348718,348568,0,348568,68597100,348869,348719,0,348719,30100,151,5016.61,false
68597100,348869,348719,0,348719,68627200,349020,348870,0,348870,30100,151,5016.61,false
68627200,349020,348870,0,348870,68657300,349171,349021,0,349021,30100,151,5016.61,false
68657300,349171,349021,0,349021,68687400,349322,349172,0,349172,30100,151,5016.61,false
68687400,349322,349172,0,349172,68757600,349473,349323,0,349323,70200,151,2151.00,false
68757600,349473,349323,0,349323,68827800,349624,349474,0,349474,70200,151,2151.00,false
68827800,349624,349474,0,349474,68862100,349775,349625,0,349625,34300,151,4402.33,false
68862100,349775,349625,0,349625,68892200,349926,349776,0,349776,30100,151,5016.61,false
68892200,349926,349776,0,349776,68922300,350077,349927,0,349927,30100,151,5016.61,false
68922300,350077,349927,0,349927,68952400,350228,350078,0,350078,30100,151,5016.61,false
68952400,350228,350078,0,350078,68982500,350379,350229,0,350229,30100,151,5016.61,false
68982500,350379,350229,0,350229,69012600,350530,350380,0,350380,30100,151,5016.61,false
69012600,350530,350380,0,350380,69042700,350681,350531,0,350531,30100,151,5016.61,false
69042700,350681,350531,0,350531,69072800,350832,350682,0,350682,30100,151,5016.61,false
69072800,350832,350682,0,350682,69102900,350983,350833,0,350833,30100,151,5016.61,false
69102900,350983,350833,0,350833,69133000,351134,350984,0,350984,30100,151,5016.61,false
69133000,351134,350984,0,350984,69163100,351285,351135,0,351135,30100,151,5016.61,false
69163100,351285,351135,0,351135,69193200,351436,351286,0,351286,30100,151,5016.61,false
69193200,351436,351286,0,351286,69223300,351587,351437,0,351437,30100,151,5016.61,false
69223300,351587,351437,0,351437,69253400,351738,351588,0,351588,30100,151,5016.61,false
69253400,351738,351588,0,351588,69283500,351889,351739,0,351739,30100,151,5016.61,false
69283500,351889,351739,0,351739,69313600,352040,351890,0,351890,30100,151,5016.61,false
69313600,352040,351890,0,351890,69343700,352191,352041,0,352041,30100,151,5016.61,false
69343700,352191,352041,0,352041,69373800,352342,352192,0,352192,30100,151,5016.61,false
69373800,352342,352192,0,352192,69403900,352493,352343,0,352343,30100,151,5016.61,false
69403900,352493,352343,0,352343,69434000,352644,352494,0,352494,30100,151,5016.61,false
69434000,352644,352494,0,352494,69464100,352795,352645,0,352645,30100,151,5016.61,false
69464100,352795,352645,0,352645,69494200,352946,352796,0,352796,30100,151,5016.61,false
69494200,352946,352796,0,352796,69524300,353097,352947,0,352947,30100,151,5016.61,false
69524300,353097,352947,0,352947,69554400,353248,353098,0,353098,30100,151,5016.61,false
69554400,353248,353098,0,353098,69584500,353399,353249,0,353249,30100,151,5016.61,false
69584500,353399,353249,0,353249,69614600,353550,353400,0,353400,30100,151,5016.61,false
69614600,353550,353400,0,353400,69644700,353701,353551,0,353551,30100,151,5016.61,false
69644700,353701,353551,0,353551,69674800,353852,353702,0,353702,30100,151,5016.61,false
69674800,353852,353702,0,353702,69704900,354003,353853,0,353853,30100,151,5016.61,false
69704900,354003,353853,0,353853,69735000,354154,354004,0,354004,30100,151,5016.61,false
69735000,354154,354004,0,354004,69765100,354305,354155,0,354155,30100,151,5016.61,false
69765100,354305,354155,0,354155,69795200,354456,354306,0,354306,30100,151,5016.61,false
69795200,354456,354306,0,354306,69825300,354607,354457,0,354457,30100,151,5016.61,false
69825300,354607,354457,0,354457,69855400,354758,354608,0,354608,30100,151,5016.61,false
69855400,354758,354608,0,354608,69885500,354909,354759,0,354759,30100,151,5016.61,false
69885500,354909,354759,0,354759,69915600,355060,354910,0,354910,30100,151,5016.61,false
69915600,355060,354910,0,354910,69945700,355211,355061,0,355061,30100,151,5016.61,false
69945700,355211,355061,0,355061,69975800,355362,355212,0,355212,30100,151,5016.61,false
69975800,355362,355212,0,355212,70005900,355513,355363,0,355363,30100,151,5016.61,false
70005900,355513,355363,0,355363,70036000,355664,355514,0,355514,30100,151,5016.61,false
70036000,355664,355514,0,355514,70066100,355815,355665,0,355665,30100,151,5016.61,false
70066100,355815,355665,0,355665,70096200,355966,355816,0,355816,30100,151,5016.61,false
70096200,355966,355816,0,355816,70126300,356117,355967,0,355967,30100,151,5016.61,false
70126300,356117,355967,0,355967,70156400,356268,356118,0,356118,30100,151,5016.61,false
70156400,356268,356118,0,356118,70186500,356419,356269,0,356269,30100,151,5016.61,false
70186500,356419,356269,0,356269,70216600,356570,356420,0,356420,30100,151,5016.61,false
70216600,356570,356420,0,356420,70246700,356721,356571,0,356571,30100,151,5016.61,false
70246700,356721,356571,0,356571,70276800,356872,356722,0,356722,30100,151,5016.61,false
70276800,356872,356722,0,356722,70306900,357023,356873,0,356873,30100,151,5016.61,false
70306900,357023,356873,0,356873,70337000,357174,357024,0,357024,30100,151,5016.61,false
70337000,357174,357024,0,357024,70367100,357325,357175,0,357175,30100,151,5016.61,false
70367100,357325,357175,0,357175,70397200,357476,357326,0,357326,30100,151,5016.61,false
70397200,357476,357326,0,357326,70427300,357627,357477,0,357477,30100,151,5016.61,false
70427300,357627,357477,0,357477,70457400,357778,357628,0,357628,30100,151,5016.61,false
70457400,357778,357628,0,357628,70487500,357929,357779,0,357779,30100,151,5016.61,false
70487500,357929,357779,0,357779,70517600,358080,357930,0,357930,30100,151,5016.61,false
70517600,358080,357930,0,357930,70547700,358231,358081,0,358081,30100,151,5016.61,false
70547700,358231,358081,0,358081,70577800,358382,358232,0,358232,30100,151,5016.61,false
70577800,358382,358232,0,358232,70607900,358533,358383,0,358383,30100,151,5016.61,false
70607900,358533,358383,0,358383,70638000,358684,358534,0,358534,30100,151,5016.61,false
70638000,358684,358534,0,358534,70668100,358835,358685,0,358685,30100,151,5016.61,false
70668100,358835,358685,0,358685,70698200,358986,358836,0,358836,30100,151,5016.61,false
70698200,358986,358836,0,358836,70728300,359137,358987,0,358987,30100,151,5016.61,false
70728300,359137,358987,0,358987,70758400,359288,359138,0,359138,30100,151,5016.61,false
70758400,359288,359138,0,359138,70788500,359439,359289,0,359289,30100,151,5016.61,false
70788500,359439,359289,0,359289,70818600,359590,359440,0,359440,30100,151,5016.61,false
70818600,359590,359440,0,359440,70848700,359741,359591,0,359591,30100,151,5016.61,false
70848700,359741,359591,0,359591,70878800,359892,359742,0,359742,30100,151,5016.61,false
70878800,359892,359742,0,359742,70908900,360043,359893,0,359893,30100,151,5016.61,false
70908900,360043,359893,0,359893,70939000,360194,360044,0,360044,30100,151,5016.61,false
70939000,360194,360044,0,360044,70969100,360345,360195,0,360195,30100,151,5016.61,false
70969100,360345,360195,0,360195,70999200,360496,360346,0,360346,30100,151,5016.61,false
70999200,360496,360346,0,360346,71029300,360647,360497,0,360497,30100,151,5016.61,false
71029300,360647,360497,0,360497,71059400,360798,360648,0,360648,30100,151,5016.61,false
71059400,360798,360648,0,360648,71089500,360949,360799,0,360799,30100,151,5016.61,false
71089500,360949,360799,0,360799,71119600,361100,360950,0,360950,30100,151,5016.61,false
71119600,361100,360950,0,360950,71149700,361251,361101,0,361101,30100,151,5016.61,false
71149700,361251,361101,0,361101,71179800,361402,361252,0,361252,30100,151,5016.61,false
71179800,361402,361252,0,361252,71209900,361553,361403,0,361403,30100,151,5016.61,false
71209900,361553,361403,0,361403,71240000,361704,361554,0,361554,30100,151,5016.61,false
71240000,361704,361554,0,361554,71270100,361855,361705,0,361705,30100,151,5016.61,false
71270100,361855,361705,0,361705,71300200,362006,361856,0,361856,30100,151,5016.61,false
71300200,362006,361856,0,361856,71330300,362157,362007,0,362007,30100,151,5016.61,false
71330300,362157,362007,0,362007,71360400,362308,362158,0,362158,30100,151,5016.61,false
71360400,362308,362158,0,362158,71390500,362459,362309,0,362309,30100,151,5016.61,false
71390500,362459,362309,0,362309,71420600,362610,362460,0,362460,30100,151,5016.61,false
71420600,362610,362460,0,362460,71450700,362761,362611,0,362611,30100,151,5016.61,false
71450700,362761,362611,0,362611,71480800,362912,362762,0,362762,30100,151,5016.61,false
71480800,362912,362762,0,362762,71510900,363063,362913,0,362913,30100,151,5016.61,false
71511000,363064,362914,0,362914,71541100,363215,363065,0,363065,30100,151,5016.61,false
71541100,363215,363065,0,363065,71571200,363366,363216,0,363216,30100,151,5016.61,false
71571200,363366,363216,0,363216,71601300,363517,363367,0,363367,30100,151,5016.61,false
71601300,363517,363367,0,363367,71631400,363668,363518,0,363518,30100,151,5016.61,false
71631400,363668,363518,0,363518,71661500,363819,363669,0,363669,30100,151,5016.61,false
71661500,363819,363669,0,363669,71691600,363970,363820,0,363820,30100,151,5016.61,false
71691600,363970,363820,0,363820,71721700,364121,363971,0,363971,30100,151,5016.61,false
71721700,364121,363971,0,363971,71751800,364272,364122,0,364122,30100,151,5016.61,false
71751800,364272,364122,0,364122,71781900,364423,364273,0,364273,30100,151,5016.61,false
71781900,364423,364273,0,364273,71812000,364574,364424,0,364424,30100,151,5016.61,false
71812000,364574,364424,0,364424,71842100,364725,364575,0,364575,30100,151,5016.61,false
71842100,364725,364575,0,364575,71872200,364876,364726,0,364726,30100,151,5016.61,false
71872200,364876,364726,0,364726,71902300,365431,364877,0,364877,30100,151,5016.61,true
71902300,365431,364877,0,364877,71972800,365986,365432,0,365432,70500,555,7872.34,true
71972800,365986,365432,0,365432,72043300,366177,365987,0,365987,70500,555,7872.34,true
72043300,366177,365987,0,365987,72077400,366328,366178,0,366178,34100,191,5601.17,true
72077400,366328,366178,0,366178,72107500,366479,366329,0,366329,30100,151,5016.61,false
72107500,366479,366329,0,366329,72137600,366630,366480,0,366480,30100,151,5016.61,false
72137600,366630,366480,0,366480,72167700,366781,366631,0,366631,30100,151,5016.61,false
72167700,366781,366631,0,366631,72197800,366932,366782,0,366782,30100,151,5016.61,false
72197800,366932,366782,0,366782,72227900,367083,366933,0,366933,30100,151,5016.61,false
72227900,367083,366933,0,366933,72258000,367234,367084,0,367084,30100,151,5016.61,false
72258000,367234,367084,0,367084,72288100,367385,367235,0,367235,30100,151,5016.61,false
72288100,367385,367235,0,367235,72318200,367536,367386,0,367386,30100,151,5016.61,false
72318200,367536,367386,0,367386,72348300,367687,367537,0,367537,30100,151,5016.61,false
72348300,367687,367537,0,367537,72378400,367838,367688,0,367688,30100,151,5016.61,false
72378400,367838,367688,0,367688,72408500,367989,367839,0,367839,30100,151,5016.61,false
72408500,367989,367839,0,367839,72438600,368140,367990,0,367990,30100,151,5016.61,false
72438600,368140,367990,0,367990,72468700,368291,368141,0,368141,30100,151,5016.61,false
72468700,368291,368141,0,368141,72498800,368442,368292,0,368292,30100,151,5016.61,false
72498800,368442,368292,0,368292,72569000,368593,368443,0,368443,70200,151,2151.00,false
72569000,368593,368443,0,368443,72639200,368744,368594,0,368594,70200,151,2151.00,false
72639200,368744,368594,0,368594,72673500,368895,368745,0,368745,34300,151,4402.33,false
72673500,368895,368745,0,368745,72703600,369046,368896,0,368896,30100,151,5016.61,false
72703600,369046,368896,0,368896,72733700,369197,369047,0,369047,30100,151,5016.61,false
72733700,369197,369047,0,369047,72763800,369348,369198,0,369198,30100,151,5016.61,false
72763800,369348,369198,0,369198,72793900,369499,369349,0,369349,30100,151,5016.61,false
72793900,369499,369349,0,369349,72824000,369650,369500,0,369500,30100,151,5016.61,false
72824000,369650,369500,0,369500,72854100,369801,369651,0,369651,30100,151,5016.61,false
72854100,369801,369651,0,369651,72884200,369952,369802,0,369802,30100,151,5016.61,false
72884200,369952,369802,0,369802,72914300,370103,369953,0,369953,30100,151,5016.61,false
72914300,370103,369953,0,369953,72944400,370254,370104,0,370104,30100,151,5016.61,false
72944400,370254,370104,0,370104,72974500,370405,370255,0,370255,30100,151,5016.61,false
72974500,370405,370255,0,370255,73004600,370556,370406,0,370406,30100,151,5016.61,false
73004600,370556,370406,0,370406,73034700,370707,370557,0,370557,30100,151,5016.61,false
73034700,370707,370557,0,370557,73064800,370858,370708,0,370708,30100,151,5016.61,false
73064800,370858,370708,0,370708,73094900,371009,370859,0,370859,30100,151,5016.61,false
73094900,371009,370859,0,370859,73125000,371160,371010,0,371010,30100,151,5016.61,false
73125000,371160,371010,0,371010,73155100,371311,371161,0,371161,30100,151,5016.61,false
73155100,371311,371161,0,371161,73185200,371462,371312,0,371312,30100,151,5016.61,false
73185200,371462,371312,0,371312,73215300,371613,371463,0,371463,30100,151,5016.61,false
73215300,371613,371463,0,371463,73245400,371764,371614,0,371614,30100,151,5016.61,false
73245400,371764,371614,0,371614,73275500,371915,371765,0,371765,30100,151,5016.61,false
73275500,371915,371765,0,371765,73305600,372066,371916,0,371916,30100,151,5016.61,false
73305600,372066,371916,0,371916,73335700,372217,372067,0,372067,30100,151,5016.61,false
73335700,372217,372067,0,372067,73365800,372368,372218,0,372218,30100,151,5016.61,false
73365800,372368,372218,0,372218,73395900,372519,372369,0,372369,30100,151,5016.61,false
73395900,372519,372369,0,372369,73426000,372670,372520,0,372520,30100,151,5016.61,false
73426000,372670,372520,0,372520,73456100,372821,372671,0,372671,30100,151,5016.61,false
73456100,372821,372671,0,372671,73486200,372972,372822,0,372822,30100,151,5016.61,false
73486200,372972,372822,0,372822,73516300,373123,372973,0,372973,30100,151,5016.61,false
73516300,373123,372973,0,372973,73546400,373274,373124,0,373124,30100,151,5016.61,false
73546400,373274,373124,0,373124,73576500,373425,373275,0,373275,30100,151,5016.61,false
73576500,373425,373275,0,373275,73606600,373576,373426,0,373426,30100,151,5016.61,false
73606600,373576,373426,0,373426,73636700,373727,373577,0,373577,30100,151,5016.61,false
73636700,373727,373577,0,373577,73666800,373878,373728,0,373728,30100,151,5016.61,false
73666800,373878,373728,0,373728,73696900,374029,373879,0,373879,30100,151,5016.61,false
73696900,374029,373879,0,373879,73727000,374180,374030,0,374030,30100,151,5016.61,false
73727000,374180,374030,0,374030,73757100,374331,374181,0,374181,30100,151,5016.61,false
73757100,374331,374181,0,374181,73787200,374482,374332,0,374332,30100,151,5016.61,false
73787200,374482,374332,0,374332,73817300,374633,374483,0,374483,30100,151,5016.61,false
73817300,374633,374483,0,374483,73847400,374784,374634,0,374634,30100,151,5016.61,false
73847400,374784,374634,0,374634,73877500,374935,374785,0,374785,30100,151,5016.61,false
73877500,374935,374785,0,374785,73907600,375086,374936,0,374936,30100,151,5016.61,false
73907600,375086,374936,0,374936,73937700,375237,375087,0,375087,30100,151,5016.61,false
73937700,375237,375087,0,375087,73967800,375388,375238,0,375238,30100,151,5016.61,false
73967800,375388,375238,0,375238,73997900,375539,375389,0,375389,30100,151,5016.61,false
73997900,375539,375389,0,375389,74028000,375690,375540,0,375540,30100,151,5016.61,false
74028000,375690,375540,0,375540,74058100,375841,375691,0,375691,30100,151,5016.61,false
74058100,375841,375691,0,375691,74088200,375992,375842,0,375842,30100,151,5016.61,false
74088200,375992,375842,0,375842,74118300,376143,375993,0,375993,30100,151,5016.61,false
74118300,376143,375993,0,375993,74148400,376294,376144,0,376144,30100,151,5016.61,false
74148400,376294,376144,0,376144,74178500,376445,376295,0,376295,30100,151,5016.61,false
74178500,376445,376295,0,376295,74208600,376596,376446,0,376446,30100,151,5016.61,false
74208600,376596,376446,0,376446,74238700,376747,376597,0,376597,30100,151,5016.61,false
74238700,376747,376597,0,376597,74268800,376898,376748,0,376748,30100,151,5016.61,false
74268800,376898,376748,0,376748,74298900,377049,376899,0,376899,30100,151,5016.61,false
74298900,377049,376899,0,376899,74329000,377200,377050,0,377050,30100,151,5016.61,false
74329000,377200,377050,0,377050,74359100,377351,377201,0,377201,30100,151,5016.61,false
74359100,377351,377201,0,377201,74389200,377502,377352,0,377352,30100,151,5016.61,false
74389200,377502,377352,0,377352,74419300,377653,377503,0,377503,30100,151,5016.61,false
74419300,377653,377503,0,377503,74449400,377804,377654,0,377654,30100,151,5016.61,false
74449400,377804,377654,0,377654,74479500,377955,377805,0,377805,30100,151,5016.61,false
74479500,377955,377805,0,377805,74509600,378106,377956,0,377956,30100,151,5016.61,false
74509600,378106,377956,0,377956,74539700,378257,378107,0,378107,30100,151,5016.61,false
74539700,378257,378107,0,378107,74569800,378408,378258,0,378258,30100,151,5016.61,false
74569800,378408,378258,0,378258,74599900,378559,378409,0,378409,30100,151,5016.61,false
74599900,378559,378409,0,378409,74630000,378710,378560,0,378560,30100,151,5016.61,false
74630000,378710,378560,0,378560,74660100,378861,378711,0,378711,30100,151,5016.61,false
74660100,378861,378711,0,378711,74690200,379012,378862,0,378862,30100,151,5016.61,false
74690200,379012,378862,0,378862,74720300,379163,379013,0,379013,30100,151,5016.61,false
74720300,379163,379013,0,379013,74750400,379314,379164,0,379164,30100,151,5016.61,false
74750400,379314,379164,0,379164,74780500,379465,379315,0,379315,30100,151,5016.61,false
74780500,379465,379315,0,379315,74810600,379616,379466,0,379466,30100,151,5016.61,false
74810600,379616,379466,0,379466,74840700,379767,379617,0,379617,30100,151,5016.61,false
74840700,379767,379617,0,379617,74870800,379918,379768,0,379768,30100,151,5016.61,false
74870800,379918,379768,0,379768,74900900,380069,379919,0,379919,30100,151,5016.61,false
74900900,380069,379919,0,379919,74931000,380220,380070,0,380070,30100,151,5016.61,false
74931000,380220,380070,0,380070,74961100,380371,380221,0,380221,30100,151,5016.61,false
74961100,380371,380221,0,380221,74991200,380522,380372,0,380372,30100,151,5016.61,false
74991200,380522,380372,0,380372,75021300,380673,380523,0,380523,30100,151,5016.61,false
75021300,380673,380523,0,380523,75051400,380824,380674,0,380674,30100,151,5016.61,false
75051400,380824,380674,0,380674,75081500,380975,380825,0,380825,30100,151,5016.61,false
75081500,380975,380825,0,380825,75111600,381126,380976,0,380976,30100,151,5016.61,false
75111600,381126,380976,0,380976,75141700,381277,381127,0,381127,30100,151,5016.61,false
75141700,381277,381127,0,381127,75171800,381428,381278,0,381278,30100,151,5016.61,false
75171800,381428,381278,0,381278,75201900,381579,381429,0,381429,30100,151,5016.61,false
75201900,381579,381429,0,381429,75232000,381730,381580,0,381580,30100,151,5016.61,false
75232000,381730,381580,0,381580,75262100,381881,381731,0,381731,30100,151,5016.61,false
75262100,381881,381731,0,381731,75292200,382032,381882,0,381882,30100,151,5016.61,false
75292200,382032,381882,0,381882,75322300,382183,382033,0,382033,30100,151,5016.61,false
75322400,382184,382034,0,382034,75352500,382335,382185,0,382185,30100,151,5016.61,false
75352500,382335,382185,0,382185,75382600,382486,382336,0,382336,30100,151,5016.61,false
75382600,382486,382336,0,382336,75412700,382637,382487,0,382487,30100,151,5016.61,false
75412700,382637,382487,0,382487,75442800,382788,382638,0,382638,30100,151,5016.61,false
75442800,382788,382638,0,382638,75472900,382939,382789,0,382789,30100,151,5016.61,false
75472900,382939,382789,0,382789,75503000,383090,382940,0,382940,30100,151,5016.61,false
75503000,383090,382940,0,382940,75533100,383241,383091,0,383091,30100,151,5016.61,false
75533100,383241,383091,0,383091,75563200,383392,383242,0,383242,30100,151,5016.61,false
75563200,383392,383242,0,383242,75593300,383543,383393,0,383393,30100,151,5016.61,false
75593300,383543,383393,0,383393,75623400,383694,383544,0,383544,30100,151,5016.61,false
75623400,383694,383544,0,383544,75653500,383845,383695,0,383695,30100,151,5016.61,false
75653500,383845,383695,0,383695,75683600,383996,383846,0,383846,30100,151,5016.61,false
75683600,383996,383846,0,383846,75713700,384551,383997,0,383997,30100,151,5016.61,true
75713700,384551,383997,0,383997,75784200,385106,384552,0,384552,70500,555,7872.34,true
75784200,385106,384552,0,384552,75854700,385297,385107,0,385107,70500,555,7872.34,true
75854700,385297,385107,0,385107,75888800,385448,385298,0,385298,34100,191,5601.17,true
75888800,385448,385298,0,385298,75918900,385599,385449,0,385449,30100,151,5016.61,false
75918900,385599,385449,0,385449,75949000,385750,385600,0,385600,30100,151,5016.61,false
75949000,385750,385600,0,385600,75979100,385901,385751,0,385751,30100,151,5016.61,false
75979100,385901,385751,0,385751,76009200,386052,385902,0,385902,30100,151,5016.61,false
76009200,386052,385902,0,385902,76039300,386203,386053,0,386053,30100,151,5016.61,false
76039300,386203,386053,0,386053,76069400,386354,386204,0,386204,30100,151,5016.61,false
76069400,386354,386204,0,386204,76099500,386505,386355,0,386355,30100,151,5016.61,false
76099500,386505,386355,0,386355,76129600,386656,386506,0,386506,30100,151,5016.61,false
76129600,386656,386506,0,386506,76159700,386807,386657,0,386657,30100,151,5016.61,false
76159700,386807,386657,0,386657,76189800,386958,386808,0,386808,30100,151,5016.61,false
76189800,386958,386808,0,386808,76219900,387109,386959,0,386959,30100,151,5016.61,false
76219900,387109,386959,0,386959,76250000,387260,387110,0,387110,30100,151,5016.61,false
76250000,387260,387110,0,387110,76280100,387411,387261,0,387261,30100,151,5016.61,false
76280100,387411,387261,0,387261,76310200,387562,387412,0,387412,30100,151,5016.61,false
76310200,387562,387412,0,387412,76380400,387713,387563,0,387563,70200,151,2151.00,false
76380400,387713,387563,0,387563,76450600,387864,387714,0,387714,70200,151,2151.00,false
76450600,387864,387714,0,387714,76484900,388015,387865,0,387865,34300,151,4402.33,false
76484900,388015,387865,0,387865,76515000,388166,388016,0,388016,30100,151,5016.61,false
76515000,388166,388016,0,388016,76545100,388317,388167,0,388167,30100,151,5016.61,false
76545100,388317,388167,0,388167,76575200,388468,388318,0,388318,30100,151,5016.61,false
76575200,388468,388318,0,388318,76605300,388619,388469,0,388469,30100,151,5016.61,false
76605300,388619,388469,0,388469,76635400,388770,388620,0,388620,30100,151,5016.61,false
76635400,388770,388620,0,388620,76665500,388921,388771,0,388771,30100,151,5016.61,false
76665500,388921,388771,0,388771,76695600,389072,388922,0,388922,30100,151,5016.61,false
76695600,389072,388922,0,388922,76725700,389223,389073,0,389073,30100,151,5016.61,false
76725700,389223,389073,0,389073,76755800,389374,389224,0,389224,30100,151,5016.61,false
76755800,389374,389224,0,389224,76785900,389525,389375,0,389375,30100,151,5016.61,false
76785900,389525,389375,0,389375,76816000,389676,389526,0,389526,30100,151,5016.61,false
76816000,389676,389526,0,389526,76846100,389827,389677,0,389677,30100,151,5016.61,false
76846100,389827,389677,0,389677,76876200,389978,389828,0,389828,30100,151,5016.61,false
76876200,389978,389828,0,389828,76906300,390129,389979,0,389979,30100,151,5016.61,false
76906300,390129,389979,0,389979,76936400,390280,390130,0,390130,30100,151,5016.61,false
76936400,390280,390130,0,390130,76966500,390431,390281,0,390281,30100,151,5016.61,false
76966500,390431,390281,0,390281,76996600,390582,390432,0,390432,30100,151,5016.61,false
76996600,390582,390432,0,390432,77026700,390733,390583,0,390583,30100,151,5016.61,false
77026700,390733,390583,0,390583,77056800,390884,390734,0,390734,30100,151,5016.61,false
77056800,390884,390734,0,390734,77086900,391035,390885,0,390885,30100,151,5016.61,false
77086900,391035,390885,0,390885,77117000,391186,391036,0,391036,30100,151,5016.61,false
77117000,391186,391036,0,391036,77147100,391337,391187,0,391187,30100,151,5016.61,false
77147100,391337,391187,0,391187,77177200,391488,391338,0,391338,30100,151,5016.61,false
77177200,391488,391338,0,391338,77207300,391639,391489,0,391489,30100,151,5016.61,false
77207300,391639,391489,0,391489,77237400,391790,391640,0,391640,30100,151,5016.61,false
77237400,391790,391640,0,391640,77267500,391941,391791,0,391791,30100,151,5016.61,false
77267500,391941,391791,0,391791,77297600,392092,391942,0,391942,30100,151,5016.61,false
77297600,392092,391942,0,391942,77327700,392243,392093,0,392093,30100,151,5016.61,false
77327700,392243,392093,0,392093,77357800,392394,392244,0,392244,30100,151,5016.61,false
77357800,392394,392244,0,392244,77387900,392545,392395,0,392395,30100,151,5016.61,false
77387900,392545,392395,0,392395,77418000,392696,392546,0,392546,30100,151,5016.61,false
77418000,392696,392546,0,392546,77448100,392847,392697,0,392697,30100,151,5016.61,false
77448100,392847,392697,0,392697,77478200,392998,392848,0,392848,30100,151,5016.61,false
77478200,392998,392848,0,392848,77508300,393149,392999,0,392999,30100,151,5016.61,false
77508300,393149,392999,0,392999,77538400,393300,393150,0,393150,30100,151,5016.61,false
77538400,393300,393150,0,393150,77568500,393451,393301,0,393301,30100,151,5016.61,false
77568500,393451,393301,0,393301,77598600,393602,393452,0,393452,30100,151,5016.61,false
77598600,393602,393452,0,393452,77628700,393753,393603,0,393603,30100,151,5016.61,false
77628700,393753,393603,0,393603,77658800,393904,393754,0,393754,30100,151,5016.61,false
77658800,393904,393754,0,393754,77688900,394055,393905,0,393905,30100,151,5016.61,false
77688900,394055,393905,0,393905,77719000,394206,394056,0,394056,30100,151,5016.61,false
77719000,394206,394056,0,394056,77749100,394357,394207,0,394207,30100,151,5016.61,false
77749100,394357,394207,0,394207,77779200,394508,394358,0,394358,30100,151,5016.61,false
77779200,394508,394358,0,394358,77809300,394659,394509,0,394509,30100,151,5016.61,false
77809300,394659,394509,0,394509,77839400,394810,394660,0,394660,30100,151,5016.61,false
77839400,394810,394660,0,394660,77869500,394961,394811,0,394811,30100,151,5016.61,false
77869500,394961,394811,0,394811,77899600,395112,394962,0,394962,30100,151,5016.61,false
77899600,395112,394962,0,394962,77929700,395263,395113,0,395113,30100,151,5016.61,false
77929700,395263,395113,0,395113,77959800,395414,395264,0,395264,30100,151,5016.61,false
77959800,395414,395264,0,395264,77989900,395565,395415,0,395415,30100,151,5016.61,false
77989900,395565,395415,0,395415,78020000,395716,395566,0,395566,30100,151,5016.61,false
78020000,395716,395566,0,395566,78050100,395867,395717,0,395717,30100,151,5016.61,false
78050100,395867,395717,0,395717,78080200,396018,395868,0,395868,30100,151,5016.61,false
78080200,396018,395868,0,395868,78110300,396169,396019,0,396019,30100,151,5016.61,false
78110300,396169,396019,0,396019,78140400,396320,396170,0,396170,30100,151,5016.61,false
78140400,396320,396170,0,396170,78170500,396471,396321,0,396321,30100,151,5016.61,false
78170500,396471,396321,0,396321,78200600,396622,396472,0,396472,30100,151,5016.61,false
78200600,396622,396472,0,396472,78230700,396773,396623,0,396623,30100,151,5016.61,false
78230700,396773,396623,0,396623,78260800,396924,396774,0,396774,30100,151,5016.61,false
78260800,396924,396774,0,396774,78290900,397075,396925,0,396925,30100,151,5016.61,false
78290900,397075,396925,0,396925,78321000,397226,397076,0,397076,30100,151,5016.61,false
78321000,397226,397076,0,397076,78351100,397377,397227,0,397227,30100,151,5016.61,false
78351100,397377,397227,0,397227,78381200,397528,397378,0,397378,30100,151,5016.61,false
78381200,397528,397378,0,397378,78411300,397679,397529,0,397529,30100,151,5016.61,false
78411300,397679,397529,0,397529,78441400,397830,397680,0,397680,30100,151,5016.61,false
78441400,397830,397680,0,397680,78471500,397981,397831,0,397831,30100,151,5016.61,false
78471500,397981,397831,0,397831,78501600,398132,397982,0,397982,30100,151,5016.61,false
78501600,398132,397982,0,397982,78531700,398283,398133,0,398133,30100,151,5016.61,false
78531700,398283,398133,0,398133,78561800,398434,398284,0,398284,30100,151,5016.61,false
78561800,398434,398284,0,398284,78591900,398585,398435,0,398435,30100,151,5016.61,false
78591900,398585,398435,0,398435,78622000,398736,398586,0,398586,30100,151,5016.61,false
78622000,398736,398586,0,398586,78652100,398887,398737,0,398737,30100,151,5016.61,false
78652100,398887,398737,0,398737,78682200,399038,398888,0,398888,30100,151,5016.61,false
78682200,399038,398888,0,398888,78712300,399189,399039,0,399039,30100,151,5016.61,false
78712300,399189,399039,0,399039,78742400,399340,399190,0,399190,30100,151,5016.61,false
78742400,399340,399190,0,399190,78772500,399491,399341,0,399341,30100,151,5016.61,false
78772500,399491,399341,0,399341,78802600,399642,399492,0,399492,30100,151,5016.61,false
78802600,399642,399492,0,399492,78832700,399793,399643,0,399643,30100,151,5016.61,false
78832700,399793,399643,0,399643,78862800,399944,399794,0,399794,30100,151,5016.61,false
78862800,399944,399794,0,399794,78892900,400095,399945,0,399945,30100,151,5016.61,false
78892900,400095,399945,0,399945,78923000,400246,400096,0,400096,30100,151,5016.61,false
78923000,400246,400096,0,400096,78953100,400397,400247,0,400247,30100,151,5016.61,false
78953100,400397,400247,0,400247,78983200,400548,400398,0,400398,30100,151,5016.61,false
78983200,400548,400398,0,400398,79013300,400699,400549,0,400549,30100,151,5016.61,false
79013300,400699,400549,0,400549,79043400,400850,400700,0,400700,30100,151,5016.61,false
79043400,400850,400700,0,400700,79073500,401001,400851,0,400851,30100,151,5016.61,false
79073500,401001,400851,0,400851,79103600,401152,401002,0,401002,30100,151,5016.61,false
79103600,401152,401002,0,401002,79133700,401303,401153,0,401153,30100,151,5016.61,false
79133800,401304,401154,0,401154,79163900,401455,401305,0,401305,30100,151,5016.61,false
79163900,401455,401305,0,401305,79194000,401606,401456,0,401456,30100,151,5016.61,false
79194000,401606,401456,0,401456,79224100,401757,401607,0,401607,30100,151,5016.61,false
79224100,401757,401607,0,401607,79254200,401908,401758,0,401758,30100,151,5016.61,false
79254200,401908,401758,0,401758,79284300,402059,401909,0,401909,30100,151,5016.61,false
79284300,402059,401909,0,401909,79314400,402210,402060,0,402060,30100,151,5016.61,false
79314400,402210,402060,0,402060,79344500,402361,402211,0,402211,30100,151,5016.61,false
79344500,402361,402211,0,402211,79374600,402512,402362,0,402362,30100,151,5016.61,false
79374600,402512,402362,0,402362,79404700,402663,402513,0,402513,30100,151,5016.61,false
79404700,402663,402513,0,402513,79434800,402814,402664,0,402664,30100,151,5016.61,false
79434800,402814,402664,0,402664,79464900,402965,402815,0,402815,30100,151,5016.61,false
79464900,402965,402815,0,402815,79495000,403116,402966,0,402966,30100,151,5016.61,false
79495000,403116,402966,0,402966,79525100,403671,403117,0,403117,30100,151,5016.61,true
79525100,403671,403117,0,403117,79595600,404226,403672,0,403672,70500,555,7872.34,true
79595600,404226,403672,0,403672,79666100,404417,404227,0,404227,70500,555,7872.34,true
79666100,404417,404227,0,404227,79700200,404568,404418,0,404418,34100,191,5601.17,true
79700200,404568,404418,0,404418,79730300,404719,404569,0,404569,30100,151,5016.61,false
79730300,404719,404569,0,404569,79760400,404870,404720,0,404720,30100,151,5016.61,false
79760400,404870,404720,0,404720,79790500,405021,404871,0,404871,30100,151,5016.61,false
79790500,405021,404871,0,404871,79820600,405172,405022,0,405022,30100,151,5016.61,false
79820600,405172,405022,0,405022,79850700,405323,405173,0,405173,30100,151,5016.61,false
79850700,405323,405173,0,405173,79880800,405474,405324,0,405324,30100,151,5016.61,false
79880800,405474,405324,0,405324,79910900,405625,405475,0,405475,30100,151,5016.61,false
79910900,405625,405475,0,405475,79941000,405776,405626,0,405626,30100,151,5016.61,false
79941000,405776,405626,0,405626,79971100,405927,405777,0,405777,30100,151,5016.61,false
79971100,405927,405777,0,405777,80001200,406078,405928,0,405928,30100,151,5016.61,false
80001200,406078,405928,0,405928,80031300,406229,406079,0,406079,30100,151,5016.61,false
80031300,406229,406079,0,406079,80061400,406380,406230,0,406230,30100,151,5016.61,false
80061400,406380,406230,0,406230,80091500,406531,406381,0,406381,30100,151,5016.61,false
80091500,406531,406381,0,406381,80121600,406682,406532,0,406532,30100,151,5016.61,false
80121600,406682,406532,0,406532,80191800,406833,406683,0,406683,70200,151,2151.00,false
80191800,406833,406683,0,406683,80262000,406984,406834,0,406834,70200,151,2151.00,false
80262000,406984,406834,0,406834,80296300,407135,406985,0,406985,34300,151,4402.33,false
80296300,407135,406985,0,406985,80326400,407286,407136,0,407136,30100,151,5016.61,false
80326400,407286,407136,0,407136,80356500,407437,407287,0,407287,30100,151,5016.61,false
80356500,407437,407287,0,407287,80386600,407588,407438,0,407438,30100,151,5016.61,false
80386600,407588,407438,0,407438,80416700,407739,407589,0,407589,30100,151,5016.61,false
80416700,407739,407589,0,407589,80446800,407890,407740,0,407740,30100,151,5016.61,false
80446800,407890,407740,0,407740,80476900,408041,407891,0,407891,30100,151,5016.61,false
80476900,408041,407891,0,407891,80507000,408192,408042,0,408042,30100,151,5016.61,false
80507000,408192,408042,0,408042,80537100,408343,408193,0,408193,30100,151,5016.61,false
80537100,408343,408193,0,408193,80567200,408494,408344,0,408344,30100,151,5016.61,false
80567200,408494,408344,0,408344,80597300,408645,408495,0,408495,30100,151,5016.61,false
80597300,408645,408495,0,408495,80627400,408796,408646,0,408646,30100,151,5016.61,false
80627400,408796,408646,0,408646,80657500,408947,408797,0,408797,30100,151,5016.61,false
80657500,408947,408797,0,408797,80687600,409098,408948,0,408948,30100,151,5016.61,false
80687600,409098,408948,0,408948,80717700,409249,409099,0,409099,30100,151,5016.61,false
80717700,409249,409099,0,409099,80747800,409400,409250,0,409250,30100,151,5016.61,false
80747800,409400,409250,0,409250,80777900,409551,409401,0,409401,30100,151,5016.61,false
80777900,409551,409401,0,409401,80808000,409702,409552,0,409552,30100,151,5016.61,false
80808000,409702,409552,0,409552,80838100,409853,409703,0,409703,30100,151,5016.61,false
80838100,409853,409703,0,409703,80868200,410004,409854,0,409854,30100,151,5016.61,false
80868200,410004,409854,0,409854,80898300,410155,410005,0,410005,30100,151,5016.61,false
80898300,410155,410005,0,410005,80928400,410306,410156,0,410156,30100,151,5016.61,false
80928400,410306,410156,0,410156,80958500,410457,410307,0,410307,30100,151,5016.61,false
80958500,410457,410307,0,410307,80988600,410608,410458,0,410458,30100,151,5016.61,false
80988600,410608,410458,0,410458,81018700,410759,410609,0,410609,30100,151,5016.61,false
81018700,410759,410609,0,410609,81048800,410910,410760,0,410760,30100,151,5016.61,false
81048800,410910,410760,0,410760,81078900,411061,410911,0,410911,30100,151,5016.61,false
81078900,411061,410911,0,410911,81109000,411212,411062,0,411062,30100,151,5016.61,false
81109000,411212,411062,0,411062,81139100,411363,411213,0,411213,30100,151,5016.61,false
81139100,411363,411213,0,411213,81169200,411514,411364,0,411364,30100,151,5016.61,false
81169200,411514,411364,0,411364,81199300,411665,411515,0,411515,30100,151,5016.61,false
81199300,411665,411515,0,411515,81229400,411816,411666,0,411666,30100,151,5016.61,false
81229400,411816,411666,0,411666,81259500,411967,411817,0,411817,30100,151,5016.61,false
81259500,411967,411817,0,411817,81289600,412118,411968,0,411968,30100,151,5016.61,false
81289600,412118,411968,0,411968,81319700,412269,412119,0,412119,30100,151,5016.61,false
81319700,412269,412119,0,412119,81349800,412420,412270,0,412270,30100,151,5016.61,false
81349800,412420,412270,0,412270,81379900,412571,412421,0,412421,30100,151,5016.61,false
81379900,412571,412421,0,412421,81410000,412722,412572,0,412572,30100,151,5016.61,false
81410000,412722,412572,0,412572,81440100,412873,412723,0,412723,30100,151,5016.61,false
81440100,412873,412723,0,412723,81470200,413024,412874,0,412874,30100,151,5016.61,false
81470200,413024,412874,0,412874,81500300,413175,413025,0,413025,30100,151,5016.61,false
81500300,413175,413025,0,413025,81530400,413326,413176,0,413176,30100,151,5016.61,false
81530400,413326,413176,0,413176,81560500,413477,413327,0,413327,30100,151,5016.61,false
81560500,413477,413327,0,413327,81590600,413628,413478,0,413478,30100,151,5016.61,false
81590600,413628,413478,0,413478,81620700,413779,413629,0,413629,30100,151,5016.61,false
81620700,413779,413629,0,413629,81650800,413930,413780,0,413780,30100,151,5016.61,false
81650800,413930,413780,0,413780,81680900,414081,413931,0,413931,30100,151,5016.61,false
81680900,414081,413931,0,413931,81711000,414232,414082,0,414082,30100,151,5016.61,false
81711000,414232,414082,0,414082,81741100,414383,414233,0,414233,30100,151,5016.61,false
81741100,414383,414233,0,414233,81771200,414534,414384,0,414384,30100,151,5016.61,false
81771200,414534,414384,0,414384,81801300,414685,414535,0,414535,30100,151,5016.61,false
81801300,414685,414535,0,414535,81831400,414836,414686,0,414686,30100,151,5016.61,false
81831400,414836,414686,0,414686,81861500,414987,414837,0,414837,30100,151,5016.61,false
81861500,414987,414837,0,414837,81891600,415138,414988,0,414988,30100,151,5016.61,false
81891600,415138,414988,0,414988,81921700,415289,415139,0,415139,30100,151,5016.61,false
81921700,415289,415139,0,415139,81951800,415440,415290,0,415290,30100,151,5016.61,false
81951800,415440,415290,0,415290,81981900,415591,415441,0,415441,30100,151,5016.61,false
81981900,415591,415441,0,415441,82012000,415742,415592,0,415592,30100,151,5016.61,false
82012000,415742,415592,0,415592,82042100,415893,415743,0,415743,30100,151,5016.61,false
82042100,415893,415743,0,415743,82072200,416044,415894,0,415894,30100,151,5016.61,false
82072200,416044,415894,0,415894,82102300,416195,416045,0,416045,30100,151,5016.61,false
82102300,416195,416045,0,416045,82132400,416346,416196,0,416196,30100,151,5016.61,false
82132400,416346,416196,0,416196,82162500,416497,416347,0,416347,30100,151,5016.61,false
82162500,416497,416347,0,416347,82192600,416648,416498,0,416498,30100,151,5016.61,false
82192600,416648,416498,0,416498,82222700,416799,416649,0,416649,30100,151,5016.61,false
82222700,416799,416649,0,416649,82252800,416950,416800,0,416800,30100,151,5016.61,false
82252800,416950,416800,0,416800,82282900,417101,416951,0,416951,30100,151,5016.61,false
82282900,417101,416951,0,416951,82313000,417252,417102,0,417102,30100,151,5016.61,false
82313000,417252,417102,0,417102,82343100,417403,417253,0,417253,30100,151,5016.61,false
82343100,417403,417253,0,417253,82373200,417554,417404,0,417404,30100,151,5016.61,false
82373200,417554,417404,0,417404,82403300,417705,417555,0,417555,30100,151,5016.61,false
82403300,417705,417555,0,417555,82433400,417856,417706,0,417706,30100,151,5016.61,false
82433400,417856,417706,0,417706,82463500,418007,417857,0,417857,30100,151,5016.61,false
82463500,418007,417857,0,417857,82493600,418158,418008,0,418008,30100,151,5016.61,false
82493600,418158,418008,0,418008,82523700,418309,418159,0,418159,30100,151,5016.61,false
82523700,418309,418159,0,418159,82553800,418460,418310,0,418310,30100,151,5016.61,false
82553800,418460,418310,0,418310,82583900,418611,418461,0,418461,30100,151,5016.61,false
82583900,418611,418461,0,418461,82614000,418762,418612,0,418612,30100,151,5016.61,false
82614000,418762,418612,0,418612,82644100,418913,418763,0,418763,30100,151,5016.61,false
82644100,418913,418763,0,418763,82674200,419064,418914,0,418914,30100,151,5016.61,false
82674200,419064,418914,0,418914,82704300,419215,419065,0,419065,30100,151,5016.61,false
82704300,419215,419065,0,419065,82734400,419366,419216,0,419216,30100,151,5016.61,false
82734400,419366,419216,0,419216,82764500,419517,419367,0,419367,30100,151,5016.61,false
82764500,419517,419367,0,419367,82794600,419668,419518,0,419518,30100,151,5016.61,false
82794600,419668,419518,0,419518,82824700,419819,419669,0,419669,30100,151,5016.61,false
82824700,419819,419669,0,419669,82854800,419970,419820,0,419820,30100,151,5016.61,false
82854800,419970,419820,0,419820,82884900,420121,419971,0,419971,30100,151,5016.61,false
82884900,420121,419971,0,419971,82915000,420272,420122,0,420122,30100,151,5016.61,false
82915000,420272,420122,0,420122,82945100,420423,420273,0,420273,30100,151,5016.61,false
82945200,420424,420274,0,420274,82975300,420575,420425,0,420425,30100,151,5016.61,false
82975300,420575,420425,0,420425,83005400,420726,420576,0,420576,30100,151,5016.61,false
83005400,420726,420576,0,420576,83035500,420877,420727,0,420727,30100,151,5016.61,false
83035500,420877,420727,0,420727,83065600,421028,420878,0,420878,30100,151,5016.61,false
83065600,421028,420878,0,420878,83095700,421179,421029,0,421029,30100,151,5016.61,false
83095700,421179,421029,0,421029,83125800,421330,421180,0,421180,30100,151,5016.61,false
83125800,421330,421180,0,421180,83155900,421481,421331,0,421331,30100,151,5016.61,false
83155900,421481,421331,0,421331,83186000,421632,421482,0,421482,30100,151,5016.61,false
83186000,421632,421482,0,421482,83216100,421783,421633,0,421633,30100,151,5016.61,false
83216100,421783,421633,0,421633,83246200,421934,421784,0,421784,30100,151,5016.61,false
83246200,421934,421784,0,421784,83276300,422085,421935,0,421935,30100,151,5016.61,false
83276300,422085,421935,0,421935,83306400,422236,422086,0,422086,30100,151,5016.61,false
83306400,422236,422086,0,422086,83336500,422791,422237,0,422237,30100,151,5016.61,true
83336500,422791,422237,0,422237,83407000,423346,422792,0,422792,70500,555,7872.34,true
83407000,423346,422792,0,422792,83477500,423537,423347,0,423347,70500,555,7872.34,true
83477500,423537,423347,0,423347,83511600,423688,423538,0,423538,34100,191,5601.17,true
83511600,423688,423538,0,423538,83541700,423839,423689,0,423689,30100,151,5016.61,false
83541700,423839,423689,0,423689,83571800,423990,423840,0,423840,30100,151,5016.61,false
83571800,423990,423840,0,423840,83601900,424141,423991,0,423991,30100,151,5016.61,false
83601900,424141,423991,0,423991,83632000,424292,424142,0,424142,30100,151,5016.61,false
83632000,424292,424142,0,424142,83662100,424443,424293,0,424293,30100,151,5016.61,false
83662100,424443,424293,0,424293,83692200,424594,424444,0,424444,30100,151,5016.61,false
83692200,424594,424444,0,424444,83722300,424745,424595,0,424595,30100,151,5016.61,false
83722300,424745,424595,0,424595,83752400,424896,424746,0,424746,30100,151,5016.61,false
83752400,424896,424746,0,424746,83782500,425047,424897,0,424897,30100,151,5016.61,false
83782500,425047,424897,0,424897,83812600,425198,425048,0,425048,30100,151,5016.61,false
83812600,425198,425048,0,425048,83842700,425349,425199,0,425199,30100,151,5016.61,false
83842700,425349,425199,0,425199,83872800,425500,425350,0,425350,30100,151,5016.61,false
83872800,425500,425350,0,425350,83902900,425651,425501,0,425501,30100,151,5016.61,false
83902900,425651,425501,0,425501,83933000,425802,425652,0,425652,30100,151,5016.61,false
83933000,425802,425652,0,425652,84003200,425953,425803,0,425803,70200,151,2151.00,false
84003200,425953,425803,0,425803,84073400,426104,425954,0,425954,70200,151,2151.00,false
84073400,426104,425954,0,425954,84107700,426255,426105,0,426105,34300,151,4402.33,false
84107700,426255,426105,0,426105,84137800,426406,426256,0,426256,30100,151,5016.61,false
84137800,426406,426256,0,426256,84167900,426557,426407,0,426407,30100,151,5016.61,false
84167900,426557,426407,0,426407,84198000,426708,426558,0,426558,30100,151,5016.61,false
84198000,426708,426558,0,426558,84228100,426859,426709,0,426709,30100,151,5016.61,false
84228100,426859,426709,0,426709,84258200,427010,426860,0,426860,30100,151,5016.61,false
84258200,427010,426860,0,426860,84288300,427161,427011,0,427011,30100,151,5016.61,false
84288300,427161,427011,0,427011,84318400,427312,427162,0,427162,30100,151,5016.61,false
84318400,427312,427162,0,427162,84348500,427463,427313,0,427313,30100,151,5016.61,false
84348500,427463,427313,0,427313,84378600,427614,427464,0,427464,30100,151,5016.61,false
84378600,427614,427464,0,427464,84408700,427765,427615,0,427615,30100,151,5016.61,false
84408700,427765,427615,0,427615,84438800,427916,427766,0,427766,30100,151,5016.61,false
84438800,427916,427766,0,427766,84468900,428067,427917,0,427917,30100,151,5016.61,false
84468900,428067,427917,0,427917,84499000,428218,428068,0,428068,30100,151,5016.61,false
84499000,428218,428068,0,428068,84529100,428369,428219,0,428219,30100,151,5016.61,false
84529100,428369,428219,0,428219,84559200,428520,428370,0,428370,30100,151,5016.61,false
84559200,428520,428370,0,428370,84589300,428671,428521,0,428521,30100,151,5016.61,false
84589300,428671,428521,0,428521,84619400,428822,428672,0,428672,30100,151,5016.61,false
84619400,428822,428672,0,428672,84649500,428973,428823,0,428823,30100,151,5016.61,false
84649500,428973,428823,0,428823,84679600,429124,428974,0,428974,30100,151,5016.61,false
84679600,429124,428974,0,428974,84709700,429275,429125,0,429125,30100,151,5016.61,false
84709700,429275,429125,0,429125,84739800,429426,429276,0,429276,30100,151,5016.61,false
84739800,429426,429276,0,429276,84769900,429577,429427,0,429427,30100,151,5016.61,false
84769900,429577,429427,0,429427,84800000,429728,429578,0,429578,30100,151,5016.61,false
84800000,429728,429578,0,429578,84830100,429879,429729,0,429729,30100,151,5016.61,false
84830100,429879,429729,0,429729,84860200,430030,429880,0,429880,30100,151,5016.61,false
84860200,430030,429880,0,429880,84890300,430181,430031,0,430031,30100,151,5016.61,false
84890300,430181,430031,0,430031,84920400,430332,430182,0,430182,30100,151,5016.61,false
84920400,430332,430182,0,430182,84950500,430483,430333,0,430333,30100,151,5016.61,false
84950500,430483,430333,0,430333,84980600,430634,430484,0,430484,30100,151,5016.61,false
84980600,430634,430484,0,430484,85010700,430785,430635,0,430635,30100,151,5016.61,false
85010700,430785,430635,0,430635,85040800,430936,430786,0,430786,30100,151,5016.61,false
85040800,430936,430786,0,430786,85070900,431087,430937,0,430937,30100,151,5016.61,false
85070900,431087,430937,0,430937,85101000,431238,431088,0,431088,30100,151,5016.61,false
85101000,431238,431088,0,431088,85131100,431389,431239,0,431239,30100,151,5016.61,false
85131100,431389,431239,0,431239,85161200,431540,431390,0,431390,30100,151,5016.61,false
85161200,431540,431390,0,431390,85191300,431691,431541,0,431541,30100,151,5016.61,false
85191300,431691,431541,0,431541,85221400,431842,431692,0,431692,30100,151,5016.61,false
85221400,431842,431692,0,431692,85251500,431993,431843,0,431843,30100,151,5016.61,false
85251500,431993,431843,0,431843,85281600,432144,431994,0,431994,30100,151,5016.61,false
85281600,432144,431994,0,431994,85311700,432295,432145,0,432145,30100,151,5016.61,false
85311700,432295,432145,0,432145,85341800,432446,432296,0,432296,30100,151,5016.61,false
85341800,432446,432296,0,432296,85371900,432597,432447,0,432447,30100,151,5016.61,false
85371900,432597,432447,0,432447,85402000,432748,432598,0,432598,30100,151,5016.61,false
85402000,432748,432598,0,432598,85432100,432899,432749,0,432749,30100,151,5016.61,false
85432100,432899,432749,0,432749,85462200,433050,432900,0,432900,30100,151,5016.61,false
85462200,433050,432900,0,432900,85492300,433201,433051,0,433051,30100,151,5016.61,false
85492300,433201,433051,0,433051,85522400,433352,433202,0,433202,30100,151,5016.61,false
85522400,433352,433202,0,433202,85552500,433503,433353,0,433353,30100,151,5016.61,false
85552500,433503,433353,0,433353,85582600,433654,433504,0,433504,30100,151,5016.61,false
85582600,433654,433504,0,433504,85612700,433805,433655,0,433655,30100,151,5016.61,false
85612700,433805,433655,0,433655,85642800,433956,433806,0,433806,30100,151,5016.61,false
85642800,433956,433806,0,433806,85672900,434107,433957,0,433957,30100,151,5016.61,false
85672900,434107,433957,0,433957,85703000,434258,434108,0,434108,30100,151,5016.61,false
85703000,434258,434108,0,434108,85733100,434409,434259,0,434259,30100,151,5016.61,false
85733100,434409,434259,0,434259,85763200,434560,434410,0,434410,30100,151,5016.61,false
85763200,434560,434410,0,434410,85793300,434711,434561,0,434561,30100,151,5016.61,false
85793300,434711,434561,0,434561,85823400,434862,434712,0,434712,30100,151,5016.61,false
85823400,434862,434712,0,434712,85853500,435013,434863,0,434863,30100,151,5016.61,false
85853500,435013,434863,0,434863,85883600,435164,435014,0,435014,30100,151,5016.61,false
85883600,435164,435014,0,435014,85913700,435315,435165,0,435165,30100,151,5016.61,false
85913700,435315,435165,0,435165,85943800,435466,435316,0,435316,30100,151,5016.61,false
85943800,435466,435316,0,435316,85973900,435617,435467,0,435467,30100,151,5016.61,false
85973900,435617,435467,0,435467,86004000,435768,435618,0,435618,30100,151,5016.61,false
86004000,435768,435618,0,435618,86034100,435919,435769,0,435769,30100,151,5016.61,false
86034100,435919,435769,0,435769,86064200,436070,435920,0,435920,30100,151,5016.61,false
86064200,436070,435920,0,435920,86094300,436221,436071,0,436071,30100,151,5016.61,false
86094300,436221,436071,0,436071,86124400,436372,436222,0,436222,30100,151,5016.61,false
86124400,436372,436222,0,436222,86154500,436523,436373,0,436373,30100,151,5016.61,false
86154500,436523,436373,0,436373,86184600,436674,436524,0,436524,30100,151,5016.61,false
86184600,436674,436524,0,436524,86214700,436825,436675,0,436675,30100,151,5016.61,false
86214700,436825,436675,0,436675,86244800,436976,436826,0,436826,30100,151,5016.61,false
86244800,436976,436826,0,436826,86274900,437127,436977,0,436977,30100,151,5016.61,false
86274900,437127,436977,0,436977,86305000,437278,437128,0,437128,30100,151,5016.61,false
86305000,437278,437128,0,437128,86335100,437429,437279,0,437279,30100,151,5016.61,false
86335100,437429,437279,0,437279,86365200,437580,437430,0,437430,30100,151,5016.61,false
86365200,437580,437430,0,437430,86395300,437731,437581,0,437581,30100,151,5016.61,false
86395300,437731,437581,0,437581,86425400,437882,437732,0,437732,30100,151,5016.61,false
86425400,437882,437732,0,437732,86455500,438033,437883,0,437883,30100,151,5016.61,false
86455500,438033,437883,0,437883,86485600,438184,438034,0,438034,30100,151,5016.61,false
86485600,438184,438034,0,438034,86515700,438335,438185,0,438185,30100,151,5016.61,false
86515700,438335,438185,0,438185,86545800,438486,438336,0,438336,30100,151,5016.61,false
86545800,438486,438336,0,438336,86575900,438637,438487,0,438487,30100,151,5016.61,false
86575900,438637,438487,0,438487,86606000,438788,438638,0,438638,30100,151,5016.61,false
86606000,438788,438638,0,438638,86636100,438939,438789,0,438789,30100,151,5016.61,false
86636100,438939,438789,0,438789,86666200,439090,438940,0,438940,30100,151,5016.61,false
86666200,439090,438940,0,438940,86696300,439241,439091,0,439091,30100,151,5016.61,false
86696300,439241,439091,0,439091,86726400,439392,439242,0,439242,30100,151,5016.61,false
86726400,439392,439242,0,439242,86756500,439543,439393,0,439393,30100,151,5016.61,false
86756600,439544,439394,0,439394,86786700,439695,439545,0,439545,30100,151,5016.61,false
86786700,439695,439545,0,439545,86816800,439846,439696,0,439696,30100,151,5016.61,false
86816800,439846,439696,0,439696,86846900,439997,439847,0,439847,30100,151,5016.61,false
86846900,439997,439847,0,439847,86877000,440148,439998,0,439998,30100,151,5016.61,false
86877000,440148,439998,0,439998,86907100,440299,440149,0,440149,30100,151,5016.61,false
86907100,440299,440149,0,440149,86937200,440450,440300,0,440300,30100,151,5016.61,false
86937200,440450,440300,0,440300,86967300,440601,440451,0,440451,30100,151,5016.61,false
86967300,440601,440451,0,440451,86997400,440752,440602,0,440602,30100,151,5016.61,false
86997400,440752,440602,0,440602,87027500,440903,440753,0,440753,30100,151,5016.61,false
87027500,440903,440753,0,440753,87057600,441054,440904,0,440904,30100,151,5016.61,false
87057600,441054,440904,0,440904,87087700,441205,441055,0,441055,30100,151,5016.61,false
87087700,441205,441055,0,441055,87117800,441356,441206,0,441206,30100,151,5016.61,false
87117800,441356,441206,0,441206,87147900,441911,441357,0,441357,30100,151,5016.61,true
87147900,441911,441357,0,441357,87218400,442466,441912,0,441912,70500,555,7872.34,true
87218400,442466,441912,0,441912,87288900,442657,442467,0,442467,70500,555,7872.34,true
87288900,442657,442467,0,442467,87323000,442808,442658,0,442658,34100,191,5601.17,true
87323000,442808,442658,0,442658,87353100,442959,442809,0,442809,30100,151,5016.61,false
87353100,442959,442809,0,442809,87383200,443110,442960,0,442960,30100,151,5016.61,false
87383200,443110,442960,0,442960,87413300,443261,443111,0,443111,30100,151,5016.61,false
87413300,443261,443111,0,443111,87443400,443412,443262,0,443262,30100,151,5016.61,false
87443400,443412,443262,0,443262,87473500,443563,443413,0,443413,30100,151,5016.61,false
87473500,443563,443413,0,443413,87503600,443714,443564,0,443564,30100,151,5016.61,false
87503600,443714,443564,0,443564,87533700,443865,443715,0,443715,30100,151,5016.61,false
87533700,443865,443715,0,443715,87563800,444016,443866,0,443866,30100,151,5016.61,false
87563800,444016,443866,0,443866,87593900,444167,444017,0,444017,30100,151,5016.61,false
87593900,444167,444017,0,444017,87624000,444318,444168,0,444168,30100,151,5016.61,false
87624000,444318,444168,0,444168,87654100,444469,444319,0,444319,30100,151,5016.61,false
87654100,444469,444319,0,444319,87684200,444620,444470,0,444470,30100,151,5016.61,false
87684200,444620,444470,0,444470,87714300,444771,444621,0,444621,30100,151,5016.61,false
87714300,444771,444621,0,444621,87744400,444922,444772,0,444772,30100,151,5016.61,false
87744400,444922,444772,0,444772,87814600,445073,444923,0,444923,70200,151,2151.00,false
87814600,445073,444923,0,444923,87884800,445224,445074,0,445074,70200,151,2151.00,false
87884800,445224,445074,0,445074,87919100,445375,445225,0,445225,34300,151,4402.33,false
87919100,445375,445225,0,445225,87949200,445526,445376,0,445376,30100,151,5016.61,false
87949200,445526,445376,0,445376,87979300,445677,445527,0,445527,30100,151,5016.61,false
87979300,445677,445527,0,445527,88009400,445828,445678,0,445678,30100,151,5016.61,false
88009400,445828,445678,0,445678,88039500,445979,445829,0,445829,30100,151,5016.61,false
88039500,445979,445829,0,445829,88069600,446130,445980,0,445980,30100,151,5016.61,false
88069600,446130,445980,0,445980,88099700,446281,446131,0,446131,30100,151,5016.61,false
88099700,446281,446131,0,446131,88129800,446432,446282,0,446282,30100,151,5016.61,false
88129800,446432,446282,0,446282,88159900,446583,446433,0,446433,30100,151,5016.61,false
88159900,446583,446433,0,446433,88190000,446734,446584,0,446584,30100,151,5016.61,false
88190000,446734,446584,0,446584,88220100,446885,446735,0,446735,30100,151,5016.61,false
88220100,446885,446735,0,446735,88250200,447036,446886,0,446886,30100,151,5016.61,false
88250200,447036,446886,0,446886,88280300,447187,447037,0,447037,30100,151,5016.61,false
88280300,447187,447037,0,447037,88310400,447338,447188,0,447188,30100,151,5016.61,false
88310400,447338,447188,0,447188,88340500,447489,447339,0,447339,30100,151,5016.61,false
88340500,447489,447339,0,447339,88370600,447640,447490,0,447490,30100,151,5016.61,false
88370600,447640,447490,0,447490,88400700,447791,447641,0,447641,30100,151,5016.61,false
88400700,447791,447641,0,447641,88430800,447942,447792,0,447792,30100,151,5016.61,false
88430800,447942,447792,0,447792,88460900,448093,447943,0,447943,30100,151,5016.61,false
88460900,448093,447943,0,447943,88491000,448244,448094,0,448094,30100,151,5016.61,false
88491000,448244,448094,0,448094,88521100,448395,448245,0,448245,30100,151,5016.61,false
88521100,448395,448245,0,448245,88551200,448546,448396,0,448396,30100,151,5016.61,false
88551200,448546,448396,0,448396,88581300,448697,448547,0,448547,30100,151,5016.61,false
88581300,448697,448547,0,448547,88611400,448848,448698,0,448698,30100,151,5016.61,false
88611400,448848,448698,0,448698,88641500,448999,448849,0,448849,30100,151,5016.61,false
88641500,448999,448849,0,448849,88671600,449150,449000,0,449000,30100,151,5016.61,false
88671600,449150,449000,0,449000,88701700,449301,449151,0,449151,30100,151,5016.61,false
88701700,449301,449151,0,449151,88731800,449452,449302,0,449302,30100,151,5016.61,false
88731800,449452,449302,0,449302,88761900,449603,449453,0,449453,30100,151,5016.61,false
88761900,449603,449453,0,449453,88792000,449754,449604,0,449604,30100,151,5016.61,false
88792000,449754,449604,0,449604,88822100,449905,449755,0,449755,30100,151,5016.61,false
88822100,449905,449755,0,449755,88852200,450056,449906,0,449906,30100,151,5016.61,false
88852200,450056,449906,0,449906,88882300,450207,450057,0,450057,30100,151,5016.61,false
88882300,450207,450057,0,450057,88912400,450358,450208,0,450208,30100,151,5016.61,false
88912400,450358,450208,0,450208,88942500,450509,450359,0,450359,30100,151,5016.61,false
88942500,450509,450359,0,450359,88972600,450660,450510,0,450510,30100,151,5016.61,false
88972600,450660,450510,0,450510,89002700,450811,450661,0,450661,30100,151,5016.61,false
89002700,450811,450661,0,450661,89032800,450962,450812,0,450812,30100,151,5016.61,false
89032800,450962,450812,0,450812,89062900,451113,450963,0,450963,30100,151,5016.61,false
89062900,451113,450963,0,450963,89093000,451264,451114,0,451114,30100,151,5016.61,false
89093000,451264,451114,0,451114,89123100,451415,451265,0,451265,30100,151,5016.61,false
89123100,451415,451265,0,451265,89153200,451566,451416,0,451416,30100,151,5016.61,false
89153200,451566,451416,0,451416,89183300,451717,451567,0,451567,30100,151,5016.61,false
89183300,451717,451567,0,451567,89213400,451868,451718,0,451718,30100,151,5016.61,false
89213400,451868,451718,0,451718,89243500,452019,451869,0,451869,30100,151,5016.61,false
89243500,452019,451869,0,451869,89273600,452170,452020,0,452020,30100,151,5016.61,false
89273600,452170,452020,0,452020,89303700,452321,452171,0,452171,30100,151,5016.61,false
89303700,452321,452171,0,452171,89333800,452472,452322,0,452322,30100,151,5016.61,false
89333800,452472,452322,0,452322,89363900,452623,452473,0,452473,30100,151,5016.61,false
89363900,452623,452473,0,452473,89394000,452774,452624,0,452624,30100,151,5016.61,false
89394000,452774,452624,0,452624,89424100,452925,452775,0,452775,30100,151,5016.61,false
89424100,452925,452775,0,452775,89454200,453076,452926,0,452926,30100,151,5016.61,false
89454200,453076,452926,0,452926,89484300,453227,453077,0,453077,30100,151,5016.61,false
89484300,453227,453077,0,453077,89514400,453378,453228,0,453228,30100,151,5016.61,false
89514400,453378,453228,0,453228,89544500,453529,453379,0,453379,30100,151,5016.61,false
89544500,453529,453379,0,453379,89574600,453680,453530,0,453530,30100,151,5016.61,false
89574600,453680,453530,0,453530,89604700,453831,453681,0,453681,30100,151,5016.61,false
89604700,453831,453681,0,453681,89634800,453982,453832,0,453832,30100,151,5016.61,false
89634800,453982,453832,0,453832,89664900,454133,453983,0,453983,30100,151,5016.61,false
89664900,454133,453983,0,453983,89695000,454284,454134,0,454134,30100,151,5016.61,false
89695000,454284,454134,0,454134,89725100,454435,454285,0,454285,30100,151,5016.61,false
89725100,454435,454285,0,454285,89755200,454586,454436,0,454436,30100,151,5016.61,false
89755200,454586,454436,0,454436,89785300,454737,454587,0,454587,30100,151,5016.61,false
89785300,454737,454587,0,454587,89815400,454888,454738,0,454738,30100,151,5016.61,false
89815400,454888,454738,0,454738,89845500,455039,454889,0,454889,30100,151,5016.61,false
89845500,455039,454889,0,454889,89875600,455190,455040,0,455040,30100,151,5016.61,false
89875600,455190,455040,0,455040,89905700,455341,455191,0,455191,30100,151,5016.61,false
89905700,455341,455191,0,455191,89935800,455492,455342,0,455342,30100,151,5016.61,false
89935800,455492,455342,0,455342,89965900,455643,455493,0,455493,30100,151,5016.61,false
89965900,455643,455493,0,455493,89996000,455794,455644,0,455644,30100,151,5016.61,false
89996000,455794,455644,0,455644,90026100,455945,455795,0,455795,30100,151,5016.61,false
90026100,455945,455795,0,455795,90056200,456096,455946,0,455946,30100,151,5016.61,false
90056200,456096,455946,0,455946,90086300,456247,456097,0,456097,30100,151,5016.61,false
90086300,456247,456097,0,456097,90116400,456398,456248,0,456248,30100,151,5016.61,false
90116400,456398,456248,0,456248,90146500,456549,456399,0,456399,30100,151,5016.61,false
90146500,456549,456399,0,456399,90176600,456700,456550,0,456550,30100,151,5016.61,false
90176600,456700,456550,0,456550,90206700,456851,456701,0,456701,30100,151,5016.61,false
90206700,456851,456701,0,456701,90236800,457002,456852,0,456852,30100,151,5016.61,false
90236800,457002,456852,0,456852,90266900,457153,457003,0,457003,30100,151,5016.61,false
90266900,457153,457003,0,457003,90297000,457304,457154,0,457154,30100,151,5016.61,false
90297000,457304,457154,0,457154,90327100,457455,457305,0,457305,30100,151,5016.61,false
90327100,457455,457305,0,457305,90357200,457606,457456,0,457456,30100,151,5016.61,false
90357200,457606,457456,0,457456,90387300,457757,457607,0,457607,30100,151,5016.61,false
90387300,457757,457607,0,457607,90417400,457908,457758,0,457758,30100,151,5016.61,false
90417400,457908,457758,0,457758,90447500,458059,457909,0,457909,30100,151,5016.61,false
90447500,458059,457909,0,457909,90477600,458210,458060,0,458060,30100,151,5016.61,false
90477600,458210,458060,0,458060,90507700,458361,458211,0,458211,30100,151,5016.61,false
90507700,458361,458211,0,458211,90537800,458512,458362,0,458362,30100,151,5016.61,false
90537800,458512,458362,0,458362,90567900,458663,458513,0,458513,30100,151,5016.61,false
90568000,458664,458514,0,458514,90598100,458815,458665,0,458665,30100,151,5016.61,false
90598100,458815,458665,0,458665,90628200,458966,458816,0,458816,30100,151,5016.61,false
90628200,458966,458816,0,458816,90658300,459117,458967,0,458967,30100,151,5016.61,false
90658300,459117,458967,0,458967,90688400,459268,459118,0,459118,30100,151,5016.61,false
90688400,459268,459118,0,459118,90718500,459419,459269,0,459269,30100,151,5016.61,false
90718500,459419,459269,0,459269,90748600,459570,459420,0,459420,30100,151,5016.61,false
90748600,459570,459420,0,459420,90778700,459721,459571,0,459571,30100,151,5016.61,false
90778700,459721,459571,0,459571,90808800,459872,459722,0,459722,30100,151,5016.61,false
90808800,459872,459722,0,459722,90838900,460023,459873,0,459873,30100,151,5016.61,false
90838900,460023,459873,0,459873,90869000,460174,460024,0,460024,30100,151,5016.61,false
90869000,460174,460024,0,460024,90899100,460325,460175,0,460175,30100,151,5016.61,false
90899100,460325,460175,0,460175,90929200,460476,460326,0,460326,30100,151,5016.61,false
90929200,460476,460326,0,460326,90959300,461031,460477,0,460477,30100,151,5016.61,true
90959300,461031,460477,0,460477,91029800,461586,461032,0,461032,70500,555,7872.34,true
91029800,461586,461032,0,461032,91100300,461777,461587,0,461587,70500,555,7872.34,true
91100300,461777,461587,0,461587,91134400,461928,461778,0,461778,34100,191,5601.17,true
91134400,461928,461778,0,461778,91164500,462079,461929,0,461929,30100,151,5016.61,false
91164500,462079,461929,0,461929,91194600,462230,462080,0,462080,30100,151,5016.61,false
91194600,462230,462080,0,462080,91224700,462381,462231,0,462231,30100,151,5016.61,false
91224700,462381,462231,0,462231,91254800,462532,462382,0,462382,30100,151,5016.61,false
91254800,462532,462382,0,462382,91284900,462683,462533,0,462533,30100,151,5016.61,false
91284900,462683,462533,0,462533,91315000,462834,462684,0,462684,30100,151,5016.61,false
91315000,462834,462684,0,462684,91345100,462985,462835,0,462835,30100,151,5016.61,false
91345100,462985,462835,0,462835,91375200,463136,462986,0,462986,30100,151,5016.61,false
91375200,463136,462986,0,462986,91405300,463287,463137,0,463137,30100,151,5016.61,false
91405300,463287,463137,0,463137,91435400,463438,463288,0,463288,30100,151,5016.61,false
91435400,463438,463288,0,463288,91465500,463589,463439,0,463439,30100,151,5016.61,false
91465500,463589,463439,0,463439,91495600,463740,463590,0,463590,30100,151,5016.61,false
91495600,463740,463590,0,463590,91525700,463891,463741,0,463741,30100,151,5016.61,false
91525700,463891,463741,0,463741,91555800,464042,463892,0,463892,30100,151,5016.61,false
91555800,464042,463892,0,463892,91626000,464193,464043,0,464043,70200,151,2151.00,false
91626000,464193,464043,0,464043,91696200,464344,464194,0,464194,70200,151,2151.00,false
91696200,464344,464194,0,464194,91730500,464495,464345,0,464345,34300,151,4402.33,false
91730500,464495,464345,0,464345,91760600,464646,464496,0,464496,30100,151,5016.61,false
91760600,464646,464496,0,464496,91790700,464797,464647,0,464647,30100,151,5016.61,false
91790700,464797,464647,0,464647,91820800,464948,464798,0,464798,30100,151,5016.61,false
91820800,464948,464798,0,464798,91850900,465099,464949,0,464949,30100,151,5016.61,false
91850900,465099,464949,0,464949,91881000,465250,465100,0,465100,30100,151,5016.61,false
91881000,465250,465100,0,465100,91911100,465401,465251,0,465251,30100,151,5016.61,false
91911100,465401,465251,0,465251,91941200,465552,465402,0,465402,30100,151,5016.61,false
91941200,465552,465402,0,465402,91971300,465703,465553,0,465553,30100,151,5016.61,false
91971300,465703,465553,0,465553,92001400,465854,465704,0,465704,30100,151,5016.61,false
92001400,465854,465704,0,465704,92031500,466005,465855,0,465855,30100,151,5016.61,false
92031500,466005,465855,0,465855,92061600,466156,466006,0,466006,30100,151,5016.61,false
92061600,466156,466006,0,466006,92091700,466307,466157,0,466157,30100,151,5016.61,false
92091700,466307,466157,0,466157,92121800,466458,466308,0,466308,30100,151,5016.61,false
92121800,466458,466308,0,466308,92151900,466609,466459,0,466459,30100,151,5016.61,false
92151900,466609,466459,0,466459,92182000,466760,466610,0,466610,30100,151,5016.61,false
92182000,466760,466610,0,466610,92212100,466911,466761,0,466761,30100,151,5016.61,false
92212100,466911,466761,0,466761,92242200,467062,466912,0,466912,30100,151,5016.61,false
92242200,467062,466912,0,466912,92272300,467213,467063,0,467063,30100,151,5016.61,false
92272300,467213,467063,0,467063,92302400,467364,467214,0,467214,30100,151,5016.61,false
92302400,467364,467214,0,467214,92332500,467515,467365,0,467365,30100,151,5016.61,false
92332500,467515,467365,0,467365,92362600,467666,467516,0,467516,30100,151,5016.61,false
92362600,467666,467516,0,467516,92392700,467817,467667,0,467667,30100,151,5016.61,false
92392700,467817,467667,0,467667,92422800,467968,467818,0,467818,30100,151,5016.61,false
92422800,467968,467818,0,467818,92452900,468119,467969,0,467969,30100,151,5016.61,false
92452900,468119,467969,0,467969,92483000,468270,468120,0,468120,30100,151,5016.61,false
92483000,468270,468120,0,468120,92513100,468421,468271,0,468271,30100,151,5016.61,false
92513100,468421,468271,0,468271,92543200,468572,468422,0,468422,30100,151,5016.61,false
92543200,468572,468422,0,468422,92573300,468723,468573,0,468573,30100,151,5016.61,false
92573300,468723,468573,0,468573,92603400,468874,468724,0,468724,30100,151,5016.61,false
92603400,468874,468724,0,468724,92633500,469025,468875,0,468875,30100,151,5016.61,false
92633500,469025,468875,0,468875,92663600,469176,469026,0,469026,30100,151,5016.61,false
92663600,469176,469026,0,469026,92693700,469327,469177,0,469177,30100,151,5016.61,false
92693700,469327,469177,0,469177,92723800,469478,469328,0,469328,30100,151,5016.61,false
92723800,469478,469328,0,469328,92753900,469629,469479,0,469479,30100,151,5016.61,false
92753900,469629,469479,0,469479,92784000,469780,469630,0,469630,30100,151,5016.61,false
92784000,469780,469630,0,469630,92814100,469931,469781,0,469781,30100,151,5016.61,false
92814100,469931,469781,0,469781,92844200,470082,469932,0,469932,30100,151,5016.61,false
92844200,470082,469932,0,469932,92874300,470233,470083,0,470083,30100,151,5016.61,false
92874300,470233,470083,0,470083,92904400,470384,470234,0,470234,30100,151,5016.61,false
92904400,470384,470234,0,470234,92934500,470535,470385,0,470385,30100,151,5016.61,false
92934500,470535,470385,0,470385,92964600,470686,470536,0,470536,30100,151,5016.61,false
92964600,470686,470536,0,470536,92994700,470837,470687,0,470687,30100,151,5016.61,false
92994700,470837,470687,0,470687,93024800,470988,470838,0,470838,30100,151,5016.61,false
93024800,470988,470838,0,470838,93054900,471139,470989,0,470989,30100,151,5016.61,false
93054900,471139,470989,0,470989,93085000,471290,471140,0,471140,30100,151,5016.61,false
93085000,471290,471140,0,471140,93115100,471441,471291,0,471291,30100,151,5016.61,false
93115100,471441,471291,0,471291,93145200,471592,471442,0,471442,30100,151,5016.61,false
93145200,471592,471442,0,471442,93175300,471743,471593,0,471593,30100,151,5016.61,false
93175300,471743,471593,0,471593,93205400,471894,471744,0,471744,30100,151,5016.61,false
93205400,471894,471744,0,471744,93235500,472045,471895,0,471895,30100,151,5016.61,false
93235500,472045,471895,0,471895,93265600,472196,472046,0,472046,30100,151,5016.61,false
93265600,472196,472046,0,472046,93295700,472347,472197,0,472197,30100,151,5016.61,false
93295700,472347,472197,0,472197,93325800,472498,472348,0,472348,30100,151,5016.61,false
93325800,472498,472348,0,472348,93355900,472649,472499,0,472499,30100,151,5016.61,false
93355900,472649,472499,0,472499,93386000,472800,472650,0,472650,30100,151,5016.61,false
93386000,472800,472650,0,472650,93416100,472951,472801,0,472801,30100,151,5016.61,false
93416100,472951,472801,0,472801,93446200,473102,472952,0,472952,30100,151,5016.61,false
93446200,473102,472952,0,472952,93476300,473253,473103,0,473103,30100,151,5016.61,false
93476300,473253,473103,0,473103,93506400,473404,473254,0,473254,30100,151,5016.61,false
93506400,473404,473254,0,473254,93536500,473555,473405,0,473405,30100,151,5016.61,false
93536500,473555,473405,0,473405,93566600,473706,473556,0,473556,30100,151,5016.61,false
93566600,473706,473556,0,473556,93596700,473857,473707,0,473707,30100,151,5016.61,false
93596700,473857,473707,0,473707,93626800,474008,473858,0,473858,30100,151,5016.61,false
93626800,474008,473858,0,473858,93656900,474159,474009,0,474009,30100,151,5016.61,false
93656900,474159,474009,0,474009,93687000,474310,474160,0,474160,30100,151,5016.61,false
93687000,474310,474160,0,474160,93717100,474461,474311,0,474311,30100,151,5016.61,false
93717100,474461,474311,0,474311,93747200,474612,474462,0,474462,30100,151,5016.61,false
93747200,474612,474462,0,474462,93777300,474763,474613,0,474613,30100,151,5016.61,false
93777300,474763,474613,0,474613,93807400,474914,474764,0,474764,30100,151,5016.61,false
93807400,474914,474764,0,474764,93837500,475065,474915,0,474915,30100,151,5016.61,false
93837500,475065,474915,0,474915,93867600,475216,475066,0,475066,30100,151,5016.61,false
93867600,475216,475066,0,475066,93897700,475367,475217,0,475217,30100,151,5016.61,false
93897700,475367,475217,0,475217,93927800,475518,475368,0,475368,30100,151,5016.61,false
93927800,475518,475368,0,475368,93957900,475669,475519,0,475519,30100,151,5016.61,false
93957900,475669,475519,0,475519,93988000,475820,475670,0,475670,30100,151,5016.61,false
93988000,475820,475670,0,475670,94018100,475971,475821,0,475821,30100,151,5016.61,false
94018100,475971,475821,0,475821,94048200,476122,475972,0,475972,30100,151,5016.61,false
94048200,476122,475972,0,475972,94078300,476273,476123,0,476123,30100,151,5016.61,false
94078300,476273,476123,0,476123,94108400,476424,476274,0,476274,30100,151,5016.61,false
94108400,476424,476274,0,476274,94138500,476575,476425,0,476425,30100,151,5016.61,false
94138500,476575,476425,0,476425,94168600,476726,476576,0,476576,30100,151,5016.61,false
94168600,476726,476576,0,476576,94198700,476877,476727,0,476727,30100,151,5016.61,false
94198700,476877,476727,0,476727,94228800,477028,476878,0,476878,30100,151,5016.61,false
94228800,477028,476878,0,476878,94258900,477179,477029,0,477029,30100,151,5016.61,false
94258900,477179,477029,0,477029,94289000,477330,477180,0,477180,30100,151,5016.61,false
94289000,477330,477180,0,477180,94319100,477481,477331,0,477331,30100,151,5016.61,false
94319100,477481,477331,0,477331,94349200,477632,477482,0,477482,30100,151,5016.61,false
94349200,477632,477482,0,477482,94379300,477783,477633,0,477633,30100,151,5016.61,false
94379400,477784,477634,0,477634,94409500,477935,477785,0,477785,30100,151,5016.61,false
94409500,477935,477785,0,477785,94439600,478086,477936,0,477936,30100,151,5016.61,false
94439600,478086,477936,0,477936,94469700,478237,478087,0,478087,30100,151,5016.61,false
94469700,478237,478087,0,478087,94499800,478388,478238,0,478238,30100,151,5016.61,false
94499800,478388,478238,0,478238,94529900,478539,478389,0,478389,30100,151,5016.61,false
94529900,478539,478389,0,478389,94560000,478690,478540,0,478540,30100,151,5016.61,false
94560000,478690,478540,0,478540,94590100,478841,478691,0,478691,30100,151,5016.61,false
94590100,478841,478691,0,478691,94620200,478992,478842,0,478842,30100,151,5016.61,false
94620200,478992,478842,0,478842,94650300,479143,478993,0,478993,30100,151,5016.61,false
94650300,479143,478993,0,478993,94680400,479294,479144,0,479144,30100,151,5016.61,false
94680400,479294,479144,0,479144,94710500,479445,479295,0,479295,30100,151,5016.61,false
94710500,479445,479295,0,479295,94740600,479596,479446,0,479446,30100,151,5016.61,false
94740600,479596,479446,0,479446,94770700,480151,479597,0,479597,30100,151,5016.61,true
94770700,480151,479597,0,479597,94841200,480706,480152,0,480152,70500,555,7872.34,true
94841200,480706,480152,0,480152,94911700,480897,480707,0,480707,70500,555,7872.34,true
94911700,480897,480707,0,480707,94945800,481048,480898,0,480898,34100,191,5601.17,true
94945800,481048,480898,0,480898,94975900,481199,481049,0,481049,30100,151,5016.61,false
94975900,481199,481049,0,481049,95006000,481350,481200,0,481200,30100,151,5016.61,false
95006000,481350,481200,0,481200,95036100,481501,481351,0,481351,30100,151,5016.61,false
95036100,481501,481351,0,481351,95066200,481652,481502,0,481502,30100,151,5016.61,false
95066200,481652,481502,0,481502,95096300,481803,481653,0,481653,30100,151,5016.61,false
95096300,481803,481653,0,481653,95126400,481954,481804,0,481804,30100,151,5016.61,false
95126400,481954,481804,0,481804,95156500,482105,481955,0,481955,30100,151,5016.61,false
95156500,482105,481955,0,481955,95186600,482256,482106,0,482106,30100,151,5016.61,false
95186600,482256,482106,0,482106,95216700,482407,482257,0,482257,30100,151,5016.61,false
95216700,482407,482257,0,482257,95246800,482558,482408,0,482408,30100,151,5016.61,false
95246800,482558,482408,0,482408,95276900,482709,482559,0,482559,30100,151,5016.61,false
95276900,482709,482559,0,482559,95307000,482860,482710,0,482710,30100,151,5016.61,false
95307000,482860,482710,0,482710,95337100,483011,482861,0,482861,30100,151,5016.61,false
95337100,483011,482861,0,482861,95367200,483162,483012,0,483012,30100,151,5016.61,false
95367200,483162,483012,0,483012,95437400,483313,483163,0,483163,70200,151,2151.00,false
95437400,483313,483163,0,483163,95507600,483464,483314,0,483314,70200,151,2151.00,false
95507600,483464,483314,0,483314,95541900,483615,483465,0,483465,34300,151,4402.33,false
95541900,483615,483465,0,483465,95572000,483766,483616,0,483616,30100,151,5016.61,false
95572000,483766,483616,0,483616,95602100,483917,483767,0,483767,30100,151,5016.61,false
95602100,483917,483767,0,483767,95632200,484068,483918,0,483918,30100,151,5016.61,false
95632200,484068,483918,0,483918,95662300,484219,484069,0,484069,30100,151,5016.61,false
95662300,484219,484069,0,484069,95692400,484370,484220,0,484220,30100,151,5016.61,false
95692400,484370,484220,0,484220,95722500,484521,484371,0,484371,30100,151,5016.61,false
95722500,484521,484371,0,484371,95752600,484672,484522,0,484522,30100,151,5016.61,false
95752600,484672,484522,0,484522,95782700,484823,484673,0,484673,30100,151,5016.61,false
95782700,484823,484673,0,484673,95812800,484974,484824,0,484824,30100,151,5016.61,false
95812800,484974,484824,0,484824,95842900,485125,484975,0,484975,30100,151,5016.61,false
95842900,485125,484975,0,484975,95873000,485276,485126,0,485126,30100,151,5016.61,false
95873000,485276,485126,0,485126,95903100,485427,485277,0,485277,30100,151,5016.61,false
95903100,485427,485277,0,485277,95933200,485578,485428,0,485428,30100,151,5016.61,false
95933200,485578,485428,0,485428,95963300,485729,485579,0,485579,30100,151,5016.61,false
95963300,485729,485579,0,485579,95993400,485880,485730,0,485730,30100,151,5016.61,false
95993400,485880,485730,0,485730,96023500,486031,485881,0,485881,30100,151,5016.61,false
96023500,486031,485881,0,485881,96053600,486182,486032,0,486032,30100,151,5016.61,false
96053600,486182,486032,0,486032,96083700,486333,486183,0,486183,30100,151,5016.61,false
96083700,486333,486183,0,486183,96113800,486484,486334,0,486334,30100,151,5016.61,false
96113800,486484,486334,0,486334,96143900,486635,486485,0,486485,30100,151,5016.61,false
96143900,486635,486485,0,486485,96174000,486786,486636,0,486636,30100,151,5016.61,false
96174000,486786,486636,0,486636,96204100,486937,486787,0,486787,30100,151,5016.61,false
96204100,486937,486787,0,486787,96234200,487088,486938,0,486938,30100,151,5016.61,false
96234200,487088,486938,0,486938,96264300,487239,487089,0,487089,30100,151,5016.61,false
96264300,487239,487089,0,487089,96294400,487390,487240,0,487240,30100,151,5016.61,false
96294400,487390,487240,0,487240,96324500,487541,487391,0,487391,30100,151,5016.61,false
96324500,487541,487391,0,487391,96354600,487692,487542,0,487542,30100,151,5016.61,false
96354600,487692,487542,0,487542,96384700,487843,487693,0,487693,30100,151,5016.61,false
96384700,487843,487693,0,487693,96414800,487994,487844,0,487844,30100,151,5016.61,false
96414800,487994,487844,0,487844,96444900,488145,487995,0,487995,30100,151,5016.61,false
96444900,488145,487995,0,487995,96475000,488296,488146,0,488146,30100,151,5016.61,false
96475000,488296,488146,0,488146,96505100,488447,488297,0,488297,30100,151,5016.61,false
96505100,488447,488297,0,488297,96535200,488598,488448,0,488448,30100,151,5016.61,false
96535200,488598,488448,0,488448,96565300,488749,488599,0,488599,30100,151,5016.61,false
96565300,488749,488599,0,488599,96595400,488900,488750,0,488750,30100,151,5016.61,false
96595400,488900,488750,0,488750,96625500,489051,488901,0,488901,30100,151,5016.61,false
96625500,489051,488901,0,488901,96655600,489202,489052,0,489052,30100,151,5016.61,false
96655600,489202,489052,0,489052,96685700,489353,489203,0,489203,30100,151,5016.61,false
96685700,489353,489203,0,489203,96715800,489504,489354,0,489354,30100,151,5016.61,false
96715800,489504,489354,0,489354,96745900,489655,489505,0,489505,30100,151,5016.61,false
96745900,489655,489505,0,489505,96776000,489806,489656,0,489656,30100,151,5016.61,false
96776000,489806,489656,0,489656,96806100,489957,489807,0,489807,30100,151,5016.61,false
96806100,489957,489807,0,489807,96836200,490108,489958,0,489958,30100,151,5016.61,false
96836200,490108,489958,0,489958,96866300,490259,490109,0,490109,30100,151,5016.61,false
96866300,490259,490109,0,490109,96896400,490410,490260,0,490260,30100,151,5016.61,false
96896400,490410,490260,0,490260,96926500,490561,490411,0,490411,30100,151,5016.61,false
96926500,490561,490411,0,490411,96956600,490712,490562,0,490562,30100,151,5016.61,false
96956600,490712,490562,0,490562,96986700,490863,490713,0,490713,30100,151,5016.61,false
96986700,490863,490713,0,490713,97016800,491014,490864,0,490864,30100,151,5016.61,false
97016800,491014,490864,0,490864,97046900,491165,491015,0,491015,30100,151,5016.61,false
97046900,491165,491015,0,491015,97077000,491316,491166,0,491166,30100,151,5016.61,false
97077000,491316,491166,0,491166,97107100,491467,491317,0,491317,30100,151,5016.61,false
97107100,491467,491317,0,491317,97137200,491618,491468,0,491468,30100,151,5016.61,false
97137200,491618,491468,0,491468,97167300,491769,491619,0,491619,30100,151,5016.61,false
97167300,491769,491619,0,491619,97197400,491920,491770,0,491770,30100,151,5016.61,false
97197400,491920,491770,0,491770,97227500,492071,491921,0,491921,30100,151,5016.61,false
97227500,492071,491921,0,491921,97257600,492222,492072,0,492072,30100,151,5016.61,false
97257600,492222,492072,0,492072,97287700,492373,492223,0,492223,30100,151,5016.61,false
97287700,492373,492223,0,492223,97317800,492524,492374,0,492374,30100,151,5016.61,false
97317800,492524,492374,0,492374,97347900,492675,492525,0,492525,30100,151,5016.61,false
97347900,492675,492525,0,492525,97378000,492826,492676,0,492676,30100,151,5016.61,false
97378000,492826,492676,0,492676,97408100,492977,492827,0,492827,30100,151,5016.61,false
97408100,492977,492827,0,492827,97438200,493128,492978,0,492978,30100,151,5016.61,false
97438200,493128,492978,0,492978,97468300,493279,493129,0,493129,30100,151,5016.61,false
97468300,493279,493129,0,493129,97498400,493430,493280,0,493280,30100,151,5016.61,false
97498400,493430,493280,0,493280,97528500,493581,493431,0,493431,30100,151,5016.61,false
97528500,493581,493431,0,493431,97558600,493732,493582,0,493582,30100,151,5016.61,false
97558600,493732,493582,0,493582,97588700,493883,493733,0,493733,30100,151,5016.61,false
97588700,493883,493733,0,493733,97618800,494034,493884,0,493884,30100,151,5016.61,false
97618800,494034,493884,0,493884,97648900,494185,494035,0,494035,30100,151,5016.61,false
97648900,494185,494035,0,494035,97679000,494336,494186,0,494186,30100,151,5016.61,false
97679000,494336,494186,0,494186,97709100,494487,494337,0,494337,30100,151,5016.61,false
97709100,494487,494337,0,494337,97739200,494638,494488,0,494488,30100,151,5016.61,false
97739200,494638,494488,0,494488,97769300,494789,494639,0,494639,30100,151,5016.61,false
97769300,494789,494639,0,494639,97799400,494940,494790,0,494790,30100,151,5016.61,false
97799400,494940,494790,0,494790,97829500,495091,494941,0,494941,30100,151,5016.61,false
97829500,495091,494941,0,494941,97859600,495242,495092,0,495092,30100,151,5016.61,false
97859600,495242,495092,0,495092,97889700,495393,495243,0,495243,30100,151,5016.61,false
97889700,495393,495243,0,495243,97919800,495544,495394,0,495394,30100,151,5016.61,false
97919800,495544,495394,0,495394,97949900,495695,495545,0,495545,30100,151,5016.61,false
97949900,495695,495545,0,495545,97980000,495846,495696,0,495696,30100,151,5016.61,false
97980000,495846,495696,0,495696,98010100,495997,495847,0,495847,30100,151,5016.61,false
98010100,495997,495847,0,495847,98040200,496148,495998,0,495998,30100,151,5016.61,false
98040200,496148,495998,0,495998,98070300,496299,496149,0,496149,30100,151,5016.61,false
98070300,496299,496149,0,496149,98100400,496450,496300,0,496300,30100,151,5016.61,false
98100400,496450,496300,0,496300,98130500,496601,496451,0,496451,30100,151,5016.61,false
98130500,496601,496451,0,496451,98160600,496752,496602,0,496602,30100,151,5016.61,false
98160600,496752,496602,0,496602,98190700,496903,496753,0,496753,30100,151,5016.61,false
98190800,496904,496754,0,496754,98220900,497055,496905,0,496905,30100,151,5016.61,false
98220900,497055,496905,0,496905,98251000,497206,497056,0,497056,30100,151,5016.61,false
98251000,497206,497056,0,497056,98281100,497357,497207,0,497207,30100,151,5016.61,false
98281100,497357,497207,0,497207,98311200,497508,497358,0,497358,30100,151,5016.61,false
98311200,497508,497358,0,497358,98341300,497659,497509,0,497509,30100,151,5016.61,false
98341300,497659,497509,0,497509,98371400,497810,497660,0,497660,30100,151,5016.61,false
98371400,497810,497660,0,497660,98401500,497961,497811,0,497811,30100,151,5016.61,false
98401500,497961,497811,0,497811,98431600,498112,497962,0,497962,30100,151,5016.61,false
98431600,498112,497962,0,497962,98461700,498263,498113,0,498113,30100,151,5016.61,false
98461700,498263,498113,0,498113,98491800,498414,498264,0,498264,30100,151,5016.61,false
98491800,498414,498264,0,498264,98521900,498565,498415,0,498415,30100,151,5016.61,false
98521900,498565,498415,0,498415,98552000,498716,498566,0,498566,30100,151,5016.61,false
98552000,498716,498566,0,498566,98582100,499271,498717,0,498717,30100,151,5016.61,true
98582100,499271,498717,0,498717,98652600,499826,499272,0,499272,70500,555,7872.34,true
98652600,499826,499272,0,499272,98723100,500017,499827,0,499827,70500,555,7872.34,true
98723100,500017,499827,0,499827,98757200,500168,500018,0,500018,34100,191,5601.17,true
98757200,500168,500018,0,500018,98787300,500319,500169,0,500169,30100,151,5016.61,false
98787300,500319,500169,0,500169,98817400,500470,500320,0,500320,30100,151,5016.61,false
98817400,500470,500320,0,500320,98847500,500621,500471,0,500471,30100,151,5016.61,false
98847500,500621,500471,0,500471,98877600,500772,500622,0,500622,30100,151,5016.61,false
98877600,500772,500622,0,500622,98907700,500923,500773,0,500773,30100,151,5016.61,false
98907700,500923,500773,0,500773,98937800,501074,500924,0,500924,30100,151,5016.61,false
98937800,501074,500924,0,500924,98967900,501225,501075,0,501075,30100,151,5016.61,false
98967900,501225,501075,0,501075,98998000,501376,501226,0,501226,30100,151,5016.61,false
98998000,501376,501226,0,501226,99028100,501527,501377,0,501377,30100,151,5016.61,false
99028100,501527,501377,0,501377,99058200,501678,501528,0,501528,30100,151,5016.61,false
99058200,501678,501528,0,501528,99088300,501829,501679,0,501679,30100,151,5016.61,false
99088300,501829,501679,0,501679,99118400,501980,501830,0,501830,30100,151,5016.61,false
99118400,501980,501830,0,501830,99148500,502131,501981,0,501981,30100,151,5016.61,false
99148500,502131,501981,0,501981,99178600,502282,502132,0,502132,30100,151,5016.61,false
99178600,502282,502132,0,502132,99248800,502433,502283,0,502283,70200,151,2151.00,false
99248800,502433,502283,0,502283,99319000,502584,502434,0,502434,70200,151,2151.00,false
99319000,502584,502434,0,502434,99353300,502735,502585,0,502585,34300,151,4402.33,false
99353300,502735,502585,0,502585,99383400,502886,502736,0,502736,30100,151,5016.61,false
99383400,502886,502736,0,502736,99413500,503037,502887,0,502887,30100,151,5016.61,false
99413500,503037,502887,0,502887,99443600,503188,503038,0,503038,30100,151,5016.61,false
99443600,503188,503038,0,503038,99473700,503339,503189,0,503189,30100,151,5016.61,false
99473700,503339,503189,0,503189,99503800,503490,503340,0,503340,30100,151,5016.61,false
99503800,503490,503340,0,503340,99533900,503641,503491,0,503491,30100,151,5016.61,false
99533900,503641,503491,0,503491,99564000,503792,503642,0,503642,30100,151,5016.61,false
99564000,503792,503642,0,503642,99594100,503943,503793,0,503793,30100,151,5016.61,false
99594100,503943,503793,0,503793,99624200,504094,503944,0,503944,30100,151,5016.61,false
99624200,504094,503944,0,503944,99654300,504245,504095,0,504095,30100,151,5016.61,false
99654300,504245,504095,0,504095,99684400,504396,504246,0,504246,30100,151,5016.61,false
99684400,504396,504246,0,504246,99714500,504547,504397,0,504397,30100,151,5016.61,false
99714500,504547,504397,0,504397,99744600,504698,504548,0,504548,30100,151,5016.61,false
99744600,504698,504548,0,504548,99774700,504849,504699,0,504699,30100,151,5016.61,false
99774700,504849,504699,0,504699,99804800,505000,504850,0,504850,30100,151,5016.61,false
99804800,505000,504850,0,504850,99834900,505151,505001,0,505001,30100,151,5016.61,false
99834900,505151,505001,0,505001,99865000,505302,505152,0,505152,30100,151,5016.61,false
99865000,505302,505152,0,505152,99895100,505453,505303,0,505303,30100,151,5016.61,false
99895100,505453,505303,0,505303,99925200,505604,505454,0,505454,30100,151,5016.61,false
99925200,505604,505454,0,505454,99955300,505755,505605,0,505605,30100,151,5016.61,false
99955300,505755,505605,0,505605,99985400,505906,505756,0,505756,30100,151,5016.61,false
99985400,505906,505756,0,505756,100015500,506057,505907,0,505907,30100,151,5016.61,false
100015500,506057,505907,0,505907,100045600,506208,506058,0,506058,30100,151,5016.61,false
100045600,506208,506058,0,506058,100075700,506359,506209,0,506209,30100,151,5016.61,false
100075700,506359,506209,0,506209,100105800,506510,506360,0,506360,30100,151,5016.61,false
100105800,506510,506360,0,506360,100135900,506661,506511,0,506511,30100,151,5016.61,false
100135900,506661,506511,0,506511,100166000,506812,506662,0,506662,30100,151,5016.61,false
100166000,506812,506662,0,506662,100196100,506963,506813,0,506813,30100,151,5016.61,false
100196100,506963,506813,0,506813,100226200,507114,506964,0,506964,30100,151,5016.61,false
100226200,507114,506964,0,506964,100256300,507265,507115,0,507115,30100,151,5016.61,false
100256300,507265,507115,0,507115,100286400,507416,507266,0,507266,30100,151,5016.61,false
100286400,507416,507266,0,507266,100316500,507567,507417,0,507417,30100,151,5016.61,false
100316500,507567,507417,0,507417,100346600,507718,507568,0,507568,30100,151,5016.61,false
100346600,507718,507568,0,507568,100376700,507869,507719,0,507719,30100,151,5016.61,false
100376700,507869,507719,0,507719,100406800,508020,507870,0,507870,30100,151,5016.61,false
100406800,508020,507870,0,507870,100436900,508171,508021,0,508021,30100,151,5016.61,false
100436900,508171,508021,0,508021,100467000,508322,508172,0,508172,30100,151,5016.61,false
100467000,508322,508172,0,508172,100497100,508473,508323,0,508323,30100,151,5016.61,false
100497100,508473,508323,0,508323,100527200,508624,508474,0,508474,30100,151,5016.61,false
100527200,508624,508474,0,508474,100557300,508775,508625,0,508625,30100,151,5016.61,false
100557300,508775,508625,0,508625,100587400,508926,508776,0,508776,30100,151,5016.61,false
100587400,508926,508776,0,508776,100617500,509077,508927,0,508927,30100,151,5016.61,false
100617500,509077,508927,0,508927,100647600,509228,509078,0,509078,30100,151,5016.61,false
100647600,509228,509078,0,509078,100677700,509379,509229,0,509229,30100,151,5016.61,false
100677700,509379,509229,0,509229,100707800,509530,509380,0,509380,30100,151,5016.61,false
100707800,509530,509380,0,509380,100737900,509681,509531,0,509531,30100,151,5016.61,false
100737900,509681,509531,0,509531,100768000,509832,509682,0,509682,30100,151,5016.61,false
100768000,509832,509682,0,509682,100798100,509983,509833,0,509833,30100,151,5016.61,false
100798100,509983,509833,0,509833,100828200,510134,509984,0,509984,30100,151,5016.61,false
100828200,510134,509984,0,509984,100858300,510285,510135,0,510135,30100,151,5016.61,false
100858300,510285,510135,0,510135,100888400,510436,510286,0,510286,30100,151,5016.61,false
100888400,510436,510286,0,510286,100918500,510587,510437,0,510437,30100,151,5016.61,false
100918500,510587,510437,0,510437,100948600,510738,510588,0,510588,30100,151,5016.61,false
100948600,510738,510588,0,510588,100978700,510889,510739,0,510739,30100,151,5016.61,false
100978700,510889,510739,0,510739,101008800,511040,510890,0,510890,30100,151,5016.61,false
101008800,511040,510890,0,510890,101038900,511191,511041,0,511041,30100,151,5016.61,false
101038900,511191,511041,0,511041,101069000,511342,511192,0,511192,30100,151,5016.61,false
101069000,511342,511192,0,511192,101099100,511493,511343,0,511343,30100,151,5016.61,false
101099100,511493,511343,0,511343,101129200,511644,511494,0,511494,30100,151,5016.61,false
101129200,511644,511494,0,511494,101159300,511795,511645,0,511645,30100,151,5016.61,false
101159300,511795,511645,0,511645,101189400,511946,511796,0,511796,30100,151,5016.61,false
101189400,511946,511796,0,511796,101219500,512097,511947,0,511947,30100,151,5016.61,false
101219500,512097,511947,0,511947,101249600,512248,512098,0,512098,30100,151,5016.61,false
101249600,512248,512098,0,512098,101279700,512399,512249,0,512249,30100,151,5016.61,false
101279700,512399,512249,0,512249,101309800,512550,512400,0,512400,30100,151,5016.61,false
101309800,512550,512400,0,512400,101339900,512701,512551,0,512551,30100,151,5016.61,false
101339900,512701,512551,0,512551,101370000,512852,512702,0,512702,30100,151,5016.61,false
101370000,512852,512702,0,512702,101400100,513003,512853,0,512853,30100,151,5016.61,false
101400100,513003,512853,0,512853,101430200,513154,513004,0,513004,30100,151,5016.61,false
101430200,513154,513004,0,513004,101460300,513305,513155,0,513155,30100,151,5016.61,false
101460300,513305,513155,0,513155,101490400,513456,513306,0,513306,30100,151,5016.61,false
101490400,513456,513306,0,513306,101520500,513607,513457,0,513457,30100,151,5016.61,false
101520500,513607,513457,0,513457,101550600,513758,513608,0,513608,30100,151,5016.61,false
101550600,513758,513608,0,513608,101580700,513909,513759,0,513759,30100,151,5016.61,false
101580700,513909,513759,0,513759,101610800,514060,513910,0,513910,30100,151,5016.61,false
101610800,514060,513910,0,513910,101640900,514211,514061,0,514061,30100,151,5016.61,false
101640900,514211,514061,0,514061,101671000,514362,514212,0,514212,30100,151,5016.61,false
101671000,514362,514212,0,514212,101701100,514513,514363,0,514363,30100,151,5016.61,false
101701100,514513,514363,0,514363,101731200,514664,514514,0,514514,30100,151,5016.61,false
101731200,514664,514514,0,514514,101761300,514815,514665,0,514665,30100,151,5016.61,false
101761300,514815,514665,0,514665,101791400,514966,514816,0,514816,30100,151,5016.61,false
101791400,514966,514816,0,514816,101821500,515117,514967,0,514967,30100,151,5016.61,false
101821500,515117,514967,0,514967,101851600,515268,515118,0,515118,30100,151,5016.61,false
101851600,515268,515118,0,515118,101881700,515419,515269,0,515269,30100,151,5016.61,false
101881700,515419,515269,0,515269,101911800,515570,515420,0,515420,30100,151,5016.61,false
101911800,515570,515420,0,515420,101941900,515721,515571,0,515571,30100,151,5016.61,false
101941900,515721,515571,0,515571,101972000,515872,515722,0,515722,30100,151,5016.61,false
101972000,515872,515722,0,515722,102002100,516023,515873,0,515873,30100,151,5016.61,false
102002200,516024,515874,0,515874,102032300,516175,516025,0,516025,30100,151,5016.61,false
102032300,516175,516025,0,516025,102062400,516326,516176,0,516176,30100,151,5016.61,false
102062400,516326,516176,0,516176,102092500,516477,516327,0,516327,30100,151,5016.61,false
102092500,516477,516327,0,516327,102122600,516628,516478,0,516478,30100,151,5016.61,false
102122600,516628,516478,0,516478,102152700,516779,516629,0,516629,30100,151,5016.61,false
102152700,516779,516629,0,516629,102182800,516930,516780,0,516780,30100,151,5016.61,false
102182800,516930,516780,0,516780,102212900,517081,516931,0,516931,30100,151,5016.61,false
102212900,517081,516931,0,516931,102243000,517232,517082,0,517082,30100,151,5016.61,false
102243000,517232,517082,0,517082,102273100,517383,517233,0,517233,30100,151,5016.61,false
102273100,517383,517233,0,517233,102303200,517534,517384,0,517384,30100,151,5016.61,false
102303200,517534,517384,0,517384,102333300,517685,517535,0,517535,30100,151,5016.61,false
102333300,517685,517535,0,517535,102363400,517836,517686,0,517686,30100,151,5016.61,false
102363400,517836,517686,0,517686,102393500,518391,517837,0,517837,30100,151,5016.61,true
102393500,518391,517837,0,517837,102464000,518946,518392,0,518392,70500,555,7872.34,true
102464000,518946,518392,0,518392,102534500,519137,518947,0,518947,70500,555,7872.34,true
102534500,519137,518947,0,518947,102568600,519288,519138,0,519138,34100,191,5601.17,true
102568600,519288,519138,0,519138,102598700,519439,519289,0,519289,30100,151,5016.61,false
102598700,519439,519289,0,519289,102628800,519590,519440,0,519440,30100,151,5016.61,false
102628800,519590,519440,0,519440,102658900,519741,519591,0,519591,30100,151,5016.61,false
102658900,519741,519591,0,519591,102689000,519892,519742,0,519742,30100,151,5016.61,false
102689000,519892,519742,0,519742,102719100,520043,519893,0,519893,30100,151,5016.61,false
102719100,520043,519893,0,519893,102749200,520194,520044,0,520044,30100,151,5016.61,false
102749200,520194,520044,0,520044,102779300,520345,520195,0,520195,30100,151,5016.61,false
102779300,520345,520195,0,520195,102809400,520496,520346,0,520346,30100,151,5016.61,false
102809400,520496,520346,0,520346,102839500,520647,520497,0,520497,30100,151,5016.61,false
102839500,520647,520497,0,520497,102869600,520798,520648,0,520648,30100,151,5016.61,false
102869600,520798,520648,0,520648,102899700,520949,520799,0,520799,30100,151,5016.61,false
102899700,520949,520799,0,520799,102929800,521100,520950,0,520950,30100,151,5016.61,false
102929800,521100,520950,0,520950,102959900,521251,521101,0,521101,30100,151,5016.61,false
102959900,521251,521101,0,521101,102990000,521402,521252,0,521252,30100,151,5016.61,false
102990000,521402,521252,0,521252,103060200,521553,521403,0,521403,70200,151,2151.00,false
103060200,521553,521403,0,521403,103130400,521704,521554,0,521554,70200,151,2151.00,false
103130400,521704,521554,0,521554,103164700,521855,521705,0,521705,34300,151,4402.33,false
103164700,521855,521705,0,521705,103194800,522006,521856,0,521856,30100,151,5016.61,false
103194800,522006,521856,0,521856,103224900,522157,522007,0,522007,30100,151,5016.61,false
103224900,522157,522007,0,522007,103255000,522308,522158,0,522158,30100,151,5016.61,false
103255000,522308,522158,0,522158,103285100,522459,522309,0,522309,30100,151,5016.61,false
103285100,522459,522309,0,522309,103315200,522610,522460,0,522460,30100,151,5016.61,false
103315200,522610,522460,0,522460,103345300,522761,522611,0,522611,30100,151,5016.61,false
103345300,522761,522611,0,522611,103375400,522912,522762,0,522762,30100,151,5016.61,false
103375400,522912,522762,0,522762,103405500,523063,522913,0,522913,30100,151,5016.61,false
103405500,523063,522913,0,522913,103435600,523214,523064,0,523064,30100,151,5016.61,false
103435600,523214,523064,0,523064,103465700,523365,523215,0,523215,30100,151,5016.61,false
103465700,523365,523215,0,523215,103495800,523516,523366,0,523366,30100,151,5016.61,false
103495800,523516,523366,0,523366,103525900,523667,523517,0,523517,30100,151,5016.61,false
103525900,523667,523517,0,523517,103556000,523818,523668,0,523668,30100,151,5016.61,false
103556000,523818,523668,0,523668,103586100,523969,523819,0,523819,30100,151,5016.61,false
103586100,523969,523819,0,523819,103616200,524120,523970,0,523970,30100,151,5016.61,false
103616200,524120,523970,0,523970,103646300,524271,524121,0,524121,30100,151,5016.61,false
103646300,524271,524121,0,524121,103676400,524422,524272,0,524272,30100,151,5016.61,false
103676400,524422,524272,0,524272,103706500,524573,524423,0,524423,30100,151,5016.61,false
103706500,524573,524423,0,524423,103736600,524724,524574,0,524574,30100,151,5016.61,false
103736600,524724,524574,0,524574,103766700,524875,524725,0,524725,30100,151,5016.61,false
103766700,524875,524725,0,524725,103796800,525026,524876,0,524876,30100,151,5016.61,false
103796800,525026,524876,0,524876,103826900,525177,525027,0,525027,30100,151,5016.61,false
103826900,525177,525027,0,525027,103857000,525328,525178,0,525178,30100,151,5016.61,false
103857000,525328,525178,0,525178,103887100,525479,525329,0,525329,30100,151,5016.61,false
103887100,525479,525329,0,525329,103917200,525630,525480,0,525480,30100,151,5016.61,false
103917200,525630,525480,0,525480,103947300,525781,525631,0,525631,30100,151,5016.61,false
103947300,525781,525631,0,525631,103977400,525932,525782,0,525782,30100,151,5016.61,false
103977400,525932,525782,0,525782,104007500,526083,525933,0,525933,30100,151,5016.61,false
104007500,526083,525933,0,525933,104037600,526234,526084,0,526084,30100,151,5016.61,false
104037600,526234,526084,0,526084,104067700,526385,526235,0,526235,30100,151,5016.61,false
104067700,526385,526235,0,526235,104097800,526536,526386,0,526386,30100,151,5016.61,false
104097800,526536,526386,0,526386,104127900,526687,526537,0,526537,30100,151,5016.61,false
104127900,526687,526537,0,526537,104158000,526838,526688,0,526688,30100,151,5016.61,false
104158000,526838,526688,0,526688,104188100,526989,526839,0,526839,30100,151,5016.61,false
104188100,526989,526839,0,526839,104218200,527140,526990,0,526990,30100,151,5016.61,false
104218200,527140,526990,0,526990,104248300,527291,527141,0,527141,30100,151,5016.61,false
104248300,527291,527141,0,527141,104278400,527442,527292,0,527292,30100,151,5016.61,false
104278400,527442,527292,0,527292,104308500,527593,527443,0,527443,30100,151,5016.61,false
104308500,527593,527443,0,527443,104338600,527744,527594,0,527594,30100,151,5016.61,false
104338600,527744,527594,0,527594,104368700,527895,527745,0,527745,30100,151,5016.61,false
104368700,527895,527745,0,527745,104398800,528046,527896,0,527896,30100,151,5016.61,false
104398800,528046,527896,0,527896,104428900,528197,528047,0,528047,30100,151,5016.61,false
104428900,528197,528047,0,528047,104459000,528348,528198,0,528198,30100,151,5016.61,false
104459000,528348,528198,0,528198,104489100,528499,528349,0,528349,30100,151,5016.61,false
104489100,528499,528349,0,528349,104519200,528650,528500,0,528500,30100,151,5016.61,false
104519200,528650,528500,0,528500,104549300,528801,528651,0,528651,30100,151,5016.61,false
104549300,528801,528651,0,528651,104579400,528952,528802,0,528802,30100,151,5016.61,false
104579400,528952,528802,0,528802,104609500,529103,528953,0,528953,30100,151,5016.61,false
104609500,529103,528953,0,528953,104639600,529254,529104,0,529104,30100,151,5016.61,false
104639600,529254,529104,0,529104,104669700,529405,529255,0,529255,30100,151,5016.61,false
104669700,529405,529255,0,529255,104699800,529556,529406,0,529406,30100,151,5016.61,false
104699800,529556,529406,0,529406,104729900,529707,529557,0,529557,30100,151,5016.61,false
104729900,529707,529557,0,529557,104760000,529858,529708,0,529708,30100,151,5016.61,false
104760000,529858,529708,0,529708,104790100,530009,529859,0,529859,30100,151,5016.61,false
104790100,530009,529859,0,529859,104820200,530160,530010,0,530010,30100,151,5016.61,false
104820200,530160,530010,0,530010,104850300,530311,530161,0,530161,30100,151,5016.61,false
104850300,530311,530161,0,530161,104880400,530462,530312,0,530312,30100,151,5016.61,false
104880400,530462,530312,0,530312,104910500,530613,530463,0,530463,30100,151,5016.61,false
104910500,530613,530463,0,530463,104940600,530764,530614,0,530614,30100,151,5016.61,false
104940600,530764,530614,0,530614,104970700,530915,530765,0,530765,30100,151,5016.61,false
104970700,530915,530765,0,530765,105000800,531066,530916,0,530916,30100,151,5016.61,false
105000800,531066,530916,0,530916,105030900,531217,531067,0,531067,30100,151,5016.61,false
105030900,531217,531067,0,531067,105061000,531368,531218,0,531218,30100,151,5016.61,false
105061000,531368,531218,0,531218,105091100,531519,531369,0,531369,30100,151,5016.61,false
105091100,531519,531369,0,531369,105121200,531670,531520,0,531520,30100,151,5016.61,false
105121200,531670,531520,0,531520,105151300,531821,531671,0,531671,30100,151,5016.61,false
105151300,531821,531671,0,531671,105181400,531972,531822,0,531822,30100,151,5016.61,false
105181400,531972,531822,0,531822,105211500,532123,531973,0,531973,30100,151,5016.61,false
105211500,532123,531973,0,531973,105241600,532274,532124,0,532124,30100,151,5016.61,false
105241600,532274,532124,0,532124,105271700,532425,532275,0,532275,30100,151,5016.61,false
105271700,532425,532275,0,532275,105301800,532576,532426,0,532426,30100,151,5016.61,false
105301800,532576,532426,0,532426,105331900,532727,532577,0,532577,30100,151,5016.61,false
105331900,532727,532577,0,532577,105362000,532878,532728,0,532728,30100,151,5016.61,false
105362000,532878,532728,0,532728,105392100,533029,532879,0,532879,30100,151,5016.61,false
105392100,533029,532879,0,532879,105422200,533180,533030,0,533030,30100,151,5016.61,false
105422200,533180,533030,0,533030,105452300,533331,533181,0,533181,30100,151,5016.61,false
105452300,533331,533181,0,533181,105482400,533482,533332,0,533332,30100,151,5016.61,false
105482400,533482,533332,0,533332,105512500,533633,533483,0,533483,30100,151,5016.61,false
105512500,533633,533483,0,533483,105542600,533784,533634,0,533634,30100,151,5016.61,false
105542600,533784,533634,0,533634,105572700,533935,533785,0,533785,30100,151,5016.61,false
105572700,533935,533785,0,533785,105602800,534086,533936,0,533936,30100,151,5016.61,false
105602800,534086,533936,0,533936,105632900,534237,534087,0,534087,30100,151,5016.61,false
105632900,534237,534087,0,534087,105663000,534388,534238,0,534238,30100,151,5016.61,false
105663000,534388,534238,0,534238,105693100,534539,534389,0,534389,30100,151,5016.61,false
105693100,534539,534389,0,534389,105723200,534690,534540,0,534540,30100,151,5016.61,false
105723200,534690,534540,0,534540,105753300,534841,534691,0,534691,30100,151,5016.61,false
105753300,534841,534691,0,534691,105783400,534992,534842,0,534842,30100,151,5016.61,false
105783400,534992,534842,0,534842,105813500,535143,534993,0,534993,30100,151,5016.61,false
105813600,535144,534994,0,534994,105843700,535295,535145,0,535145,30100,151,5016.61,false
105843700,535295,535145,0,535145,105873800,535446,535296,0,535296,30100,151,5016.61,false
105873800,535446,535296,0,535296,105903900,535597,535447,0,535447,30100,151,5016.61,false
105903900,535597,535447,0,535447,105934000,535748,535598,0,535598,30100,151,5016.61,false
105934000,535748,535598,0,535598,105964100,535899,535749,0,535749,30100,151,5016.61,false
105964100,535899,535749,0,535749,105994200,536050,535900,0,535900,30100,151,5016.61,false
105994200,536050,535900,0,535900,106024300,536201,536051,0,536051,30100,151,5016.61,false
106024300,536201,536051,0,536051,106054400,536352,536202,0,536202,30100,151,5016.61,false
106054400,536352,536202,0,536202,106084500,536503,536353,0,536353,30100,151,5016.61,false
106084500,536503,536353,0,536353,106114600,536654,536504,0,536504,30100,151,5016.61,false
106114600,536654,536504,0,536504,106144700,536805,536655,0,536655,30100,151,5016.61,false
106144700,536805,536655,0,536655,106174800,536956,536806,0,536806,30100,151,5016.61,false
106174800,536956,536806,0,536806,106204900,537511,536957,0,536957,30100,151,5016.61,true
106204900,537511,536957,0,536957,106275400,538066,537512,0,537512,70500,555,7872.34,true
106275400,538066,537512,0,537512,106345900,538257,538067,0,538067,70500,555,7872.34,true
106345900,538257,538067,0,538067,106380000,538408,538258,0,538258,34100,191,5601.17,true
106380000,538408,538258,0,538258,106410100,538559,538409,0,538409,30100,151,5016.61,false
106410100,538559,538409,0,538409,106440200,538710,538560,0,538560,30100,151,5016.61,false
106440200,538710,538560,0,538560,106470300,538861,538711,0,538711,30100,151,5016.61,false
106470300,538861,538711,0,538711,106500400,539012,538862,0,538862,30100,151,5016.61,false
106500400,539012,538862,0,538862,106530500,539163,539013,0,539013,30100,151,5016.61,false
106530500,539163,539013,0,539013,106560600,539314,539164,0,539164,30100,151,5016.61,false
106560600,539314,539164,0,539164,106590700,539465,539315,0,539315,30100,151,5016.61,false
106590700,539465,539315,0,539315,106620800,539616,539466,0,539466,30100,151,5016.61,false
106620800,539616,539466,0,539466,106650900,539767,539617,0,539617,30100,151,5016.61,false
106650900,539767,539617,0,539617,106681000,539918,539768,0,539768,30100,151,5016.61,false
106681000,539918,539768,0,539768,106711100,540069,539919,0,539919,30100,151,5016.61,false
106711100,540069,539919,0,539919,106741200,540220,540070,0,540070,30100,151,5016.61,false
106741200,540220,540070,0,540070,106771300,540371,540221,0,540221,30100,151,5016.61,false
106771300,540371,540221,0,540221,106801400,540522,540372,0,540372,30100,151,5016.61,false
106801400,540522,540372,0,540372,106871600,540673,540523,0,540523,70200,151,2151.00,false
106871600,540673,540523,0,540523,106941800,540824,540674,0,540674,70200,151,2151.00,false
106941800,540824,540674,0,540674,106976100,540975,540825,0,540825,34300,151,4402.33,false
106976100,540975,540825,0,540825,107006200,541126,540976,0,540976,30100,151,5016.61,false
107006200,541126,540976,0,540976,107036300,541277,541127,0,541127,30100,151,5016.61,false
107036300,541277,541127,0,541127,107066400,541428,541278,0,541278,30100,151,5016.61,false
107066400,541428,541278,0,541278,107096500,541579,541429,0,541429,30100,151,5016.61,false
107096500,541579,541429,0,541429,107126600,541730,541580,0,541580,30100,151,5016.61,false
107126600,541730,541580,0,541580,107156700,541881,541731,0,541731,30100,151,5016.61,false
107156700,541881,541731,0,541731,107186800,542032,541882,0,541882,30100,151,5016.61,false
107186800,542032,541882,0,541882,107216900,542183,542033,0,542033,30100,151,5016.61,false
107216900,542183,542033,0,542033,107247000,542334,542184,0,542184,30100,151,5016.61,false
107247000,542334,542184,0,542184,107277100,542485,542335,0,542335,30100,151,5016.61,false
107277100,542485,542335,0,542335,107307200,542636,542486,0,542486,30100,151,5016.61,false
107307200,542636,542486,0,542486,107337300,542787,542637,0,542637,30100,151,5016.61,false
107337300,542787,542637,0,542637,107367400,542938,542788,0,542788,30100,151,5016.61,false
107367400,542938,542788,0,542788,107397500,543089,542939,0,542939,30100,151,5016.61,false
107397500,543089,542939,0,542939,107427600,543240,543090,0,543090,30100,151,5016.61,false
107427600,543240,543090,0,543090,107457700,543391,543241,0,543241,30100,151,5016.61,false
107457700,543391,543241,0,543241,107487800,543542,543392,0,543392,30100,151,5016.61,false
107487800,543542,543392,0,543392,107517900,543693,543543,0,543543,30100,151,5016.61,false
107517900,543693,543543,0,543543,107548000,543844,543694,0,543694,30100,151,5016.61,false
107548000,543844,543694,0,543694,107578100,543995,543845,0,543845,30100,151,5016.61,false
107578100,543995,543845,0,543845,107608200,544146,543996,0,543996,30100,151,5016.61,false
107608200,544146,543996,0,543996,107638300,544297,544147,0,544147,30100,151,5016.61,false
107638300,544297,544147,0,544147,107668400,544448,544298,0,544298,30100,151,5016.61,false
107668400,544448,544298,0,544298,107698500,544599,544449,0,544449,30100,151,5016.61,false
107698500,544599,544449,0,544449,107728600,544750,544600,0,544600,30100,151,5016.61,false
107728600,544750,544600,0,544600,107758700,544901,544751,0,544751,30100,151,5016.61,false
107758700,544901,544751,0,544751,107788800,545052,544902,0,544902,30100,151,5016.61,false
107788800,545052,544902,0,544902,107818900,545203,545053,0,545053,30100,151,5016.61,false
107818900,545203,545053,0,545053,107849000,545354,545204,0,545204,30100,151,5016.61,false
107849000,545354,545204,0,545204,107879100,545505,545355,0,545355,30100,151,5016.61,false
107879100,545505,545355,0,545355,107909200,545656,545506,0,545506,30100,151,5016.61,false
107909200,545656,545506,0,545506,107939300,545807,545657,0,545657,30100,151,5016.61,false
107939300,545807,545657,0,545657,107969400,545958,545808,0,545808,30100,151,5016.61,false
107969400,545958,545808,0,545808,107999500,546109,545959,0,545959,30100,151,5016.61,false
107999500,546109,545959,0,545959,108029600,546260,546110,0,546110,30100,151,5016.61,false
108029600,546260,546110,0,546110,108059700,546411,546261,0,546261,30100,151,5016.61,false
108059700,546411,546261,0,546261,108089800,546562,546412,0,546412,30100,151,5016.61,false
108089800,546562,546412,0,546412,108119900,546713,546563,0,546563,30100,151,5016.61,false
108119900,546713,546563,0,546563,108150000,546864,546714,0,546714,30100,151,5016.61,false
108150000,546864,546714,0,546714,108180100,547015,546865,0,546865,30100,151,5016.61,false
108180100,547015,546865,0,546865,108210200,547166,547016,0,547016,30100,151,5016.61,false
108210200,547166,547016,0,547016,108240300,547317,547167,0,547167,30100,151,5016.61,false
108240300,547317,547167,0,547167,108270400,547468,547318,0,547318,30100,151,5016.61,false
108270400,547468,547318,0,547318,108300500,547619,547469,0,547469,30100,151,5016.61,false
108300500,547619,547469,0,547469,108330600,547770,547620,0,547620,30100,151,5016.61,false
108330600,547770,547620,0,547620,108360700,547921,547771,0,547771,30100,151,5016.61,false
108360700,547921,547771,0,547771,108390800,548072,547922,0,547922,30100,151,5016.61,false
108390800,548072,547922,0,547922,108420900,548223,548073,0,548073,30100,151,5016.61,false
108420900,548223,548073,0,548073,108451000,548374,548224,0,548224,30100,151,5016.61,false
108451000,548374,548224,0,548224,108481100,548525,548375,0,548375,30100,151,5016.61,false
108481100,548525,548375,0,548375,108511200,548676,548526,0,548526,30100,151,5016.61,false
108511200,548676,548526,0,548526,108541300,548827,548677,0,548677,30100,151,5016.61,false
108541300,548827,548677,0,548677,108571400,548978,548828,0,548828,30100,151,5016.61,false
108571400,548978,548828,0,548828,108601500,549129,548979,0,548979,30100,151,5016.61,false
108601500,549129,548979,0,548979,108631600,549280,549130,0,549130,30100,151,5016.61,false
108631600,549280,549130,0,549130,108661700,549431,549281,0,549281,30100,151,5016.61,false
108661700,549431,549281,0,549281,108691800,549582,549432,0,549432,30100,151,5016.61,false
108691800,549582,549432,0,549432,108721900,549733,549583,0,549583,30100,151,5016.61,false
108721900,549733,549583,0,549583,108752000,549884,549734,0,549734,30100,151,5016.61,false
108752000,549884,549734,0,549734,108782100,550035,549885,0,549885,30100,151,5016.61,false
108782100,550035,549885,0,549885,108812200,550186,550036,0,550036,30100,151,5016.61,false
108812200,550186,550036,0,550036,108842300,550337,550187,0,550187,30100,151,5016.61,false
108842300,550337,550187,0,550187,108872400,550488,550338,0,550338,30100,151,5016.61,false
108872400,550488,550338,0,550338,108902500,550639,550489,0,550489,30100,151,5016.61,false
108902500,550639,550489,0,550489,108932600,550790,550640,0,550640,30100,151,5016.61,false
108932600,550790,550640,0,550640,108962700,550941,550791,0,550791,30100,151,5016.61,false
108962700,550941,550791,0,550791,108992800,551092,550942,0,550942,30100,151,5016.61,false
108992800,551092,550942,0,550942,109022900,551243,551093,0,551093,30100,151,5016.61,false
109022900,551243,551093,0,551093,109053000,551394,551244,0,551244,30100,151,5016.61,false
109053000,551394,551244,0,551244,109083100,551545,551395,0,551395,30100,151,5016.61,false
109083100,551545,551395,0,551395,109113200,551696,551546,0,551546,30100,151,5016.61,false
109113200,551696,551546,0,551546,109143300,551847,551697,0,551697,30100,151,5016.61,false
109143300,551847,551697,0,551697,109173400,551998,551848,0,551848,30100,151,5016.61,false
109173400,551998,551848,0,551848,109203500,552149,551999,0,551999,30100,151,5016.61,false
109203500,552149,551999,0,551999,109233600,552300,552150,0,552150,30100,151,5016.61,false
109233600,552300,552150,0,552150,109263700,552451,552301,0,552301,30100,151,5016.61,false
109263700,552451,552301,0,552301,109293800,552602,552452,0,552452,30100,151,5016.61,false
109293800,552602,552452,0,552452,109323900,552753,552603,0,552603,30100,151,5016.61,false
109323900,552753,552603,0,552603,109354000,552904,552754,0,552754,30100,151,5016.61,false
109354000,552904,552754,0,552754,109384100,553055,552905,0,552905,30100,151,5016.61,false
109384100,553055,552905,0,552905,109414200,553206,553056,0,553056,30100,151,5016.61,false
109414200,553206,553056,0,553056,109444300,553357,553207,0,553207,30100,151,5016.61,false
109444300,553357,553207,0,553207,109474400,553508,553358,0,553358,30100,151,5016.61,false
109474400,553508,553358,0,553358,109504500,553659,553509,0,553509,30100,151,5016.61,false
109504500,553659,553509,0,553509,109534600,553810,553660,0,553660,30100,151,5016.61,false
109534600,553810,553660,0,553660,109564700,553961,553811,0,553811,30100,151,5016.61,false
109564700,553961,553811,0,553811,109594800,554112,553962,0,553962,30100,151,5016.61,false
109594800,554112,553962,0,553962,109624900,554263,554113,0,554113,30100,151,5016.61,false
109625000,554264,554114,0,554114,109655100,554415,554265,0,554265,30100,151,5016.61,false
109655100,554415,554265,0,554265,109685200,554566,554416,0,554416,30100,151,5016.61,false
109685200,554566,554416,0,554416,109715300,554717,554567,0,554567,30100,151,5016.61,false
109715300,554717,554567,0,554567,109745400,554868,554718,0,554718,30100,151,5016.61,false
109745400,554868,554718,0,554718,109775500,555019,554869,0,554869,30100,151,5016.61,false
109775500,555019,554869,0,554869,109805600,555170,555020,0,555020,30100,151,5016.61,false
109805600,555170,555020,0,555020,109835700,555321,555171,0,555171,30100,151,5016.61,false
109835700,555321,555171,0,555171,109865800,555472,555322,0,555322,30100,151,5016.61,false
109865800,555472,555322,0,555322,109895900,555623,555473,0,555473,30100,151,5016.61,false
109895900,555623,555473,0,555473,109926000,555774,555624,0,555624,30100,151,5016.61,false
109926000,555774,555624,0,555624,109956100,555925,555775,0,555775,30100,151,5016.61,false
109956100,555925,555775,0,555775,109986200,556076,555926,0,555926,30100,151,5016.61,false
109986200,556076,555926,0,555926,110016300,556631,556077,0,556077,30100,151,5016.61,true
110016300,556631,556077,0,556077,110086800,557186,556632,0,556632,70500,555,7872.34,true
110086800,557186,556632,0,556632,110157300,557377,557187,0,557187,70500,555,7872.34,true
110157300,557377,557187,0,557187,110191400,557528,557378,0,557378,34100,191,5601.17,true
110191400,557528,557378,0,557378,110221500,557679,557529,0,557529,30100,151,5016.61,false
110221500,557679,557529,0,557529,110251600,557830,557680,0,557680,30100,151,5016.61,false
110251600,557830,557680,0,557680,110281700,557981,557831,0,557831,30100,151,5016.61,false
110281700,557981,557831,0,557831,110311800,558132,557982,0,557982,30100,151,5016.61,false
110311800,558132,557982,0,557982,110341900,558283,558133,0,558133,30100,151,5016.61,false
110341900,558283,558133,0,558133,110372000,558434,558284,0,558284,30100,151,5016.61,false
110372000,558434,558284,0,558284,110402100,558585,558435,0,558435,30100,151,5016.61,false
110402100,558585,558435,0,558435,110432200,558736,558586,0,558586,30100,151,5016.61,false
110432200,558736,558586,0,558586,110462300,558887,558737,0,558737,30100,151,5016.61,false
110462300,558887,558737,0,558737,110492400,559038,558888,0,558888,30100,151,5016.61,false
110492400,559038,558888,0,558888,110522500,559189,559039,0,559039,30100,151,5016.61,false
110522500,559189,559039,0,559039,110552600,559340,559190,0,559190,30100,151,5016.61,false
110552600,559340,559190,0,559190,110582700,559491,559341,0,559341,30100,151,5016.61,false
110582700,559491,559341,0,559341,110612800,559642,559492,0,559492,30100,151,5016.61,false
110612800,559642,559492,0,559492,110683000,559793,559643,0,559643,70200,151,2151.00,false
110683000,559793,559643,0,559643,110753200,559944,559794,0,559794,70200,151,2151.00,false
110753200,559944,559794,0,559794,110787500,560095,559945,0,559945,34300,151,4402.33,false
110787500,560095,559945,0,559945,110817600,560246,560096,0,560096,30100,151,5016.61,false
110817600,560246,560096,0,560096,110847700,560397,560247,0,560247,30100,151,5016.61,false
110847700,560397,560247,0,560247,110877800,560548,560398,0,560398,30100,151,5016.61,false
110877800,560548,560398,0,560398,110907900,560699,560549,0,560549,30100,151,5016.61,false
110907900,560699,560549,0,560549,110938000,560850,560700,0,560700,30100,151,5016.61,false
110938000,560850,560700,0,560700,110968100,561001,560851,0,560851,30100,151,5016.61,false
110968100,561001,560851,0,560851,110998200,561152,561002,0,561002,30100,151,5016.61,false
110998200,561152,561002,0,561002,111028300,561303,561153,0,561153,30100,151,5016.61,false
111028300,561303,561153,0,561153,111058400,561454,561304,0,561304,30100,151,5016.61,false
111058400,561454,561304,0,561304,111088500,561605,561455,0,561455,30100,151,5016.61,false
111088500,561605,561455,0,561455,111118600,561756,561606,0,561606,30100,151,5016.61,false
111118600,561756,561606,0,561606,111148700,561907,561757,0,561757,30100,151,5016.61,false
111148700,561907,561757,0,561757,111178800,562058,561908,0,561908,30100,151,5016.61,false
111178800,562058,561908,0,561908,111208900,562209,562059,0,562059,30100,151,5016.61,false
111208900,562209,562059,0,562059,111239000,562360,562210,0,562210,30100,151,5016.61,false
111239000,562360,562210,0,562210,111269100,562511,562361,0,562361,30100,151,5016.61,false
111269100,562511,562361,0,562361,111299200,562662,562512,0,562512,30100,151,5016.61,false
111299200,562662,562512,0,562512,111329300,562813,562663,0,562663,30100,151,5016.61,false
111329300,562813,562663,0,562663,111359400,562964,562814,0,562814,30100,151,5016.61,false
111359400,562964,562814,0,562814,111389500,563115,562965,0,562965,30100,151,5016.61,false
111389500,563115,562965,0,562965,111419600,563266,563116,0,563116,30100,151,5016.61,false
111419600,563266,563116,0,563116,111449700,563417,563267,0,563267,30100,151,5016.61,false
111449700,563417,563267,0,563267,111479800,563568,563418,0,563418,30100,151,5016.61,false
111479800,563568,563418,0,563418,111509900,563719,563569,0,563569,30100,151,5016.61,false
111509900,563719,563569,0,563569,111540000,563870,563720,0,563720,30100,151,5016.61,false
111540000,563870,563720,0,563720,111570100,564021,563871,0,563871,30100,151,5016.61,false
111570100,564021,563871,0,563871,111600200,564172,564022,0,564022,30100,151,5016.61,false
111600200,564172,564022,0,564022,111630300,564323,564173,0,564173,30100,151,5016.61,false
111630300,564323,564173,0,564173,111660400,564474,564324,0,564324,30100,151,5016.61,false
111660400,564474,564324,0,564324,111690500,564625,564475,0,564475,30100,151,5016.61,false
111690500,564625,564475,0,564475,111720600,564776,564626,0,564626,30100,151,5016.61,false
111720600,564776,564626,0,564626,111750700,564927,564777,0,564777,30100,151,5016.61,false
111750700,564927,564777,0,564777,111780800,565078,564928,0,564928,30100,151,5016.61,false
111780800,565078,564928,0,564928,111810900,565229,565079,0,565079,30100,151,5016.61,false
111810900,565229,565079,0,565079,111841000,565380,565230,0,565230,30100,151,5016.61,false
111841000,565380,565230,0,565230,111871100,565531,565381,0,565381,30100,151,5016.61,false
111871100,565531,565381,0,565381,111901200,565682,565532,0,565532,30100,151,5016.61,false
111901200,565682,565532,0,565532,111931300,565833,565683,0,565683,30100,151,5016.61,false
111931300,565833,565683,0,565683,111961400,565984,565834,0,565834,30100,151,5016.61,false
111961400,565984,565834,0,565834,111991500,566135,565985,0,565985,30100,151,5016.61,false
111991500,566135,565985,0,565985,112021600,566286,566136,0,566136,30100,151,5016.61,false
112021600,566286,566136,0,566136,112051700,566437,566287,0,566287,30100,151,5016.61,false
112051700,566437,566287,0,566287,112081800,566588,566438,0,566438,30100,151,5016.61,false
112081800,566588,566438,0,566438,112111900,566739,566589,0,566589,30100,151,5016.61,false
112111900,566739,566589,0,566589,112142000,566890,566740,0,566740,30100,151,5016.61,false
112142000,566890,566740,0,566740,112172100,567041,566891,0,566891,30100,151,5016.61,false
112172100,567041,566891,0,566891,112202200,567192,567042,0,567042,30100,151,5016.61,false
112202200,567192,567042,0,567042,112232300,567343,567193,0,567193,30100,151,5016.61,false
112232300,567343,567193,0,567193,112262400,567494,567344,0,567344,30100,151,5016.61,false
112262400,567494,567344,0,567344,112292500,567645,567495,0,567495,30100,151,5016.61,false
112292500,567645,567495,0,567495,112322600,567796,567646,0,567646,30100,151,5016.61,false
112322600,567796,567646,0,567646,112352700,567947,567797,0,567797,30100,151,5016.61,false
112352700,567947,567797,0,567797,112382800,568098,567948,0,567948,30100,151,5016.61,false
112382800,568098,567948,0,567948,112412900,568249,568099,0,568099,30100,151,5016.61,false
112412900,568249,568099,0,568099,112443000,568400,568250,0,568250,30100,151,5016.61,false
112443000,568400,568250,0,568250,112473100,568551,568401,0,568401,30100,151,5016.61,false
112473100,568551,568401,0,568401,112503200,568702,568552,0,568552,30100,151,5016.61,false
112503200,568702,568552,0,568552,112533300,568853,568703,0,568703,30100,151,5016.61,false
112533300,568853,568703,0,568703,112563400,569004,568854,0,568854,30100,151,5016.61,false
112563400,569004,568854,0,568854,112593500,569155,569005,0,569005,30100,151,5016.61,false
112593500,569155,569005,0,569005,112623600,569306,569156,0,569156,30100,151,5016.61,false
112623600,569306,569156,0,569156,112653700,569457,569307,0,569307,30100,151,5016.61,false
112653700,569457,569307,0,569307,112683800,569608,569458,0,569458,30100,151,5016.61,false
112683800,569608,569458,0,569458,112713900,569759,569609,0,569609,30100,151,5016.61,false
112713900,569759,569609,0,569609,112744000,569910,569760,0,569760,30100,151,5016.61,false
112744000,569910,569760,0,569760,112774100,570061,569911,0,569911,30100,151,5016.61,false
112774100,570061,569911,0,569911,112804200,570212,570062,0,570062,30100,151,5016.61,false
112804200,570212,570062,0,570062,112834300,570363,570213,0,570213,30100,151,5016.61,false
112834300,570363,570213,0,570213,112864400,570514,570364,0,570364,30100,151,5016.61,false
112864400,570514,570364,0,570364,112894500,570665,570515,0,570515,30100,151,5016.61,false
112894500,570665,570515,0,570515,112924600,570816,570666,0,570666,30100,151,5016.61,false
112924600,570816,570666,0,570666,112954700,570967,570817,0,570817,30100,151,5016.61,false
112954700,570967,570817,0,570817,112984800,571118,570968,0,570968,30100,151,5016.61,false
112984800,571118,570968,0,570968,113014900,571269,571119,0,571119,30100,151,5016.61,false
113014900,571269,571119,0,571119,113045000,571420,571270,0,571270,30100,151,5016.61,false
113045000,571420,571270,0,571270,113075100,571571,571421,0,571421,30100,151,5016.61,false
113075100,571571,571421,0,571421,113105200,571722,571572,0,571572,30100,151,5016.61,false
113105200,571722,571572,0,571572,113135300,571873,571723,0,571723,30100,151,5016.61,false
113135300,571873,571723,0,571723,113165400,572024,571874,0,571874,30100,151,5016.61,false
113165400,572024,571874,0,571874,113195500,572175,572025,0,572025,30100,151,5016.61,false
113195500,572175,572025,0,572025,113225600,572326,572176,0,572176,30100,151,5016.61,false
113225600,572326,572176,0,572176,113255700,572477,572327,0,572327,30100,151,5016.61,false
113255700,572477,572327,0,572327,113285800,572628,572478,0,572478,30100,151,5016.61,false
113285800,572628,572478,0,572478,113315900,572779,572629,0,572629,30100,151,5016.61,false
113315900,572779,572629,0,572629,113346000,572930,572780,0,572780,30100,151,5016.61,false
113346000,572930,572780,0,572780,113376100,573081,572931,0,572931,30100,151,5016.61,false
113376100,573081,572931,0,572931,113406200,573232,573082,0,573082,30100,151,5016.61,false
113406200,573232,573082,0,573082,113436300,573383,573233,0,573233,30100,151,5016.61,false
113436400,573384,573234,0,573234,113466500,573535,573385,0,573385,30100,151,5016.61,false
113466500,573535,573385,0,573385,113496600,573686,573536,0,573536,30100,151,5016.61,false
113496600,573686,573536,0,573536,113526700,573837,573687,0,573687,30100,151,5016.61,false
113526700,573837,573687,0,573687,113556800,573988,573838,0,573838,30100,151,5016.61,false
113556800,573988,573838,0,573838,113586900,574139,573989,0,573989,30100,151,5016.61,false
113586900,574139,573989,0,573989,113617000,574290,574140,0,574140,30100,151,5016.61,false
113617000,574290,574140,0,574140,113647100,574441,574291,0,574291,30100,151,5016.61,false
113647100,574441,574291,0,574291,113677200,574592,574442,0,574442,30100,151,5016.61,false
113677200,574592,574442,0,574442,113707300,574743,574593,0,574593,30100,151,5016.61,false
113707300,574743,574593,0,574593,113737400,574894,574744,0,574744,30100,151,5016.61,false
113737400,574894,574744,0,574744,113767500,575045,574895,0,574895,30100,151,5016.61,false
113767500,575045,574895,0,574895,113797600,575196,575046,0,575046,30100,151,5016.61,false
113797600,575196,575046,0,575046,113827700,575751,575197,0,575197,30100,151,5016.61,true
113827700,575751,575197,0,575197,113898200,576306,575752,0,575752,70500,555,7872.34,true
113898200,576306,575752,0,575752,113968700,576497,576307,0,576307,70500,555,7872.34,true
113968700,576497,576307,0,576307,114002800,576648,576498,0,576498,34100,191,5601.17,true
114002800,576648,576498,0,576498,114032900,576799,576649,0,576649,30100,151,5016.61,false
114032900,576799,576649,0,576649,114063000,576950,576800,0,576800,30100,151,5016.61,false
114063000,576950,576800,0,576800,114093100,577101,576951,0,576951,30100,151,5016.61,false
114093100,577101,576951,0,576951,114123200,577252,577102,0,577102,30100,151,5016.61,false
114123200,577252,577102,0,577102,114153300,577403,577253,0,577253,30100,151,5016.61,false
114153300,577403,577253,0,577253,114183400,577554,577404,0,577404,30100,151,5016.61,false
114183400,577554,577404,0,577404,114213500,577705,577555,0,577555,30100,151,5016.61,false
114213500,577705,577555,0,577555,114243600,577856,577706,0,577706,30100,151,5016.61,false
114243600,577856,577706,0,577706,114273700,578007,577857,0,577857,30100,151,5016.61,false
114273700,578007,577857,0,577857,114303800,578158,578008,0,578008,30100,151,5016.61,false
114303800,578158,578008,0,578008,114333900,578309,578159,0,578159,30100,151,5016.61,false
114333900,578309,578159,0,578159,114364000,578460,578310,0,578310,30100,151,5016.61,false
114364000,578460,578310,0,578310,114394100,578611,578461,0,578461,30100,151,5016.61,false
114394100,578611,578461,0,578461,114424200,578762,578612,0,578612,30100,151,5016.61,false
114424200,578762,578612,0,578612,114494400,578913,578763,0,578763,70200,151,2151.00,false
114494400,578913,578763,0,578763,114564600,579064,578914,0,578914,70200,151,2151.00,false
114564600,579064,578914,0,578914,114598900,579215,579065,0,579065,34300,151,4402.33,false
114598900,579215,579065,0,579065,114629000,579366,579216,0,579216,30100,151,5016.61,false
114629000,579366,579216,0,579216,114659100,579517,579367,0,579367,30100,151,5016.61,false
114659100,579517,579367,0,579367,114689200,579668,579518,0,579518,30100,151,5016.61,false
114689200,579668,579518,0,579518,114719300,579819,579669,0,579669,30100,151,5016.61,false
114719300,579819,579669,0,579669,114749400,579970,579820,0,579820,30100,151,5016.61,false
114749400,579970,579820,0,579820,114779500,580121,579971,0,579971,30100,151,5016.61,false
114779500,580121,579971,0,579971,114809600,580272,580122,0,580122,30100,151,5016.61,false
114809600,580272,580122,0,580122,114839700,580423,580273,0,580273,30100,151,5016.61,false
114839700,580423,580273,0,580273,114869800,580574,580424,0,580424,30100,151,5016.61,false
114869800,580574,580424,0,580424,114899900,580725,580575,0,580575,30100,151,5016.61,false
114899900,580725,580575,0,580575,114930000,580876,580726,0,580726,30100,151,5016.61,false
114930000,580876,580726,0,580726,114960100,581027,580877,0,580877,30100,151,5016.61,false
114960100,581027,580877,0,580877,114990200,581178,581028,0,581028,30100,151,5016.61,false
114990200,581178,581028,0,581028,115020300,581329,581179,0,581179,30100,151,5016.61,false
115020300,581329,581179,0,581179,115050400,581480,581330,0,581330,30100,151,5016.61,false
115050400,581480,581330,0,581330,115080500,581631,581481,0,581481,30100,151,5016.61,false
115080500,581631,581481,0,581481,115110600,581782,581632,0,581632,30100,151,5016.61,false
115110600,581782,581632,0,581632,115140700,581933,581783,0,581783,30100,151,5016.61,false
115140700,581933,581783,0,581783,115170800,582084,581934,0,581934,30100,151,5016.61,false
115170800,582084,581934,0,581934,115200900,582235,582085,0,582085,30100,151,5016.61,false
115200900,582235,582085,0,582085,115231000,582386,582236,0,582236,30100,151,5016.61,false
115231000,582386,582236,0,582236,115261100,582537,582387,0,582387,30100,151,5016.61,false
115261100,582537,582387,0,582387,115291200,582688,582538,0,582538,30100,151,5016.61,false
115291200,582688,582538,0,582538,115321300,582839,582689,0,582689,30100,151,5016.61,false
115321300,582839,582689,0,582689,115351400,582990,582840,0,582840,30100,151,5016.61,false
115351400,582990,582840,0,582840,115381500,583141,582991,0,582991,30100,151,5016.61,false
115381500,583141,582991,0,582991,115411600,583292,583142,0,583142,30100,151,5016.61,false
115411600,583292,583142,0,583142,115441700,583443,583293,0,583293,30100,151,5016.61,false
115441700,583443,583293,0,583293,115471800,583594,583444,0,583444,30100,151,5016.61,false
115471800,583594,583444,0,583444,115501900,583745,583595,0,583595,30100,151,5016.61,false
115501900,583745,583595,0,583595,115532000,583896,583746,0,583746,30100,151,5016.61,false
115532000,583896,583746,0,583746,115562100,584047,583897,0,583897,30100,151,5016.61,false
115562100,584047,583897,0,583897,115592200,584198,584048,0,584048,30100,151,5016.61,false
115592200,584198,584048,0,584048,115622300,584349,584199,0,584199,30100,151,5016.61,false
115622300,584349,584199,0,584199,115652400,584500,584350,0,584350,30100,151,5016.61,false
115652400,584500,584350,0,584350,115682500,584651,584501,0,584501,30100,151,5016.61,false
115682500,584651,584501,0,584501,115712600,584802,584652,0,584652,30100,151,5016.61,false
115712600,584802,584652,0,584652,115742700,584953,584803,0,584803,30100,151,5016.61,false
115742700,584953,584803,0,584803,115772800,585104,584954,0,584954,30100,151,5016.61,false
115772800,585104,584954,0,584954,115802900,585255,585105,0,585105,30100,151,5016.61,false
115802900,585255,585105,0,585105,115833000,585406,585256,0,585256,30100,151,5016.61,false
115833000,585406,585256,0,585256,115863100,585557,585407,0,585407,30100,151,5016.61,false
115863100,585557,585407,0,585407,115893200,585708,585558,0,585558,30100,151,5016.61,false
115893200,585708,585558,0,585558,115923300,585859,585709,0,585709,30100,151,5016.61,false
115923300,585859,585709,0,585709,115953400,586010,585860,0,585860,30100,151,5016.61,false
115953400,586010,585860,0,585860,115983500,586161,586011,0,586011,30100,151,5016.61,false
115983500,586161,586011,0,586011,116013600,586312,586162,0,586162,30100,151,5016.61,false
116013600,586312,586162,0,586162,116043700,586463,586313,0,586313,30100,151,5016.61,false
116043700,586463,586313,0,586313,116073800,586614,586464,0,586464,30100,151,5016.61,false
116073800,586614,586464,0,586464,116103900,586765,586615,0,586615,30100,151,5016.61,false
116103900,586765,586615,0,586615,116134000,586916,586766,0,586766,30100,151,5016.61,false
116134000,586916,586766,0,586766,116164100,587067,586917,0,586917,30100,151,5016.61,false
116164100,587067,586917,0,586917,116194200,587218,587068,0,587068,30100,151,5016.61,false
116194200,587218,587068,0,587068,116224300,587369,587219,0,587219,30100,151,5016.61,false
116224300,587369,587219,0,587219,116254400,587520,587370,0,587370,30100,151,5016.61,false
116254400,587520,587370,0,587370,116284500,587671,587521,0,587521,30100,151,5016.61,false
116284500,587671,587521,0,587521,116314600,587822,587672,0,587672,30100,151,5016.61,false
116314600,587822,587672,0,587672,116344700,587973,587823,0,587823,30100,151,5016.61,false
116344700,587973,587823,0,587823,116374800,588124,587974,0,587974,30100,151,5016.61,false
116374800,588124,587974,0,587974,116404900,588275,588125,0,588125,30100,151,5016.61,false
116404900,588275,588125,0,588125,116435000,588426,588276,0,588276,30100,151,5016.61,false
116435000,588426,588276,0,588276,116465100,588577,588427,0,588427,30100,151,5016.61,false
116465100,588577,588427,0,588427,116495200,588728,588578,0,588578,30100,151,5016.61,false
116495200,588728,588578,0,588578,116525300,588879,588729,0,588729,30100,151,5016.61,false
116525300,588879,588729,0,588729,116555400,589030,588880,0,588880,30100,151,5016.61,false
116555400,589030,588880,0,588880,116585500,589181,589031,0,589031,30100,151,5016.61,false
116585500,589181,589031,0,589031,116615600,589332,589182,0,589182,30100,151,5016.61,false
116615600,589332,589182,0,589182,116645700,589483,589333,0,589333,30100,151,5016.61,false
116645700,589483,589333,0,589333,116675800,589634,589484,0,589484,30100,151,5016.61,false
116675800,589634,589484,0,589484,116705900,589785,589635,0,589635,30100,151,5016.61,false
116705900,589785,589635,0,589635,116736000,589936,589786,0,589786,30100,151,5016.61,false
116736000,589936,589786,0,589786,116766100,590087,589937,0,589937,30100,151,5016.61,false
116766100,590087,589937,0,589937,116796200,590238,590088,0,590088,30100,151,5016.61,false
116796200,590238,590088,0,590088,116826300,590389,590239,0,590239,30100,151,5016.61,false
116826300,590389,590239,0,590239,116856400,590540,590390,0,590390,30100,151,5016.61,false
116856400,590540,590390,0,590390,116886500,590691,590541,0,590541,30100,151,5016.61,false
116886500,590691,590541,0,590541,116916600,590842,590692,0,590692,30100,151,5016.61,false
116916600,590842,590692,0,590692,116946700,590993,590843,0,590843,30100,151,5016.61,false
116946700,590993,590843,0,590843,116976800,591144,590994,0,590994,30100,151,5016.61,false
116976800,591144,590994,0,590994,117006900,591295,591145,0,591145,30100,151,5016.61,false
117006900,591295,591145,0,591145,117037000,591446,591296,0,591296,30100,151,5016.61,false
117037000,591446,591296,0,591296,117067100,591597,591447,0,591447,30100,151,5016.61,false
117067100,591597,591447,0,591447,117097200,591748,591598,0,591598,30100,151,5016.61,false
117097200,591748,591598,0,591598,117127300,591899,591749,0,591749,30100,151,5016.61,false
117127300,591899,591749,0,591749,117157400,592050,591900,0,591900,30100,151,5016.61,false
117157400,592050,591900,0,591900,117187500,592201,592051,0,592051,30100,151,5016.61,false
117187500,592201,592051,0,592051,117217600,592352,592202,0,592202,30100,151,5016.61,false
117217600,592352,592202,0,592202,117247700,592503,592353,0,592353,30100,151,5016.61,false
117247800,592504,592354,0,592354,117277900,592655,592505,0,592505,30100,151,5016.61,false
117277900,592655,592505,0,592505,117308000,592806,592656,0,592656,30100,151,5016.61,false
117308000,592806,592656,0,592656,117338100,592957,592807,0,592807,30100,151,5016.61,false
117338100,592957,592807,0,592807,117368200,593108,592958,0,592958,30100,151,5016.61,false
117368200,593108,592958,0,592958,117398300,593259,593109,0,593109,30100,151,5016.61,false
117398300,593259,593109,0,593109,117428400,593410,593260,0,593260,30100,151,5016.61,false
117428400,593410,593260,0,593260,117458500,593561,593411,0,593411,30100,151,5016.61,false
117458500,593561,593411,0,593411,117488600,593712,593562,0,593562,30100,151,5016.61,false
117488600,593712,593562,0,593562,117518700,593863,593713,0,593713,30100,151,5016.61,false
117518700,593863,593713,0,593713,117548800,594014,593864,0,593864,30100,151,5016.61,false
117548800,594014,593864,0,593864,117578900,594165,594015,0,594015,30100,151,5016.61,false
117578900,594165,594015,0,594015,117609000,594316,594166,0,594166,30100,151,5016.61,false
117609000,594316,594166,0,594166,117639100,594871,594317,0,594317,30100,151,5016.61,true
117639100,594871,594317,0,594317,117709600,595426,594872,0,594872,70500,555,7872.34,true
117709600,595426,594872,0,594872,117780100,595617,595427,0,595427,70500,555,7872.34,true
117780100,595617,595427,0,595427,117814200,595768,595618,0,595618,34100,191,5601.17,true
117814200,595768,595618,0,595618,117844300,595919,595769,0,595769,30100,151,5016.61,false
117844300,595919,595769,0,595769,117874400,596070,595920,0,595920,30100,151,5016.61,false
117874400,596070,595920,0,595920,117904500,596221,596071,0,596071,30100,151,5016.61,false
117904500,596221,596071,0,596071,117934600,596372,596222,0,596222,30100,151,5016.61,false
117934600,596372,596222,0,596222,117964700,596523,596373,0,596373,30100,151,5016.61,false
117964700,596523,596373,0,596373,117994800,596674,596524,0,596524,30100,151,5016.61,false
117994800,596674,596524,0,596524,118024900,596825,596675,0,596675,30100,151,5016.61,false
118024900,596825,596675,0,596675,118055000,596976,596826,0,596826,30100,151,5016.61,false
118055000,596976,596826,0,596826,118085100,597127,596977,0,596977,30100,151,5016.61,false
118085100,597127,596977,0,596977,118115200,597278,597128,0,597128,30100,151,5016.61,false
118115200,597278,597128,0,597128,118145300,597429,597279,0,597279,30100,151,5016.61,false
118145300,597429,597279,0,597279,118175400,597580,597430,0,597430,30100,151,5016.61,false
118175400,597580,597430,0,597430,118205500,597731,597581,0,597581,30100,151,5016.61,false
118205500,597731,597581,0,597581,118235600,597882,597732,0,597732,30100,151,5016.61,false
118235600,597882,597732,0,597732,118305800,598033,597883,0,597883,70200,151,2151.00,false
118305800,598033,597883,0,597883,118376000,598184,598034,0,598034,70200,151,2151.00,false
118376000,598184,598034,0,598034,118410300,598335,598185,0,598185,34300,151,4402.33,false
118410300,598335,598185,0,598185,118440400,598486,598336,0,598336,30100,151,5016.61,false
118440400,598486,598336,0,598336,118470500,598637,598487,0,598487,30100,151,5016.61,false
118470500,598637,598487,0,598487,118500600,598788,598638,0,598638,30100,151,5016.61,false
118500600,598788,598638,0,598638,118530700,598939,598789,0,598789,30100,151,5016.61,false
118530700,598939,598789,0,598789,118560800,599090,598940,0,598940,30100,151,5016.61,false
118560800,599090,598940,0,598940,118590900,599241,599091,0,599091,30100,151,5016.61,false
118590900,599241,599091,0,599091,118621000,599392,599242,0,599242,30100,151,5016.61,false
118621000,599392,599242,0,599242,118651100,599543,599393,0,599393,30100,151,5016.61,false
118651100,599543,599393,0,599393,118681200,599694,599544,0,599544,30100,151,5016.61,false
118681200,599694,599544,0,599544,118711300,599845,599695,0,599695,30100,151,5016.61,false
118711300,599845,599695,0,599695,118741400,599996,599846,0,599846,30100,151,5016.61,false
118741400,599996,599846,0,599846,118771500,600147,599997,0,599997,30100,151,5016.61,false
118771500,600147,599997,0,599997,118801600,600298,600148,0,600148,30100,151,5016.61,false
118801600,600298,600148,0,600148,118831700,600449,600299,0,600299,30100,151,5016.61,false
118831700,600449,600299,0,600299,118861800,600600,600450,0,600450,30100,151,5016.61,false
118861800,600600,600450,0,600450,118891900,600751,600601,0,600601,30100,151,5016.61,false
118891900,600751,600601,0,600601,118922000,600902,600752,0,600752,30100,151,5016.61,false
118922000,600902,600752,0,600752,118952100,601053,600903,0,600903,30100,151,5016.61,false
118952100,601053,600903,0,600903,118982200,601204,601054,0,601054,30100,151,5016.61,false
118982200,601204,601054,0,601054,119012300,601355,601205,0,601205,30100,151,5016.61,false
119012300,601355,601205,0,601205,119042400,601506,601356,0,601356,30100,151,5016.61,false
119042400,601506,601356,0,601356,119072500,601657,601507,0,601507,30100,151,5016.61,false
119072500,601657,601507,0,601507,119102600,601808,601658,0,601658,30100,151,5016.61,false
119102600,601808,601658,0,601658,119132700,601959,601809,0,601809,30100,151,5016.61,false
119132700,601959,601809,0,601809,119162800,602110,601960,0,601960,30100,151,5016.61,false
119162800,602110,601960,0,601960,119192900,602261,602111,0,602111,30100,151,5016.61,false
119192900,602261,602111,0,602111,119223000,602412,602262,0,602262,30100,151,5016.61,false
119223000,602412,602262,0,602262,119253100,602563,602413,0,602413,30100,151,5016.61,false
119253100,602563,602413,0,602413,119283200,602714,602564,0,602564,30100,151,5016.61,false
119283200,602714,602564,0,602564,119313300,602865,602715,0,602715,30100,151,5016.61,false
119313300,602865,602715,0,602715,119343400,603016,602866,0,602866,30100,151,5016.61,false
119343400,603016,602866,0,602866,119373500,603167,603017,0,603017,30100,151,5016.61,false
119373500,603167,603017,0,603017,119403600,603318,603168,0,603168,30100,151,5016.61,false
119403600,603318,603168,0,603168,119433700,603469,603319,0,603319,30100,151,5016.61,false
119433700,603469,603319,0,603319,119463800,603620,603470,0,603470,30100,151,5016.61,false
119463800,603620,603470,0,603470,119493900,603771,603621,0,603621,30100,151,5016.61,false
119493900,603771,603621,0,603621,119524000,603922,603772,0,603772,30100,151,5016.61,false
119524000,603922,603772,0,603772,119554100,604073,603923,0,603923,30100,151,5016.61,false
119554100,604073,603923,0,603923,119584200,604224,604074,0,604074,30100,151,5016.61,false
119584200,604224,604074,0,604074,119614300,604375,604225,0,604225,30100,151,5016.61,false
119614300,604375,604225,0,604225,119644400,604526,604376,0,604376,30100,151,5016.61,false
119644400,604526,604376,0,604376,119674500,604677,604527,0,604527,30100,151,5016.61,false
119674500,604677,604527,0,604527,119704600,604828,604678,0,604678,30100,151,5016.61,false
119704600,604828,604678,0,604678,119734700,604979,604829,0,604829,30100,151,5016.61,false
119734700,604979,604829,0,604829,119764800,605130,604980,0,604980,30100,151,5016.61,false
119764800,605130,604980,0,604980,119794900,605281,605131,0,605131,30100,151,5016.61,false
119794900,605281,605131,0,605131,119825000,605432,605282,0,605282,30100,151,5016.61,false
119825000,605432,605282,0,605282,119855100,605583,605433,0,605433,30100,151,5016.61,false
119855100,605583,605433,0,605433,119885200,605734,605584,0,605584,30100,151,5016.61,false
119885200,605734,605584,0,605584,119915300,605885,605735,0,605735,30100,151,5016.61,false
119915300,605885,605735,0,605735,119945400,606036,605886,0,605886,30100,151,5016.61,false
119945400,606036,605886,0,605886,119975500,606187,606037,0,606037,30100,151,5016.61,false
119975500,606187,606037,0,606037,120005600,606338,606188,0,606188,30100,151,5016.61,false
120005600,606338,606188,0,606188,120035700,606489,606339,0,606339,30100,151,5016.61,false
120035700,606489,606339,0,606339,120065800,606640,606490,0,606490,30100,151,5016.61,false
120065800,606640,606490,0,606490,120095900,606791,606641,0,606641,30100,151,5016.61,false
120095900,606791,606641,0,606641,120126000,606942,606792,0,606792,30100,151,5016.61,false
120126000,606942,606792,0,606792,120156100,607093,606943,0,606943,30100,151,5016.61,false
120156100,607093,606943,0,606943,120186200,607244,607094,0,607094,30100,151,5016.61,false
120186200,607244,607094,0,607094,120216300,607395,607245,0,607245,30100,151,5016.61,false
120216300,607395,607245,0,607245,120246400,607546,607396,0,607396,30100,151,5016.61,false
120246400,607546,607396,0,607396,120276500,607697,607547,0,607547,30100,151,5016.61,false
120276500,607697,607547,0,607547,120306600,607848,607698,0,607698,30100,151,5016.61,false
120306600,607848,607698,0,607698,120336700,607999,607849,0,607849,30100,151,5016.61,false
120336700,607999,607849,0,607849,120366800,608150,608000,0,608000,30100,151,5016.61,false
120366800,608150,608000,0,608000,120396900,608301,608151,0,608151,30100,151,5016.61,false
120396900,608301,608151,0,608151,120427000,608452,608302,0,608302,30100,151,5016.61,false
120427000,608452,608302,0,608302,120457100,608603,608453,0,608453,30100,151,5016.61,false
120457100,608603,608453,0,608453,120487200,608754,608604,0,608604,30100,151,5016.61,false
120487200,608754,608604,0,608604,120517300,608905,608755,0,608755,30100,151,5016.61,false
120517300,608905,608755,0,608755,120547400,609056,608906,0,608906,30100,151,5016.61,false
120547400,609056,608906,0,608906,120577500,609207,609057,0,609057,30100,151,5016.61,false
120577500,609207,609057,0,609057,120607600,609358,609208,0,609208,30100,151,5016.61,false
120607600,609358,609208,0,609208,120637700,609509,609359,0,609359,30100,151,5016.61,false
120637700,609509,609359,0,609359,120667800,609660,609510,0,609510,30100,151,5016.61,false
120667800,609660,609510,0,609510,120697900,609811,609661,0,609661,30100,151,5016.61,false
120697900,609811,609661,0,609661,120728000,609962,609812,0,609812,30100,151,5016.61,false
120728000,609962,609812,0,609812,120758100,610113,609963,0,609963,30100,151,5016.61,false
120758100,610113,609963,0,609963,120788200,610264,610114,0,610114,30100,151,5016.61,false
120788200,610264,610114,0,610114,120818300,610415,610265,0,610265,30100,151,5016.61,false
120818300,610415,610265,0,610265,120848400,610566,610416,0,610416,30100,151,5016.61,false
120848400,610566,610416,0,610416,120878500,610717,610567,0,610567,30100,151,5016.61,false
120878500,610717,610567,0,610567,120908600,610868,610718,0,610718,30100,151,5016.61,false
120908600,610868,610718,0,610718,120938700,611019,610869,0,610869,30100,151,5016.61,false
120938700,611019,610869,0,610869,120968800,611170,611020,0,611020,30100,151,5016.61,false
120968800,611170,611020,0,611020,120998900,611321,611171,0,611171,30100,151,5016.61,false
120998900,611321,611171,0,611171,121029000,611472,611322,0,611322,30100,151,5016.61,false
121029000,611472,611322,0,611322,121059100,611623,611473,0,611473,30100,151,5016.61,false
121059200,611624,611474,0,611474,121089300,611775,611625,0,611625,30100,151,5016.61,false
121089300,611775,611625,0,611625,121119400,611926,611776,0,611776,30100,151,5016.61,false
121119400,611926,611776,0,611776,121149500,612077,611927,0,611927,30100,151,5016.61,false
121149500,612077,611927,0,611927,121179600,612228,612078,0,612078,30100,151,5016.61,false
121179600,612228,612078,0,612078,121209700,612379,612229,0,612229,30100,151,5016.61,false
121209700,612379,612229,0,612229,121239800,612530,612380,0,612380,30100,151,5016.61,false
121239800,612530,612380,0,612380,121269900,612681,612531,0,612531,30100,151,5016.61,false
121269900,612681,612531,0,612531,121300000,612832,612682,0,612682,30100,151,5016.61,false
121300000,612832,612682,0,612682,121330100,612983,612833,0,612833,30100,151,5016.61,false
121330100,612983,612833,0,612833,121360200,613134,612984,0,612984,30100,151,5016.61,false
121360200,613134,612984,0,612984,121390300,613285,613135,0,613135,30100,151,5016.61,false
121390300,613285,613135,0,613135,121420400,613436,613286,0,613286,30100,151,5016.61,false
121420400,613436,613286,0,613286,121450500,613991,613437,0,613437,30100,151,5016.61,true
121450500,613991,613437,0,613437,121521000,614546,613992,0,613992,70500,555,7872.34,true
121521000,614546,613992,0,613992,121591500,614737,614547,0,614547,70500,555,7872.34,true
121591500,614737,614547,0,614547,121625600,614888,614738,0,614738,34100,191,5601.17,true
121625600,614888,614738,0,614738,121655700,615039,614889,0,614889,30100,151,5016.61,false
121655700,615039,614889,0,614889,121685800,615190,615040,0,615040,30100,151,5016.61,false
121685800,615190,615040,0,615040,121715900,615341,615191,0,615191,30100,151,5016.61,false
121715900,615341,615191,0,615191,121746000,615492,615342,0,615342,30100,151,5016.61,false
121746000,615492,615342,0,615342,121776100,615643,615493,0,615493,30100,151,5016.61,false
121776100,615643,615493,0,615493,121806200,615794,615644,0,615644,30100,151,5016.61,false
121806200,615794,615644,0,615644,121836300,615945,615795,0,615795,30100,151,5016.61,false
121836300,615945,615795,0,615795,121866400,616096,615946,0,615946,30100,151,5016.61,false
121866400,616096,615946,0,615946,121896500,616247,616097,0,616097,30100,151,5016.61,false
121896500,616247,616097,0,616097,121926600,616398,616248,0,616248,30100,151,5016.61,false
121926600,616398,616248,0,616248,121956700,616549,616399,0,616399,30100,151,5016.61,false
121956700,616549,616399,0,616399,121986800,616700,616550,0,616550,30100,151,5016.61,false
121986800,616700,616550,0,616550,122016900,616851,616701,0,616701,30100,151,5016.61,false
122016900,616851,616701,0,616701,122047000,617002,616852,0,616852,30100,151,5016.61,false
122047000,617002,616852,0,616852,122117200,617153,617003,0,617003,70200,151,2151.00,false
122117200,617153,617003,0,617003,122187400,617304,617154,0,617154,70200,151,2151.00,false
122187400,617304,617154,0,617154,122221700,617455,617305,0,617305,34300,151,4402.33,false
122221700,617455,617305,0,617305,122251800,617606,617456,0,617456,30100,151,5016.61,false
122251800,617606,617456,0,617456,122281900,617757,617607,0,617607,30100,151,5016.61,false
122281900,617757,617607,0,617607,122312000,617908,617758,0,617758,30100,151,5016.61,false
122312000,617908,617758,0,617758,122342100,618059,617909,0,617909,30100,151,5016.61,false
122342100,618059,617909,0,617909,122372200,618210,618060,0,618060,30100,151,5016.61,false
122372200,618210,618060,0,618060,122402300,618361,618211,0,618211,30100,151,5016.61,false
122402300,618361,618211,0,618211,122432400,618512,618362,0,618362,30100,151,5016.61,false
122432400,618512,618362,0,618362,122462500,618663,618513,0,618513,30100,151,5016.61,false
122462500,618663,618513,0,618513,122492600,618814,618664,0,618664,30100,151,5016.61,false
122492600,618814,618664,0,618664,122522700,618965,618815,0,618815,30100,151,5016.61,false
122522700,618965,618815,0,618815,122552800,619116,618966,0,618966,30100,151,5016.61,false
122552800,619116,618966,0,618966,122582900,619267,619117,0,619117,30100,151,5016.61,false
122582900,619267,619117,0,619117,122613000,619418,619268,0,619268,30100,151,5016.61,false
122613000,619418,619268,0,619268,122643100,619569,619419,0,619419,30100,151,5016.61,false
122643100,619569,619419,0,619419,122673200,619720,619570,0,619570,30100,151,5016.61,false
122673200,619720,619570,0,619570,122703300,619871,619721,0,619721,30100,151,5016.61,false
122703300,619871,619721,0,619721,122733400,620022,619872,0,619872,30100,151,5016.61,false
122733400,620022,619872,0,619872,122763500,620173,620023,0,620023,30100,151,5016.61,false
122763500,620173,620023,0,620023,122793600,620324,620174,0,620174,30100,151,5016.61,false
122793600,620324,620174,0,620174,122823700,620475,620325,0,620325,30100,151,5016.61,false
122823700,620475,620325,0,620325,122853800,620626,620476,0,620476,30100,151,5016.61,false
122853800,620626,620476,0,620476,122883900,620777,620627,0,620627,30100,151,5016.61,false
122883900,620777,620627,0,620627,122914000,620928,620778,0,620778,30100,151,5016.61,false
122914000,620928,620778,0,620778,122944100,621079,620929,0,620929,30100,151,5016.61,false
122944100,621079,620929,0,620929,122974200,621230,621080,0,621080,30100,151,5016.61,false
122974200,621230,621080,0,621080,123004300,621381,621231,0,621231,30100,151,5016.61,false
123004300,621381,621231,0,621231,123034400,621532,621382,0,621382,30100,151,5016.61,false
123034400,621532,621382,0,621382,123064500,621683,621533,0,621533,30100,151,5016.61,false
123064500,621683,621533,0,621533,123094600,621834,621684,0,621684,30100,151,5016.61,false
123094600,621834,621684,0,621684,123124700,621985,621835,0,621835,30100,151,5016.61,false
123124700,621985,621835,0,621835,123154800,622136,621986,0,621986,30100,151,5016.61,false
123154800,622136,621986,0,621986,123184900,622287,622137,0,622137,30100,151,5016.61,false
123184900,622287,622137,0,622137,123215000,622438,622288,0,622288,30100,151,5016.61,false
123215000,622438,622288,0,622288,123245100,622589,622439,0,622439,30100,151,5016.61,false
123245100,622589,622439,0,622439,123275200,622740,622590,0,622590,30100,151,5016.61,false
123275200,622740,622590,0,622590,123305300,622891,622741,0,622741,30100,151,5016.61,false
123305300,622891,622741,0,622741,123335400,623042,622892,0,622892,30100,151,5016.61,false
123335400,623042,622892,0,622892,123365500,623193,623043,0,623043,30100,151,5016.61,false
123365500,623193,623043,0,623043,123395600,623344,623194,0,623194,30100,151,5016.61,false
123395600,623344,623194,0,623194,123425700,623495,623345,0,623345,30100,151,5016.61,false
123425700,623495,623345,0,623345,123455800,623646,623496,0,623496,30100,151,5016.61,false
123455800,623646,623496,0,623496,123485900,623797,623647,0,623647,30100,151,5016.61,false
123485900,623797,623647,0,623647,123516000,623948,623798,0,623798,30100,151,5016.61,false
123516000,623948,623798,0,623798,123546100,624099,623949,0,623949,30100,151,5016.61,false
123546100,624099,623949,0,623949,123576200,624250,624100,0,624100,30100,151,5016.61,false
123576200,624250,624100,0,624100,123606300,624401,624251,0,624251,30100,151,5016.61,false
123606300,624401,624251,0,624251,123636400,624552,624402,0,624402,30100,151,5016.61,false
123636400,624552,624402,0,624402,123666500,624703,624553,0,624553,30100,151,5016.61,false
123666500,624703,624553,0,624553,123696600,624854,624704,0,624704,30100,151,5016.61,false
123696600,624854,624704,0,624704,123726700,625005,624855,0,624855,30100,151,5016.61,false
123726700,625005,624855,0,624855,123756800,625156,625006,0,625006,30100,151,5016.61,false
123756800,625156,625006,0,625006,123786900,625307,625157,0,625157,30100,151,5016.61,false
123786900,625307,625157,0,625157,123817000,625458,625308,0,625308,30100,151,5016.61,false
123817000,625458,625308,0,625308,123847100,625609,625459,0,625459,30100,151,5016.61,false
123847100,625609,625459,0,625459,123877200,625760,625610,0,625610,30100,151,5016.61,false
123877200,625760,625610,0,625610,123907300,625911,625761,0,625761,30100,151,5016.61,false
123907300,625911,625761,0,625761,123937400,626062,625912,0,625912,30100,151,5016.61,false
123937400,626062,625912,0,625912,123967500,626213,626063,0,626063,30100,151,5016.61,false
123967500,626213,626063,0,626063,123997600,626364,626214,0,626214,30100,151,5016.61,false
123997600,626364,626214,0,626214,124027700,626515,626365,0,626365,30100,151,5016.61,false
124027700,626515,626365,0,626365,124057800,626666,626516,0,626516,30100,151,5016.61,false
124057800,626666,626516,0,626516,124087900,626817,626667,0,626667,30100,151,5016.61,false
124087900,626817,626667,0,626667,124118000,626968,626818,0,626818,30100,151,5016.61,false
124118000,626968,626818,0,626818,124148100,627119,626969,0,626969,30100,151,5016.61,false
124148100,627119,626969,0,626969,124178200,627270,627120,0,627120,30100,151,5016.61,false
124178200,627270,627120,0,627120,124208300,627421,627271,0,627271,30100,151,5016.61,false
124208300,627421,627271,0,627271,124238400,627572,627422,0,627422,30100,151,5016.61,false
124238400,627572,627422,0,627422,124268500,627723,627573,0,627573,30100,151,5016.61,false
124268500,627723,627573,0,627573,124298600,627874,627724,0,627724,30100,151,5016.61,false
124298600,627874,627724,0,627724,124328700,628025,627875,0,627875,30100,151,5016.61,false
124328700,628025,627875,0,627875,124358800,628176,628026,0,628026,30100,151,5016.61,false
124358800,628176,628026,0,628026,124388900,628327,628177,0,628177,30100,151,5016.61,false
124388900,628327,628177,0,628177,124419000,628478,628328,0,628328,30100,151,5016.61,false
124419000,628478,628328,0,628328,124449100,628629,628479,0,628479,30100,151,5016.61,false
124449100,628629,628479,0,628479,124479200,628780,628630,0,628630,30100,151,5016.61,false
124479200,628780,628630,0,628630,124509300,628931,628781,0,628781,30100,151,5016.61,false
124509300,628931,628781,0,628781,124539400,629082,628932,0,628932,30100,151,5016.61,false
124539400,629082,628932,0,628932,124569500,629233,629083,0,629083,30100,151,5016.61,false
124569500,629233,629083,0,629083,124599600,629384,629234,0,629234,30100,151,5016.61,false
124599600,629384,629234,0,629234,124629700,629535,629385,0,629385,30100,151,5016.61,false
124629700,629535,629385,0,629385,124659800,629686,629536,0,629536,30100,151,5016.61,false
124659800,629686,629536,0,629536,124689900,629837,629687,0,629687,30100,151,5016.61,false
124689900,629837,629687,0,629687,124720000,629988,629838,0,629838,30100,151,5016.61,false
124720000,629988,629838,0,629838,124750100,630139,629989,0,629989,30100,151,5016.61,false
124750100,630139,629989,0,629989,124780200,630290,630140,0,630140,30100,151,5016.61,false
124780200,630290,630140,0,630140,124810300,630441,630291,0,630291,30100,151,5016.61,false
124810300,630441,630291,0,630291,124840400,630592,630442,0,630442,30100,151,5016.61,false
124840400,630592,630442,0,630442,124870500,630743,630593,0,630593,30100,151,5016.61,false
124870600,630744,630594,0,630594,124900700,630895,630745,0,630745,30100,151,5016.61,false
124900700,630895,630745,0,630745,124930800,631046,630896,0,630896,30100,151,5016.61,false
124930800,631046,630896,0,630896,124960900,631197,631047,0,631047,30100,151,5016.61,false
124960900,631197,631047,0,631047,124991000,631348,631198,0,631198,30100,151,5016.61,false
124991000,631348,631198,0,631198,125021100,631499,631349,0,631349,30100,151,5016.61,false
125021100,631499,631349,0,631349,125051200,631650,631500,0,631500,30100,151,5016.61,false
125051200,631650,631500,0,631500,125081300,631801,631651,0,631651,30100,151,5016.61,false
125081300,631801,631651,0,631651,125111400,631952,631802,0,631802,30100,151,5016.61,false
125111400,631952,631802,0,631802,125141500,632103,631953,0,631953,30100,151,5016.61,false
125141500,632103,631953,0,631953,125171600,632254,632104,0,632104,30100,151,5016.61,false
125171600,632254,632104,0,632104,125201700,632405,632255,0,632255,30100,151,5016.61,false
125201700,632405,632255,0,632255,125231800,632556,632406,0,632406,30100,151,5016.61,false
125231800,632556,632406,0,632406,125261900,633111,632557,0,632557,30100,151,5016.61,true
125261900,633111,632557,0,632557,125332400,633666,633112,0,633112,70500,555,7872.34,true
125332400,633666,633112,0,633112,125402900,633857,633667,0,633667,70500,555,7872.34,true
125402900,633857,633667,0,633667,125437000,634008,633858,0,633858,34100,191,5601.17,true
125437000,634008,633858,0,633858,125467100,634159,634009,0,634009,30100,151,5016.61,false
125467100,634159,634009,0,634009,125497200,634310,634160,0,634160,30100,151,5016.61,false
125497200,634310,634160,0,634160,125527300,634461,634311,0,634311,30100,151,5016.61,false
125527300,634461,634311,0,634311,125557400,634612,634462,0,634462,30100,151,5016.61,false
125557400,634612,634462,0,634462,125587500,634763,634613,0,634613,30100,151,5016.61,false
125587500,634763,634613,0,634613,125617600,634914,634764,0,634764,30100,151,5016.61,false
125617600,634914,634764,0,634764,125647700,635065,634915,0,634915,30100,151,5016.61,false
125647700,635065,634915,0,634915,125677800,635216,635066,0,635066,30100,151,5016.61,false
125677800,635216,635066,0,635066,125707900,635367,635217,0,635217,30100,151,5016.61,false
125707900,635367,635217,0,635217,125738000,635518,635368,0,635368,30100,151,5016.61,false
125738000,635518,635368,0,635368,125768100,635669,635519,0,635519,30100,151,5016.61,false
125768100,635669,635519,0,635519,125798200,635820,635670,0,635670,30100,151,5016.61,false
125798200,635820,635670,0,635670,125828300,635971,635821,0,635821,30100,151,5016.61,false
125828300,635971,635821,0,635821,125858400,636122,635972,0,635972,30100,151,5016.61,false
125858400,636122,635972,0,635972,125928600,636273,636123,0,636123,70200,151,2151.00,false
125928600,636273,636123,0,636123,125998800,636424,636274,0,636274,70200,151,2151.00,false
125998800,636424,636274,0,636274,126033100,636575,636425,0,636425,34300,151,4402.33,false
126033100,636575,636425,0,636425,126063200,636726,636576,0,636576,30100,151,5016.61,false
126063200,636726,636576,0,636576,126093300,636877,636727,0,636727,30100,151,5016.61,false
126093300,636877,636727,0,636727,126123400,637028,636878,0,636878,30100,151,5016.61,false
126123400,637028,636878,0,636878,126153500,637179,637029,0,637029,30100,151,5016.61,false
126153500,637179,637029,0,637029,126183600,637330,637180,0,637180,30100,151,5016.61,false
126183600,637330,637180,0,637180,126213700,637481,637331,0,637331,30100,151,5016.61,false
126213700,637481,637331,0,637331,126243800,637632,637482,0,637482,30100,151,5016.61,false
126243800,637632,637482,0,637482,126273900,637783,637633,0,637633,30100,151,5016.61,false
126273900,637783,637633,0,637633,126304000,637934,637784,0,637784,30100,151,5016.61,false
126304000,637934,637784,0,637784,126334100,638085,637935,0,637935,30100,151,5016.61,false
126334100,638085,637935,0,637935,126364200,638236,638086,0,638086,30100,151,5016.61,false
126364200,638236,638086,0,638086,126394300,638387,638237,0,638237,30100,151,5016.61,false
126394300,638387,638237,0,638237,126424400,638538,638388,0,638388,30100,151,5016.61,false
126424400,638538,638388,0,638388,126454500,638689,638539,0,638539,30100,151,5016.61,false
126454500,638689,638539,0,638539,126484600,638840,638690,0,638690,30100,151,5016.61,false
126484600,638840,638690,0,638690,126514700,638991,638841,0,638841,30100,151,5016.61,false
126514700,638991,638841,0,638841,126544800,639142,638992,0,638992,30100,151,5016.61,false
126544800,639142,638992,0,638992,126574900,639293,639143,0,639143,30100,151,5016.61,false
126574900,639293,639143,0,639143,126605000,639444,639294,0,639294,30100,151,5016.61,false
126605000,639444,639294,0,639294,126635100,639595,639445,0,639445,30100,151,5016.61,false
126635100,639595,639445,0,639445,126665200,639746,639596,0,639596,30100,151,5016.61,false
126665200,639746,639596,0,639596,126695300,639897,639747,0,639747,30100,151,5016.61,false
126695300,639897,639747,0,639747,126725400,640048,639898,0,639898,30100,151,5016.61,false
126725400,640048,639898,0,639898,126755500,640199,640049,0,640049,30100,151,5016.61,false
126755500,640199,640049,0,640049,126785600,640350,640200,0,640200,30100,151,5016.61,false
126785600,640350,640200,0,640200,126815700,640501,640351,0,640351,30100,151,5016.61,false
126815700,640501,640351,0,640351,126845800,640652,640502,0,640502,30100,151,5016.61,false
126845800,640652,640502,0,640502,126875900,640803,640653,0,640653,30100,151,5016.61,false
126875900,640803,640653,0,640653,126906000,640954,640804,0,640804,30100,151,5016.61,false
126906000,640954,640804,0,640804,126936100,641105,640955,0,640955,30100,151,5016.61,false
126936100,641105,640955,0,640955,126966200,641256,641106,0,641106,30100,151,5016.61,false
126966200,641256,641106,0,641106,126996300,641407,641257,0,641257,30100,151,5016.61,false
126996300,641407,641257,0,641257,127026400,641558,641408,0,641408,30100,151,5016.61,false
127026400,641558,641408,0,641408,127056500,641709,641559,0,641559,30100,151,5016.61,false
127056500,641709,641559,0,641559,127086600,641860,641710,0,641710,30100,151,5016.61,false
127086600,641860,641710,0,641710,127116700,642011,641861,0,641861,30100,151,5016.61,false
127116700,642011,641861,0,641861,127146800,642162,642012,0,642012,30100,151,5016.61,false
127146800,642162,642012,0,642012,127176900,642313,642163,0,642163,30100,151,5016.61,false
127176900,642313,642163,0,642163,127207000,642464,642314,0,642314,30100,151,5016.61,false
127207000,642464,642314,0,642314,127237100,642615,642465,0,642465,30100,151,5016.61,false
127237100,642615,642465,0,642465,127267200,642766,642616,0,642616,30100,151,5016.61,false
127267200,642766,642616,0,642616,127297300,642917,642767,0,642767,30100,151,5016.61,false
127297300,642917,642767,0,642767,127327400,643068,642918,0,642918,30100,151,5016.61,false
127327400,643068,642918,0,642918,127357500,643219,643069,0,643069,30100,151,5016.61,false
127357500,643219,643069,0,643069,127387600,643370,643220,0,643220,30100,151,5016.61,false
127387600,643370,643220,0,643220,127417700,643521,643371,0,643371,30100,151,5016.61,false
127417700,643521,643371,0,643371,127447800,643672,643522,0,643522,30100,151,5016.61,false
127447800,643672,643522,0,643522,127477900,643823,643673,0,643673,30100,151,5016.61,false
127477900,643823,643673,0,643673,127508000,643974,643824,0,643824,30100,151,5016.61,false
127508000,643974,643824,0,643824,127538100,644125,643975,0,643975,30100,151,5016.61,false
127538100,644125,643975,0,643975,127568200,644276,644126,0,644126,30100,151,5016.61,false
127568200,644276,644126,0,644126,127598300,644427,644277,0,644277,30100,151,5016.61,false
127598300,644427,644277,0,644277,127628400,644578,644428,0,644428,30100,151,5016.61,false
127628400,644578,644428,0,644428,127658500,644729,644579,0,644579,30100,151,5016.61,false
127658500,644729,644579,0,644579,127688600,644880,644730,0,644730,30100,151,5016.61,false
127688600,644880,644730,0,644730,127718700,645031,644881,0,644881,30100,151,5016.61,false
127718700,645031,644881,0,644881,127748800,645182,645032,0,645032,30100,151,5016.61,false
127748800,645182,645032,0,645032,127778900,645333,645183,0,645183,30100,151,5016.61,false
127778900,645333,645183,0,645183,127809000,645484,645334,0,645334,30100,151,5016.61,false
127809000,645484,645334,0,645334,127839100,645635,645485,0,645485,30100,151,5016.61,false
127839100,645635,645485,0,645485,127869200,645786,645636,0,645636,30100,151,5016.61,false
127869200,645786,645636,0,645636,127899300,645937,645787,0,645787,30100,151,5016.61,false
127899300,645937,645787,0,645787,127929400,646088,645938,0,645938,30100,151,5016.61,false
127929400,646088,645938,0,645938,127959500,646239,646089,0,646089,30100,151,5016.61,false
127959500,646239,646089,0,646089,127989600,646390,646240,0,646240,30100,151,5016.61,false
127989600,646390,646240,0,646240,128019700,646541,646391,0,646391,30100,151,5016.61,false
128019700,646541,646391,0,646391,128049800,646692,646542,0,646542,30100,151,5016.61,false
128049800,646692,646542,0,646542,128079900,646843,646693,0,646693,30100,151,5016.61,false
128079900,646843,646693,0,646693,128110000,646994,646844,0,646844,30100,151,5016.61,false
128110000,646994,646844,0,646844,128140100,647145,646995,0,646995,30100,151,5016.61,false
128140100,647145,646995,0,646995,128170200,647296,647146,0,647146,30100,151,5016.61,false
128170200,647296,647146,0,647146,128200300,647447,647297,0,647297,30100,151,5016.61,false
128200300,647447,647297,0,647297,128230400,647598,647448,0,647448,30100,151,5016.61,false
128230400,647598,647448,0,647448,128260500,647749,647599,0,647599,30100,151,5016.61,false
128260500,647749,647599,0,647599,128290600,647900,647750,0,647750,30100,151,5016.61,false
128290600,647900,647750,0,647750,128320700,648051,647901,0,647901,30100,151,5016.61,false
128320700,648051,647901,0,647901,128350800,648202,648052,0,648052,30100,151,5016.61,false
128350800,648202,648052,0,648052,128380900,648353,648203,0,648203,30100,151,5016.61,false
128380900,648353,648203,0,648203,128411000,648504,648354,0,648354,30100,151,5016.61,false
128411000,648504,648354,0,648354,128441100,648655,648505,0,648505,30100,151,5016.61,false
128441100,648655,648505,0,648505,128471200,648806,648656,0,648656,30100,151,5016.61,false
128471200,648806,648656,0,648656,128501300,648957,648807,0,648807,30100,151,5016.61,false
128501300,648957,648807,0,648807,128531400,649108,648958,0,648958,30100,151,5016.61,false
128531400,649108,648958,0,648958,128561500,649259,649109,0,649109,30100,151,5016.61,false
128561500,649259,649109,0,649109,128591600,649410,649260,0,649260,30100,151,5016.61,false
128591600,649410,649260,0,649260,128621700,649561,649411,0,649411,30100,151,5016.61,false
128621700,649561,649411,0,649411,128651800,649712,649562,0,649562,30100,151,5016.61,false
128651800,649712,649562,0,649562,128681900,649863,649713,0,649713,30100,151,5016.61,false
128682000,649864,649714,0,649714,128712100,650015,649865,0,649865,30100,151,5016.61,false
128712100,650015,649865,0,649865,128742200,650166,650016,0,650016,30100,151,5016.61,false
128742200,650166,650016,0,650016,128772300,650317,650167,0,650167,30100,151,5016.61,false
128772300,650317,650167,0,650167,128802400,650468,650318,0,650318,30100,151,5016.61,false
128802400,650468,650318,0,650318,128832500,650619,650469,0,650469,30100,151,5016.61,false
128832500,650619,650469,0,650469,128862600,650770,650620,0,650620,30100,151,5016.61,false
128862600,650770,650620,0,650620,128892700,650921,650771,0,650771,30100,151,5016.61,false
128892700,650921,650771,0,650771,128922800,651072,650922,0,650922,30100,151,5016.61,false
128922800,651072,650922,0,650922,128952900,651223,651073,0,651073,30100,151,5016.61,false
128952900,651223,651073,0,651073,128983000,651374,651224,0,651224,30100,151,5016.61,false
128983000,651374,651224,0,651224,129013100,651525,651375,0,651375,30100,151,5016.61,false
129013100,651525,651375,0,651375,129043200,651676,651526,0,651526,30100,151,5016.61,false
129043200,651676,651526,0,651526,129073300,652231,651677,0,651677,30100,151,5016.61,true
129073300,652231,651677,0,651677,129143800,652786,652232,0,652232,70500,555,7872.34,true
129143800,652786,652232,0,652232,129214300,652977,652787,0,652787,70500,555,7872.34,true
129214300,652977,652787,0,652787,129248400,653128,652978,0,652978,34100,191,5601.17,true
129248400,653128,652978,0,652978,129278500,653279,653129,0,653129,30100,151,5016.61,false
129278500,653279,653129,0,653129,129308600,653430,653280,0,653280,30100,151,5016.61,false
129308600,653430,653280,0,653280,129338700,653581,653431,0,653431,30100,151,5016.61,false
129338700,653581,653431,0,653431,129368800,653732,653582,0,653582,30100,151,5016.61,false
129368800,653732,653582,0,653582,129398900,653883,653733,0,653733,30100,151,5016.61,false
129398900,653883,653733,0,653733,129429000,654034,653884,0,653884,30100,151,5016.61,false
129429000,654034,653884,0,653884,129459100,654185,654035,0,654035,30100,151,5016.61,false
129459100,654185,654035,0,654035,129489200,654336,654186,0,654186,30100,151,5016.61,false
129489200,654336,654186,0,654186,129519300,654487,654337,0,654337,30100,151,5016.61,false
129519300,654487,654337,0,654337,129549400,654638,654488,0,654488,30100,151,5016.61,false
129549400,654638,654488,0,654488,129579500,654789,654639,0,654639,30100,151,5016.61,false
129579500,654789,654639,0,654639,129609600,654940,654790,0,654790,30100,151,5016.61,false
129609600,654940,654790,0,654790,129639700,655091,654941,0,654941,30100,151,5016.61,false
129639700,655091,654941,0,654941,129669800,655242,655092,0,655092,30100,151,5016.61,false
129669800,655242,655092,0,655092,129740000,655393,655243,0,655243,70200,151,2151.00,false
129740000,655393,655243,0,655243,129810200,655544,655394,0,655394,70200,151,2151.00,false
129810200,655544,655394,0,655394,129844500,655695,655545,0,655545,34300,151,4402.33,false
129844500,655695,655545,0,655545,129874600,655846,655696,0,655696,30100,151,5016.61,false
129874600,655846,655696,0,655696,129904700,655997,655847,0,655847,30100,151,5016.61,false
129904700,655997,655847,0,655847,129934800,656148,655998,0,655998,30100,151,5016.61,false
129934800,656148,655998,0,655998,129964900,656299,656149,0,656149,30100,151,5016.61,false
129964900,656299,656149,0,656149,129995000,656450,656300,0,656300,30100,151,5016.61,false
129995000,656450,656300,0,656300,130025100,656601,656451,0,656451,30100,151,5016.61,false
130025100,656601,656451,0,656451,130055200,656752,656602,0,656602,30100,151,5016.61,false
130055200,656752,656602,0,656602,130085300,656903,656753,0,656753,30100,151,5016.61,false
130085300,656903,656753,0,656753,130115400,657054,656904,0,656904,30100,151,5016.61,false
130115400,657054,656904,0,656904,130145500,657205,657055,0,657055,30100,151,5016.61,false
130145500,657205,657055,0,657055,130175600,657356,657206,0,657206,30100,151,5016.61,false
130175600,657356,657206,0,657206,130205700,657507,657357,0,657357,30100,151,5016.61,false
130205700,657507,657357,0,657357,130235800,657658,657508,0,657508,30100,151,5016.61,false
130235800,657658,657508,0,657508,130265900,657809,657659,0,657659,30100,151,5016.61,false
130265900,657809,657659,0,657659,130296000,657960,657810,0,657810,30100,151,5016.61,false
130296000,657960,657810,0,657810,130326100,658111,657961,0,657961,30100,151,5016.61,false
130326100,658111,657961,0,657961,130356200,658262,658112,0,658112,30100,151,5016.61,false
130356200,658262,658112,0,658112,130386300,658413,658263,0,658263,30100,151,5016.61,false
130386300,658413,658263,0,658263,130416400,658564,658414,0,658414,30100,151,5016.61,false
130416400,658564,658414,0,658414,130446500,658715,658565,0,658565,30100,151,5016.61,false
130446500,658715,658565,0,658565,130476600,658866,658716,0,658716,30100,151,5016.61,false
130476600,658866,658716,0,658716,130506700,659017,658867,0,658867,30100,151,5016.61,false
130506700,659017,658867,0,658867,130536800,659168,659018,0,659018,30100,151,5016.61,false
130536800,659168,659018,0,659018,130566900,659319,659169,0,659169,30100,151,5016.61,false
130566900,659319,659169,0,659169,130597000,659470,659320,0,659320,30100,151,5016.61,false
130597000,659470,659320,0,659320,130627100,659621,659471,0,659471,30100,151,5016.61,false
130627100,659621,659471,0,659471,130657200,659772,659622,0,659622,30100,151,5016.61,false
130657200,659772,659622,0,659622,130687300,659923,659773,0,659773,30100,151,5016.61,false
130687300,659923,659773,0,659773,130717400,660074,659924,0,659924,30100,151,5016.61,false
130717400,660074,659924,0,659924,130747500,660225,660075,0,660075,30100,151,5016.61,false
130747500,660225,660075,0,660075,130777600,660376,660226,0,660226,30100,151,5016.61,false
130777600,660376,660226,0,660226,130807700,660527,660377,0,660377,30100,151,5016.61,false
130807700,660527,660377,0,660377,130837800,660678,660528,0,660528,30100,151,5016.61,false
130837800,660678,660528,0,660528,130867900,660829,660679,0,660679,30100,151,5016.61,false
130867900,660829,660679,0,660679,130898000,660980,660830,0,660830,30100,151,5016.61,false
130898000,660980,660830,0,660830,130928100,661131,660981,0,660981,30100,151,5016.61,false
130928100,661131,660981,0,660981,130958200,661282,661132,0,661132,30100,151,5016.61,false
130958200,661282,661132,0,661132,130988300,661433,661283,0,661283,30100,151,5016.61,false
130988300,661433,661283,0,661283,131018400,661584,661434,0,661434,30100,151,5016.61,false
131018400,661584,661434,0,661434,131048500,661735,661585,0,661585,30100,151,5016.61,false
131048500,661735,661585,0,661585,131078600,661886,661736,0,661736,30100,151,5016.61,false
131078600,661886,661736,0,661736,131108700,662037,661887,0,661887,30100,151,5016.61,false
131108700,662037,661887,0,661887,131138800,662188,662038,0,662038,30100,151,5016.61,false
131138800,662188,662038,0,662038,131168900,662339,662189,0,662189,30100,151,5016.61,false
131168900,662339,662189,0,662189,131199000,662490,662340,0,662340,30100,151,5016.61,false
131199000,662490,662340,0,662340,131229100,662641,662491,0,662491,30100,151,5016.61,false
131229100,662641,662491,0,662491,131259200,662792,662642,0,662642,30100,151,5016.61,false
131259200,662792,662642,0,662642,131289300,662943,662793,0,662793,30100,151,5016.61,false
131289300,662943,662793,0,662793,131319400,663094,662944,0,662944,30100,151,5016.61,false
131319400,663094,662944,0,662944,131349500,663245,663095,0,663095,30100,151,5016.61,false
131349500,663245,663095,0,663095,131379600,663396,663246,0,663246,30100,151,5016.61,false
131379600,663396,663246,0,663246,131409700,663547,663397,0,663397,30100,151,5016.61,false
131409700,663547,663397,0,663397,131439800,663698,663548,0,663548,30100,151,5016.61,false
131439800,663698,663548,0,663548,131469900,663849,663699,0,663699,30100,151,5016.61,false
131469900,663849,663699,0,663699,131500000,664000,663850,0,663850,30100,151,5016.61,false
131500000,664000,663850,0,663850,131530100,664151,664001,0,664001,30100,151,5016.61,false
131530100,664151,664001,0,664001,131560200,664302,664152,0,664152,30100,151,5016.61,false
131560200,664302,664152,0,664152,131590300,664453,664303,0,664303,30100,151,5016.61,false
131590300,664453,664303,0,664303,131620400,664604,664454,0,664454,30100,151,5016.61,false
131620400,664604,664454,0,664454,131650500,664755,664605,0,664605,30100,151,5016.61,false
131650500,664755,664605,0,664605,131680600,664906,664756,0,664756,30100,151,5016.61,false
131680600,664906,664756,0,664756,131710700,665057,664907,0,664907,30100,151,5016.61,false
131710700,665057,664907,0,664907,131740800,665208,665058,0,665058,30100,151,5016.61,false
131740800,665208,665058,0,665058,131770900,665359,665209,0,665209,30100,151,5016.61,false
131770900,665359,665209,0,665209,131801000,665510,665360,0,665360,30100,151,5016.61,false
131801000,665510,665360,0,665360,131831100,665661,665511,0,665511,30100,151,5016.61,false
131831100,665661,665511,0,665511,131861200,665812,665662,0,665662,30100,151,5016.61,false
131861200,665812,665662,0,665662,131891300,665963,665813,0,665813,30100,151,5016.61,false
131891300,665963,665813,0,665813,131921400,666114,665964,0,665964,30100,151,5016.61,false
131921400,666114,665964,0,665964,131951500,666265,666115,0,666115,30100,151,5016.61,false
131951500,666265,666115,0,666115,131981600,666416,666266,0,666266,30100,151,5016.61,false
131981600,666416,666266,0,666266,132011700,666567,666417,0,666417,30100,151,5016.61,false
132011700,666567,666417,0,666417,132041800,666718,666568,0,666568,30100,151,5016.61,false
132041800,666718,666568,0,666568,132071900,666869,666719,0,666719,30100,151,5016.61,false
132071900,666869,666719,0,666719,132102000,667020,666870,0,666870,30100,151,5016.61,false
132102000,667020,666870,0,666870,132132100,667171,667021,0,667021,30100,151,5016.61,false
132132100,667171,667021,0,667021,132162200,667322,667172,0,667172,30100,151,5016.61,false
132162200,667322,667172,0,667172,132192300,667473,667323,0,667323,30100,151,5016.61,false
132192300,667473,667323,0,667323,132222400,667624,667474,0,667474,30100,151,5016.61,false
132222400,667624,667474,0,667474,132252500,667775,667625,0,667625,30100,151,5016.61,false
132252500,667775,667625,0,667625,132282600,667926,667776,0,667776,30100,151,5016.61,false
132282600,667926,667776,0,667776,132312700,668077,667927,0,667927,30100,151,5016.61,false
132312700,668077,667927,0,667927,132342800,668228,668078,0,668078,30100,151,5016.61,false
132342800,668228,668078,0,668078,132372900,668379,668229,0,668229,30100,151,5016.61,false
132372900,668379,668229,0,668229,132403000,668530,668380,0,668380,30100,151,5016.61,false
132403000,668530,668380,0,668380,132433100,668681,668531,0,668531,30100,151,5016.61,false
132433100,668681,668531,0,668531,132463200,668832,668682,0,668682,30100,151,5016.61,false
132463200,668832,668682,0,668682,132493300,668983,668833,0,668833,30100,151,5016.61,false
132493400,668984,668834,0,668834,132523500,669135,668985,0,668985,30100,151,5016.61,false
132523500,669135,668985,0,668985,132553600,669286,669136,0,669136,30100,151,5016.61,false
132553600,669286,669136,0,669136,132583700,669437,669287,0,669287,30100,151,5016.61,false
132583700,669437,669287,0,669287,132613800,669588,669438,0,669438,30100,151,5016.61,false
132613800,669588,669438,0,669438,132643900,669739,669589,0,669589,30100,151,5016.61,false
132643900,669739,669589,0,669589,132674000,669890,669740,0,669740,30100,151,5016.61,false
132674000,669890,669740,0,669740,132704100,670041,669891,0,669891,30100,151,5016.61,false
132704100,670041,669891,0,669891,132734200,670192,670042,0,670042,30100,151,5016.61,false
132734200,670192,670042,0,670042,132764300,670343,670193,0,670193,30100,151,5016.61,false
132764300,670343,670193,0,670193,132794400,670494,670344,0,670344,30100,151,5016.61,false
132794400,670494,670344,0,670344,132824500,670645,670495,0,670495,30100,151,5016.61,false
132824500,670645,670495,0,670495,132854600,670796,670646,0,670646,30100,151,5016.61,false
132854600,670796,670646,0,670646,132884700,671351,670797,0,670797,30100,151,5016.61,true
132884700,671351,670797,0,670797,132955200,671906,671352,0,671352,70500,555,7872.34,true
132955200,671906,671352,0,671352,133025700,672097,671907,0,671907,70500,555,7872.34,true
133025700,672097,671907,0,671907,133059800,672248,672098,0,672098,34100,191,5601.17,true
133059800,672248,672098,0,672098,133089900,672399,672249,0,672249,30100,151,5016.61,false
133089900,672399,672249,0,672249,133120000,672550,672400,0,672400,30100,151,5016.61,false
133120000,672550,672400,0,672400,133150100,672701,672551,0,672551,30100,151,5016.61,false
133150100,672701,672551,0,672551,133180200,672852,672702,0,672702,30100,151,5016.61,false
133180200,672852,672702,0,672702,133210300,673003,672853,0,672853,30100,151,5016.61,false
133210300,673003,672853,0,672853,133240400,673154,673004,0,673004,30100,151,5016.61,false
133240400,673154,673004,0,673004,133270500,673305,673155,0,673155,30100,151,5016.61,false
133270500,673305,673155,0,673155,133300600,673456,673306,0,673306,30100,151,5016.61,false
133300600,673456,673306,0,673306,133330700,673607,673457,0,673457,30100,151,5016.61,false
133330700,673607,673457,0,673457,133360800,673758,673608,0,673608,30100,151,5016.61,false
133360800,673758,673608,0,673608,133390900,673909,673759,0,673759,30100,151,5016.61,false
133390900,673909,673759,0,673759,133421000,674060,673910,0,673910,30100,151,5016.61,false
133421000,674060,673910,0,673910,133451100,674211,674061,0,674061,30100,151,5016.61,false
133451100,674211,674061,0,674061,133481200,674362,674212,0,674212,30100,151,5016.61,false
133481200,674362,674212,0,674212,133551400,674513,674363,0,674363,70200,151,2151.00,false
133551400,674513,674363,0,674363,133621600,674664,674514,0,674514,70200,151,2151.00,false
133621600,674664,674514,0,674514,133655900,674815,674665,0,674665,34300,151,4402.33,false
133655900,674815,674665,0,674665,133686000,674966,674816,0,674816,30100,151,5016.61,false
133686000,674966,674816,0,674816,133716100,675117,674967,0,674967,30100,151,5016.61,false
133716100,675117,674967,0,674967,133746200,675268,675118,0,675118,30100,151,5016.61,false
133746200,675268,675118,0,675118,133776300,675419,675269,0,675269,30100,151,5016.61,false
133776300,675419,675269,0,675269,133806400,675570,675420,0,675420,30100,151,5016.61,false
133806400,675570,675420,0,675420,133836500,675721,675571,0,675571,30100,151,5016.61,false
133836500,675721,675571,0,675571,133866600,675872,675722,0,675722,30100,151,5016.61,false
133866600,675872,675722,0,675722,133896700,676023,675873,0,675873,30100,151,5016.61,false
133896700,676023,675873,0,675873,133926800,676174,676024,0,676024,30100,151,5016.61,false
133926800,676174,676024,0,676024,133956900,676325,676175,0,676175,30100,151,5016.61,false
133956900,676325,676175,0,676175,133987000,676476,676326,0,676326,30100,151,5016.61,false
133987000,676476,676326,0,676326,134017100,676627,676477,0,676477,30100,151,5016.61,false
134017100,676627,676477,0,676477,134047200,676778,676628,0,676628,30100,151,5016.61,false
134047200,676778,676628,0,676628,134077300,676929,676779,0,676779,30100,151,5016.61,false
134077300,676929,676779,0,676779,134107400,677080,676930,0,676930,30100,151,5016.61,false
134107400,677080,676930,0,676930,134137500,677231,677081,0,677081,30100,151,5016.61,false
134137500,677231,677081,0,677081,134167600,677382,677232,0,677232,30100,151,5016.61,false
134167600,677382,677232,0,677232,134197700,677533,677383,0,677383,30100,151,5016.61,false
134197700,677533,677383,0,677383,134227800,677684,677534,0,677534,30100,151,5016.61,false
134227800,677684,677534,0,677534,134257900,677835,677685,0,677685,30100,151,5016.61,false
134257900,677835,677685,0,677685,134288000,677986,677836,0,677836,30100,151,5016.61,false
134288000,677986,677836,0,677836,134318100,678137,677987,0,677987,30100,151,5016.61,false
134318100,678137,677987,0,677987,134348200,678288,678138,0,678138,30100,151,5016.61,false
134348200,678288,678138,0,678138,134378300,678439,678289,0,678289,30100,151,5016.61,false
134378300,678439,678289,0,678289,134408400,678590,678440,0,678440,30100,151,5016.61,false
134408400,678590,678440,0,678440,134438500,678741,678591,0,678591,30100,151,5016.61,false
134438500,678741,678591,0,678591,134468600,678892,678742,0,678742,30100,151,5016.61,false
134468600,678892,678742,0,678742,134498700,679043,678893,0,678893,30100,151,5016.61,false
134498700,679043,678893,0,678893,134528800,679194,679044,0,679044,30100,151,5016.61,false
134528800,679194,679044,0,679044,134558900,679345,679195,0,679195,30100,151,5016.61,false
134558900,679345,679195,0,679195,134589000,679496,679346,0,679346,30100,151,5016.61,false
134589000,679496,679346,0,679346,134619100,679647,679497,0,679497,30100,151,5016.61,false
134619100,679647,679497,0,679497,134649200,679798,679648,0,679648,30100,151,5016.61,false
134649200,679798,679648,0,679648,134679300,679949,679799,0,679799,30100,151,5016.61,false
134679300,679949,679799,0,679799,134709400,680100,679950,0,679950,30100,151,5016.61,false
134709400,680100,679950,0,679950,134739500,680251,680101,0,680101,30100,151,5016.61,false
134739500,680251,680101,0,680101,134769600,680402,680252,0,680252,30100,151,5016.61,false
134769600,680402,680252,0,680252,134799700,680553,680403,0,680403,30100,151,5016.61,false
134799700,680553,680403,0,680403,134829800,680704,680554,0,680554,30100,151,5016.61,false
134829800,680704,680554,0,680554,134859900,680855,680705,0,680705,30100,151,5016.61,false
134859900,680855,680705,0,680705,134890000,681006,680856,0,680856,30100,151,5016.61,false
134890000,681006,680856,0,680856,134920100,681157,681007,0,681007,30100,151,5016.61,false
134920100,681157,681007,0,681007,134950200,681308,681158,0,681158,30100,151,5016.61,false
134950200,681308,681158,0,681158,134980300,681459,681309,0,681309,30100,151,5016.61,false
134980300,681459,681309,0,681309,135010400,681610,681460,0,681460,30100,151,5016.61,false
135010400,681610,681460,0,681460,135040500,681761,681611,0,681611,30100,151,5016.61,false
135040500,681761,681611,0,681611,135070600,681912,681762,0,681762,30100,151,5016.61,false
135070600,681912,681762,0,681762,135100700,682063,681913,0,681913,30100,151,5016.61,false
135100700,682063,681913,0,681913,135130800,682214,682064,0,682064,30100,151,5016.61,false
135130800,682214,682064,0,682064,135160900,682365,682215,0,682215,30100,151,5016.61,false
135160900,682365,682215,0,682215,135191000,682516,682366,0,682366,30100,151,5016.61,false
135191000,682516,682366,0,682366,135221100,682667,682517,0,682517,30100,151,5016.61,false
135221100,682667,682517,0,682517,135251200,682818,682668,0,682668,30100,151,5016.61,false
135251200,682818,682668,0,682668,135281300,682969,682819,0,682819,30100,151,5016.61,false
135281300,682969,682819,0,682819,135311400,683120,682970,0,682970,30100,151,5016.61,false
135311400,683120,682970,0,682970,135341500,683271,683121,0,683121,30100,151,5016.61,false
135341500,683271,683121,0,683121,135371600,683422,683272,0,683272,30100,151,5016.61,false
135371600,683422,683272,0,683272,135401700,683573,683423,0,683423,30100,151,5016.61,false
135401700,683573,683423,0,683423,135431800,683724,683574,0,683574,30100,151,5016.61,false
135431800,683724,683574,0,683574,135461900,683875,683725,0,683725,30100,151,5016.61,false
135461900,683875,683725,0,683725,135492000,684026,683876,0,683876,30100,151,5016.61,false
135492000,684026,683876,0,683876,135522100,684177,684027,0,684027,30100,151,5016.61,false
135522100,684177,684027,0,684027,135552200,684328,684178,0,684178,30100,151,5016.61,false
135552200,684328,684178,0,684178,135582300,684479,684329,0,684329,30100,151,5016.61,false
135582300,684479,684329,0,684329,135612400,684630,684480,0,684480,30100,151,5016.61,false
135612400,684630,684480,0,684480,135642500,684781,684631,0,684631,30100,151,5016.61,false
135642500,684781,684631,0,684631,135672600,684932,684782,0,684782,30100,151,5016.61,false
135672600,684932,684782,0,684782,135702700,685083,684933,0,684933,30100,151,5016.61,false
135702700,685083,684933,0,684933,135732800,685234,685084,0,685084,30100,151,5016.61,false
135732800,685234,685084,0,685084,135762900,685385,685235,0,685235,30100,151,5016.61,false
135762900,685385,685235,0,685235,135793000,685536,685386,0,685386,30100,151,5016.61,false
135793000,685536,685386,0,685386,135823100,685687,685537,0,685537,30100,151,5016.61,false
135823100,685687,685537,0,685537,135853200,685838,685688,0,685688,30100,151,5016.61,false
135853200,685838,685688,0,685688,135883300,685989,685839,0,685839,30100,151,5016.61,false
135883300,685989,685839,0,685839,135913400,686140,685990,0,685990,30100,151,5016.61,false
135913400,686140,685990,0,685990,135943500,686291,686141,0,686141,30100,151,5016.61,false
135943500,686291,686141,0,686141,135973600,686442,686292,0,686292,30100,151,5016.61,false
135973600,686442,686292,0,686292,136003700,686593,686443,0,686443,30100,151,5016.61,false
136003700,686593,686443,0,686443,136033800,686744,686594,0,686594,30100,151,5016.61,false
136033800,686744,686594,0,686594,136063900,686895,686745,0,686745,30100,151,5016.61,false
136063900,686895,686745,0,686745,136094000,687046,686896,0,686896,30100,151,5016.61,false
136094000,687046,686896,0,686896,136124100,687197,687047,0,687047,30100,151,5016.61,false
136124100,687197,687047,0,687047,136154200,687348,687198,0,687198,30100,151,5016.61,false
136154200,687348,687198,0,687198,136184300,687499,687349,0,687349,30100,151,5016.61,false
136184300,687499,687349,0,687349,136214400,687650,687500,0,687500,30100,151,5016.61,false
136214400,687650,687500,0,687500,136244500,687801,687651,0,687651,30100,151,5016.61,false
136244500,687801,687651,0,687651,136274600,687952,687802,0,687802,30100,151,5016.61,false
136274600,687952,687802,0,687802,136304700,688103,687953,0,687953,30100,151,5016.61,false
136304800,688104,687954,0,687954,136334900,688255,688105,0,688105,30100,151,5016.61,false
136334900,688255,688105,0,688105,136365000,688406,688256,0,688256,30100,151,5016.61,false
136365000,688406,688256,0,688256,136395100,688557,688407,0,688407,30100,151,5016.61,false
136395100,688557,688407,0,688407,136425200,688708,688558,0,688558,30100,151,5016.61,false
136425200,688708,688558,0,688558,136455300,688859,688709,0,688709,30100,151,5016.61,false
136455300,688859,688709,0,688709,136485400,689010,688860,0,688860,30100,151,5016.61,false
136485400,689010,688860,0,688860,136515500,689161,689011,0,689011,30100,151,5016.61,false
136515500,689161,689011,0,689011,136545600,689312,689162,0,689162,30100,151,5016.61,false
136545600,689312,689162,0,689162,136575700,689463,689313,0,689313,30100,151,5016.61,false
136575700,689463,689313,0,689313,136605800,689614,689464,0,689464,30100,151,5016.61,false
136605800,689614,689464,0,689464,136635900,689765,689615,0,689615,30100,151,5016.61,false
136635900,689765,689615,0,689615,136666000,689916,689766,0,689766,30100,151,5016.61,false
136666000,689916,689766,0,689766,136696100,690471,689917,0,689917,30100,151,5016.61,true
136696100,690471,689917,0,689917,136766600,691026,690472,0,690472,70500,555,7872.34,true
136766600,691026,690472,0,690472,136837100,691217,691027,0,691027,70500,555,7872.34,true
136837100,691217,691027,0,691027,136871200,691368,691218,0,691218,34100,191,5601.17,true
136871200,691368,691218,0,691218,136901300,691519,691369,0,691369,30100,151,5016.61,false
136901300,691519,691369,0,691369,136931400,691670,691520,0,691520,30100,151,5016.61,false
136931400,691670,691520,0,691520,136961500,691821,691671,0,691671,30100,151,5016.61,false
136961500,691821,691671,0,691671,136991600,691972,691822,0,691822,30100,151,5016.61,false
136991600,691972,691822,0,691822,137021700,692123,691973,0,691973,30100,151,5016.61,false
137021700,692123,691973,0,691973,137051800,692274,692124,0,692124,30100,151,5016.61,false
137051800,692274,692124,0,692124,137081900,692425,692275,0,692275,30100,151,5016.61,false
137081900,692425,692275,0,692275,137112000,692576,692426,0,692426,30100,151,5016.61,false
137112000,692576,692426,0,692426,137142100,692727,692577,0,692577,30100,151,5016.61,false
137142100,692727,692577,0,692577,137172200,692878,692728,0,692728,30100,151,5016.61,false
137172200,692878,692728,0,692728,137202300,693029,692879,0,692879,30100,151,5016.61,false
137202300,693029,692879,0,692879,137232400,693180,693030,0,693030,30100,151,5016.61,false
137232400,693180,693030,0,693030,137262500,693331,693181,0,693181,30100,151,5016.61,false
137262500,693331,693181,0,693181,137292600,693482,693332,0,693332,30100,151,5016.61,false
137292600,693482,693332,0,693332,137362800,693633,693483,0,693483,70200,151,2151.00,false
137362800,693633,693483,0,693483,137433000,693784,693634,0,693634,70200,151,2151.00,false
137433000,693784,693634,0,693634,137467300,693935,693785,0,693785,34300,151,4402.33,false
137467300,693935,693785,0,693785,137497400,694086,693936,0,693936,30100,151,5016.61,false
137497400,694086,693936,0,693936,137527500,694237,694087,0,694087,30100,151,5016.61,false
137527500,694237,694087,0,694087,137557600,694388,694238,0,694238,30100,151,5016.61,false
137557600,694388,694238,0,694238,137587700,694539,694389,0,694389,30100,151,5016.61,false
137587700,694539,694389,0,694389,137617800,694690,694540,0,694540,30100,151,5016.61,false
137617800,694690,694540,0,694540,137647900,694841,694691,0,694691,30100,151,5016.61,false
137647900,694841,694691,0,694691,137678000,694992,694842,0,694842,30100,151,5016.61,false
137678000,694992,694842,0,694842,137708100,695143,694993,0,694993,30100,151,5016.61,false
137708100,695143,694993,0,694993,137738200,695294,695144,0,695144,30100,151,5016.61,false
137738200,695294,695144,0,695144,137768300,695445,695295,0,695295,30100,151,5016.61,false
137768300,695445,695295,0,695295,137798400,695596,695446,0,695446,30100,151,5016.61,false
137798400,695596,695446,0,695446,137828500,695747,695597,0,695597,30100,151,5016.61,false
137828500,695747,695597,0,695597,137858600,695898,695748,0,695748,30100,151,5016.61,false
137858600,695898,695748,0,695748,137888700,696049,695899,0,695899,30100,151,5016.61,false
137888700,696049,695899,0,695899,137918800,696200,696050,0,696050,30100,151,5016.61,false
137918800,696200,696050,0,696050,137948900,696351,696201,0,696201,30100,151,5016.61,false
137948900,696351,696201,0,696201,137979000,696502,696352,0,696352,30100,151,5016.61,false
137979000,696502,696352,0,696352,138009100,696653,696503,0,696503,30100,151,5016.61,false
138009100,696653,696503,0,696503,138039200,696804,696654,0,696654,30100,151,5016.61,false
138039200,696804,696654,0,696654,138069300,696955,696805,0,696805,30100,151,5016.61,false
138069300,696955,696805,0,696805,138099400,697106,696956,0,696956,30100,151,5016.61,false
138099400,697106,696956,0,696956,138129500,697257,697107,0,697107,30100,151,5016.61,false
138129500,697257,697107,0,697107,138159600,697408,697258,0,697258,30100,151,5016.61,false
138159600,697408,697258,0,697258,138189700,697559,697409,0,697409,30100,151,5016.61,false
138189700,697559,697409,0,697409,138219800,697710,697560,0,697560,30100,151,5016.61,false
138219800,697710,697560,0,697560,138249900,697861,697711,0,697711,30100,151,5016.61,false
138249900,697861,697711,0,697711,138280000,698012,697862,0,697862,30100,151,5016.61,false
138280000,698012,697862,0,697862,138310100,698163,698013,0,698013,30100,151,5016.61,false
138310100,698163,698013,0,698013,138340200,698314,698164,0,698164,30100,151,5016.61,false
138340200,698314,698164,0,698164,138370300,698465,698315,0,698315,30100,151,5016.61,false
138370300,698465,698315,0,698315,138400400,698616,698466,0,698466,30100,151,5016.61,false
138400400,698616,698466,0,698466,138430500,698767,698617,0,698617,30100,151,5016.61,false
138430500,698767,698617,0,698617,138460600,698918,698768,0,698768,30100,151,5016.61,false
138460600,698918,698768,0,698768,138490700,699069,698919,0,698919,30100,151,5016.61,false
138490700,699069,698919,0,698919,138520800,699220,699070,0,699070,30100,151,5016.61,false
138520800,699220,699070,0,699070,138550900,699371,699221,0,699221,30100,151,5016.61,false
138550900,699371,699221,0,699221,138581000,699522,699372,0,699372,30100,151,5016.61,false
138581000,699522,699372,0,699372,138611100,699673,699523,0,699523,30100,151,5016.61,false
138611100,699673,699523,0,699523,138641200,699824,699674,0,699674,30100,151,5016.61,false
138641200,699824,699674,0,699674,138671300,699975,699825,0,699825,30100,151,5016.61,false
138671300,699975,699825,0,699825,138701400,700126,699976,0,699976,30100,151,5016.61,false
138701400,700126,699976,0,699976,138731500,700277,700127,0,700127,30100,151,5016.61,false
138731500,700277,700127,0,700127,138761600,700428,700278,0,700278,30100,151,5016.61,false
138761600,700428,700278,0,700278,138791700,700579,700429,0,700429,30100,151,5016.61,false
138791700,700579,700429,0,700429,138821800,700730,700580,0,700580,30100,151,5016.61,false
138821800,700730,700580,0,700580,138851900,700881,700731,0,700731,30100,151,5016.61,false
138851900,700881,700731,0,700731,138882000,701032,700882,0,700882,30100,151,5016.61,false
138882000,701032,700882,0,700882,138912100,701183,701033,0,701033,30100,151,5016.61,false
138912100,701183,701033,0,701033,138942200,701334,701184,0,701184,30100,151,5016.61,false
138942200,701334,701184,0,701184,138972300,701485,701335,0,701335,30100,151,5016.61,false
138972300,701485,701335,0,701335,139002400,701636,701486,0,701486,30100,151,5016.61,false
139002400,701636,701486,0,701486,139032500,701787,701637,0,701637,30100,151,5016.61,false
139032500,701787,701637,0,701637,139062600,701938,701788,0,701788,30100,151,5016.61,false
139062600,701938,701788,0,701788,139092700,702089,701939,0,701939,30100,151,5016.61,false
139092700,702089,701939,0,701939,139122800,702240,702090,0,702090,30100,151,5016.61,false
139122800,702240,702090,0,702090,139152900,702391,702241,0,702241,30100,151,5016.61,false
139152900,702391,702241,0,702241,139183000,702542,702392,0,702392,30100,151,5016.61,false
139183000,702542,702392,0,702392,139213100,702693,702543,0,702543,30100,151,5016.61,false
139213100,702693,702543,0,702543,139243200,702844,702694,0,702694,30100,151,5016.61,false
139243200,702844,702694,0,702694,139273300,702995,702845,0,702845,30100,151,5016.61,false
139273300,702995,702845,0,702845,139303400,703146,702996,0,702996,30100,151,5016.61,false
139303400,703146,702996,0,702996,139333500,703297,703147,0,703147,30100,151,5016.61,false
139333500,703297,703147,0,703147,139363600,703448,703298,0,703298,30100,151,5016.61,false
139363600,703448,703298,0,703298,139393700,703599,703449,0,703449,30100,151,5016.61,false
139393700,703599,703449,0,703449,139423800,703750,703600,0,703600,30100,151,5016.61,false
139423800,703750,703600,0,703600,139453900,703901,703751,0,703751,30100,151,5016.61,false
139453900,703901,703751,0,703751,139484000,704052,703902,0,703902,30100,151,5016.61,false
139484000,704052,703902,0,703902,139514100,704203,704053,0,704053,30100,151,5016.61,false
139514100,704203,704053,0,704053,139544200,704354,704204,0,704204,30100,151,5016.61,false
139544200,704354,704204,0,704204,139574300,704505,704355,0,704355,30100,151,5016.61,false
139574300,704505,704355,0,704355,139604400,704656,704506,0,704506,30100,151,5016.61,false
139604400,704656,704506,0,704506,139634500,704807,704657,0,704657,30100,151,5016.61,false
139634500,704807,704657,0,704657,139664600,704958,704808,0,704808,30100,151,5016.61,false
139664600,704958,704808,0,704808,139694700,705109,704959,0,704959,30100,151,5016.61,false
139694700,705109,704959,0,704959,139724800,705260,705110,0,705110,30100,151,5016.61,false
139724800,705260,705110,0,705110,139754900,705411,705261,0,705261,30100,151,5016.61,false
139754900,705411,705261,0,705261,139785000,705562,705412,0,705412,30100,151,5016.61,false
139785000,705562,705412,0,705412,139815100,705713,705563,0,705563,30100,151,5016.61,false
139815100,705713,705563,0,705563,139845200,705864,705714,0,705714,30100,151,5016.61,false
139845200,705864,705714,0,705714,139875300,706015,705865,0,705865,30100,151,5016.61,false
139875300,706015,705865,0,705865,139905400,706166,706016,0,706016,30100,151,5016.61,false
139905400,706166,706016,0,706016,139935500,706317,706167,0,706167,30100,151,5016.61,false
139935500,706317,706167,0,706167,139965600,706468,706318,0,706318,30100,151,5016.61,false
139965600,706468,706318,0,706318,139995700,706619,706469,0,706469,30100,151,5016.61,false
139995700,706619,706469,0,706469,140025800,706770,706620,0,706620,30100,151,5016.61,false
140025800,706770,706620,0,706620,140055900,706921,706771,0,706771,30100,151,5016.61,false
140055900,706921,706771,0,706771,140086000,707072,706922,0,706922,30100,151,5016.61,false
140086000,707072,706922,0,706922,140116100,707223,707073,0,707073,30100,151,5016.61,false
140116200,707224,707074,0,707074,140146300,707375,707225,0,707225,30100,151,5016.61,false
140146300,707375,707225,0,707225,140176400,707526,707376,0,707376,30100,151,5016.61,false
140176400,707526,707376,0,707376,140206500,707677,707527,0,707527,30100,151,5016.61,false
140206500,707677,707527,0,707527,140236600,707828,707678,0,707678,30100,151,5016.61,false
140236600,707828,707678,0,707678,140266700,707979,707829,0,707829,30100,151,5016.61,false
140266700,707979,707829,0,707829,140296800,708130,707980,0,707980,30100,151,5016.61,false
140296800,708130,707980,0,707980,140326900,708281,708131,0,708131,30100,151,5016.61,false
140326900,708281,708131,0,708131,140357000,708432,708282,0,708282,30100,151,5016.61,false
140357000,708432,708282,0,708282,140387100,708583,708433,0,708433,30100,151,5016.61,false
140387100,708583,708433,0,708433,140417200,708734,708584,0,708584,30100,151,5016.61,false
140417200,708734,708584,0,708584,140447300,708885,708735,0,708735,30100,151,5016.61,false
140447300,708885,708735,0,708735,140477400,709036,708886,0,708886,30100,151,5016.61,false
140477400,709036,708886,0,708886,140507500,709591,709037,0,709037,30100,151,5016.61,true
140507500,709591,709037,0,709037,140578000,710146,709592,0,709592,70500,555,7872.34,true
140578000,710146,709592,0,709592,140648500,710337,710147,0,710147,70500,555,7872.34,true
140648500,710337,710147,0,710147,140682600,710488,710338,0,710338,34100,191,5601.17,true
140682600,710488,710338,0,710338,140712700,710639,710489,0,710489,30100,151,5016.61,false
140712700,710639,710489,0,710489,140742800,710790,710640,0,710640,30100,151,5016.61,false
140742800,710790,710640,0,710640,140772900,710941,710791,0,710791,30100,151,5016.61,false
140772900,710941,710791,0,710791,140803000,711092,710942,0,710942,30100,151,5016.61,false
140803000,711092,710942,0,710942,140833100,711243,711093,0,711093,30100,151,5016.61,false
140833100,711243,711093,0,711093,140863200,711394,711244,0,711244,30100,151,5016.61,false
140863200,711394,711244,0,711244,140893300,711545,711395,0,711395,30100,151,5016.61,false
140893300,711545,711395,0,711395,140923400,711696,711546,0,711546,30100,151,5016.61,false
140923400,711696,711546,0,711546,140953500,711847,711697,0,711697,30100,151,5016.61,false
140953500,711847,711697,0,711697,140983600,711998,711848,0,711848,30100,151,5016.61,false
140983600,711998,711848,0,711848,141013700,712149,711999,0,711999,30100,151,5016.61,false
141013700,712149,711999,0,711999,141043800,712300,712150,0,712150,30100,151,5016.61,false
141043800,712300,712150,0,712150,141073900,712451,712301,0,712301,30100,151,5016.61,false
141073900,712451,712301,0,712301,141104000,712602,712452,0,712452,30100,151,5016.61,false
141104000,712602,712452,0,712452,141174200,712753,712603,0,712603,70200,151,2151.00,false
141174200,712753,712603,0,712603,141244400,712904,712754,0,712754,70200,151,2151.00,false
141244400,712904,712754,0,712754,141278700,713055,712905,0,712905,34300,151,4402.33,false
141278700,713055,712905,0,712905,141308800,713206,713056,0,713056,30100,151,5016.61,false
141308800,713206,713056,0,713056,141338900,713357,713207,0,713207,30100,151,5016.61,false
141338900,713357,713207,0,713207,141369000,713508,713358,0,713358,30100,151,5016.61,false
141369000,713508,713358,0,713358,141399100,713659,713509,0,713509,30100,151,5016.61,false
141399100,713659,713509,0,713509,141429200,713810,713660,0,713660,30100,151,5016.61,false
141429200,713810,713660,0,713660,141459300,713961,713811,0,713811,30100,151,5016.61,false
141459300,713961,713811,0,713811,141489400,714112,713962,0,713962,30100,151,5016.61,false
141489400,714112,713962,0,713962,141519500,714263,714113,0,714113,30100,151,5016.61,false
141519500,714263,714113,0,714113,141549600,714414,714264,0,714264,30100,151,5016.61,false
141549600,714414,714264,0,714264,141579700,714565,714415,0,714415,30100,151,5016.61,false
141579700,714565,714415,0,714415,141609800,714716,714566,0,714566,30100,151,5016.61,false
141609800,714716,714566,0,714566,141639900,714867,714717,0,714717,30100,151,5016.61,false
141639900,714867,714717,0,714717,141670000,715018,714868,0,714868,30100,151,5016.61,false
141670000,715018,714868,0,714868,141700100,715169,715019,0,715019,30100,151,5016.61,false
141700100,715169,715019,0,715019,141730200,715320,715170,0,715170,30100,151,5016.61,false
141730200,715320,715170,0,715170,141760300,715471,715321,0,715321,30100,151,5016.61,false
141760300,715471,715321,0,715321,141790400,715622,715472,0,715472,30100,151,5016.61,false
141790400,715622,715472,0,715472,141820500,715773,715623,0,715623,30100,151,5016.61,false
141820500,715773,715623,0,715623,141850600,715924,715774,0,715774,30100,151,5016.61,false
141850600,715924,715774,0,715774,141880700,716075,715925,0,715925,30100,151,5016.61,false
141880700,716075,715925,0,715925,141910800,716226,716076,0,716076,30100,151,5016.61,false
141910800,716226,716076,0,716076,141940900,716377,716227,0,716227,30100,151,5016.61,false
141940900,716377,716227,0,716227,141971000,716528,716378,0,716378,30100,151,5016.61,false
141971000,716528,716378,0,716378,142001100,716679,716529,0,716529,30100,151,5016.61,false
142001100,716679,716529,0,716529,142031200,716830,716680,0,716680,30100,151,5016.61,false
142031200,716830,716680,0,716680,142061300,716981,716831,0,716831,30100,151,5016.61,false
142061300,716981,716831,0,716831,142091400,717132,716982,0,716982,30100,151,5016.61,false
142091400,717132,716982,0,716982,142121500,717283,717133,0,717133,30100,151,5016.61,false
142121500,717283,717133,0,717133,142151600,717434,717284,0,717284,30100,151,5016.61,false
142151600,717434,717284,0,717284,142181700,717585,717435,0,717435,30100,151,5016.61,false
142181700,717585,717435,0,717435,142211800,717736,717586,0,717586,30100,151,5016.61,false
142211800,717736,717586,0,717586,142241900,717887,717737,0,717737,30100,151,5016.61,false
142241900,717887,717737,0,717737,142272000,718038,717888,0,717888,30100,151,5016.61,false
142272000,718038,717888,0,717888,142302100,718189,718039,0,718039,30100,151,5016.61,false
142302100,718189,718039,0,718039,142332200,718340,718190,0,718190,30100,151,5016.61,false
142332200,718340,718190,0,718190,142362300,718491,718341,0,718341,30100,151,5016.61,false
142362300,718491,718341,0,718341,142392400,718642,718492,0,718492,30100,151,5016.61,false
142392400,718642,718492,0,718492,142422500,718793,718643,0,718643,30100,151,5016.61,false
142422500,718793,718643,0,718643,142452600,718944,718794,0,718794,30100,151,5016.61,false
142452600,718944,718794,0,718794,142482700,719095,718945,0,718945,30100,151,5016.61,false
142482700,719095,718945,0,718945,142512800,719246,719096,0,719096,30100,151,5016.61,false
142512800,719246,719096,0,719096,142542900,719397,719247,0,719247,30100,151,5016.61,false
142542900,719397,719247,0,719247,142573000,719548,719398,0,719398,30100,151,5016.61,false
142573000,719548,719398,0,719398,142603100,719699,719549,0,719549,30100,151,5016.61,false
142603100,719699,719549,0,719549,142633200,719850,719700,0,719700,30100,151,5016.61,false
142633200,719850,719700,0,719700,142663300,720001,719851,0,719851,30100,151,5016.61,false
142663300,720001,719851,0,719851,142693400,720152,720002,0,720002,30100,151,5016.61,false
142693400,720152,720002,0,720002,142723500,720303,720153,0,720153,30100,151,5016.61,false
142723500,720303,720153,0,720153,142753600,720454,720304,0,720304,30100,151,5016.61,false
142753600,720454,720304,0,720304,142783700,720605,720455,0,720455,30100,151,5016.61,false
142783700,720605,720455,0,720455,142813800,720756,720606,0,720606,30100,151,5016.61,false
142813800,720756,720606,0,720606,142843900,720907,720757,0,720757,30100,151,5016.61,false
142843900,720907,720757,0,720757,142874000,721058,720908,0,720908,30100,151,5016.61,false
142874000,721058,720908,0,720908,142904100,721209,721059,0,721059,30100,151,5016.61,false
142904100,721209,721059,0,721059,142934200,721360,721210,0,721210,30100,151,5016.61,false
142934200,721360,721210,0,721210,142964300,721511,721361,0,721361,30100,151,5016.61,false
142964300,721511,721361,0,721361,142994400,721662,721512,0,721512,30100,151,5016.61,false
142994400,721662,721512,0,721512,143024500,721813,721663,0,721663,30100,151,5016.61,false
143024500,721813,721663,0,721663,143054600,721964,721814,0,721814,30100,151,5016.61,false
143054600,721964,721814,0,721814,143084700,722115,721965,0,721965,30100,151,5016.61,false
143084700,722115,721965,0,721965,143114800,722266,722116,0,722116,30100,151,5016.61,false
143114800,722266,722116,0,722116,143144900,722417,722267,0,722267,30100,151,5016.61,false
143144900,722417,722267,0,722267,143175000,722568,722418,0,722418,30100,151,5016.61,false
143175000,722568,722418,0,722418,143205100,722719,722569,0,722569,30100,151,5016.61,false
143205100,722719,722569,0,722569,143235200,722870,722720,0,722720,30100,151,5016.61,false
143235200,722870,722720,0,722720,143265300,723021,722871,0,722871,30100,151,5016.61,false
143265300,723021,722871,0,722871,143295400,723172,723022,0,723022,30100,151,5016.61,false
143295400,723172,723022,0,723022,143325500,723323,723173,0,723173,30100,151,5016.61,false
143325500,723323,723173,0,723173,143355600,723474,723324,0,723324,30100,151,5016.61,false
143355600,723474,723324,0,723324,143385700,723625,723475,0,723475,30100,151,5016.61,false
143385700,723625,723475,0,723475,143415800,723776,723626,0,723626,30100,151,5016.61,false
143415800,723776,723626,0,723626,143445900,723927,723777,0,723777,30100,151,5016.61,false
143445900,723927,723777,0,723777,143476000,724078,723928,0,723928,30100,151,5016.61,false
143476000,724078,723928,0,723928,143506100,724229,724079,0,724079,30100,151,5016.61,false
143506100,724229,724079,0,724079,143536200,724380,724230,0,724230,30100,151,5016.61,false
143536200,724380,724230,0,724230,143566300,724531,724381,0,724381,30100,151,5016.61,false
143566300,724531,724381,0,724381,143596400,724682,724532,0,724532,30100,151,5016.61,false
143596400,724682,724532,0,724532,143626500,724833,724683,0,724683,30100,151,5016.61,false
143626500,724833,724683,0,724683,143656600,724984,724834,0,724834,30100,151,5016.61,false
143656600,724984,724834,0,724834,143686700,725135,724985,0,724985,30100,151,5016.61,false
143686700,725135,724985,0,724985,143716800,725286,725136,0,725136,30100,151,5016.61,false
143716800,725286,725136,0,725136,143746900,725437,725287,0,725287,30100,151,5016.61,false
143746900,725437,725287,0,725287,143777000,725588,725438,0,725438,30100,151,5016.61,false
143777000,725588,725438,0,725438,143807100,725739,725589,0,725589,30100,151,5016.61,false
143807100,725739,725589,0,725589,143837200,725890,725740,0,725740,30100,151,5016.61,false
143837200,725890,725740,0,725740,143867300,726041,725891,0,725891,30100,151,5016.61,false
143867300,726041,725891,0,725891,143897400,726192,726042,0,726042,30100,151,5016.61,false
143897400,726192,726042,0,726042,143927500,726343,726193,0,726193,30100,151,5016.61,false
143927600,726344,726194,0,726194,143957700,726495,726345,0,726345,30100,151,5016.61,false
143957700,726495,726345,0,726345,143987800,726646,726496,0,726496,30100,151,5016.61,false
143987800,726646,726496,0,726496,144017900,726797,726647,0,726647,30100,151,5016.61,false
144017900,726797,726647,0,726647,144048000,726948,726798,0,726798,30100,151,5016.61,false
144048000,726948,726798,0,726798,144078100,727099,726949,0,726949,30100,151,5016.61,false
144078100,727099,726949,0,726949,144108200,727250,727100,0,727100,30100,151,5016.61,false
144108200,727250,727100,0,727100,144138300,727401,727251,0,727251,30100,151,5016.61,false
144138300,727401,727251,0,727251,144168400,727552,727402,0,727402,30100,151,5016.61,false
144168400,727552,727402,0,727402,144198500,727703,727553,0,727553,30100,151,5016.61,false
144198500,727703,727553,0,727553,144228600,727854,727704,0,727704,30100,151,5016.61,false
144228600,727854,727704,0,727704,144258700,728005,727855,0,727855,30100,151,5016.61,false
144258700,728005,727855,0,727855,144288800,728156,728006,0,728006,30100,151,5016.61,false
144288800,728156,728006,0,728006,144318900,728711,728157,0,728157,30100,151,5016.61,true
144318900,728711,728157,0,728157,144389400,729266,728712,0,728712,70500,555,7872.34,true
144389400,729266,728712,0,728712,144459900,729457,729267,0,729267,70500,555,7872.34,true
144459900,729457,729267,0,729267,144494000,729608,729458,0,729458,34100,191,5601.17,true
144494000,729608,729458,0,729458,144524100,729759,729609,0,729609,30100,151,5016.61,false
144524100,729759,729609,0,729609,144554200,729910,729760,0,729760,30100,151,5016.61,false
144554200,729910,729760,0,729760,144584300,730061,729911,0,729911,30100,151,5016.61,false
144584300,730061,729911,0,729911,144614400,730212,730062,0,730062,30100,151,5016.61,false
144614400,730212,730062,0,730062,144644500,730363,730213,0,730213,30100,151,5016.61,false
144644500,730363,730213,0,730213,144674600,730514,730364,0,730364,30100,151,5016.61,false
144674600,730514,730364,0,730364,144704700,730665,730515,0,730515,30100,151,5016.61,false
144704700,730665,730515,0,730515,144734800,730816,730666,0,730666,30100,151,5016.61,false
144734800,730816,730666,0,730666,144764900,730967,730817,0,730817,30100,151,5016.61,false
144764900,730967,730817,0,730817,144795000,731118,730968,0,730968,30100,151,5016.61,false
144795000,731118,730968,0,730968,144825100,731269,731119,0,731119,30100,151,5016.61,false
144825100,731269,731119,0,731119,144855200,731420,731270,0,731270,30100,151,5016.61,false
144855200,731420,731270,0,731270,144885300,731571,731421,0,731421,30100,151,5016.61,false
144885300,731571,731421,0,731421,144915400,731722,731572,0,731572,30100,151,5016.61,false
144915400,731722,731572,0,731572,144985600,731873,731723,0,731723,70200,151,2151.00,false
144985600,731873,731723,0,731723,145055800,732024,731874,0,731874,70200,151,2151.00,false
145055800,732024,731874,0,731874,145090100,732175,732025,0,732025,34300,151,4402.33,false
145090100,732175,732025,0,732025,145120200,732326,732176,0,732176,30100,151,5016.61,false
145120200,732326,732176,0,732176,145150300,732477,732327,0,732327,30100,151,5016.61,false
145150300,732477,732327,0,732327,145180400,732628,732478,0,732478,30100,151,5016.61,false
145180400,732628,732478,0,732478,145210500,732779,732629,0,732629,30100,151,5016.61,false
145210500,732779,732629,0,732629,145240600,732930,732780,0,732780,30100,151,5016.61,false
145240600,732930,732780,0,732780,145270700,733081,732931,0,732931,30100,151,5016.61,false
145270700,733081,732931,0,732931,145300800,733232,733082,0,733082,30100,151,5016.61,false
145300800,733232,733082,0,733082,145330900,733383,733233,0,733233,30100,151,5016.61,false
145330900,733383,733233,0,733233,145361000,733534,733384,0,733384,30100,151,5016.61,false
145361000,733534,733384,0,733384,145391100,733685,733535,0,733535,30100,151,5016.61,false
145391100,733685,733535,0,733535,145421200,733836,733686,0,733686,30100,151,5016.61,false
145421200,733836,733686,0,733686,145451300,733987,733837,0,733837,30100,151,5016.61,false
145451300,733987,733837,0,733837,145481400,734138,733988,0,733988,30100,151,5016.61,false
145481400,734138,733988,0,733988,145511500,734289,734139,0,734139,30100,151,5016.61,false
145511500,734289,734139,0,734139,145541600,734440,734290,0,734290,30100,151,5016.61,false
145541600,734440,734290,0,734290,145571700,734591,734441,0,734441,30100,151,5016.61,false
145571700,734591,734441,0,734441,145601800,734742,734592,0,734592,30100,151,5016.61,false
145601800,734742,734592,0,734592,145631900,734893,734743,0,734743,30100,151,5016.61,false
145631900,734893,734743,0,734743,145662000,735044,734894,0,734894,30100,151,5016.61,false
145662000,735044,734894,0,734894,145692100,735195,735045,0,735045,30100,151,5016.61,false
145692100,735195,735045,0,735045,145722200,735346,735196,0,735196,30100,151,5016.61,false
145722200,735346,735196,0,735196,145752300,735497,735347,0,735347,30100,151,5016.61,false
145752300,735497,735347,0,735347,145782400,735648,735498,0,735498,30100,151,5016.61,false
145782400,735648,735498,0,735498,145812500,735799,735649,0,735649,30100,151,5016.61,false
145812500,735799,735649,0,735649,145842600,735950,735800,0,735800,30100,151,5016.61,false
145842600,735950,735800,0,735800,145872700,736101,735951,0,735951,30100,151,5016.61,false
145872700,736101,735951,0,735951,145902800,736252,736102,0,736102,30100,151,5016.61,false
145902800,736252,736102,0,736102,145932900,736403,736253,0,736253,30100,151,5016.61,false
145932900,736403,736253,0,736253,145963000,736554,736404,0,736404,30100,151,5016.61,false
145963000,736554,736404,0,736404,145993100,736705,736555,0,736555,30100,151,5016.61,false
145993100,736705,736555,0,736555,146023200,736856,736706,0,736706,30100,151,5016.61,false
146023200,736856,736706,0,736706,146053300,737007,736857,0,736857,30100,151,5016.61,false
146053300,737007,736857,0,736857,146083400,737158,737008,0,737008,30100,151,5016.61,false
146083400,737158,737008,0,737008,146113500,737309,737159,0,737159,30100,151,5016.61,false
146113500,737309,737159,0,737159,146143600,737460,737310,0,737310,30100,151,5016.61,false
146143600,737460,737310,0,737310,146173700,737611,737461,0,737461,30100,151,5016.61,false
146173700,737611,737461,0,737461,146203800,737762,737612,0,737612,30100,151,5016.61,false
146203800,737762,737612,0,737612,146233900,737913,737763,0,737763,30100,151,5016.61,false
146233900,737913,737763,0,737763,146264000,738064,737914,0,737914,30100,151,5016.61,false
146264000,738064,737914,0,737914,146294100,738215,738065,0,738065,30100,151,5016.61,false
146294100,738215,738065,0,738065,146324200,738366,738216,0,738216,30100,151,5016.61,false
146324200,738366,738216,0,738216,146354300,738517,738367,0,738367,30100,151,5016.61,false
146354300,738517,738367,0,738367,146384400,738668,738518,0,738518,30100,151,5016.61,false
146384400,738668,738518,0,738518,146414500,738819,738669,0,738669,30100,151,5016.61,false
146414500,738819,738669,0,738669,146444600,738970,738820,0,738820,30100,151,5016.61,false
146444600,738970,738820,0,738820,146474700,739121,738971,0,738971,30100,151,5016.61,false
146474700,739121,738971,0,738971,146504800,739272,739122,0,739122,30100,151,5016.61,false
146504800,739272,739122,0,739122,146534900,739423,739273,0,739273,30100,151,5016.61,false
146534900,739423,739273,0,739273,146565000,739574,739424,0,739424,30100,151,5016.61,false
146565000,739574,739424,0,739424,146595100,739725,739575,0,739575,30100,151,5016.61,false
146595100,739725,739575,0,739575,146625200,739876,739726,0,739726,30100,151,5016.61,false
146625200,739876,739726,0,739726,146655300,740027,739877,0,739877,30100,151,5016.61,false
146655300,740027,739877,0,739877,146685400,740178,740028,0,740028,30100,151,5016.61,false
146685400,740178,740028,0,740028,146715500,740329,740179,0,740179,30100,151,5016.61,false
146715500,740329,740179,0,740179,146745600,740480,740330,0,740330,30100,151,5016.61,false
146745600,740480,740330,0,740330,146775700,740631,740481,0,740481,30100,151,5016.61,false
146775700,740631,740481,0,740481,146805800,740782,740632,0,740632,30100,151,5016.61,false
146805800,740782,740632,0,740632,146835900,740933,740783,0,740783,30100,151,5016.61,false
146835900,740933,740783,0,740783,146866000,741084,740934,0,740934,30100,151,5016.61,false
146866000,741084,740934,0,740934,146896100,741235,741085,0,741085,30100,151,5016.61,false
146896100,741235,741085,0,741085,146926200,741386,741236,0,741236,30100,151,5016.61,false
146926200,741386,741236,0,741236,146956300,741537,741387,0,741387,30100,151,5016.61,false
146956300,741537,741387,0,741387,146986400,741688,741538,0,741538,30100,151,5016.61,false
146986400,741688,741538,0,741538,147016500,741839,741689,0,741689,30100,151,5016.61,false
147016500,741839,741689,0,741689,147046600,741990,741840,0,741840,30100,151,5016.61,false
147046600,741990,741840,0,741840,147076700,742141,741991,0,741991,30100,151,5016.61,false
147076700,742141,741991,0,741991,147106800,742292,742142,0,742142,30100,151,5016.61,false
147106800,742292,742142,0,742142,147136900,742443,742293,0,742293,30100,151,5016.61,false
147136900,742443,742293,0,742293,147167000,742594,742444,0,742444,30100,151,5016.61,false
147167000,742594,742444,0,742444,147197100,742745,742595,0,742595,30100,151,5016.61,false
147197100,742745,742595,0,742595,147227200,742896,742746,0,742746,30100,151,5016.61,false
147227200,742896,742746,0,742746,147257300,743047,742897,0,742897,30100,151,5016.61,false
147257300,743047,742897,0,742897,147287400,743198,743048,0,743048,30100,151,5016.61,false
147287400,743198,743048,0,743048,147317500,743349,743199,0,743199,30100,151,5016.61,false
147317500,743349,743199,0,743199,147347600,743500,743350,0,743350,30100,151,5016.61,false
147347600,743500,743350,0,743350,147377700,743651,743501,0,743501,30100,151,5016.61,false
147377700,743651,743501,0,743501,147407800,743802,743652,0,743652,30100,151,5016.61,false
147407800,743802,743652,0,743652,147437900,743953,743803,0,743803,30100,151,5016.61,false
147437900,743953,743803,0,743803,147468000,744104,743954,0,743954,30100,151,5016.61,false
147468000,744104,743954,0,743954,147498100,744255,744105,0,744105,30100,151,5016.61,false
147498100,744255,744105,0,744105,147528200,744406,744256,0,744256,30100,151,5016.61,false
147528200,744406,744256,0,744256,147558300,744557,744407,0,744407,30100,151,5016.61,false
147558300,744557,744407,0,744407,147588400,744708,744558,0,744558,30100,151,5016.61,false
147588400,744708,744558,0,744558,147618500,744859,744709,0,744709,30100,151,5016.61,false
147618500,744859,744709,0,744709,147648600,745010,744860,0,744860,30100,151,5016.61,false
147648600,745010,744860,0,744860,147678700,745161,745011,0,745011,30100,151,5016.61,false
147678700,745161,745011,0,745011,147708800,745312,745162,0,745162,30100,151,5016.61,false
147708800,745312,745162,0,745162,147738900,745463,745313,0,745313,30100,151,5016.61,false
147739000,745464,745314,0,745314,147769100,745615,745465,0,745465,30100,151,5016.61,false
147769100,745615,745465,0,745465,147799200,745766,745616,0,745616,30100,151,5016.61,false
147799200,745766,745616,0,745616,147829300,745917,745767,0,745767,30100,151,5016.61,false
147829300,745917,745767,0,745767,147859400,746068,745918,0,745918,30100,151,5016.61,false
147859400,746068,745918,0,745918,147889500,746219,746069,0,746069,30100,151,5016.61,false
147889500,746219,746069,0,746069,147919600,746370,746220,0,746220,30100,151,5016.61,false
147919600,746370,746220,0,746220,147949700,746521,746371,0,746371,30100,151,5016.61,false
147949700,746521,746371,0,746371,147979800,746672,746522,0,746522,30100,151,5016.61,false
147979800,746672,746522,0,746522,148009900,746823,746673,0,746673,30100,151,5016.61,false
148009900,746823,746673,0,746673,148040000,746974,746824,0,746824,30100,151,5016.61,false
148040000,746974,746824,0,746824,148070100,747125,746975,0,746975,30100,151,5016.61,false
148070100,747125,746975,0,746975,148100200,747276,747126,0,747126,30100,151,5016.61,false
148100200,747276,747126,0,747126,148130300,747831,747277,0,747277,30100,151,5016.61,true
148130300,747831,747277,0,747277,148200800,748386,747832,0,747832,70500,555,7872.34,true
148200800,748386,747832,0,747832,148271300,748577,748387,0,748387,70500,555,7872.34,true
148271300,748577,748387,0,748387,148305400,748728,748578,0,748578,34100,191,5601.17,true
148305400,748728,748578,0,748578,148335500,748879,748729,0,748729,30100,151,5016.61,false
148335500,748879,748729,0,748729,148365600,749030,748880,0,748880,30100,151,5016.61,false
148365600,749030,748880,0,748880,148395700,749181,749031,0,749031,30100,151,5016.61,false
148395700,749181,749031,0,749031,148425800,749332,749182,0,749182,30100,151,5016.61,false
148425800,749332,749182,0,749182,148455900,749483,749333,0,749333,30100,151,5016.61,false
148455900,749483,749333,0,749333,148486000,749634,749484,0,749484,30100,151,5016.61,false
148486000,749634,749484,0,749484,148516100,749785,749635,0,749635,30100,151,5016.61,false
148516100,749785,749635,0,749635,148546200,749936,749786,0,749786,30100,151,5016.61,false
148546200,749936,749786,0,749786,148576300,750087,749937,0,749937,30100,151,5016.61,false
148576300,750087,749937,0,749937,148606400,750238,750088,0,750088,30100,151,5016.61,false
148606400,750238,750088,0,750088,148636500,750389,750239,0,750239,30100,151,5016.61,false
148636500,750389,750239,0,750239,148666600,750540,750390,0,750390,30100,151,5016.61,false
148666600,750540,750390,0,750390,148696700,750691,750541,0,750541,30100,151,5016.61,false
148696700,750691,750541,0,750541,148726800,750842,750692,0,750692,30100,151,5016.61,false
148726800,750842,750692,0,750692,148797000,750993,750843,0,750843,70200,151,2151.00,false
148797000,750993,750843,0,750843,148867200,751144,750994,0,750994,70200,151,2151.00,false
148867200,751144,750994,0,750994,148901500,751295,751145,0,751145,34300,151,4402.33,false
148901500,751295,751145,0,751145,148931600,751446,751296,0,751296,30100,151,5016.61,false
148931600,751446,751296,0,751296,148961700,751597,751447,0,751447,30100,151,5016.61,false
148961700,751597,751447,0,751447,148991800,751748,751598,0,751598,30100,151,5016.61,false
148991800,751748,751598,0,751598,149021900,751899,751749,0,751749,30100,151,5016.61,false
149021900,751899,751749,0,751749,149052000,752050,751900,0,751900,30100,151,5016.61,false
149052000,752050,751900,0,751900,149082100,752201,752051,0,752051,30100,151,5016.61,false
149082100,752201,752051,0,752051,149112200,752352,752202,0,752202,30100,151,5016.61,false
149112200,752352,752202,0,752202,149142300,752503,752353,0,752353,30100,151,5016.61,false
149142300,752503,752353,0,752353,149172400,752654,752504,0,752504,30100,151,5016.61,false
149172400,752654,752504,0,752504,149202500,752805,752655,0,752655,30100,151,5016.61,false
149202500,752805,752655,0,752655,149232600,752956,752806,0,752806,30100,151,5016.61,false
149232600,752956,752806,0,752806,149262700,753107,752957,0,752957,30100,151,5016.61,false
149262700,753107,752957,0,752957,149292800,753258,753108,0,753108,30100,151,5016.61,false
149292800,753258,753108,0,753108,149322900,753409,753259,0,753259,30100,151,5016.61,false
149322900,753409,753259,0,753259,149353000,753560,753410,0,753410,30100,151,5016.61,false
149353000,753560,753410,0,753410,149383100,753711,753561,0,753561,30100,151,5016.61,false
149383100,753711,753561,0,753561,149413200,753862,753712,0,753712,30100,151,5016.61,false
149413200,753862,753712,0,753712,149443300,754013,753863,0,753863,30100,151,5016.61,false
149443300,754013,753863,0,753863,149473400,754164,754014,0,754014,30100,151,5016.61,false
149473400,754164,754014,0,754014,149503500,754315,754165,0,754165,30100,151,5016.61,false
149503500,754315,754165,0,754165,149533600,754466,754316,0,754316,30100,151,5016.61,false
149533600,754466,754316,0,754316,149563700,754617,754467,0,754467,30100,151,5016.61,false
149563700,754617,754467,0,754467,149593800,754768,754618,0,754618,30100,151,5016.61,false
149593800,754768,754618,0,754618,149623900,754919,754769,0,754769,30100,151,5016.61,false
149623900,754919,754769,0,754769,149654000,755070,754920,0,754920,30100,151,5016.61,false
149654000,755070,754920,0,754920,149684100,755221,755071,0,755071,30100,151,5016.61,false
149684100,755221,755071,0,755071,149714200,755372,755222,0,755222,30100,151,5016.61,false
149714200,755372,755222,0,755222,149744300,755523,755373,0,755373,30100,151,5016.61,false
149744300,755523,755373,0,755373,149774400,755674,755524,0,755524,30100,151,5016.61,false
149774400,755674,755524,0,755524,149804500,755825,755675,0,755675,30100,151,5016.61,false
149804500,755825,755675,0,755675,149834600,755976,755826,0,755826,30100,151,5016.61,false
149834600,755976,755826,0,755826,149864700,756127,755977,0,755977,30100,151,5016.61,false
149864700,756127,755977,0,755977,149894800,756278,756128,0,756128,30100,151,5016.61,false
149894800,756278,756128,0,756128,149924900,756429,756279,0,756279,30100,151,5016.61,false
149924900,756429,756279,0,756279,149955000,756580,756430,0,756430,30100,151,5016.61,false
149955000,756580,756430,0,756430,149985100,756731,756581,0,756581,30100,151,5016.61,false
149985100,756731,756581,0,756581,150015200,756882,756732,0,756732,30100,151,5016.61,false
150015200,756882,756732,0,756732,150045300,757033,756883,0,756883,30100,151,5016.61,false
150045300,757033,756883,0,756883,150075400,757184,757034,0,757034,30100,151,5016.61,false
150075400,757184,757034,0,757034,150105500,757335,757185,0,757185,30100,151,5016.61,false
150105500,757335,757185,0,757185,150135600,757486,757336,0,757336,30100,151,5016.61,false
150135600,757486,757336,0,757336,150165700,757637,757487,0,757487,30100,151,5016.61,false
150165700,757637,757487,0,757487,150195800,757788,757638,0,757638,30100,151,5016.61,false
150195800,757788,757638,0,757638,150225900,757939,757789,0,757789,30100,151,5016.61,false
150225900,757939,757789,0,757789,150256000,758090,757940,0,757940,30100,151,5016.61,false
150256000,758090,757940,0,757940,150286100,758241,758091,0,758091,30100,151,5016.61,false
150286100,758241,758091,0,758091,150316200,758392,758242,0,758242,30100,151,5016.61,false
150316200,758392,758242,0,758242,150346300,758543,758393,0,758393,30100,151,5016.61,false
150346300,758543,758393,0,758393,150376400,758694,758544,0,758544,30100,151,5016.61,false
150376400,758694,758544,0,758544,150406500,758845,758695,0,758695,30100,151,5016.61,false
150406500,758845,758695,0,758695,150436600,758996,758846,0,758846,30100,151,5016.61,false
150436600,758996,758846,0,758846,150466700,759147,758997,0,758997,30100,151,5016.61,false
150466700,759147,758997,0,758997,150496800,759298,759148,0,759148,30100,151,5016.61,false
150496800,759298,759148,0,759148,150526900,759449,759299,0,759299,30100,151,5016.61,false
150526900,759449,759299,0,759299,150557000,759600,759450,0,759450,30100,151,5016.61,false
150557000,759600,759450,0,759450,150587100,759751,759601,0,759601,30100,151,5016.61,false
150587100,759751,759601,0,759601,150617200,759902,759752,0,759752,30100,151,5016.61,false
150617200,759902,759752,0,759752,150647300,760053,759903,0,759903,30100,151,5016.61,false
150647300,760053,759903,0,759903,150677400,760204,760054,0,760054,30100,151,5016.61,false
150677400,760204,760054,0,760054,150707500,760355,760205,0,760205,30100,151,5016.61,false
150707500,760355,760205,0,760205,150737600,760506,760356,0,760356,30100,151,5016.61,false
150737600,760506,760356,0,760356,150767700,760657,760507,0,760507,30100,151,5016.61,false
150767700,760657,760507,0,760507,150797800,760808,760658,0,760658,30100,151,5016.61,false
150797800,760808,760658,0,760658,150827900,760959,760809,0,760809,30100,151,5016.61,false
150827900,760959,760809,0,760809,150858000,761110,760960,0,760960,30100,151,5016.61,false
150858000,761110,760960,0,760960,150888100,761261,761111,0,761111,30100,151,5016.61,false
150888100,761261,761111,0,761111,150918200,761412,761262,0,761262,30100,151,5016.61,false
150918200,761412,761262,0,761262,150948300,761563,761413,0,761413,30100,151,5016.61,false
150948300,761563,761413,0,761413,150978400,761714,761564,0,761564,30100,151,5016.61,false
150978400,761714,761564,0,761564,151008500,761865,761715,0,761715,30100,151,5016.61,false
151008500,761865,761715,0,761715,151038600,762016,761866,0,761866,30100,151,5016.61,false
151038600,762016,761866,0,761866,151068700,762167,762017,0,762017,30100,151,5016.61,false
151068700,762167,762017,0,762017,151098800,762318,762168,0,762168,30100,151,5016.61,false
151098800,762318,762168,0,762168,151128900,762469,762319,0,762319,30100,151,5016.61,false
151128900,762469,762319,0,762319,151159000,762620,762470,0,762470,30100,151,5016.61,false
151159000,762620,762470,0,762470,151189100,762771,762621,0,762621,30100,151,5016.61,false
151189100,762771,762621,0,762621,151219200,762922,762772,0,762772,30100,151,5016.61,false
151219200,762922,762772,0,762772,151249300,763073,762923,0,762923,30100,151,5016.61,false
151249300,763073,762923,0,762923,151279400,763224,763074,0,763074,30100,151,5016.61,false
151279400,763224,763074,0,763074,151309500,763375,763225,0,763225,30100,151,5016.61,false
151309500,763375,763225,0,763225,151339600,763526,763376,0,763376,30100,151,5016.61,false
151339600,763526,763376,0,763376,151369700,763677,763527,0,763527,30100,151,5016.61,false
151369700,763677,763527,0,763527,151399800,763828,763678,0,763678,30100,151,5016.61,false
151399800,763828,763678,0,763678,151429900,763979,763829,0,763829,30100,151,5016.61,false
151429900,763979,763829,0,763829,151460000,764130,763980,0,763980,30100,151,5016.61,false
151460000,764130,763980,0,763980,151490100,764281,764131,0,764131,30100,151,5016.61,false
151490100,764281,764131,0,764131,151520200,764432,764282,0,764282,30100,151,5016.61,false
151520200,764432,764282,0,764282,151550300,764583,764433,0,764433,30100,151,5016.61,false
151550400,764584,764434,0,764434,151580500,764735,764585,0,764585,30100,151,5016.61,false
151580500,764735,764585,0,764585,151610600,764886,764736,0,764736,30100,151,5016.61,false
151610600,764886,764736,0,764736,151640700,765037,764887,0,764887,30100,151,5016.61,false
151640700,765037,764887,0,764887,151670800,765188,765038,0,765038,30100,151,5016.61,false
151670800,765188,765038,0,765038,151700900,765339,765189,0,765189,30100,151,5016.61,false
151700900,765339,765189,0,765189,151731000,765490,765340,0,765340,30100,151,5016.61,false
151731000,765490,765340,0,765340,151761100,765641,765491,0,765491,30100,151,5016.61,false
151761100,765641,765491,0,765491,151791200,765792,765642,0,765642,30100,151,5016.61,false
151791200,765792,765642,0,765642,151821300,765943,765793,0,765793,30100,151,5016.61,false
151821300,765943,765793,0,765793,151851400,766094,765944,0,765944,30100,151,5016.61,false
151851400,766094,765944,0,765944,151881500,766245,766095,0,766095,30100,151,5016.61,false
151881500,766245,766095,0,766095,151911600,766396,766246,0,766246,30100,151,5016.61,false
151911600,766396,766246,0,766246,151941700,766951,766397,0,766397,30100,151,5016.61,true
151941700,766951,766397,0,766397,152012200,767506,766952,0,766952,70500,555,7872.34,true
152012200,767506,766952,0,766952,152082700,767697,767507,0,767507,70500,555,7872.34,true
152082700,767697,767507,0,767507,152116800,767848,767698,0,767698,34100,191,5601.17,true
152116800,767848,767698,0,767698,152146900,767999,767849,0,767849,30100,151,5016.61,false
152146900,767999,767849,0,767849,152177000,768150,768000,0,768000,30100,151,5016.61,false
152177000,768150,768000,0,768000,152207100,768301,768151,0,768151,30100,151,5016.61,false
152207100,768301,768151,0,768151,152237200,768452,768302,0,768302,30100,151,5016.61,false
152237200,768452,768302,0,768302,152267300,768603,768453,0,768453,30100,151,5016.61,false
152267300,768603,768453,0,768453,152297400,768754,768604,0,768604,30100,151,5016.61,false
152297400,768754,768604,0,768604,152327500,768905,768755,0,768755,30100,151,5016.61,false
152327500,768905,768755,0,768755,152357600,769056,768906,0,768906,30100,151,5016.61,false
152357600,769056,768906,0,768906,152387700,769207,769057,0,769057,30100,151,5016.61,false
152387700,769207,769057,0,769057,152417800,769358,769208,0,769208,30100,151,5016.61,false
152417800,769358,769208,0,769208,152447900,769509,769359,0,769359,30100,151,5016.61,false
152447900,769509,769359,0,769359,152478000,769660,769510,0,769510,30100,151,5016.61,false
152478000,769660,769510,0,769510,152508100,769811,769661,0,769661,30100,151,5016.61,false
152508100,769811,769661,0,769661,152538200,769962,769812,0,769812,30100,151,5016.61,false
152538200,769962,769812,0,769812,152608400,770113,769963,0,769963,70200,151,2151.00,false
152608400,770113,769963,0,769963,152678600,770264,770114,0,770114,70200,151,2151.00,false
152678600,770264,770114,0,770114,152712900,770415,770265,0,770265,34300,151,4402.33,false
152712900,770415,770265,0,770265,152743000,770566,770416,0,770416,30100,151,5016.61,false
152743000,770566,770416,0,770416,152773100,770717,770567,0,770567,30100,151,5016.61,false
152773100,770717,770567,0,770567,152803200,770868,770718,0,770718,30100,151,5016.61,false
152803200,770868,770718,0,770718,152833300,771019,770869,0,770869,30100,151,5016.61,false
152833300,771019,770869,0,770869,152863400,771170,771020,0,771020,30100,151,5016.61,false
152863400,771170,771020,0,771020,152893500,771321,771171,0,771171,30100,151,5016.61,false
152893500,771321,771171,0,771171,152923600,771472,771322,0,771322,30100,151,5016.61,false
152923600,771472,771322,0,771322,152953700,771623,771473,0,771473,30100,151,5016.61,false
152953700,771623,771473,0,771473,152983800,771774,771624,0,771624,30100,151,5016.61,false
152983800,771774,771624,0,771624,153013900,771925,771775,0,771775,30100,151,5016.61,false
153013900,771925,771775,0,771775,153044000,772076,771926,0,771926,30100,151,5016.61,false
153044000,772076,771926,0,771926,153074100,772227,772077,0,772077,30100,151,5016.61,false
153074100,772227,772077,0,772077,153104200,772378,772228,0,772228,30100,151,5016.61,false
153104200,772378,772228,0,772228,153134300,772529,772379,0,772379,30100,151,5016.61,false
153134300,772529,772379,0,772379,153164400,772680,772530,0,772530,30100,151,5016.61,false
153164400,772680,772530,0,772530,153194500,772831,772681,0,772681,30100,151,5016.61,false
153194500,772831,772681,0,772681,153224600,772982,772832,0,772832,30100,151,5016.61,false
153224600,772982,772832,0,772832,153254700,773133,772983,0,772983,30100,151,5016.61,false
153254700,773133,772983,0,772983,153284800,773284,773134,0,773134,30100,151,5016.61,false
153284800,773284,773134,0,773134,153314900,773435,773285,0,773285,30100,151,5016.61,false
153314900,773435,773285,0,773285,153345000,773586,773436,0,773436,30100,151,5016.61,false
153345000,773586,773436,0,773436,153375100,773737,773587,0,773587,30100,151,5016.61,false
153375100,773737,773587,0,773587,153405200,773888,773738,0,773738,30100,151,5016.61,false
153405200,773888,773738,0,773738,153435300,774039,773889,0,773889,30100,151,5016.61,false
153435300,774039,773889,0,773889,153465400,774190,774040,0,774040,30100,151,5016.61,false
153465400,774190,774040,0,774040,153495500,774341,774191,0,774191,30100,151,5016.61,false
153495500,774341,774191,0,774191,153525600,774492,774342,0,774342,30100,151,5016.61,false
153525600,774492,774342,0,774342,153555700,774643,774493,0,774493,30100,151,5016.61,false
153555700,774643,774493,0,774493,153585800,774794,774644,0,774644,30100,151,5016.61,false
153585800,774794,774644,0,774644,153615900,774945,774795,0,774795,30100,151,5016.61,false
153615900,774945,774795,0,774795,153646000,775096,774946,0,774946,30100,151,5016.61,false
153646000,775096,774946,0,774946,153676100,775247,775097,0,775097,30100,151,5016.61,false
153676100,775247,775097,0,775097,153706200,775398,775248,0,775248,30100,151,5016.61,false
153706200,775398,775248,0,775248,153736300,775549,775399,0,775399,30100,151,5016.61,false
153736300,775549,775399,0,775399,153766400,775700,775550,0,775550,30100,151,5016.61,false
153766400,775700,775550,0,775550,153796500,775851,775701,0,775701,30100,151,5016.61,false
153796500,775851,775701,0,775701,153826600,776002,775852,0,775852,30100,151,5016.61,false
153826600,776002,775852,0,775852,153856700,776153,776003,0,776003,30100,151,5016.61,false
153856700,776153,776003,0,776003,153886800,776304,776154,0,776154,30100,151,5016.61,false
153886800,776304,776154,0,776154,153916900,776455,776305,0,776305,30100,151,5016.61,false
153916900,776455,776305,0,776305,153947000,776606,776456,0,776456,30100,151,5016.61,false
153947000,776606,776456,0,776456,153977100,776757,776607,0,776607,30100,151,5016.61,false
153977100,776757,776607,0,776607,154007200,776908,776758,0,776758,30100,151,5016.61,false
154007200,776908,776758,0,776758,154037300,777059,776909,0,776909,30100,151,5016.61,false
154037300,777059,776909,0,776909,154067400,777210,777060,0,777060,30100,151,5016.61,false
154067400,777210,777060,0,777060,154097500,777361,777211,0,777211,30100,151,5016.61,false
154097500,777361,777211,0,777211,154127600,777512,777362,0,777362,30100,151,5016.61,false
154127600,777512,777362,0,777362,154157700,777663,777513,0,777513,30100,151,5016.61,false
154157700,777663,777513,0,777513,154187800,777814,777664,0,777664,30100,151,5016.61,false
154187800,777814,777664,0,777664,154217900,777965,777815,0,777815,30100,151,5016.61,false
154217900,777965,777815,0,777815,154248000,778116,777966,0,777966,30100,151,5016.61,false
154248000,778116,777966,0,777966,154278100,778267,778117,0,778117,30100,151,5016.61,false
154278100,778267,778117,0,778117,154308200,778418,778268,0,778268,30100,151,5016.61,false
154308200,778418,778268,0,778268,154338300,778569,778419,0,778419,30100,151,5016.61,false
154338300,778569,778419,0,778419,154368400,778720,778570,0,778570,30100,151,5016.61,false
154368400,778720,778570,0,778570,154398500,778871,778721,0,778721,30100,151,5016.61,false
154398500,778871,778721,0,778721,154428600,779022,778872,0,778872,30100,151,5016.61,false
154428600,779022,778872,0,778872,154458700,779173,779023,0,779023,30100,151,5016.61,false
154458700,779173,779023,0,779023,154488800,779324,779174,0,779174,30100,151,5016.61,false
154488800,779324,779174,0,779174,154518900,779475,779325,0,779325,30100,151,5016.61,false
154518900,779475,779325,0,779325,154549000,779626,779476,0,779476,30100,151,5016.61,false
154549000,779626,779476,0,779476,154579100,779777,779627,0,779627,30100,151,5016.61,false
154579100,779777,779627,0,779627,154609200,779928,779778,0,779778,30100,151,5016.61,false
154609200,779928,779778,0,779778,154639300,780079,779929,0,779929,30100,151,5016.61,false
154639300,780079,779929,0,779929,154669400,780230,780080,0,780080,30100,151,5016.61,false
154669400,780230,780080,0,780080,154699500,780381,780231,0,780231,30100,151,5016.61,false
154699500,780381,780231,0,780231,154729600,780532,780382,0,780382,30100,151,5016.61,false
154729600,780532,780382,0,780382,154759700,780683,780533,0,780533,30100,151,5016.61,false
154759700,780683,780533,0,780533,154789800,780834,780684,0,780684,30100,151,5016.61,false
154789800,780834,780684,0,780684,154819900,780985,780835,0,780835,30100,151,5016.61,false
154819900,780985,780835,0,780835,154850000,781136,780986,0,780986,30100,151,5016.61,false
154850000,781136,780986,0,780986,154880100,781287,781137,0,781137,30100,151,5016.61,false
154880100,781287,781137,0,781137,154910200,781438,781288,0,781288,30100,151,5016.61,false
154910200,781438,781288,0,781288,154940300,781589,781439,0,781439,30100,151,5016.61,false
154940300,781589,781439,0,781439,154970400,781740,781590,0,781590,30100,151,5016.61,false
154970400,781740,781590,0,781590,155000500,781891,781741,0,781741,30100,151,5016.61,false
155000500,781891,781741,0,781741,155030600,782042,781892,0,781892,30100,151,5016.61,false
155030600,782042,781892,0,781892,155060700,782193,782043,0,782043,30100,151,5016.61,false
155060700,782193,782043,0,782043,155090800,782344,782194,0,782194,30100,151,5016.61,false
155090800,782344,782194,0,782194,155120900,782495,782345,0,782345,30100,151,5016.61,false
155120900,782495,782345,0,782345,155151000,782646,782496,0,782496,30100,151,5016.61,false
155151000,782646,782496,0,782496,155181100,782797,782647,0,782647,30100,151,5016.61,false
155181100,782797,782647,0,782647,155211200,782948,782798,0,782798,30100,151,5016.61,false
155211200,782948,782798,0,782798,155241300,783099,782949,0,782949,30100,151,5016.61,false
155241300,783099,782949,0,782949,155271400,783250,783100,0,783100,30100,151,5016.61,false
155271400,783250,783100,0,783100,155301500,783401,783251,0,783251,30100,151,5016.61,false
155301500,783401,783251,0,783251,155331600,783552,783402,0,783402,30100,151,5016.61,false
155331600,783552,783402,0,783402,155361700,783703,783553,0,783553,30100,151,5016.61,false
155361800,783704,783554,0,783554,155391900,783855,783705,0,783705,30100,151,5016.61,false
155391900,783855,783705,0,783705,155422000,784006,783856,0,783856,30100,151,5016.61,false
155422000,784006,783856,0,783856,155452100,784157,784007,0,784007,30100,151,5016.61,false
155452100,784157,784007,0,784007,155482200,784308,784158,0,784158,30100,151,5016.61,false
155482200,784308,784158,0,784158,155512300,784459,784309,0,784309,30100,151,5016.61,false
155512300,784459,784309,0,784309,155542400,784610,784460,0,784460,30100,151,5016.61,false
155542400,784610,784460,0,784460,155572500,784761,784611,0,784611,30100,151,5016.61,false
155572500,784761,784611,0,784611,155602600,784912,784762,0,784762,30100,151,5016.61,false
155602600,784912,784762,0,784762,155632700,785063,784913,0,784913,30100,151,5016.61,false
155632700,785063,784913,0,784913,155662800,785214,785064,0,785064,30100,151,5016.61,false
155662800,785214,785064,0,785064,155692900,785365,785215,0,785215,30100,151,5016.61,false
155692900,785365,785215,0,785215,155723000,785516,785366,0,785366,30100,151,5016.61,false
155723000,785516,785366,0,785366,155753100,786071,785517,0,785517,30100,151,5016.61,true
155753100,786071,785517,0,785517,155823600,786626,786072,0,786072,70500,555,7872.34,true
155823600,786626,786072,0,786072,155894100,786817,786627,0,786627,70500,555,7872.34,true
155894100,786817,786627,0,786627,155928200,786968,786818,0,786818,34100,191,5601.17,true
155928200,786968,786818,0,786818,155958300,787119,786969,0,786969,30100,151,5016.61,false
155958300,787119,786969,0,786969,155988400,787270,787120,0,787120,30100,151,5016.61,false
155988400,787270,787120,0,787120,156018500,787421,787271,0,787271,30100,151,5016.61,false
156018500,787421,787271,0,787271,156048600,787572,787422,0,787422,30100,151,5016.61,false
156048600,787572,787422,0,787422,156078700,787723,787573,0,787573,30100,151,5016.61,false
156078700,787723,787573,0,787573,156108800,787874,787724,0,787724,30100,151,5016.61,false
156108800,787874,787724,0,787724,156138900,788025,787875,0,787875,30100,151,5016.61,false
156138900,788025,787875,0,787875,156169000,788176,788026,0,788026,30100,151,5016.61,false
156169000,788176,788026,0,788026,156199100,788327,788177,0,788177,30100,151,5016.61,false
156199100,788327,788177,0,788177,156229200,788478,788328,0,788328,30100,151,5016.61,false
156229200,788478,788328,0,788328,156259300,788629,788479,0,788479,30100,151,5016.61,false
156259300,788629,788479,0,788479,156289400,788780,788630,0,788630,30100,151,5016.61,false
156289400,788780,788630,0,788630,156319500,788931,788781,0,788781,30100,151,5016.61,false
156319500,788931,788781,0,788781,156349600,789082,788932,0,788932,30100,151,5016.61,false
156349600,789082,788932,0,788932,156419800,789233,789083,0,789083,70200,151,2151.00,false
156419800,789233,789083,0,789083,156490000,789384,789234,0,789234,70200,151,2151.00,false
156490000,789384,789234,0,789234,156524300,789535,789385,0,789385,34300,151,4402.33,false
156524300,789535,789385,0,789385,156554400,789686,789536,0,789536,30100,151,5016.61,false
156554400,789686,789536,0,789536,156584500,789837,789687,0,789687,30100,151,5016.61,false
156584500,789837,789687,0,789687,156614600,789988,789838,0,789838,30100,151,5016.61,false
156614600,789988,789838,0,789838,156644700,790139,789989,0,789989,30100,151,5016.61,false
156644700,790139,789989,0,789989,156674800,790290,790140,0,790140,30100,151,5016.61,false
156674800,790290,790140,0,790140,156704900,790441,790291,0,790291,30100,151,5016.61,false
156704900,790441,790291,0,790291,156735000,790592,790442,0,790442,30100,151,5016.61,false
156735000,790592,790442,0,790442,156765100,790743,790593,0,790593,30100,151,5016.61,false
156765100,790743,790593,0,790593,156795200,790894,790744,0,790744,30100,151,5016.61,false
156795200,790894,790744,0,790744,156825300,791045,790895,0,790895,30100,151,5016.61,false
156825300,791045,790895,0,790895,156855400,791196,791046,0,791046,30100,151,5016.61,false
156855400,791196,791046,0,791046,156885500,791347,791197,0,791197,30100,151,5016.61,false
156885500,791347,791197,0,791197,156915600,791498,791348,0,791348,30100,151,5016.61,false
156915600,791498,791348,0,791348,156945700,791649,791499,0,791499,30100,151,5016.61,false
156945700,791649,791499,0,791499,156975800,791800,791650,0,791650,30100,151,5016.61,false
156975800,791800,791650,0,791650,157005900,791951,791801,0,791801,30100,151,5016.61,false
157005900,791951,791801,0,791801,157036000,792102,791952,0,791952,30100,151,5016.61,false
157036000,792102,791952,0,791952,157066100,792253,792103,0,792103,30100,151,5016.61,false
157066100,792253,792103,0,792103,157096200,792404,792254,0,792254,30100,151,5016.61,false
157096200,792404,792254,0,792254,157126300,792555,792405,0,792405,30100,151,5016.61,false
157126300,792555,792405,0,792405,157156400,792706,792556,0,792556,30100,151,5016.61,false
157156400,792706,792556,0,792556,157186500,792857,792707,0,792707,30100,151,5016.61,false
157186500,792857,792707,0,792707,157216600,793008,792858,0,792858,30100,151,5016.61,false
157216600,793008,792858,0,792858,157246700,793159,793009,0,793009,30100,151,5016.61,false
157246700,793159,793009,0,793009,157276800,793310,793160,0,793160,30100,151,5016.61,false
157276800,793310,793160,0,793160,157306900,793461,793311,0,793311,30100,151,5016.61,false
157306900,793461,793311,0,793311,157337000,793612,793462,0,793462,30100,151,5016.61,false
157337000,793612,793462,0,793462,157367100,793763,793613,0,793613,30100,151,5016.61,false
157367100,793763,793613,0,793613,157397200,793914,793764,0,793764,30100,151,5016.61,false
157397200,793914,793764,0,793764,157427300,794065,793915,0,793915,30100,151,5016.61,false
157427300,794065,793915,0,793915,157457400,794216,794066,0,794066,30100,151,5016.61,false
157457400,794216,794066,0,794066,157487500,794367,794217,0,794217,30100,151,5016.61,false
157487500,794367,794217,0,794217,157517600,794518,794368,0,794368,30100,151,5016.61,false
157517600,794518,794368,0,794368,157547700,794669,794519,0,794519,30100,151,5016.61,false
157547700,794669,794519,0,794519,157577800,794820,794670,0,794670,30100,151,5016.61,false
157577800,794820,794670,0,794670,157607900,794971,794821,0,794821,30100,151,5016.61,false
157607900,794971,794821,0,794821,157638000,795122,794972,0,794972,30100,151,5016.61,false
157638000,795122,794972,0,794972,157668100,795273,795123,0,795123,30100,151,5016.61,false
157668100,795273,795123,0,795123,157698200,795424,795274,0,795274,30100,151,5016.61,false
157698200,795424,795274,0,795274,157728300,795575,795425,0,795425,30100,151,5016.61,false
157728300,795575,795425,0,795425,157758400,795726,795576,0,795576,30100,151,5016.61,false
157758400,795726,795576,0,795576,157788500,795877,795727,0,795727,30100,151,5016.61,false
157788500,795877,795727,0,795727,157818600,796028,795878,0,795878,30100,151,5016.61,false
157818600,796028,795878,0,795878,157848700,796179,796029,0,796029,30100,151,5016.61,false
157848700,796179,796029,0,796029,157878800,796330,796180,0,796180,30100,151,5016.61,false
157878800,796330,796180,0,796180,157908900,796481,796331,0,796331,30100,151,5016.61,false
157908900,796481,796331,0,796331,157939000,796632,796482,0,796482,30100,151,5016.61,false
157939000,796632,796482,0,796482,157969100,796783,796633,0,796633,30100,151,5016.61,false
157969100,796783,796633,0,796633,157999200,796934,796784,0,796784,30100,151,5016.61,false
157999200,796934,796784,0,796784,158029300,797085,796935,0,796935,30100,151,5016.61,false
158029300,797085,796935,0,796935,158059400,797236,797086,0,797086,30100,151,5016.61,false
158059400,797236,797086,0,797086,158089500,797387,797237,0,797237,30100,151,5016.61,false
158089500,797387,797237,0,797237,158119600,797538,797388,0,797388,30100,151,5016.61,false
158119600,797538,797388,0,797388,158149700,797689,797539,0,797539,30100,151,5016.61,false
158149700,797689,797539,0,797539,158179800,797840,797690,0,797690,30100,151,5016.61,false
158179800,797840,797690,0,797690,158209900,797991,797841,0,797841,30100,151,5016.61,false
158209900,797991,797841,0,797841,158240000,798142,797992,0,797992,30100,151,5016.61,false
158240000,798142,797992,0,797992,158270100,798293,798143,0,798143,30100,151,5016.61,false
158270100,798293,798143,0,798143,158300200,798444,798294,0,798294,30100,151,5016.61,false
158300200,798444,798294,0,798294,158330300,798595,798445,0,798445,30100,151,5016.61,false
158330300,798595,798445,0,798445,158360400,798746,798596,0,798596,30100,151,5016.61,false
158360400,798746,798596,0,798596,158390500,798897,798747,0,798747,30100,151,5016.61,false
158390500,798897,798747,0,798747,158420600,799048,798898,0,798898,30100,151,5016.61,false
158420600,799048,798898,0,798898,158450700,799199,799049,0,799049,30100,151,5016.61,false
158450700,799199,799049,0,799049,158480800,799350,799200,0,799200,30100,151,5016.61,false
158480800,799350,799200,0,799200,158510900,799501,799351,0,799351,30100,151,5016.61,false
158510900,799501,799351,0,799351,158541000,799652,799502,0,799502,30100,151,5016.61,false
158541000,799652,799502,0,799502,158571100,799803,799653,0,799653,30100,151,5016.61,false
158571100,799803,799653,0,799653,158601200,799954,799804,0,799804,30100,151,5016.61,false
158601200,799954,799804,0,799804,158631300,800105,799955,0,799955,30100,151,5016.61,false
158631300,800105,799955,0,799955,158661400,800256,800106,0,800106,30100,151,5016.61,false
158661400,800256,800106,0,800106,158691500,800407,800257,0,800257,30100,151,5016.61,false
158691500,800407,800257,0,800257,158721600,800558,800408,0,800408,30100,151,5016.61,false
158721600,800558,800408,0,800408,158751700,800709,800559,0,800559,30100,151,5016.61,false
158751700,800709,800559,0,800559,158781800,800860,800710,0,800710,30100,151,5016.61,false
158781800,800860,800710,0,800710,158811900,801011,800861,0,800861,30100,151,5016.61,false
158811900,801011,800861,0,800861,158842000,801162,801012,0,801012,30100,151,5016.61,false
158842000,801162,801012,0,801012,158872100,801313,801163,0,801163,30100,151,5016.61,false
158872100,801313,801163,0,801163,158902200,801464,801314,0,801314,30100,151,5016.61,false
158902200,801464,801314,0,801314,158932300,801615,801465,0,801465,30100,151,5016.61,false
158932300,801615,801465,0,801465,158962400,801766,801616,0,801616,30100,151,5016.61,false
158962400,801766,801616,0,801616,158992500,801917,801767,0,801767,30100,151,5016.61,false
158992500,801917,801767,0,801767,159022600,802068,801918,0,801918,30100,151,5016.61,false
159022600,802068,801918,0,801918,159052700,802219,802069,0,802069,30100,151,5016.61,false
159052700,802219,802069,0,802069,159082800,802370,802220,0,802220,30100,151,5016.61,false
159082800,802370,802220,0,802220,159112900,802521,802371,0,802371,30100,151,5016.61,false
159112900,802521,802371,0,802371,159143000,802672,802522,0,802522,30100,151,5016.61,false
159143000,802672,802522,0,802522,159173100,802823,802673,0,802673,30100,151,5016.61,false
159173200,802824,802674,0,802674,159203300,802975,802825,0,802825,30100,151,5016.61,false
159203300,802975,802825,0,802825,159233400,803126,802976,0,802976,30100,151,5016.61,false
159233400,803126,802976,0,802976,159263500,803277,803127,0,803127,30100,151,5016.61,false
159263500,803277,803127,0,803127,159293600,803428,803278,0,803278,30100,151,5016.61,false
159293600,803428,803278,0,803278,159323700,803579,803429,0,803429,30100,151,5016.61,false
159323700,803579,803429,0,803429,159353800,803730,803580,0,803580,30100,151,5016.61,false
159353800,803730,803580,0,803580,159383900,803881,803731,0,803731,30100,151,5016.61,false
159383900,803881,803731,0,803731,159414000,804032,803882,0,803882,30100,151,5016.61,false
159414000,804032,803882,0,803882,159444100,804183,804033,0,804033,30100,151,5016.61,false
159444100,804183,804033,0,804033,159474200,804334,804184,0,804184,30100,151,5016.61,false
159474200,804334,804184,0,804184,159504300,804485,804335,0,804335,30100,151,5016.61,false
159504300,804485,804335,0,804335,159534400,804636,804486,0,804486,30100,151,5016.61,false
159534400,804636,804486,0,804486,159564500,805191,804637,0,804637,30100,151,5016.61,true
159564500,805191,804637,0,804637,159635000,805746,805192,0,805192,70500,555,7872.34,true
159635000,805746,805192,0,805192,159705500,805937,805747,0,805747,70500,555,7872.34,true
159705500,805937,805747,0,805747,159739600,806088,805938,0,805938,34100,191,5601.17,true
159739600,806088,805938,0,805938,159769700,806239,806089,0,806089,30100,151,5016.61,false
159769700,806239,806089,0,806089,159799800,806390,806240,0,806240,30100,151,5016.61,false
159799800,806390,806240,0,806240,159829900,806541,806391,0,806391,30100,151,5016.61,false
159829900,806541,806391,0,806391,159860000,806692,806542,0,806542,30100,151,5016.61,false
159860000,806692,806542,0,806542,159890100,806843,806693,0,806693,30100,151,5016.61,false
159890100,806843,806693,0,806693,159920200,806994,806844,0,806844,30100,151,5016.61,false
159920200,806994,806844,0,806844,159950300,807145,806995,0,806995,30100,151,5016.61,false
159950300,807145,806995,0,806995,159980400,807296,807146,0,807146,30100,151,5016.61,false
159980400,807296,807146,0,807146,160010500,807447,807297,0,807297,30100,151,5016.61,false
160010500,807447,807297,0,807297,160040600,807598,807448,0,807448,30100,151,5016.61,false
160040600,807598,807448,0,807448,160070700,807749,807599,0,807599,30100,151,5016.61,false
160070700,807749,807599,0,807599,160100800,807900,807750,0,807750,30100,151,5016.61,false
160100800,807900,807750,0,807750,160130900,808051,807901,0,807901,30100,151,5016.61,false
160130900,808051,807901,0,807901,160161000,808202,808052,0,808052,30100,151,5016.61,false
160161000,808202,808052,0,808052,160231200,808353,808203,0,808203,70200,151,2151.00,false
160231200,808353,808203,0,808203,160301400,808504,808354,0,808354,70200,151,2151.00,false
160301400,808504,808354,0,808354,160335700,808655,808505,0,808505,34300,151,4402.33,false
160335700,808655,808505,0,808505,160365800,808806,808656,0,808656,30100,151,5016.61,false
160365800,808806,808656,0,808656,160395900,808957,808807,0,808807,30100,151,5016.61,false
160395900,808957,808807,0,808807,160426000,809108,808958,0,808958,30100,151,5016.61,false
160426000,809108,808958,0,808958,160456100,809259,809109,0,809109,30100,151,5016.61,false
160456100,809259,809109,0,809109,160486200,809410,809260,0,809260,30100,151,5016.61,false
160486200,809410,809260,0,809260,160516300,809561,809411,0,809411,30100,151,5016.61,false
160516300,809561,809411,0,809411,160546400,809712,809562,0,809562,30100,151,5016.61,false
160546400,809712,809562,0,809562,160576500,809863,809713,0,809713,30100,151,5016.61,false
160576500,809863,809713,0,809713,160606600,810014,809864,0,809864,30100,151,5016.61,false
160606600,810014,809864,0,809864,160636700,810165,810015,0,810015,30100,151,5016.61,false
160636700,810165,810015,0,810015,160666800,810316,810166,0,810166,30100,151,5016.61,false
160666800,810316,810166,0,810166,160696900,810467,810317,0,810317,30100,151,5016.61,false
160696900,810467,810317,0,810317,160727000,810618,810468,0,810468,30100,151,5016.61,false
160727000,810618,810468,0,810468,160757100,810769,810619,0,810619,30100,151,5016.61,false
160757100,810769,810619,0,810619,160787200,810920,810770,0,810770,30100,151,5016.61,false
160787200,810920,810770,0,810770,160817300,811071,810921,0,810921,30100,151,5016.61,false
160817300,811071,810921,0,810921,160847400,811222,811072,0,811072,30100,151,5016.61,false
160847400,811222,811072,0,811072,160877500,811373,811223,0,811223,30100,151,5016.61,false
160877500,811373,811223,0,811223,160907600,811524,811374,0,811374,30100,151,5016.61,false
160907600,811524,811374,0,811374,160937700,811675,811525,0,811525,30100,151,5016.61,false
160937700,811675,811525,0,811525,160967800,811826,811676,0,811676,30100,151,5016.61,false
160967800,811826,811676,0,811676,160997900,811977,811827,0,811827,30100,151,5016.61,false
160997900,811977,811827,0,811827,161028000,812128,811978,0,811978,30100,151,5016.61,false
161028000,812128,811978,0,811978,161058100,812279,812129,0,812129,30100,151,5016.61,false
161058100,812279,812129,0,812129,161088200,812430,812280,0,812280,30100,151,5016.61,false
161088200,812430,812280,0,812280,161118300,812581,812431,0,812431,30100,151,5016.61,false
161118300,812581,812431,0,812431,161148400,812732,812582,0,812582,30100,151,5016.61,false
161148400,812732,812582,0,812582,161178500,812883,812733,0,812733,30100,151,5016.61,false
161178500,812883,812733,0,812733,161208600,813034,812884,0,812884,30100,151,5016.61,false
161208600,813034,812884,0,812884,161238700,813185,813035,0,813035,30100,151,5016.61,false
161238700,813185,813035,0,813035,161268800,813336,813186,0,813186,30100,151,5016.61,false
161268800,813336,813186,0,813186,161298900,813487,813337,0,813337,30100,151,5016.61,false
161298900,813487,813337,0,813337,161329000,813638,813488,0,813488,30100,151,5016.61,false
161329000,813638,813488,0,813488,161359100,813789,813639,0,813639,30100,151,5016.61,false
161359100,813789,813639,0,813639,161389200,813940,813790,0,813790,30100,151,5016.61,false
161389200,813940,813790,0,813790,161419300,814091,813941,0,813941,30100,151,5016.61,false
161419300,814091,813941,0,813941,161449400,814242,814092,0,814092,30100,151,5016.61,false
161449400,814242,814092,0,814092,161479500,814393,814243,0,814243,30100,151,5016.61,false
161479500,814393,814243,0,814243,161509600,814544,814394,0,814394,30100,151,5016.61,false
161509600,814544,814394,0,814394,161539700,814695,814545,0,814545,30100,151,5016.61,false
161539700,814695,814545,0,814545,161569800,814846,814696,0,814696,30100,151,5016.61,false
161569800,814846,814696,0,814696,161599900,814997,814847,0,814847,30100,151,5016.61,false
161599900,814997,814847,0,814847,161630000,815148,814998,0,814998,30100,151,5016.61,false
161630000,815148,814998,0,814998,161660100,815299,815149,0,815149,30100,151,5016.61,false
161660100,815299,815149,0,815149,161690200,815450,815300,0,815300,30100,151,5016.61,false
161690200,815450,815300,0,815300,161720300,815601,815451,0,815451,30100,151,5016.61,false
161720300,815601,815451,0,815451,161750400,815752,815602,0,815602,30100,151,5016.61,false
161750400,815752,815602,0,815602,161780500,815903,815753,0,815753,30100,151,5016.61,false
161780500,815903,815753,0,815753,161810600,816054,815904,0,815904,30100,151,5016.61,false
161810600,816054,815904,0,815904,161840700,816205,816055,0,816055,30100,151,5016.61,false
161840700,816205,816055,0,816055,161870800,816356,816206,0,816206,30100,151,5016.61,false
161870800,816356,816206,0,816206,161900900,816507,816357,0,816357,30100,151,5016.61,false
161900900,816507,816357,0,816357,161931000,816658,816508,0,816508,30100,151,5016.61,false
161931000,816658,816508,0,816508,161961100,816809,816659,0,816659,30100,151,5016.61,false
161961100,816809,816659,0,816659,161991200,816960,816810,0,816810,30100,151,5016.61,false
161991200,816960,816810,0,816810,162021300,817111,816961,0,816961,30100,151,5016.61,false
162021300,817111,816961,0,816961,162051400,817262,817112,0,817112,30100,151,5016.61,false
162051400,817262,817112,0,817112,162081500,817413,817263,0,817263,30100,151,5016.61,false
162081500,817413,817263,0,817263,162111600,817564,817414,0,817414,30100,151,5016.61,false
162111600,817564,817414,0,817414,162141700,817715,817565,0,817565,30100,151,5016.61,false
162141700,817715,817565,0,817565,162171800,817866,817716,0,817716,30100,151,5016.61,false
162171800,817866,817716,0,817716,162201900,818017,817867,0,817867,30100,151,5016.61,false
162201900,818017,817867,0,817867,162232000,818168,818018,0,818018,30100,151,5016.61,false
162232000,818168,818018,0,818018,162262100,818319,818169,0,818169,30100,151,5016.61,false
162262100,818319,818169,0,818169,162292200,818470,818320,0,818320,30100,151,5016.61,false
162292200,818470,818320,0,818320,162322300,818621,818471,0,818471,30100,151,5016.61,false
162322300,818621,818471,0,818471,162352400,818772,818622,0,818622,30100,151,5016.61,false
162352400,818772,818622,0,818622,162382500,818923,818773,0,818773,30100,151,5016.61,false
162382500,818923,818773,0,818773,162412600,819074,818924,0,818924,30100,151,5016.61,false
162412600,819074,818924,0,818924,162442700,819225,819075,0,819075,30100,151,5016.61,false
162442700,819225,819075,0,819075,162472800,819376,819226,0,819226,30100,151,5016.61,false
162472800,819376,819226,0,819226,162502900,819527,819377,0,819377,30100,151,5016.61,false
162502900,819527,819377,0,819377,162533000,819678,819528,0,819528,30100,151,5016.61,false
162533000,819678,819528,0,819528,162563100,819829,819679,0,819679,30100,151,5016.61,false
162563100,819829,819679,0,819679,162593200,819980,819830,0,819830,30100,151,5016.61,false
162593200,819980,819830,0,819830,162623300,820131,819981,0,819981,30100,151,5016.61,false
162623300,820131,819981,0,819981,162653400,820282,820132,0,820132,30100,151,5016.61,false
162653400,820282,820132,0,820132,162683500,820433,820283,0,820283,30100,151,5016.61,false
162683500,820433,820283,0,820283,162713600,820584,820434,0,820434,30100,151,5016.61,false
162713600,820584,820434,0,820434,162743700,820735,820585,0,820585,30100,151,5016.61,false
162743700,820735,820585,0,820585,162773800,820886,820736,0,820736,30100,151,5016.61,false
162773800,820886,820736,0,820736,162803900,821037,820887,0,820887,30100,151,5016.61,false
162803900,821037,820887,0,820887,162834000,821188,821038,0,821038,30100,151,5016.61,false
162834000,821188,821038,0,821038,162864100,821339,821189,0,821189,30100,151,5016.61,false
162864100,821339,821189,0,821189,162894200,821490,821340,0,821340,30100,151,5016.61,false
162894200,821490,821340,0,821340,162924300,821641,821491,0,821491,30100,151,5016.61,false
162924300,821641,821491,0,821491,162954400,821792,821642,0,821642,30100,151,5016.61,false
162954400,821792,821642,0,821642,162984500,821943,821793,0,821793,30100,151,5016.61,false
162984600,821944,821794,0,821794,163014700,822095,821945,0,821945,30100,151,5016.61,false
163014700,822095,821945,0,821945,163044800,822246,822096,0,822096,30100,151,5016.61,false
163044800,822246,822096,0,822096,163074900,822397,822247,0,822247,30100,151,5016.61,false
163074900,822397,822247,0,822247,163105000,822548,822398,0,822398,30100,151,5016.61,false
163105000,822548,822398,0,822398,163135100,822699,822549,0,822549,30100,151,5016.61,false
163135100,822699,822549,0,822549,163165200,822850,822700,0,822700,30100,151,5016.61,false
163165200,822850,822700,0,822700,163195300,823001,822851,0,822851,30100,151,5016.61,false
163195300,823001,822851,0,822851,163225400,823152,823002,0,823002,30100,151,5016.61,false
163225400,823152,823002,0,823002,163255500,823303,823153,0,823153,30100,151,5016.61,false
163255500,823303,823153,0,823153,163285600,823454,823304,0,823304,30100,151,5016.61,false
163285600,823454,823304,0,823304,163315700,823605,823455,0,823455,30100,151,5016.61,false
163315700,823605,823455,0,823455,163345800,823756,823606,0,823606,30100,151,5016.61,false
163345800,823756,823606,0,823606,163375900,824311,823757,0,823757,30100,151,5016.61,true
163375900,824311,823757,0,823757,163446400,824866,824312,0,824312,70500,555,7872.34,true
163446400,824866,824312,0,824312,163516900,825057,824867,0,824867,70500,555,7872.34,true
163516900,825057,824867,0,824867,163551000,825208,825058,0,825058,34100,191,5601.17,true
163551000,825208,825058,0,825058,163581100,825359,825209,0,825209,30100,151,5016.61,false
163581100,825359,825209,0,825209,163611200,825510,825360,0,825360,30100,151,5016.61,false
163611200,825510,825360,0,825360,163641300,825661,825511,0,825511,30100,151,5016.61,false
163641300,825661,825511,0,825511,163671400,825812,825662,0,825662,30100,151,5016.61,false
163671400,825812,825662,0,825662,163701500,825963,825813,0,825813,30100,151,5016.61,false
163701500,825963,825813,0,825813,163731600,826114,825964,0,825964,30100,151,5016.61,false
163731600,826114,825964,0,825964,163761700,826265,826115,0,826115,30100,151,5016.61,false
163761700,826265,826115,0,826115,163791800,826416,826266,0,826266,30100,151,5016.61,false
163791800,826416,826266,0,826266,163821900,826567,826417,0,826417,30100,151,5016.61,false
163821900,826567,826417,0,826417,163852000,826718,826568,0,826568,30100,151,5016.61,false
163852000,826718,826568,0,826568,163882100,826869,826719,0,826719,30100,151,5016.61,false
163882100,826869,826719,0,826719,163912200,827020,826870,0,826870,30100,151,5016.61,false
163912200,827020,826870,0,826870,163942300,827171,827021,0,827021,30100,151,5016.61,false
163942300,827171,827021,0,827021,163972400,827322,827172,0,827172,30100,151,5016.61,false
163972400,827322,827172,0,827172,164042600,827473,827323,0,827323,70200,151,2151.00,false
164042600,827473,827323,0,827323,164112800,827624,827474,0,827474,70200,151,2151.00,false
164112800,827624,827474,0,827474,164147100,827775,827625,0,827625,34300,151,4402.33,false
164147100,827775,827625,0,827625,164177200,827926,827776,0,827776,30100,151,5016.61,false
164177200,827926,827776,0,827776,164207300,828077,827927,0,827927,30100,151,5016.61,false
164207300,828077,827927,0,827927,164237400,828228,828078,0,828078,30100,151,5016.61,false
164237400,828228,828078,0,828078,164267500,828379,828229,0,828229,30100,151,5016.61,false
164267500,828379,828229,0,828229,164297600,828530,828380,0,828380,30100,151,5016.61,false
164297600,828530,828380,0,828380,164327700,828681,828531,0,828531,30100,151,5016.61,false
164327700,828681,828531,0,828531,164357800,828832,828682,0,828682,30100,151,5016.61,false
164357800,828832,828682,0,828682,164387900,828983,828833,0,828833,30100,151,5016.61,false
164387900,828983,828833,0,828833,164418000,829134,828984,0,828984,30100,151,5016.61,false
164418000,829134,828984,0,828984,164448100,829285,829135,0,829135,30100,151,5016.61,false
164448100,829285,829135,0,829135,164478200,829436,829286,0,829286,30100,151,5016.61,false
164478200,829436,829286,0,829286,164508300,829587,829437,0,829437,30100,151,5016.61,false
164508300,829587,829437,0,829437,164538400,829738,829588,0,829588,30100,151,5016.61,false
164538400,829738,829588,0,829588,164568500,829889,829739,0,829739,30100,151,5016.61,false
164568500,829889,829739,0,829739,164598600,830040,829890,0,829890,30100,151,5016.61,false
164598600,830040,829890,0,829890,164628700,830191,830041,0,830041,30100,151,5016.61,false
164628700,830191,830041,0,830041,164658800,830342,830192,0,830192,30100,151,5016.61,false
164658800,830342,830192,0,830192,164688900,830493,830343,0,830343,30100,151,5016.61,false
164688900,830493,830343,0,830343,164719000,830644,830494,0,830494,30100,151,5016.61,false
164719000,830644,830494,0,830494,164749100,830795,830645,0,830645,30100,151,5016.61,false
164749100,830795,830645,0,830645,164779200,830946,830796,0,830796,30100,151,5016.61,false
164779200,830946,830796,0,830796,164809300,831097,830947,0,830947,30100,151,5016.61,false
164809300,831097,830947,0,830947,164839400,831248,831098,0,831098,30100,151,5016.61,false
164839400,831248,831098,0,831098,164869500,831399,831249,0,831249,30100,151,5016.61,false
164869500,831399,831249,0,831249,164899600,831550,831400,0,831400,30100,151,5016.61,false
164899600,831550,831400,0,831400,164929700,831701,831551,0,831551,30100,151,5016.61,false
164929700,831701,831551,0,831551,164959800,831852,831702,0,831702,30100,151,5016.61,false
164959800,831852,831702,0,831702,164989900,832003,831853,0,831853,30100,151,5016.61,false
164989900,832003,831853,0,831853,165020000,832154,832004,0,832004,30100,151,5016.61,false
165020000,832154,832004,0,832004,165050100,832305,832155,0,832155,30100,151,5016.61,false
165050100,832305,832155,0,832155,165080200,832456,832306,0,832306,30100,151,5016.61,false
165080200,832456,832306,0,832306,165110300,832607,832457,0,832457,30100,151,5016.61,false
165110300,832607,832457,0,832457,165140400,832758,832608,0,832608,30100,151,5016.61,false
165140400,832758,832608,0,832608,165170500,832909,832759,0,832759,30100,151,5016.61,false
165170500,832909,832759,0,832759,165200600,833060,832910,0,832910,30100,151,5016.61,false
165200600,833060,832910,0,832910,165230700,833211,833061,0,833061,30100,151,5016.61,false
165230700,833211,833061,0,833061,165260800,833362,833212,0,833212,30100,151,5016.61,false
165260800,833362,833212,0,833212,165290900,833513,833363,0,833363,30100,151,5016.61,false
165290900,833513,833363,0,833363,165321000,833664,833514,0,833514,30100,151,5016.61,false
165321000,833664,833514,0,833514,165351100,833815,833665,0,833665,30100,151,5016.61,false
165351100,833815,833665,0,833665,165381200,833966,833816,0,833816,30100,151,5016.61,false
165381200,833966,833816,0,833816,165411300,834117,833967,0,833967,30100,151,5016.61,false
165411300,834117,833967,0,833967,165441400,834268,834118,0,834118,30100,151,5016.61,false
165441400,834268,834118,0,834118,165471500,834419,834269,0,834269,30100,151,5016.61,false
165471500,834419,834269,0,834269,165501600,834570,834420,0,834420,30100,151,5016.61,false
165501600,834570,834420,0,834420,165531700,834721,834571,0,834571,30100,151,5016.61,false
165531700,834721,834571,0,834571,165561800,834872,834722,0,834722,30100,151,5016.61,false
165561800,834872,834722,0,834722,165591900,835023,834873,0,834873,30100,151,5016.61,false
165591900,835023,834873,0,834873,165622000,835174,835024,0,835024,30100,151,5016.61,false
165622000,835174,835024,0,835024,165652100,835325,835175,0,835175,30100,151,5016.61,false
165652100,835325,835175,0,835175,165682200,835476,835326,0,835326,30100,151,5016.61,false
165682200,835476,835326,0,835326,165712300,835627,835477,0,835477,30100,151,5016.61,false
165712300,835627,835477,0,835477,165742400,835778,835628,0,835628,30100,151,5016.61,false
165742400,835778,835628,0,835628,165772500,835929,835779,0,835779,30100,151,5016.61,false
165772500,835929,835779,0,835779,165802600,836080,835930,0,835930,30100,151,5016.61,false
165802600,836080,835930,0,835930,165832700,836231,836081,0,836081,30100,151,5016.61,false
165832700,836231,836081,0,836081,165862800,836382,836232,0,836232,30100,151,5016.61,false
165862800,836382,836232,0,836232,165892900,836533,836383,0,836383,30100,151,5016.61,false
165892900,836533,836383,0,836383,165923000,836684,836534,0,836534,30100,151,5016.61,false
165923000,836684,836534,0,836534,165953100,836835,836685,0,836685,30100,151,5016.61,false
165953100,836835,836685,0,836685,165983200,836986,836836,0,836836,30100,151,5016.61,false
165983200,836986,836836,0,836836,166013300,837137,836987,0,836987,30100,151,5016.61,false
166013300,837137,836987,0,836987,166043400,837288,837138,0,837138,30100,151,5016.61,false
166043400,837288,837138,0,837138,166073500,837439,837289,0,837289,30100,151,5016.61,false
166073500,837439,837289,0,837289,166103600,837590,837440,0,837440,30100,151,5016.61,false
166103600,837590,837440,0,837440,166133700,837741,837591,0,837591,30100,151,5016.61,false
166133700,837741,837591,0,837591,166163800,837892,837742,0,837742,30100,151,5016.61,false
166163800,837892,837742,0,837742,166193900,838043,837893,0,837893,30100,151,5016.61,false
166193900,838043,837893,0,837893,166224000,838194,838044,0,838044,30100,151,5016.61,false
166224000,838194,838044,0,838044,166254100,838345,838195,0,838195,30100,151,5016.61,false
166254100,838345,838195,0,838195,166284200,838496,838346,0,838346,30100,151,5016.61,false
166284200,838496,838346,0,838346,166314300,838647,838497,0,838497,30100,151,5016.61,false
166314300,838647,838497,0,838497,166344400,838798,838648,0,838648,30100,151,5016.61,false
166344400,838798,838648,0,838648,166374500,838949,838799,0,838799,30100,151,5016.61,false
166374500,838949,838799,0,838799,166404600,839100,838950,0,838950,30100,151,5016.61,false
166404600,839100,838950,0,838950,166434700,839251,839101,0,839101,30100,151,5016.61,false
166434700,839251,839101,0,839101,166464800,839402,839252,0,839252,30100,151,5016.61,false
166464800,839402,839252,0,839252,166494900,839553,839403,0,839403,30100,151,5016.61,false
166494900,839553,839403,0,839403,166525000,839704,839554,0,839554,30100,151,5016.61,false
166525000,839704,839554,0,839554,166555100,839855,839705,0,839705,30100,151,5016.61,false
166555100,839855,839705,0,839705,166585200,840006,839856,0,839856,30100,151,5016.61,false
166585200,840006,839856,0,839856,166615300,840157,840007,0,840007,30100,151,5016.61,false
166615300,840157,840007,0,840007,166645400,840308,840158,0,840158,30100,151,5016.61,false
166645400,840308,840158,0,840158,166675500,840459,840309,0,840309,30100,151,5016.61,false
166675500,840459,840309,0,840309,166705600,840610,840460,0,840460,30100,151,5016.61,false
166705600,840610,840460,0,840460,166735700,840761,840611,0,840611,30100,151,5016.61,false
166735700,840761,840611,0,840611,166765800,840912,840762,0,840762,30100,151,5016.61,false
166765800,840912,840762,0,840762,166795900,841063,840913,0,840913,30100,151,5016.61,false
166796000,841064,840914,0,840914,166826100,841215,841065,0,841065,30100,151,5016.61,false
166826100,841215,841065,0,841065,166856200,841366,841216,0,841216,30100,151,5016.61,false
166856200,841366,841216,0,841216,166886300,841517,841367,0,841367,30100,151,5016.61,false
166886300,841517,841367,0,841367,166916400,841668,841518,0,841518,30100,151,5016.61,false
166916400,841668,841518,0,841518,166946500,841819,841669,0,841669,30100,151,5016.61,false
166946500,841819,841669,0,841669,166976600,841970,841820,0,841820,30100,151,5016.61,false
166976600,841970,841820,0,841820,167006700,842121,841971,0,841971,30100,151,5016.61,false
167006700,842121,841971,0,841971,167036800,842272,842122,0,842122,30100,151,5016.61,false
167036800,842272,842122,0,842122,167066900,842423,842273,0,842273,30100,151,5016.61,false
167066900,842423,842273,0,842273,167097000,842574,842424,0,842424,30100,151,5016.61,false
167097000,842574,842424,0,842424,167127100,842725,842575,0,842575,30100,151,5016.61,false
167127100,842725,842575,0,842575,167157200,842876,842726,0,842726,30100,151,5016.61,false
167157200,842876,842726,0,842726,167187300,843431,842877,0,842877,30100,151,5016.61,true
167187300,843431,842877,0,842877,167257800,843986,843432,0,843432,70500,555,7872.34,true
167257800,843986,843432,0,843432,167328300,844177,843987,0,843987,70500,555,7872.34,true
167328300,844177,843987,0,843987,167362400,844328,844178,0,844178,34100,191,5601.17,true
167362400,844328,844178,0,844178,167392500,844479,844329,0,844329,30100,151,5016.61,false
167392500,844479,844329,0,844329,167422600,844630,844480,0,844480,30100,151,5016.61,false
167422600,844630,844480,0,844480,167452700,844781,844631,0,844631,30100,151,5016.61,false
167452700,844781,844631,0,844631,167482800,844932,844782,0,844782,30100,151,5016.61,false
167482800,844932,844782,0,844782,167512900,845083,844933,0,844933,30100,151,5016.61,false
167512900,845083,844933,0,844933,167543000,845234,845084,0,845084,30100,151,5016.61,false
167543000,845234,845084,0,845084,167573100,845385,845235,0,845235,30100,151,5016.61,false
167573100,845385,845235,0,845235,167603200,845536,845386,0,845386,30100,151,5016.61,false
167603200,845536,845386,0,845386,167633300,845687,845537,0,845537,30100,151,5016.61,false
167633300,845687,845537,0,845537,167663400,845838,845688,0,845688,30100,151,5016.61,false
167663400,845838,845688,0,845688,167693500,845989,845839,0,845839,30100,151,5016.61,false
167693500,845989,845839,0,845839,167723600,846140,845990,0,845990,30100,151,5016.61,false
167723600,846140,845990,0,845990,167753700,846291,846141,0,846141,30100,151,5016.61,false
167753700,846291,846141,0,846141,167783800,846442,846292,0,846292,30100,151,5016.61,false
167783800,846442,846292,0,846292,167854000,846593,846443,0,846443,70200,151,2151.00,false
167854000,846593,846443,0,846443,167924200,846744,846594,0,846594,70200,151,2151.00,false
167924200,846744,846594,0,846594,167958500,846895,846745,0,846745,34300,151,4402.33,false
167958500,846895,846745,0,846745,167988600,847046,846896,0,846896,30100,151,5016.61,false
167988600,847046,846896,0,846896,168018700,847197,847047,0,847047,30100,151,5016.61,false
168018700,847197,847047,0,847047,168048800,847348,847198,0,847198,30100,151,5016.61,false
168048800,847348,847198,0,847198,168078900,847499,847349,0,847349,30100,151,5016.61,false
168078900,847499,847349,0,847349,168109000,847650,847500,0,847500,30100,151,5016.61,false
168109000,847650,847500,0,847500,168139100,847801,847651,0,847651,30100,151,5016.61,false
168139100,847801,847651,0,847651,168169200,847952,847802,0,847802,30100,151,5016.61,false
168169200,847952,847802,0,847802,168199300,848103,847953,0,847953,30100,151,5016.61,false
168199300,848103,847953,0,847953,168229400,848254,848104,0,848104,30100,151,5016.61,false
168229400,848254,848104,0,848104,168259500,848405,848255,0,848255,30100,151,5016.61,false
168259500,848405,848255,0,848255,168289600,848556,848406,0,848406,30100,151,5016.61,false
168289600,848556,848406,0,848406,168319700,848707,848557,0,848557,30100,151,5016.61,false
168319700,848707,848557,0,848557,168349800,848858,848708,0,848708,30100,151,5016.61,false
168349800,848858,848708,0,848708,168379900,849009,848859,0,848859,30100,151,5016.61,false
168379900,849009,848859,0,848859,168410000,849160,849010,0,849010,30100,151,5016.61,false
168410000,849160,849010,0,849010,168440100,849311,849161,0,849161,30100,151,5016.61,false
168440100,849311,849161,0,849161,168470200,849462,849312,0,849312,30100,151,5016.61,false
168470200,849462,849312,0,849312,168500300,849613,849463,0,849463,30100,151,5016.61,false
168500300,849613,849463,0,849463,168530400,849764,849614,0,849614,30100,151,5016.61,false
168530400,849764,849614,0,849614,168560500,849915,849765,0,849765,30100,151,5016.61,false
168560500,849915,849765,0,849765,168590600,850066,849916,0,849916,30100,151,5016.61,false
168590600,850066,849916,0,849916,168620700,850217,850067,0,850067,30100,151,5016.61,false
168620700,850217,850067,0,850067,168650800,850368,850218,0,850218,30100,151,5016.61,false
168650800,850368,850218,0,850218,168680900,850519,850369,0,850369,30100,151,5016.61,false
168680900,850519,850369,0,850369,168711000,850670,850520,0,850520,30100,151,5016.61,false
168711000,850670,850520,0,850520,168741100,850821,850671,0,850671,30100,151,5016.61,false
168741100,850821,850671,0,850671,168771200,850972,850822,0,850822,30100,151,5016.61,false
168771200,850972,850822,0,850822,168801300,851123,850973,0,850973,30100,151,5016.61,false
168801300,851123,850973,0,850973,168831400,851274,851124,0,851124,30100,151,5016.61,false
168831400,851274,851124,0,851124,168861500,851425,851275,0,851275,30100,151,5016.61,false
168861500,851425,851275,0,851275,168891600,851576,851426,0,851426,30100,151,5016.61,false
168891600,851576,851426,0,851426,168921700,851727,851577,0,851577,30100,151,5016.61,false
168921700,851727,851577,0,851577,168951800,851878,851728,0,851728,30100,151,5016.61,false
168951800,851878,851728,0,851728,168981900,852029,851879,0,851879,30100,151,5016.61,false
168981900,852029,851879,0,851879,169012000,852180,852030,0,852030,30100,151,5016.61,false
169012000,852180,852030,0,852030,169042100,852331,852181,0,852181,30100,151,5016.61,false
169042100,852331,852181,0,852181,169072200,852482,852332,0,852332,30100,151,5016.61,false
169072200,852482,852332,0,852332,169102300,852633,852483,0,852483,30100,151,5016.61,false
169102300,852633,852483,0,852483,169132400,852784,852634,0,852634,30100,151,5016.61,false
169132400,852784,852634,0,852634,169162500,852935,852785,0,852785,30100,151,5016.61,false
169162500,852935,852785,0,852785,169192600,853086,852936,0,852936,30100,151,5016.61,false
169192600,853086,852936,0,852936,169222700,853237,853087,0,853087,30100,151,5016.61,false
169222700,853237,853087,0,853087,169252800,853388,853238,0,853238,30100,151,5016.61,false
169252800,853388,853238,0,853238,169282900,853539,853389,0,853389,30100,151,5016.61,false
169282900,853539,853389,0,853389,169313000,853690,853540,0,853540,30100,151,5016.61,false
169313000,853690,853540,0,853540,169343100,853841,853691,0,853691,30100,151,5016.61,false
169343100,853841,853691,0,853691,169373200,853992,853842,0,853842,30100,151,5016.61,false
169373200,853992,853842,0,853842,169403300,854143,853993,0,853993,30100,151,5016.61,false
169403300,854143,853993,0,853993,169433400,854294,854144,0,854144,30100,151,5016.61,false
169433400,854294,854144,0,854144,169463500,854445,854295,0,854295,30100,151,5016.61,false
169463500,854445,854295,0,854295,169493600,854596,854446,0,854446,30100,151,5016.61,false
169493600,854596,854446,0,854446,169523700,854747,854597,0,854597,30100,151,5016.61,false
169523700,854747,854597,0,854597,169553800,854898,854748,0,854748,30100,151,5016.61,false
169553800,854898,854748,0,854748,169583900,855049,854899,0,854899,30100,151,5016.61,false
169583900,855049,854899,0,854899,169614000,855200,855050,0,855050,30100,151,5016.61,false
169614000,855200,855050,0,855050,169644100,855351,855201,0,855201,30100,151,5016.61,false
169644100,855351,855201,0,855201,169674200,855502,855352,0,855352,30100,151,5016.61,false
169674200,855502,855352,0,855352,169704300,855653,855503,0,855503,30100,151,5016.61,false
169704300,855653,855503,0,855503,169734400,855804,855654,0,855654,30100,151,5016.61,false
169734400,855804,855654,0,855654,169764500,855955,855805,0,855805,30100,151,5016.61,false
169764500,855955,855805,0,855805,169794600,856106,855956,0,855956,30100,151,5016.61,false
169794600,856106,855956,0,855956,169824700,856257,856107,0,856107,30100,151,5016.61,false
169824700,856257,856107,0,856107,169854800,856408,856258,0,856258,30100,151,5016.61,false
169854800,856408,856258,0,856258,169884900,856559,856409,0,856409,30100,151,5016.61,false
169884900,856559,856409,0,856409,169915000,856710,856560,0,856560,30100,151,5016.61,false
169915000,856710,856560,0,856560,169945100,856861,856711,0,856711,30100,151,5016.61,false
169945100,856861,856711,0,856711,169975200,857012,856862,0,856862,30100,151,5016.61,false
169975200,857012,856862,0,856862,170005300,857163,857013,0,857013,30100,151,5016.61,false
170005300,857163,857013,0,857013,170035400,857314,857164,0,857164,30100,151,5016.61,false
170035400,857314,857164,0,857164,170065500,857465,857315,0,857315,30100,151,5016.61,false
170065500,857465,857315,0,857315,170095600,857616,857466,0,857466,30100,151,5016.61,false
170095600,857616,857466,0,857466,170125700,857767,857617,0,857617,30100,151,5016.61,false
170125700,857767,857617,0,857617,170155800,857918,857768,0,857768,30100,151,5016.61,false
170155800,857918,857768,0,857768,170185900,858069,857919,0,857919,30100,151,5016.61,false
170185900,858069,857919,0,857919,170216000,858220,858070,0,858070,30100,151,5016.61,false
170216000,858220,858070,0,858070,170246100,858371,858221,0,858221,30100,151,5016.61,false
170246100,858371,858221,0,858221,170276200,858522,858372,0,858372,30100,151,5016.61,false
170276200,858522,858372,0,858372,170306300,858673,858523,0,858523,30100,151,5016.61,false
170306300,858673,858523,0,858523,170336400,858824,858674,0,858674,30100,151,5016.61,false
170336400,858824,858674,0,858674,170366500,858975,858825,0,858825,30100,151,5016.61,false
170366500,858975,858825,0,858825,170396600,859126,858976,0,858976,30100,151,5016.61,false
170396600,859126,858976,0,858976,170426700,859277,859127,0,859127,30100,151,5016.61,false
170426700,859277,859127,0,859127,170456800,859428,859278,0,859278,30100,151,5016.61,false
170456800,859428,859278,0,859278,170486900,859579,859429,0,859429,30100,151,5016.61,false
170486900,859579,859429,0,859429,170517000,859730,859580,0,859580,30100,151,5016.61,false
170517000,859730,859580,0,859580,170547100,859881,859731,0,859731,30100,151,5016.61,false
170547100,859881,859731,0,859731,170577200,860032,859882,0,859882,30100,151,5016.61,false
170577200,860032,859882,0,859882,170607300,860183,860033,0,860033,30100,151,5016.61,false
170607400,860184,860034,0,860034,170637500,860335,860185,0,860185,30100,151,5016.61,false
170637500,860335,860185,0,860185,170667600,860486,860336,0,860336,30100,151,5016.61,false
170667600,860486,860336,0,860336,170697700,860637,860487,0,860487,30100,151,5016.61,false
170697700,860637,860487,0,860487,170727800,860788,860638,0,860638,30100,151,5016.61,false
170727800,860788,860638,0,860638,170757900,860939,860789,0,860789,30100,151,5016.61,false
170757900,860939,860789,0,860789,170788000,861090,860940,0,860940,30100,151,5016.61,false
170788000,861090,860940,0,860940,170818100,861241,861091,0,861091,30100,151,5016.61,false
170818100,861241,861091,0,861091,170848200,861392,861242,0,861242,30100,151,5016.61,false
170848200,861392,861242,0,861242,170878300,861543,861393,0,861393,30100,151,5016.61,false
170878300,861543,861393,0,861393,170908400,861694,861544,0,861544,30100,151,5016.61,false
170908400,861694,861544,0,861544,170938500,861845,861695,0,861695,30100,151,5016.61,false
170938500,861845,861695,0,861695,170968600,861996,861846,0,861846,30100,151,5016.61,false
170968600,861996,861846,0,861846,170998700,862551,861997,0,861997,30100,151,5016.61,true
170998700,862551,861997,0,861997,171069200,863106,862552,0,862552,70500,555,7872.34,true
171069200,863106,862552,0,862552,171139700,863297,863107,0,863107,70500,555,7872.34,true
171139700,863297,863107,0,863107,171173800,863448,863298,0,863298,34100,191,5601.17,true
171173800,863448,863298,0,863298,171203900,863599,863449,0,863449,30100,151,5016.61,false
171203900,863599,863449,0,863449,171234000,863750,863600,0,863600,30100,151,5016.61,false
171234000,863750,863600,0,863600,171264100,863901,863751,0,863751,30100,151,5016.61,false
171264100,863901,863751,0,863751,171294200,864052,863902,0,863902,30100,151,5016.61,false
171294200,864052,863902,0,863902,171324300,864203,864053,0,864053,30100,151,5016.61,false
171324300,864203,864053,0,864053,171354400,864354,864204,0,864204,30100,151,5016.61,false
171354400,864354,864204,0,864204,171384500,864505,864355,0,864355,30100,151,5016.61,false
171384500,864505,864355,0,864355,171414600,864656,864506,0,864506,30100,151,5016.61,false
171414600,864656,864506,0,864506,171444700,864807,864657,0,864657,30100,151,5016.61,false
171444700,864807,864657,0,864657,171474800,864958,864808,0,864808,30100,151,5016.61,false
171474800,864958,864808,0,864808,171504900,865109,864959,0,864959,30100,151,5016.61,false
171504900,865109,864959,0,864959,171535000,865260,865110,0,865110,30100,151,5016.61,false
171535000,865260,865110,0,865110,171565100,865411,865261,0,865261,30100,151,5016.61,false
171565100,865411,865261,0,865261,171595200,865562,865412,0,865412,30100,151,5016.61,false
171595200,865562,865412,0,865412,171665400,865713,865563,0,865563,70200,151,2151.00,false
171665400,865713,865563,0,865563,171735600,865864,865714,0,865714,70200,151,2151.00,false
171735600,865864,865714,0,865714,171769900,866015,865865,0,865865,34300,151,4402.33,false
171769900,866015,865865,0,865865,171800000,866166,866016,0,866016,30100,151,5016.61,false
171800000,866166,866016,0,866016,171830100,866317,866167,0,866167,30100,151,5016.61,false
171830100,866317,866167,0,866167,171860200,866468,866318,0,866318,30100,151,5016.61,false
171860200,866468,866318,0,866318,171890300,866619,866469,0,866469,30100,151,5016.61,false
171890300,866619,866469,0,866469,171920400,866770,866620,0,866620,30100,151,5016.61,false
171920400,866770,866620,0,866620,171950500,866921,866771,0,866771,30100,151,5016.61,false
171950500,866921,866771,0,866771,171980600,867072,866922,0,866922,30100,151,5016.61,false
171980600,867072,866922,0,866922,172010700,867223,867073,0,867073,30100,151,5016.61,false
172010700,867223,867073,0,867073,172040800,867374,867224,0,867224,30100,151,5016.61,false
172040800,867374,867224,0,867224,172070900,867525,867375,0,867375,30100,151,5016.61,false
172070900,867525,867375,0,867375,172101000,867676,867526,0,867526,30100,151,5016.61,false
172101000,867676,867526,0,867526,172131100,867827,867677,0,867677,30100,151,5016.61,false
172131100,867827,867677,0,867677,172161200,867978,867828,0,867828,30100,151,5016.61,false
172161200,867978,867828,0,867828,172191300,868129,867979,0,867979,30100,151,5016.61,false
172191300,868129,867979,0,867979,172221400,868280,868130,0,868130,30100,151,5016.61,false
172221400,868280,868130,0,868130,172251500,868431,868281,0,868281,30100,151,5016.61,false
172251500,868431,868281,0,868281,172281600,868582,868432,0,868432,30100,151,5016.61,false
172281600,868582,868432,0,868432,172311700,868733,868583,0,868583,30100,151,5016.61,false
172311700,868733,868583,0,868583,172341800,868884,868734,0,868734,30100,151,5016.61,false
172341800,868884,868734,0,868734,172371900,869035,868885,0,868885,30100,151,5016.61,false
172371900,869035,868885,0,868885,172402000,869186,869036,0,869036,30100,151,5016.61,false
172402000,869186,869036,0,869036,172432100,869337,869187,0,869187,30100,151,5016.61,false
172432100,869337,869187,0,869187,172462200,869488,869338,0,869338,30100,151,5016.61,false
172462200,869488,869338,0,869338,172492300,869639,869489,0,869489,30100,151,5016.61,false
172492300,869639,869489,0,869489,172522400,869790,869640,0,869640,30100,151,5016.61,false
172522400,869790,869640,0,869640,172552500,869941,869791,0,869791,30100,151,5016.61,false
172552500,869941,869791,0,869791,172582600,870092,869942,0,869942,30100,151,5016.61,false
172582600,870092,869942,0,869942,172612700,870243,870093,0,870093,30100,151,5016.61,false
172612700,870243,870093,0,870093,172642800,870394,870244,0,870244,30100,151,5016.61,false
172642800,870394,870244,0,870244,172672900,870545,870395,0,870395,30100,151,5016.61,false
172672900,870545,870395,0,870395,172703000,870696,870546,0,870546,30100,151,5016.61,false
172703000,870696,870546,0,870546,172733100,870847,870697,0,870697,30100,151,5016.61,false
172733100,870847,870697,0,870697,172763200,870998,870848,0,870848,30100,151,5016.61,false
172763200,870998,870848,0,870848,172793300,871149,870999,0,870999,30100,151,5016.61,false
172793300,871149,870999,0,870999,172823400,871300,871150,0,871150,30100,151,5016.61,false
172823400,871300,871150,0,871150,172853500,871451,871301,0,871301,30100,151,5016.61,false
172853500,871451,871301,0,871301,172883600,871602,871452,0,871452,30100,151,5016.61,false
172883600,871602,871452,0,871452,172913700,871753,871603,0,871603,30100,151,5016.61,false
172913700,871753,871603,0,871603,172943800,871904,871754,0,871754,30100,151,5016.61,false
172943800,871904,871754,0,871754,172973900,872055,871905,0,871905,30100,151,5016.61,false
172973900,872055,871905,0,871905,173004000,872206,872056,0,872056,30100,151,5016.61,false
173004000,872206,872056,0,872056,173034100,872357,872207,0,872207,30100,151,5016.61,false
173034100,872357,872207,0,872207,173064200,872508,872358,0,872358,30100,151,5016.61,false
173064200,872508,872358,0,872358,173094300,872659,872509,0,872509,30100,151,5016.61,false
173094300,872659,872509,0,872509,173124400,872810,872660,0,872660,30100,151,5016.61,false
173124400,872810,872660,0,872660,173154500,872961,872811,0,872811,30100,151,5016.61,false
173154500,872961,872811,0,872811,173184600,873112,872962,0,872962,30100,151,5016.61,false
173184600,873112,872962,0,872962,173214700,873263,873113,0,873113,30100,151,5016.61,false
173214700,873263,873113,0,873113,173244800,873414,873264,0,873264,30100,151,5016.61,false
173244800,873414,873264,0,873264,173274900,873565,873415,0,873415,30100,151,5016.61,false
173274900,873565,873415,0,873415,173305000,873716,873566,0,873566,30100,151,5016.61,false
173305000,873716,873566,0,873566,173335100,873867,873717,0,873717,30100,151,5016.61,false
173335100,873867,873717,0,873717,173365200,874018,873868,0,873868,30100,151,5016.61,false
173365200,874018,873868,0,873868,173395300,874169,874019,0,874019,30100,151,5016.61,false
173395300,874169,874019,0,874019,173425400,874320,874170,0,874170,30100,151,5016.61,false
173425400,874320,874170,0,874170,173455500,874471,874321,0,874321,30100,151,5016.61,false
173455500,874471,874321,0,874321,173485600,874622,874472,0,874472,30100,151,5016.61,false
173485600,874622,874472,0,874472,173515700,874773,874623,0,874623,30100,151,5016.61,false
173515700,874773,874623,0,874623,173545800,874924,874774,0,874774,30100,151,5016.61,false
173545800,874924,874774,0,874774,173575900,875075,874925,0,874925,30100,151,5016.61,false
173575900,875075,874925,0,874925,173606000,875226,875076,0,875076,30100,151,5016.61,false
173606000,875226,875076,0,875076,173636100,875377,875227,0,875227,30100,151,5016.61,false
173636100,875377,875227,0,875227,173666200,875528,875378,0,875378,30100,151,5016.61,false
173666200,875528,875378,0,875378,173696300,875679,875529,0,875529,30100,151,5016.61,false
173696300,875679,875529,0,875529,173726400,875830,875680,0,875680,30100,151,5016.61,false
173726400,875830,875680,0,875680,173756500,875981,875831,0,875831,30100,151,5016.61,false
173756500,875981,875831,0,875831,173786600,876132,875982,0,875982,30100,151,5016.61,false
173786600,876132,875982,0,875982,173816700,876283,876133,0,876133,30100,151,5016.61,false
173816700,876283,876133,0,876133,173846800,876434,876284,0,876284,30100,151,5016.61,false
173846800,876434,876284,0,876284,173876900,876585,876435,0,876435,30100,151,5016.61,false
173876900,876585,876435,0,876435,173907000,876736,876586,0,876586,30100,151,5016.61,false
173907000,876736,876586,0,876586,173937100,876887,876737,0,876737,30100,151,5016.61,false
173937100,876887,876737,0,876737,173967200,877038,876888,0,876888,30100,151,5016.61,false
173967200,877038,876888,0,876888,173997300,877189,877039,0,877039,30100,151,5016.61,false
173997300,877189,877039,0,877039,174027400,877340,877190,0,877190,30100,151,5016.61,false
174027400,877340,877190,0,877190,174057500,877491,877341,0,877341,30100,151,5016.61,false
174057500,877491,877341,0,877341,174087600,877642,877492,0,877492,30100,151,5016.61,false
174087600,877642,877492,0,877492,174117700,877793,877643,0,877643,30100,151,5016.61,false
174117700,877793,877643,0,877643,174147800,877944,877794,0,877794,30100,151,5016.61,false
174147800,877944,877794,0,877794,174177900,878095,877945,0,877945,30100,151,5016.61,false
174177900,878095,877945,0,877945,174208000,878246,878096,0,878096,30100,151,5016.61,false
174208000,878246,878096,0,878096,174238100,878397,878247,0,878247,30100,151,5016.61,false
174238100,878397,878247,0,878247,174268200,878548,878398,0,878398,30100,151,5016.61,false
174268200,878548,878398,0,878398,174298300,878699,878549,0,878549,30100,151,5016.61,false
174298300,878699,878549,0,878549,174328400,878850,878700,0,878700,30100,151,5016.61,false
174328400,878850,878700,0,878700,174358500,879001,878851,0,878851,30100,151,5016.61,false
174358500,879001,878851,0,878851,174388600,879152,879002,0,879002,30100,151,5016.61,false
174388600,879152,879002,0,879002,174418700,879303,879153,0,879153,30100,151,5016.61,false
174418800,879304,879154,0,879154,174448900,879455,879305,0,879305,30100,151,5016.61,false
174448900,879455,879305,0,879305,174479000,879606,879456,0,879456,30100,151,5016.61,false
174479000,879606,879456,0,879456,174509100,879757,879607,0,879607,30100,151,5016.61,false
174509100,879757,879607,0,879607,174539200,879908,879758,0,879758,30100,151,5016.61,false
174539200,879908,879758,0,879758,174569300,880059,879909,0,879909,30100,151,5016.61,false
174569300,880059,879909,0,879909,174599400,880210,880060,0,880060,30100,151,5016.61,false
174599400,880210,880060,0,880060,174629500,880361,880211,0,880211,30100,151,5016.61,false
174629500,880361,880211,0,880211,174659600,880512,880362,0,880362,30100,151,5016.61,false
174659600,880512,880362,0,880362,174689700,880663,880513,0,880513,30100,151,5016.61,false
174689700,880663,880513,0,880513,174719800,880814,880664,0,880664,30100,151,5016.61,false
174719800,880814,880664,0,880664,174749900,880965,880815,0,880815,30100,151,5016.61,false
174749900,880965,880815,0,880815,174780000,881116,880966,0,880966,30100,151,5016.61,false
174780000,881116,880966,0,880966,174810100,881671,881117,0,881117,30100,151,5016.61,true
174810100,881671,881117,0,881117,174880600,882226,881672,0,881672,70500,555,7872.34,true
174880600,882226,881672,0,881672,174951100,882417,882227,0,882227,70500,555,7872.34,true
174951100,882417,882227,0,882227,174985200,882568,882418,0,882418,34100,191,5601.17,true
174985200,882568,882418,0,882418,175015300,882719,882569,0,882569,30100,151,5016.61,false
175015300,882719,882569,0,882569,175045400,882870,882720,0,882720,30100,151,5016.61,false
175045400,882870,882720,0,882720,175075500,883021,882871,0,882871,30100,151,5016.61,false
175075500,883021,882871,0,882871,175105600,883172,883022,0,883022,30100,151,5016.61,false
175105600,883172,883022,0,883022,175135700,883323,883173,0,883173,30100,151,5016.61,false
175135700,883323,883173,0,883173,175165800,883474,883324,0,883324,30100,151,5016.61,false
175165800,883474,883324,0,883324,175195900,883625,883475,0,883475,30100,151,5016.61,false
175195900,883625,883475,0,883475,175226000,883776,883626,0,883626,30100,151,5016.61,false
175226000,883776,883626,0,883626,175256100,883927,883777,0,883777,30100,151,5016.61,false
175256100,883927,883777,0,883777,175286200,884078,883928,0,883928,30100,151,5016.61,false
175286200,884078,883928,0,883928,175316300,884229,884079,0,884079,30100,151,5016.61,false
175316300,884229,884079,0,884079,175346400,884380,884230,0,884230,30100,151,5016.61,false
175346400,884380,884230,0,884230,175376500,884531,884381,0,884381,30100,151,5016.61,false
175376500,884531,884381,0,884381,175406600,884682,884532,0,884532,30100,151,5016.61,false
175406600,884682,884532,0,884532,175476800,884833,884683,0,884683,70200,151,2151.00,false
175476800,884833,884683,0,884683,175547000,884984,884834,0,884834,70200,151,2151.00,false
175547000,884984,884834,0,884834,175581300,885135,884985,0,884985,34300,151,4402.33,false
175581300,885135,884985,0,884985,175611400,885286,885136,0,885136,30100,151,5016.61,false
175611400,885286,885136,0,885136,175641500,885437,885287,0,885287,30100,151,5016.61,false
175641500,885437,885287,0,885287,175671600,885588,885438,0,885438,30100,151,5016.61,false
175671600,885588,885438,0,885438,175701700,885739,885589,0,885589,30100,151,5016.61,false
175701700,885739,885589,0,885589,175731800,885890,885740,0,885740,30100,151,5016.61,false
175731800,885890,885740,0,885740,175761900,886041,885891,0,885891,30100,151,5016.61,false
175761900,886041,885891,0,885891,175792000,886192,886042,0,886042,30100,151,5016.61,false
175792000,886192,886042,0,886042,175822100,886343,886193,0,886193,30100,151,5016.61,false
175822100,886343,886193,0,886193,175852200,886494,886344,0,886344,30100,151,5016.61,false
175852200,886494,886344,0,886344,175882300,886645,886495,0,886495,30100,151,5016.61,false
175882300,886645,886495,0,886495,175912400,886796,886646,0,886646,30100,151,5016.61,false
175912400,886796,886646,0,886646,175942500,886947,886797,0,886797,30100,151,5016.61,false
175942500,886947,886797,0,886797,175972600,887098,886948,0,886948,30100,151,5016.61,false
175972600,887098,886948,0,886948,176002700,887249,887099,0,887099,30100,151,5016.61,false
176002700,887249,887099,0,887099,176032800,887400,887250,0,887250,30100,151,5016.61,false
176032800,887400,887250,0,887250,176062900,887551,887401,0,887401,30100,151,5016.61,false
176062900,887551,887401,0,887401,176093000,887702,887552,0,887552,30100,151,5016.61,false
176093000,887702,887552,0,887552,176123100,887853,887703,0,887703,30100,151,5016.61,false
176123100,887853,887703,0,887703,176153200,888004,887854,0,887854,30100,151,5016.61,false
176153200,888004,887854,0,887854,176183300,888155,888005,0,888005,30100,151,5016.61,false
176183300,888155,888005,0,888005,176213400,888306,888156,0,888156,30100,151,5016.61,false
176213400,888306,888156,0,888156,176243500,888457,888307,0,888307,30100,151,5016.61,false
176243500,888457,888307,0,888307,176273600,888608,888458,0,888458,30100,151,5016.61,false
176273600,888608,888458,0,888458,176303700,888759,888609,0,888609,30100,151,5016.61,false
176303700,888759,888609,0,888609,176333800,888910,888760,0,888760,30100,151,5016.61,false
176333800,888910,888760,0,888760,176363900,889061,888911,0,888911,30100,151,5016.61,false
176363900,889061,888911,0,888911,176394000,889212,889062,0,889062,30100,151,5016.61,false
176394000,889212,889062,0,889062,176424100,889363,889213,0,889213,30100,151,5016.61,false
176424100,889363,889213,0,889213,176454200,889514,889364,0,889364,30100,151,5016.61,false
176454200,889514,889364,0,889364,176484300,889665,889515,0,889515,30100,151,5016.61,false
176484300,889665,889515,0,889515,176514400,889816,889666,0,889666,30100,151,5016.61,false
176514400,889816,889666,0,889666,176544500,889967,889817,0,889817,30100,151,5016.61,false
176544500,889967,889817,0,889817,176574600,890118,889968,0,889968,30100,151,5016.61,false
176574600,890118,889968,0,889968,176604700,890269,890119,0,890119,30100,151,5016.61,false
176604700,890269,890119,0,890119,176634800,890420,890270,0,890270,30100,151,5016.61,false
176634800,890420,890270,0,890270,176664900,890571,890421,0,890421,30100,151,5016.61,false
176664900,890571,890421,0,890421,176695000,890722,890572,0,890572,30100,151,5016.61,false
176695000,890722,890572,0,890572,176725100,890873,890723,0,890723,30100,151,5016.61,false
176725100,890873,890723,0,890723,176755200,891024,890874,0,890874,30100,151,5016.61,false
176755200,891024,890874,0,890874,176785300,891175,891025,0,891025,30100,151,5016.61,false
176785300,891175,891025,0,891025,176815400,891326,891176,0,891176,30100,151,5016.61,false
176815400,891326,891176,0,891176,176845500,891477,891327,0,891327,30100,151,5016.61,false
176845500,891477,891327,0,891327,176875600,891628,891478,0,891478,30100,151,5016.61,false
176875600,891628,891478,0,891478,176905700,891779,891629,0,891629,30100,151,5016.61,false
176905700,891779,891629,0,891629,176935800,891930,891780,0,891780,30100,151,5016.61,false
176935800,891930,891780,0,891780,176965900,892081,891931,0,891931,30100,151,5016.61,false
176965900,892081,891931,0,891931,176996000,892232,892082,0,892082,30100,151,5016.61,false
176996000,892232,892082,0,892082,177026100,892383,892233,0,892233,30100,151,5016.61,false
177026100,892383,892233,0,892233,177056200,892534,892384,0,892384,30100,151,5016.61,false
177056200,892534,892384,0,892384,177086300,892685,892535,0,892535,30100,151,5016.61,false
177086300,892685,892535,0,892535,177116400,892836,892686,0,892686,30100,151,5016.61,false
177116400,892836,892686,0,892686,177146500,892987,892837,0,892837,30100,151,5016.61,false
177146500,892987,892837,0,892837,177176600,893138,892988,0,892988,30100,151,5016.61,false
177176600,893138,892988,0,892988,177206700,893289,893139,0,893139,30100,151,5016.61,false
177206700,893289,893139,0,893139,177236800,893440,893290,0,893290,30100,151,5016.61,false
177236800,893440,893290,0,893290,177266900,893591,893441,0,893441,30100,151,5016.61,false
177266900,893591,893441,0,893441,177297000,893742,893592,0,893592,30100,151,5016.61,false
177297000,893742,893592,0,893592,177327100,893893,893743,0,893743,30100,151,5016.61,false
177327100,893893,893743,0,893743,177357200,894044,893894,0,893894,30100,151,5016.61,false
177357200,894044,893894,0,893894,177387300,894195,894045,0,894045,30100,151,5016.61,false
177387300,894195,894045,0,894045,177417400,894346,894196,0,894196,30100,151,5016.61,false
177417400,894346,894196,0,894196,177447500,894497,894347,0,894347,30100,151,5016.61,false
177447500,894497,894347,0,894347,177477600,894648,894498,0,894498,30100,151,5016.61,false
177477600,894648,894498,0,894498,177507700,894799,894649,0,894649,30100,151,5016.61,false
177507700,894799,894649,0,894649,177537800,894950,894800,0,894800,30100,151,5016.61,false
177537800,894950,894800,0,894800,177567900,895101,894951,0,894951,30100,151,5016.61,false
177567900,895101,894951,0,894951,177598000,895252,895102,0,895102,30100,151,5016.61,false
177598000,895252,895102,0,895102,177628100,895403,895253,0,895253,30100,151,5016.61,false
177628100,895403,895253,0,895253,177658200,895554,895404,0,895404,30100,151,5016.61,false
177658200,895554,895404,0,895404,177688300,895705,895555,0,895555,30100,151,5016.61,false
177688300,895705,895555,0,895555,177718400,895856,895706,0,895706,30100,151,5016.61,false
177718400,895856,895706,0,895706,177748500,896007,895857,0,895857,30100,151,5016.61,false
177748500,896007,895857,0,895857,177778600,896158,896008,0,896008,30100,151,5016.61,false
177778600,896158,896008,0,896008,177808700,896309,896159,0,896159,30100,151,5016.61,false
177808700,896309,896159,0,896159,177838800,896460,896310,0,896310,30100,151,5016.61,false
177838800,896460,896310,0,896310,177868900,896611,896461,0,896461,30100,151,5016.61,false
177868900,896611,896461,0,896461,177899000,896762,896612,0,896612,30100,151,5016.61,false
177899000,896762,896612,0,896612,177929100,896913,896763,0,896763,30100,151,5016.61,false
177929100,896913,896763,0,896763,177959200,897064,896914,0,896914,30100,151,5016.61,false
177959200,897064,896914,0,896914,177989300,897215,897065,0,897065,30100,151,5016.61,false
177989300,897215,897065,0,897065,178019400,897366,897216,0,897216,30100,151,5016.61,false
178019400,897366,897216,0,897216,178049500,897517,897367,0,897367,30100,151,5016.61,false
178049500,897517,897367,0,897367,178079600,897668,897518,0,897518,30100,151,5016.61,false
178079600,897668,897518,0,897518,178109700,897819,897669,0,897669,30100,151,5016.61,false
178109700,897819,897669,0,897669,178139800,897970,897820,0,897820,30100,151,5016.61,false
178139800,897970,897820,0,897820,178169900,898121,897971,0,897971,30100,151,5016.61,false
178169900,898121,897971,0,897971,178200000,898272,898122,0,898122,30100,151,5016.61,false
178200000,898272,898122,0,898122,178230100,898423,898273,0,898273,30100,151,5016.61,false
178230200,898424,898274,0,898274,178260300,898575,898425,0,898425,30100,151,5016.61,false
178260300,898575,898425,0,898425,178290400,898726,898576,0,898576,30100,151,5016.61,false
178290400,898726,898576,0,898576,178320500,898877,898727,0,898727,30100,151,5016.61,false
178320500,898877,898727,0,898727,178350600,899028,898878,0,898878,30100,151,5016.61,false
178350600,899028,898878,0,898878,178380700,899179,899029,0,899029,30100,151,5016.61,false
178380700,899179,899029,0,899029,178410800,899330,899180,0,899180,30100,151,5016.61,false
178410800,899330,899180,0,899180,178440900,899481,899331,0,899331,30100,151,5016.61,false
178440900,899481,899331,0,899331,178471000,899632,899482,0,899482,30100,151,5016.61,false
178471000,899632,899482,0,899482,178501100,899783,899633,0,899633,30100,151,5016.61,false
178501100,899783,899633,0,899633,178531200,899934,899784,0,899784,30100,151,5016.61,false
178531200,899934,899784,0,899784,178561300,900085,899935,0,899935,30100,151,5016.61,false
178561300,900085,899935,0,899935,178591400,900236,900086,0,900086,30100,151,5016.61,false
178591400,900236,900086,0,900086,178621500,900791,900237,0,900237,30100,151,5016.61,true
178621500,900791,900237,0,900237,178692000,901346,900792,0,900792,70500,555,7872.34,true
178692000,901346,900792,0,900792,178762500,901537,901347,0,901347,70500,555,7872.34,true
178762500,901537,901347,0,901347,178796600,901688,901538,0,901538,34100,191,5601.17,true
178796600,901688,901538,0,901538,178826700,901839,901689,0,901689,30100,151,5016.61,false
178826700,901839,901689,0,901689,178856800,901990,901840,0,901840,30100,151,5016.61,false
178856800,901990,901840,0,901840,178886900,902141,901991,0,901991,30100,151,5016.61,false
178886900,902141,901991,0,901991,178917000,902292,902142,0,902142,30100,151,5016.61,false
178917000,902292,902142,0,902142,178947100,902443,902293,0,902293,30100,151,5016.61,false
178947100,902443,902293,0,902293,178977200,902594,902444,0,902444,30100,151,5016.61,false
178977200,902594,902444,0,902444,179007300,902745,902595,0,902595,30100,151,5016.61,false
179007300,902745,902595,0,902595,179037400,902896,902746,0,902746,30100,151,5016.61,false
179037400,902896,902746,0,902746,179067500,903047,902897,0,902897,30100,151,5016.61,false
179067500,903047,902897,0,902897,179097600,903198,903048,0,903048,30100,151,5016.61,false
179097600,903198,903048,0,903048,179127700,903349,903199,0,903199,30100,151,5016.61,false
179127700,903349,903199,0,903199,179157800,903500,903350,0,903350,30100,151,5016.61,false
179157800,903500,903350,0,903350,179187900,903651,903501,0,903501,30100,151,5016.61,false
179187900,903651,903501,0,903501,179218000,903802,903652,0,903652,30100,151,5016.61,false
179218000,903802,903652,0,903652,179288200,903953,903803,0,903803,70200,151,2151.00,false
179288200,903953,903803,0,903803,179358400,904104,903954,0,903954,70200,151,2151.00,false
179358400,904104,903954,0,903954,179392700,904255,904105,0,904105,34300,151,4402.33,false
179392700,904255,904105,0,904105,179422800,904406,904256,0,904256,30100,151,5016.61,false
179422800,904406,904256,0,904256,179452900,904557,904407,0,904407,30100,151,5016.61,false
179452900,904557,904407,0,904407,179483000,904708,904558,0,904558,30100,151,5016.61,false
179483000,904708,904558,0,904558,179513100,904859,904709,0,904709,30100,151,5016.61,false
179513100,904859,904709,0,904709,179543200,905010,904860,0,904860,30100,151,5016.61,false
179543200,905010,904860,0,904860,179573300,905161,905011,0,905011,30100,151,5016.61,false
179573300,905161,905011,0,905011,179603400,905312,905162,0,905162,30100,151,5016.61,false
179603400,905312,905162,0,905162,179633500,905463,905313,0,905313,30100,151,5016.61,false
179633500,905463,905313,0,905313,179663600,905614,905464,0,905464,30100,151,5016.61,false
179663600,905614,905464,0,905464,179693700,905765,905615,0,905615,30100,151,5016.61,false
179693700,905765,905615,0,905615,179723800,905916,905766,0,905766,30100,151,5016.61,false
179723800,905916,905766,0,905766,179753900,906067,905917,0,905917,30100,151,5016.61,false
179753900,906067,905917,0,905917,179784000,906218,906068,0,906068,30100,151,5016.61,false
179784000,906218,906068,0,906068,179814100,906369,906219,0,906219,30100,151,5016.61,false
179814100,906369,906219,0,906219,179844200,906520,906370,0,906370,30100,151,5016.61,false
179844200,906520,906370,0,906370,179874300,906671,906521,0,906521,30100,151,5016.61,false
179874300,906671,906521,0,906521,179904400,906822,906672,0,906672,30100,151,5016.61,false
179904400,906822,906672,0,906672,179934500,906973,906823,0,906823,30100,151,5016.61,false
179934500,906973,906823,0,906823,179964600,907124,906974,0,906974,30100,151,5016.61,false
179964600,907124,906974,0,906974,179994700,907275,907125,0,907125,30100,151,5016.61,false
179994700,907275,907125,0,907125,180024800,907426,907276,0,907276,30100,151,5016.61,false
180024800,907426,907276,0,907276,180054900,907577,907427,0,907427,30100,151,5016.61,false
180054900,907577,907427,0,907427,180085000,907728,907578,0,907578,30100,151,5016.61,false
180085000,907728,907578,0,907578,180115100,907879,907729,0,907729,30100,151,5016.61,false
180115100,907879,907729,0,907729,180145200,908030,907880,0,907880,30100,151,5016.61,false
180145200,908030,907880,0,907880,180175300,908181,908031,0,908031,30100,151,5016.61,false
180175300,908181,908031,0,908031,180205400,908332,908182,0,908182,30100,151,5016.61,false
180205400,908332,908182,0,908182,180235500,908483,908333,0,908333,30100,151,5016.61,false
180235500,908483,908333,0,908333,180265600,908634,908484,0,908484,30100,151,5016.61,false
180265600,908634,908484,0,908484,180295700,908785,908635,0,908635,30100,151,5016.61,false
180295700,908785,908635,0,908635,180325800,908936,908786,0,908786,30100,151,5016.61,false
180325800,908936,908786,0,908786,180355900,909087,908937,0,908937,30100,151,5016.61,false
180355900,909087,908937,0,908937,180386000,909238,909088,0,909088,30100,151,5016.61,false
180386000,909238,909088,0,909088,180416100,909389,909239,0,909239,30100,151,5016.61,false
180416100,909389,909239,0,909239,180446200,909540,909390,0,909390,30100,151,5016.61,false
180446200,909540,909390,0,909390,180476300,909691,909541,0,909541,30100,151,5016.61,false
180476300,909691,909541,0,909541,180506400,909842,909692,0,909692,30100,151,5016.61,false
180506400,909842,909692,0,909692,180536500,909993,909843,0,909843,30100,151,5016.61,false
180536500,909993,909843,0,909843,180566600,910144,909994,0,909994,30100,151,5016.61,false
180566600,910144,909994,0,909994,180596700,910295,910145,0,910145,30100,151,5016.61,false
180596700,910295,910145,0,910145,180626800,910446,910296,0,910296,30100,151,5016.61,false
180626800,910446,910296,0,910296,180656900,910597,910447,0,910447,30100,151,5016.61,false
180656900,910597,910447,0,910447,180687000,910748,910598,0,910598,30100,151,5016.61,false
180687000,910748,910598,0,910598,180717100,910899,910749,0,910749,30100,151,5016.61,false
180717100,910899,910749,0,910749,180747200,911050,910900,0,910900,30100,151,5016.61,false
180747200,911050,910900,0,910900,180777300,911201,911051,0,911051,30100,151,5016.61,false
180777300,911201,911051,0,911051,180807400,911352,911202,0,911202,30100,151,5016.61,false
180807400,911352,911202,0,911202,180837500,911503,911353,0,911353,30100,151,5016.61,false
180837500,911503,911353,0,911353,180867600,911654,911504,0,911504,30100,151,5016.61,false
180867600,911654,911504,0,911504,180897700,911805,911655,0,911655,30100,151,5016.61,false
180897700,911805,911655,0,911655,180927800,911956,911806,0,911806,30100,151,5016.61,false
180927800,911956,911806,0,911806,180957900,912107,911957,0,911957,30100,151,5016.61,false
180957900,912107,911957,0,911957,180988000,912258,912108,0,912108,30100,151,5016.61,false
180988000,912258,912108,0,912108,181018100,912409,912259,0,912259,30100,151,5016.61,false
181018100,912409,912259,0,912259,181048200,912560,912410,0,912410,30100,151,5016.61,false
181048200,912560,912410,0,912410,181078300,912711,912561,0,912561,30100,151,5016.61,false
181078300,912711,912561,0,912561,181108400,912862,912712,0,912712,30100,151,5016.61,false
181108400,912862,912712,0,912712,181138500,913013,912863,0,912863,30100,151,5016.61,false
181138500,913013,912863,0,912863,181168600,913164,913014,0,913014,30100,151,5016.61,false
181168600,913164,913014,0,913014,181198700,913315,913165,0,913165,30100,151,5016.61,false
181198700,913315,913165,0,913165,181228800,913466,913316,0,913316,30100,151,5016.61,false
181228800,913466,913316,0,913316,181258900,913617,913467,0,913467,30100,151,5016.61,false
181258900,913617,913467,0,913467,181289000,913768,913618,0,913618,30100,151,5016.61,false
181289000,913768,913618,0,913618,181319100,913919,913769,0,913769,30100,151,5016.61,false
181319100,913919,913769,0,913769,181349200,914070,913920,0,913920,30100,151,5016.61,false
181349200,914070,913920,0,913920,181379300,914221,914071,0,914071,30100,151,5016.61,false
181379300,914221,914071,0,914071,181409400,914372,914222,0,914222,30100,151,5016.61,false
181409400,914372,914222,0,914222,181439500,914523,914373,0,914373,30100,151,5016.61,false
181439500,914523,914373,0,914373,181469600,914674,914524,0,914524,30100,151,5016.61,false
181469600,914674,914524,0,914524,181499700,914825,914675,0,914675,30100,151,5016.61,false
181499700,914825,914675,0,914675,181529800,914976,914826,0,914826,30100,151,5016.61,false
181529800,914976,914826,0,914826,181559900,915127,914977,0,914977,30100,151,5016.61,false
181559900,915127,914977,0,914977,181590000,915278,915128,0,915128,30100,151,5016.61,false
181590000,915278,915128,0,915128,181620100,915429,915279,0,915279,30100,151,5016.61,false
181620100,915429,915279,0,915279,181650200,915580,915430,0,915430,30100,151,5016.61,false
181650200,915580,915430,0,915430,181680300,915731,915581,0,915581,30100,151,5016.61,false
181680300,915731,915581,0,915581,181710400,915882,915732,0,915732,30100,151,5016.61,false
181710400,915882,915732,0,915732,181740500,916033,915883,0,915883,30100,151,5016.61,false
181740500,916033,915883,0,915883,181770600,916184,916034,0,916034,30100,151,5016.61,false
181770600,916184,916034,0,916034,181800700,916335,916185,0,916185,30100,151,5016.61,false
181800700,916335,916185,0,916185,181830800,916486,916336,0,916336,30100,151,5016.61,false
181830800,916486,916336,0,916336,181860900,916637,916487,0,916487,30100,151,5016.61,false
181860900,916637,916487,0,916487,181891000,916788,916638,0,916638,30100,151,5016.61,false
181891000,916788,916638,0,916638,181921100,916939,916789,0,916789,30100,151,5016.61,false
181921100,916939,916789,0,916789,181951200,917090,916940,0,916940,30100,151,5016.61,false
181951200,917090,916940,0,916940,181981300,917241,917091,0,917091,30100,151,5016.61,false
181981300,917241,917091,0,917091,182011400,917392,917242,0,917242,30100,151,5016.61,false
182011400,917392,917242,0,917242,182041500,917543,917393,0,917393,30100,151,5016.61,false
182041600,917544,917394,0,917394,182071700,917695,917545,0,917545,30100,151,5016.61,false
182071700,917695,917545,0,917545,182101800,917846,917696,0,917696,30100,151,5016.61,false
182101800,917846,917696,0,917696,182131900,917997,917847,0,917847,30100,151,5016.61,false
182131900,917997,917847,0,917847,182162000,918148,917998,0,917998,30100,151,5016.61,false
182162000,918148,917998,0,917998,182192100,918299,918149,0,918149,30100,151,5016.61,false
182192100,918299,918149,0,918149,182222200,918450,918300,0,918300,30100,151,5016.61,false
182222200,918450,918300,0,918300,182252300,918601,918451,0,918451,30100,151,5016.61,false
182252300,918601,918451,0,918451,182282400,918752,918602,0,918602,30100,151,5016.61,false
182282400,918752,918602,0,918602,182312500,918903,918753,0,918753,30100,151,5016.61,false
182312500,918903,918753,0,918753,182342600,919054,918904,0,918904,30100,151,5016.61,false
182342600,919054,918904,0,918904,182372700,919205,919055,0,919055,30100,151,5016.61,false
182372700,919205,919055,0,919055,182402800,919356,919206,0,919206,30100,151,5016.61,false
182402800,919356,919206,0,919206,182432900,919911,919357,0,919357,30100,151,5016.61,true
182432900,919911,919357,0,919357,182503400,920466,919912,0,919912,70500,555,7872.34,true
182503400,920466,919912,0,919912,182573900,920657,920467,0,920467,70500,555,7872.34,true
182573900,920657,920467,0,920467,182608000,920808,920658,0,920658,34100,191,5601.17,true
182608000,920808,920658,0,920658,182638100,920959,920809,0,920809,30100,151,5016.61,false
182638100,920959,920809,0,920809,182668200,921110,920960,0,920960,30100,151,5016.61,false
182668200,921110,920960,0,920960,182698300,921261,921111,0,921111,30100,151,5016.61,false
182698300,921261,921111,0,921111,182728400,921412,921262,0,921262,30100,151,5016.61,false
182728400,921412,921262,0,921262,182758500,921563,921413,0,921413,30100,151,5016.61,false
182758500,921563,921413,0,921413,182788600,921714,921564,0,921564,30100,151,5016.61,false
182788600,921714,921564,0,921564,182818700,921865,921715,0,921715,30100,151,5016.61,false
182818700,921865,921715,0,921715,182848800,922016,921866,0,921866,30100,151,5016.61,false
182848800,922016,921866,0,921866,182878900,922167,922017,0,922017,30100,151,5016.61,false
182878900,922167,922017,0,922017,182909000,922318,922168,0,922168,30100,151,5016.61,false
182909000,922318,922168,0,922168,182939100,922469,922319,0,922319,30100,151,5016.61,false
182939100,922469,922319,0,922319,182969200,922620,922470,0,922470,30100,151,5016.61,false
182969200,922620,922470,0,922470,182999300,922771,922621,0,922621,30100,151,5016.61,false
182999300,922771,922621,0,922621,183029400,922922,922772,0,922772,30100,151,5016.61,false
183029400,922922,922772,0,922772,183099600,923073,922923,0,922923,70200,151,2151.00,false
183099600,923073,922923,0,922923,183169800,923224,923074,0,923074,70200,151,2151.00,false
183169800,923224,923074,0,923074,183204100,923375,923225,0,923225,34300,151,4402.33,false
183204100,923375,923225,0,923225,183234200,923526,923376,0,923376,30100,151,5016.61,false
183234200,923526,923376,0,923376,183264300,923677,923527,0,923527,30100,151,5016.61,false
183264300,923677,923527,0,923527,183294400,923828,923678,0,923678,30100,151,5016.61,false
183294400,923828,923678,0,923678,183324500,923979,923829,0,923829,30100,151,5016.61,false
183324500,923979,923829,0,923829,183354600,924130,923980,0,923980,30100,151,5016.61,false
183354600,924130,923980,0,923980,183384700,924281,924131,0,924131,30100,151,5016.61,false
183384700,924281,924131,0,924131,183414800,924432,924282,0,924282,30100,151,5016.61,false
183414800,924432,924282,0,924282,183444900,924583,924433,0,924433,30100,151,5016.61,false
183444900,924583,924433,0,924433,183475000,924734,924584,0,924584,30100,151,5016.61,false
183475000,924734,924584,0,924584,183505100,924885,924735,0,924735,30100,151,5016.61,false
183505100,924885,924735,0,924735,183535200,925036,924886,0,924886,30100,151,5016.61,false
183535200,925036,924886,0,924886,183565300,925187,925037,0,925037,30100,151,5016.61,false
183565300,925187,925037,0,925037,183595400,925338,925188,0,925188,30100,151,5016.61,false
183595400,925338,925188,0,925188,183625500,925489,925339,0,925339,30100,151,5016.61,false
183625500,925489,925339,0,925339,183655600,925640,925490,0,925490,30100,151,5016.61,false
183655600,925640,925490,0,925490,183685700,925791,925641,0,925641,30100,151,5016.61,false
183685700,925791,925641,0,925641,183715800,925942,925792,0,925792,30100,151,5016.61,false
183715800,925942,925792,0,925792,183745900,926093,925943,0,925943,30100,151,5016.61,false
183745900,926093,925943,0,925943,183776000,926244,926094,0,926094,30100,151,5016.61,false
183776000,926244,926094,0,926094,183806100,926395,926245,0,926245,30100,151,5016.61,false
183806100,926395,926245,0,926245,183836200,926546,926396,0,926396,30100,151,5016.61,false
183836200,926546,926396,0,926396,183866300,926697,926547,0,926547,30100,151,5016.61,false
183866300,926697,926547,0,926547,183896400,926848,926698,0,926698,30100,151,5016.61,false
183896400,926848,926698,0,926698,183926500,926999,926849,0,926849,30100,151,5016.61,false
183926500,926999,926849,0,926849,183956600,927150,927000,0,927000,30100,151,5016.61,false
183956600,927150,927000,0,927000,183986700,927301,927151,0,927151,30100,151,5016.61,false
183986700,927301,927151,0,927151,184016800,927452,927302,0,927302,30100,151,5016.61,false
184016800,927452,927302,0,927302,184046900,927603,927453,0,927453,30100,151,5016.61,false
184046900,927603,927453,0,927453,184077000,927754,927604,0,927604,30100,151,5016.61,false
184077000,927754,927604,0,927604,184107100,927905,927755,0,927755,30100,151,5016.61,false
184107100,927905,927755,0,927755,184137200,928056,927906,0,927906,30100,151,5016.61,false
184137200,928056,927906,0,927906,184167300,928207,928057,0,928057,30100,151,5016.61,false
184167300,928207,928057,0,928057,184197400,928358,928208,0,928208,30100,151,5016.61,false
184197400,928358,928208,0,928208,184227500,928509,928359,0,928359,30100,151,5016.61,false
184227500,928509,928359,0,928359,184257600,928660,928510,0,928510,30100,151,5016.61,false
184257600,928660,928510,0,928510,184287700,928811,928661,0,928661,30100,151,5016.61,false
184287700,928811,928661,0,928661,184317800,928962,928812,0,928812,30100,151,5016.61,false
184317800,928962,928812,0,928812,184347900,929113,928963,0,928963,30100,151,5016.61,false
184347900,929113,928963,0,928963,184378000,929264,929114,0,929114,30100,151,5016.61,false
184378000,929264,929114,0,929114,184408100,929415,929265,0,929265,30100,151,5016.61,false
184408100,929415,929265,0,929265,184438200,929566,929416,0,929416,30100,151,5016.61,false
184438200,929566,929416,0,929416,184468300,929717,929567,0,929567,30100,151,5016.61,false
184468300,929717,929567,0,929567,184498400,929868,929718,0,929718,30100,151,5016.61,false
184498400,929868,929718,0,929718,184528500,930019,929869,0,929869,30100,151,5016.61,false
184528500,930019,929869,0,929869,184558600,930170,930020,0,930020,30100,151,5016.61,false
184558600,930170,930020,0,930020,184588700,930321,930171,0,930171,30100,151,5016.61,false
184588700,930321,930171,0,930171,184618800,930472,930322,0,930322,30100,151,5016.61,false
184618800,930472,930322,0,930322,184648900,930623,930473,0,930473,30100,151,5016.61,false
184648900,930623,930473,0,930473,184679000,930774,930624,0,930624,30100,151,5016.61,false
184679000,930774,930624,0,930624,184709100,930925,930775,0,930775,30100,151,5016.61,false
184709100,930925,930775,0,930775,184739200,931076,930926,0,930926,30100,151,5016.61,false
184739200,931076,930926,0,930926,184769300,931227,931077,0,931077,30100,151,5016.61,false
184769300,931227,931077,0,931077,184799400,931378,931228,0,931228,30100,151,5016.61,false
184799400,931378,931228,0,931228,184829500,931529,931379,0,931379,30100,151,5016.61,false
184829500,931529,931379,0,931379,184859600,931680,931530,0,931530,30100,151,5016.61,false
184859600,931680,931530,0,931530,184889700,931831,931681,0,931681,30100,151,5016.61,false
184889700,931831,931681,0,931681,184919800,931982,931832,0,931832,30100,151,5016.61,false
184919800,931982,931832,0,931832,184949900,932133,931983,0,931983,30100,151,5016.61,false
184949900,932133,931983,0,931983,184980000,932284,932134,0,932134,30100,151,5016.61,false
184980000,932284,932134,0,932134,185010100,932435,932285,0,932285,30100,151,5016.61,false
185010100,932435,932285,0,932285,185040200,932586,932436,0,932436,30100,151,5016.61,false
185040200,932586,932436,0,932436,185070300,932737,932587,0,932587,30100,151,5016.61,false
185070300,932737,932587,0,932587,185100400,932888,932738,0,932738,30100,151,5016.61,false
185100400,932888,932738,0,932738,185130500,933039,932889,0,932889,30100,151,5016.61,false
185130500,933039,932889,0,932889,185160600,933190,933040,0,933040,30100,151,5016.61,false
185160600,933190,933040,0,933040,185190700,933341,933191,0,933191,30100,151,5016.61,false
185190700,933341,933191,0,933191,185220800,933492,933342,0,933342,30100,151,5016.61,false
185220800,933492,933342,0,933342,185250900,933643,933493,0,933493,30100,151,5016.61,false
185250900,933643,933493,0,933493,185281000,933794,933644,0,933644,30100,151,5016.61,false
185281000,933794,933644,0,933644,185311100,933945,933795,0,933795,30100,151,5016.61,false
185311100,933945,933795,0,933795,185341200,934096,933946,0,933946,30100,151,5016.61,false
185341200,934096,933946,0,933946,185371300,934247,934097,0,934097,30100,151,5016.61,false
185371300,934247,934097,0,934097,185401400,934398,934248,0,934248,30100,151,5016.61,false
185401400,934398,934248,0,934248,185431500,934549,934399,0,934399,30100,151,5016.61,false
185431500,934549,934399,0,934399,185461600,934700,934550,0,934550,30100,151,5016.61,false
185461600,934700,934550,0,934550,185491700,934851,934701,0,934701,30100,151,5016.61,false
185491700,934851,934701,0,934701,185521800,935002,934852,0,934852,30100,151,5016.61,false
185521800,935002,934852,0,934852,185551900,935153,935003,0,935003,30100,151,5016.61,false
185551900,935153,935003,0,935003,185582000,935304,935154,0,935154,30100,151,5016.61,false
185582000,935304,935154,0,935154,185612100,935455,935305,0,935305,30100,151,5016.61,false
185612100,935455,935305,0,935305,185642200,935606,935456,0,935456,30100,151,5016.61,false
185642200,935606,935456,0,935456,185672300,935757,935607,0,935607,30100,151,5016.61,false
185672300,935757,935607,0,935607,185702400,935908,935758,0,935758,30100,151,5016.61,false
185702400,935908,935758,0,935758,185732500,936059,935909,0,935909,30100,151,5016.61,false
185732500,936059,935909,0,935909,185762600,936210,936060,0,936060,30100,151,5016.61,false
185762600,936210,936060,0,936060,185792700,936361,936211,0,936211,30100,151,5016.61,false
185792700,936361,936211,0,936211,185822800,936512,936362,0,936362,30100,151,5016.61,false
185822800,936512,936362,0,936362,185852900,936663,936513,0,936513,30100,151,5016.61,false
185853000,936664,936514,0,936514,185883100,936815,936665,0,936665,30100,151,5016.61,false
185883100,936815,936665,0,936665,185913200,936966,936816,0,936816,30100,151,5016.61,false
185913200,936966,936816,0,936816,185943300,937117,936967,0,936967,30100,151,5016.61,false
185943300,937117,936967,0,936967,185973400,937268,937118,0,937118,30100,151,5016.61,false
185973400,937268,937118,0,937118,186003500,937419,937269,0,937269,30100,151,5016.61,false
186003500,937419,937269,0,937269,186033600,937570,937420,0,937420,30100,151,5016.61,false
186033600,937570,937420,0,937420,186063700,937721,937571,0,937571,30100,151,5016.61,false
186063700,937721,937571,0,937571,186093800,937872,937722,0,937722,30100,151,5016.61,false
186093800,937872,937722,0,937722,186123900,938023,937873,0,937873,30100,151,5016.61,false
186123900,938023,937873,0,937873,186154000,938174,938024,0,938024,30100,151,5016.61,false
186154000,938174,938024,0,938024,186184100,938325,938175,0,938175,30100,151,5016.61,false
186184100,938325,938175,0,938175,186214200,938476,938326,0,938326,30100,151,5016.61,false
186214200,938476,938326,0,938326,186244300,939031,938477,0,938477,30100,151,5016.61,true
186244300,939031,938477,0,938477,186314800,939586,939032,0,939032,70500,555,7872.34,true
186314800,939586,939032,0,939032,186385300,939777,939587,0,939587,70500,555,7872.34,true
186385300,939777,939587,0,939587,186419400,939928,939778,0,939778,34100,191,5601.17,true
186419400,939928,939778,0,939778,186449500,940079,939929,0,939929,30100,151,5016.61,false
186449500,940079,939929,0,939929,186479600,940230,940080,0,940080,30100,151,5016.61,false
186479600,940230,940080,0,940080,186509700,940381,940231,0,940231,30100,151,5016.61,false
186509700,940381,940231,0,940231,186539800,940532,940382,0,940382,30100,151,5016.61,false
186539800,940532,940382,0,940382,186569900,940683,940533,0,940533,30100,151,5016.61,false
186569900,940683,940533,0,940533,186600000,940834,940684,0,940684,30100,151,5016.61,false
186600000,940834,940684,0,940684,186630100,940985,940835,0,940835,30100,151,5016.61,false
186630100,940985,940835,0,940835,186660200,941136,940986,0,940986,30100,151,5016.61,false
186660200,941136,940986,0,940986,186690300,941287,941137,0,941137,30100,151,5016.61,false
186690300,941287,941137,0,941137,186720400,941438,941288,0,941288,30100,151,5016.61,false
186720400,941438,941288,0,941288,186750500,941589,941439,0,941439,30100,151,5016.61,false
186750500,941589,941439,0,941439,186780600,941740,941590,0,941590,30100,151,5016.61,false
186780600,941740,941590,0,941590,186810700,941891,941741,0,941741,30100,151,5016.61,false
186810700,941891,941741,0,941741,186840800,942042,941892,0,941892,30100,151,5016.61,false
186840800,942042,941892,0,941892,186911000,942193,942043,0,942043,70200,151,2151.00,false
186911000,942193,942043,0,942043,186981200,942344,942194,0,942194,70200,151,2151.00,false
186981200,942344,942194,0,942194,187015500,942495,942345,0,942345,34300,151,4402.33,false
187015500,942495,942345,0,942345,187045600,942646,942496,0,942496,30100,151,5016.61,false
187045600,942646,942496,0,942496,187075700,942797,942647,0,942647,30100,151,5016.61,false
187075700,942797,942647,0,942647,187105800,942948,942798,0,942798,30100,151,5016.61,false
187105800,942948,942798,0,942798,187135900,943099,942949,0,942949,30100,151,5016.61,false
187135900,943099,942949,0,942949,187166000,943250,943100,0,943100,30100,151,5016.61,false
187166000,943250,943100,0,943100,187196100,943401,943251,0,943251,30100,151,5016.61,false
187196100,943401,943251,0,943251,187226200,943552,943402,0,943402,30100,151,5016.61,false
187226200,943552,943402,0,943402,187256300,943703,943553,0,943553,30100,151,5016.61,false
187256300,943703,943553,0,943553,187286400,943854,943704,0,943704,30100,151,5016.61,false
187286400,943854,943704,0,943704,187316500,944005,943855,0,943855,30100,151,5016.61,false
187316500,944005,943855,0,943855,187346600,944156,944006,0,944006,30100,151,5016.61,false
187346600,944156,944006,0,944006,187376700,944307,944157,0,944157,30100,151,5016.61,false
187376700,944307,944157,0,944157,187406800,944458,944308,0,944308,30100,151,5016.61,false
187406800,944458,944308,0,944308,187436900,944609,944459,0,944459,30100,151,5016.61,false
187436900,944609,944459,0,944459,187467000,944760,944610,0,944610,30100,151,5016.61,false
187467000,944760,944610,0,944610,187497100,944911,944761,0,944761,30100,151,5016.61,false
187497100,944911,944761,0,944761,187527200,945062,944912,0,944912,30100,151,5016.61,false
187527200,945062,944912,0,944912,187557300,945213,945063,0,945063,30100,151,5016.61,false
187557300,945213,945063,0,945063,187587400,945364,945214,0,945214,30100,151,5016.61,false
187587400,945364,945214,0,945214,187617500,945515,945365,0,945365,30100,151,5016.61,false
187617500,945515,945365,0,945365,187647600,945666,945516,0,945516,30100,151,5016.61,false
187647600,945666,945516,0,945516,187677700,945817,945667,0,945667,30100,151,5016.61,false
187677700,945817,945667,0,945667,187707800,945968,945818,0,945818,30100,151,5016.61,false
187707800,945968,945818,0,945818,187737900,946119,945969,0,945969,30100,151,5016.61,false
187737900,946119,945969,0,945969,187768000,946270,946120,0,946120,30100,151,5016.61,false
187768000,946270,946120,0,946120,187798100,946421,946271,0,946271,30100,151,5016.61,false
187798100,946421,946271,0,946271,187828200,946572,946422,0,946422,30100,151,5016.61,false
187828200,946572,946422,0,946422,187858300,946723,946573,0,946573,30100,151,5016.61,false
187858300,946723,946573,0,946573,187888400,946874,946724,0,946724,30100,151,5016.61,false
187888400,946874,946724,0,946724,187918500,947025,946875,0,946875,30100,151,5016.61,false
187918500,947025,946875,0,946875,187948600,947176,947026,0,947026,30100,151,5016.61,false
187948600,947176,947026,0,947026,187978700,947327,947177,0,947177,30100,151,5016.61,false
187978700,947327,947177,0,947177,188008800,947478,947328,0,947328,30100,151,5016.61,false
188008800,947478,947328,0,947328,188038900,947629,947479,0,947479,30100,151,5016.61,false
188038900,947629,947479,0,947479,188069000,947780,947630,0,947630,30100,151,5016.61,false
188069000,947780,947630,0,947630,188099100,947931,947781,0,947781,30100,151,5016.61,false
188099100,947931,947781,0,947781,188129200,948082,947932,0,947932,30100,151,5016.61,false
188129200,948082,947932,0,947932,188159300,948233,948083,0,948083,30100,151,5016.61,false
188159300,948233,948083,0,948083,188189400,948384,948234,0,948234,30100,151,5016.61,false
188189400,948384,948234,0,948234,188219500,948535,948385,0,948385,30100,151,5016.61,false
188219500,948535,948385,0,948385,188249600,948686,948536,0,948536,30100,151,5016.61,false
188249600,948686,948536,0,948536,188279700,948837,948687,0,948687,30100,151,5016.61,false
188279700,948837,948687,0,948687,188309800,948988,948838,0,948838,30100,151,5016.61,false
188309800,948988,948838,0,948838,188339900,949139,948989,0,948989,30100,151,5016.61,false
188339900,949139,948989,0,948989,188370000,949290,949140,0,949140,30100,151,5016.61,false
188370000,949290,949140,0,949140,188400100,949441,949291,0,949291,30100,151,5016.61,false
188400100,949441,949291,0,949291,188430200,949592,949442,0,949442,30100,151,5016.61,false
188430200,949592,949442,0,949442,188460300,949743,949593,0,949593,30100,151,5016.61,false
188460300,949743,949593,0,949593,188490400,949894,949744,0,949744,30100,151,5016.61,false
188490400,949894,949744,0,949744,188520500,950045,949895,0,949895,30100,151,5016.61,false
188520500,950045,949895,0,949895,188550600,950196,950046,0,950046,30100,151,5016.61,false
188550600,950196,950046,0,950046,188580700,950347,950197,0,950197,30100,151,5016.61,false
188580700,950347,950197,0,950197,188610800,950498,950348,0,950348,30100,151,5016.61,false
188610800,950498,950348,0,950348,188640900,950649,950499,0,950499,30100,151,5016.61,false
188640900,950649,950499,0,950499,188671000,950800,950650,0,950650,30100,151,5016.61,false
188671000,950800,950650,0,950650,188701100,950951,950801,0,950801,30100,151,5016.61,false
188701100,950951,950801,0,950801,188731200,951102,950952,0,950952,30100,151,5016.61,false
188731200,951102,950952,0,950952,188761300,951253,951103,0,951103,30100,151,5016.61,false
188761300,951253,951103,0,951103,188791400,951404,951254,0,951254,30100,151,5016.61,false
188791400,951404,951254,0,951254,188821500,951555,951405,0,951405,30100,151,5016.61,false
188821500,951555,951405,0,951405,188851600,951706,951556,0,951556,30100,151,5016.61,false
188851600,951706,951556,0,951556,188881700,951857,951707,0,951707,30100,151,5016.61,false
188881700,951857,951707,0,951707,188911800,952008,951858,0,951858,30100,151,5016.61,false
188911800,952008,951858,0,951858,188941900,952159,952009,0,952009,30100,151,5016.61,false
188941900,952159,952009,0,952009,188972000,952310,952160,0,952160,30100,151,5016.61,false
188972000,952310,952160,0,952160,189002100,952461,952311,0,952311,30100,151,5016.61,false
189002100,952461,952311,0,952311,189032200,952612,952462,0,952462,30100,151,5016.61,false
189032200,952612,952462,0,952462,189062300,952763,952613,0,952613,30100,151,5016.61,false
189062300,952763,952613,0,952613,189092400,952914,952764,0,952764,30100,151,5016.61,false
189092400,952914,952764,0,952764,189122500,953065,952915,0,952915,30100,151,5016.61,false
189122500,953065,952915,0,952915,189152600,953216,953066,0,953066,30100,151,5016.61,false
189152600,953216,953066,0,953066,189182700,953367,953217,0,953217,30100,151,5016.61,false
189182700,953367,953217,0,953217,189212800,953518,953368,0,953368,30100,151,5016.61,false
189212800,953518,953368,0,953368,189242900,953669,953519,0,953519,30100,151,5016.61,false
189242900,953669,953519,0,953519,189273000,953820,953670,0,953670,30100,151,5016.61,false
189273000,953820,953670,0,953670,189303100,953971,953821,0,953821,30100,151,5016.61,false
189303100,953971,953821,0,953821,189333200,954122,953972,0,953972,30100,151,5016.61,false
189333200,954122,953972,0,953972,189363300,954273,954123,0,954123,30100,151,5016.61,false
189363300,954273,954123,0,954123,189393400,954424,954274,0,954274,30100,151,5016.61,false
189393400,954424,954274,0,954274,189423500,954575,954425,0,954425,30100,151,5016.61,false
189423500,954575,954425,0,954425,189453600,954726,954576,0,954576,30100,151,5016.61,false
189453600,954726,954576,0,954576,189483700,954877,954727,0,954727,30100,151,5016.61,false
189483700,954877,954727,0,954727,189513800,955028,954878,0,954878,30100,151,5016.61,false
189513800,955028,954878,0,954878,189543900,955179,955029,0,955029,30100,151,5016.61,false
189543900,955179,955029,0,955029,189574000,955330,955180,0,955180,30100,151,5016.61,false
189574000,955330,955180,0,955180,189604100,955481,955331,0,955331,30100,151,5016.61,false
189604100,955481,955331,0,955331,189634200,955632,955482,0,955482,30100,151,5016.61,false
189634200,955632,955482,0,955482,189664300,955783,955633,0,955633,30100,151,5016.61,false
189664400,955784,955634,0,955634,189694500,955935,955785,0,955785,30100,151,5016.61,false
189694500,955935,955785,0,955785,189724600,956086,955936,0,955936,30100,151,5016.61,false
189724600,956086,955936,0,955936,189754700,956237,956087,0,956087,30100,151,5016.61,false
189754700,956237,956087,0,956087,189784800,956388,956238,0,956238,30100,151,5016.61,false
189784800,956388,956238,0,956238,189814900,956539,956389,0,956389,30100,151,5016.61,false
189814900,956539,956389,0,956389,189845000,956690,956540,0,956540,30100,151,5016.61,false
189845000,956690,956540,0,956540,189875100,956841,956691,0,956691,30100,151,5016.61,false
189875100,956841,956691,0,956691,189905200,956992,956842,0,956842,30100,151,5016.61,false
189905200,956992,956842,0,956842,189935300,957143,956993,0,956993,30100,151,5016.61,false
189935300,957143,956993,0,956993,189965400,957294,957144,0,957144,30100,151,5016.61,false
189965400,957294,957144,0,957144,189995500,957445,957295,0,957295,30100,151,5016.61,false
189995500,957445,957295,0,957295,190025600,957596,957446,0,957446,30100,151,5016.61,false
190025600,957596,957446,0,957446,190055700,958151,957597,0,957597,30100,151,5016.61,true
190055700,958151,957597,0,957597,190126200,958706,958152,0,958152,70500,555,7872.34,true
190126200,958706,958152,0,958152,190196700,958897,958707,0,958707,70500,555,7872.34,true
190196700,958897,958707,0,958707,190230800,959048,958898,0,958898,34100,191,5601.17,true
190230800,959048,958898,0,958898,190260900,959199,959049,0,959049,30100,151,5016.61,false
190260900,959199,959049,0,959049,190291000,959350,959200,0,959200,30100,151,5016.61,false
190291000,959350,959200,0,959200,190321100,959501,959351,0,959351,30100,151,5016.61,false
190321100,959501,959351,0,959351,190351200,959652,959502,0,959502,30100,151,5016.61,false
190351200,959652,959502,0,959502,190381300,959803,959653,0,959653,30100,151,5016.61,false
190381300,959803,959653,0,959653,190411400,959954,959804,0,959804,30100,151,5016.61,false
190411400,959954,959804,0,959804,190441500,960105,959955,0,959955,30100,151,5016.61,false
190441500,960105,959955,0,959955,190471600,960256,960106,0,960106,30100,151,5016.61,false
190471600,960256,960106,0,960106,190501700,960407,960257,0,960257,30100,151,5016.61,false
190501700,960407,960257,0,960257,190531800,960558,960408,0,960408,30100,151,5016.61,false
190531800,960558,960408,0,960408,190561900,960709,960559,0,960559,30100,151,5016.61,false
190561900,960709,960559,0,960559,190592000,960860,960710,0,960710,30100,151,5016.61,false
190592000,960860,960710,0,960710,190622100,961011,960861,0,960861,30100,151,5016.61,false
190622100,961011,960861,0,960861,190652200,961162,961012,0,961012,30100,151,5016.61,false
190652200,961162,961012,0,961012,190722400,961313,961163,0,961163,70200,151,2151.00,false
190722400,961313,961163,0,961163,190792600,961464,961314,0,961314,70200,151,2151.00,false
190792600,961464,961314,0,961314,190826900,961615,961465,0,961465,34300,151,4402.33,false
190826900,961615,961465,0,961465,190857000,961766,961616,0,961616,30100,151,5016.61,false
190857000,961766,961616,0,961616,190887100,961917,961767,0,961767,30100,151,5016.61,false
190887100,961917,961767,0,961767,190917200,962068,961918,0,961918,30100,151,5016.61,false
190917200,962068,961918,0,961918,190947300,962219,962069,0,962069,30100,151,5016.61,false
190947300,962219,962069,0,962069,190977400,962370,962220,0,962220,30100,151,5016.61,false
190977400,962370,962220,0,962220,191007500,962521,962371,0,962371,30100,151,5016.61,false
191007500,962521,962371,0,962371,191037600,962672,962522,0,962522,30100,151,5016.61,false
191037600,962672,962522,0,962522,191067700,962823,962673,0,962673,30100,151,5016.61,false
191067700,962823,962673,0,962673,191097800,962974,962824,0,962824,30100,151,5016.61,false
191097800,962974,962824,0,962824,191127900,963125,962975,0,962975,30100,151,5016.61,false
191127900,963125,962975,0,962975,191158000,963276,963126,0,963126,30100,151,5016.61,false
191158000,963276,963126,0,963126,191188100,963427,963277,0,963277,30100,151,5016.61,false
191188100,963427,963277,0,963277,191218200,963578,963428,0,963428,30100,151,5016.61,false
191218200,963578,963428,0,963428,191248300,963729,963579,0,963579,30100,151,5016.61,false
191248300,963729,963579,0,963579,191278400,963880,963730,0,963730,30100,151,5016.61,false
191278400,963880,963730,0,963730,191308500,964031,963881,0,963881,30100,151,5016.61,false
191308500,964031,963881,0,963881,191338600,964182,964032,0,964032,30100,151,5016.61,false
191338600,964182,964032,0,964032,191368700,964333,964183,0,964183,30100,151,5016.61,false
191368700,964333,964183,0,964183,191398800,964484,964334,0,964334,30100,151,5016.61,false
191398800,964484,964334,0,964334,191428900,964635,964485,0,964485,30100,151,5016.61,false
191428900,964635,964485,0,964485,191459000,964786,964636,0,964636,30100,151,5016.61,false
191459000,964786,964636,0,964636,191489100,964937,964787,0,964787,30100,151,5016.61,false
191489100,964937,964787,0,964787,191519200,965088,964938,0,964938,30100,151,5016.61,false
191519200,965088,964938,0,964938,191549300,965239,965089,0,965089,30100,151,5016.61,false
191549300,965239,965089,0,965089,191579400,965390,965240,0,965240,30100,151,5016.61,false
191579400,965390,965240,0,965240,191609500,965541,965391,0,965391,30100,151,5016.61,false
191609500,965541,965391,0,965391,191639600,965692,965542,0,965542,30100,151,5016.61,false
191639600,965692,965542,0,965542,191669700,965843,965693,0,965693,30100,151,5016.61,false
191669700,965843,965693,0,965693,191699800,965994,965844,0,965844,30100,151,5016.61,false
191699800,965994,965844,0,965844,191729900,966145,965995,0,965995,30100,151,5016.61,false
191729900,966145,965995,0,965995,191760000,966296,966146,0,966146,30100,151,5016.61,false
191760000,966296,966146,0,966146,191790100,966447,966297,0,966297,30100,151,5016.61,false
191790100,966447,966297,0,966297,191820200,966598,966448,0,966448,30100,151,5016.61,false
191820200,966598,966448,0,966448,191850300,966749,966599,0,966599,30100,151,5016.61,false
191850300,966749,966599,0,966599,191880400,966900,966750,0,966750,30100,151,5016.61,false
191880400,966900,966750,0,966750,191910500,967051,966901,0,966901,30100,151,5016.61,false
191910500,967051,966901,0,966901,191940600,967202,967052,0,967052,30100,151,5016.61,false
191940600,967202,967052,0,967052,191970700,967353,967203,0,967203,30100,151,5016.61,false
191970700,967353,967203,0,967203,192000800,967504,967354,0,967354,30100,151,5016.61,false
192000800,967504,967354,0,967354,192030900,967655,967505,0,967505,30100,151,5016.61,false
192030900,967655,967505,0,967505,192061000,967806,967656,0,967656,30100,151,5016.61,false
192061000,967806,967656,0,967656,192091100,967957,967807,0,967807,30100,151,5016.61,false
192091100,967957,967807,0,967807,192121200,968108,967958,0,967958,30100,151,5016.61,false
192121200,968108,967958,0,967958,192151300,968259,968109,0,968109,30100,151,5016.61,false
192151300,968259,968109,0,968109,192181400,968410,968260,0,968260,30100,151,5016.61,false
192181400,968410,968260,0,968260,192211500,968561,968411,0,968411,30100,151,5016.61,false
192211500,968561,968411,0,968411,192241600,968712,968562,0,968562,30100,151,5016.61,false
192241600,968712,968562,0,968562,192271700,968863,968713,0,968713,30100,151,5016.61,false
192271700,968863,968713,0,968713,192301800,969014,968864,0,968864,30100,151,5016.61,false
192301800,969014,968864,0,968864,192331900,969165,969015,0,969015,30100,151,5016.61,false
192331900,969165,969015,0,969015,192362000,969316,969166,0,969166,30100,151,5016.61,false
192362000,969316,969166,0,969166,192392100,969467,969317,0,969317,30100,151,5016.61,false
192392100,969467,969317,0,969317,192422200,969618,969468,0,969468,30100,151,5016.61,false
192422200,969618,969468,0,969468,192452300,969769,969619,0,969619,30100,151,5016.61,false
192452300,969769,969619,0,969619,192482400,969920,969770,0,969770,30100,151,5016.61,false
192482400,969920,969770,0,969770,192512500,970071,969921,0,969921,30100,151,5016.61,false
192512500,970071,969921,0,969921,192542600,970222,970072,0,970072,30100,151,5016.61,false
192542600,970222,970072,0,970072,192572700,970373,970223,0,970223,30100,151,5016.61,false
192572700,970373,970223,0,970223,192602800,970524,970374,0,970374,30100,151,5016.61,false
192602800,970524,970374,0,970374,192632900,970675,970525,0,970525,30100,151,5016.61,false
192632900,970675,970525,0,970525,192663000,970826,970676,0,970676,30100,151,5016.61,false
192663000,970826,970676,0,970676,192693100,970977,970827,0,970827,30100,151,5016.61,false
192693100,970977,970827,0,970827,192723200,971128,970978,0,970978,30100,151,5016.61,false
192723200,971128,970978,0,970978,192753300,971279,971129,0,971129,30100,151,5016.61,false
192753300,971279,971129,0,971129,192783400,971430,971280,0,971280,30100,151,5016.61,false
192783400,971430,971280,0,971280,192813500,971581,971431,0,971431,30100,151,5016.61,false
192813500,971581,971431,0,971431,192843600,971732,971582,0,971582,30100,151,5016.61,false
192843600,971732,971582,0,971582,192873700,971883,971733,0,971733,30100,151,5016.61,false
192873700,971883,971733,0,971733,192903800,972034,971884,0,971884,30100,151,5016.61,false
192903800,972034,971884,0,971884,192933900,972185,972035,0,972035,30100,151,5016.61,false
192933900,972185,972035,0,972035,192964000,972336,972186,0,972186,30100,151,5016.61,false
192964000,972336,972186,0,972186,192994100,972487,972337,0,972337,30100,151,5016.61,false
192994100,972487,972337,0,972337,193024200,972638,972488,0,972488,30100,151,5016.61,false
193024200,972638,972488,0,972488,193054300,972789,972639,0,972639,30100,151,5016.61,false
193054300,972789,972639,0,972639,193084400,972940,972790,0,972790,30100,151,5016.61,false
193084400,972940,972790,0,972790,193114500,973091,972941,0,972941,30100,151,5016.61,false
193114500,973091,972941,0,972941,193144600,973242,973092,0,973092,30100,151,5016.61,false
193144600,973242,973092,0,973092,193174700,973393,973243,0,973243,30100,151,5016.61,false
193174700,973393,973243,0,973243,193204800,973544,973394,0,973394,30100,151,5016.61,false
193204800,973544,973394,0,973394,193234900,973695,973545,0,973545,30100,151,5016.61,false
193234900,973695,973545,0,973545,193265000,973846,973696,0,973696,30100,151,5016.61,false
193265000,973846,973696,0,973696,193295100,973997,973847,0,973847,30100,151,5016.61,false
193295100,973997,973847,0,973847,193325200,974148,973998,0,973998,30100,151,5016.61,false
193325200,974148,973998,0,973998,193355300,974299,974149,0,974149,30100,151,5016.61,false
193355300,974299,974149,0,974149,193385400,974450,974300,0,974300,30100,151,5016.61,false
193385400,974450,974300,0,974300,193415500,974601,974451,0,974451,30100,151,5016.61,false
193415500,974601,974451,0,974451,193445600,974752,974602,0,974602,30100,151,5016.61,false
193445600,974752,974602,0,974602,193475700,974903,974753,0,974753,30100,151,5016.61,false
193475800,974904,974754,0,974754,193505900,975055,974905,0,974905,30100,151,5016.61,false
193505900,975055,974905,0,974905,193536000,975206,975056,0,975056,30100,151,5016.61,false
193536000,975206,975056,0,975056,193566100,975357,975207,0,975207,30100,151,5016.61,false
193566100,975357,975207,0,975207,193596200,975508,975358,0,975358,30100,151,5016.61,false
193596200,975508,975358,0,975358,193626300,975659,975509,0,975509,30100,151,5016.61,false
193626300,975659,975509,0,975509,193656400,975810,975660,0,975660,30100,151,5016.61,false
193656400,975810,975660,0,975660,193686500,975961,975811,0,975811,30100,151,5016.61,false
193686500,975961,975811,0,975811,193716600,976112,975962,0,975962,30100,151,5016.61,false
193716600,976112,975962,0,975962,193746700,976263,976113,0,976113,30100,151,5016.61,false
193746700,976263,976113,0,976113,193776800,976414,976264,0,976264,30100,151,5016.61,false
193776800,976414,976264,0,976264,193806900,976565,976415,0,976415,30100,151,5016.61,false
193806900,976565,976415,0,976415,193837000,976716,976566,0,976566,30100,151,5016.61,false
193837000,976716,976566,0,976566,193867100,977271,976717,0,976717,30100,151,5016.61,true
193867100,977271,976717,0,976717,193937600,977826,977272,0,977272,70500,555,7872.34,true
193937600,977826,977272,0,977272,194008100,978017,977827,0,977827,70500,555,7872.34,true
194008100,978017,977827,0,977827,194042200,978168,978018,0,978018,34100,191,5601.17,true
194042200,978168,978018,0,978018,194072300,978319,978169,0,978169,30100,151,5016.61,false
194072300,978319,978169,0,978169,194102400,978470,978320,0,978320,30100,151,5016.61,false
194102400,978470,978320,0,978320,194132500,978621,978471,0,978471,30100,151,5016.61,false
194132500,978621,978471,0,978471,194162600,978772,978622,0,978622,30100,151,5016.61,false
194162600,978772,978622,0,978622,194192700,978923,978773,0,978773,30100,151,5016.61,false
194192700,978923,978773,0,978773,194222800,979074,978924,0,978924,30100,151,5016.61,false
194222800,979074,978924,0,978924,194252900,979225,979075,0,979075,30100,151,5016.61,false
194252900,979225,979075,0,979075,194283000,979376,979226,0,979226,30100,151,5016.61,false
194283000,979376,979226,0,979226,194313100,979527,979377,0,979377,30100,151,5016.61,false
194313100,979527,979377,0,979377,194343200,979678,979528,0,979528,30100,151,5016.61,false
194343200,979678,979528,0,979528,194373300,979829,979679,0,979679,30100,151,5016.61,false
194373300,979829,979679,0,979679,194403400,979980,979830,0,979830,30100,151,5016.61,false
194403400,979980,979830,0,979830,194433500,980131,979981,0,979981,30100,151,5016.61,false
194433500,980131,979981,0,979981,194463600,980282,980132,0,980132,30100,151,5016.61,false
194463600,980282,980132,0,980132,194533800,980433,980283,0,980283,70200,151,2151.00,false
194533800,980433,980283,0,980283,194604000,980584,980434,0,980434,70200,151,2151.00,false
194604000,980584,980434,0,980434,194638300,980735,980585,0,980585,34300,151,4402.33,false
194638300,980735,980585,0,980585,194668400,980886,980736,0,980736,30100,151,5016.61,false
194668400,980886,980736,0,980736,194698500,981037,980887,0,980887,30100,151,5016.61,false
194698500,981037,980887,0,980887,194728600,981188,981038,0,981038,30100,151,5016.61,false
194728600,981188,981038,0,981038,194758700,981339,981189,0,981189,30100,151,5016.61,false
194758700,981339,981189,0,981189,194788800,981490,981340,0,981340,30100,151,5016.61,false
194788800,981490,981340,0,981340,194818900,981641,981491,0,981491,30100,151,5016.61,false
194818900,981641,981491,0,981491,194849000,981792,981642,0,981642,30100,151,5016.61,false
194849000,981792,981642,0,981642,194879100,981943,981793,0,981793,30100,151,5016.61,false
194879100,981943,981793,0,981793,194909200,982094,981944,0,981944,30100,151,5016.61,false
194909200,982094,981944,0,981944,194939300,982245,982095,0,982095,30100,151,5016.61,false
194939300,982245,982095,0,982095,194969400,982396,982246,0,982246,30100,151,5016.61,false
194969400,982396,982246,0,982246,194999500,982547,982397,0,982397,30100,151,5016.61,false
194999500,982547,982397,0,982397,195029600,982698,982548,0,982548,30100,151,5016.61,false
195029600,982698,982548,0,982548,195059700,982849,982699,0,982699,30100,151,5016.61,false
195059700,982849,982699,0,982699,195089800,983000,982850,0,982850,30100,151,5016.61,false
195089800,983000,982850,0,982850,195119900,983151,983001,0,983001,30100,151,5016.61,false
195119900,983151,983001,0,983001,195150000,983302,983152,0,983152,30100,151,5016.61,false
195150000,983302,983152,0,983152,195180100,983453,983303,0,983303,30100,151,5016.61,false
195180100,983453,983303,0,983303,195210200,983604,983454,0,983454,30100,151,5016.61,false
195210200,983604,983454,0,983454,195240300,983755,983605,0,983605,30100,151,5016.61,false
195240300,983755,983605,0,983605,195270400,983906,983756,0,983756,30100,151,5016.61,false
195270400,983906,983756,0,983756,195300500,984057,983907,0,983907,30100,151,5016.61,false
195300500,984057,983907,0,983907,195330600,984208,984058,0,984058,30100,151,5016.61,false
195330600,984208,984058,0,984058,195360700,984359,984209,0,984209,30100,151,5016.61,false
195360700,984359,984209,0,984209,195390800,984510,984360,0,984360,30100,151,5016.61,false
195390800,984510,984360,0,984360,195420900,984661,984511,0,984511,30100,151,5016.61,false
195420900,984661,984511,0,984511,195451000,984812,984662,0,984662,30100,151,5016.61,false
195451000,984812,984662,0,984662,195481100,984963,984813,0,984813,30100,151,5016.61,false
195481100,984963,984813,0,984813,195511200,985114,984964,0,984964,30100,151,5016.61,false
195511200,985114,984964,0,984964,195541300,985265,985115,0,985115,30100,151,5016.61,false
195541300,985265,985115,0,985115,195571400,985416,985266,0,985266,30100,151,5016.61,false
195571400,985416,985266,0,985266,195601500,985567,985417,0,985417,30100,151,5016.61,false
195601500,985567,985417,0,985417,195631600,985718,985568,0,985568,30100,151,5016.61,false
195631600,985718,985568,0,985568,195661700,985869,985719,0,985719,30100,151,5016.61,false
195661700,985869,985719,0,985719,195691800,986020,985870,0,985870,30100,151,5016.61,false
195691800,986020,985870,0,985870,195721900,986171,986021,0,986021,30100,151,5016.61,false
195721900,986171,986021,0,986021,195752000,986322,986172,0,986172,30100,151,5016.61,false
195752000,986322,986172,0,986172,195782100,986473,986323,0,986323,30100,151,5016.61,false
195782100,986473,986323,0,986323,195812200,986624,986474,0,986474,30100,151,5016.61,false
195812200,986624,986474,0,986474,195842300,986775,986625,0,986625,30100,151,5016.61,false
195842300,986775,986625,0,986625,195872400,986926,986776,0,986776,30100,151,5016.61,false
195872400,986926,986776,0,986776,195902500,987077,986927,0,986927,30100,151,5016.61,false
195902500,987077,986927,0,986927,195932600,987228,987078,0,987078,30100,151,5016.61,false
195932600,987228,987078,0,987078,195962700,987379,987229,0,987229,30100,151,5016.61,false
195962700,987379,987229,0,987229,195992800,987530,987380,0,987380,30100,151,5016.61,false
195992800,987530,987380,0,987380,196022900,987681,987531,0,987531,30100,151,5016.61,false
196022900,987681,987531,0,987531,196053000,987832,987682,0,987682,30100,151,5016.61,false
196053000,987832,987682,0,987682,196083100,987983,987833,0,987833,30100,151,5016.61,false
196083100,987983,987833,0,987833,196113200,988134,987984,0,987984,30100,151,5016.61,false
196113200,988134,987984,0,987984,196143300,988285,988135,0,988135,30100,151,5016.61,false
196143300,988285,988135,0,988135,196173400,988436,988286,0,988286,30100,151,5016.61,false
196173400,988436,988286,0,988286,196203500,988587,988437,0,988437,30100,151,5016.61,false
196203500,988587,988437,0,988437,196233600,988738,988588,0,988588,30100,151,5016.61,false
196233600,988738,988588,0,988588,196263700,988889,988739,0,988739,30100,151,5016.61,false
196263700,988889,988739,0,988739,196293800,989040,988890,0,988890,30100,151,5016.61,false
196293800,989040,988890,0,988890,196323900,989191,989041,0,989041,30100,151,5016.61,false
196323900,989191,989041,0,989041,196354000,989342,989192,0,989192,30100,151,5016.61,false
196354000,989342,989192,0,989192,196384100,989493,989343,0,989343,30100,151,5016.61,false
196384100,989493,989343,0,989343,196414200,989644,989494,0,989494,30100,151,5016.61,false
196414200,989644,989494,0,989494,196444300,989795,989645,0,989645,30100,151,5016.61,false
196444300,989795,989645,0,989645,196474400,989946,989796,0,989796,30100,151,5016.61,false
196474400,989946,989796,0,989796,196504500,990097,989947,0,989947,30100,151,5016.61,false
196504500,990097,989947,0,989947,196534600,990248,990098,0,990098,30100,151,5016.61,false
196534600,990248,990098,0,990098,196564700,990399,990249,0,990249,30100,151,5016.61,false
196564700,990399,990249,0,990249,196594800,990550,990400,0,990400,30100,151,5016.61,false
196594800,990550,990400,0,990400,196624900,990701,990551,0,990551,30100,151,5016.61,false
196624900,990701,990551,0,990551,196655000,990852,990702,0,990702,30100,151,5016.61,false
196655000,990852,990702,0,990702,196685100,991003,990853,0,990853,30100,151,5016.61,false
196685100,991003,990853,0,990853,196715200,991154,991004,0,991004,30100,151,5016.61,false
196715200,991154,991004,0,991004,196745300,991305,991155,0,991155,30100,151,5016.61,false
196745300,991305,991155,0,991155,196775400,991456,991306,0,991306,30100,151,5016.61,false
196775400,991456,991306,0,991306,196805500,991607,991457,0,991457,30100,151,5016.61,false
196805500,991607,991457,0,991457,196835600,991758,991608,0,991608,30100,151,5016.61,false
196835600,991758,991608,0,991608,196865700,991909,991759,0,991759,30100,151,5016.61,false
196865700,991909,991759,0,991759,196895800,992060,991910,0,991910,30100,151,5016.61,false
196895800,992060,991910,0,991910,196925900,992211,992061,0,992061,30100,151,5016.61,false
196925900,992211,992061,0,992061,196956000,992362,992212,0,992212,30100,151,5016.61,false
196956000,992362,992212,0,992212,196986100,992513,992363,0,992363,30100,151,5016.61,false
196986100,992513,992363,0,992363,197016200,992664,992514,0,992514,30100,151,5016.61,false
197016200,992664,992514,0,992514,197046300,992815,992665,0,992665,30100,151,5016.61,false
197046300,992815,992665,0,992665,197076400,992966,992816,0,992816,30100,151,5016.61,false
197076400,992966,992816,0,992816,197106500,993117,992967,0,992967,30100,151,5016.61,false
197106500,993117,992967,0,992967,197136600,993268,993118,0,993118,30100,151,5016.61,false
197136600,993268,993118,0,993118,197166700,993419,993269,0,993269,30100,151,5016.61,false
197166700,993419,993269,0,993269,197196800,993570,993420,0,993420,30100,151,5016.61,false
197196800,993570,993420,0,993420,197226900,993721,993571,0,993571,30100,151,5016.61,false
197226900,993721,993571,0,993571,197257000,993872,993722,0,993722,30100,151,5016.61,false
197257000,993872,993722,0,993722,197287100,994023,993873,0,993873,30100,151,5016.61,false
197287200,994024,993874,0,993874,197317300,994175,994025,0,994025,30100,151,5016.61,false
197317300,994175,994025,0,994025,197347400,994326,994176,0,994176,30100,151,5016.61,false
197347400,994326,994176,0,994176,197377500,994477,994327,0,994327,30100,151,5016.61,false
197377500,994477,994327,0,994327,197407600,994628,994478,0,994478,30100,151,5016.61,false
197407600,994628,994478,0,994478,197437700,994779,994629,0,994629,30100,151,5016.61,false
197437700,994779,994629,0,994629,197467800,994930,994780,0,994780,30100,151,5016.61,false
197467800,994930,994780,0,994780,197497900,995081,994931,0,994931,30100,151,5016.61,false
197497900,995081,994931,0,994931,197528000,995232,995082,0,995082,30100,151,5016.61,false
197528000,995232,995082,0,995082,197558100,995383,995233,0,995233,30100,151,5016.61,false
197558100,995383,995233,0,995233,197588200,995534,995384,0,995384,30100,151,5016.61,false
197588200,995534,995384,0,995384,197618300,995685,995535,0,995535,30100,151,5016.61,false
197618300,995685,995535,0,995535,197648400,995836,995686,0,995686,30100,151,5016.61,false
197648400,995836,995686,0,995686,197678500,996391,995837,0,995837,30100,151,5016.61,true
197678500,996391,995837,0,995837,197749000,996946,996392,0,996392,70500,555,7872.34,true
197749000,996946,996392,0,996392,197819500,997137,996947,0,996947,70500,555,7872.34,true
197819500,997137,996947,0,996947,197853600,997288,997138,0,997138,34100,191,5601.17,true
197853600,997288,997138,0,997138,197883700,997439,997289,0,997289,30100,151,5016.61,false
197883700,997439,997289,0,997289,197913800,997590,997440,0,997440,30100,151,5016.61,false
197913800,997590,997440,0,997440,197943900,997741,997591,0,997591,30100,151,5016.61,false
197943900,997741,997591,0,997591,197974000,997892,997742,0,997742,30100,151,5016.61,false
197974000,997892,997742,0,997742,198004100,998043,997893,0,997893,30100,151,5016.61,false
198004100,998043,997893,0,997893,198034200,998194,998044,0,998044,30100,151,5016.61,false
198034200,998194,998044,0,998044,198064300,998345,998195,0,998195,30100,151,5016.61,false
198064300,998345,998195,0,998195,198094400,998496,998346,0,998346,30100,151,5016.61,false
198094400,998496,998346,0,998346,198124500,998647,998497,0,998497,30100,151,5016.61,false
198124500,998647,998497,0,998497,198154600,998798,998648,0,998648,30100,151,5016.61,false
198154600,998798,998648,0,998648,198184700,998949,998799,0,998799,30100,151,5016.61,false
198184700,998949,998799,0,998799,198214800,999100,998950,0,998950,30100,151,5016.61,false
198214800,999100,998950,0,998950,198244900,999251,999101,0,999101,30100,151,5016.61,false
198244900,999251,999101,0,999101,198275000,999402,999252,0,999252,30100,151,5016.61,false
198275000,999402,999252,0,999252,198345200,999553,999403,0,999403,70200,151,2151.00,false
198345200,999553,999403,0,999403,198415400,999704,999554,0,999554,70200,151,2151.00,false
198415400,999704,999554,0,999554,198449700,999855,999705,0,999705,34300,151,4402.33,false
198449700,999855,999705,0,999705,198479800,1000006,999856,0,999856,30100,151,5016.61,false
198479800,1000006,999856,0,999856,198509900,1000157,1000007,0,1000007,30100,151,5016.61,false
198509900,1000157,1000007,0,1000007,198540000,1000308,1000158,0,1000158,30100,151,5016.61,false
198540000,1000308,1000158,0,1000158,198570100,1000459,1000309,0,1000309,30100,151,5016.61,false
198570100,1000459,1000309,0,1000309,198600200,1000610,1000460,0,1000460,30100,151,5016.61,false
198600200,1000610,1000460,0,1000460,198630300,1000761,1000611,0,1000611,30100,151,5016.61,false
198630300,1000761,1000611,0,1000611,198660400,1000912,1000762,0,1000762,30100,151,5016.61,false
198660400,1000912,1000762,0,1000762,198690500,1001063,1000913,0,1000913,30100,151,5016.61,false
198690500,1001063,1000913,0,1000913,198720600,1001214,1001064,0,1001064,30100,151,5016.61,false
198720600,1001214,1001064,0,1001064,198750700,1001365,1001215,0,1001215,30100,151,5016.61,false
198750700,1001365,1001215,0,1001215,198780800,1001516,1001366,0,1001366,30100,151,5016.61,false
198780800,1001516,1001366,0,1001366,198810900,1001667,1001517,0,1001517,30100,151,5016.61,false
198810900,1001667,1001517,0,1001517,198841000,1001818,1001668,0,1001668,30100,151,5016.61,false
198841000,1001818,1001668,0,1001668,198871100,1001969,1001819,0,1001819,30100,151,5016.61,false
198871100,1001969,1001819,0,1001819,198901200,1002120,1001970,0,1001970,30100,151,5016.61,false
198901200,1002120,1001970,0,1001970,198931300,1002271,1002121,0,1002121,30100,151,5016.61,false
198931300,1002271,1002121,0,1002121,198961400,1002422,1002272,0,1002272,30100,151,5016.61,false
198961400,1002422,1002272,0,1002272,198991500,1002573,1002423,0,1002423,30100,151,5016.61,false
198991500,1002573,1002423,0,1002423,199021600,1002724,1002574,0,1002574,30100,151,5016.61,false
199021600,1002724,1002574,0,1002574,199051700,1002875,1002725,0,1002725,30100,151,5016.61,false
199051700,1002875,1002725,0,1002725,199081800,1003026,1002876,0,1002876,30100,151,5016.61,false
199081800,1003026,1002876,0,1002876,199111900,1003177,1003027,0,1003027,30100,151,5016.61,false
199111900,1003177,1003027,0,1003027,199142000,1003328,1003178,0,1003178,30100,151,5016.61,false
199142000,1003328,1003178,0,1003178,199172100,1003479,1003329,0,1003329,30100,151,5016.61,false
199172100,1003479,1003329,0,1003329,199202200,1003630,1003480,0,1003480,30100,151,5016.61,false
199202200,1003630,1003480,0,1003480,199232300,1003781,1003631,0,1003631,30100,151,5016.61,false
199232300,1003781,1003631,0,1003631,199262400,1003932,1003782,0,1003782,30100,151,5016.61,false
199262400,1003932,1003782,0,1003782,199292500,1004083,1003933,0,1003933,30100,151,5016.61,false
199292500,1004083,1003933,0,1003933,199322600,1004234,1004084,0,1004084,30100,151,5016.61,false
199322600,1004234,1004084,0,1004084,199352700,1004385,1004235,0,1004235,30100,151,5016.61,false
199352700,1004385,1004235,0,1004235,199382800,1004536,1004386,0,1004386,30100,151,5016.61,false
199382800,1004536,1004386,0,1004386,199412900,1004687,1004537,0,1004537,30100,151,5016.61,false
199412900,1004687,1004537,0,1004537,199443000,1004838,1004688,0,1004688,30100,151,5016.61,false
199443000,1004838,1004688,0,1004688,199473100,1004989,1004839,0,1004839,30100,151,5016.61,false
199473100,1004989,1004839,0,1004839,199503200,1005140,1004990,0,1004990,30100,151,5016.61,false
199503200,1005140,1004990,0,1004990,199533300,1005291,1005141,0,1005141,30100,151,5016.61,false
199533300,1005291,1005141,0,1005141,199563400,1005442,1005292,0,1005292,30100,151,5016.61,false
199563400,1005442,1005292,0,1005292,199593500,1005593,1005443,0,1005443,30100,151,5016.61,false
199593500,1005593,1005443,0,1005443,199623600,1005744,1005594,0,1005594,30100,151,5016.61,false
199623600,1005744,1005594,0,1005594,199653700,1005895,1005745,0,1005745,30100,151,5016.61,false
199653700,1005895,1005745,0,1005745,199683800,1006046,1005896,0,1005896,30100,151,5016.61,false
199683800,1006046,1005896,0,1005896,199713900,1006197,1006047,0,1006047,30100,151,5016.61,false
199713900,1006197,1006047,0,1006047,199744000,1006348,1006198,0,1006198,30100,151,5016.61,false
199744000,1006348,1006198,0,1006198,199774100,1006499,1006349,0,1006349,30100,151,5016.61,false
199774100,1006499,1006349,0,1006349,199804200,1006650,1006500,0,1006500,30100,151,5016.61,false
199804200,1006650,1006500,0,1006500,199834300,1006801,1006651,0,1006651,30100,151,5016.61,false
199834300,1006801,1006651,0,1006651,199864400,1006952,1006802,0,1006802,30100,151,5016.61,false
199864400,1006952,1006802,0,1006802,199894500,1007103,1006953,0,1006953,30100,151,5016.61,false
199894500,1007103,1006953,0,1006953,199924600,1007254,1007104,0,1007104,30100,151,5016.61,false
199924600,1007254,1007104,0,1007104,199954700,1007405,1007255,0,1007255,30100,151,5016.61,false
199954700,1007405,1007255,0,1007255,199984800,1007556,1007406,0,1007406,30100,151,5016.61,false
199984800,1007556,1007406,0,1007406,200014900,1007707,1007557,0,1007557,30100,151,5016.61,false
200014900,1007707,1007557,0,1007557,200045000,1007858,1007708,0,1007708,30100,151,5016.61,false
200045000,1007858,1007708,0,1007708,200075100,1008009,1007859,0,1007859,30100,151,5016.61,false
200075100,1008009,1007859,0,1007859,200105200,1008160,1008010,0,1008010,30100,151,5016.61,false
200105200,1008160,1008010,0,1008010,200135300,1008311,1008161,0,1008161,30100,151,5016.61,false
200135300,1008311,1008161,0,1008161,200165400,1008462,1008312,0,1008312,30100,151,5016.61,false
200165400,1008462,1008312,0,1008312,200195500,1008613,1008463,0,1008463,30100,151,5016.61,false
200195500,1008613,1008463,0,1008463,200225600,1008764,1008614,0,1008614,30100,151,5016.61,false
200225600,1008764,1008614,0,1008614,200255700,1008915,1008765,0,1008765,30100,151,5016.61,false
200255700,1008915,1008765,0,1008765,200285800,1009066,1008916,0,1008916,30100,151,5016.61,false
200285800,1009066,1008916,0,1008916,200315900,1009217,1009067,0,1009067,30100,151,5016.61,false
200315900,1009217,1009067,0,1009067,200346000,1009368,1009218,0,1009218,30100,151,5016.61,false
200346000,1009368,1009218,0,1009218,200376100,1009519,1009369,0,1009369,30100,151,5016.61,false
200376100,1009519,1009369,0,1009369,200406200,1009670,1009520,0,1009520,30100,151,5016.61,false
200406200,1009670,1009520,0,1009520,200436300,1009821,1009671,0,1009671,30100,151,5016.61,false
200436300,1009821,1009671,0,1009671,200466400,1009972,1009822,0,1009822,30100,151,5016.61,false
200466400,1009972,1009822,0,1009822,200496500,1010123,1009973,0,1009973,30100,151,5016.61,false
200496500,1010123,1009973,0,1009973,200526600,1010274,1010124,0,1010124,30100,151,5016.61,false
200526600,1010274,1010124,0,1010124,200556700,1010425,1010275,0,1010275,30100,151,5016.61,false
200556700,1010425,1010275,0,1010275,200586800,1010576,1010426,0,1010426,30100,151,5016.61,false
200586800,1010576,1010426,0,1010426,200616900,1010727,1010577,0,1010577,30100,151,5016.61,false
200616900,1010727,1010577,0,1010577,200647000,1010878,1010728,0,1010728,30100,151,5016.61,false
200647000,1010878,1010728,0,1010728,200677100,1011029,1010879,0,1010879,30100,151,5016.61,false
200677100,1011029,1010879,0,1010879,200707200,1011180,1011030,0,1011030,30100,151,5016.61,false
200707200,1011180,1011030,0,1011030,200737300,1011331,1011181,0,1011181,30100,151,5016.61,false
200737300,1011331,1011181,0,1011181,200767400,1011482,1011332,0,1011332,30100,151,5016.61,false
200767400,1011482,1011332,0,1011332,200797500,1011633,1011483,0,1011483,30100,151,5016.61,false
200797500,1011633,1011483,0,1011483,200827600,1011784,1011634,0,1011634,30100,151,5016.61,false
200827600,1011784,1011634,0,1011634,200857700,1011935,1011785,0,1011785,30100,151,5016.61,false
200857700,1011935,1011785,0,1011785,200887800,1012086,1011936,0,1011936,30100,151,5016.61,false
200887800,1012086,1011936,0,1011936,200917900,1012237,1012087,0,1012087,30100,151,5016.61,false
200917900,1012237,1012087,0,1012087,200948000,1012388,1012238,0,1012238,30100,151,5016.61,false
200948000,1012388,1012238,0,1012238,200978100,1012539,1012389,0,1012389,30100,151,5016.61,false
200978100,1012539,1012389,0,1012389,201008200,1012690,1012540,0,1012540,30100,151,5016.61,false
201008200,1012690,1012540,0,1012540,201038300,1012841,1012691,0,1012691,30100,151,5016.61,false
201038300,1012841,1012691,0,1012691,201068400,1012992,1012842,0,1012842,30100,151,5016.61,false
201068400,1012992,1012842,0,1012842,201098500,1013143,1012993,0,1012993,30100,151,5016.61,false
201098600,1013144,1012994,0,1012994,201128700,1013295,1013145,0,1013145,30100,151,5016.61,false
201128700,1013295,1013145,0,1013145,201158800,1013446,1013296,0,1013296,30100,151,5016.61,false
201158800,1013446,1013296,0,1013296,201188900,1013597,1013447,0,1013447,30100,151,5016.61,false
201188900,1013597,1013447,0,1013447,201219000,1013748,1013598,0,1013598,30100,151,5016.61,false
201219000,1013748,1013598,0,1013598,201249100,1013899,1013749,0,1013749,30100,151,5016.61,false
201249100,1013899,1013749,0,1013749,201279200,1014050,1013900,0,1013900,30100,151,5016.61,false
201279200,1014050,1013900,0,1013900,201309300,1014201,1014051,0,1014051,30100,151,5016.61,false
201309300,1014201,1014051,0,1014051,201339400,1014352,1014202,0,1014202,30100,151,5016.61,false
201339400,1014352,1014202,0,1014202,201369500,1014503,1014353,0,1014353,30100,151,5016.61,false
201369500,1014503,1014353,0,1014353,201399600,1014654,1014504,0,1014504,30100,151,5016.61,false
201399600,1014654,1014504,0,1014504,201429700,1014805,1014655,0,1014655,30100,151,5016.61,false
201429700,1014805,1014655,0,1014655,201459800,1014956,1014806,0,1014806,30100,151,5016.61,false
201459800,1014956,1014806,0,1014806,201489900,1015511,1014957,0,1014957,30100,151,5016.61,true
201489900,1015511,1014957,0,1014957,201560400,1016066,1015512,0,1015512,70500,555,7872.34,true
201560400,1016066,1015512,0,1015512,201630900,1016257,1016067,0,1016067,70500,555,7872.34,true
201630900,1016257,1016067,0,1016067,201665000,1016408,1016258,0,1016258,34100,191,5601.17,true
201665000,1016408,1016258,0,1016258,201695100,1016559,1016409,0,1016409,30100,151,5016.61,false
201695100,1016559,1016409,0,1016409,201725200,1016710,1016560,0,1016560,30100,151,5016.61,false
201725200,1016710,1016560,0,1016560,201755300,1016861,1016711,0,1016711,30100,151,5016.61,false
201755300,1016861,1016711,0,1016711,201785400,1017012,1016862,0,1016862,30100,151,5016.61,false
201785400,1017012,1016862,0,1016862,201815500,1017163,1017013,0,1017013,30100,151,5016.61,false
201815500,1017163,1017013,0,1017013,201845600,1017314,1017164,0,1017164,30100,151,5016.61,false
201845600,1017314,1017164,0,1017164,201875700,1017465,1017315,0,1017315,30100,151,5016.61,false
201875700,1017465,1017315,0,1017315,201905800,1017616,1017466,0,1017466,30100,151,5016.61,false
201905800,1017616,1017466,0,1017466,201935900,1017767,1017617,0,1017617,30100,151,5016.61,false
201935900,1017767,1017617,0,1017617,201966000,1017918,1017768,0,1017768,30100,151,5016.61,false
201966000,1017918,1017768,0,1017768,201996100,1018069,1017919,0,1017919,30100,151,5016.61,false
201996100,1018069,1017919,0,1017919,202026200,1018220,1018070,0,1018070,30100,151,5016.61,false
202026200,1018220,1018070,0,1018070,202056300,1018371,1018221,0,1018221,30100,151,5016.61,false
202056300,1018371,1018221,0,1018221,202086400,1018522,1018372,0,1018372,30100,151,5016.61,false
202086400,1018522,1018372,0,1018372,202156600,1018673,1018523,0,1018523,70200,151,2151.00,false
202156600,1018673,1018523,0,1018523,202226800,1018824,1018674,0,1018674,70200,151,2151.00,false
202226800,1018824,1018674,0,1018674,202261100,1018975,1018825,0,1018825,34300,151,4402.33,false
202261100,1018975,1018825,0,1018825,202291200,1019126,1018976,0,1018976,30100,151,5016.61,false
202291200,1019126,1018976,0,1018976,202321300,1019277,1019127,0,1019127,30100,151,5016.61,false
202321300,1019277,1019127,0,1019127,202351400,1019428,1019278,0,1019278,30100,151,5016.61,false
202351400,1019428,1019278,0,1019278,202381500,1019579,1019429,0,1019429,30100,151,5016.61,false
202381500,1019579,1019429,0,1019429,202411600,1019730,1019580,0,1019580,30100,151,5016.61,false
202411600,1019730,1019580,0,1019580,202441700,1019881,1019731,0,1019731,30100,151,5016.61,false
202441700,1019881,1019731,0,1019731,202471800,1020032,1019882,0,1019882,30100,151,5016.61,false
202471800,1020032,1019882,0,1019882,202501900,1020183,1020033,0,1020033,30100,151,5016.61,false
202501900,1020183,1020033,0,1020033,202532000,1020334,1020184,0,1020184,30100,151,5016.61,false
202532000,1020334,1020184,0,1020184,202562100,1020485,1020335,0,1020335,30100,151,5016.61,false
202562100,1020485,1020335,0,1020335,202592200,1020636,1020486,0,1020486,30100,151,5016.61,false
202592200,1020636,1020486,0,1020486,202622300,1020787,1020637,0,1020637,30100,151,5016.61,false
202622300,1020787,1020637,0,1020637,202652400,1020938,1020788,0,1020788,30100,151,5016.61,false
202652400,1020938,1020788,0,1020788,202682500,1021089,1020939,0,1020939,30100,151,5016.61,false
202682500,1021089,1020939,0,1020939,202712600,1021240,1021090,0,1021090,30100,151,5016.61,false
202712600,1021240,1021090,0,1021090,202742700,1021391,1021241,0,1021241,30100,151,5016.61,false
202742700,1021391,1021241,0,1021241,202772800,1021542,1021392,0,1021392,30100,151,5016.61,false
202772800,1021542,1021392,0,1021392,202802900,1021693,1021543,0,1021543,30100,151,5016.61,false
202802900,1021693,1021543,0,1021543,202833000,1021844,1021694,0,1021694,30100,151,5016.61,false
202833000,1021844,1021694,0,1021694,202863100,1021995,1021845,0,1021845,30100,151,5016.61,false
202863100,1021995,1021845,0,1021845,202893200,1022146,1021996,0,1021996,30100,151,5016.61,false
202893200,1022146,1021996,0,1021996,202923300,1022297,1022147,0,1022147,30100,151,5016.61,false
202923300,1022297,1022147,0,1022147,202953400,1022448,1022298,0,1022298,30100,151,5016.61,false
202953400,1022448,1022298,0,1022298,202983500,1022599,1022449,0,1022449,30100,151,5016.61,false
202983500,1022599,1022449,0,1022449,203013600,1022750,1022600,0,1022600,30100,151,5016.61,false
203013600,1022750,1022600,0,1022600,203043700,1022901,1022751,0,1022751,30100,151,5016.61,false
203043700,1022901,1022751,0,1022751,203073800,1023052,1022902,0,1022902,30100,151,5016.61,false
203073800,1023052,1022902,0,1022902,203103900,1023203,1023053,0,1023053,30100,151,5016.61,false
203103900,1023203,1023053,0,1023053,203134000,1023354,1023204,0,1023204,30100,151,5016.61,false
203134000,1023354,1023204,0,1023204,203164100,1023505,1023355,0,1023355,30100,151,5016.61,false
203164100,1023505,1023355,0,1023355,203194200,1023656,1023506,0,1023506,30100,151,5016.61,false
203194200,1023656,1023506,0,1023506,203224300,1023807,1023657,0,1023657,30100,151,5016.61,false
203224300,1023807,1023657,0,1023657,203254400,1023958,1023808,0,1023808,30100,151,5016.61,false
203254400,1023958,1023808,0,1023808,203284500,1024109,1023959,0,1023959,30100,151,5016.61,false
203284500,1024109,1023959,0,1023959,203314600,1024260,1024110,0,1024110,30100,151,5016.61,false
203314600,1024260,1024110,0,1024110,203344700,1024411,1024261,0,1024261,30100,151,5016.61,false
203344700,1024411,1024261,0,1024261,203374800,1024562,1024412,0,1024412,30100,151,5016.61,false
203374800,1024562,1024412,0,1024412,203404900,1024713,1024563,0,1024563,30100,151,5016.61,false
203404900,1024713,1024563,0,1024563,203435000,1024864,1024714,0,1024714,30100,151,5016.61,false
203435000,1024864,1024714,0,1024714,203465100,1025015,1024865,0,1024865,30100,151,5016.61,false
203465100,1025015,1024865,0,1024865,203495200,1025166,1025016,0,1025016,30100,151,5016.61,false
203495200,1025166,1025016,0,1025016,203525300,1025317,1025167,0,1025167,30100,151,5016.61,false
203525300,1025317,1025167,0,1025167,203555400,1025468,1025318,0,1025318,30100,151,5016.61,false
203555400,1025468,1025318,0,1025318,203585500,1025619,1025469,0,1025469,30100,151,5016.61,false
203585500,1025619,1025469,0,1025469,203615600,1025770,1025620,0,1025620,30100,151,5016.61,false
203615600,1025770,1025620,0,1025620,203645700,1025921,1025771,0,1025771,30100,151,5016.61,false
203645700,1025921,1025771,0,1025771,203675800,1026072,1025922,0,1025922,30100,151,5016.61,false
203675800,1026072,1025922,0,1025922,203705900,1026223,1026073,0,1026073,30100,151,5016.61,false
203705900,1026223,1026073,0,1026073,203736000,1026374,1026224,0,1026224,30100,151,5016.61,false
203736000,1026374,1026224,0,1026224,203766100,1026525,1026375,0,1026375,30100,151,5016.61,false
203766100,1026525,1026375,0,1026375,203796200,1026676,1026526,0,1026526,30100,151,5016.61,false
203796200,1026676,1026526,0,1026526,203826300,1026827,1026677,0,1026677,30100,151,5016.61,false
203826300,1026827,1026677,0,1026677,203856400,1026978,1026828,0,1026828,30100,151,5016.61,false
203856400,1026978,1026828,0,1026828,203886500,1027129,1026979,0,1026979,30100,151,5016.61,false
203886500,1027129,1026979,0,1026979,203916600,1027280,1027130,0,1027130,30100,151,5016.61,false
203916600,1027280,1027130,0,1027130,203946700,1027431,1027281,0,1027281,30100,151,5016.61,false
203946700,1027431,1027281,0,1027281,203976800,1027582,1027432,0,1027432,30100,151,5016.61,false
203976800,1027582,1027432,0,1027432,204006900,1027733,1027583,0,1027583,30100,151,5016.61,false
204006900,1027733,1027583,0,1027583,204037000,1027884,1027734,0,1027734,30100,151,5016.61,false
204037000,1027884,1027734,0,1027734,204067100,1028035,1027885,0,1027885,30100,151,5016.61,false
204067100,1028035,1027885,0,1027885,204097200,1028186,1028036,0,1028036,30100,151,5016.61,false
204097200,1028186,1028036,0,1028036,204127300,1028337,1028187,0,1028187,30100,151,5016.61,false
204127300,1028337,1028187,0,1028187,204157400,1028488,1028338,0,1028338,30100,151,5016.61,false
204157400,1028488,1028338,0,1028338,204187500,1028639,1028489,0,1028489,30100,151,5016.61,false
204187500,1028639,1028489,0,1028489,204217600,1028790,1028640,0,1028640,30100,151,5016.61,false
204217600,1028790,1028640,0,1028640,204247700,1028941,1028791,0,1028791,30100,151,5016.61,false
204247700,1028941,1028791,0,1028791,204277800,1029092,1028942,0,1028942,30100,151,5016.61,false
204277800,1029092,1028942,0,1028942,204307900,1029243,1029093,0,1029093,30100,151,5016.61,false
204307900,1029243,1029093,0,1029093,204338000,1029394,1029244,0,1029244,30100,151,5016.61,false
204338000,1029394,1029244,0,1029244,204368100,1029545,1029395,0,1029395,30100,151,5016.61,false
204368100,1029545,1029395,0,1029395,204398200,1029696,1029546,0,1029546,30100,151,5016.61,false
204398200,1029696,1029546,0,1029546,204428300,1029847,1029697,0,1029697,30100,151,5016.61,false
204428300,1029847,1029697,0,1029697,204458400,1029998,1029848,0,1029848,30100,151,5016.61,false
204458400,1029998,1029848,0,1029848,204488500,1030149,1029999,0,1029999,30100,151,5016.61,false
204488500,1030149,1029999,0,1029999,204518600,1030300,1030150,0,1030150,30100,151,5016.61,false
204518600,1030300,1030150,0,1030150,204548700,1030451,1030301,0,1030301,30100,151,5016.61,false
204548700,1030451,1030301,0,1030301,204578800,1030602,1030452,0,1030452,30100,151,5016.61,false
204578800,1030602,1030452,0,1030452,204608900,1030753,1030603,0,1030603,30100,151,5016.61,false
204608900,1030753,1030603,0,1030603,204639000,1030904,1030754,0,1030754,30100,151,5016.61,false
204639000,1030904,1030754,0,1030754,204669100,1031055,1030905,0,1030905,30100,151,5016.61,false
204669100,1031055,1030905,0,1030905,204699200,1031206,1031056,0,1031056,30100,151,5016.61,false
204699200,1031206,1031056,0,1031056,204729300,1031357,1031207,0,1031207,30100,151,5016.61,false
204729300,1031357,1031207,0,1031207,204759400,1031508,1031358,0,1031358,30100,151,5016.61,false
204759400,1031508,1031358,0,1031358,204789500,1031659,1031509,0,1031509,30100,151,5016.61,false
204789500,1031659,1031509,0,1031509,204819600,1031810,1031660,0,1031660,30100,151,5016.61,false
204819600,1031810,1031660,0,1031660,204849700,1031961,1031811,0,1031811,30100,151,5016.61,false
204849700,1031961,1031811,0,1031811,204879800,1032112,1031962,0,1031962,30100,151,5016.61,false
204879800,1032112,1031962,0,1031962,204909900,1032263,1032113,0,1032113,30100,151,5016.61,false
204910000,1032264,1032114,0,1032114,204940100,1032415,1032265,0,1032265,30100,151,5016.61,false
204940100,1032415,1032265,0,1032265,204970200,1032566,1032416,0,1032416,30100,151,5016.61,false
204970200,1032566,1032416,0,1032416,205000300,1032717,1032567,0,1032567,30100,151,5016.61,false
205000300,1032717,1032567,0,1032567,205030400,1032868,1032718,0,1032718,30100,151,5016.61,false
205030400,1032868,1032718,0,1032718,205060500,1033019,1032869,0,1032869,30100,151,5016.61,false
205060500,1033019,1032869,0,1032869,205090600,1033170,1033020,0,1033020,30100,151,5016.61,false
205090600,1033170,1033020,0,1033020,205120700,1033321,1033171,0,1033171,30100,151,5016.61,false
205120700,1033321,1033171,0,1033171,205150800,1033472,1033322,0,1033322,30100,151,5016.61,false
205150800,1033472,1033322,0,1033322,205180900,1033623,1033473,0,1033473,30100,151,5016.61,false
205180900,1033623,1033473,0,1033473,205211000,1033774,1033624,0,1033624,30100,151,5016.61,false
205211000,1033774,1033624,0,1033624,205241100,1033925,1033775,0,1033775,30100,151,5016.61,false
205241100,1033925,1033775,0,1033775,205271200,1034076,1033926,0,1033926,30100,151,5016.61,false
205271200,1034076,1033926,0,1033926,205301300,1034631,1034077,0,1034077,30100,151,5016.61,true
205301300,1034631,1034077,0,1034077,205371800,1035186,1034632,0,1034632,70500,555,7872.34,true
205371800,1035186,1034632,0,1034632,205442300,1035377,1035187,0,1035187,70500,555,7872.34,true
205442300,1035377,1035187,0,1035187,205476400,1035528,1035378,0,1035378,34100,191,5601.17,true
205476400,1035528,1035378,0,1035378,205506500,1035679,1035529,0,1035529,30100,151,5016.61,false
205506500,1035679,1035529,0,1035529,205536600,1035830,1035680,0,1035680,30100,151,5016.61,false
205536600,1035830,1035680,0,1035680,205566700,1035981,1035831,0,1035831,30100,151,5016.61,false
205566700,1035981,1035831,0,1035831,205596800,1036132,1035982,0,1035982,30100,151,5016.61,false
205596800,1036132,1035982,0,1035982,205626900,1036283,1036133,0,1036133,30100,151,5016.61,false
205626900,1036283,1036133,0,1036133,205657000,1036434,1036284,0,1036284,30100,151,5016.61,false
205657000,1036434,1036284,0,1036284,205687100,1036585,1036435,0,1036435,30100,151,5016.61,false
205687100,1036585,1036435,0,1036435,205717200,1036736,1036586,0,1036586,30100,151,5016.61,false
205717200,1036736,1036586,0,1036586,205747300,1036887,1036737,0,1036737,30100,151,5016.61,false
205747300,1036887,1036737,0,1036737,205777400,1037038,1036888,0,1036888,30100,151,5016.61,false
205777400,1037038,1036888,0,1036888,205807500,1037189,1037039,0,1037039,30100,151,5016.61,false
205807500,1037189,1037039,0,1037039,205837600,1037340,1037190,0,1037190,30100,151,5016.61,false
205837600,1037340,1037190,0,1037190,205867700,1037491,1037341,0,1037341,30100,151,5016.61,false
205867700,1037491,1037341,0,1037341,205897800,1037642,1037492,0,1037492,30100,151,5016.61,false
205897800,1037642,1037492,0,1037492,205968000,1037793,1037643,0,1037643,70200,151,2151.00,false
205968000,1037793,1037643,0,1037643,206038200,1037944,1037794,0,1037794,70200,151,2151.00,false
206038200,1037944,1037794,0,1037794,206072500,1038095,1037945,0,1037945,34300,151,4402.33,false
206072500,1038095,1037945,0,1037945,206102600,1038246,1038096,0,1038096,30100,151,5016.61,false
206102600,1038246,1038096,0,1038096,206132700,1038397,1038247,0,1038247,30100,151,5016.61,false
206132700,1038397,1038247,0,1038247,206162800,1038548,1038398,0,1038398,30100,151,5016.61,false
206162800,1038548,1038398,0,1038398,206192900,1038699,1038549,0,1038549,30100,151,5016.61,false
206192900,1038699,1038549,0,1038549,206223000,1038850,1038700,0,1038700,30100,151,5016.61,false
206223000,1038850,1038700,0,1038700,206253100,1039001,1038851,0,1038851,30100,151,5016.61,false
206253100,1039001,1038851,0,1038851,206283200,1039152,1039002,0,1039002,30100,151,5016.61,false
206283200,1039152,1039002,0,1039002,206313300,1039303,1039153,0,1039153,30100,151,5016.61,false
206313300,1039303,1039153,0,1039153,206343400,1039454,1039304,0,1039304,30100,151,5016.61,false
206343400,1039454,1039304,0,1039304,206373500,1039605,1039455,0,1039455,30100,151,5016.61,false
206373500,1039605,1039455,0,1039455,206403600,1039756,1039606,0,1039606,30100,151,5016.61,false
206403600,1039756,1039606,0,1039606,206433700,1039907,1039757,0,1039757,30100,151,5016.61,false
206433700,1039907,1039757,0,1039757,206463800,1040058,1039908,0,1039908,30100,151,5016.61,false
206463800,1040058,1039908,0,1039908,206493900,1040209,1040059,0,1040059,30100,151,5016.61,false
206493900,1040209,1040059,0,1040059,206524000,1040360,1040210,0,1040210,30100,151,5016.61,false
206524000,1040360,1040210,0,1040210,206554100,1040511,1040361,0,1040361,30100,151,5016.61,false
206554100,1040511,1040361,0,1040361,206584200,1040662,1040512,0,1040512,30100,151,5016.61,false
206584200,1040662,1040512,0,1040512,206614300,1040813,1040663,0,1040663,30100,151,5016.61,false
206614300,1040813,1040663,0,1040663,206644400,1040964,1040814,0,1040814,30100,151,5016.61,false
206644400,1040964,1040814,0,1040814,206674500,1041115,1040965,0,1040965,30100,151,5016.61,false
206674500,1041115,1040965,0,1040965,206704600,1041266,1041116,0,1041116,30100,151,5016.61,false
206704600,1041266,1041116,0,1041116,206734700,1041417,1041267,0,1041267,30100,151,5016.61,false
206734700,1041417,1041267,0,1041267,206764800,1041568,1041418,0,1041418,30100,151,5016.61,false
206764800,1041568,1041418,0,1041418,206794900,1041719,1041569,0,1041569,30100,151,5016.61,false
206794900,1041719,1041569,0,1041569,206825000,1041870,1041720,0,1041720,30100,151,5016.61,false
206825000,1041870,1041720,0,1041720,206855100,1042021,1041871,0,1041871,30100,151,5016.61,false
206855100,1042021,1041871,0,1041871,206885200,1042172,1042022,0,1042022,30100,151,5016.61,false
206885200,1042172,1042022,0,1042022,206915300,1042323,1042173,0,1042173,30100,151,5016.61,false
206915300,1042323,1042173,0,1042173,206945400,1042474,1042324,0,1042324,30100,151,5016.61,false
206945400,1042474,1042324,0,1042324,206975500,1042625,1042475,0,1042475,30100,151,5016.61,false
206975500,1042625,1042475,0,1042475,207005600,1042776,1042626,0,1042626,30100,151,5016.61,false
207005600,1042776,1042626,0,1042626,207035700,1042927,1042777,0,1042777,30100,151,5016.61,false
207035700,1042927,1042777,0,1042777,207065800,1043078,1042928,0,1042928,30100,151,5016.61,false
207065800,1043078,1042928,0,1042928,207095900,1043229,1043079,0,1043079,30100,151,5016.61,false
207095900,1043229,1043079,0,1043079,207126000,1043380,1043230,0,1043230,30100,151,5016.61,false
207126000,1043380,1043230,0,1043230,207156100,1043531,1043381,0,1043381,30100,151,5016.61,false
207156100,1043531,1043381,0,1043381,207186200,1043682,1043532,0,1043532,30100,151,5016.61,false
207186200,1043682,1043532,0,1043532,207216300,1043833,1043683,0,1043683,30100,151,5016.61,false
207216300,1043833,1043683,0,1043683,207246400,1043984,1043834,0,1043834,30100,151,5016.61,false
207246400,1043984,1043834,0,1043834,207276500,1044135,1043985,0,1043985,30100,151,5016.61,false
207276500,1044135,1043985,0,1043985,207306600,1044286,1044136,0,1044136,30100,151,5016.61,false
207306600,1044286,1044136,0,1044136,207336700,1044437,1044287,0,1044287,30100,151,5016.61,false
207336700,1044437,1044287,0,1044287,207366800,1044588,1044438,0,1044438,30100,151,5016.61,false
207366800,1044588,1044438,0,1044438,207396900,1044739,1044589,0,1044589,30100,151,5016.61,false
207396900,1044739,1044589,0,1044589,207427000,1044890,1044740,0,1044740,30100,151,5016.61,false
207427000,1044890,1044740,0,1044740,207457100,1045041,1044891,0,1044891,30100,151,5016.61,false
207457100,1045041,1044891,0,1044891,207487200,1045192,1045042,0,1045042,30100,151,5016.61,false
207487200,1045192,1045042,0,1045042,207517300,1045343,1045193,0,1045193,30100,151,5016.61,false
207517300,1045343,1045193,0,1045193,207547400,1045494,1045344,0,1045344,30100,151,5016.61,false
207547400,1045494,1045344,0,1045344,207577500,1045645,1045495,0,1045495,30100,151,5016.61,false
207577500,1045645,1045495,0,1045495,207607600,1045796,1045646,0,1045646,30100,151,5016.61,false
207607600,1045796,1045646,0,1045646,207637700,1045947,1045797,0,1045797,30100,151,5016.61,false
207637700,1045947,1045797,0,1045797,207667800,1046098,1045948,0,1045948,30100,151,5016.61,false
207667800,1046098,1045948,0,1045948,207697900,1046249,1046099,0,1046099,30100,151,5016.61,false
207697900,1046249,1046099,0,1046099,207728000,1046400,1046250,0,1046250,30100,151,5016.61,false
207728000,1046400,1046250,0,1046250,207758100,1046551,1046401,0,1046401,30100,151,5016.61,false
207758100,1046551,1046401,0,1046401,207788200,1046702,1046552,0,1046552,30100,151,5016.61,false
207788200,1046702,1046552,0,1046552,207818300,1046853,1046703,0,1046703,30100,151,5016.61,false
207818300,1046853,1046703,0,1046703,207848400,1047004,1046854,0,1046854,30100,151,5016.61,false
207848400,1047004,1046854,0,1046854,207878500,1047155,1047005,0,1047005,30100,151,5016.61,false
207878500,1047155,1047005,0,1047005,207908600,1047306,1047156,0,1047156,30100,151,5016.61,false
207908600,1047306,1047156,0,1047156,207938700,1047457,1047307,0,1047307,30100,151,5016.61,false
207938700,1047457,1047307,0,1047307,207968800,1047608,1047458,0,1047458,30100,151,5016.61,false
207968800,1047608,1047458,0,1047458,207998900,1047759,1047609,0,1047609,30100,151,5016.61,false
207998900,1047759,1047609,0,1047609,208029000,1047910,1047760,0,1047760,30100,151,5016.61,false
208029000,1047910,1047760,0,1047760,208059100,1048061,1047911,0,1047911,30100,151,5016.61,false
208059100,1048061,1047911,0,1047911,208089200,1048212,1048062,0,1048062,30100,151,5016.61,false
208089200,1048212,1048062,0,1048062,208119300,1048363,1048213,0,1048213,30100,151,5016.61,false
208119300,1048363,1048213,0,1048213,208149400,1048514,1048364,0,1048364,30100,151,5016.61,false
208149400,1048514,1048364,0,1048364,208179500,1048665,1048515,0,1048515,30100,151,5016.61,false
208179500,1048665,1048515,0,1048515,208209600,1048816,1048666,0,1048666,30100,151,5016.61,false
208209600,1048816,1048666,0,1048666,208239700,1048967,1048817,0,1048817,30100,151,5016.61,false
208239700,1048967,1048817,0,1048817,208269800,1049118,1048968,0,1048968,30100,151,5016.61,false
208269800,1049118,1048968,0,1048968,208299900,1049269,1049119,0,1049119,30100,151,5016.61,false
208299900,1049269,1049119,0,1049119,208330000,1049420,1049270,0,1049270,30100,151,5016.61,false
208330000,1049420,1049270,0,1049270,208360100,1049571,1049421,0,1049421,30100,151,5016.61,false
208360100,1049571,1049421,0,1049421,208390200,1049722,1049572,0,1049572,30100,151,5016.61,false
208390200,1049722,1049572,0,1049572,208420300,1049873,1049723,0,1049723,30100,151,5016.61,false
208420300,1049873,1049723,0,1049723,208450400,1050024,1049874,0,1049874,30100,151,5016.61,false
208450400,1050024,1049874,0,1049874,208480500,1050175,1050025,0,1050025,30100,151,5016.61,false
208480500,1050175,1050025,0,1050025,208510600,1050326,1050176,0,1050176,30100,151,5016.61,false
208510600,1050326,1050176,0,1050176,208540700,1050477,1050327,0,1050327,30100,151,5016.61,false
208540700,1050477,1050327,0,1050327,208570800,1050628,1050478,0,1050478,30100,151,5016.61,false
208570800,1050628,1050478,0,1050478,208600900,1050779,1050629,0,1050629,30100,151,5016.61,false
208600900,1050779,1050629,0,1050629,208631000,1050930,1050780,0,1050780,30100,151,5016.61,false
208631000,1050930,1050780,0,1050780,208661100,1051081,1050931,0,1050931,30100,151,5016.61,false
208661100,1051081,1050931,0,1050931,208691200,1051232,1051082,0,1051082,30100,151,5016.61,false
208691200,1051232,1051082,0,1051082,208721300,1051383,1051233,0,1051233,30100,151,5016.61,false
208721400,1051384,1051234,0,1051234,208751500,1051535,1051385,0,1051385,30100,151,5016.61,false
208751500,1051535,1051385,0,1051385,208781600,1051686,1051536,0,1051536,30100,151,5016.61,false
208781600,1051686,1051536,0,1051536,208811700,1051837,1051687,0,1051687,30100,151,5016.61,false
208811700,1051837,1051687,0,1051687,208841800,1051988,1051838,0,1051838,30100,151,5016.61,false
208841800,1051988,1051838,0,1051838,208871900,1052139,1051989,0,1051989,30100,151,5016.61,false
208871900,1052139,1051989,0,1051989,208902000,1052290,1052140,0,1052140,30100,151,5016.61,false
208902000,1052290,1052140,0,1052140,208932100,1052441,1052291,0,1052291,30100,151,5016.61,false
208932100,1052441,1052291,0,1052291,208962200,1052592,1052442,0,1052442,30100,151,5016.61,false
208962200,1052592,1052442,0,1052442,208992300,1052743,1052593,0,1052593,30100,151,5016.61,false
208992300,1052743,1052593,0,1052593,209022400,1052894,1052744,0,1052744,30100,151,5016.61,false
209022400,1052894,1052744,0,1052744,209052500,1053045,1052895,0,1052895,30100,151,5016.61,false
209052500,1053045,1052895,0,1052895,209082600,1053196,1053046,0,1053046,30100,151,5016.61,false
209082600,1053196,1053046,0,1053046,209112700,1053751,1053197,0,1053197,30100,151,5016.61,true
209112700,1053751,1053197,0,1053197,209183200,1054306,1053752,0,1053752,70500,555,7872.34,true
209183200,1054306,1053752,0,1053752,209253700,1054497,1054307,0,1054307,70500,555,7872.34,true
209253700,1054497,1054307,0,1054307,209287800,1054648,1054498,0,1054498,34100,191,5601.17,true
209287800,1054648,1054498,0,1054498,209317900,1054799,1054649,0,1054649,30100,151,5016.61,false
209317900,1054799,1054649,0,1054649,209348000,1054950,1054800,0,1054800,30100,151,5016.61,false
209348000,1054950,1054800,0,1054800,209378100,1055101,1054951,0,1054951,30100,151,5016.61,false
209378100,1055101,1054951,0,1054951,209408200,1055252,1055102,0,1055102,30100,151,5016.61,false
209408200,1055252,1055102,0,1055102,209438300,1055403,1055253,0,1055253,30100,151,5016.61,false
209438300,1055403,1055253,0,1055253,209468400,1055554,1055404,0,1055404,30100,151,5016.61,false
209468400,1055554,1055404,0,1055404,209498500,1055705,1055555,0,1055555,30100,151,5016.61,false
209498500,1055705,1055555,0,1055555,209528600,1055856,1055706,0,1055706,30100,151,5016.61,false
209528600,1055856,1055706,0,1055706,209558700,1056007,1055857,0,1055857,30100,151,5016.61,false
209558700,1056007,1055857,0,1055857,209588800,1056158,1056008,0,1056008,30100,151,5016.61,false
209588800,1056158,1056008,0,1056008,209618900,1056309,1056159,0,1056159,30100,151,5016.61,false
209618900,1056309,1056159,0,1056159,209649000,1056460,1056310,0,1056310,30100,151,5016.61,false
209649000,1056460,1056310,0,1056310,209679100,1056611,1056461,0,1056461,30100,151,5016.61,false
209679100,1056611,1056461,0,1056461,209709200,1056762,1056612,0,1056612,30100,151,5016.61,false
209709200,1056762,1056612,0,1056612,209779400,1056913,1056763,0,1056763,70200,151,2151.00,false
209779400,1056913,1056763,0,1056763,209849600,1057064,1056914,0,1056914,70200,151,2151.00,false
209849600,1057064,1056914,0,1056914,209883900,1057215,1057065,0,1057065,34300,151,4402.33,false
209883900,1057215,1057065,0,1057065,209914000,1057366,1057216,0,1057216,30100,151,5016.61,false
209914000,1057366,1057216,0,1057216,209944100,1057517,1057367,0,1057367,30100,151,5016.61,false
209944100,1057517,1057367,0,1057367,209974200,1057668,1057518,0,1057518,30100,151,5016.61,false
209974200,1057668,1057518,0,1057518,210004300,1057819,1057669,0,1057669,30100,151,5016.61,false
210004300,1057819,1057669,0,1057669,210034400,1057970,1057820,0,1057820,30100,151,5016.61,false
210034400,1057970,1057820,0,1057820,210064500,1058121,1057971,0,1057971,30100,151,5016.61,false
210064500,1058121,1057971,0,1057971,210094600,1058272,1058122,0,1058122,30100,151,5016.61,false
210094600,1058272,1058122,0,1058122,210124700,1058423,1058273,0,1058273,30100,151,5016.61,false
210124700,1058423,1058273,0,1058273,210154800,1058574,1058424,0,1058424,30100,151,5016.61,false
210154800,1058574,1058424,0,1058424,210184900,1058725,1058575,0,1058575,30100,151,5016.61,false
210184900,1058725,1058575,0,1058575,210215000,1058876,1058726,0,1058726,30100,151,5016.61,false
210215000,1058876,1058726,0,1058726,210245100,1059027,1058877,0,1058877,30100,151,5016.61,false
210245100,1059027,1058877,0,1058877,210275200,1059178,1059028,0,1059028,30100,151,5016.61,false
210275200,1059178,1059028,0,1059028,210305300,1059329,1059179,0,1059179,30100,151,5016.61,false
210305300,1059329,1059179,0,1059179,210335400,1059480,1059330,0,1059330,30100,151,5016.61,false
210335400,1059480,1059330,0,1059330,210365500,1059631,1059481,0,1059481,30100,151,5016.61,false
210365500,1059631,1059481,0,1059481,210395600,1059782,1059632,0,1059632,30100,151,5016.61,false
210395600,1059782,1059632,0,1059632,210425700,1059933,1059783,0,1059783,30100,151,5016.61,false
210425700,1059933,1059783,0,1059783,210455800,1060084,1059934,0,1059934,30100,151,5016.61,false
210455800,1060084,1059934,0,1059934,210485900,1060235,1060085,0,1060085,30100,151,5016.61,false
210485900,1060235,1060085,0,1060085,210516000,1060386,1060236,0,1060236,30100,151,5016.61,false
210516000,1060386,1060236,0,1060236,210546100,1060537,1060387,0,1060387,30100,151,5016.61,false
210546100,1060537,1060387,0,1060387,210576200,1060688,1060538,0,1060538,30100,151,5016.61,false
210576200,1060688,1060538,0,1060538,210606300,1060839,1060689,0,1060689,30100,151,5016.61,false
210606300,1060839,1060689,0,1060689,210636400,1060990,1060840,0,1060840,30100,151,5016.61,false
210636400,1060990,1060840,0,1060840,210666500,1061141,1060991,0,1060991,30100,151,5016.61,false
210666500,1061141,1060991,0,1060991,210696600,1061292,1061142,0,1061142,30100,151,5016.61,false
210696600,1061292,1061142,0,1061142,210726700,1061443,1061293,0,1061293,30100,151,5016.61,false
210726700,1061443,1061293,0,1061293,210756800,1061594,1061444,0,1061444,30100,151,5016.61,false
210756800,1061594,1061444,0,1061444,210786900,1061745,1061595,0,1061595,30100,151,5016.61,false
210786900,1061745,1061595,0,1061595,210817000,1061896,1061746,0,1061746,30100,151,5016.61,false
210817000,1061896,1061746,0,1061746,210847100,1062047,1061897,0,1061897,30100,151,5016.61,false
210847100,1062047,1061897,0,1061897,210877200,1062198,1062048,0,1062048,30100,151,5016.61,false
210877200,1062198,1062048,0,1062048,210907300,1062349,1062199,0,1062199,30100,151,5016.61,false
210907300,1062349,1062199,0,1062199,210937400,1062500,1062350,0,1062350,30100,151,5016.61,false
210937400,1062500,1062350,0,1062350,210967500,1062651,1062501,0,1062501,30100,151,5016.61,false
210967500,1062651,1062501,0,1062501,210997600,1062802,1062652,0,1062652,30100,151,5016.61,false
210997600,1062802,1062652,0,1062652,211027700,1062953,1062803,0,1062803,30100,151,5016.61,false
211027700,1062953,1062803,0,1062803,211057800,1063104,1062954,0,1062954,30100,151,5016.61,false
211057800,1063104,1062954,0,1062954,211087900,1063255,1063105,0,1063105,30100,151,5016.61,false
211087900,1063255,1063105,0,1063105,211118000,1063406,1063256,0,1063256,30100,151,5016.61,false
211118000,1063406,1063256,0,1063256,211148100,1063557,1063407,0,1063407,30100,151,5016.61,false
211148100,1063557,1063407,0,1063407,211178200,1063708,1063558,0,1063558,30100,151,5016.61,false
211178200,1063708,1063558,0,1063558,211208300,1063859,1063709,0,1063709,30100,151,5016.61,false
211208300,1063859,1063709,0,1063709,211238400,1064010,1063860,0,1063860,30100,151,5016.61,false
211238400,1064010,1063860,0,1063860,211268500,1064161,1064011,0,1064011,30100,151,5016.61,false
211268500,1064161,1064011,0,1064011,211298600,1064312,1064162,0,1064162,30100,151,5016.61,false
211298600,1064312,1064162,0,1064162,211328700,1064463,1064313,0,1064313,30100,151,5016.61,false
211328700,1064463,1064313,0,1064313,211358800,1064614,1064464,0,1064464,30100,151,5016.61,false
211358800,1064614,1064464,0,1064464,211388900,1064765,1064615,0,1064615,30100,151,5016.61,false
211388900,1064765,1064615,0,1064615,211419000,1064916,1064766,0,1064766,30100,151,5016.61,false
211419000,1064916,1064766,0,1064766,211449100,1065067,1064917,0,1064917,30100,151,5016.61,false
211449100,1065067,1064917,0,1064917,211479200,1065218,1065068,0,1065068,30100,151,5016.61,false
211479200,1065218,1065068,0,1065068,211509300,1065369,1065219,0,1065219,30100,151,5016.61,false
211509300,1065369,1065219,0,1065219,211539400,1065520,1065370,0,1065370,30100,151,5016.61,false
211539400,1065520,1065370,0,1065370,211569500,1065671,1065521,0,1065521,30100,151,5016.61,false
211569500,1065671,1065521,0,1065521,211599600,1065822,1065672,0,1065672,30100,151,5016.61,false
211599600,1065822,1065672,0,1065672,211629700,1065973,1065823,0,1065823,30100,151,5016.61,false
211629700,1065973,1065823,0,1065823,211659800,1066124,1065974,0,1065974,30100,151,5016.61,false
211659800,1066124,1065974,0,1065974,211689900,1066275,1066125,0,1066125,30100,151,5016.61,false
211689900,1066275,1066125,0,1066125,211720000,1066426,1066276,0,1066276,30100,151,5016.61,false
211720000,1066426,1066276,0,1066276,211750100,1066577,1066427,0,1066427,30100,151,5016.61,false
211750100,1066577,1066427,0,1066427,211780200,1066728,1066578,0,1066578,30100,151,5016.61,false
211780200,1066728,1066578,0,1066578,211810300,1066879,1066729,0,1066729,30100,151,5016.61,false
211810300,1066879,1066729,0,1066729,211840400,1067030,1066880,0,1066880,30100,151,5016.61,false
211840400,1067030,1066880,0,1066880,211870500,1067181,1067031,0,1067031,30100,151,5016.61,false
211870500,1067181,1067031,0,1067031,211900600,1067332,1067182,0,1067182,30100,151,5016.61,false
211900600,1067332,1067182,0,1067182,211930700,1067483,1067333,0,1067333,30100,151,5016.61,false
211930700,1067483,1067333,0,1067333,211960800,1067634,1067484,0,1067484,30100,151,5016.61,false
211960800,1067634,1067484,0,1067484,211990900,1067785,1067635,0,1067635,30100,151,5016.61,false
211990900,1067785,1067635,0,1067635,212021000,1067936,1067786,0,1067786,30100,151,5016.61,false
212021000,1067936,1067786,0,1067786,212051100,1068087,1067937,0,1067937,30100,151,5016.61,false
212051100,1068087,1067937,0,1067937,212081200,1068238,1068088,0,1068088,30100,151,5016.61,false
212081200,1068238,1068088,0,1068088,212111300,1068389,1068239,0,1068239,30100,151,5016.61,false
212111300,1068389,1068239,0,1068239,212141400,1068540,1068390,0,1068390,30100,151,5016.61,false
212141400,1068540,1068390,0,1068390,212171500,1068691,1068541,0,1068541,30100,151,5016.61,false
212171500,1068691,1068541,0,1068541,212201600,1068842,1068692,0,1068692,30100,151,5016.61,false
212201600,1068842,1068692,0,1068692,212231700,1068993,1068843,0,1068843,30100,151,5016.61,false
212231700,1068993,1068843,0,1068843,212261800,1069144,1068994,0,1068994,30100,151,5016.61,false
212261800,1069144,1068994,0,1068994,212291900,1069295,1069145,0,1069145,30100,151,5016.61,false
212291900,1069295,1069145,0,1069145,212322000,1069446,1069296,0,1069296,30100,151,5016.61,false
212322000,1069446,1069296,0,1069296,212352100,1069597,1069447,0,1069447,30100,151,5016.61,false
212352100,1069597,1069447,0,1069447,212382200,1069748,1069598,0,1069598,30100,151,5016.61,false
212382200,1069748,1069598,0,1069598,212412300,1069899,1069749,0,1069749,30100,151,5016.61,false
212412300,1069899,1069749,0,1069749,212442400,1070050,1069900,0,1069900,30100,151,5016.61,false
212442400,1070050,1069900,0,1069900,212472500,1070201,1070051,0,1070051,30100,151,5016.61,false
212472500,1070201,1070051,0,1070051,212502600,1070352,1070202,0,1070202,30100,151,5016.61,false
212502600,1070352,1070202,0,1070202,212532700,1070503,1070353,0,1070353,30100,151,5016.61,false
212532800,1070504,1070354,0,1070354,212562900,1070655,1070505,0,1070505,30100,151,5016.61,false
212562900,1070655,1070505,0,1070505,212593000,1070806,1070656,0,1070656,30100,151,5016.61,false
212593000,1070806,1070656,0,1070656,212623100,1070957,1070807,0,1070807,30100,151,5016.61,false
212623100,1070957,1070807,0,1070807,212653200,1071108,1070958,0,1070958,30100,151,5016.61,false
212653200,1071108,1070958,0,1070958,212683300,1071259,1071109,0,1071109,30100,151,5016.61,false
212683300,1071259,1071109,0,1071109,212713400,1071410,1071260,0,1071260,30100,151,5016.61,false
212713400,1071410,1071260,0,1071260,212743500,1071561,1071411,0,1071411,30100,151,5016.61,false
212743500,1071561,1071411,0,1071411,212773600,1071712,1071562,0,1071562,30100,151,5016.61,false
212773600,1071712,1071562,0,1071562,212803700,1071863,1071713,0,1071713,30100,151,5016.61,false
212803700,1071863,1071713,0,1071713,212833800,1072014,1071864,0,1071864,30100,151,5016.61,false
212833800,1072014,1071864,0,1071864,212863900,1072165,1072015,0,1072015,30100,151,5016.61,false
212863900,1072165,1072015,0,1072015,212894000,1072316,1072166,0,1072166,30100,151,5016.61,false
212894000,1072316,1072166,0,1072166,212924100,1072871,1072317,0,1072317,30100,151,5016.61,true
212924100,1072871,1072317,0,1072317,212994600,1073426,1072872,0,1072872,70500,555,7872.34,true
212994600,1073426,1072872,0,1072872,213065100,1073617,1073427,0,1073427,70500,555,7872.34,true
213065100,1073617,1073427,0,1073427,213099200,1073768,1073618,0,1073618,34100,191,5601.17,true
213099200,1073768,1073618,0,1073618,213129300,1073919,1073769,0,1073769,30100,151,5016.61,false
213129300,1073919,1073769,0,1073769,213159400,1074070,1073920,0,1073920,30100,151,5016.61,false
213159400,1074070,1073920,0,1073920,213189500,1074221,1074071,0,1074071,30100,151,5016.61,false
213189500,1074221,1074071,0,1074071,213219600,1074372,1074222,0,1074222,30100,151,5016.61,false
213219600,1074372,1074222,0,1074222,213249700,1074523,1074373,0,1074373,30100,151,5016.61,false
213249700,1074523,1074373,0,1074373,213279800,1074674,1074524,0,1074524,30100,151,5016.61,false
213279800,1074674,1074524,0,1074524,213309900,1074825,1074675,0,1074675,30100,151,5016.61,false
213309900,1074825,1074675,0,1074675,213340000,1074976,1074826,0,1074826,30100,151,5016.61,false
213340000,1074976,1074826,0,1074826,213370100,1075127,1074977,0,1074977,30100,151,5016.61,false
213370100,1075127,1074977,0,1074977,213400200,1075278,1075128,0,1075128,30100,151,5016.61,false
213400200,1075278,1075128,0,1075128,213430300,1075429,1075279,0,1075279,30100,151,5016.61,false
213430300,1075429,1075279,0,1075279,213460400,1075580,1075430,0,1075430,30100,151,5016.61,false
213460400,1075580,1075430,0,1075430,213490500,1075731,1075581,0,1075581,30100,151,5016.61,false
213490500,1075731,1075581,0,1075581,213520600,1075882,1075732,0,1075732,30100,151,5016.61,false
213520600,1075882,1075732,0,1075732,213590800,1076033,1075883,0,1075883,70200,151,2151.00,false
213590800,1076033,1075883,0,1075883,213661000,1076184,1076034,0,1076034,70200,151,2151.00,false
213661000,1076184,1076034,0,1076034,213695300,1076335,1076185,0,1076185,34300,151,4402.33,false
213695300,1076335,1076185,0,1076185,213725400,1076486,1076336,0,1076336,30100,151,5016.61,false
213725400,1076486,1076336,0,1076336,213755500,1076637,1076487,0,1076487,30100,151,5016.61,false
213755500,1076637,1076487,0,1076487,213785600,1076788,1076638,0,1076638,30100,151,5016.61,false
213785600,1076788,1076638,0,1076638,213815700,1076939,1076789,0,1076789,30100,151,5016.61,false
213815700,1076939,1076789,0,1076789,213845800,1077090,1076940,0,1076940,30100,151,5016.61,false
213845800,1077090,1076940,0,1076940,213875900,1077241,1077091,0,1077091,30100,151,5016.61,false
213875900,1077241,1077091,0,1077091,213906000,1077392,1077242,0,1077242,30100,151,5016.61,false
213906000,1077392,1077242,0,1077242,213936100,1077543,1077393,0,1077393,30100,151,5016.61,false
213936100,1077543,1077393,0,1077393,213966200,1077694,1077544,0,1077544,30100,151,5016.61,false
213966200,1077694,1077544,0,1077544,213996300,1077845,1077695,0,1077695,30100,151,5016.61,false
213996300,1077845,1077695,0,1077695,214026400,1077996,1077846,0,1077846,30100,151,5016.61,false
214026400,1077996,1077846,0,1077846,214056500,1078147,1077997,0,1077997,30100,151,5016.61,false
214056500,1078147,1077997,0,1077997,214086600,1078298,1078148,0,1078148,30100,151,5016.61,false
214086600,1078298,1078148,0,1078148,214116700,1078449,1078299,0,1078299,30100,151,5016.61,false
214116700,1078449,1078299,0,1078299,214146800,1078600,1078450,0,1078450,30100,151,5016.61,false
214146800,1078600,1078450,0,1078450,214176900,1078751,1078601,0,1078601,30100,151,5016.61,false
214176900,1078751,1078601,0,1078601,214207000,1078902,1078752,0,1078752,30100,151,5016.61,false
214207000,1078902,1078752,0,1078752,214237100,1079053,1078903,0,1078903,30100,151,5016.61,false
214237100,1079053,1078903,0,1078903,214267200,1079204,1079054,0,1079054,30100,151,5016.61,false
214267200,1079204,1079054,0,1079054,214297300,1079355,1079205,0,1079205,30100,151,5016.61,false
214297300,1079355,1079205,0,1079205,214327400,1079506,1079356,0,1079356,30100,151,5016.61,false
214327400,1079506,1079356,0,1079356,214357500,1079657,1079507,0,1079507,30100,151,5016.61,false
214357500,1079657,1079507,0,1079507,214387600,1079808,1079658,0,1079658,30100,151,5016.61,false
214387600,1079808,1079658,0,1079658,214417700,1079959,1079809,0,1079809,30100,151,5016.61,false
214417700,1079959,1079809,0,1079809,214447800,1080110,1079960,0,1079960,30100,151,5016.61,false
214447800,1080110,1079960,0,1079960,214477900,1080261,1080111,0,1080111,30100,151,5016.61,false
214477900,1080261,1080111,0,1080111,214508000,1080412,1080262,0,1080262,30100,151,5016.61,false
214508000,1080412,1080262,0,1080262,214538100,1080563,1080413,0,1080413,30100,151,5016.61,false
214538100,1080563,1080413,0,1080413,214568200,1080714,1080564,0,1080564,30100,151,5016.61,false
214568200,1080714,1080564,0,1080564,214598300,1080865,1080715,0,1080715,30100,151,5016.61,false
214598300,1080865,1080715,0,1080715,214628400,1081016,1080866,0,1080866,30100,151,5016.61,false
214628400,1081016,1080866,0,1080866,214658500,1081167,1081017,0,1081017,30100,151,5016.61,false
214658500,1081167,1081017,0,1081017,214688600,1081318,1081168,0,1081168,30100,151,5016.61,false
214688600,1081318,1081168,0,1081168,214718700,1081469,1081319,0,1081319,30100,151,5016.61,false
214718700,1081469,1081319,0,1081319,214748800,1081620,1081470,0,1081470,30100,151,5016.61,false
214748800,1081620,1081470,0,1081470,214778900,1081771,1081621,0,1081621,30100,151,5016.61,false
214778900,1081771,1081621,0,1081621,214809000,1081922,1081772,0,1081772,30100,151,5016.61,false
214809000,1081922,1081772,0,1081772,214839100,1082073,1081923,0,1081923,30100,151,5016.61,false
214839100,1082073,1081923,0,1081923,214869200,1082224,1082074,0,1082074,30100,151,5016.61,false
214869200,1082224,1082074,0,1082074,214899300,1082375,1082225,0,1082225,30100,151,5016.61,false
214899300,1082375,1082225,0,1082225,214929400,1082526,1082376,0,1082376,30100,151,5016.61,false
214929400,1082526,1082376,0,1082376,214959500,1082677,1082527,0,1082527,30100,151,5016.61,false
214959500,1082677,1082527,0,1082527,214989600,1082828,1082678,0,1082678,30100,151,5016.61,false
214989600,1082828,1082678,0,1082678,215019700,1082979,1082829,0,1082829,30100,151,5016.61,false
215019700,1082979,1082829,0,1082829,215049800,1083130,1082980,0,1082980,30100,151,5016.61,false
215049800,1083130,1082980,0,1082980,215079900,1083281,1083131,0,1083131,30100,151,5016.61,false
215079900,1083281,1083131,0,1083131,215110000,1083432,1083282,0,1083282,30100,151,5016.61,false
215110000,1083432,1083282,0,1083282,215140100,1083583,1083433,0,1083433,30100,151,5016.61,false
215140100,1083583,1083433,0,1083433,215170200,1083734,1083584,0,1083584,30100,151,5016.61,false
215170200,1083734,1083584,0,1083584,215200300,1083885,1083735,0,1083735,30100,151,5016.61,false
215200300,1083885,1083735,0,1083735,215230400,1084036,1083886,0,1083886,30100,151,5016.61,false
215230400,1084036,1083886,0,1083886,215260500,1084187,1084037,0,1084037,30100,151,5016.61,false
215260500,1084187,1084037,0,1084037,215290600,1084338,1084188,0,1084188,30100,151,5016.61,false
215290600,1084338,1084188,0,1084188,215320700,1084489,1084339,0,1084339,30100,151,5016.61,false
215320700,1084489,1084339,0,1084339,215350800,1084640,1084490,0,1084490,30100,151,5016.61,false
215350800,1084640,1084490,0,1084490,215380900,1084791,1084641,0,1084641,30100,151,5016.61,false
215380900,1084791,1084641,0,1084641,215411000,1084942,1084792,0,1084792,30100,151,5016.61,false
215411000,1084942,1084792,0,1084792,215441100,1085093,1084943,0,1084943,30100,151,5016.61,false
215441100,1085093,1084943,0,1084943,215471200,1085244,1085094,0,1085094,30100,151,5016.61,false
215471200,1085244,1085094,0,1085094,215501300,1085395,1085245,0,1085245,30100,151,5016.61,false
215501300,1085395,1085245,0,1085245,215531400,1085546,1085396,0,1085396,30100,151,5016.61,false
215531400,1085546,1085396,0,1085396,215561500,1085697,1085547,0,1085547,30100,151,5016.61,false
215561500,1085697,1085547,0,1085547,215591600,1085848,1085698,0,1085698,30100,151,5016.61,false
215591600,1085848,1085698,0,1085698,215621700,1085999,1085849,0,1085849,30100,151,5016.61,false
215621700,1085999,1085849,0,1085849,215651800,1086150,1086000,0,1086000,30100,151,5016.61,false
215651800,1086150,1086000,0,1086000,215681900,1086301,1086151,0,1086151,30100,151,5016.61,false
215681900,1086301,1086151,0,1086151,215712000,1086452,1086302,0,1086302,30100,151,5016.61,false
215712000,1086452,1086302,0,1086302,215742100,1086603,1086453,0,1086453,30100,151,5016.61,false
215742100,1086603,1086453,0,1086453,215772200,1086754,1086604,0,1086604,30100,151,5016.61,false
215772200,1086754,1086604,0,1086604,215802300,1086905,1086755,0,1086755,30100,151,5016.61,false
215802300,1086905,1086755,0,1086755,215832400,1087056,1086906,0,1086906,30100,151,5016.61,false
215832400,1087056,1086906,0,1086906,215862500,1087207,1087057,0,1087057,30100,151,5016.61,false
215862500,1087207,1087057,0,1087057,215892600,1087358,1087208,0,1087208,30100,151,5016.61,false
215892600,1087358,1087208,0,1087208,215922700,1087509,1087359,0,1087359,30100,151,5016.61,false
215922700,1087509,1087359,0,1087359,215952800,1087660,1087510,0,1087510,30100,151,5016.61,false
215952800,1087660,1087510,0,1087510,215982900,1087811,1087661,0,1087661,30100,151,5016.61,false
215982900,1087811,1087661,0,1087661,216013000,1087962,1087812,0,1087812,30100,151,5016.61,false
216013000,1087962,1087812,0,1087812,216043100,1088113,1087963,0,1087963,30100,151,5016.61,false
216043100,1088113,1087963,0,1087963,216073200,1088264,1088114,0,1088114,30100,151,5016.61,false
216073200,1088264,1088114,0,1088114,216103300,1088415,1088265,0,1088265,30100,151,5016.61,false
216103300,1088415,1088265,0,1088265,216133400,1088566,1088416,0,1088416,30100,151,5016.61,false
216133400,1088566,1088416,0,1088416,216163500,1088717,1088567,0,1088567,30100,151,5016.61,false
216163500,1088717,1088567,0,1088567,216193600,1088868,1088718,0,1088718,30100,151,5016.61,false
216193600,1088868,1088718,0,1088718,216223700,1089019,1088869,0,1088869,30100,151,5016.61,false
216223700,1089019,1088869,0,1088869,216253800,1089170,1089020,0,1089020,30100,151,5016.61,false
216253800,1089170,1089020,0,1089020,216283900,1089321,1089171,0,1089171,30100,151,5016.61,false
216283900,1089321,1089171,0,1089171,216314000,1089472,1089322,0,1089322,30100,151,5016.61,false
216314000,1089472,1089322,0,1089322,216344100,1089623,1089473,0,1089473,30100,151,5016.61,false
216344200,1089624,1089474,0,1089474,216374300,1089775,1089625,0,1089625,30100,151,5016.61,false
216374300,1089775,1089625,0,1089625,216404400,1089926,1089776,0,1089776,30100,151,5016.61,false
216404400,1089926,1089776,0,1089776,216434500,1090077,1089927,0,1089927,30100,151,5016.61,false
216434500,1090077,1089927,0,1089927,216464600,1090228,1090078,0,1090078,30100,151,5016.61,false
216464600,1090228,1090078,0,1090078,216494700,1090379,1090229,0,1090229,30100,151,5016.61,false
216494700,1090379,1090229,0,1090229,216524800,1090530,1090380,0,1090380,30100,151,5016.61,false
216524800,1090530,1090380,0,1090380,216554900,1090681,1090531,0,1090531,30100,151,5016.61,false
216554900,1090681,1090531,0,1090531,216585000,1090832,1090682,0,1090682,30100,151,5016.61,false
216585000,1090832,1090682,0,1090682,216615100,1090983,1090833,0,1090833,30100,151,5016.61,false
216615100,1090983,1090833,0,1090833,216645200,1091134,1090984,0,1090984,30100,151,5016.61,false
216645200,1091134,1090984,0,1090984,216675300,1091285,1091135,0,1091135,30100,151,5016.61,false
216675300,1091285,1091135,0,1091135,216705400,1091436,1091286,0,1091286,30100,151,5016.61,false
216705400,1091436,1091286,0,1091286,216735500,1091991,1091437,0,1091437,30100,151,5016.61,true
216735500,1091991,1091437,0,1091437,216806000,1092546,1091992,0,1091992,70500,555,7872.34,true
216806000,1092546,1091992,0,1091992,216876500,1092737,1092547,0,1092547,70500,555,7872.34,true
216876500,1092737,1092547,0,1092547,216910600,1092888,1092738,0,1092738,34100,191,5601.17,true
216910600,1092888,1092738,0,1092738,216940700,1093039,1092889,0,1092889,30100,151,5016.61,false
216940700,1093039,1092889,0,1092889,216970800,1093190,1093040,0,1093040,30100,151,5016.61,false
216970800,1093190,1093040,0,1093040,217000900,1093341,1093191,0,1093191,30100,151,5016.61,false
217000900,1093341,1093191,0,1093191,217031000,1093492,1093342,0,1093342,30100,151,5016.61,false
217031000,1093492,1093342,0,1093342,217061100,1093643,1093493,0,1093493,30100,151,5016.61,false
217061100,1093643,1093493,0,1093493,217091200,1093794,1093644,0,1093644,30100,151,5016.61,false
217091200,1093794,1093644,0,1093644,217121300,1093945,1093795,0,1093795,30100,151,5016.61,false
217121300,1093945,1093795,0,1093795,217151400,1094096,1093946,0,1093946,30100,151,5016.61,false
217151400,1094096,1093946,0,1093946,217181500,1094247,1094097,0,1094097,30100,151,5016.61,false
217181500,1094247,1094097,0,1094097,217211600,1094398,1094248,0,1094248,30100,151,5016.61,false
217211600,1094398,1094248,0,1094248,217241700,1094549,1094399,0,1094399,30100,151,5016.61,false
217241700,1094549,1094399,0,1094399,217271800,1094700,1094550,0,1094550,30100,151,5016.61,false
217271800,1094700,1094550,0,1094550,217301900,1094851,1094701,0,1094701,30100,151,5016.61,false
217301900,1094851,1094701,0,1094701,217332000,1095002,1094852,0,1094852,30100,151,5016.61,false
217332000,1095002,1094852,0,1094852,217402200,1095153,1095003,0,1095003,70200,151,2151.00,false
217402200,1095153,1095003,0,1095003,217472400,1095304,1095154,0,1095154,70200,151,2151.00,false
217472400,1095304,1095154,0,1095154,217506700,1095455,1095305,0,1095305,34300,151,4402.33,false
217506700,1095455,1095305,0,1095305,217536800,1095606,1095456,0,1095456,30100,151,5016.61,false
217536800,1095606,1095456,0,1095456,217566900,1095757,1095607,0,1095607,30100,151,5016.61,false
217566900,1095757,1095607,0,1095607,217597000,1095908,1095758,0,1095758,30100,151,5016.61,false
217597000,1095908,1095758,0,1095758,217627100,1096059,1095909,0,1095909,30100,151,5016.61,false
217627100,1096059,1095909,0,1095909,217657200,1096210,1096060,0,1096060,30100,151,5016.61,false
217657200,1096210,1096060,0,1096060,217687300,1096361,1096211,0,1096211,30100,151,5016.61,false
217687300,1096361,1096211,0,1096211,217717400,1096512,1096362,0,1096362,30100,151,5016.61,false
217717400,1096512,1096362,0,1096362,217747500,1096663,1096513,0,1096513,30100,151,5016.61,false
217747500,1096663,1096513,0,1096513,217777600,1096814,1096664,0,1096664,30100,151,5016.61,false
217777600,1096814,1096664,0,1096664,217807700,1096965,1096815,0,1096815,30100,151,5016.61,false
217807700,1096965,1096815,0,1096815,217837800,1097116,1096966,0,1096966,30100,151,5016.61,false
217837800,1097116,1096966,0,1096966,217867900,1097267,1097117,0,1097117,30100,151,5016.61,false
217867900,1097267,1097117,0,1097117,217898000,1097418,1097268,0,1097268,30100,151,5016.61,false
217898000,1097418,1097268,0,1097268,217928100,1097569,1097419,0,1097419,30100,151,5016.61,false
217928100,1097569,1097419,0,1097419,217958200,1097720,1097570,0,1097570,30100,151,5016.61,false
217958200,1097720,1097570,0,1097570,217988300,1097871,1097721,0,1097721,30100,151,5016.61,false
217988300,1097871,1097721,0,1097721,218018400,1098022,1097872,0,1097872,30100,151,5016.61,false
218018400,1098022,1097872,0,1097872,218048500,1098173,1098023,0,1098023,30100,151,5016.61,false
218048500,1098173,1098023,0,1098023,218078600,1098324,1098174,0,1098174,30100,151,5016.61,false
218078600,1098324,1098174,0,1098174,218108700,1098475,1098325,0,1098325,30100,151,5016.61,false
218108700,1098475,1098325,0,1098325,218138800,1098626,1098476,0,1098476,30100,151,5016.61,false
218138800,1098626,1098476,0,1098476,218168900,1098777,1098627,0,1098627,30100,151,5016.61,false
218168900,1098777,1098627,0,1098627,218199000,1098928,1098778,0,1098778,30100,151,5016.61,false
218199000,1098928,1098778,0,1098778,218229100,1099079,1098929,0,1098929,30100,151,5016.61,false
218229100,1099079,1098929,0,1098929,218259200,1099230,1099080,0,1099080,30100,151,5016.61,false
218259200,1099230,1099080,0,1099080,218289300,1099381,1099231,0,1099231,30100,151,5016.61,false
218289300,1099381,1099231,0,1099231,218319400,1099532,1099382,0,1099382,30100,151,5016.61,false
218319400,1099532,1099382,0,1099382,218349500,1099683,1099533,0,1099533,30100,151,5016.61,false
218349500,1099683,1099533,0,1099533,218379600,1099834,1099684,0,1099684,30100,151,5016.61,false
218379600,1099834,1099684,0,1099684,218409700,1099985,1099835,0,1099835,30100,151,5016.61,false
218409700,1099985,1099835,0,1099835,218439800,1100136,1099986,0,1099986,30100,151,5016.61,false
218439800,1100136,1099986,0,1099986,218469900,1100287,1100137,0,1100137,30100,151,5016.61,false
218469900,1100287,1100137,0,1100137,218500000,1100438,1100288,0,1100288,30100,151,5016.61,false
218500000,1100438,1100288,0,1100288,218530100,1100589,1100439,0,1100439,30100,151,5016.61,false
218530100,1100589,1100439,0,1100439,218560200,1100740,1100590,0,1100590,30100,151,5016.61,false
218560200,1100740,1100590,0,1100590,218590300,1100891,1100741,0,1100741,30100,151,5016.61,false
218590300,1100891,1100741,0,1100741,218620400,1101042,1100892,0,1100892,30100,151,5016.61,false
218620400,1101042,1100892,0,1100892,218650500,1101193,1101043,0,1101043,30100,151,5016.61,false
218650500,1101193,1101043,0,1101043,218680600,1101344,1101194,0,1101194,30100,151,5016.61,false
218680600,1101344,1101194,0,1101194,218710700,1101495,1101345,0,1101345,30100,151,5016.61,false
218710700,1101495,1101345,0,1101345,218740800,1101646,1101496,0,1101496,30100,151,5016.61,false
218740800,1101646,1101496,0,1101496,218770900,1101797,1101647,0,1101647,30100,151,5016.61,false
218770900,1101797,1101647,0,1101647,218801000,1101948,1101798,0,1101798,30100,151,5016.61,false
218801000,1101948,1101798,0,1101798,218831100,1102099,1101949,0,1101949,30100,151,5016.61,false
218831100,1102099,1101949,0,1101949,218861200,1102250,1102100,0,1102100,30100,151,5016.61,false
218861200,1102250,1102100,0,1102100,218891300,1102401,1102251,0,1102251,30100,151,5016.61,false
218891300,1102401,1102251,0,1102251,218921400,1102552,1102402,0,1102402,30100,151,5016.61,false
218921400,1102552,1102402,0,1102402,218951500,1102703,1102553,0,1102553,30100,151,5016.61,false
218951500,1102703,1102553,0,1102553,218981600,1102854,1102704,0,1102704,30100,151,5016.61,false
218981600,1102854,1102704,0,1102704,219011700,1103005,1102855,0,1102855,30100,151,5016.61,false
219011700,1103005,1102855,0,1102855,219041800,1103156,1103006,0,1103006,30100,151,5016.61,false
219041800,1103156,1103006,0,1103006,219071900,1103307,1103157,0,1103157,30100,151,5016.61,false
219071900,1103307,1103157,0,1103157,219102000,1103458,1103308,0,1103308,30100,151,5016.61,false
219102000,1103458,1103308,0,1103308,219132100,1103609,1103459,0,1103459,30100,151,5016.61,false
219132100,1103609,1103459,0,1103459,219162200,1103760,1103610,0,1103610,30100,151,5016.61,false
219162200,1103760,1103610,0,1103610,219192300,1103911,1103761,0,1103761,30100,151,5016.61,false
219192300,1103911,1103761,0,1103761,219222400,1104062,1103912,0,1103912,30100,151,5016.61,false
219222400,1104062,1103912,0,1103912,219252500,1104213,1104063,0,1104063,30100,151,5016.61,false
219252500,1104213,1104063,0,1104063,219282600,1104364,1104214,0,1104214,30100,151,5016.61,false
219282600,1104364,1104214,0,1104214,219312700,1104515,1104365,0,1104365,30100,151,5016.61,false
219312700,1104515,1104365,0,1104365,219342800,1104666,1104516,0,1104516,30100,151,5016.61,false
219342800,1104666,1104516,0,1104516,219372900,1104817,1104667,0,1104667,30100,151,5016.61,false
219372900,1104817,1104667,0,1104667,219403000,1104968,1104818,0,1104818,30100,151,5016.61,false
219403000,1104968,1104818,0,1104818,219433100,1105119,1104969,0,1104969,30100,151,5016.61,false
219433100,1105119,1104969,0,1104969,219463200,1105270,1105120,0,1105120,30100,151,5016.61,false
219463200,1105270,1105120,0,1105120,219493300,1105421,1105271,0,1105271,30100,151,5016.61,false
219493300,1105421,1105271,0,1105271,219523400,1105572,1105422,0,1105422,30100,151,5016.61,false
219523400,1105572,1105422,0,1105422,219553500,1105723,1105573,0,1105573,30100,151,5016.61,false
219553500,1105723,1105573,0,1105573,219583600,1105874,1105724,0,1105724,30100,151,5016.61,false
219583600,1105874,1105724,0,1105724,219613700,1106025,1105875,0,1105875,30100,151,5016.61,false
219613700,1106025,1105875,0,1105875,219643800,1106176,1106026,0,1106026,30100,151,5016.61,false
219643800,1106176,1106026,0,1106026,219673900,1106327,1106177,0,1106177,30100,151,5016.61,false
219673900,1106327,1106177,0,1106177,219704000,1106478,1106328,0,1106328,30100,151,5016.61,false
219704000,1106478,1106328,0,1106328,219734100,1106629,1106479,0,1106479,30100,151,5016.61,false
219734100,1106629,1106479,0,1106479,219764200,1106780,1106630,0,1106630,30100,151,5016.61,false
219764200,1106780,1106630,0,1106630,219794300,1106931,1106781,0,1106781,30100,151,5016.61,false
219794300,1106931,1106781,0,1106781,219824400,1107082,1106932,0,1106932,30100,151,5016.61,false
219824400,1107082,1106932,0,1106932,219854500,1107233,1107083,0,1107083,30100,151,5016.61,false
219854500,1107233,1107083,0,1107083,219884600,1107384,1107234,0,1107234,30100,151,5016.61,false
219884600,1107384,1107234,0,1107234,219914700,1107535,1107385,0,1107385,30100,151,5016.61,false
219914700,1107535,1107385,0,1107385,219944800,1107686,1107536,0,1107536,30100,151,5016.61,false
219944800,1107686,1107536,0,1107536,219974900,1107837,1107687,0,1107687,30100,151,5016.61,false
219974900,1107837,1107687,0,1107687,220005000,1107988,1107838,0,1107838,30100,151,5016.61,false
220005000,1107988,1107838,0,1107838,220035100,1108139,1107989,0,1107989,30100,151,5016.61,false
220035100,1108139,1107989,0,1107989,220065200,1108290,1108140,0,1108140,30100,151,5016.61,false
220065200,1108290,1108140,0,1108140,220095300,1108441,1108291,0,1108291,30100,151,5016.61,false
220095300,1108441,1108291,0,1108291,220125400,1108592,1108442,0,1108442,30100,151,5016.61,false
220125400,1108592,1108442,0,1108442,220155500,1108743,1108593,0,1108593,30100,151,5016.61,false
220155600,1108744,1108594,0,1108594,220185700,1108895,1108745,0,1108745,30100,151,5016.61,false
220185700,1108895,1108745,0,1108745,220215800,1109046,1108896,0,1108896,30100,151,5016.61,false
220215800,1109046,1108896,0,1108896,220245900,1109197,1109047,0,1109047,30100,151,5016.61,false
220245900,1109197,1109047,0,1109047,220276000,1109348,1109198,0,1109198,30100,151,5016.61,false
220276000,1109348,1109198,0,1109198,220306100,1109499,1109349,0,1109349,30100,151,5016.61,false
220306100,1109499,1109349,0,1109349,220336200,1109650,1109500,0,1109500,30100,151,5016.61,false
220336200,1109650,1109500,0,1109500,220366300,1109801,1109651,0,1109651,30100,151,5016.61,false
220366300,1109801,1109651,0,1109651,220396400,1109952,1109802,0,1109802,30100,151,5016.61,false
220396400,1109952,1109802,0,1109802,220426500,1110103,1109953,0,1109953,30100,151,5016.61,false
220426500,1110103,1109953,0,1109953,220456600,1110254,1110104,0,1110104,30100,151,5016.61,false
220456600,1110254,1110104,0,1110104,220486700,1110405,1110255,0,1110255,30100,151,5016.61,false
220486700,1110405,1110255,0,1110255,220516800,1110556,1110406,0,1110406,30100,151,5016.61,false
220516800,1110556,1110406,0,1110406,220546900,1111111,1110557,0,1110557,30100,151,5016.61,true
220546900,1111111,1110557,0,1110557,220617400,1111666,1111112,0,1111112,70500,555,7872.34,true
220617400,1111666,1111112,0,1111112,220687900,1111857,1111667,0,1111667,70500,555,7872.34,true
220687900,1111857,1111667,0,1111667,220722000,1112008,1111858,0,1111858,34100,191,5601.17,true
220722000,1112008,1111858,0,1111858,220752100,1112159,1112009,0,1112009,30100,151,5016.61,false
220752100,1112159,1112009,0,1112009,220782200,1112310,1112160,0,1112160,30100,151,5016.61,false
220782200,1112310,1112160,0,1112160,220812300,1112461,1112311,0,1112311,30100,151,5016.61,false
220812300,1112461,1112311,0,1112311,220842400,1112612,1112462,0,1112462,30100,151,5016.61,false
220842400,1112612,1112462,0,1112462,220872500,1112763,1112613,0,1112613,30100,151,5016.61,false
220872500,1112763,1112613,0,1112613,220902600,1112914,1112764,0,1112764,30100,151,5016.61,false
220902600,1112914,1112764,0,1112764,220932700,1113065,1112915,0,1112915,30100,151,5016.61,false
220932700,1113065,1112915,0,1112915,220962800,1113216,1113066,0,1113066,30100,151,5016.61,false
220962800,1113216,1113066,0,1113066,220992900,1113367,1113217,0,1113217,30100,151,5016.61,false
220992900,1113367,1113217,0,1113217,221023000,1113518,1113368,0,1113368,30100,151,5016.61,false
221023000,1113518,1113368,0,1113368,221053100,1113669,1113519,0,1113519,30100,151,5016.61,false
221053100,1113669,1113519,0,1113519,221083200,1113820,1113670,0,1113670,30100,151,5016.61,false
221083200,1113820,1113670,0,1113670,221113300,1113971,1113821,0,1113821,30100,151,5016.61,false
221113300,1113971,1113821,0,1113821,221143400,1114122,1113972,0,1113972,30100,151,5016.61,false
221143400,1114122,1113972,0,1113972,221213600,1114273,1114123,0,1114123,70200,151,2151.00,false
221213600,1114273,1114123,0,1114123,221283800,1114424,1114274,0,1114274,70200,151,2151.00,false
221283800,1114424,1114274,0,1114274,221318100,1114575,1114425,0,1114425,34300,151,4402.33,false
221318100,1114575,1114425,0,1114425,221348200,1114726,1114576,0,1114576,30100,151,5016.61,false
221348200,1114726,1114576,0,1114576,221378300,1114877,1114727,0,1114727,30100,151,5016.61,false
221378300,1114877,1114727,0,1114727,221408400,1115028,1114878,0,1114878,30100,151,5016.61,false
221408400,1115028,1114878,0,1114878,221438500,1115179,1115029,0,1115029,30100,151,5016.61,false
221438500,1115179,1115029,0,1115029,221468600,1115330,1115180,0,1115180,30100,151,5016.61,false
221468600,1115330,1115180,0,1115180,221498700,1115481,1115331,0,1115331,30100,151,5016.61,false
221498700,1115481,1115331,0,1115331,221528800,1115632,1115482,0,1115482,30100,151,5016.61,false
221528800,1115632,1115482,0,1115482,221558900,1115783,1115633,0,1115633,30100,151,5016.61,false
221558900,1115783,1115633,0,1115633,221589000,1115934,1115784,0,1115784,30100,151,5016.61,false
221589000,1115934,1115784,0,1115784,221619100,1116085,1115935,0,1115935,30100,151,5016.61,false
221619100,1116085,1115935,0,1115935,221649200,1116236,1116086,0,1116086,30100,151,5016.61,false
221649200,1116236,1116086,0,1116086,221679300,1116387,1116237,0,1116237,30100,151,5016.61,false
221679300,1116387,1116237,0,1116237,221709400,1116538,1116388,0,1116388,30100,151,5016.61,false
221709400,1116538,1116388,0,1116388,221739500,1116689,1116539,0,1116539,30100,151,5016.61,false
221739500,1116689,1116539,0,1116539,221769600,1116840,1116690,0,1116690,30100,151,5016.61,false
221769600,1116840,1116690,0,1116690,221799700,1116991,1116841,0,1116841,30100,151,5016.61,false
221799700,1116991,1116841,0,1116841,221829800,1117142,1116992,0,1116992,30100,151,5016.61,false
221829800,1117142,1116992,0,1116992,221859900,1117293,1117143,0,1117143,30100,151,5016.61,false
221859900,1117293,1117143,0,1117143,221890000,1117444,1117294,0,1117294,30100,151,5016.61,false
221890000,1117444,1117294,0,1117294,221920100,1117595,1117445,0,1117445,30100,151,5016.61,false
221920100,1117595,1117445,0,1117445,221950200,1117746,1117596,0,1117596,30100,151,5016.61,false
221950200,1117746,1117596,0,1117596,221980300,1117897,1117747,0,1117747,30100,151,5016.61,false
221980300,1117897,1117747,0,1117747,222010400,1118048,1117898,0,1117898,30100,151,5016.61,false
222010400,1118048,1117898,0,1117898,222040500,1118199,1118049,0,1118049,30100,151,5016.61,false
222040500,1118199,1118049,0,1118049,222070600,1118350,1118200,0,1118200,30100,151,5016.61,false
222070600,1118350,1118200,0,1118200,222100700,1118501,1118351,0,1118351,30100,151,5016.61,false
222100700,1118501,1118351,0,1118351,222130800,1118652,1118502,0,1118502,30100,151,5016.61,false
222130800,1118652,1118502,0,1118502,222160900,1118803,1118653,0,1118653,30100,151,5016.61,false
222160900,1118803,1118653,0,1118653,222191000,1118954,1118804,0,1118804,30100,151,5016.61,false
222191000,1118954,1118804,0,1118804,222221100,1119105,1118955,0,1118955,30100,151,5016.61,false
222221100,1119105,1118955,0,1118955,222251200,1119256,1119106,0,1119106,30100,151,5016.61,false
222251200,1119256,1119106,0,1119106,222281300,1119407,1119257,0,1119257,30100,151,5016.61,false
222281300,1119407,1119257,0,1119257,222311400,1119558,1119408,0,1119408,30100,151,5016.61,false
222311400,1119558,1119408,0,1119408,222341500,1119709,1119559,0,1119559,30100,151,5016.61,false
222341500,1119709,1119559,0,1119559,222371600,1119860,1119710,0,1119710,30100,151,5016.61,false
222371600,1119860,1119710,0,1119710,222401700,1120011,1119861,0,1119861,30100,151,5016.61,false
222401700,1120011,1119861,0,1119861,222431800,1120162,1120012,0,1120012,30100,151,5016.61,false
222431800,1120162,1120012,0,1120012,222461900,1120313,1120163,0,1120163,30100,151,5016.61,false
222461900,1120313,1120163,0,1120163,222492000,1120464,1120314,0,1120314,30100,151,5016.61,false
222492000,1120464,1120314,0,1120314,222522100,1120615,1120465,0,1120465,30100,151,5016.61,false
222522100,1120615,1120465,0,1120465,222552200,1120766,1120616,0,1120616,30100,151,5016.61,false
222552200,1120766,1120616,0,1120616,222582300,1120917,1120767,0,1120767,30100,151,5016.61,false
222582300,1120917,1120767,0,1120767,222612400,1121068,1120918,0,1120918,30100,151,5016.61,false
222612400,1121068,1120918,0,1120918,222642500,1121219,1121069,0,1121069,30100,151,5016.61,false
222642500,1121219,1121069,0,1121069,222672600,1121370,1121220,0,1121220,30100,151,5016.61,false
222672600,1121370,1121220,0,1121220,222702700,1121521,1121371,0,1121371,30100,151,5016.61,false
222702700,1121521,1121371,0,1121371,222732800,1121672,1121522,0,1121522,30100,151,5016.61,false
222732800,1121672,1121522,0,1121522,222762900,1121823,1121673,0,1121673,30100,151,5016.61,false
222762900,1121823,1121673,0,1121673,222793000,1121974,1121824,0,1121824,30100,151,5016.61,false
222793000,1121974,1121824,0,1121824,222823100,1122125,1121975,0,1121975,30100,151,5016.61,false
222823100,1122125,1121975,0,1121975,222853200,1122276,1122126,0,1122126,30100,151,5016.61,false
222853200,1122276,1122126,0,1122126,222883300,1122427,1122277,0,1122277,30100,151,5016.61,false
222883300,1122427,1122277,0,1122277,222913400,1122578,1122428,0,1122428,30100,151,5016.61,false
222913400,1122578,1122428,0,1122428,222943500,1122729,1122579,0,1122579,30100,151,5016.61,false
222943500,1122729,1122579,0,1122579,222973600,1122880,1122730,0,1122730,30100,151,5016.61,false
222973600,1122880,1122730,0,1122730,223003700,1123031,1122881,0,1122881,30100,151,5016.61,false
223003700,1123031,1122881,0,1122881,223033800,1123182,1123032,0,1123032,30100,151,5016.61,false
223033800,1123182,1123032,0,1123032,223063900,1123333,1123183,0,1123183,30100,151,5016.61,false
223063900,1123333,1123183,0,1123183,223094000,1123484,1123334,0,1123334,30100,151,5016.61,false
223094000,1123484,1123334,0,1123334,223124100,1123635,1123485,0,1123485,30100,151,5016.61,false
223124100,1123635,1123485,0,1123485,223154200,1123786,1123636,0,1123636,30100,151,5016.61,false
223154200,1123786,1123636,0,1123636,223184300,1123937,1123787,0,1123787,30100,151,5016.61,false
223184300,1123937,1123787,0,1123787,223214400,1124088,1123938,0,1123938,30100,151,5016.61,false
223214400,1124088,1123938,0,1123938,223244500,1124239,1124089,0,1124089,30100,151,5016.61,false
223244500,1124239,1124089,0,1124089,223274600,1124390,1124240,0,1124240,30100,151,5016.61,false
223274600,1124390,1124240,0,1124240,223304700,1124541,1124391,0,1124391,30100,151,5016.61,false
223304700,1124541,1124391,0,1124391,223334800,1124692,1124542,0,1124542,30100,151,5016.61,false
223334800,1124692,1124542,0,1124542,223364900,1124843,1124693,0,1124693,30100,151,5016.61,false
223364900,1124843,1124693,0,1124693,223395000,1124994,1124844,0,1124844,30100,151,5016.61,false
223395000,1124994,1124844,0,1124844,223425100,1125145,1124995,0,1124995,30100,151,5016.61,false
223425100,1125145,1124995,0,1124995,223455200,1125296,1125146,0,1125146,30100,151,5016.61,false
223455200,1125296,1125146,0,1125146,223485300,1125447,1125297,0,1125297,30100,151,5016.61,false
223485300,1125447,1125297,0,1125297,223515400,1125598,1125448,0,1125448,30100,151,5016.61,false
223515400,1125598,1125448,0,1125448,223545500,1125749,1125599,0,1125599,30100,151,5016.61,false
223545500,1125749,1125599,0,1125599,223575600,1125900,1125750,0,1125750,30100,151,5016.61,false
223575600,1125900,1125750,0,1125750,223605700,1126051,1125901,0,1125901,30100,151,5016.61,false
223605700,1126051,1125901,0,1125901,223635800,1126202,1126052,0,1126052,30100,151,5016.61,false
223635800,1126202,1126052,0,1126052,223665900,1126353,1126203,0,1126203,30100,151,5016.61,false
223665900,1126353,1126203,0,1126203,223696000,1126504,1126354,0,1126354,30100,151,5016.61,false
223696000,1126504,1126354,0,1126354,223726100,1126655,1126505,0,1126505,30100,151,5016.61,false
223726100,1126655,1126505,0,1126505,223756200,1126806,1126656,0,1126656,30100,151,5016.61,false
223756200,1126806,1126656,0,1126656,223786300,1126957,1126807,0,1126807,30100,151,5016.61,false
223786300,1126957,1126807,0,1126807,223816400,1127108,1126958,0,1126958,30100,151,5016.61,false
223816400,1127108,1126958,0,1126958,223846500,1127259,1127109,0,1127109,30100,151,5016.61,false
223846500,1127259,1127109,0,1127109,223876600,1127410,1127260,0,1127260,30100,151,5016.61,false
223876600,1127410,1127260,0,1127260,223906700,1127561,1127411,0,1127411,30100,151,5016.61,false
223906700,1127561,1127411,0,1127411,223936800,1127712,1127562,0,1127562,30100,151,5016.61,false
223936800,1127712,1127562,0,1127562,223966900,1127863,1127713,0,1127713,30100,151,5016.61,false
223967000,1127864,1127714,0,1127714,223997100,1128015,1127865,0,1127865,30100,151,5016.61,false
223997100,1128015,1127865,0,1127865,224027200,1128166,1128016,0,1128016,30100,151,5016.61,false
224027200,1128166,1128016,0,1128016,224057300,1128317,1128167,0,1128167,30100,151,5016.61,false
224057300,1128317,1128167,0,1128167,224087400,1128468,1128318,0,1128318,30100,151,5016.61,false
224087400,1128468,1128318,0,1128318,224117500,1128619,1128469,0,1128469,30100,151,5016.61,false
224117500,1128619,1128469,0,1128469,224147600,1128770,1128620,0,1128620,30100,151,5016.61,false
224147600,1128770,1128620,0,1128620,224177700,1128921,1128771,0,1128771,30100,151,5016.61,false
224177700,1128921,1128771,0,1128771,224207800,1129072,1128922,0,1128922,30100,151,5016.61,false
224207800,1129072,1128922,0,1128922,224237900,1129223,1129073,0,1129073,30100,151,5016.61,false
224237900,1129223,1129073,0,1129073,224268000,1129374,1129224,0,1129224,30100,151,5016.61,false
224268000,1129374,1129224,0,1129224,224298100,1129525,1129375,0,1129375,30100,151,5016.61,false
224298100,1129525,1129375,0,1129375,224328200,1129676,1129526,0,1129526,30100,151,5016.61,false
224328200,1129676,1129526,0,1129526,224358300,1130231,1129677,0,1129677,30100,151,5016.61,true
224358300,1130231,1129677,0,1129677,224428800,1130786,1130232,0,1130232,70500,555,7872.34,true
224428800,1130786,1130232,0,1130232,224499300,1130977,1130787,0,1130787,70500,555,7872.34,true
224499300,1130977,1130787,0,1130787,224533400,1131128,1130978,0,1130978,34100,191,5601.17,true
224533400,1131128,1130978,0,1130978,224563500,1131279,1131129,0,1131129,30100,151,5016.61,false
224563500,1131279,1131129,0,1131129,224593600,1131430,1131280,0,1131280,30100,151,5016.61,false
224593600,1131430,1131280,0,1131280,224623700,1131581,1131431,0,1131431,30100,151,5016.61,false
224623700,1131581,1131431,0,1131431,224653800,1131732,1131582,0,1131582,30100,151,5016.61,false
224653800,1131732,1131582,0,1131582,224683900,1131883,1131733,0,1131733,30100,151,5016.61,false
224683900,1131883,1131733,0,1131733,224714000,1132034,1131884,0,1131884,30100,151,5016.61,false
224714000,1132034,1131884,0,1131884,224744100,1132185,1132035,0,1132035,30100,151,5016.61,false
224744100,1132185,1132035,0,1132035,224774200,1132336,1132186,0,1132186,30100,151,5016.61,false
224774200,1132336,1132186,0,1132186,224804300,1132487,1132337,0,1132337,30100,151,5016.61,false
224804300,1132487,1132337,0,1132337,224834400,1132638,1132488,0,1132488,30100,151,5016.61,false
224834400,1132638,1132488,0,1132488,224864500,1132789,1132639,0,1132639,30100,151,5016.61,false
224864500,1132789,1132639,0,1132639,224894600,1132940,1132790,0,1132790,30100,151,5016.61,false
224894600,1132940,1132790,0,1132790,224924700,1133091,1132941,0,1132941,30100,151,5016.61,false
224924700,1133091,1132941,0,1132941,224954800,1133242,1133092,0,1133092,30100,151,5016.61,false
224954800,1133242,1133092,0,1133092,225025000,1133393,1133243,0,1133243,70200,151,2151.00,false
225025000,1133393,1133243,0,1133243,225095200,1133544,1133394,0,1133394,70200,151,2151.00,false
225095200,1133544,1133394,0,1133394,225129500,1133695,1133545,0,1133545,34300,151,4402.33,false
225129500,1133695,1133545,0,1133545,225159600,1133846,1133696,0,1133696,30100,151,5016.61,false
225159600,1133846,1133696,0,1133696,225189700,1133997,1133847,0,1133847,30100,151,5016.61,false
225189700,1133997,1133847,0,1133847,225219800,1134148,1133998,0,1133998,30100,151,5016.61,false
225219800,1134148,1133998,0,1133998,225249900,1134299,1134149,0,1134149,30100,151,5016.61,false
225249900,1134299,1134149,0,1134149,225280000,1134450,1134300,0,1134300,30100,151,5016.61,false
225280000,1134450,1134300,0,1134300,225310100,1134601,1134451,0,1134451,30100,151,5016.61,false
225310100,1134601,1134451,0,1134451,225340200,1134752,1134602,0,1134602,30100,151,5016.61,false
225340200,1134752,1134602,0,1134602,225370300,1134903,1134753,0,1134753,30100,151,5016.61,false
225370300,1134903,1134753,0,1134753,225400400,1135054,1134904,0,1134904,30100,151,5016.61,false
225400400,1135054,1134904,0,1134904,225430500,1135205,1135055,0,1135055,30100,151,5016.61,false
225430500,1135205,1135055,0,1135055,225460600,1135356,1135206,0,1135206,30100,151,5016.61,false
225460600,1135356,1135206,0,1135206,225490700,1135507,1135357,0,1135357,30100,151,5016.61,false
225490700,1135507,1135357,0,1135357,225520800,1135658,1135508,0,1135508,30100,151,5016.61,false
225520800,1135658,1135508,0,1135508,225550900,1135809,1135659,0,1135659,30100,151,5016.61,false
225550900,1135809,1135659,0,1135659,225581000,1135960,1135810,0,1135810,30100,151,5016.61,false
225581000,1135960,1135810,0,1135810,225611100,1136111,1135961,0,1135961,30100,151,5016.61,false
225611100,1136111,1135961,0,1135961,225641200,1136262,1136112,0,1136112,30100,151,5016.61,false
225641200,1136262,1136112,0,1136112,225671300,1136413,1136263,0,1136263,30100,151,5016.61,false
225671300,1136413,1136263,0,1136263,225701400,1136564,1136414,0,1136414,30100,151,5016.61,false
225701400,1136564,1136414,0,1136414,225731500,1136715,1136565,0,1136565,30100,151,5016.61,false
225731500,1136715,1136565,0,1136565,225761600,1136866,1136716,0,1136716,30100,151,5016.61,false
225761600,1136866,1136716,0,1136716,225791700,1137017,1136867,0,1136867,30100,151,5016.61,false
225791700,1137017,1136867,0,1136867,225821800,1137168,1137018,0,1137018,30100,151,5016.61,false
225821800,1137168,1137018,0,1137018,225851900,1137319,1137169,0,1137169,30100,151,5016.61,false
225851900,1137319,1137169,0,1137169,225882000,1137470,1137320,0,1137320,30100,151,5016.61,false
225882000,1137470,1137320,0,1137320,225912100,1137621,1137471,0,1137471,30100,151,5016.61,false
225912100,1137621,1137471,0,1137471,225942200,1137772,1137622,0,1137622,30100,151,5016.61,false
225942200,1137772,1137622,0,1137622,225972300,1137923,1137773,0,1137773,30100,151,5016.61,false
225972300,1137923,1137773,0,1137773,226002400,1138074,1137924,0,1137924,30100,151,5016.61,false
226002400,1138074,1137924,0,1137924,226032500,1138225,1138075,0,1138075,30100,151,5016.61,false
226032500,1138225,1138075,0,1138075,226062600,1138376,1138226,0,1138226,30100,151,5016.61,false
226062600,1138376,1138226,0,1138226,226092700,1138527,1138377,0,1138377,30100,151,5016.61,false
226092700,1138527,1138377,0,1138377,226122800,1138678,1138528,0,1138528,30100,151,5016.61,false
226122800,1138678,1138528,0,1138528,226152900,1138829,1138679,0,1138679,30100,151,5016.61,false
226152900,1138829,1138679,0,1138679,226183000,1138980,1138830,0,1138830,30100,151,5016.61,false
226183000,1138980,1138830,0,1138830,226213100,1139131,1138981,0,1138981,30100,151,5016.61,false
226213100,1139131,1138981,0,1138981,226243200,1139282,1139132,0,1139132,30100,151,5016.61,false
226243200,1139282,1139132,0,1139132,226273300,1139433,1139283,0,1139283,30100,151,5016.61,false
226273300,1139433,1139283,0,1139283,226303400,1139584,1139434,0,1139434,30100,151,5016.61,false
226303400,1139584,1139434,0,1139434,226333500,1139735,1139585,0,1139585,30100,151,5016.61,false
226333500,1139735,1139585,0,1139585,226363600,1139886,1139736,0,1139736,30100,151,5016.61,false
226363600,1139886,1139736,0,1139736,226393700,1140037,1139887,0,1139887,30100,151,5016.61,false
226393700,1140037,1139887,0,1139887,226423800,1140188,1140038,0,1140038,30100,151,5016.61,false
226423800,1140188,1140038,0,1140038,226453900,1140339,1140189,0,1140189,30100,151,5016.61,false
226453900,1140339,1140189,0,1140189,226484000,1140490,1140340,0,1140340,30100,151,5016.61,false
226484000,1140490,1140340,0,1140340,226514100,1140641,1140491,0,1140491,30100,151,5016.61,false
226514100,1140641,1140491,0,1140491,226544200,1140792,1140642,0,1140642,30100,151,5016.61,false
226544200,1140792,1140642,0,1140642,226574300,1140943,1140793,0,1140793,30100,151,5016.61,false
226574300,1140943,1140793,0,1140793,226604400,1141094,1140944,0,1140944,30100,151,5016.61,false
226604400,1141094,1140944,0,1140944,226634500,1141245,1141095,0,1141095,30100,151,5016.61,false
226634500,1141245,1141095,0,1141095,226664600,1141396,1141246,0,1141246,30100,151,5016.61,false
226664600,1141396,1141246,0,1141246,226694700,1141547,1141397,0,1141397,30100,151,5016.61,false
226694700,1141547,1141397,0,1141397,226724800,1141698,1141548,0,1141548,30100,151,5016.61,false
226724800,1141698,1141548,0,1141548,226754900,1141849,1141699,0,1141699,30100,151,5016.61,false
226754900,1141849,1141699,0,1141699,226785000,1142000,1141850,0,1141850,30100,151,5016.61,false
226785000,1142000,1141850,0,1141850,226815100,1142151,1142001,0,1142001,30100,151,5016.61,false
226815100,1142151,1142001,0,1142001,226845200,1142302,1142152,0,1142152,30100,151,5016.61,false
226845200,1142302,1142152,0,1142152,226875300,1142453,1142303,0,1142303,30100,151,5016.61,false
226875300,1142453,1142303,0,1142303,226905400,1142604,1142454,0,1142454,30100,151,5016.61,false
226905400,1142604,1142454,0,1142454,226935500,1142755,1142605,0,1142605,30100,151,5016.61,false
226935500,1142755,1142605,0,1142605,226965600,1142906,1142756,0,1142756,30100,151,5016.61,false
226965600,1142906,1142756,0,1142756,226995700,1143057,1142907,0,1142907,30100,151,5016.61,false
226995700,1143057,1142907,0,1142907,227025800,1143208,1143058,0,1143058,30100,151,5016.61,false
227025800,1143208,1143058,0,1143058,227055900,1143359,1143209,0,1143209,30100,151,5016.61,false
227055900,1143359,1143209,0,1143209,227086000,1143510,1143360,0,1143360,30100,151,5016.61,false
227086000,1143510,1143360,0,1143360,227116100,1143661,1143511,0,1143511,30100,151,5016.61,false
227116100,1143661,1143511,0,1143511,227146200,1143812,1143662,0,1143662,30100,151,5016.61,false
227146200,1143812,1143662,0,1143662,227176300,1143963,1143813,0,1143813,30100,151,5016.61,false
227176300,1143963,1143813,0,1143813,227206400,1144114,1143964,0,1143964,30100,151,5016.61,false
227206400,1144114,1143964,0,1143964,227236500,1144265,1144115,0,1144115,30100,151,5016.61,false
227236500,1144265,1144115,0,1144115,227266600,1144416,1144266,0,1144266,30100,151,5016.61,false
227266600,1144416,1144266,0,1144266,227296700,1144567,1144417,0,1144417,30100,151,5016.61,false
227296700,1144567,1144417,0,1144417,227326800,1144718,1144568,0,1144568,30100,151,5016.61,false
227326800,1144718,1144568,0,1144568,227356900,1144869,1144719,0,1144719,30100,151,5016.61,false
227356900,1144869,1144719,0,1144719,227387000,1145020,1144870,0,1144870,30100,151,5016.61,false
227387000,1145020,1144870,0,1144870,227417100,1145171,1145021,0,1145021,30100,151,5016.61,false
227417100,1145171,1145021,0,1145021,227447200,1145322,1145172,0,1145172,30100,151,5016.61,false
227447200,1145322,1145172,0,1145172,227477300,1145473,1145323,0,1145323,30100,151,5016.61,false
227477300,1145473,1145323,0,1145323,227507400,1145624,1145474,0,1145474,30100,151,5016.61,false
227507400,1145624,1145474,0,1145474,227537500,1145775,1145625,0,1145625,30100,151,5016.61,false
227537500,1145775,1145625,0,1145625,227567600,1145926,1145776,0,1145776,30100,151,5016.61,false
227567600,1145926,1145776,0,1145776,227597700,1146077,1145927,0,1145927,30100,151,5016.61,false
227597700,1146077,1145927,0,1145927,227627800,1146228,1146078,0,1146078,30100,151,5016.61,false
227627800,1146228,1146078,0,1146078,227657900,1146379,1146229,0,1146229,30100,151,5016.61,false
227657900,1146379,1146229,0,1146229,227688000,1146530,1146380,0,1146380,30100,151,5016.61,false
227688000,1146530,1146380,0,1146380,227718100,1146681,1146531,0,1146531,30100,151,5016.61,false
227718100,1146681,1146531,0,1146531,227748200,1146832,1146682,0,1146682,30100,151,5016.61,false
227748200,1146832,1146682,0,1146682,227778300,1146983,1146833,0,1146833,30100,151,5016.61,false
227778400,1146984,1146834,0,1146834,227808500,1147135,1146985,0,1146985,30100,151,5016.61,false
227808500,1147135,1146985,0,1146985,227838600,1147286,1147136,0,1147136,30100,151,5016.61,false
227838600,1147286,1147136,0,1147136,227868700,1147437,1147287,0,1147287,30100,151,5016.61,false
227868700,1147437,1147287,0,1147287,227898800,1147588,1147438,0,1147438,30100,151,5016.61,false
227898800,1147588,1147438,0,1147438,227928900,1147739,1147589,0,1147589,30100,151,5016.61,false
227928900,1147739,1147589,0,1147589,227959000,1147890,1147740,0,1147740,30100,151,5016.61,false
227959000,1147890,1147740,0,1147740,227989100,1148041,1147891,0,1147891,30100,151,5016.61,false
227989100,1148041,1147891,0,1147891,228019200,1148192,1148042,0,1148042,30100,151,5016.61,false
228019200,1148192,1148042,0,1148042,228049300,1148343,1148193,0,1148193,30100,151,5016.61,false
228049300,1148343,1148193,0,1148193,228079400,1148494,1148344,0,1148344,30100,151,5016.61,false
228079400,1148494,1148344,0,1148344,228109500,1148645,1148495,0,1148495,30100,151,5016.61,false
228109500,1148645,1148495,0,1148495,228139600,1148796,1148646,0,1148646,30100,151,5016.61,false
228139600,1148796,1148646,0,1148646,228169700,1149351,1148797,0,1148797,30100,151,5016.61,true
228169700,1149351,1148797,0,1148797,228240200,1149906,1149352,0,1149352,70500,555,7872.34,true
228240200,1149906,1149352,0,1149352,228310700,1150097,1149907,0,1149907,70500,555,7872.34,true
228310700,1150097,1149907,0,1149907,228344800,1150248,1150098,0,1150098,34100,191,5601.17,true
228344800,1150248,1150098,0,1150098,228374900,1150399,1150249,0,1150249,30100,151,5016.61,false
228374900,1150399,1150249,0,1150249,228405000,1150550,1150400,0,1150400,30100,151,5016.61,false
228405000,1150550,1150400,0,1150400,228435100,1150701,1150551,0,1150551,30100,151,5016.61,false
228435100,1150701,1150551,0,1150551,228465200,1150852,1150702,0,1150702,30100,151,5016.61,false
228465200,1150852,1150702,0,1150702,228495300,1151003,1150853,0,1150853,30100,151,5016.61,false
228495300,1151003,1150853,0,1150853,228525400,1151154,1151004,0,1151004,30100,151,5016.61,false
228525400,1151154,1151004,0,1151004,228555500,1151305,1151155,0,1151155,30100,151,5016.61,false
228555500,1151305,1151155,0,1151155,228585600,1151456,1151306,0,1151306,30100,151,5016.61,false
228585600,1151456,1151306,0,1151306,228615700,1151607,1151457,0,1151457,30100,151,5016.61,false
228615700,1151607,1151457,0,1151457,228645800,1151758,1151608,0,1151608,30100,151,5016.61,false
228645800,1151758,1151608,0,1151608,228675900,1151909,1151759,0,1151759,30100,151,5016.61,false
228675900,1151909,1151759,0,1151759,228706000,1152060,1151910,0,1151910,30100,151,5016.61,false
228706000,1152060,1151910,0,1151910,228736100,1152211,1152061,0,1152061,30100,151,5016.61,false
228736100,1152211,1152061,0,1152061,228766200,1152362,1152212,0,1152212,30100,151,5016.61,false
228766200,1152362,1152212,0,1152212,228836400,1152513,1152363,0,1152363,70200,151,2151.00,false
228836400,1152513,1152363,0,1152363,228906600,1152664,1152514,0,1152514,70200,151,2151.00,false
228906600,1152664,1152514,0,1152514,228940900,1152815,1152665,0,1152665,34300,151,4402.33,false
228940900,1152815,1152665,0,1152665,228971000,1152966,1152816,0,1152816,30100,151,5016.61,false
228971000,1152966,1152816,0,1152816,229001100,1153117,1152967,0,1152967,30100,151,5016.61,false
229001100,1153117,1152967,0,1152967,229031200,1153268,1153118,0,1153118,30100,151,5016.61,false
229031200,1153268,1153118,0,1153118,229061300,1153419,1153269,0,1153269,30100,151,5016.61,false
229061300,1153419,1153269,0,1153269,229091400,1153570,1153420,0,1153420,30100,151,5016.61,false
229091400,1153570,1153420,0,1153420,229121500,1153721,1153571,0,1153571,30100,151,5016.61,false
229121500,1153721,1153571,0,1153571,229151600,1153872,1153722,0,1153722,30100,151,5016.61,false
229151600,1153872,1153722,0,1153722,229181700,1154023,1153873,0,1153873,30100,151,5016.61,false
229181700,1154023,1153873,0,1153873,229211800,1154174,1154024,0,1154024,30100,151,5016.61,false
229211800,1154174,1154024,0,1154024,229241900,1154325,1154175,0,1154175,30100,151,5016.61,false
229241900,1154325,1154175,0,1154175,229272000,1154476,1154326,0,1154326,30100,151,5016.61,false
229272000,1154476,1154326,0,1154326,229302100,1154627,1154477,0,1154477,30100,151,5016.61,false
229302100,1154627,1154477,0,1154477,229332200,1154778,1154628,0,1154628,30100,151,5016.61,false
229332200,1154778,1154628,0,1154628,229362300,1154929,1154779,0,1154779,30100,151,5016.61,false
229362300,1154929,1154779,0,1154779,229392400,1155080,1154930,0,1154930,30100,151,5016.61,false
229392400,1155080,1154930,0,1154930,229422500,1155231,1155081,0,1155081,30100,151,5016.61,false
229422500,1155231,1155081,0,1155081,229452600,1155382,1155232,0,1155232,30100,151,5016.61,false
229452600,1155382,1155232,0,1155232,229482700,1155533,1155383,0,1155383,30100,151,5016.61,false
229482700,1155533,1155383,0,1155383,229512800,1155684,1155534,0,1155534,30100,151,5016.61,false
229512800,1155684,1155534,0,1155534,229542900,1155835,1155685,0,1155685,30100,151,5016.61,false
229542900,1155835,1155685,0,1155685,229573000,1155986,1155836,0,1155836,30100,151,5016.61,false
229573000,1155986,1155836,0,1155836,229603100,1156137,1155987,0,1155987,30100,151,5016.61,false
229603100,1156137,1155987,0,1155987,229633200,1156288,1156138,0,1156138,30100,151,5016.61,false
229633200,1156288,1156138,0,1156138,229663300,1156439,1156289,0,1156289,30100,151,5016.61,false
229663300,1156439,1156289,0,1156289,229693400,1156590,1156440,0,1156440,30100,151,5016.61,false
229693400,1156590,1156440,0,1156440,229723500,1156741,1156591,0,1156591,30100,151,5016.61,false
229723500,1156741,1156591,0,1156591,229753600,1156892,1156742,0,1156742,30100,151,5016.61,false
229753600,1156892,1156742,0,1156742,229783700,1157043,1156893,0,1156893,30100,151,5016.61,false
229783700,1157043,1156893,0,1156893,229813800,1157194,1157044,0,1157044,30100,151,5016.61,false
229813800,1157194,1157044,0,1157044,229843900,1157345,1157195,0,1157195,30100,151,5016.61,false
229843900,1157345,1157195,0,1157195,229874000,1157496,1157346,0,1157346,30100,151,5016.61,false
229874000,1157496,1157346,0,1157346,229904100,1157647,1157497,0,1157497,30100,151,5016.61,false
229904100,1157647,1157497,0,1157497,229934200,1157798,1157648,0,1157648,30100,151,5016.61,false
229934200,1157798,1157648,0,1157648,229964300,1157949,1157799,0,1157799,30100,151,5016.61,false
229964300,1157949,1157799,0,1157799,229994400,1158100,1157950,0,1157950,30100,151,5016.61,false
229994400,1158100,1157950,0,1157950,230024500,1158251,1158101,0,1158101,30100,151,5016.61,false
230024500,1158251,1158101,0,1158101,230054600,1158402,1158252,0,1158252,30100,151,5016.61,false
230054600,1158402,1158252,0,1158252,230084700,1158553,1158403,0,1158403,30100,151,5016.61,false
230084700,1158553,1158403,0,1158403,230114800,1158704,1158554,0,1158554,30100,151,5016.61,false
230114800,1158704,1158554,0,1158554,230144900,1158855,1158705,0,1158705,30100,151,5016.61,false
230144900,1158855,1158705,0,1158705,230175000,1159006,1158856,0,1158856,30100,151,5016.61,false
230175000,1159006,1158856,0,1158856,230205100,1159157,1159007,0,1159007,30100,151,5016.61,false
230205100,1159157,1159007,0,1159007,230235200,1159308,1159158,0,1159158,30100,151,5016.61,false
230235200,1159308,1159158,0,1159158,230265300,1159459,1159309,0,1159309,30100,151,5016.61,false
230265300,1159459,1159309,0,1159309,230295400,1159610,1159460,0,1159460,30100,151,5016.61,false
230295400,1159610,1159460,0,1159460,230325500,1159761,1159611,0,1159611,30100,151,5016.61,false
230325500,1159761,1159611,0,1159611,230355600,1159912,1159762,0,1159762,30100,151,5016.61,false
230355600,1159912,1159762,0,1159762,230385700,1160063,1159913,0,1159913,30100,151,5016.61,false
230385700,1160063,1159913,0,1159913,230415800,1160214,1160064,0,1160064,30100,151,5016.61,false
230415800,1160214,1160064,0,1160064,230445900,1160365,1160215,0,1160215,30100,151,5016.61,false
230445900,1160365,1160215,0,1160215,230476000,1160516,1160366,0,1160366,30100,151,5016.61,false
230476000,1160516,1160366,0,1160366,230506100,1160667,1160517,0,1160517,30100,151,5016.61,false
230506100,1160667,1160517,0,1160517,230536200,1160818,1160668,0,1160668,30100,151,5016.61,false
230536200,1160818,1160668,0,1160668,230566300,1160969,1160819,0,1160819,30100,151,5016.61,false
230566300,1160969,1160819,0,1160819,230596400,1161120,1160970,0,1160970,30100,151,5016.61,false
230596400,1161120,1160970,0,1160970,230626500,1161271,1161121,0,1161121,30100,151,5016.61,false
230626500,1161271,1161121,0,1161121,230656600,1161422,1161272,0,1161272,30100,151,5016.61,false
230656600,1161422,1161272,0,1161272,230686700,1161573,1161423,0,1161423,30100,151,5016.61,false
230686700,1161573,1161423,0,1161423,230716800,1161724,1161574,0,1161574,30100,151,5016.61,false
230716800,1161724,1161574,0,1161574,230746900,1161875,1161725,0,1161725,30100,151,5016.61,false
230746900,1161875,1161725,0,1161725,230777000,1162026,1161876,0,1161876,30100,151,5016.61,false
230777000,1162026,1161876,0,1161876,230807100,1162177,1162027,0,1162027,30100,151,5016.61,false
230807100,1162177,1162027,0,1162027,230837200,1162328,1162178,0,1162178,30100,151,5016.61,false
230837200,1162328,1162178,0,1162178,230867300,1162479,1162329,0,1162329,30100,151,5016.61,false
230867300,1162479,1162329,0,1162329,230897400,1162630,1162480,0,1162480,30100,151,5016.61,false
230897400,1162630,1162480,0,1162480,230927500,1162781,1162631,0,1162631,30100,151,5016.61,false
230927500,1162781,1162631,0,1162631,230957600,1162932,1162782,0,1162782,30100,151,5016.61,false
230957600,1162932,1162782,0,1162782,230987700,1163083,1162933,0,1162933,30100,151,5016.61,false
230987700,1163083,1162933,0,1162933,231017800,1163234,1163084,0,1163084,30100,151,5016.61,false
231017800,1163234,1163084,0,1163084,231047900,1163385,1163235,0,1163235,30100,151,5016.61,false
231047900,1163385,1163235,0,1163235,231078000,1163536,1163386,0,1163386,30100,151,5016.61,false
231078000,1163536,1163386,0,1163386,231108100,1163687,1163537,0,1163537,30100,151,5016.61,false
231108100,1163687,1163537,0,1163537,231138200,1163838,1163688,0,1163688,30100,151,5016.61,false
231138200,1163838,1163688,0,1163688,231168300,1163989,1163839,0,1163839,30100,151,5016.61,false
231168300,1163989,1163839,0,1163839,231198400,1164140,1163990,0,1163990,30100,151,5016.61,false
231198400,1164140,1163990,0,1163990,231228500,1164291,1164141,0,1164141,30100,151,5016.61,false
231228500,1164291,1164141,0,1164141,231258600,1164442,1164292,0,1164292,30100,151,5016.61,false
231258600,1164442,1164292,0,1164292,231288700,1164593,1164443,0,1164443,30100,151,5016.61,false
231288700,1164593,1164443,0,1164443,231318800,1164744,1164594,0,1164594,30100,151,5016.61,false
231318800,1164744,1164594,0,1164594,231348900,1164895,1164745,0,1164745,30100,151,5016.61,false
231348900,1164895,1164745,0,1164745,231379000,1165046,1164896,0,1164896,30100,151,5016.61,false
231379000,1165046,1164896,0,1164896,231409100,1165197,1165047,0,1165047,30100,151,5016.61,false
231409100,1165197,1165047,0,1165047,231439200,1165348,1165198,0,1165198,30100,151,5016.61,false
231439200,1165348,1165198,0,1165198,231469300,1165499,1165349,0,1165349,30100,151,5016.61,false
231469300,1165499,1165349,0,1165349,231499400,1165650,1165500,0,1165500,30100,151,5016.61,false
231499400,1165650,1165500,0,1165500,231529500,1165801,1165651,0,1165651,30100,151,5016.61,false
231529500,1165801,1165651,0,1165651,231559600,1165952,1165802,0,1165802,30100,151,5016.61,false
231559600,1165952,1165802,0,1165802,231589700,1166103,1165953,0,1165953,30100,151,5016.61,false
231589800,1166104,1165954,0,1165954,231619900,1166255,1166105,0,1166105,30100,151,5016.61,false
231619900,1166255,1166105,0,1166105,231650000,1166406,1166256,0,1166256,30100,151,5016.61,false
231650000,1166406,1166256,0,1166256,231680100,1166557,1166407,0,1166407,30100,151,5016.61,false
231680100,1166557,1166407,0,1166407,231710200,1166708,1166558,0,1166558,30100,151,5016.61,false
231710200,1166708,1166558,0,1166558,231740300,1166859,1166709,0,1166709,30100,151,5016.61,false
231740300,1166859,1166709,0,1166709,231770400,1167010,1166860,0,1166860,30100,151,5016.61,false
231770400,1167010,1166860,0,1166860,231800500,1167161,1167011,0,1167011,30100,151,5016.61,false
231800500,1167161,1167011,0,1167011,231830600,1167312,1167162,0,1167162,30100,151,5016.61,false
231830600,1167312,1167162,0,1167162,231860700,1167463,1167313,0,1167313,30100,151,5016.61,false
231860700,1167463,1167313,0,1167313,231890800,1167614,1167464,0,1167464,30100,151,5016.61,false
231890800,1167614,1167464,0,1167464,231920900,1167765,1167615,0,1167615,30100,151,5016.61,false
231920900,1167765,1167615,0,1167615,231951000,1167916,1167766,0,1167766,30100,151,5016.61,false
231951000,1167916,1167766,0,1167766,231981100,1168471,1167917,0,1167917,30100,151,5016.61,true
231981100,1168471,1167917,0,1167917,232051600,1169026,1168472,0,1168472,70500,555,7872.34,true
232051600,1169026,1168472,0,1168472,232122100,1169217,1169027,0,1169027,70500,555,7872.34,true
232122100,1169217,1169027,0,1169027,232156200,1169368,1169218,0,1169218,34100,191,5601.17,true
232156200,1169368,1169218,0,1169218,232186300,1169519,1169369,0,1169369,30100,151,5016.61,false
232186300,1169519,1169369,0,1169369,232216400,1169670,1169520,0,1169520,30100,151,5016.61,false
232216400,1169670,1169520,0,1169520,232246500,1169821,1169671,0,1169671,30100,151,5016.61,false
232246500,1169821,1169671,0,1169671,232276600,1169972,1169822,0,1169822,30100,151,5016.61,false
232276600,1169972,1169822,0,1169822,232306700,1170123,1169973,0,1169973,30100,151,5016.61,false
232306700,1170123,1169973,0,1169973,232336800,1170274,1170124,0,1170124,30100,151,5016.61,false
232336800,1170274,1170124,0,1170124,232366900,1170425,1170275,0,1170275,30100,151,5016.61,false
232366900,1170425,1170275,0,1170275,232397000,1170576,1170426,0,1170426,30100,151,5016.61,false
232397000,1170576,1170426,0,1170426,232427100,1170727,1170577,0,1170577,30100,151,5016.61,false
232427100,1170727,1170577,0,1170577,232457200,1170878,1170728,0,1170728,30100,151,5016.61,false
232457200,1170878,1170728,0,1170728,232487300,1171029,1170879,0,1170879,30100,151,5016.61,false
232487300,1171029,1170879,0,1170879,232517400,1171180,1171030,0,1171030,30100,151,5016.61,false
232517400,1171180,1171030,0,1171030,232547500,1171331,1171181,0,1171181,30100,151,5016.61,false
232547500,1171331,1171181,0,1171181,232577600,1171482,1171332,0,1171332,30100,151,5016.61,false
232577600,1171482,1171332,0,1171332,232647800,1171633,1171483,0,1171483,70200,151,2151.00,false
232647800,1171633,1171483,0,1171483,232718000,1171784,1171634,0,1171634,70200,151,2151.00,false
232718000,1171784,1171634,0,1171634,232752300,1171935,1171785,0,1171785,34300,151,4402.33,false
232752300,1171935,1171785,0,1171785,232782400,1172086,1171936,0,1171936,30100,151,5016.61,false
232782400,1172086,1171936,0,1171936,232812500,1172237,1172087,0,1172087,30100,151,5016.61,false
232812500,1172237,1172087,0,1172087,232842600,1172388,1172238,0,1172238,30100,151,5016.61,false
232842600,1172388,1172238,0,1172238,232872700,1172539,1172389,0,1172389,30100,151,5016.61,false
232872700,1172539,1172389,0,1172389,232902800,1172690,1172540,0,1172540,30100,151,5016.61,false
232902800,1172690,1172540,0,1172540,232932900,1172841,1172691,0,1172691,30100,151,5016.61,false
232932900,1172841,1172691,0,1172691,232963000,1172992,1172842,0,1172842,30100,151,5016.61,false
232963000,1172992,1172842,0,1172842,232993100,1173143,1172993,0,1172993,30100,151,5016.61,false
232993100,1173143,1172993,0,1172993,233023200,1173294,1173144,0,1173144,30100,151,5016.61,false
233023200,1173294,1173144,0,1173144,233053300,1173445,1173295,0,1173295,30100,151,5016.61,false
233053300,1173445,1173295,0,1173295,233083400,1173596,1173446,0,1173446,30100,151,5016.61,false
233083400,1173596,1173446,0,1173446,233113500,1173747,1173597,0,1173597,30100,151,5016.61,false
233113500,1173747,1173597,0,1173597,233143600,1173898,1173748,0,1173748,30100,151,5016.61,false
233143600,1173898,1173748,0,1173748,233173700,1174049,1173899,0,1173899,30100,151,5016.61,false
233173700,1174049,1173899,0,1173899,233203800,1174200,1174050,0,1174050,30100,151,5016.61,false
233203800,1174200,1174050,0,1174050,233233900,1174351,1174201,0,1174201,30100,151,5016.61,false
233233900,1174351,1174201,0,1174201,233264000,1174502,1174352,0,1174352,30100,151,5016.61,false
233264000,1174502,1174352,0,1174352,233294100,1174653,1174503,0,1174503,30100,151,5016.61,false
233294100,1174653,1174503,0,1174503,233324200,1174804,1174654,0,1174654,30100,151,5016.61,false
233324200,1174804,1174654,0,1174654,233354300,1174955,1174805,0,1174805,30100,151,5016.61,false
233354300,1174955,1174805,0,1174805,233384400,1175106,1174956,0,1174956,30100,151,5016.61,false
233384400,1175106,1174956,0,1174956,233414500,1175257,1175107,0,1175107,30100,151,5016.61,false
233414500,1175257,1175107,0,1175107,233444600,1175408,1175258,0,1175258,30100,151,5016.61,false
233444600,1175408,1175258,0,1175258,233474700,1175559,1175409,0,1175409,30100,151,5016.61,false
233474700,1175559,1175409,0,1175409,233504800,1175710,1175560,0,1175560,30100,151,5016.61,false
233504800,1175710,1175560,0,1175560,233534900,1175861,1175711,0,1175711,30100,151,5016.61,false
233534900,1175861,1175711,0,1175711,233565000,1176012,1175862,0,1175862,30100,151,5016.61,false
233565000,1176012,1175862,0,1175862,233595100,1176163,1176013,0,1176013,30100,151,5016.61,false
233595100,1176163,1176013,0,1176013,233625200,1176314,1176164,0,1176164,30100,151,5016.61,false
233625200,1176314,1176164,0,1176164,233655300,1176465,1176315,0,1176315,30100,151,5016.61,false
233655300,1176465,1176315,0,1176315,233685400,1176616,1176466,0,1176466,30100,151,5016.61,false
233685400,1176616,1176466,0,1176466,233715500,1176767,1176617,0,1176617,30100,151,5016.61,false
233715500,1176767,1176617,0,1176617,233745600,1176918,1176768,0,1176768,30100,151,5016.61,false
233745600,1176918,1176768,0,1176768,233775700,1177069,1176919,0,1176919,30100,151,5016.61,false
233775700,1177069,1176919,0,1176919,233805800,1177220,1177070,0,1177070,30100,151,5016.61,false
233805800,1177220,1177070,0,1177070,233835900,1177371,1177221,0,1177221,30100,151,5016.61,false
233835900,1177371,1177221,0,1177221,233866000,1177522,1177372,0,1177372,30100,151,5016.61,false
233866000,1177522,1177372,0,1177372,233896100,1177673,1177523,0,1177523,30100,151,5016.61,false
233896100,1177673,1177523,0,1177523,233926200,1177824,1177674,0,1177674,30100,151,5016.61,false
233926200,1177824,1177674,0,1177674,233956300,1177975,1177825,0,1177825,30100,151,5016.61,false
233956300,1177975,1177825,0,1177825,233986400,1178126,1177976,0,1177976,30100,151,5016.61,false
233986400,1178126,1177976,0,1177976,234016500,1178277,1178127,0,1178127,30100,151,5016.61,false
234016500,1178277,1178127,0,1178127,234046600,1178428,1178278,0,1178278,30100,151,5016.61,false
234046600,1178428,1178278,0,1178278,234076700,1178579,1178429,0,1178429,30100,151,5016.61,false
234076700,1178579,1178429,0,1178429,234106800,1178730,1178580,0,1178580,30100,151,5016.61,false
234106800,1178730,1178580,0,1178580,234136900,1178881,1178731,0,1178731,30100,151,5016.61,false
234136900,1178881,1178731,0,1178731,234167000,1179032,1178882,0,1178882,30100,151,5016.61,false
234167000,1179032,1178882,0,1178882,234197100,1179183,1179033,0,1179033,30100,151,5016.61,false
234197100,1179183,1179033,0,1179033,234227200,1179334,1179184,0,1179184,30100,151,5016.61,false
234227200,1179334,1179184,0,1179184,234257300,1179485,1179335,0,1179335,30100,151,5016.61,false
234257300,1179485,1179335,0,1179335,234287400,1179636,1179486,0,1179486,30100,151,5016.61,false
234287400,1179636,1179486,0,1179486,234317500,1179787,1179637,0,1179637,30100,151,5016.61,false
234317500,1179787,1179637,0,1179637,234347600,1179938,1179788,0,1179788,30100,151,5016.61,false
234347600,1179938,1179788,0,1179788,234377700,1180089,1179939,0,1179939,30100,151,5016.61,false
234377700,1180089,1179939,0,1179939,234407800,1180240,1180090,0,1180090,30100,151,5016.61,false
234407800,1180240,1180090,0,1180090,234437900,1180391,1180241,0,1180241,30100,151,5016.61,false
234437900,1180391,1180241,0,1180241,234468000,1180542,1180392,0,1180392,30100,151,5016.61,false
234468000,1180542,1180392,0,1180392,234498100,1180693,1180543,0,1180543,30100,151,5016.61,false
234498100,1180693,1180543,0,1180543,234528200,1180844,1180694,0,1180694,30100,151,5016.61,false
234528200,1180844,1180694,0,1180694,234558300,1180995,1180845,0,1180845,30100,151,5016.61,false
234558300,1180995,1180845,0,1180845,234588400,1181146,1180996,0,1180996,30100,151,5016.61,false
234588400,1181146,1180996,0,1180996,234618500,1181297,1181147,0,1181147,30100,151,5016.61,false
234618500,1181297,1181147,0,1181147,234648600,1181448,1181298,0,1181298,30100,151,5016.61,false
234648600,1181448,1181298,0,1181298,234678700,1181599,1181449,0,1181449,30100,151,5016.61,false
234678700,1181599,1181449,0,1181449,234708800,1181750,1181600,0,1181600,30100,151,5016.61,false
234708800,1181750,1181600,0,1181600,234738900,1181901,1181751,0,1181751,30100,151,5016.61,false
234738900,1181901,1181751,0,1181751,234769000,1182052,1181902,0,1181902,30100,151,5016.61,false
234769000,1182052,1181902,0,1181902,234799100,1182203,1182053,0,1182053,30100,151,5016.61,false
234799100,1182203,1182053,0,1182053,234829200,1182354,1182204,0,1182204,30100,151,5016.61,false
234829200,1182354,1182204,0,1182204,234859300,1182505,1182355,0,1182355,30100,151,5016.61,false
234859300,1182505,1182355,0,1182355,234889400,1182656,1182506,0,1182506,30100,151,5016.61,false
234889400,1182656,1182506,0,1182506,234919500,1182807,1182657,0,1182657,30100,151,5016.61,false
234919500,1182807,1182657,0,1182657,234949600,1182958,1182808,0,1182808,30100,151,5016.61,false
234949600,1182958,1182808,0,1182808,234979700,1183109,1182959,0,1182959,30100,151,5016.61,false
234979700,1183109,1182959,0,1182959,235009800,1183260,1183110,0,1183110,30100,151,5016.61,false
235009800,1183260,1183110,0,1183110,235039900,1183411,1183261,0,1183261,30100,151,5016.61,false
235039900,1183411,1183261,0,1183261,235070000,1183562,1183412,0,1183412,30100,151,5016.61,false
235070000,1183562,1183412,0,1183412,235100100,1183713,1183563,0,1183563,30100,151,5016.61,false
235100100,1183713,1183563,0,1183563,235130200,1183864,1183714,0,1183714,30100,151,5016.61,false
235130200,1183864,1183714,0,1183714,235160300,1184015,1183865,0,1183865,30100,151,5016.61,false
235160300,1184015,1183865,0,1183865,235190400,1184166,1184016,0,1184016,30100,151,5016.61,false
235190400,1184166,1184016,0,1184016,235220500,1184317,1184167,0,1184167,30100,151,5016.61,false
235220500,1184317,1184167,0,1184167,235250600,1184468,1184318,0,1184318,30100,151,5016.61,false
235250600,1184468,1184318,0,1184318,235280700,1184619,1184469,0,1184469,30100,151,5016.61,false
235280700,1184619,1184469,0,1184469,235310800,1184770,1184620,0,1184620,30100,151,5016.61,false
235310800,1184770,1184620,0,1184620,235340900,1184921,1184771,0,1184771,30100,151,5016.61,false
235340900,1184921,1184771,0,1184771,235371000,1185072,1184922,0,1184922,30100,151,5016.61,false
235371000,1185072,1184922,0,1184922,235401100,1185223,1185073,0,1185073,30100,151,5016.61,false
235401200,1185224,1185074,0,1185074,235431300,1185375,1185225,0,1185225,30100,151,5016.61,false
235431300,1185375,1185225,0,1185225,235461400,1185526,1185376,0,1185376,30100,151,5016.61,false
235461400,1185526,1185376,0,1185376,235491500,1185677,1185527,0,1185527,30100,151,5016.61,false
235491500,1185677,1185527,0,1185527,235521600,1185828,1185678,0,1185678,30100,151,5016.61,false
235521600,1185828,1185678,0,1185678,235551700,1185979,1185829,0,1185829,30100,151,5016.61,false
235551700,1185979,1185829,0,1185829,235581800,1186130,1185980,0,1185980,30100,151,5016.61,false
235581800,1186130,1185980,0,1185980,235611900,1186281,1186131,0,1186131,30100,151,5016.61,false
235611900,1186281,1186131,0,1186131,235642000,1186432,1186282,0,1186282,30100,151,5016.61,false
235642000,1186432,1186282,0,1186282,235672100,1186583,1186433,0,1186433,30100,151,5016.61,false
235672100,1186583,1186433,0,1186433,235702200,1186734,1186584,0,1186584,30100,151,5016.61,false
235702200,1186734,1186584,0,1186584,235732300,1186885,1186735,0,1186735,30100,151,5016.61,false
235732300,1186885,1186735,0,1186735,235762400,1187036,1186886,0,1186886,30100,151,5016.61,false
235762400,1187036,1186886,0,1186886,235792500,1187591,1187037,0,1187037,30100,151,5016.61,true
235792500,1187591,1187037,0,1187037,235863000,1188146,1187592,0,1187592,70500,555,7872.34,true
235863000,1188146,1187592,0,1187592,235933500,1188337,1188147,0,1188147,70500,555,7872.34,true
235933500,1188337,1188147,0,1188147,235967600,1188488,1188338,0,1188338,34100,191,5601.17,true
235967600,1188488,1188338,0,1188338,235997700,1188639,1188489,0,1188489,30100,151,5016.61,false
235997700,1188639,1188489,0,1188489,236027800,1188790,1188640,0,1188640,30100,151,5016.61,false
236027800,1188790,1188640,0,1188640,236057900,1188941,1188791,0,1188791,30100,151,5016.61,false
236057900,1188941,1188791,0,1188791,236088000,1189092,1188942,0,1188942,30100,151,5016.61,false
236088000,1189092,1188942,0,1188942,236118100,1189243,1189093,0,1189093,30100,151,5016.61,false
236118100,1189243,1189093,0,1189093,236148200,1189394,1189244,0,1189244,30100,151,5016.61,false
236148200,1189394,1189244,0,1189244,236178300,1189545,1189395,0,1189395,30100,151,5016.61,false
236178300,1189545,1189395,0,1189395,236208400,1189696,1189546,0,1189546,30100,151,5016.61,false
236208400,1189696,1189546,0,1189546,236238500,1189847,1189697,0,1189697,30100,151,5016.61,false
236238500,1189847,1189697,0,1189697,236268600,1189998,1189848,0,1189848,30100,151,5016.61,false
236268600,1189998,1189848,0,1189848,236298700,1190149,1189999,0,1189999,30100,151,5016.61,false
236298700,1190149,1189999,0,1189999,236328800,1190300,1190150,0,1190150,30100,151,5016.61,false
236328800,1190300,1190150,0,1190150,236358900,1190451,1190301,0,1190301,30100,151,5016.61,false
236358900,1190451,1190301,0,1190301,236389000,1190602,1190452,0,1190452,30100,151,5016.61,false
236389000,1190602,1190452,0,1190452,236459200,1190753,1190603,0,1190603,70200,151,2151.00,false
236459200,1190753,1190603,0,1190603,236529400,1190904,1190754,0,1190754,70200,151,2151.00,false
236529400,1190904,1190754,0,1190754,236563700,1191055,1190905,0,1190905,34300,151,4402.33,false
236563700,1191055,1190905,0,1190905,236593800,1191206,1191056,0,1191056,30100,151,5016.61,false
236593800,1191206,1191056,0,1191056,236623900,1191357,1191207,0,1191207,30100,151,5016.61,false
236623900,1191357,1191207,0,1191207,236654000,1191508,1191358,0,1191358,30100,151,5016.61,false
236654000,1191508,1191358,0,1191358,236684100,1191659,1191509,0,1191509,30100,151,5016.61,false
236684100,1191659,1191509,0,1191509,236714200,1191810,1191660,0,1191660,30100,151,5016.61,false
236714200,1191810,1191660,0,1191660,236744300,1191961,1191811,0,1191811,30100,151,5016.61,false
236744300,1191961,1191811,0,1191811,236774400,1192112,1191962,0,1191962,30100,151,5016.61,false
236774400,1192112,1191962,0,1191962,236804500,1192263,1192113,0,1192113,30100,151,5016.61,false
236804500,1192263,1192113,0,1192113,236834600,1192414,1192264,0,1192264,30100,151,5016.61,false
236834600,1192414,1192264,0,1192264,236864700,1192565,1192415,0,1192415,30100,151,5016.61,false
236864700,1192565,1192415,0,1192415,236894800,1192716,1192566,0,1192566,30100,151,5016.61,false
236894800,1192716,1192566,0,1192566,236924900,1192867,1192717,0,1192717,30100,151,5016.61,false
236924900,1192867,1192717,0,1192717,236955000,1193018,1192868,0,1192868,30100,151,5016.61,false
236955000,1193018,1192868,0,1192868,236985100,1193169,1193019,0,1193019,30100,151,5016.61,false
236985100,1193169,1193019,0,1193019,237015200,1193320,1193170,0,1193170,30100,151,5016.61,false
237015200,1193320,1193170,0,1193170,237045300,1193471,1193321,0,1193321,30100,151,5016.61,false
237045300,1193471,1193321,0,1193321,237075400,1193622,1193472,0,1193472,30100,151,5016.61,false
237075400,1193622,1193472,0,1193472,237105500,1193773,1193623,0,1193623,30100,151,5016.61,false
237105500,1193773,1193623,0,1193623,237135600,1193924,1193774,0,1193774,30100,151,5016.61,false
237135600,1193924,1193774,0,1193774,237165700,1194075,1193925,0,1193925,30100,151,5016.61,false
237165700,1194075,1193925,0,1193925,237195800,1194226,1194076,0,1194076,30100,151,5016.61,false
237195800,1194226,1194076,0,1194076,237225900,1194377,1194227,0,1194227,30100,151,5016.61,false
237225900,1194377,1194227,0,1194227,237256000,1194528,1194378,0,1194378,30100,151,5016.61,false
237256000,1194528,1194378,0,1194378,237286100,1194679,1194529,0,1194529,30100,151,5016.61,false
237286100,1194679,1194529,0,1194529,237316200,1194830,1194680,0,1194680,30100,151,5016.61,false
237316200,1194830,1194680,0,1194680,237346300,1194981,1194831,0,1194831,30100,151,5016.61,false
237346300,1194981,1194831,0,1194831,237376400,1195132,1194982,0,1194982,30100,151,5016.61,false
237376400,1195132,1194982,0,1194982,237406500,1195283,1195133,0,1195133,30100,151,5016.61,false
237406500,1195283,1195133,0,1195133,237436600,1195434,1195284,0,1195284,30100,151,5016.61,false
237436600,1195434,1195284,0,1195284,237466700,1195585,1195435,0,1195435,30100,151,5016.61,false
237466700,1195585,1195435,0,1195435,237496800,1195736,1195586,0,1195586,30100,151,5016.61,false
237496800,1195736,1195586,0,1195586,237526900,1195887,1195737,0,1195737,30100,151,5016.61,false
237526900,1195887,1195737,0,1195737,237557000,1196038,1195888,0,1195888,30100,151,5016.61,false
237557000,1196038,1195888,0,1195888,237587100,1196189,1196039,0,1196039,30100,151,5016.61,false
237587100,1196189,1196039,0,1196039,237617200,1196340,1196190,0,1196190,30100,151,5016.61,false
237617200,1196340,1196190,0,1196190,237647300,1196491,1196341,0,1196341,30100,151,5016.61,false
237647300,1196491,1196341,0,1196341,237677400,1196642,1196492,0,1196492,30100,151,5016.61,false
237677400,1196642,1196492,0,1196492,237707500,1196793,1196643,0,1196643,30100,151,5016.61,false
237707500,1196793,1196643,0,1196643,237737600,1196944,1196794,0,1196794,30100,151,5016.61,false
237737600,1196944,1196794,0,1196794,237767700,1197095,1196945,0,1196945,30100,151,5016.61,false
237767700,1197095,1196945,0,1196945,237797800,1197246,1197096,0,1197096,30100,151,5016.61,false
237797800,1197246,1197096,0,1197096,237827900,1197397,1197247,0,1197247,30100,151,5016.61,false
237827900,1197397,1197247,0,1197247,237858000,1197548,1197398,0,1197398,30100,151,5016.61,false
237858000,1197548,1197398,0,1197398,237888100,1197699,1197549,0,1197549,30100,151,5016.61,false
237888100,1197699,1197549,0,1197549,237918200,1197850,1197700,0,1197700,30100,151,5016.61,false
237918200,1197850,1197700,0,1197700,237948300,1198001,1197851,0,1197851,30100,151,5016.61,false
237948300,1198001,1197851,0,1197851,237978400,1198152,1198002,0,1198002,30100,151,5016.61,false
237978400,1198152,1198002,0,1198002,238008500,1198303,1198153,0,1198153,30100,151,5016.61,false
238008500,1198303,1198153,0,1198153,238038600,1198454,1198304,0,1198304,30100,151,5016.61,false
238038600,1198454,1198304,0,1198304,238068700,1198605,1198455,0,1198455,30100,151,5016.61,false
238068700,1198605,1198455,0,1198455,238098800,1198756,1198606,0,1198606,30100,151,5016.61,false
238098800,1198756,1198606,0,1198606,238128900,1198907,1198757,0,1198757,30100,151,5016.61,false
238128900,1198907,1198757,0,1198757,238159000,1199058,1198908,0,1198908,30100,151,5016.61,false
238159000,1199058,1198908,0,1198908,238189100,1199209,1199059,0,1199059,30100,151,5016.61,false
238189100,1199209,1199059,0,1199059,238219200,1199360,1199210,0,1199210,30100,151,5016.61,false
238219200,1199360,1199210,0,1199210,238249300,1199511,1199361,0,1199361,30100,151,5016.61,false
238249300,1199511,1199361,0,1199361,238279400,1199662,1199512,0,1199512,30100,151,5016.61,false
238279400,1199662,1199512,0,1199512,238309500,1199813,1199663,0,1199663,30100,151,5016.61,false
238309500,1199813,1199663,0,1199663,238339600,1199964,1199814,0,1199814,30100,151,5016.61,false
238339600,1199964,1199814,0,1199814,238369700,1200115,1199965,0,1199965,30100,151,5016.61,false
238369700,1200115,1199965,0,1199965,238399800,1200266,1200116,0,1200116,30100,151,5016.61,false
238399800,1200266,1200116,0,1200116,238429900,1200417,1200267,0,1200267,30100,151,5016.61,false
238429900,1200417,1200267,0,1200267,238460000,1200568,1200418,0,1200418,30100,151,5016.61,false
238460000,1200568,1200418,0,1200418,238490100,1200719,1200569,0,1200569,30100,151,5016.61,false
238490100,1200719,1200569,0,1200569,238520200,1200870,1200720,0,1200720,30100,151,5016.61,false
238520200,1200870,1200720,0,1200720,238550300,1201021,1200871,0,1200871,30100,151,5016.61,false
238550300,1201021,1200871,0,1200871,238580400,1201172,1201022,0,1201022,30100,151,5016.61,false
238580400,1201172,1201022,0,1201022,238610500,1201323,1201173,0,1201173,30100,151,5016.61,false
238610500,1201323,1201173,0,1201173,238640600,1201474,1201324,0,1201324,30100,151,5016.61,false
238640600,1201474,1201324,0,1201324,238670700,1201625,1201475,0,1201475,30100,151,5016.61,false
238670700,1201625,1201475,0,1201475,238700800,1201776,1201626,0,1201626,30100,151,5016.61,false
238700800,1201776,1201626,0,1201626,238730900,1201927,1201777,0,1201777,30100,151,5016.61,false
238730900,1201927,1201777,0,1201777,238761000,1202078,1201928,0,1201928,30100,151,5016.61,false
238761000,1202078,1201928,0,1201928,238791100,1202229,1202079,0,1202079,30100,151,5016.61,false
238791100,1202229,1202079,0,1202079,238821200,1202380,1202230,0,1202230,30100,151,5016.61,false
238821200,1202380,1202230,0,1202230,238851300,1202531,1202381,0,1202381,30100,151,5016.61,false
238851300,1202531,1202381,0,1202381,238881400,1202682,1202532,0,1202532,30100,151,5016.61,false
238881400,1202682,1202532,0,1202532,238911500,1202833,1202683,0,1202683,30100,151,5016.61,false
238911500,1202833,1202683,0,1202683,238941600,1202984,1202834,0,1202834,30100,151,5016.61,false
238941600,1202984,1202834,0,1202834,238971700,1203135,1202985,0,1202985,30100,151,5016.61,false
238971700,1203135,1202985,0,1202985,239001800,1203286,1203136,0,1203136,30100,151,5016.61,false
239001800,1203286,1203136,0,1203136,239031900,1203437,1203287,0,1203287,30100,151,5016.61,false
239031900,1203437,1203287,0,1203287,239062000,1203588,1203438,0,1203438,30100,151,5016.61,false
239062000,1203588,1203438,0,1203438,239092100,1203739,1203589,0,1203589,30100,151,5016.61,false
239092100,1203739,1203589,0,1203589,239122200,1203890,1203740,0,1203740,30100,151,5016.61,false
239122200,1203890,1203740,0,1203740,239152300,1204041,1203891,0,1203891,30100,151,5016.61,false
239152300,1204041,1203891,0,1203891,239182400,1204192,1204042,0,1204042,30100,151,5016.61,false
239182400,1204192,1204042,0,1204042,239212500,1204343,1204193,0,1204193,30100,151,5016.61,false
239212600,1204344,1204194,0,1204194,239242700,1204495,1204345,0,1204345,30100,151,5016.61,false
239242700,1204495,1204345,0,1204345,239272800,1204646,1204496,0,1204496,30100,151,5016.61,false
239272800,1204646,1204496,0,1204496,239302900,1204797,1204647,0,1204647,30100,151,5016.61,false
239302900,1204797,1204647,0,1204647,239333000,1204948,1204798,0,1204798,30100,151,5016.61,false
239333000,1204948,1204798,0,1204798,239363100,1205099,1204949,0,1204949,30100,151,5016.61,false
239363100,1205099,1204949,0,1204949,239393200,1205250,1205100,0,1205100,30100,151,5016.61,false
239393200,1205250,1205100,0,1205100,239423300,1205401,1205251,0,1205251,30100,151,5016.61,false
239423300,1205401,1205251,0,1205251,239453400,1205552,1205402,0,1205402,30100,151,5016.61,false
239453400,1205552,1205402,0,1205402,239483500,1205703,1205553,0,1205553,30100,151,5016.61,false
239483500,1205703,1205553,0,1205553,239513600,1205854,1205704,0,1205704,30100,151,5016.61,false
239513600,1205854,1205704,0,1205704,239543700,1206005,1205855,0,1205855,30100,151,5016.61,false
239543700,1206005,1205855,0,1205855,239573800,1206156,1206006,0,1206006,30100,151,5016.61,false
239573800,1206156,1206006,0,1206006,239603900,1206711,1206157,0,1206157,30100,151,5016.61,true
239603900,1206711,1206157,0,1206157,239674400,1207266,1206712,0,1206712,70500,555,7872.34,true
239674400,1207266,1206712,0,1206712,239744900,1207457,1207267,0,1207267,70500,555,7872.34,true
239744900,1207457,1207267,0,1207267,239779000,1207608,1207458,0,1207458,34100,191,5601.17,true
239779000,1207608,1207458,0,1207458,239809100,1207759,1207609,0,1207609,30100,151,5016.61,false
239809100,1207759,1207609,0,1207609,239839200,1207910,1207760,0,1207760,30100,151,5016.61,false
239839200,1207910,1207760,0,1207760,239869300,1208061,1207911,0,1207911,30100,151,5016.61,false
239869300,1208061,1207911,0,1207911,239899400,1208212,1208062,0,1208062,30100,151,5016.61,false
239899400,1208212,1208062,0,1208062,239929500,1208363,1208213,0,1208213,30100,151,5016.61,false
239929500,1208363,1208213,0,1208213,239959600,1208514,1208364,0,1208364,30100,151,5016.61,false
239959600,1208514,1208364,0,1208364,239989700,1208665,1208515,0,1208515,30100,151,5016.61,false
239989700,1208665,1208515,0,1208515,240019800,1208816,1208666,0,1208666,30100,151,5016.61,false
240019800,1208816,1208666,0,1208666,240049900,1208967,1208817,0,1208817,30100,151,5016.61,false
240049900,1208967,1208817,0,1208817,240080000,1209118,1208968,0,1208968,30100,151,5016.61,false
240080000,1209118,1208968,0,1208968,240110100,1209269,1209119,0,1209119,30100,151,5016.61,false
240110100,1209269,1209119,0,1209119,240140200,1209420,1209270,0,1209270,30100,151,5016.61,false
240140200,1209420,1209270,0,1209270,240170300,1209571,1209421,0,1209421,30100,151,5016.61,false
240170300,1209571,1209421,0,1209421,240200400,1209722,1209572,0,1209572,30100,151,5016.61,false
240200400,1209722,1209572,0,1209572,240270600,1209873,1209723,0,1209723,70200,151,2151.00,false
240270600,1209873,1209723,0,1209723,240340800,1210024,1209874,0,1209874,70200,151,2151.00,false
240340800,1210024,1209874,0,1209874,240375100,1210175,1210025,0,1210025,34300,151,4402.33,false
240375100,1210175,1210025,0,1210025,240405200,1210326,1210176,0,1210176,30100,151,5016.61,false
240405200,1210326,1210176,0,1210176,240435300,1210477,1210327,0,1210327,30100,151,5016.61,false
240435300,1210477,1210327,0,1210327,240465400,1210628,1210478,0,1210478,30100,151,5016.61,false
240465400,1210628,1210478,0,1210478,240495500,1210779,1210629,0,1210629,30100,151,5016.61,false
240495500,1210779,1210629,0,1210629,240525600,1210930,1210780,0,1210780,30100,151,5016.61,false
240525600,1210930,1210780,0,1210780,240555700,1211081,1210931,0,1210931,30100,151,5016.61,false
240555700,1211081,1210931,0,1210931,240585800,1211232,1211082,0,1211082,30100,151,5016.61,false
240585800,1211232,1211082,0,1211082,240615900,1211383,1211233,0,1211233,30100,151,5016.61,false
240615900,1211383,1211233,0,1211233,240646000,1211534,1211384,0,1211384,30100,151,5016.61,false
240646000,1211534,1211384,0,1211384,240676100,1211685,1211535,0,1211535,30100,151,5016.61,false
240676100,1211685,1211535,0,1211535,240706200,1211836,1211686,0,1211686,30100,151,5016.61,false
240706200,1211836,1211686,0,1211686,240736300,1211987,1211837,0,1211837,30100,151,5016.61,false
240736300,1211987,1211837,0,1211837,240766400,1212138,1211988,0,1211988,30100,151,5016.61,false
240766400,1212138,1211988,0,1211988,240796500,1212289,1212139,0,1212139,30100,151,5016.61,false
240796500,1212289,1212139,0,1212139,240826600,1212440,1212290,0,1212290,30100,151,5016.61,false
240826600,1212440,1212290,0,1212290,240856700,1212591,1212441,0,1212441,30100,151,5016.61,false
240856700,1212591,1212441,0,1212441,240886800,1212742,1212592,0,1212592,30100,151,5016.61,false
240886800,1212742,1212592,0,1212592,240916900,1212893,1212743,0,1212743,30100,151,5016.61,false
240916900,1212893,1212743,0,1212743,240947000,1213044,1212894,0,1212894,30100,151,5016.61,false
240947000,1213044,1212894,0,1212894,240977100,1213195,1213045,0,1213045,30100,151,5016.61,false
240977100,1213195,1213045,0,1213045,241007200,1213346,1213196,0,1213196,30100,151,5016.61,false
241007200,1213346,1213196,0,1213196,241037300,1213497,1213347,0,1213347,30100,151,5016.61,false
241037300,1213497,1213347,0,1213347,241067400,1213648,1213498,0,1213498,30100,151,5016.61,false
241067400,1213648,1213498,0,1213498,241097500,1213799,1213649,0,1213649,30100,151,5016.61,false
241097500,1213799,1213649,0,1213649,241127600,1213950,1213800,0,1213800,30100,151,5016.61,false
241127600,1213950,1213800,0,1213800,241157700,1214101,1213951,0,1213951,30100,151,5016.61,false
241157700,1214101,1213951,0,1213951,241187800,1214252,1214102,0,1214102,30100,151,5016.61,false
241187800,1214252,1214102,0,1214102,241217900,1214403,1214253,0,1214253,30100,151,5016.61,false
241217900,1214403,1214253,0,1214253,241248000,1214554,1214404,0,1214404,30100,151,5016.61,false
241248000,1214554,1214404,0,1214404,241278100,1214705,1214555,0,1214555,30100,151,5016.61,false
241278100,1214705,1214555,0,1214555,241308200,1214856,1214706,0,1214706,30100,151,5016.61,false
241308200,1214856,1214706,0,1214706,241338300,1215007,1214857,0,1214857,30100,151,5016.61,false
241338300,1215007,1214857,0,1214857,241368400,1215158,1215008,0,1215008,30100,151,5016.61,false
241368400,1215158,1215008,0,1215008,241398500,1215309,1215159,0,1215159,30100,151,5016.61,false
241398500,1215309,1215159,0,1215159,241428600,1215460,1215310,0,1215310,30100,151,5016.61,false
241428600,1215460,1215310,0,1215310,241458700,1215611,1215461,0,1215461,30100,151,5016.61,false
241458700,1215611,1215461,0,1215461,241488800,1215762,1215612,0,1215612,30100,151,5016.61,false
241488800,1215762,1215612,0,1215612,241518900,1215913,1215763,0,1215763,30100,151,5016.61,false
241518900,1215913,1215763,0,1215763,241549000,1216064,1215914,0,1215914,30100,151,5016.61,false
241549000,1216064,1215914,0,1215914,241579100,1216215,1216065,0,1216065,30100,151,5016.61,false
241579100,1216215,1216065,0,1216065,241609200,1216366,1216216,0,1216216,30100,151,5016.61,false
241609200,1216366,1216216,0,1216216,241639300,1216517,1216367,0,1216367,30100,151,5016.61,false
241639300,1216517,1216367,0,1216367,241669400,1216668,1216518,0,1216518,30100,151,5016.61,false
241669400,1216668,1216518,0,1216518,241699500,1216819,1216669,0,1216669,30100,151,5016.61,false
241699500,1216819,1216669,0,1216669,241729600,1216970,1216820,0,1216820,30100,151,5016.61,false
241729600,1216970,1216820,0,1216820,241759700,1217121,1216971,0,1216971,30100,151,5016.61,false
241759700,1217121,1216971,0,1216971,241789800,1217272,1217122,0,1217122,30100,151,5016.61,false
241789800,1217272,1217122,0,1217122,241819900,1217423,1217273,0,1217273,30100,151,5016.61,false
241819900,1217423,1217273,0,1217273,241850000,1217574,1217424,0,1217424,30100,151,5016.61,false
241850000,1217574,1217424,0,1217424,241880100,1217725,1217575,0,1217575,30100,151,5016.61,false
241880100,1217725,1217575,0,1217575,241910200,1217876,1217726,0,1217726,30100,151,5016.61,false
241910200,1217876,1217726,0,1217726,241940300,1218027,1217877,0,1217877,30100,151,5016.61,false
241940300,1218027,1217877,0,1217877,241970400,1218178,1218028,0,1218028,30100,151,5016.61,false
241970400,1218178,1218028,0,1218028,242000500,1218329,1218179,0,1218179,30100,151,5016.61,false
242000500,1218329,1218179,0,1218179,242030600,1218480,1218330,0,1218330,30100,151,5016.61,false
242030600,1218480,1218330,0,1218330,242060700,1218631,1218481,0,1218481,30100,151,5016.61,false
242060700,1218631,1218481,0,1218481,242090800,1218782,1218632,0,1218632,30100,151,5016.61,false
242090800,1218782,1218632,0,1218632,242120900,1218933,1218783,0,1218783,30100,151,5016.61,false
242120900,1218933,1218783,0,1218783,242151000,1219084,1218934,0,1218934,30100,151,5016.61,false
242151000,1219084,1218934,0,1218934,242181100,1219235,1219085,0,1219085,30100,151,5016.61,false
242181100,1219235,1219085,0,1219085,242211200,1219386,1219236,0,1219236,30100,151,5016.61,false
242211200,1219386,1219236,0,1219236,242241300,1219537,1219387,0,1219387,30100,151,5016.61,false
242241300,1219537,1219387,0,1219387,242271400,1219688,1219538,0,1219538,30100,151,5016.61,false
242271400,1219688,1219538,0,1219538,242301500,1219839,1219689,0,1219689,30100,151,5016.61,false
242301500,1219839,1219689,0,1219689,242331600,1219990,1219840,0,1219840,30100,151,5016.61,false
242331600,1219990,1219840,0,1219840,242361700,1220141,1219991,0,1219991,30100,151,5016.61,false
242361700,1220141,1219991,0,1219991,242391800,1220292,1220142,0,1220142,30100,151,5016.61,false
242391800,1220292,1220142,0,1220142,242421900,1220443,1220293,0,1220293,30100,151,5016.61,false
242421900,1220443,1220293,0,1220293,242452000,1220594,1220444,0,1220444,30100,151,5016.61,false
242452000,1220594,1220444,0,1220444,242482100,1220745,1220595,0,1220595,30100,151,5016.61,false
242482100,1220745,1220595,0,1220595,242512200,1220896,1220746,0,1220746,30100,151,5016.61,false
242512200,1220896,1220746,0,1220746,242542300,1221047,1220897,0,1220897,30100,151,5016.61,false
242542300,1221047,1220897,0,1220897,242572400,1221198,1221048,0,1221048,30100,151,5016.61,false
242572400,1221198,1221048,0,1221048,242602500,1221349,1221199,0,1221199,30100,151,5016.61,false
242602500,1221349,1221199,0,1221199,242632600,1221500,1221350,0,1221350,30100,151,5016.61,false
242632600,1221500,1221350,0,1221350,242662700,1221651,1221501,0,1221501,30100,151,5016.61,false
242662700,1221651,1221501,0,1221501,242692800,1221802,1221652,0,1221652,30100,151,5016.61,false
242692800,1221802,1221652,0,1221652,242722900,1221953,1221803,0,1221803,30100,151,5016.61,false
242722900,1221953,1221803,0,1221803,242753000,1222104,1221954,0,1221954,30100,151,5016.61,false
242753000,1222104,1221954,0,1221954,242783100,1222255,1222105,0,1222105,30100,151,5016.61,false
242783100,1222255,1222105,0,1222105,242813200,1222406,1222256,0,1222256,30100,151,5016.61,false
242813200,1222406,1222256,0,1222256,242843300,1222557,1222407,0,1222407,30100,151,5016.61,false
242843300,1222557,1222407,0,1222407,242873400,1222708,1222558,0,1222558,30100,151,5016.61,false
242873400,1222708,1222558,0,1222558,242903500,1222859,1222709,0,1222709,30100,151,5016.61,false
242903500,1222859,1222709,0,1222709,242933600,1223010,1222860,0,1222860,30100,151,5016.61,false
242933600,1223010,1222860,0,1222860,242963700,1223161,1223011,0,1223011,30100,151,5016.61,false
242963700,1223161,1223011,0,1223011,242993800,1223312,1223162,0,1223162,30100,151,5016.61,false
242993800,1223312,1223162,0,1223162,243023900,1223463,1223313,0,1223313,30100,151,5016.61,false
243024000,1223464,1223314,0,1223314,243054100,1223615,1223465,0,1223465,30100,151,5016.61,false
243054100,1223615,1223465,0,1223465,243084200,1223766,1223616,0,1223616,30100,151,5016.61,false
243084200,1223766,1223616,0,1223616,243114300,1223917,1223767,0,1223767,30100,151,5016.61,false
243114300,1223917,1223767,0,1223767,243144400,1224068,1223918,0,1223918,30100,151,5016.61,false
243144400,1224068,1223918,0,1223918,243174500,1224219,1224069,0,1224069,30100,151,5016.61,false
243174500,1224219,1224069,0,1224069,243204600,1224370,1224220,0,1224220,30100,151,5016.61,false
243204600,1224370,1224220,0,1224220,243234700,1224521,1224371,0,1224371,30100,151,5016.61,false
243234700,1224521,1224371,0,1224371,243264800,1224672,1224522,0,1224522,30100,151,5016.61,false
243264800,1224672,1224522,0,1224522,243294900,1224823,1224673,0,1224673,30100,151,5016.61,false
243294900,1224823,1224673,0,1224673,243325000,1224974,1224824,0,1224824,30100,151,5016.61,false
243325000,1224974,1224824,0,1224824,243355100,1225125,1224975,0,1224975,30100,151,5016.61,false
243355100,1225125,1224975,0,1224975,243385200,1225276,1225126,0,1225126,30100,151,5016.61,false
243385200,1225276,1225126,0,1225126,243415300,1225831,1225277,0,1225277,30100,151,5016.61,true
243415300,1225831,1225277,0,1225277,243485800,1226386,1225832,0,1225832,70500,555,7872.34,true
243485800,1226386,1225832,0,1225832,243556300,1226577,1226387,0,1226387,70500,555,7872.34,true
243556300,1226577,1226387,0,1226387,243590400,1226728,1226578,0,1226578,34100,191,5601.17,true
243590400,1226728,1226578,0,1226578,243620500,1226879,1226729,0,1226729,30100,151,5016.61,false
243620500,1226879,1226729,0,1226729,243650600,1227030,1226880,0,1226880,30100,151,5016.61,false
243650600,1227030,1226880,0,1226880,243680700,1227181,1227031,0,1227031,30100,151,5016.61,false
243680700,1227181,1227031,0,1227031,243710800,1227332,1227182,0,1227182,30100,151,5016.61,false
243710800,1227332,1227182,0,1227182,243740900,1227483,1227333,0,1227333,30100,151,5016.61,false
243740900,1227483,1227333,0,1227333,243771000,1227634,1227484,0,1227484,30100,151,5016.61,false
243771000,1227634,1227484,0,1227484,243801100,1227785,1227635,0,1227635,30100,151,5016.61,false
243801100,1227785,1227635,0,1227635,243831200,1227936,1227786,0,1227786,30100,151,5016.61,false
243831200,1227936,1227786,0,1227786,243861300,1228087,1227937,0,1227937,30100,151,5016.61,false
243861300,1228087,1227937,0,1227937,243891400,1228238,1228088,0,1228088,30100,151,5016.61,false
243891400,1228238,1228088,0,1228088,243921500,1228389,1228239,0,1228239,30100,151,5016.61,false
243921500,1228389,1228239,0,1228239,243951600,1228540,1228390,0,1228390,30100,151,5016.61,false
243951600,1228540,1228390,0,1228390,243981700,1228691,1228541,0,1228541,30100,151,5016.61,false
243981700,1228691,1228541,0,1228541,244011800,1228842,1228692,0,1228692,30100,151,5016.61,false
244011800,1228842,1228692,0,1228692,244082000,1228993,1228843,0,1228843,70200,151,2151.00,false
244082000,1228993,1228843,0,1228843,244152200,1229144,1228994,0,1228994,70200,151,2151.00,false
244152200,1229144,1228994,0,1228994,244186500,1229295,1229145,0,1229145,34300,151,4402.33,false
244186500,1229295,1229145,0,1229145,244216600,1229446,1229296,0,1229296,30100,151,5016.61,false
244216600,1229446,1229296,0,1229296,244246700,1229597,1229447,0,1229447,30100,151,5016.61,false
244246700,1229597,1229447,0,1229447,244276800,1229748,1229598,0,1229598,30100,151,5016.61,false
244276800,1229748,1229598,0,1229598,244306900,1229899,1229749,0,1229749,30100,151,5016.61,false
244306900,1229899,1229749,0,1229749,244337000,1230050,1229900,0,1229900,30100,151,5016.61,false
244337000,1230050,1229900,0,1229900,244367100,1230201,1230051,0,1230051,30100,151,5016.61,false
244367100,1230201,1230051,0,1230051,244397200,1230352,1230202,0,1230202,30100,151,5016.61,false
244397200,1230352,1230202,0,1230202,244427300,1230503,1230353,0,1230353,30100,151,5016.61,false
244427300,1230503,1230353,0,1230353,244457400,1230654,1230504,0,1230504,30100,151,5016.61,false
244457400,1230654,1230504,0,1230504,244487500,1230805,1230655,0,1230655,30100,151,5016.61,false
244487500,1230805,1230655,0,1230655,244517600,1230956,1230806,0,1230806,30100,151,5016.61,false
244517600,1230956,1230806,0,1230806,244547700,1231107,1230957,0,1230957,30100,151,5016.61,false
244547700,1231107,1230957,0,1230957,244577800,1231258,1231108,0,1231108,30100,151,5016.61,false
244577800,1231258,1231108,0,1231108,244607900,1231409,1231259,0,1231259,30100,151,5016.61,false
244607900,1231409,1231259,0,1231259,244638000,1231560,1231410,0,1231410,30100,151,5016.61,false
244638000,1231560,1231410,0,1231410,244668100,1231711,1231561,0,1231561,30100,151,5016.61,false
244668100,1231711,1231561,0,1231561,244698200,1231862,1231712,0,1231712,30100,151,5016.61,false
244698200,1231862,1231712,0,1231712,244728300,1232013,1231863,0,1231863,30100,151,5016.61,false
244728300,1232013,1231863,0,1231863,244758400,1232164,1232014,0,1232014,30100,151,5016.61,false
244758400,1232164,1232014,0,1232014,244788500,1232315,1232165,0,1232165,30100,151,5016.61,false
244788500,1232315,1232165,0,1232165,244818600,1232466,1232316,0,1232316,30100,151,5016.61,false
244818600,1232466,1232316,0,1232316,244848700,1232617,1232467,0,1232467,30100,151,5016.61,false
244848700,1232617,1232467,0,1232467,244878800,1232768,1232618,0,1232618,30100,151,5016.61,false
244878800,1232768,1232618,0,1232618,244908900,1232919,1232769,0,1232769,30100,151,5016.61,false
244908900,1232919,1232769,0,1232769,244939000,1233070,1232920,0,1232920,30100,151,5016.61,false
244939000,1233070,1232920,0,1232920,244969100,1233221,1233071,0,1233071,30100,151,5016.61,false
244969100,1233221,1233071,0,1233071,244999200,1233372,1233222,0,1233222,30100,151,5016.61,false
244999200,1233372,1233222,0,1233222,245029300,1233523,1233373,0,1233373,30100,151,5016.61,false
245029300,1233523,1233373,0,1233373,245059400,1233674,1233524,0,1233524,30100,151,5016.61,false
245059400,1233674,1233524,0,1233524,245089500,1233825,1233675,0,1233675,30100,151,5016.61,false
245089500,1233825,1233675,0,1233675,245119600,1233976,1233826,0,1233826,30100,151,5016.61,false
245119600,1233976,1233826,0,1233826,245149700,1234127,1233977,0,1233977,30100,151,5016.61,false
245149700,1234127,1233977,0,1233977,245179800,1234278,1234128,0,1234128,30100,151,5016.61,false
245179800,1234278,1234128,0,1234128,245209900,1234429,1234279,0,1234279,30100,151,5016.61,false
245209900,1234429,1234279,0,1234279,245240000,1234580,1234430,0,1234430,30100,151,5016.61,false
245240000,1234580,1234430,0,1234430,245270100,1234731,1234581,0,1234581,30100,151,5016.61,false
245270100,1234731,1234581,0,1234581,245300200,1234882,1234732,0,1234732,30100,151,5016.61,false
245300200,1234882,1234732,0,1234732,245330300,1235033,1234883,0,1234883,30100,151,5016.61,false
245330300,1235033,1234883,0,1234883,245360400,1235184,1235034,0,1235034,30100,151,5016.61,false
245360400,1235184,1235034,0,1235034,245390500,1235335,1235185,0,1235185,30100,151,5016.61,false
245390500,1235335,1235185,0,1235185,245420600,1235486,1235336,0,1235336,30100,151,5016.61,false
245420600,1235486,1235336,0,1235336,245450700,1235637,1235487,0,1235487,30100,151,5016.61,false
245450700,1235637,1235487,0,1235487,245480800,1235788,1235638,0,1235638,30100,151,5016.61,false
245480800,1235788,1235638,0,1235638,245510900,1235939,1235789,0,1235789,30100,151,5016.61,false
245510900,1235939,1235789,0,1235789,245541000,1236090,1235940,0,1235940,30100,151,5016.61,false
245541000,1236090,1235940,0,1235940,245571100,1236241,1236091,0,1236091,30100,151,5016.61,false
245571100,1236241,1236091,0,1236091,245601200,1236392,1236242,0,1236242,30100,151,5016.61,false
245601200,1236392,1236242,0,1236242,245631300,1236543,1236393,0,1236393,30100,151,5016.61,false
245631300,1236543,1236393,0,1236393,245661400,1236694,1236544,0,1236544,30100,151,5016.61,false
245661400,1236694,1236544,0,1236544,245691500,1236845,1236695,0,1236695,30100,151,5016.61,false
245691500,1236845,1236695,0,1236695,245721600,1236996,1236846,0,1236846,30100,151,5016.61,false
245721600,1236996,1236846,0,1236846,245751700,1237147,1236997,0,1236997,30100,151,5016.61,false
245751700,1237147,1236997,0,1236997,245781800,1237298,1237148,0,1237148,30100,151,5016.61,false
245781800,1237298,1237148,0,1237148,245811900,1237449,1237299,0,1237299,30100,151,5016.61,false
245811900,1237449,1237299,0,1237299,245842000,1237600,1237450,0,1237450,30100,151,5016.61,false
245842000,1237600,1237450,0,1237450,245872100,1237751,1237601,0,1237601,30100,151,5016.61,false
245872100,1237751,1237601,0,1237601,245902200,1237902,1237752,0,1237752,30100,151,5016.61,false
245902200,1237902,1237752,0,1237752,245932300,1238053,1237903,0,1237903,30100,151,5016.61,false
245932300,1238053,1237903,0,1237903,245962400,1238204,1238054,0,1238054,30100,151,5016.61,false
245962400,1238204,1238054,0,1238054,245992500,1238355,1238205,0,1238205,30100,151,5016.61,false
245992500,1238355,1238205,0,1238205,246022600,1238506,1238356,0,1238356,30100,151,5016.61,false
246022600,1238506,1238356,0,1238356,246052700,1238657,1238507,0,1238507,30100,151,5016.61,false
246052700,1238657,1238507,0,1238507,246082800,1238808,1238658,0,1238658,30100,151,5016.61,false
246082800,1238808,1238658,0,1238658,246112900,1238959,1238809,0,1238809,30100,151,5016.61,false
246112900,1238959,1238809,0,1238809,246143000,1239110,1238960,0,1238960,30100,151,5016.61,false
246143000,1239110,1238960,0,1238960,246173100,1239261,1239111,0,1239111,30100,151,5016.61,false
246173100,1239261,1239111,0,1239111,246203200,1239412,1239262,0,1239262,30100,151,5016.61,false
246203200,1239412,1239262,0,1239262,246233300,1239563,1239413,0,1239413,30100,151,5016.61,false
246233300,1239563,1239413,0,1239413,246263400,1239714,1239564,0,1239564,30100,151,5016.61,false
246263400,1239714,1239564,0,1239564,246293500,1239865,1239715,0,1239715,30100,151,5016.61,false
246293500,1239865,1239715,0,1239715,246323600,1240016,1239866,0,1239866,30100,151,5016.61,false
246323600,1240016,1239866,0,1239866,246353700,1240167,1240017,0,1240017,30100,151,5016.61,false
246353700,1240167,1240017,0,1240017,246383800,1240318,1240168,0,1240168,30100,151,5016.61,false
246383800,1240318,1240168,0,1240168,246413900,1240469,1240319,0,1240319,30100,151,5016.61,false
246413900,1240469,1240319,0,1240319,246444000,1240620,1240470,0,1240470,30100,151,5016.61,false
246444000,1240620,1240470,0,1240470,246474100,1240771,1240621,0,1240621,30100,151,5016.61,false
246474100,1240771,1240621,0,1240621,246504200,1240922,1240772,0,1240772,30100,151,5016.61,false
246504200,1240922,1240772,0,1240772,246534300,1241073,1240923,0,1240923,30100,151,5016.61,false
246534300,1241073,1240923,0,1240923,246564400,1241224,1241074,0,1241074,30100,151,5016.61,false
246564400,1241224,1241074,0,1241074,246594500,1241375,1241225,0,1241225,30100,151,5016.61,false
246594500,1241375,1241225,0,1241225,246624600,1241526,1241376,0,1241376,30100,151,5016.61,false
246624600,1241526,1241376,0,1241376,246654700,1241677,1241527,0,1241527,30100,151,5016.61,false
246654700,1241677,1241527,0,1241527,246684800,1241828,1241678,0,1241678,30100,151,5016.61,false
246684800,1241828,1241678,0,1241678,246714900,1241979,1241829,0,1241829,30100,151,5016.61,false
246714900,1241979,1241829,0,1241829,246745000,1242130,1241980,0,1241980,30100,151,5016.61,false
246745000,1242130,1241980,0,1241980,246775100,1242281,1242131,0,1242131,30100,151,5016.61,false
246775100,1242281,1242131,0,1242131,246805200,1242432,1242282,0,1242282,30100,151,5016.61,false
246805200,1242432,1242282,0,1242282,246835300,1242583,1242433,0,1242433,30100,151,5016.61,false
246835400,1242584,1242434,0,1242434,246865500,1242735,1242585,0,1242585,30100,151,5016.61,false
246865500,1242735,1242585,0,1242585,246895600,1242886,1242736,0,1242736,30100,151,5016.61,false
246895600,1242886,1242736,0,1242736,246925700,1243037,1242887,0,1242887,30100,151,5016.61,false
246925700,1243037,1242887,0,1242887,246955800,1243188,1243038,0,1243038,30100,151,5016.61,false
246955800,1243188,1243038,0,1243038,246985900,1243339,1243189,0,1243189,30100,151,5016.61,false
246985900,1243339,1243189,0,1243189,247016000,1243490,1243340,0,1243340,30100,151,5016.61,false
247016000,1243490,1243340,0,1243340,247046100,1243641,1243491,0,1243491,30100,151,5016.61,false
247046100,1243641,1243491,0,1243491,247076200,1243792,1243642,0,1243642,30100,151,5016.61,false
247076200,1243792,1243642,0,1243642,247106300,1243943,1243793,0,1243793,30100,151,5016.61,false
247106300,1243943,1243793,0,1243793,247136400,1244094,1243944,0,1243944,30100,151,5016.61,false
247136400,1244094,1243944,0,1243944,247166500,1244245,1244095,0,1244095,30100,151,5016.61,false
247166500,1244245,1244095,0,1244095,247196600,1244396,1244246,0,1244246,30100,151,5016.61,false
247196600,1244396,1244246,0,1244246,247226700,1244951,1244397,0,1244397,30100,151,5016.61,true
247226700,1244951,1244397,0,1244397,247297200,1245506,1244952,0,1244952,70500,555,7872.34,true
247297200,1245506,1244952,0,1244952,247367700,1245697,1245507,0,1245507,70500,555,7872.34,true
247367700,1245697,1245507,0,1245507,247401800,1245848,1245698,0,1245698,34100,191,5601.17,true
247401800,1245848,1245698,0,1245698,247431900,1245999,1245849,0,1245849,30100,151,5016.61,false
247431900,1245999,1245849,0,1245849,247462000,1246150,1246000,0,1246000,30100,151,5016.61,false
247462000,1246150,1246000,0,1246000,247492100,1246301,1246151,0,1246151,30100,151,5016.61,false
247492100,1246301,1246151,0,1246151,247522200,1246452,1246302,0,1246302,30100,151,5016.61,false
247522200,1246452,1246302,0,1246302,247552300,1246603,1246453,0,1246453,30100,151,5016.61,false
247552300,1246603,1246453,0,1246453,247582400,1246754,1246604,0,1246604,30100,151,5016.61,false
247582400,1246754,1246604,0,1246604,247612500,1246905,1246755,0,1246755,30100,151,5016.61,false
247612500,1246905,1246755,0,1246755,247642600,1247056,1246906,0,1246906,30100,151,5016.61,false
247642600,1247056,1246906,0,1246906,247672700,1247207,1247057,0,1247057,30100,151,5016.61,false
247672700,1247207,1247057,0,1247057,247702800,1247358,1247208,0,1247208,30100,151,5016.61,false
247702800,1247358,1247208,0,1247208,247732900,1247509,1247359,0,1247359,30100,151,5016.61,false
247732900,1247509,1247359,0,1247359,247763000,1247660,1247510,0,1247510,30100,151,5016.61,false
247763000,1247660,1247510,0,1247510,247793100,1247811,1247661,0,1247661,30100,151,5016.61,false
247793100,1247811,1247661,0,1247661,247823200,1247962,1247812,0,1247812,30100,151,5016.61,false
247823200,1247962,1247812,0,1247812,247893400,1248113,1247963,0,1247963,70200,151,2151.00,false
247893400,1248113,1247963,0,1247963,247963600,1248264,1248114,0,1248114,70200,151,2151.00,false
247963600,1248264,1248114,0,1248114,247997900,1248415,1248265,0,1248265,34300,151,4402.33,false
247997900,1248415,1248265,0,1248265,248028000,1248566,1248416,0,1248416,30100,151,5016.61,false
248028000,1248566,1248416,0,1248416,248058100,1248717,1248567,0,1248567,30100,151,5016.61,false
248058100,1248717,1248567,0,1248567,248088200,1248868,1248718,0,1248718,30100,151,5016.61,false
248088200,1248868,1248718,0,1248718,248118300,1249019,1248869,0,1248869,30100,151,5016.61,false
248118300,1249019,1248869,0,1248869,248148400,1249170,1249020,0,1249020,30100,151,5016.61,false
248148400,1249170,1249020,0,1249020,248178500,1249321,1249171,0,1249171,30100,151,5016.61,false
248178500,1249321,1249171,0,1249171,248208600,1249472,1249322,0,1249322,30100,151,5016.61,false
248208600,1249472,1249322,0,1249322,248238700,1249623,1249473,0,1249473,30100,151,5016.61,false
248238700,1249623,1249473,0,1249473,248268800,1249774,1249624,0,1249624,30100,151,5016.61,false
248268800,1249774,1249624,0,1249624,248298900,1249925,1249775,0,1249775,30100,151,5016.61,false
248298900,1249925,1249775,0,1249775,248329000,1250076,1249926,0,1249926,30100,151,5016.61,false
248329000,1250076,1249926,0,1249926,248359100,1250227,1250077,0,1250077,30100,151,5016.61,false
248359100,1250227,1250077,0,1250077,248389200,1250378,1250228,0,1250228,30100,151,5016.61,false
248389200,1250378,1250228,0,1250228,248419300,1250529,1250379,0,1250379,30100,151,5016.61,false
248419300,1250529,1250379,0,1250379,248449400,1250680,1250530,0,1250530,30100,151,5016.61,false
248449400,1250680,1250530,0,1250530,248479500,1250831,1250681,0,1250681,30100,151,5016.61,false
248479500,1250831,1250681,0,1250681,248509600,1250982,1250832,0,1250832,30100,151,5016.61,false
248509600,1250982,1250832,0,1250832,248539700,1251133,1250983,0,1250983,30100,151,5016.61,false
248539700,1251133,1250983,0,1250983,248569800,1251284,1251134,0,1251134,30100,151,5016.61,false
248569800,1251284,1251134,0,1251134,248599900,1251435,1251285,0,1251285,30100,151,5016.61,false
248599900,1251435,1251285,0,1251285,248630000,1251586,1251436,0,1251436,30100,151,5016.61,false
248630000,1251586,1251436,0,1251436,248660100,1251737,1251587,0,1251587,30100,151,5016.61,false
248660100,1251737,1251587,0,1251587,248690200,1251888,1251738,0,1251738,30100,151,5016.61,false
248690200,1251888,1251738,0,1251738,248720300,1252039,1251889,0,1251889,30100,151,5016.61,false
248720300,1252039,1251889,0,1251889,248750400,1252190,1252040,0,1252040,30100,151,5016.61,false
248750400,1252190,1252040,0,1252040,248780500,1252341,1252191,0,1252191,30100,151,5016.61,false
248780500,1252341,1252191,0,1252191,248810600,1252492,1252342,0,1252342,30100,151,5016.61,false
248810600,1252492,1252342,0,1252342,248840700,1252643,1252493,0,1252493,30100,151,5016.61,false
248840700,1252643,1252493,0,1252493,248870800,1252794,1252644,0,1252644,30100,151,5016.61,false
248870800,1252794,1252644,0,1252644,248900900,1252945,1252795,0,1252795,30100,151,5016.61,false
248900900,1252945,1252795,0,1252795,248931000,1253096,1252946,0,1252946,30100,151,5016.61,false
248931000,1253096,1252946,0,1252946,248961100,1253247,1253097,0,1253097,30100,151,5016.61,false
248961100,1253247,1253097,0,1253097,248991200,1253398,1253248,0,1253248,30100,151,5016.61,false
248991200,1253398,1253248,0,1253248,249021300,1253549,1253399,0,1253399,30100,151,5016.61,false
249021300,1253549,1253399,0,1253399,249051400,1253700,1253550,0,1253550,30100,151,5016.61,false
249051400,1253700,1253550,0,1253550,249081500,1253851,1253701,0,1253701,30100,151,5016.61,false
249081500,1253851,1253701,0,1253701,249111600,1254002,1253852,0,1253852,30100,151,5016.61,false
249111600,1254002,1253852,0,1253852,249141700,1254153,1254003,0,1254003,30100,151,5016.61,false
249141700,1254153,1254003,0,1254003,249171800,1254304,1254154,0,1254154,30100,151,5016.61,false
249171800,1254304,1254154,0,1254154,249201900,1254455,1254305,0,1254305,30100,151,5016.61,false
249201900,1254455,1254305,0,1254305,249232000,1254606,1254456,0,1254456,30100,151,5016.61,false
249232000,1254606,1254456,0,1254456,249262100,1254757,1254607,0,1254607,30100,151,5016.61,false
249262100,1254757,1254607,0,1254607,249292200,1254908,1254758,0,1254758,30100,151,5016.61,false
249292200,1254908,1254758,0,1254758,249322300,1255059,1254909,0,1254909,30100,151,5016.61,false
249322300,1255059,1254909,0,1254909,249352400,1255210,1255060,0,1255060,30100,151,5016.61,false
249352400,1255210,1255060,0,1255060,249382500,1255361,1255211,0,1255211,30100,151,5016.61,false
249382500,1255361,1255211,0,1255211,249412600,1255512,1255362,0,1255362,30100,151,5016.61,false
249412600,1255512,1255362,0,1255362,249442700,1255663,1255513,0,1255513,30100,151,5016.61,false
249442700,1255663,1255513,0,1255513,249472800,1255814,1255664,0,1255664,30100,151,5016.61,false
249472800,1255814,1255664,0,1255664,249502900,1255965,1255815,0,1255815,30100,151,5016.61,false
249502900,1255965,1255815,0,1255815,249533000,1256116,1255966,0,1255966,30100,151,5016.61,false
249533000,1256116,1255966,0,1255966,249563100,1256267,1256117,0,1256117,30100,151,5016.61,false
249563100,1256267,1256117,0,1256117,249593200,1256418,1256268,0,1256268,30100,151,5016.61,false
249593200,1256418,1256268,0,1256268,249623300,1256569,1256419,0,1256419,30100,151,5016.61,false
249623300,1256569,1256419,0,1256419,249653400,1256720,1256570,0,1256570,30100,151,5016.61,false
249653400,1256720,1256570,0,1256570,249683500,1256871,1256721,0,1256721,30100,151,5016.61,false
249683500,1256871,1256721,0,1256721,249713600,1257022,1256872,0,1256872,30100,151,5016.61,false
249713600,1257022,1256872,0,1256872,249743700,1257173,1257023,0,1257023,30100,151,5016.61,false
249743700,1257173,1257023,0,1257023,249773800,1257324,1257174,0,1257174,30100,151,5016.61,false
249773800,1257324,1257174,0,1257174,249803900,1257475,1257325,0,1257325,30100,151,5016.61,false
249803900,1257475,1257325,0,1257325,249834000,1257626,1257476,0,1257476,30100,151,5016.61,false
249834000,1257626,1257476,0,1257476,249864100,1257777,1257627,0,1257627,30100,151,5016.61,false
249864100,1257777,1257627,0,1257627,249894200,1257928,1257778,0,1257778,30100,151,5016.61,false
249894200,1257928,1257778,0,1257778,249924300,1258079,1257929,0,1257929,30100,151,5016.61,false
249924300,1258079,1257929,0,1257929,249954400,1258230,1258080,0,1258080,30100,151,5016.61,false
249954400,1258230,1258080,0,1258080,249984500,1258381,1258231,0,1258231,30100,151,5016.61,false
249984500,1258381,1258231,0,1258231,250014600,1258532,1258382,0,1258382,30100,151,5016.61,false
250014600,1258532,1258382,0,1258382,250044700,1258683,1258533,0,1258533,30100,151,5016.61,false
250044700,1258683,1258533,0,1258533,250074800,1258834,1258684,0,1258684,30100,151,5016.61,false
250074800,1258834,1258684,0,1258684,250104900,1258985,1258835,0,1258835,30100,151,5016.61,false
250104900,1258985,1258835,0,1258835,250135000,1259136,1258986,0,1258986,30100,151,5016.61,false
250135000,1259136,1258986,0,1258986,250165100,1259287,1259137,0,1259137,30100,151,5016.61,false
250165100,1259287,1259137,0,1259137,250195200,1259438,1259288,0,1259288,30100,151,5016.61,false
250195200,1259438,1259288,0,1259288,250225300,1259589,1259439,0,1259439,30100,151,5016.61,false
250225300,1259589,1259439,0,1259439,250255400,1259740,1259590,0,1259590,30100,151,5016.61,false
250255400,1259740,1259590,0,1259590,250285500,1259891,1259741,0,1259741,30100,151,5016.61,false
250285500,1259891,1259741,0,1259741,250315600,1260042,1259892,0,1259892,30100,151,5016.61,false
250315600,1260042,1259892,0,1259892,250345700,1260193,1260043,0,1260043,30100,151,5016.61,false
250345700,1260193,1260043,0,1260043,250375800,1260344,1260194,0,1260194,30100,151,5016.61,false
250375800,1260344,1260194,0,1260194,250405900,1260495,1260345,0,1260345,30100,151,5016.61,false
250405900,1260495,1260345,0,1260345,250436000,1260646,1260496,0,1260496,30100,151,5016.61,false
250436000,1260646,1260496,0,1260496,250466100,1260797,1260647,0,1260647,30100,151,5016.61,false
250466100,1260797,1260647,0,1260647,250496200,1260948,1260798,0,1260798,30100,151,5016.61,false
250496200,1260948,1260798,0,1260798,250526300,1261099,1260949,0,1260949,30100,151,5016.61,false
250526300,1261099,1260949,0,1260949,250556400,1261250,1261100,0,1261100,30100,151,5016.61,false
250556400,1261250,1261100,0,1261100,250586500,1261401,1261251,0,1261251,30100,151,5016.61,false
250586500,1261401,1261251,0,1261251,250616600,1261552,1261402,0,1261402,30100,151,5016.61,false
250616600,1261552,1261402,0,1261402,250646700,1261703,1261553,0,1261553,30100,151,5016.61,false
250646800,1261704,1261554,0,1261554,250676900,1261855,1261705,0,1261705,30100,151,5016.61,false
250676900,1261855,1261705,0,1261705,250707000,1262006,1261856,0,1261856,30100,151,5016.61,false
250707000,1262006,1261856,0,1261856,250737100,1262157,1262007,0,1262007,30100,151,5016.61,false
250737100,1262157,1262007,0,1262007,250767200,1262308,1262158,0,1262158,30100,151,5016.61,false
250767200,1262308,1262158,0,1262158,250797300,1262459,1262309,0,1262309,30100,151,5016.61,false
250797300,1262459,1262309,0,1262309,250827400,1262610,1262460,0,1262460,30100,151,5016.61,false
250827400,1262610,1262460,0,1262460,250857500,1262761,1262611,0,1262611,30100,151,5016.61,false
250857500,1262761,1262611,0,1262611,250887600,1262912,1262762,0,1262762,30100,151,5016.61,false
250887600,1262912,1262762,0,1262762,250917700,1263063,1262913,0,1262913,30100,151,5016.61,false
250917700,1263063,1262913,0,1262913,250947800,1263214,1263064,0,1263064,30100,151,5016.61,false
250947800,1263214,1263064,0,1263064,250977900,1263365,1263215,0,1263215,30100,151,5016.61,false
250977900,1263365,1263215,0,1263215,251008000,1263516,1263366,0,1263366,30100,151,5016.61,false
251008000,1263516,1263366,0,1263366,251038100,1264071,1263517,0,1263517,30100,151,5016.61,true
251038100,1264071,1263517,0,1263517,251108600,1264626,1264072,0,1264072,70500,555,7872.34,true
251108600,1264626,1264072,0,1264072,251179100,1264817,1264627,0,1264627,70500,555,7872.34,true
251179100,1264817,1264627,0,1264627,251213200,1264968,1264818,0,1264818,34100,191,5601.17,true
251213200,1264968,1264818,0,1264818,251243300,1265119,1264969,0,1264969,30100,151,5016.61,false
251243300,1265119,1264969,0,1264969,251273400,1265270,1265120,0,1265120,30100,151,5016.61,false
251273400,1265270,1265120,0,1265120,251303500,1265421,1265271,0,1265271,30100,151,5016.61,false
251303500,1265421,1265271,0,1265271,251333600,1265572,1265422,0,1265422,30100,151,5016.61,false
251333600,1265572,1265422,0,1265422,251363700,1265723,1265573,0,1265573,30100,151,5016.61,false
251363700,1265723,1265573,0,1265573,251393800,1265874,1265724,0,1265724,30100,151,5016.61,false
251393800,1265874,1265724,0,1265724,251423900,1266025,1265875,0,1265875,30100,151,5016.61,false
251423900,1266025,1265875,0,1265875,251454000,1266176,1266026,0,1266026,30100,151,5016.61,false
251454000,1266176,1266026,0,1266026,251484100,1266327,1266177,0,1266177,30100,151,5016.61,false
251484100,1266327,1266177,0,1266177,251514200,1266478,1266328,0,1266328,30100,151,5016.61,false
251514200,1266478,1266328,0,1266328,251544300,1266629,1266479,0,1266479,30100,151,5016.61,false
251544300,1266629,1266479,0,1266479,251574400,1266780,1266630,0,1266630,30100,151,5016.61,false
251574400,1266780,1266630,0,1266630,251604500,1266931,1266781,0,1266781,30100,151,5016.61,false
251604500,1266931,1266781,0,1266781,251634600,1267082,1266932,0,1266932,30100,151,5016.61,false
251634600,1267082,1266932,0,1266932,251704800,1267233,1267083,0,1267083,70200,151,2151.00,false
251704800,1267233,1267083,0,1267083,251775000,1267384,1267234,0,1267234,70200,151,2151.00,false
251775000,1267384,1267234,0,1267234,251809300,1267535,1267385,0,1267385,34300,151,4402.33,false
251809300,1267535,1267385,0,1267385,251839400,1267686,1267536,0,1267536,30100,151,5016.61,false
251839400,1267686,1267536,0,1267536,251869500,1267837,1267687,0,1267687,30100,151,5016.61,false
251869500,1267837,1267687,0,1267687,251899600,1267988,1267838,0,1267838,30100,151,5016.61,false
251899600,1267988,1267838,0,1267838,251929700,1268139,1267989,0,1267989,30100,151,5016.61,false
251929700,1268139,1267989,0,1267989,251959800,1268290,1268140,0,1268140,30100,151,5016.61,false
251959800,1268290,1268140,0,1268140,251989900,1268441,1268291,0,1268291,30100,151,5016.61,false
251989900,1268441,1268291,0,1268291,252020000,1268592,1268442,0,1268442,30100,151,5016.61,false
252020000,1268592,1268442,0,1268442,252050100,1268743,1268593,0,1268593,30100,151,5016.61,false
252050100,1268743,1268593,0,1268593,252080200,1268894,1268744,0,1268744,30100,151,5016.61,false
252080200,1268894,1268744,0,1268744,252110300,1269045,1268895,0,1268895,30100,151,5016.61,false
252110300,1269045,1268895,0,1268895,252140400,1269196,1269046,0,1269046,30100,151,5016.61,false
252140400,1269196,1269046,0,1269046,252170500,1269347,1269197,0,1269197,30100,151,5016.61,false
252170500,1269347,1269197,0,1269197,252200600,1269498,1269348,0,1269348,30100,151,5016.61,false
252200600,1269498,1269348,0,1269348,252230700,1269649,1269499,0,1269499,30100,151,5016.61,false
252230700,1269649,1269499,0,1269499,252260800,1269800,1269650,0,1269650,30100,151,5016.61,false
252260800,1269800,1269650,0,1269650,252290900,1269951,1269801,0,1269801,30100,151,5016.61,false
252290900,1269951,1269801,0,1269801,252321000,1270102,1269952,0,1269952,30100,151,5016.61,false
252321000,1270102,1269952,0,1269952,252351100,1270253,1270103,0,1270103,30100,151,5016.61,false
252351100,1270253,1270103,0,1270103,252381200,1270404,1270254,0,1270254,30100,151,5016.61,false
252381200,1270404,1270254,0,1270254,252411300,1270555,1270405,0,1270405,30100,151,5016.61,false
252411300,1270555,1270405,0,1270405,252441400,1270706,1270556,0,1270556,30100,151,5016.61,false
252441400,1270706,1270556,0,1270556,252471500,1270857,1270707,0,1270707,30100,151,5016.61,false
252471500,1270857,1270707,0,1270707,252501600,1271008,1270858,0,1270858,30100,151,5016.61,false
252501600,1271008,1270858,0,1270858,252531700,1271159,1271009,0,1271009,30100,151,5016.61,false
252531700,1271159,1271009,0,1271009,252561800,1271310,1271160,0,1271160,30100,151,5016.61,false
252561800,1271310,1271160,0,1271160,252591900,1271461,1271311,0,1271311,30100,151,5016.61,false
252591900,1271461,1271311,0,1271311,252622000,1271612,1271462,0,1271462,30100,151,5016.61,false
252622000,1271612,1271462,0,1271462,252652100,1271763,1271613,0,1271613,30100,151,5016.61,false
252652100,1271763,1271613,0,1271613,252682200,1271914,1271764,0,1271764,30100,151,5016.61,false
252682200,1271914,1271764,0,1271764,252712300,1272065,1271915,0,1271915,30100,151,5016.61,false
252712300,1272065,1271915,0,1271915,252742400,1272216,1272066,0,1272066,30100,151,5016.61,false
252742400,1272216,1272066,0,1272066,252772500,1272367,1272217,0,1272217,30100,151,5016.61,false
252772500,1272367,1272217,0,1272217,252802600,1272518,1272368,0,1272368,30100,151,5016.61,false
252802600,1272518,1272368,0,1272368,252832700,1272669,1272519,0,1272519,30100,151,5016.61,false
252832700,1272669,1272519,0,1272519,252862800,1272820,1272670,0,1272670,30100,151,5016.61,false
252862800,1272820,1272670,0,1272670,252892900,1272971,1272821,0,1272821,30100,151,5016.61,false
252892900,1272971,1272821,0,1272821,252923000,1273122,1272972,0,1272972,30100,151,5016.61,false
252923000,1273122,1272972,0,1272972,252953100,1273273,1273123,0,1273123,30100,151,5016.61,false
252953100,1273273,1273123,0,1273123,252983200,1273424,1273274,0,1273274,30100,151,5016.61,false
252983200,1273424,1273274,0,1273274,253013300,1273575,1273425,0,1273425,30100,151,5016.61,false
253013300,1273575,1273425,0,1273425,253043400,1273726,1273576,0,1273576,30100,151,5016.61,false
253043400,1273726,1273576,0,1273576,253073500,1273877,1273727,0,1273727,30100,151,5016.61,false
253073500,1273877,1273727,0,1273727,253103600,1274028,1273878,0,1273878,30100,151,5016.61,false
253103600,1274028,1273878,0,1273878,253133700,1274179,1274029,0,1274029,30100,151,5016.61,false
253133700,1274179,1274029,0,1274029,253163800,1274330,1274180,0,1274180,30100,151,5016.61,false
253163800,1274330,1274180,0,1274180,253193900,1274481,1274331,0,1274331,30100,151,5016.61,false
253193900,1274481,1274331,0,1274331,253224000,1274632,1274482,0,1274482,30100,151,5016.61,false
253224000,1274632,1274482,0,1274482,253254100,1274783,1274633,0,1274633,30100,151,5016.61,false
253254100,1274783,1274633,0,1274633,253284200,1274934,1274784,0,1274784,30100,151,5016.61,false
253284200,1274934,1274784,0,1274784,253314300,1275085,1274935,0,1274935,30100,151,5016.61,false
253314300,1275085,1274935,0,1274935,253344400,1275236,1275086,0,1275086,30100,151,5016.61,false
253344400,1275236,1275086,0,1275086,253374500,1275387,1275237,0,1275237,30100,151,5016.61,false
253374500,1275387,1275237,0,1275237,253404600,1275538,1275388,0,1275388,30100,151,5016.61,false
253404600,1275538,1275388,0,1275388,253434700,1275689,1275539,0,1275539,30100,151,5016.61,false
253434700,1275689,1275539,0,1275539,253464800,1275840,1275690,0,1275690,30100,151,5016.61,false
253464800,1275840,1275690,0,1275690,253494900,1275991,1275841,0,1275841,30100,151,5016.61,false
253494900,1275991,1275841,0,1275841,253525000,1276142,1275992,0,1275992,30100,151,5016.61,false
253525000,1276142,1275992,0,1275992,253555100,1276293,1276143,0,1276143,30100,151,5016.61,false
253555100,1276293,1276143,0,1276143,253585200,1276444,1276294,0,1276294,30100,151,5016.61,false
253585200,1276444,1276294,0,1276294,253615300,1276595,1276445,0,1276445,30100,151,5016.61,false
253615300,1276595,1276445,0,1276445,253645400,1276746,1276596,0,1276596,30100,151,5016.61,false
253645400,1276746,1276596,0,1276596,253675500,1276897,1276747,0,1276747,30100,151,5016.61,false
253675500,1276897,1276747,0,1276747,253705600,1277048,1276898,0,1276898,30100,151,5016.61,false
253705600,1277048,1276898,0,1276898,253735700,1277199,1277049,0,1277049,30100,151,5016.61,false
253735700,1277199,1277049,0,1277049,253765800,1277350,1277200,0,1277200,30100,151,5016.61,false
253765800,1277350,1277200,0,1277200,253795900,1277501,1277351,0,1277351,30100,151,5016.61,false
253795900,1277501,1277351,0,1277351,253826000,1277652,1277502,0,1277502,30100,151,5016.61,false
253826000,1277652,1277502,0,1277502,253856100,1277803,1277653,0,1277653,30100,151,5016.61,false
253856100,1277803,1277653,0,1277653,253886200,1277954,1277804,0,1277804,30100,151,5016.61,false
253886200,1277954,1277804,0,1277804,253916300,1278105,1277955,0,1277955,30100,151,5016.61,false
253916300,1278105,1277955,0,1277955,253946400,1278256,1278106,0,1278106,30100,151,5016.61,false
253946400,1278256,1278106,0,1278106,253976500,1278407,1278257,0,1278257,30100,151,5016.61,false
253976500,1278407,1278257,0,1278257,254006600,1278558,1278408,0,1278408,30100,151,5016.61,false
254006600,1278558,1278408,0,1278408,254036700,1278709,1278559,0,1278559,30100,151,5016.61,false
254036700,1278709,1278559,0,1278559,254066800,1278860,1278710,0,1278710,30100,151,5016.61,false
254066800,1278860,1278710,0,1278710,254096900,1279011,1278861,0,1278861,30100,151,5016.61,false
254096900,1279011,1278861,0,1278861,254127000,1279162,1279012,0,1279012,30100,151,5016.61,false
254127000,1279162,1279012,0,1279012,254157100,1279313,1279163,0,1279163,30100,151,5016.61,false
254157100,1279313,1279163,0,1279163,254187200,1279464,1279314,0,1279314,30100,151,5016.61,false
254187200,1279464,1279314,0,1279314,254217300,1279615,1279465,0,1279465,30100,151,5016.61,false
254217300,1279615,1279465,0,1279465,254247400,1279766,1279616,0,1279616,30100,151,5016.61,false
254247400,1279766,1279616,0,1279616,254277500,1279917,1279767,0,1279767,30100,151,5016.61,false
254277500,1279917,1279767,0,1279767,254307600,1280068,1279918,0,1279918,30100,151,5016.61,false
254307600,1280068,1279918,0,1279918,254337700,1280219,1280069,0,1280069,30100,151,5016.61,false
254337700,1280219,1280069,0,1280069,254367800,1280370,1280220,0,1280220,30100,151,5016.61,false
254367800,1280370,1280220,0,1280220,254397900,1280521,1280371,0,1280371,30100,151,5016.61,false
254397900,1280521,1280371,0,1280371,254428000,1280672,1280522,0,1280522,30100,151,5016.61,false
254428000,1280672,1280522,0,1280522,254458100,1280823,1280673,0,1280673,30100,151,5016.61,false
254458200,1280824,1280674,0,1280674,254488300,1280975,1280825,0,1280825,30100,151,5016.61,false
254488300,1280975,1280825,0,1280825,254518400,1281126,1280976,0,1280976,30100,151,5016.61,false
254518400,1281126,1280976,0,1280976,254548500,1281277,1281127,0,1281127,30100,151,5016.61,false
254548500,1281277,1281127,0,1281127,254578600,1281428,1281278,0,1281278,30100,151,5016.61,false
254578600,1281428,1281278,0,1281278,254608700,1281579,1281429,0,1281429,30100,151,5016.61,false
254608700,1281579,1281429,0,1281429,254638800,1281730,1281580,0,1281580,30100,151,5016.61,false
254638800,1281730,1281580,0,1281580,254668900,1281881,1281731,0,1281731,30100,151,5016.61,false
254668900,1281881,1281731,0,1281731,254699000,1282032,1281882,0,1281882,30100,151,5016.61,false
254699000,1282032,1281882,0,1281882,254729100,1282183,1282033,0,1282033,30100,151,5016.61,false
254729100,1282183,1282033,0,1282033,254759200,1282334,1282184,0,1282184,30100,151,5016.61,false
254759200,1282334,1282184,0,1282184,254789300,1282485,1282335,0,1282335,30100,151,5016.61,false
254789300,1282485,1282335,0,1282335,254819400,1282636,1282486,0,1282486,30100,151,5016.61,false
254819400,1282636,1282486,0,1282486,254849500,1283191,1282637,0,1282637,30100,151,5016.61,true
254849500,1283191,1282637,0,1282637,254920000,1283746,1283192,0,1283192,70500,555,7872.34,true
254920000,1283746,1283192,0,1283192,254990500,1283937,1283747,0,1283747,70500,555,7872.34,true
254990500,1283937,1283747,0,1283747,255024600,1284088,1283938,0,1283938,34100,191,5601.17,true
255024600,1284088,1283938,0,1283938,255054700,1284239,1284089,0,1284089,30100,151,5016.61,false
255054700,1284239,1284089,0,1284089,255084800,1284390,1284240,0,1284240,30100,151,5016.61,false
255084800,1284390,1284240,0,1284240,255114900,1284541,1284391,0,1284391,30100,151,5016.61,false
255114900,1284541,1284391,0,1284391,255145000,1284692,1284542,0,1284542,30100,151,5016.61,false
255145000,1284692,1284542,0,1284542,255175100,1284843,1284693,0,1284693,30100,151,5016.61,false
255175100,1284843,1284693,0,1284693,255205200,1284994,1284844,0,1284844,30100,151,5016.61,false
255205200,1284994,1284844,0,1284844,255235300,1285145,1284995,0,1284995,30100,151,5016.61,false
255235300,1285145,1284995,0,1284995,255265400,1285296,1285146,0,1285146,30100,151,5016.61,false
255265400,1285296,1285146,0,1285146,255295500,1285447,1285297,0,1285297,30100,151,5016.61,false
255295500,1285447,1285297,0,1285297,255325600,1285598,1285448,0,1285448,30100,151,5016.61,false
255325600,1285598,1285448,0,1285448,255355700,1285749,1285599,0,1285599,30100,151,5016.61,false
255355700,1285749,1285599,0,1285599,255385800,1285900,1285750,0,1285750,30100,151,5016.61,false
255385800,1285900,1285750,0,1285750,255415900,1286051,1285901,0,1285901,30100,151,5016.61,false
255415900,1286051,1285901,0,1285901,255446000,1286202,1286052,0,1286052,30100,151,5016.61,false
255446000,1286202,1286052,0,1286052,255516200,1286353,1286203,0,1286203,70200,151,2151.00,false
255516200,1286353,1286203,0,1286203,255586400,1286504,1286354,0,1286354,70200,151,2151.00,false
255586400,1286504,1286354,0,1286354,255620700,1286655,1286505,0,1286505,34300,151,4402.33,false
255620700,1286655,1286505,0,1286505,255650800,1286806,1286656,0,1286656,30100,151,5016.61,false
255650800,1286806,1286656,0,1286656,255680900,1286957,1286807,0,1286807,30100,151,5016.61,false
255680900,1286957,1286807,0,1286807,255711000,1287108,1286958,0,1286958,30100,151,5016.61,false
255711000,1287108,1286958,0,1286958,255741100,1287259,1287109,0,1287109,30100,151,5016.61,false
255741100,1287259,1287109,0,1287109,255771200,1287410,1287260,0,1287260,30100,151,5016.61,false
255771200,1287410,1287260,0,1287260,255801300,1287561,1287411,0,1287411,30100,151,5016.61,false
255801300,1287561,1287411,0,1287411,255831400,1287712,1287562,0,1287562,30100,151,5016.61,false
255831400,1287712,1287562,0,1287562,255861500,1287863,1287713,0,1287713,30100,151,5016.61,false
255861500,1287863,1287713,0,1287713,255891600,1288014,1287864,0,1287864,30100,151,5016.61,false
255891600,1288014,1287864,0,1287864,255921700,1288165,1288015,0,1288015,30100,151,5016.61,false
255921700,1288165,1288015,0,1288015,255951800,1288316,1288166,0,1288166,30100,151,5016.61,false
255951800,1288316,1288166,0,1288166,255981900,1288467,1288317,0,1288317,30100,151,5016.61,false
255981900,1288467,1288317,0,1288317,256012000,1288618,1288468,0,1288468,30100,151,5016.61,false
256012000,1288618,1288468,0,1288468,256042100,1288769,1288619,0,1288619,30100,151,5016.61,false
256042100,1288769,1288619,0,1288619,256072200,1288920,1288770,0,1288770,30100,151,5016.61,false
256072200,1288920,1288770,0,1288770,256102300,1289071,1288921,0,1288921,30100,151,5016.61,false
256102300,1289071,1288921,0,1288921,256132400,1289222,1289072,0,1289072,30100,151,5016.61,false
256132400,1289222,1289072,0,1289072,256162500,1289373,1289223,0,1289223,30100,151,5016.61,false
256162500,1289373,1289223,0,1289223,256192600,1289524,1289374,0,1289374,30100,151,5016.61,false
256192600,1289524,1289374,0,1289374,256222700,1289675,1289525,0,1289525,30100,151,5016.61,false
256222700,1289675,1289525,0,1289525,256252800,1289826,1289676,0,1289676,30100,151,5016.61,false
256252800,1289826,1289676,0,1289676,256282900,1289977,1289827,0,1289827,30100,151,5016.61,false
256282900,1289977,1289827,0,1289827,256313000,1290128,1289978,0,1289978,30100,151,5016.61,false
256313000,1290128,1289978,0,1289978,256343100,1290279,1290129,0,1290129,30100,151,5016.61,false
256343100,1290279,1290129,0,1290129,256373200,1290430,1290280,0,1290280,30100,151,5016.61,false
256373200,1290430,1290280,0,1290280,256403300,1290581,1290431,0,1290431,30100,151,5016.61,false
256403300,1290581,1290431,0,1290431,256433400,1290732,1290582,0,1290582,30100,151,5016.61,false
256433400,1290732,1290582,0,1290582,256463500,1290883,1290733,0,1290733,30100,151,5016.61,false
256463500,1290883,1290733,0,1290733,256493600,1291034,1290884,0,1290884,30100,151,5016.61,false
256493600,1291034,1290884,0,1290884,256523700,1291185,1291035,0,1291035,30100,151,5016.61,false
256523700,1291185,1291035,0,1291035,256553800,1291336,1291186,0,1291186,30100,151,5016.61,false
256553800,1291336,1291186,0,1291186,256583900,1291487,1291337,0,1291337,30100,151,5016.61,false
256583900,1291487,1291337,0,1291337,256614000,1291638,1291488,0,1291488,30100,151,5016.61,false
256614000,1291638,1291488,0,1291488,256644100,1291789,1291639,0,1291639,30100,151,5016.61,false
256644100,1291789,1291639,0,1291639,256674200,1291940,1291790,0,1291790,30100,151,5016.61,false
256674200,1291940,1291790,0,1291790,256704300,1292091,1291941,0,1291941,30100,151,5016.61,false
256704300,1292091,1291941,0,1291941,256734400,1292242,1292092,0,1292092,30100,151,5016.61,false
256734400,1292242,1292092,0,1292092,256764500,1292393,1292243,0,1292243,30100,151,5016.61,false
256764500,1292393,1292243,0,1292243,256794600,1292544,1292394,0,1292394,30100,151,5016.61,false
256794600,1292544,1292394,0,1292394,256824700,1292695,1292545,0,1292545,30100,151,5016.61,false
256824700,1292695,1292545,0,1292545,256854800,1292846,1292696,0,1292696,30100,151,5016.61,false
256854800,1292846,1292696,0,1292696,256884900,1292997,1292847,0,1292847,30100,151,5016.61,false
256884900,1292997,1292847,0,1292847,256915000,1293148,1292998,0,1292998,30100,151,5016.61,false
256915000,1293148,1292998,0,1292998,256945100,1293299,1293149,0,1293149,30100,151,5016.61,false
256945100,1293299,1293149,0,1293149,256975200,1293450,1293300,0,1293300,30100,151,5016.61,false
256975200,1293450,1293300,0,1293300,257005300,1293601,1293451,0,1293451,30100,151,5016.61,false
257005300,1293601,1293451,0,1293451,257035400,1293752,1293602,0,1293602,30100,151,5016.61,false
257035400,1293752,1293602,0,1293602,257065500,1293903,1293753,0,1293753,30100,151,5016.61,false
257065500,1293903,1293753,0,1293753,257095600,1294054,1293904,0,1293904,30100,151,5016.61,false
257095600,1294054,1293904,0,1293904,257125700,1294205,1294055,0,1294055,30100,151,5016.61,false
257125700,1294205,1294055,0,1294055,257155800,1294356,1294206,0,1294206,30100,151,5016.61,false
257155800,1294356,1294206,0,1294206,257185900,1294507,1294357,0,1294357,30100,151,5016.61,false
257185900,1294507,1294357,0,1294357,257216000,1294658,1294508,0,1294508,30100,151,5016.61,false
257216000,1294658,1294508,0,1294508,257246100,1294809,1294659,0,1294659,30100,151,5016.61,false
257246100,1294809,1294659,0,1294659,257276200,1294960,1294810,0,1294810,30100,151,5016.61,false
257276200,1294960,1294810,0,1294810,257306300,1295111,1294961,0,1294961,30100,151,5016.61,false
257306300,1295111,1294961,0,1294961,257336400,1295262,1295112,0,1295112,30100,151,5016.61,false
257336400,1295262,1295112,0,1295112,257366500,1295413,1295263,0,1295263,30100,151,5016.61,false
257366500,1295413,1295263,0,1295263,257396600,1295564,1295414,0,1295414,30100,151,5016.61,false
257396600,1295564,1295414,0,1295414,257426700,1295715,1295565,0,1295565,30100,151,5016.61,false
257426700,1295715,1295565,0,1295565,257456800,1295866,1295716,0,1295716,30100,151,5016.61,false
257456800,1295866,1295716,0,1295716,257486900,1296017,1295867,0,1295867,30100,151,5016.61,false
257486900,1296017,1295867,0,1295867,257517000,1296168,1296018,0,1296018,30100,151,5016.61,false
257517000,1296168,1296018,0,1296018,257547100,1296319,1296169,0,1296169,30100,151,5016.61,false
257547100,1296319,1296169,0,1296169,257577200,1296470,1296320,0,1296320,30100,151,5016.61,false
257577200,1296470,1296320,0,1296320,257607300,1296621,1296471,0,1296471,30100,151,5016.61,false
257607300,1296621,1296471,0,1296471,257637400,1296772,1296622,0,1296622,30100,151,5016.61,false
257637400,1296772,1296622,0,1296622,257667500,1296923,1296773,0,1296773,30100,151,5016.61,false
257667500,1296923,1296773,0,1296773,257697600,1297074,1296924,0,1296924,30100,151,5016.61,false
257697600,1297074,1296924,0,1296924,257727700,1297225,1297075,0,1297075,30100,151,5016.61,false
257727700,1297225,1297075,0,1297075,257757800,1297376,1297226,0,1297226,30100,151,5016.61,false
257757800,1297376,1297226,0,1297226,257787900,1297527,1297377,0,1297377,30100,151,5016.61,false
257787900,1297527,1297377,0,1297377,257818000,1297678,1297528,0,1297528,30100,151,5016.61,false
257818000,1297678,1297528,0,1297528,257848100,1297829,1297679,0,1297679,30100,151,5016.61,false
257848100,1297829,1297679,0,1297679,257878200,1297980,1297830,0,1297830,30100,151,5016.61,false
257878200,1297980,1297830,0,1297830,257908300,1298131,1297981,0,1297981,30100,151,5016.61,false
257908300,1298131,1297981,0,1297981,257938400,1298282,1298132,0,1298132,30100,151,5016.61,false
257938400,1298282,1298132,0,1298132,257968500,1298433,1298283,0,1298283,30100,151,5016.61,false
257968500,1298433,1298283,0,1298283,257998600,1298584,1298434,0,1298434,30100,151,5016.61,false
257998600,1298584,1298434,0,1298434,258028700,1298735,1298585,0,1298585,30100,151,5016.61,false
258028700,1298735,1298585,0,1298585,258058800,1298886,1298736,0,1298736,30100,151,5016.61,false
258058800,1298886,1298736,0,1298736,258088900,1299037,1298887,0,1298887,30100,151,5016.61,false
258088900,1299037,1298887,0,1298887,258119000,1299188,1299038,0,1299038,30100,151,5016.61,false
258119000,1299188,1299038,0,1299038,258149100,1299339,1299189,0,1299189,30100,151,5016.61,false
258149100,1299339,1299189,0,1299189,258179200,1299490,1299340,0,1299340,30100,151,5016.61,false
258179200,1299490,1299340,0,1299340,258209300,1299641,1299491,0,1299491,30100,151,5016.61,false
258209300,1299641,1299491,0,1299491,258239400,1299792,1299642,0,1299642,30100,151,5016.61,false
258239400,1299792,1299642,0,1299642,258269500,1299943,1299793,0,1299793,30100,151,5016.61,false
258269600,1299944,1299794,0,1299794,258299700,1300095,1299945,0,1299945,30100,151,5016.61,false
258299700,1300095,1299945,0,1299945,258329800,1300246,1300096,0,1300096,30100,151,5016.61,false
258329800,1300246,1300096,0,1300096,258359900,1300397,1300247,0,1300247,30100,151,5016.61,false
258359900,1300397,1300247,0,1300247,258390000,1300548,1300398,0,1300398,30100,151,5016.61,false
258390000,1300548,1300398,0,1300398,258420100,1300699,1300549,0,1300549,30100,151,5016.61,false
258420100,1300699,1300549,0,1300549,258450200,1300850,1300700,0,1300700,30100,151,5016.61,false
258450200,1300850,1300700,0,1300700,258480300,1301001,1300851,0,1300851,30100,151,5016.61,false
258480300,1301001,1300851,0,1300851,258510400,1301152,1301002,0,1301002,30100,151,5016.61,false
258510400,1301152,1301002,0,1301002,258540500,1301303,1301153,0,1301153,30100,151,5016.61,false
258540500,1301303,1301153,0,1301153,258570600,1301454,1301304,0,1301304,30100,151,5016.61,false
258570600,1301454,1301304,0,1301304,258600700,1301605,1301455,0,1301455,30100,151,5016.61,false
258600700,1301605,1301455,0,1301455,258630800,1301756,1301606,0,1301606,30100,151,5016.61,false
258630800,1301756,1301606,0,1301606,258660900,1302311,1301757,0,1301757,30100,151,5016.61,true
258660900,1302311,1301757,0,1301757,258731400,1302866,1302312,0,1302312,70500,555,7872.34,true
258731400,1302866,1302312,0,1302312,258801900,1303057,1302867,0,1302867,70500,555,7872.34,true
258801900,1303057,1302867,0,1302867,258836000,1303208,1303058,0,1303058,34100,191,5601.17,true
258836000,1303208,1303058,0,1303058,258866100,1303359,1303209,0,1303209,30100,151,5016.61,false
258866100,1303359,1303209,0,1303209,258896200,1303510,1303360,0,1303360,30100,151,5016.61,false
258896200,1303510,1303360,0,1303360,258926300,1303661,1303511,0,1303511,30100,151,5016.61,false
258926300,1303661,1303511,0,1303511,258956400,1303812,1303662,0,1303662,30100,151,5016.61,false
258956400,1303812,1303662,0,1303662,258986500,1303963,1303813,0,1303813,30100,151,5016.61,false
258986500,1303963,1303813,0,1303813,259016600,1304114,1303964,0,1303964,30100,151,5016.61,false
259016600,1304114,1303964,0,1303964,259046700,1304265,1304115,0,1304115,30100,151,5016.61,false
259046700,1304265,1304115,0,1304115,259076800,1304416,1304266,0,1304266,30100,151,5016.61,false
259076800,1304416,1304266,0,1304266,259106900,1304567,1304417,0,1304417,30100,151,5016.61,false
259106900,1304567,1304417,0,1304417,259137000,1304718,1304568,0,1304568,30100,151,5016.61,false
259137000,1304718,1304568,0,1304568,259167100,1304869,1304719,0,1304719,30100,151,5016.61,false
259167100,1304869,1304719,0,1304719,259197200,1305020,1304870,0,1304870,30100,151,5016.61,false
259197200,1305020,1304870,0,1304870,259227300,1305171,1305021,0,1305021,30100,151,5016.61,false
259227300,1305171,1305021,0,1305021,259257400,1305322,1305172,0,1305172,30100,151,5016.61,false
259257400,1305322,1305172,0,1305172,259327600,1305473,1305323,0,1305323,70200,151,2151.00,false
259327600,1305473,1305323,0,1305323,259397800,1305624,1305474,0,1305474,70200,151,2151.00,false
259397800,1305624,1305474,0,1305474,259432100,1305775,1305625,0,1305625,34300,151,4402.33,false
259432100,1305775,1305625,0,1305625,259462200,1305926,1305776,0,1305776,30100,151,5016.61,false
259462200,1305926,1305776,0,1305776,259492300,1306077,1305927,0,1305927,30100,151,5016.61,false
259492300,1306077,1305927,0,1305927,259522400,1306228,1306078,0,1306078,30100,151,5016.61,false
259522400,1306228,1306078,0,1306078,259552500,1306379,1306229,0,1306229,30100,151,5016.61,false
259552500,1306379,1306229,0,1306229,259582600,1306530,1306380,0,1306380,30100,151,5016.61,false
259582600,1306530,1306380,0,1306380,259612700,1306681,1306531,0,1306531,30100,151,5016.61,false
259612700,1306681,1306531,0,1306531,259642800,1306832,1306682,0,1306682,30100,151,5016.61,false
259642800,1306832,1306682,0,1306682,259672900,1306983,1306833,0,1306833,30100,151,5016.61,false
259672900,1306983,1306833,0,1306833,259703000,1307134,1306984,0,1306984,30100,151,5016.61,false
259703000,1307134,1306984,0,1306984,259733100,1307285,1307135,0,1307135,30100,151,5016.61,false
259733100,1307285,1307135,0,1307135,259763200,1307436,1307286,0,1307286,30100,151,5016.61,false
259763200,1307436,1307286,0,1307286,259793300,1307587,1307437,0,1307437,30100,151,5016.61,false
259793300,1307587,1307437,0,1307437,259823400,1307738,1307588,0,1307588,30100,151,5016.61,false
259823400,1307738,1307588,0,1307588,259853500,1307889,1307739,0,1307739,30100,151,5016.61,false
259853500,1307889,1307739,0,1307739,259883600,1308040,1307890,0,1307890,30100,151,5016.61,false
259883600,1308040,1307890,0,1307890,259913700,1308191,1308041,0,1308041,30100,151,5016.61,false
259913700,1308191,1308041,0,1308041,259943800,1308342,1308192,0,1308192,30100,151,5016.61,false
259943800,1308342,1308192,0,1308192,259973900,1308493,1308343,0,1308343,30100,151,5016.61,false
259973900,1308493,1308343,0,1308343,260004000,1308644,1308494,0,1308494,30100,151,5016.61,false
260004000,1308644,1308494,0,1308494,260034100,1308795,1308645,0,1308645,30100,151,5016.61,false
260034100,1308795,1308645,0,1308645,260064200,1308946,1308796,0,1308796,30100,151,5016.61,false
260064200,1308946,1308796,0,1308796,260094300,1309097,1308947,0,1308947,30100,151,5016.61,false
260094300,1309097,1308947,0,1308947,260124400,1309248,1309098,0,1309098,30100,151,5016.61,false
260124400,1309248,1309098,0,1309098,260154500,1309399,1309249,0,1309249,30100,151,5016.61,false
260154500,1309399,1309249,0,1309249,260184600,1309550,1309400,0,1309400,30100,151,5016.61,false
260184600,1309550,1309400,0,1309400,260214700,1309701,1309551,0,1309551,30100,151,5016.61,false
260214700,1309701,1309551,0,1309551,260244800,1309852,1309702,0,1309702,30100,151,5016.61,false
260244800,1309852,1309702,0,1309702,260274900,1310003,1309853,0,1309853,30100,151,5016.61,false
260274900,1310003,1309853,0,1309853,260305000,1310154,1310004,0,1310004,30100,151,5016.61,false
260305000,1310154,1310004,0,1310004,260335100,1310305,1310155,0,1310155,30100,151,5016.61,false
260335100,1310305,1310155,0,1310155,260365200,1310456,1310306,0,1310306,30100,151,5016.61,false
260365200,1310456,1310306,0,1310306,260395300,1310607,1310457,0,1310457,30100,151,5016.61,false
260395300,1310607,1310457,0,1310457,260425400,1310758,1310608,0,1310608,30100,151,5016.61,false
260425400,1310758,1310608,0,1310608,260455500,1310909,1310759,0,1310759,30100,151,5016.61,false
260455500,1310909,1310759,0,1310759,260485600,1311060,1310910,0,1310910,30100,151,5016.61,false
260485600,1311060,1310910,0,1310910,260515700,1311211,1311061,0,1311061,30100,151,5016.61,false
260515700,1311211,1311061,0,1311061,260545800,1311362,1311212,0,1311212,30100,151,5016.61,false
260545800,1311362,1311212,0,1311212,260575900,1311513,1311363,0,1311363,30100,151,5016.61,false
260575900,1311513,1311363,0,1311363,260606000,1311664,1311514,0,1311514,30100,151,5016.61,false
260606000,1311664,1311514,0,1311514,260636100,1311815,1311665,0,1311665,30100,151,5016.61,false
260636100,1311815,1311665,0,1311665,260666200,1311966,1311816,0,1311816,30100,151,5016.61,false
260666200,1311966,1311816,0,1311816,260696300,1312117,1311967,0,1311967,30100,151,5016.61,false
260696300,1312117,1311967,0,1311967,260726400,1312268,1312118,0,1312118,30100,151,5016.61,false
260726400,1312268,1312118,0,1312118,260756500,1312419,1312269,0,1312269,30100,151,5016.61,false
260756500,1312419,1312269,0,1312269,260786600,1312570,1312420,0,1312420,30100,151,5016.61,false
260786600,1312570,1312420,0,1312420,260816700,1312721,1312571,0,1312571,30100,151,5016.61,false
260816700,1312721,1312571,0,1312571,260846800,1312872,1312722,0,1312722,30100,151,5016.61,false
260846800,1312872,1312722,0,1312722,260876900,1313023,1312873,0,1312873,30100,151,5016.61,false
260876900,1313023,1312873,0,1312873,260907000,1313174,1313024,0,1313024,30100,151,5016.61,false
260907000,1313174,1313024,0,1313024,260937100,1313325,1313175,0,1313175,30100,151,5016.61,false
260937100,1313325,1313175,0,1313175,260967200,1313476,1313326,0,1313326,30100,151,5016.61,false
260967200,1313476,1313326,0,1313326,260997300,1313627,1313477,0,1313477,30100,151,5016.61,false
260997300,1313627,1313477,0,1313477,261027400,1313778,1313628,0,1313628,30100,151,5016.61,false
261027400,1313778,1313628,0,1313628,261057500,1313929,1313779,0,1313779,30100,151,5016.61,false
261057500,1313929,1313779,0,1313779,261087600,1314080,1313930,0,1313930,30100,151,5016.61,false
261087600,1314080,1313930,0,1313930,261117700,1314231,1314081,0,1314081,30100,151,5016.61,false
261117700,1314231,1314081,0,1314081,261147800,1314382,1314232,0,1314232,30100,151,5016.61,false
261147800,1314382,1314232,0,1314232,261177900,1314533,1314383,0,1314383,30100,151,5016.61,false
261177900,1314533,1314383,0,1314383,261208000,1314684,1314534,0,1314534,30100,151,5016.61,false
261208000,1314684,1314534,0,1314534,261238100,1314835,1314685,0,1314685,30100,151,5016.61,false
261238100,1314835,1314685,0,1314685,261268200,1314986,1314836,0,1314836,30100,151,5016.61,false
261268200,1314986,1314836,0,1314836,261298300,1315137,1314987,0,1314987,30100,151,5016.61,false
261298300,1315137,1314987,0,1314987,261328400,1315288,1315138,0,1315138,30100,151,5016.61,false
261328400,1315288,1315138,0,1315138,261358500,1315439,1315289,0,1315289,30100,151,5016.61,false
261358500,1315439,1315289,0,1315289,261388600,1315590,1315440,0,1315440,30100,151,5016.61,false
261388600,1315590,1315440,0,1315440,261418700,1315741,1315591,0,1315591,30100,151,5016.61,false
261418700,1315741,1315591,0,1315591,261448800,1315892,1315742,0,1315742,30100,151,5016.61,false
261448800,1315892,1315742,0,1315742,261478900,1316043,1315893,0,1315893,30100,151,5016.61,false
261478900,1316043,1315893,0,1315893,261509000,1316194,1316044,0,1316044,30100,151,5016.61,false
261509000,1316194,1316044,0,1316044,261539100,1316345,1316195,0,1316195,30100,151,5016.61,false
261539100,1316345,1316195,0,1316195,261569200,1316496,1316346,0,1316346,30100,151,5016.61,false
261569200,1316496,1316346,0,1316346,261599300,1316647,1316497,0,1316497,30100,151,5016.61,false
261599300,1316647,1316497,0,1316497,261629400,1316798,1316648,0,1316648,30100,151,5016.61,false
261629400,1316798,1316648,0,1316648,261659500,1316949,1316799,0,1316799,30100,151,5016.61,false
261659500,1316949,1316799,0,1316799,261689600,1317100,1316950,0,1316950,30100,151,5016.61,false
261689600,1317100,1316950,0,1316950,261719700,1317251,1317101,0,1317101,30100,151,5016.61,false
261719700,1317251,1317101,0,1317101,261749800,1317402,1317252,0,1317252,30100,151,5016.61,false
261749800,1317402,1317252,0,1317252,261779900,1317553,1317403,0,1317403,30100,151,5016.61,false
261779900,1317553,1317403,0,1317403,261810000,1317704,1317554,0,1317554,30100,151,5016.61,false
261810000,1317704,1317554,0,1317554,261840100,1317855,1317705,0,1317705,30100,151,5016.61,false
261840100,1317855,1317705,0,1317705,261870200,1318006,1317856,0,1317856,30100,151,5016.61,false
261870200,1318006,1317856,0,1317856,261900300,1318157,1318007,0,1318007,30100,151,5016.61,false
261900300,1318157,1318007,0,1318007,261930400,1318308,1318158,0,1318158,30100,151,5016.61,false
261930400,1318308,1318158,0,1318158,261960500,1318459,1318309,0,1318309,30100,151,5016.61,false
261960500,1318459,1318309,0,1318309,261990600,1318610,1318460,0,1318460,30100,151,5016.61,false
261990600,1318610,1318460,0,1318460,262020700,1318761,1318611,0,1318611,30100,151,5016.61,false
262020700,1318761,1318611,0,1318611,262050800,1318912,1318762,0,1318762,30100,151,5016.61,false
262050800,1318912,1318762,0,1318762,262080900,1319063,1318913,0,1318913,30100,151,5016.61,false
262081000,1319064,1318914,0,1318914,262111100,1319215,1319065,0,1319065,30100,151,5016.61,false
262111100,1319215,1319065,0,1319065,262141200,1319366,1319216,0,1319216,30100,151,5016.61,false
262141200,1319366,1319216,0,1319216,262171300,1319517,1319367,0,1319367,30100,151,5016.61,false
262171300,1319517,1319367,0,1319367,262201400,1319668,1319518,0,1319518,30100,151,5016.61,false
262201400,1319668,1319518,0,1319518,262231500,1319819,1319669,0,1319669,30100,151,5016.61,false
262231500,1319819,1319669,0,1319669,262261600,1319970,1319820,0,1319820,30100,151,5016.61,false
262261600,1319970,1319820,0,1319820,262291700,1320121,1319971,0,1319971,30100,151,5016.61,false
262291700,1320121,1319971,0,1319971,262321800,1320272,1320122,0,1320122,30100,151,5016.61,false
262321800,1320272,1320122,0,1320122,262351900,1320423,1320273,0,1320273,30100,151,5016.61,false
262351900,1320423,1320273,0,1320273,262382000,1320574,1320424,0,1320424,30100,151,5016.61,false
262382000,1320574,1320424,0,1320424,262412100,1320725,1320575,0,1320575,30100,151,5016.61,false
262412100,1320725,1320575,0,1320575,262442200,1320876,1320726,0,1320726,30100,151,5016.61,false
262442200,1320876,1320726,0,1320726,262472300,1321431,1320877,0,1320877,30100,151,5016.61,true
262472300,1321431,1320877,0,1320877,262542800,1321986,1321432,0,1321432,70500,555,7872.34,true
262542800,1321986,1321432,0,1321432,262613300,1322177,1321987,0,1321987,70500,555,7872.34,true
262613300,1322177,1321987,0,1321987,262647400,1322328,1322178,0,1322178,34100,191,5601.17,true
262647400,1322328,1322178,0,1322178,262677500,1322479,1322329,0,1322329,30100,151,5016.61,false
262677500,1322479,1322329,0,1322329,262707600,1322630,1322480,0,1322480,30100,151,5016.61,false
262707600,1322630,1322480,0,1322480,262737700,1322781,1322631,0,1322631,30100,151,5016.61,false
262737700,1322781,1322631,0,1322631,262767800,1322932,1322782,0,1322782,30100,151,5016.61,false
262767800,1322932,1322782,0,1322782,262797900,1323083,1322933,0,1322933,30100,151,5016.61,false
262797900,1323083,1322933,0,1322933,262828000,1323234,1323084,0,1323084,30100,151,5016.61,false
262828000,1323234,1323084,0,1323084,262858100,1323385,1323235,0,1323235,30100,151,5016.61,false
262858100,1323385,1323235,0,1323235,262888200,1323536,1323386,0,1323386,30100,151,5016.61,false
262888200,1323536,1323386,0,1323386,262918300,1323687,1323537,0,1323537,30100,151,5016.61,false
262918300,1323687,1323537,0,1323537,262948400,1323838,1323688,0,1323688,30100,151,5016.61,false
262948400,1323838,1323688,0,1323688,262978500,1323989,1323839,0,1323839,30100,151,5016.61,false
262978500,1323989,1323839,0,1323839,263008600,1324140,1323990,0,1323990,30100,151,5016.61,false
263008600,1324140,1323990,0,1323990,263038700,1324291,1324141,0,1324141,30100,151,5016.61,false
263038700,1324291,1324141,0,1324141,263068800,1324442,1324292,0,1324292,30100,151,5016.61,false
263068800,1324442,1324292,0,1324292,263139000,1324593,1324443,0,1324443,70200,151,2151.00,false
263139000,1324593,1324443,0,1324443,263209200,1324744,1324594,0,1324594,70200,151,2151.00,false
263209200,1324744,1324594,0,1324594,263243500,1324895,1324745,0,1324745,34300,151,4402.33,false
263243500,1324895,1324745,0,1324745,263273600,1325046,1324896,0,1324896,30100,151,5016.61,false
263273600,1325046,1324896,0,1324896,263303700,1325197,1325047,0,1325047,30100,151,5016.61,false
263303700,1325197,1325047,0,1325047,263333800,1325348,1325198,0,1325198,30100,151,5016.61,false
263333800,1325348,1325198,0,1325198,263363900,1325499,1325349,0,1325349,30100,151,5016.61,false
263363900,1325499,1325349,0,1325349,263394000,1325650,1325500,0,1325500,30100,151,5016.61,false
263394000,1325650,1325500,0,1325500,263424100,1325801,1325651,0,1325651,30100,151,5016.61,false
263424100,1325801,1325651,0,1325651,263454200,1325952,1325802,0,1325802,30100,151,5016.61,false
263454200,1325952,1325802,0,1325802,263484300,1326103,1325953,0,1325953,30100,151,5016.61,false
263484300,1326103,1325953,0,1325953,263514400,1326254,1326104,0,1326104,30100,151,5016.61,false
263514400,1326254,1326104,0,1326104,263544500,1326405,1326255,0,1326255,30100,151,5016.61,false
263544500,1326405,1326255,0,1326255,263574600,1326556,1326406,0,1326406,30100,151,5016.61,false
263574600,1326556,1326406,0,1326406,263604700,1326707,1326557,0,1326557,30100,151,5016.61,false
263604700,1326707,1326557,0,1326557,263634800,1326858,1326708,0,1326708,30100,151,5016.61,false
263634800,1326858,1326708,0,1326708,263664900,1327009,1326859,0,1326859,30100,151,5016.61,false
263664900,1327009,1326859,0,1326859,263695000,1327160,1327010,0,1327010,30100,151,5016.61,false
263695000,1327160,1327010,0,1327010,263725100,1327311,1327161,0,1327161,30100,151,5016.61,false
263725100,1327311,1327161,0,1327161,263755200,1327462,1327312,0,1327312,30100,151,5016.61,false
263755200,1327462,1327312,0,1327312,263785300,1327613,1327463,0,1327463,30100,151,5016.61,false
263785300,1327613,1327463,0,1327463,263815400,1327764,1327614,0,1327614,30100,151,5016.61,false
263815400,1327764,1327614,0,1327614,263845500,1327915,1327765,0,1327765,30100,151,5016.61,false
263845500,1327915,1327765,0,1327765,263875600,1328066,1327916,0,1327916,30100,151,5016.61,false
263875600,1328066,1327916,0,1327916,263905700,1328217,1328067,0,1328067,30100,151,5016.61,false
263905700,1328217,1328067,0,1328067,263935800,1328368,1328218,0,1328218,30100,151,5016.61,false
263935800,1328368,1328218,0,1328218,263965900,1328519,1328369,0,1328369,30100,151,5016.61,false
263965900,1328519,1328369,0,1328369,263996000,1328670,1328520,0,1328520,30100,151,5016.61,false
263996000,1328670,1328520,0,1328520,264026100,1328821,1328671,0,1328671,30100,151,5016.61,false
264026100,1328821,1328671,0,1328671,264056200,1328972,1328822,0,1328822,30100,151,5016.61,false
264056200,1328972,1328822,0,1328822,264086300,1329123,1328973,0,1328973,30100,151,5016.61,false
264086300,1329123,1328973,0,1328973,264116400,1329274,1329124,0,1329124,30100,151,5016.61,false
264116400,1329274,1329124,0,1329124,264146500,1329425,1329275,0,1329275,30100,151,5016.61,false
264146500,1329425,1329275,0,1329275,264176600,1329576,1329426,0,1329426,30100,151,5016.61,false
264176600,1329576,1329426,0,1329426,264206700,1329727,1329577,0,1329577,30100,151,5016.61,false
264206700,1329727,1329577,0,1329577,264236800,1329878,1329728,0,1329728,30100,151,5016.61,false
264236800,1329878,1329728,0,1329728,264266900,1330029,1329879,0,1329879,30100,151,5016.61,false
264266900,1330029,1329879,0,1329879,264297000,1330180,1330030,0,1330030,30100,151,5016.61,false
264297000,1330180,1330030,0,1330030,264327100,1330331,1330181,0,1330181,30100,151,5016.61,false
264327100,1330331,1330181,0,1330181,264357200,1330482,1330332,0,1330332,30100,151,5016.61,false
264357200,1330482,1330332,0,1330332,264387300,1330633,1330483,0,1330483,30100,151,5016.61,false
264387300,1330633,1330483,0,1330483,264417400,1330784,1330634,0,1330634,30100,151,5016.61,false
264417400,1330784,1330634,0,1330634,264447500,1330935,1330785,0,1330785,30100,151,5016.61,false
264447500,1330935,1330785,0,1330785,264477600,1331086,1330936,0,1330936,30100,151,5016.61,false
264477600,1331086,1330936,0,1330936,264507700,1331237,1331087,0,1331087,30100,151,5016.61,false
264507700,1331237,1331087,0,1331087,264537800,1331388,1331238,0,1331238,30100,151,5016.61,false
264537800,1331388,1331238,0,1331238,264567900,1331539,1331389,0,1331389,30100,151,5016.61,false
264567900,1331539,1331389,0,1331389,264598000,1331690,1331540,0,1331540,30100,151,5016.61,false
264598000,1331690,1331540,0,1331540,264628100,1331841,1331691,0,1331691,30100,151,5016.61,false
264628100,1331841,1331691,0,1331691,264658200,1331992,1331842,0,1331842,30100,151,5016.61,false
264658200,1331992,1331842,0,1331842,264688300,1332143,1331993,0,1331993,30100,151,5016.61,false
264688300,1332143,1331993,0,1331993,264718400,1332294,1332144,0,1332144,30100,151,5016.61,false
264718400,1332294,1332144,0,1332144,264748500,1332445,1332295,0,1332295,30100,151,5016.61,false
264748500,1332445,1332295,0,1332295,264778600,1332596,1332446,0,1332446,30100,151,5016.61,false
264778600,1332596,1332446,0,1332446,264808700,1332747,1332597,0,1332597,30100,151,5016.61,false
264808700,1332747,1332597,0,1332597,264838800,1332898,1332748,0,1332748,30100,151,5016.61,false
264838800,1332898,1332748,0,1332748,264868900,1333049,1332899,0,1332899,30100,151,5016.61,false
264868900,1333049,1332899,0,1332899,264899000,1333200,1333050,0,1333050,30100,151,5016.61,false
264899000,1333200,1333050,0,1333050,264929100,1333351,1333201,0,1333201,30100,151,5016.61,false
264929100,1333351,1333201,0,1333201,264959200,1333502,1333352,0,1333352,30100,151,5016.61,false
264959200,1333502,1333352,0,1333352,264989300,1333653,1333503,0,1333503,30100,151,5016.61,false
264989300,1333653,1333503,0,1333503,265019400,1333804,1333654,0,1333654,30100,151,5016.61,false
265019400,1333804,1333654,0,1333654,265049500,1333955,1333805,0,1333805,30100,151,5016.61,false
265049500,1333955,1333805,0,1333805,265079600,1334106,1333956,0,1333956,30100,151,5016.61,false
265079600,1334106,1333956,0,1333956,265109700,1334257,1334107,0,1334107,30100,151,5016.61,false
265109700,1334257,1334107,0,1334107,265139800,1334408,1334258,0,1334258,30100,151,5016.61,false
265139800,1334408,1334258,0,1334258,265169900,1334559,1334409,0,1334409,30100,151,5016.61,false
265169900,1334559,1334409,0,1334409,265200000,1334710,1334560,0,1334560,30100,151,5016.61,false
265200000,1334710,1334560,0,1334560,265230100,1334861,1334711,0,1334711,30100,151,5016.61,false
265230100,1334861,1334711,0,1334711,265260200,1335012,1334862,0,1334862,30100,151,5016.61,false
265260200,1335012,1334862,0,1334862,265290300,1335163,1335013,0,1335013,30100,151,5016.61,false
265290300,1335163,1335013,0,1335013,265320400,1335314,1335164,0,1335164,30100,151,5016.61,false
265320400,1335314,1335164,0,1335164,265350500,1335465,1335315,0,1335315,30100,151,5016.61,false
265350500,1335465,1335315,0,1335315,265380600,1335616,1335466,0,1335466,30100,151,5016.61,false
265380600,1335616,1335466,0,1335466,265410700,1335767,1335617,0,1335617,30100,151,5016.61,false
265410700,1335767,1335617,0,1335617,265440800,1335918,1335768,0,1335768,30100,151,5016.61,false
265440800,1335918,1335768,0,1335768,265470900,1336069,1335919,0,1335919,30100,151,5016.61,false
265470900,1336069,1335919,0,1335919,265501000,1336220,1336070,0,1336070,30100,151,5016.61,false
265501000,1336220,1336070,0,1336070,265531100,1336371,1336221,0,1336221,30100,151,5016.61,false
265531100,1336371,1336221,0,1336221,265561200,1336522,1336372,0,1336372,30100,151,5016.61,false
265561200,1336522,1336372,0,1336372,265591300,1336673,1336523,0,1336523,30100,151,5016.61,false
265591300,1336673,1336523,0,1336523,265621400,1336824,1336674,0,1336674,30100,151,5016.61,false
265621400,1336824,1336674,0,1336674,265651500,1336975,1336825,0,1336825,30100,151,5016.61,false
265651500,1336975,1336825,0,1336825,265681600,1337126,1336976,0,1336976,30100,151,5016.61,false
265681600,1337126,1336976,0,1336976,265711700,1337277,1337127,0,1337127,30100,151,5016.61,false
265711700,1337277,1337127,0,1337127,265741800,1337428,1337278,0,1337278,30100,151,5016.61,false
265741800,1337428,1337278,0,1337278,265771900,1337579,1337429,0,1337429,30100,151,5016.61,false
265771900,1337579,1337429,0,1337429,265802000,1337730,1337580,0,1337580,30100,151,5016.61,false
265802000,1337730,1337580,0,1337580,265832100,1337881,1337731,0,1337731,30100,151,5016.61,false
265832100,1337881,1337731,0,1337731,265862200,1338032,1337882,0,1337882,30100,151,5016.61,false
265862200,1338032,1337882,0,1337882,265892300,1338183,1338033,0,1338033,30100,151,5016.61,false
265892400,1338184,1338034,0,1338034,265922500,1338335,1338185,0,1338185,30100,151,5016.61,false
265922500,1338335,1338185,0,1338185,265952600,1338486,1338336,0,1338336,30100,151,5016.61,false
265952600,1338486,1338336,0,1338336,265982700,1338637,1338487,0,1338487,30100,151,5016.61,false
265982700,1338637,1338487,0,1338487,266012800,1338788,1338638,0,1338638,30100,151,5016.61,false
266012800,1338788,1338638,0,1338638,266042900,1338939,1338789,0,1338789,30100,151,5016.61,false
266042900,1338939,1338789,0,1338789,266073000,1339090,1338940,0,1338940,30100,151,5016.61,false
266073000,1339090,1338940,0,1338940,266103100,1339241,1339091,0,1339091,30100,151,5016.61,false
266103100,1339241,1339091,0,1339091,266133200,1339392,1339242,0,1339242,30100,151,5016.61,false
266133200,1339392,1339242,0,1339242,266163300,1339543,1339393,0,1339393,30100,151,5016.61,false
266163300,1339543,1339393,0,1339393,266193400,1339694,1339544,0,1339544,30100,151,5016.61,false
266193400,1339694,1339544,0,1339544,266223500,1339845,1339695,0,1339695,30100,151,5016.61,false
266223500,1339845,1339695,0,1339695,266253600,1339996,1339846,0,1339846,30100,151,5016.61,false
266253600,1339996,1339846,0,1339846,266283700,1340551,1339997,0,1339997,30100,151,5016.61,true
266283700,1340551,1339997,0,1339997,266354200,1341106,1340552,0,1340552,70500,555,7872.34,true
266354200,1341106,1340552,0,1340552,266424700,1341297,1341107,0,1341107,70500,555,7872.34,true
266424700,1341297,1341107,0,1341107,266458800,1341448,1341298,0,1341298,34100,191,5601.17,true
266458800,1341448,1341298,0,1341298,266488900,1341599,1341449,0,1341449,30100,151,5016.61,false
266488900,1341599,1341449,0,1341449,266519000,1341750,1341600,0,1341600,30100,151,5016.61,false
266519000,1341750,1341600,0,1341600,266549100,1341901,1341751,0,1341751,30100,151,5016.61,false
266549100,1341901,1341751,0,1341751,266579200,1342052,1341902,0,1341902,30100,151,5016.61,false
266579200,1342052,1341902,0,1341902,266609300,1342203,1342053,0,1342053,30100,151,5016.61,false
266609300,1342203,1342053,0,1342053,266639400,1342354,1342204,0,1342204,30100,151,5016.61,false
266639400,1342354,1342204,0,1342204,266669500,1342505,1342355,0,1342355,30100,151,5016.61,false
266669500,1342505,1342355,0,1342355,266699600,1342656,1342506,0,1342506,30100,151,5016.61,false
266699600,1342656,1342506,0,1342506,266729700,1342807,1342657,0,1342657,30100,151,5016.61,false
266729700,1342807,1342657,0,1342657,266759800,1342958,1342808,0,1342808,30100,151,5016.61,false
266759800,1342958,1342808,0,1342808,266789900,1343109,1342959,0,1342959,30100,151,5016.61,false
266789900,1343109,1342959,0,1342959,266820000,1343260,1343110,0,1343110,30100,151,5016.61,false
266820000,1343260,1343110,0,1343110,266850100,1343411,1343261,0,1343261,30100,151,5016.61,false
266850100,1343411,1343261,0,1343261,266880200,1343562,1343412,0,1343412,30100,151,5016.61,false
266880200,1343562,1343412,0,1343412,266950400,1343713,1343563,0,1343563,70200,151,2151.00,false
266950400,1343713,1343563,0,1343563,267020600,1343864,1343714,0,1343714,70200,151,2151.00,false
267020600,1343864,1343714,0,1343714,267054900,1344015,1343865,0,1343865,34300,151,4402.33,false
267054900,1344015,1343865,0,1343865,267085000,1344166,1344016,0,1344016,30100,151,5016.61,false
267085000,1344166,1344016,0,1344016,267115100,1344317,1344167,0,1344167,30100,151,5016.61,false
267115100,1344317,1344167,0,1344167,267145200,1344468,1344318,0,1344318,30100,151,5016.61,false
267145200,1344468,1344318,0,1344318,267175300,1344619,1344469,0,1344469,30100,151,5016.61,false
267175300,1344619,1344469,0,1344469,267205400,1344770,1344620,0,1344620,30100,151,5016.61,false
267205400,1344770,1344620,0,1344620,267235500,1344921,1344771,0,1344771,30100,151,5016.61,false
267235500,1344921,1344771,0,1344771,267265600,1345072,1344922,0,1344922,30100,151,5016.61,false
267265600,1345072,1344922,0,1344922,267295700,1345223,1345073,0,1345073,30100,151,5016.61,false
267295700,1345223,1345073,0,1345073,267325800,1345374,1345224,0,1345224,30100,151,5016.61,false
267325800,1345374,1345224,0,1345224,267355900,1345525,1345375,0,1345375,30100,151,5016.61,false
267355900,1345525,1345375,0,1345375,267386000,1345676,1345526,0,1345526,30100,151,5016.61,false
267386000,1345676,1345526,0,1345526,267416100,1345827,1345677,0,1345677,30100,151,5016.61,false
267416100,1345827,1345677,0,1345677,267446200,1345978,1345828,0,1345828,30100,151,5016.61,false
267446200,1345978,1345828,0,1345828,267476300,1346129,1345979,0,1345979,30100,151,5016.61,false
267476300,1346129,1345979,0,1345979,267506400,1346280,1346130,0,1346130,30100,151,5016.61,false
267506400,1346280,1346130,0,1346130,267536500,1346431,1346281,0,1346281,30100,151,5016.61,false
267536500,1346431,1346281,0,1346281,267566600,1346582,1346432,0,1346432,30100,151,5016.61,false
267566600,1346582,1346432,0,1346432,267596700,1346733,1346583,0,1346583,30100,151,5016.61,false
267596700,1346733,1346583,0,1346583,267626800,1346884,1346734,0,1346734,30100,151,5016.61,false
267626800,1346884,1346734,0,1346734,267656900,1347035,1346885,0,1346885,30100,151,5016.61,false
267656900,1347035,1346885,0,1346885,267687000,1347186,1347036,0,1347036,30100,151,5016.61,false
267687000,1347186,1347036,0,1347036,267717100,1347337,1347187,0,1347187,30100,151,5016.61,false
267717100,1347337,1347187,0,1347187,267747200,1347488,1347338,0,1347338,30100,151,5016.61,false
267747200,1347488,1347338,0,1347338,267777300,1347639,1347489,0,1347489,30100,151,5016.61,false
267777300,1347639,1347489,0,1347489,267807400,1347790,1347640,0,1347640,30100,151,5016.61,false
267807400,1347790,1347640,0,1347640,267837500,1347941,1347791,0,1347791,30100,151,5016.61,false
267837500,1347941,1347791,0,1347791,267867600,1348092,1347942,0,1347942,30100,151,5016.61,false
267867600,1348092,1347942,0,1347942,267897700,1348243,1348093,0,1348093,30100,151,5016.61,false
267897700,1348243,1348093,0,1348093,267927800,1348394,1348244,0,1348244,30100,151,5016.61,false
267927800,1348394,1348244,0,1348244,267957900,1348545,1348395,0,1348395,30100,151,5016.61,false
267957900,1348545,1348395,0,1348395,267988000,1348696,1348546,0,1348546,30100,151,5016.61,false
267988000,1348696,1348546,0,1348546,268018100,1348847,1348697,0,1348697,30100,151,5016.61,false
268018100,1348847,1348697,0,1348697,268048200,1348998,1348848,0,1348848,30100,151,5016.61,false
268048200,1348998,1348848,0,1348848,268078300,1349149,1348999,0,1348999,30100,151,5016.61,false
268078300,1349149,1348999,0,1348999,268108400,1349300,1349150,0,1349150,30100,151,5016.61,false
268108400,1349300,1349150,0,1349150,268138500,1349451,1349301,0,1349301,30100,151,5016.61,false
268138500,1349451,1349301,0,1349301,268168600,1349602,1349452,0,1349452,30100,151,5016.61,false
268168600,1349602,1349452,0,1349452,268198700,1349753,1349603,0,1349603,30100,151,5016.61,false
268198700,1349753,1349603,0,1349603,268228800,1349904,1349754,0,1349754,30100,151,5016.61,false
268228800,1349904,1349754,0,1349754,268258900,1350055,1349905,0,1349905,30100,151,5016.61,false
268258900,1350055,1349905,0,1349905,268289000,1350206,1350056,0,1350056,30100,151,5016.61,false
268289000,1350206,1350056,0,1350056,268319100,1350357,1350207,0,1350207,30100,151,5016.61,false
268319100,1350357,1350207,0,1350207,268349200,1350508,1350358,0,1350358,30100,151,5016.61,false
268349200,1350508,1350358,0,1350358,268379300,1350659,1350509,0,1350509,30100,151,5016.61,false
268379300,1350659,1350509,0,1350509,268409400,1350810,1350660,0,1350660,30100,151,5016.61,false
268409400,1350810,1350660,0,1350660,268439500,1350961,1350811,0,1350811,30100,151,5016.61,false
268439500,1350961,1350811,0,1350811,268469600,1351112,1350962,0,1350962,30100,151,5016.61,false
268469600,1351112,1350962,0,1350962,268499700,1351263,1351113,0,1351113,30100,151,5016.61,false
268499700,1351263,1351113,0,1351113,268529800,1351414,1351264,0,1351264,30100,151,5016.61,false
268529800,1351414,1351264,0,1351264,268559900,1351565,1351415,0,1351415,30100,151,5016.61,false
268559900,1351565,1351415,0,1351415,268590000,1351716,1351566,0,1351566,30100,151,5016.61,false
268590000,1351716,1351566,0,1351566,268620100,1351867,1351717,0,1351717,30100,151,5016.61,false
268620100,1351867,1351717,0,1351717,268650200,1352018,1351868,0,1351868,30100,151,5016.61,false
268650200,1352018,1351868,0,1351868,268680300,1352169,1352019,0,1352019,30100,151,5016.61,false
268680300,1352169,1352019,0,1352019,268710400,1352320,1352170,0,1352170,30100,151,5016.61,false
268710400,1352320,1352170,0,1352170,268740500,1352471,1352321,0,1352321,30100,151,5016.61,false
268740500,1352471,1352321,0,1352321,268770600,1352622,1352472,0,1352472,30100,151,5016.61,false
268770600,1352622,1352472,0,1352472,268800700,1352773,1352623,0,1352623,30100,151,5016.61,false
268800700,1352773,1352623,0,1352623,268830800,1352924,1352774,0,1352774,30100,151,5016.61,false
268830800,1352924,1352774,0,1352774,268860900,1353075,1352925,0,1352925,30100,151,5016.61,false
268860900,1353075,1352925,0,1352925,268891000,1353226,1353076,0,1353076,30100,151,5016.61,false
268891000,1353226,1353076,0,1353076,268921100,1353377,1353227,0,1353227,30100,151,5016.61,false
268921100,1353377,1353227,0,1353227,268951200,1353528,1353378,0,1353378,30100,151,5016.61,false
268951200,1353528,1353378,0,1353378,268981300,1353679,1353529,0,1353529,30100,151,5016.61,false
268981300,1353679,1353529,0,1353529,269011400,1353830,1353680,0,1353680,30100,151,5016.61,false
269011400,1353830,1353680,0,1353680,269041500,1353981,1353831,0,1353831,30100,151,5016.61,false
269041500,1353981,1353831,0,1353831,269071600,1354132,1353982,0,1353982,30100,151,5016.61,false
269071600,1354132,1353982,0,1353982,269101700,1354283,1354133,0,1354133,30100,151,5016.61,false
269101700,1354283,1354133,0,1354133,269131800,1354434,1354284,0,1354284,30100,151,5016.61,false
269131800,1354434,1354284,0,1354284,269161900,1354585,1354435,0,1354435,30100,151,5016.61,false
269161900,1354585,1354435,0,1354435,269192000,1354736,1354586,0,1354586,30100,151,5016.61,false
269192000,1354736,1354586,0,1354586,269222100,1354887,1354737,0,1354737,30100,151,5016.61,false
269222100,1354887,1354737,0,1354737,269252200,1355038,1354888,0,1354888,30100,151,5016.61,false
269252200,1355038,1354888,0,1354888,269282300,1355189,1355039,0,1355039,30100,151,5016.61,false
269282300,1355189,1355039,0,1355039,269312400,1355340,1355190,0,1355190,30100,151,5016.61,false
269312400,1355340,1355190,0,1355190,269342500,1355491,1355341,0,1355341,30100,151,5016.61,false
269342500,1355491,1355341,0,1355341,269372600,1355642,1355492,0,1355492,30100,151,5016.61,false
269372600,1355642,1355492,0,1355492,269402700,1355793,1355643,0,1355643,30100,151,5016.61,false
269402700,1355793,1355643,0,1355643,269432800,1355944,1355794,0,1355794,30100,151,5016.61,false
269432800,1355944,1355794,0,1355794,269462900,1356095,1355945,0,1355945,30100,151,5016.61,false
269462900,1356095,1355945,0,1355945,269493000,1356246,1356096,0,1356096,30100,151,5016.61,false
269493000,1356246,1356096,0,1356096,269523100,1356397,1356247,0,1356247,30100,151,5016.61,false
269523100,1356397,1356247,0,1356247,269553200,1356548,1356398,0,1356398,30100,151,5016.61,false
269553200,1356548,1356398,0,1356398,269583300,1356699,1356549,0,1356549,30100,151,5016.61,false
269583300,1356699,1356549,0,1356549,269613400,1356850,1356700,0,1356700,30100,151,5016.61,false
269613400,1356850,1356700,0,1356700,269643500,1357001,1356851,0,1356851,30100,151,5016.61,false
269643500,1357001,1356851,0,1356851,269673600,1357152,1357002,0,1357002,30100,151,5016.61,false
269673600,1357152,1357002,0,1357002,269703700,1357303,1357153,0,1357153,30100,151,5016.61,false
269703800,1357304,1357154,0,1357154,269733900,1357455,1357305,0,1357305,30100,151,5016.61,false
269733900,1357455,1357305,0,1357305,269764000,1357606,1357456,0,1357456,30100,151,5016.61,false
269764000,1357606,1357456,0,1357456,269794100,1357757,1357607,0,1357607,30100,151,5016.61,false
269794100,1357757,1357607,0,1357607,269824200,1357908,1357758,0,1357758,30100,151,5016.61,false
269824200,1357908,1357758,0,1357758,269854300,1358059,1357909,0,1357909,30100,151,5016.61,false
269854300,1358059,1357909,0,1357909,269884400,1358210,1358060,0,1358060,30100,151,5016.61,false
269884400,1358210,1358060,0,1358060,269914500,1358361,1358211,0,1358211,30100,151,5016.61,false
269914500,1358361,1358211,0,1358211,269944600,1358512,1358362,0,1358362,30100,151,5016.61,false
269944600,1358512,1358362,0,1358362,269974700,1358663,1358513,0,1358513,30100,151,5016.61,false
269974700,1358663,1358513,0,1358513,270004800,1358814,1358664,0,1358664,30100,151,5016.61,false
270004800,1358814,1358664,0,1358664,270034900,1358965,1358815,0,1358815,30100,151,5016.61,false
270034900,1358965,1358815,0,1358815,270065000,1359116,1358966,0,1358966,30100,151,5016.61,false
270065000,1359116,1358966,0,1358966,270095100,1359671,1359117,0,1359117,30100,151,5016.61,true
270095100,1359671,1359117,0,1359117,270165600,1360226,1359672,0,1359672,70500,555,7872.34,true
270165600,1360226,1359672,0,1359672,270236100,1360417,1360227,0,1360227,70500,555,7872.34,true
270236100,1360417,1360227,0,1360227,270270200,1360568,1360418,0,1360418,34100,191,5601.17,true
270270200,1360568,1360418,0,1360418,270300300,1360719,1360569,0,1360569,30100,151,5016.61,false
270300300,1360719,1360569,0,1360569,270330400,1360870,1360720,0,1360720,30100,151,5016.61,false
270330400,1360870,1360720,0,1360720,270360500,1361021,1360871,0,1360871,30100,151,5016.61,false
270360500,1361021,1360871,0,1360871,270390600,1361172,1361022,0,1361022,30100,151,5016.61,false
270390600,1361172,1361022,0,1361022,270420700,1361323,1361173,0,1361173,30100,151,5016.61,false
270420700,1361323,1361173,0,1361173,270450800,1361474,1361324,0,1361324,30100,151,5016.61,false
270450800,1361474,1361324,0,1361324,270480900,1361625,1361475,0,1361475,30100,151,5016.61,false
270480900,1361625,1361475,0,1361475,270511000,1361776,1361626,0,1361626,30100,151,5016.61,false
270511000,1361776,1361626,0,1361626,270541100,1361927,1361777,0,1361777,30100,151,5016.61,false
270541100,1361927,1361777,0,1361777,270571200,1362078,1361928,0,1361928,30100,151,5016.61,false
270571200,1362078,1361928,0,1361928,270601300,1362229,1362079,0,1362079,30100,151,5016.61,false
270601300,1362229,1362079,0,1362079,270631400,1362380,1362230,0,1362230,30100,151,5016.61,false
270631400,1362380,1362230,0,1362230,270661500,1362531,1362381,0,1362381,30100,151,5016.61,false
270661500,1362531,1362381,0,1362381,270691600,1362682,1362532,0,1362532,30100,151,5016.61,false
270691600,1362682,1362532,0,1362532,270761800,1362833,1362683,0,1362683,70200,151,2151.00,false
270761800,1362833,1362683,0,1362683,270832000,1362984,1362834,0,1362834,70200,151,2151.00,false
270832000,1362984,1362834,0,1362834,270866300,1363135,1362985,0,1362985,34300,151,4402.33,false
270866300,1363135,1362985,0,1362985,270896400,1363286,1363136,0,1363136,30100,151,5016.61,false
270896400,1363286,1363136,0,1363136,270926500,1363437,1363287,0,1363287,30100,151,5016.61,false
270926500,1363437,1363287,0,1363287,270956600,1363588,1363438,0,1363438,30100,151,5016.61,false
270956600,1363588,1363438,0,1363438,270986700,1363739,1363589,0,1363589,30100,151,5016.61,false
270986700,1363739,1363589,0,1363589,271016800,1363890,1363740,0,1363740,30100,151,5016.61,false
271016800,1363890,1363740,0,1363740,271046900,1364041,1363891,0,1363891,30100,151,5016.61,false
271046900,1364041,1363891,0,1363891,271077000,1364192,1364042,0,1364042,30100,151,5016.61,false
271077000,1364192,1364042,0,1364042,271107100,1364343,1364193,0,1364193,30100,151,5016.61,false
271107100,1364343,1364193,0,1364193,271137200,1364494,1364344,0,1364344,30100,151,5016.61,false
271137200,1364494,1364344,0,1364344,271167300,1364645,1364495,0,1364495,30100,151,5016.61,false
271167300,1364645,1364495,0,1364495,271197400,1364796,1364646,0,1364646,30100,151,5016.61,false
271197400,1364796,1364646,0,1364646,271227500,1364947,1364797,0,1364797,30100,151,5016.61,false
271227500,1364947,1364797,0,1364797,271257600,1365098,1364948,0,1364948,30100,151,5016.61,false
271257600,1365098,1364948,0,1364948,271287700,1365249,1365099,0,1365099,30100,151,5016.61,false
271287700,1365249,1365099,0,1365099,271317800,1365400,1365250,0,1365250,30100,151,5016.61,false
271317800,1365400,1365250,0,1365250,271347900,1365551,1365401,0,1365401,30100,151,5016.61,false
271347900,1365551,1365401,0,1365401,271378000,1365702,1365552,0,1365552,30100,151,5016.61,false
271378000,1365702,1365552,0,1365552,271408100,1365853,1365703,0,1365703,30100,151,5016.61,false
271408100,1365853,1365703,0,1365703,271438200,1366004,1365854,0,1365854,30100,151,5016.61,false
271438200,1366004,1365854,0,1365854,271468300,1366155,1366005,0,1366005,30100,151,5016.61,false
271468300,1366155,1366005,0,1366005,271498400,1366306,1366156,0,1366156,30100,151,5016.61,false
271498400,1366306,1366156,0,1366156,271528500,1366457,1366307,0,1366307,30100,151,5016.61,false
271528500,1366457,1366307,0,1366307,271558600,1366608,1366458,0,1366458,30100,151,5016.61,false
271558600,1366608,1366458,0,1366458,271588700,1366759,1366609,0,1366609,30100,151,5016.61,false
271588700,1366759,1366609,0,1366609,271618800,1366910,1366760,0,1366760,30100,151,5016.61,false
271618800,1366910,1366760,0,1366760,271648900,1367061,1366911,0,1366911,30100,151,5016.61,false
271648900,1367061,1366911,0,1366911,271679000,1367212,1367062,0,1367062,30100,151,5016.61,false
271679000,1367212,1367062,0,1367062,271709100,1367363,1367213,0,1367213,30100,151,5016.61,false
271709100,1367363,1367213,0,1367213,271739200,1367514,1367364,0,1367364,30100,151,5016.61,false
271739200,1367514,1367364,0,1367364,271769300,1367665,1367515,0,1367515,30100,151,5016.61,false
271769300,1367665,1367515,0,1367515,271799400,1367816,1367666,0,1367666,30100,151,5016.61,false
271799400,1367816,1367666,0,1367666,271829500,1367967,1367817,0,1367817,30100,151,5016.61,false
271829500,1367967,1367817,0,1367817,271859600,1368118,1367968,0,1367968,30100,151,5016.61,false
271859600,1368118,1367968,0,1367968,271889700,1368269,1368119,0,1368119,30100,151,5016.61,false
271889700,1368269,1368119,0,1368119,271919800,1368420,1368270,0,1368270,30100,151,5016.61,false
271919800,1368420,1368270,0,1368270,271949900,1368571,1368421,0,1368421,30100,151,5016.61,false
271949900,1368571,1368421,0,1368421,271980000,1368722,1368572,0,1368572,30100,151,5016.61,false
271980000,1368722,1368572,0,1368572,272010100,1368873,1368723,0,1368723,30100,151,5016.61,false
272010100,1368873,1368723,0,1368723,272040200,1369024,1368874,0,1368874,30100,151,5016.61,false
272040200,1369024,1368874,0,1368874,272070300,1369175,1369025,0,1369025,30100,151,5016.61,false
272070300,1369175,1369025,0,1369025,272100400,1369326,1369176,0,1369176,30100,151,5016.61,false
272100400,1369326,1369176,0,1369176,272130500,1369477,1369327,0,1369327,30100,151,5016.61,false
272130500,1369477,1369327,0,1369327,272160600,1369628,1369478,0,1369478,30100,151,5016.61,false
272160600,1369628,1369478,0,1369478,272190700,1369779,1369629,0,1369629,30100,151,5016.61,false
272190700,1369779,1369629,0,1369629,272220800,1369930,1369780,0,1369780,30100,151,5016.61,false
272220800,1369930,1369780,0,1369780,272250900,1370081,1369931,0,1369931,30100,151,5016.61,false
272250900,1370081,1369931,0,1369931,272281000,1370232,1370082,0,1370082,30100,151,5016.61,false
272281000,1370232,1370082,0,1370082,272311100,1370383,1370233,0,1370233,30100,151,5016.61,false
272311100,1370383,1370233,0,1370233,272341200,1370534,1370384,0,1370384,30100,151,5016.61,false
272341200,1370534,1370384,0,1370384,272371300,1370685,1370535,0,1370535,30100,151,5016.61,false
272371300,1370685,1370535,0,1370535,272401400,1370836,1370686,0,1370686,30100,151,5016.61,false
272401400,1370836,1370686,0,1370686,272431500,1370987,1370837,0,1370837,30100,151,5016.61,false
272431500,1370987,1370837,0,1370837,272461600,1371138,1370988,0,1370988,30100,151,5016.61,false
272461600,1371138,1370988,0,1370988,272491700,1371289,1371139,0,1371139,30100,151,5016.61,false
272491700,1371289,1371139,0,1371139,272521800,1371440,1371290,0,1371290,30100,151,5016.61,false
272521800,1371440,1371290,0,1371290,272551900,1371591,1371441,0,1371441,30100,151,5016.61,false
272551900,1371591,1371441,0,1371441,272582000,1371742,1371592,0,1371592,30100,151,5016.61,false
272582000,1371742,1371592,0,1371592,272612100,1371893,1371743,0,1371743,30100,151,5016.61,false
272612100,1371893,1371743,0,1371743,272642200,1372044,1371894,0,1371894,30100,151,5016.61,false
272642200,1372044,1371894,0,1371894,272672300,1372195,1372045,0,1372045,30100,151,5016.61,false
272672300,1372195,1372045,0,1372045,272702400,1372346,1372196,0,1372196,30100,151,5016.61,false
272702400,1372346,1372196,0,1372196,272732500,1372497,1372347,0,1372347,30100,151,5016.61,false
272732500,1372497,1372347,0,1372347,272762600,1372648,1372498,0,1372498,30100,151,5016.61,false
272762600,1372648,1372498,0,1372498,272792700,1372799,1372649,0,1372649,30100,151,5016.61,false
272792700,1372799,1372649,0,1372649,272822800,1372950,1372800,0,1372800,30100,151,5016.61,false
272822800,1372950,1372800,0,1372800,272852900,1373101,1372951,0,1372951,30100,151,5016.61,false
272852900,1373101,1372951,0,1372951,272883000,1373252,1373102,0,1373102,30100,151,5016.61,false
272883000,1373252,1373102,0,1373102,272913100,1373403,1373253,0,1373253,30100,151,5016.61,false
272913100,1373403,1373253,0,1373253,272943200,1373554,1373404,0,1373404,30100,151,5016.61,false
272943200,1373554,1373404,0,1373404,272973300,1373705,1373555,0,1373555,30100,151,5016.61,false
272973300,1373705,1373555,0,1373555,273003400,1373856,1373706,0,1373706,30100,151,5016.61,false
273003400,1373856,1373706,0,1373706,273033500,1374007,1373857,0,1373857,30100,151,5016.61,false
273033500,1374007,1373857,0,1373857,273063600,1374158,1374008,0,1374008,30100,151,5016.61,false
273063600,1374158,1374008,0,1374008,273093700,1374309,1374159,0,1374159,30100,151,5016.61,false
273093700,1374309,1374159,0,1374159,273123800,1374460,1374310,0,1374310,30100,151,5016.61,false
273123800,1374460,1374310,0,1374310,273153900,1374611,1374461,0,1374461,30100,151,5016.61,false
273153900,1374611,1374461,0,1374461,273184000,1374762,1374612,0,1374612,30100,151,5016.61,false
273184000,1374762,1374612,0,1374612,273214100,1374913,1374763,0,1374763,30100,151,5016.61,false
273214100,1374913,1374763,0,1374763,273244200,1375064,1374914,0,1374914,30100,151,5016.61,false
273244200,1375064,1374914,0,1374914,273274300,1375215,1375065,0,1375065,30100,151,5016.61,false
273274300,1375215,1375065,0,1375065,273304400,1375366,1375216,0,1375216,30100,151,5016.61,false
273304400,1375366,1375216,0,1375216,273334500,1375517,1375367,0,1375367,30100,151,5016.61,false
273334500,1375517,1375367,0,1375367,273364600,1375668,1375518,0,1375518,30100,151,5016.61,false
273364600,1375668,1375518,0,1375518,273394700,1375819,1375669,0,1375669,30100,151,5016.61,false
273394700,1375819,1375669,0,1375669,273424800,1375970,1375820,0,1375820,30100,151,5016.61,false
273424800,1375970,1375820,0,1375820,273454900,1376121,1375971,0,1375971,30100,151,5016.61,false
273454900,1376121,1375971,0,1375971,273485000,1376272,1376122,0,1376122,30100,151,5016.61,false
273485000,1376272,1376122,0,1376122,273515100,1376423,1376273,0,1376273,30100,151,5016.61,false
273515200,1376424,1376274,0,1376274,273545300,1376575,1376425,0,1376425,30100,151,5016.61,false
273545300,1376575,1376425,0,1376425,273575400,1376726,1376576,0,1376576,30100,151,5016.61,false
273575400,1376726,1376576,0,1376576,273605500,1376877,1376727,0,1376727,30100,151,5016.61,false
273605500,1376877,1376727,0,1376727,273635600,1377028,1376878,0,1376878,30100,151,5016.61,false
273635600,1377028,1376878,0,1376878,273665700,1377179,1377029,0,1377029,30100,151,5016.61,false
273665700,1377179,1377029,0,1377029,273695800,1377330,1377180,0,1377180,30100,151,5016.61,false
273695800,1377330,1377180,0,1377180,273725900,1377481,1377331,0,1377331,30100,151,5016.61,false
273725900,1377481,1377331,0,1377331,273756000,1377632,1377482,0,1377482,30100,151,5016.61,false
273756000,1377632,1377482,0,1377482,273786100,1377783,1377633,0,1377633,30100,151,5016.61,false
273786100,1377783,1377633,0,1377633,273816200,1377934,1377784,0,1377784,30100,151,5016.61,false
273816200,1377934,1377784,0,1377784,273846300,1378085,1377935,0,1377935,30100,151,5016.61,false
273846300,1378085,1377935,0,1377935,273876400,1378236,1378086,0,1378086,30100,151,5016.61,false
273876400,1378236,1378086,0,1378086,273906500,1378791,1378237,0,1378237,30100,151,5016.61,true
273906500,1378791,1378237,0,1378237,273977000,1379346,1378792,0,1378792,70500,555,7872.34,true
273977000,1379346,1378792,0,1378792,274047500,1379537,1379347,0,1379347,70500,555,7872.34,true
274047500,1379537,1379347,0,1379347,274081600,1379688,1379538,0,1379538,34100,191,5601.17,true
274081600,1379688,1379538,0,1379538,274111700,1379839,1379689,0,1379689,30100,151,5016.61,false
274111700,1379839,1379689,0,1379689,274141800,1379990,1379840,0,1379840,30100,151,5016.61,false
274141800,1379990,1379840,0,1379840,274171900,1380141,1379991,0,1379991,30100,151,5016.61,false
274171900,1380141,1379991,0,1379991,274202000,1380292,1380142,0,1380142,30100,151,5016.61,false
274202000,1380292,1380142,0,1380142,274232100,1380443,1380293,0,1380293,30100,151,5016.61,false
274232100,1380443,1380293,0,1380293,274262200,1380594,1380444,0,1380444,30100,151,5016.61,false
274262200,1380594,1380444,0,1380444,274292300,1380745,1380595,0,1380595,30100,151,5016.61,false
274292300,1380745,1380595,0,1380595,274322400,1380896,1380746,0,1380746,30100,151,5016.61,false
274322400,1380896,1380746,0,1380746,274352500,1381047,1380897,0,1380897,30100,151,5016.61,false
274352500,1381047,1380897,0,1380897,274382600,1381198,1381048,0,1381048,30100,151,5016.61,false
274382600,1381198,1381048,0,1381048,274412700,1381349,1381199,0,1381199,30100,151,5016.61,false
274412700,1381349,1381199,0,1381199,274442800,1381500,1381350,0,1381350,30100,151,5016.61,false
274442800,1381500,1381350,0,1381350,274472900,1381651,1381501,0,1381501,30100,151,5016.61,false
274472900,1381651,1381501,0,1381501,274503000,1381802,1381652,0,1381652,30100,151,5016.61,false
274503000,1381802,1381652,0,1381652,274573200,1381953,1381803,0,1381803,70200,151,2151.00,false
274573200,1381953,1381803,0,1381803,274643400,1382104,1381954,0,1381954,70200,151,2151.00,false
274643400,1382104,1381954,0,1381954,274677700,1382255,1382105,0,1382105,34300,151,4402.33,false
274677700,1382255,1382105,0,1382105,274707800,1382406,1382256,0,1382256,30100,151,5016.61,false
274707800,1382406,1382256,0,1382256,274737900,1382557,1382407,0,1382407,30100,151,5016.61,false
274737900,1382557,1382407,0,1382407,274768000,1382708,1382558,0,1382558,30100,151,5016.61,false
274768000,1382708,1382558,0,1382558,274798100,1382859,1382709,0,1382709,30100,151,5016.61,false
274798100,1382859,1382709,0,1382709,274828200,1383010,1382860,0,1382860,30100,151,5016.61,false
274828200,1383010,1382860,0,1382860,274858300,1383161,1383011,0,1383011,30100,151,5016.61,false
274858300,1383161,1383011,0,1383011,274888400,1383312,1383162,0,1383162,30100,151,5016.61,false
274888400,1383312,1383162,0,1383162,274918500,1383463,1383313,0,1383313,30100,151,5016.61,false
274918500,1383463,1383313,0,1383313,274948600,1383614,1383464,0,1383464,30100,151,5016.61,false
274948600,1383614,1383464,0,1383464,274978700,1383765,1383615,0,1383615,30100,151,5016.61,false
274978700,1383765,1383615,0,1383615,275008800,1383916,1383766,0,1383766,30100,151,5016.61,false
275008800,1383916,1383766,0,1383766,275038900,1384067,1383917,0,1383917,30100,151,5016.61,false
275038900,1384067,1383917,0,1383917,275069000,1384218,1384068,0,1384068,30100,151,5016.61,false
275069000,1384218,1384068,0,1384068,275099100,1384369,1384219,0,1384219,30100,151,5016.61,false
275099100,1384369,1384219,0,1384219,275129200,1384520,1384370,0,1384370,30100,151,5016.61,false
275129200,1384520,1384370,0,1384370,275159300,1384671,1384521,0,1384521,30100,151,5016.61,false
275159300,1384671,1384521,0,1384521,275189400,1384822,1384672,0,1384672,30100,151,5016.61,false
275189400,1384822,1384672,0,1384672,275219500,1384973,1384823,0,1384823,30100,151,5016.61,false
275219500,1384973,1384823,0,1384823,275249600,1385124,1384974,0,1384974,30100,151,5016.61,false
275249600,1385124,1384974,0,1384974,275279700,1385275,1385125,0,1385125,30100,151,5016.61,false
275279700,1385275,1385125,0,1385125,275309800,1385426,1385276,0,1385276,30100,151,5016.61,false
275309800,1385426,1385276,0,1385276,275339900,1385577,1385427,0,1385427,30100,151,5016.61,false
275339900,1385577,1385427,0,1385427,275370000,1385728,1385578,0,1385578,30100,151,5016.61,false
275370000,1385728,1385578,0,1385578,275400100,1385879,1385729,0,1385729,30100,151,5016.61,false
275400100,1385879,1385729,0,1385729,275430200,1386030,1385880,0,1385880,30100,151,5016.61,false
275430200,1386030,1385880,0,1385880,275460300,1386181,1386031,0,1386031,30100,151,5016.61,false
275460300,1386181,1386031,0,1386031,275490400,1386332,1386182,0,1386182,30100,151,5016.61,false
275490400,1386332,1386182,0,1386182,275520500,1386483,1386333,0,1386333,30100,151,5016.61,false
275520500,1386483,1386333,0,1386333,275550600,1386634,1386484,0,1386484,30100,151,5016.61,false
275550600,1386634,1386484,0,1386484,275580700,1386785,1386635,0,1386635,30100,151,5016.61,false
275580700,1386785,1386635,0,1386635,275610800,1386936,1386786,0,1386786,30100,151,5016.61,false
275610800,1386936,1386786,0,1386786,275640900,1387087,1386937,0,1386937,30100,151,5016.61,false
275640900,1387087,1386937,0,1386937,275671000,1387238,1387088,0,1387088,30100,151,5016.61,false
275671000,1387238,1387088,0,1387088,275701100,1387389,1387239,0,1387239,30100,151,5016.61,false
275701100,1387389,1387239,0,1387239,275731200,1387540,1387390,0,1387390,30100,151,5016.61,false
275731200,1387540,1387390,0,1387390,275761300,1387691,1387541,0,1387541,30100,151,5016.61,false
275761300,1387691,1387541,0,1387541,275791400,1387842,1387692,0,1387692,30100,151,5016.61,false
275791400,1387842,1387692,0,1387692,275821500,1387993,1387843,0,1387843,30100,151,5016.61,false
275821500,1387993,1387843,0,1387843,275851600,1388144,1387994,0,1387994,30100,151,5016.61,false
275851600,1388144,1387994,0,1387994,275881700,1388295,1388145,0,1388145,30100,151,5016.61,false
275881700,1388295,1388145,0,1388145,275911800,1388446,1388296,0,1388296,30100,151,5016.61,false
275911800,1388446,1388296,0,1388296,275941900,1388597,1388447,0,1388447,30100,151,5016.61,false
275941900,1388597,1388447,0,1388447,275972000,1388748,1388598,0,1388598,30100,151,5016.61,false
275972000,1388748,1388598,0,1388598,276002100,1388899,1388749,0,1388749,30100,151,5016.61,false
276002100,1388899,1388749,0,1388749,276032200,1389050,1388900,0,1388900,30100,151,5016.61,false
276032200,1389050,1388900,0,1388900,276062300,1389201,1389051,0,1389051,30100,151,5016.61,false
276062300,1389201,1389051,0,1389051,276092400,1389352,1389202,0,1389202,30100,151,5016.61,false
276092400,1389352,1389202,0,1389202,276122500,1389503,1389353,0,1389353,30100,151,5016.61,false
276122500,1389503,1389353,0,1389353,276152600,1389654,1389504,0,1389504,30100,151,5016.61,false
276152600,1389654,1389504,0,1389504,276182700,1389805,1389655,0,1389655,30100,151,5016.61,false
276182700,1389805,1389655,0,1389655,276212800,1389956,1389806,0,1389806,30100,151,5016.61,false
276212800,1389956,1389806,0,1389806,276242900,1390107,1389957,0,1389957,30100,151,5016.61,false
276242900,1390107,1389957,0,1389957,276273000,1390258,1390108,0,1390108,30100,151,5016.61,false
276273000,1390258,1390108,0,1390108,276303100,1390409,1390259,0,1390259,30100,151,5016.61,false
276303100,1390409,1390259,0,1390259,276333200,1390560,1390410,0,1390410,30100,151,5016.61,false
276333200,1390560,1390410,0,1390410,276363300,1390711,1390561,0,1390561,30100,151,5016.61,false
276363300,1390711,1390561,0,1390561,276393400,1390862,1390712,0,1390712,30100,151,5016.61,false
276393400,1390862,1390712,0,1390712,276423500,1391013,1390863,0,1390863,30100,151,5016.61,false
276423500,1391013,1390863,0,1390863,276453600,1391164,1391014,0,1391014,30100,151,5016.61,false
276453600,1391164,1391014,0,1391014,276483700,1391315,1391165,0,1391165,30100,151,5016.61,false
276483700,1391315,1391165,0,1391165,276513800,1391466,1391316,0,1391316,30100,151,5016.61,false
276513800,1391466,1391316,0,1391316,276543900,1391617,1391467,0,1391467,30100,151,5016.61,false
276543900,1391617,1391467,0,1391467,276574000,1391768,1391618,0,1391618,30100,151,5016.61,false
276574000,1391768,1391618,0,1391618,276604100,1391919,1391769,0,1391769,30100,151,5016.61,false
276604100,1391919,1391769,0,1391769,276634200,1392070,1391920,0,1391920,30100,151,5016.61,false
276634200,1392070,1391920,0,1391920,276664300,1392221,1392071,0,1392071,30100,151,5016.61,false
276664300,1392221,1392071,0,1392071,276694400,1392372,1392222,0,1392222,30100,151,5016.61,false
276694400,1392372,1392222,0,1392222,276724500,1392523,1392373,0,1392373,30100,151,5016.61,false
276724500,1392523,1392373,0,1392373,276754600,1392674,1392524,0,1392524,30100,151,5016.61,false
276754600,1392674,1392524,0,1392524,276784700,1392825,1392675,0,1392675,30100,151,5016.61,false
276784700,1392825,1392675,0,1392675,276814800,1392976,1392826,0,1392826,30100,151,5016.61,false
276814800,1392976,1392826,0,1392826,276844900,1393127,1392977,0,1392977,30100,151,5016.61,false
276844900,1393127,1392977,0,1392977,276875000,1393278,1393128,0,1393128,30100,151,5016.61,false
276875000,1393278,1393128,0,1393128,276905100,1393429,1393279,0,1393279,30100,151,5016.61,false
276905100,1393429,1393279,0,1393279,276935200,1393580,1393430,0,1393430,30100,151,5016.61,false
276935200,1393580,1393430,0,1393430,276965300,1393731,1393581,0,1393581,30100,151,5016.61,false
276965300,1393731,1393581,0,1393581,276995400,1393882,1393732,0,1393732,30100,151,5016.61,false
276995400,1393882,1393732,0,1393732,277025500,1394033,1393883,0,1393883,30100,151,5016.61,false
277025500,1394033,1393883,0,1393883,277055600,1394184,1394034,0,1394034,30100,151,5016.61,false
277055600,1394184,1394034,0,1394034,277085700,1394335,1394185,0,1394185,30100,151,5016.61,false
277085700,1394335,1394185,0,1394185,277115800,1394486,1394336,0,1394336,30100,151,5016.61,false
277115800,1394486,1394336,0,1394336,277145900,1394637,1394487,0,1394487,30100,151,5016.61,false
277145900,1394637,1394487,0,1394487,277176000,1394788,1394638,0,1394638,30100,151,5016.61,false
277176000,1394788,1394638,0,1394638,277206100,1394939,1394789,0,1394789,30100,151,5016.61,false
277206100,1394939,1394789,0,1394789,277236200,1395090,1394940,0,1394940,30100,151,5016.61,false
277236200,1395090,1394940,0,1394940,277266300,1395241,1395091,0,1395091,30100,151,5016.61,false
277266300,1395241,1395091,0,1395091,277296400,1395392,1395242,0,1395242,30100,151,5016.61,false
277296400,1395392,1395242,0,1395242,277326500,1395543,1395393,0,1395393,30100,151,5016.61,false
277326600,1395544,1395394,0,1395394,277356700,1395695,1395545,0,1395545,30100,151,5016.61,false
277356700,1395695,1395545,0,1395545,277386800,1395846,1395696,0,1395696,30100,151,5016.61,false
277386800,1395846,1395696,0,1395696,277416900,1395997,1395847,0,1395847,30100,151,5016.61,false
277416900,1395997,1395847,0,1395847,277447000,1396148,1395998,0,1395998,30100,151,5016.61,false
277447000,1396148,1395998,0,1395998,277477100,1396299,1396149,0,1396149,30100,151,5016.61,false
277477100,1396299,1396149,0,1396149,277507200,1396450,1396300,0,1396300,30100,151,5016.61,false
277507200,1396450,1396300,0,1396300,277537300,1396601,1396451,0,1396451,30100,151,5016.61,false
277537300,1396601,1396451,0,1396451,277567400,1396752,1396602,0,1396602,30100,151,5016.61,false
277567400,1396752,1396602,0,1396602,277597500,1396903,1396753,0,1396753,30100,151,5016.61,false
277597500,1396903,1396753,0,1396753,277627600,1397054,1396904,0,1396904,30100,151,5016.61,false
277627600,1397054,1396904,0,1396904,277657700,1397205,1397055,0,1397055,30100,151,5016.61,false
277657700,1397205,1397055,0,1397055,277687800,1397356,1397206,0,1397206,30100,151,5016.61,false
277687800,1397356,1397206,0,1397206,277717900,1397911,1397357,0,1397357,30100,151,5016.61,true
277717900,1397911,1397357,0,1397357,277788400,1398466,1397912,0,1397912,70500,555,7872.34,true
277788400,1398466,1397912,0,1397912,277858900,1398657,1398467,0,1398467,70500,555,7872.34,true
277858900,1398657,1398467,0,1398467,277893000,1398808,1398658,0,1398658,34100,191,5601.17,true
277893000,1398808,1398658,0,1398658,277923100,1398959,1398809,0,1398809,30100,151,5016.61,false
277923100,1398959,1398809,0,1398809,277953200,1399110,1398960,0,1398960,30100,151,5016.61,false
277953200,1399110,1398960,0,1398960,277983300,1399261,1399111,0,1399111,30100,151,5016.61,false
277983300,1399261,1399111,0,1399111,278013400,1399412,1399262,0,1399262,30100,151,5016.61,false
278013400,1399412,1399262,0,1399262,278043500,1399563,1399413,0,1399413,30100,151,5016.61,false
278043500,1399563,1399413,0,1399413,278073600,1399714,1399564,0,1399564,30100,151,5016.61,false
278073600,1399714,1399564,0,1399564,278103700,1399865,1399715,0,1399715,30100,151,5016.61,false
278103700,1399865,1399715,0,1399715,278133800,1400016,1399866,0,1399866,30100,151,5016.61,false
278133800,1400016,1399866,0,1399866,278163900,1400167,1400017,0,1400017,30100,151,5016.61,false
278163900,1400167,1400017,0,1400017,278194000,1400318,1400168,0,1400168,30100,151,5016.61,false
278194000,1400318,1400168,0,1400168,278224100,1400469,1400319,0,1400319,30100,151,5016.61,false
278224100,1400469,1400319,0,1400319,278254200,1400620,1400470,0,1400470,30100,151,5016.61,false
278254200,1400620,1400470,0,1400470,278284300,1400771,1400621,0,1400621,30100,151,5016.61,false
278284300,1400771,1400621,0,1400621,278314400,1400922,1400772,0,1400772,30100,151,5016.61,false
278314400,1400922,1400772,0,1400772,278384600,1401073,1400923,0,1400923,70200,151,2151.00,false
278384600,1401073,1400923,0,1400923,278454800,1401224,1401074,0,1401074,70200,151,2151.00,false
278454800,1401224,1401074,0,1401074,278489100,1401375,1401225,0,1401225,34300,151,4402.33,false
278489100,1401375,1401225,0,1401225,278519200,1401526,1401376,0,1401376,30100,151,5016.61,false
278519200,1401526,1401376,0,1401376,278549300,1401677,1401527,0,1401527,30100,151,5016.61,false
278549300,1401677,1401527,0,1401527,278579400,1401828,1401678,0,1401678,30100,151,5016.61,false
278579400,1401828,1401678,0,1401678,278609500,1401979,1401829,0,1401829,30100,151,5016.61,false
278609500,1401979,1401829,0,1401829,278639600,1402130,1401980,0,1401980,30100,151,5016.61,false
278639600,1402130,1401980,0,1401980,278669700,1402281,1402131,0,1402131,30100,151,5016.61,false
278669700,1402281,1402131,0,1402131,278699800,1402432,1402282,0,1402282,30100,151,5016.61,false
278699800,1402432,1402282,0,1402282,278729900,1402583,1402433,0,1402433,30100,151,5016.61,false
278729900,1402583,1402433,0,1402433,278760000,1402734,1402584,0,1402584,30100,151,5016.61,false
278760000,1402734,1402584,0,1402584,278790100,1402885,1402735,0,1402735,30100,151,5016.61,false
278790100,1402885,1402735,0,1402735,278820200,1403036,1402886,0,1402886,30100,151,5016.61,false
278820200,1403036,1402886,0,1402886,278850300,1403187,1403037,0,1403037,30100,151,5016.61,false
278850300,1403187,1403037,0,1403037,278880400,1403338,1403188,0,1403188,30100,151,5016.61,false
278880400,1403338,1403188,0,1403188,278910500,1403489,1403339,0,1403339,30100,151,5016.61,false
278910500,1403489,1403339,0,1403339,278940600,1403640,1403490,0,1403490,30100,151,5016.61,false
278940600,1403640,1403490,0,1403490,278970700,1403791,1403641,0,1403641,30100,151,5016.61,false
278970700,1403791,1403641,0,1403641,279000800,1403942,1403792,0,1403792,30100,151,5016.61,false
279000800,1403942,1403792,0,1403792,279030900,1404093,1403943,0,1403943,30100,151,5016.61,false
279030900,1404093,1403943,0,1403943,279061000,1404244,1404094,0,1404094,30100,151,5016.61,false
279061000,1404244,1404094,0,1404094,279091100,1404395,1404245,0,1404245,30100,151,5016.61,false
279091100,1404395,1404245,0,1404245,279121200,1404546,1404396,0,1404396,30100,151,5016.61,false
279121200,1404546,1404396,0,1404396,279151300,1404697,1404547,0,1404547,30100,151,5016.61,false
279151300,1404697,1404547,0,1404547,279181400,1404848,1404698,0,1404698,30100,151,5016.61,false
279181400,1404848,1404698,0,1404698,279211500,1404999,1404849,0,1404849,30100,151,5016.61,false
279211500,1404999,1404849,0,1404849,279241600,1405150,1405000,0,1405000,30100,151,5016.61,false
279241600,1405150,1405000,0,1405000,279271700,1405301,1405151,0,1405151,30100,151,5016.61,false
279271700,1405301,1405151,0,1405151,279301800,1405452,1405302,0,1405302,30100,151,5016.61,false
279301800,1405452,1405302,0,1405302,279331900,1405603,1405453,0,1405453,30100,151,5016.61,false
279331900,1405603,1405453,0,1405453,279362000,1405754,1405604,0,1405604,30100,151,5016.61,false
279362000,1405754,1405604,0,1405604,279392100,1405905,1405755,0,1405755,30100,151,5016.61,false
279392100,1405905,1405755,0,1405755,279422200,1406056,1405906,0,1405906,30100,151,5016.61,false
279422200,1406056,1405906,0,1405906,279452300,1406207,1406057,0,1406057,30100,151,5016.61,false
279452300,1406207,1406057,0,1406057,279482400,1406358,1406208,0,1406208,30100,151,5016.61,false
279482400,1406358,1406208,0,1406208,279512500,1406509,1406359,0,1406359,30100,151,5016.61,false
279512500,1406509,1406359,0,1406359,279542600,1406660,1406510,0,1406510,30100,151,5016.61,false
279542600,1406660,1406510,0,1406510,279572700,1406811,1406661,0,1406661,30100,151,5016.61,false
279572700,1406811,1406661,0,1406661,279602800,1406962,1406812,0,1406812,30100,151,5016.61,false
279602800,1406962,1406812,0,1406812,279632900,1407113,1406963,0,1406963,30100,151,5016.61,false
279632900,1407113,1406963,0,1406963,279663000,1407264,1407114,0,1407114,30100,151,5016.61,false
279663000,1407264,1407114,0,1407114,279693100,1407415,1407265,0,1407265,30100,151,5016.61,false
279693100,1407415,1407265,0,1407265,279723200,1407566,1407416,0,1407416,30100,151,5016.61,false
279723200,1407566,1407416,0,1407416,279753300,1407717,1407567,0,1407567,30100,151,5016.61,false
279753300,1407717,1407567,0,1407567,279783400,1407868,1407718,0,1407718,30100,151,5016.61,false
279783400,1407868,1407718,0,1407718,279813500,1408019,1407869,0,1407869,30100,151,5016.61,false
279813500,1408019,1407869,0,1407869,279843600,1408170,1408020,0,1408020,30100,151,5016.61,false
279843600,1408170,1408020,0,1408020,279873700,1408321,1408171,0,1408171,30100,151,5016.61,false
279873700,1408321,1408171,0,1408171,279903800,1408472,1408322,0,1408322,30100,151,5016.61,false
279903800,1408472,1408322,0,1408322,279933900,1408623,1408473,0,1408473,30100,151,5016.61,false
279933900,1408623,1408473,0,1408473,279964000,1408774,1408624,0,1408624,30100,151,5016.61,false
279964000,1408774,1408624,0,1408624,279994100,1408925,1408775,0,1408775,30100,151,5016.61,false
279994100,1408925,1408775,0,1408775,280024200,1409076,1408926,0,1408926,30100,151,5016.61,false
280024200,1409076,1408926,0,1408926,280054300,1409227,1409077,0,1409077,30100,151,5016.61,false
280054300,1409227,1409077,0,1409077,280084400,1409378,1409228,0,1409228,30100,151,5016.61,false
280084400,1409378,1409228,0,1409228,280114500,1409529,1409379,0,1409379,30100,151,5016.61,false
280114500,1409529,1409379,0,1409379,280144600,1409680,1409530,0,1409530,30100,151,5016.61,false
280144600,1409680,1409530,0,1409530,280174700,1409831,1409681,0,1409681,30100,151,5016.61,false
280174700,1409831,1409681,0,1409681,280204800,1409982,1409832,0,1409832,30100,151,5016.61,false
280204800,1409982,1409832,0,1409832,280234900,1410133,1409983,0,1409983,30100,151,5016.61,false
280234900,1410133,1409983,0,1409983,280265000,1410284,1410134,0,1410134,30100,151,5016.61,false
280265000,1410284,1410134,0,1410134,280295100,1410435,1410285,0,1410285,30100,151,5016.61,false
280295100,1410435,1410285,0,1410285,280325200,1410586,1410436,0,1410436,30100,151,5016.61,false
280325200,1410586,1410436,0,1410436,280355300,1410737,1410587,0,1410587,30100,151,5016.61,false
280355300,1410737,1410587,0,1410587,280385400,1410888,1410738,0,1410738,30100,151,5016.61,false
280385400,1410888,1410738,0,1410738,280415500,1411039,1410889,0,1410889,30100,151,5016.61,false
280415500,1411039,1410889,0,1410889,280445600,1411190,1411040,0,1411040,30100,151,5016.61,false
280445600,1411190,1411040,0,1411040,280475700,1411341,1411191,0,1411191,30100,151,5016.61,false
280475700,1411341,1411191,0,1411191,280505800,1411492,1411342,0,1411342,30100,151,5016.61,false
280505800,1411492,1411342,0,1411342,280535900,1411643,1411493,0,1411493,30100,151,5016.61,false
280535900,1411643,1411493,0,1411493,280566000,1411794,1411644,0,1411644,30100,151,5016.61,false
280566000,1411794,1411644,0,1411644,280596100,1411945,1411795,0,1411795,30100,151,5016.61,false
280596100,1411945,1411795,0,1411795,280626200,1412096,1411946,0,1411946,30100,151,5016.61,false
280626200,1412096,1411946,0,1411946,280656300,1412247,1412097,0,1412097,30100,151,5016.61,false
280656300,1412247,1412097,0,1412097,280686400,1412398,1412248,0,1412248,30100,151,5016.61,false
280686400,1412398,1412248,0,1412248,280716500,1412549,1412399,0,1412399,30100,151,5016.61,false
280716500,1412549,1412399,0,1412399,280746600,1412700,1412550,0,1412550,30100,151,5016.61,false
280746600,1412700,1412550,0,1412550,280776700,1412851,1412701,0,1412701,30100,151,5016.61,false
280776700,1412851,1412701,0,1412701,280806800,1413002,1412852,0,1412852,30100,151,5016.61,false
280806800,1413002,1412852,0,1412852,280836900,1413153,1413003,0,1413003,30100,151,5016.61,false
280836900,1413153,1413003,0,1413003,280867000,1413304,1413154,0,1413154,30100,151,5016.61,false
280867000,1413304,1413154,0,1413154,280897100,1413455,1413305,0,1413305,30100,151,5016.61,false
280897100,1413455,1413305,0,1413305,280927200,1413606,1413456,0,1413456,30100,151,5016.61,false
280927200,1413606,1413456,0,1413456,280957300,1413757,1413607,0,1413607,30100,151,5016.61,false
280957300,1413757,1413607,0,1413607,280987400,1413908,1413758,0,1413758,30100,151,5016.61,false
280987400,1413908,1413758,0,1413758,281017500,1414059,1413909,0,1413909,30100,151,5016.61,false
281017500,1414059,1413909,0,1413909,281047600,1414210,1414060,0,1414060,30100,151,5016.61,false
281047600,1414210,1414060,0,1414060,281077700,1414361,1414211,0,1414211,30100,151,5016.61,false
281077700,1414361,1414211,0,1414211,281107800,1414512,1414362,0,1414362,30100,151,5016.61,false
281107800,1414512,1414362,0,1414362,281137900,1414663,1414513,0,1414513,30100,151,5016.61,false
281138000,1414664,1414514,0,1414514,281168100,1414815,1414665,0,1414665,30100,151,5016.61,false
281168100,1414815,1414665,0,1414665,281198200,1414966,1414816,0,1414816,30100,151,5016.61,false
281198200,1414966,1414816,0,1414816,281228300,1415117,1414967,0,1414967,30100,151,5016.61,false
281228300,1415117,1414967,0,1414967,281258400,1415268,1415118,0,1415118,30100,151,5016.61,false
281258400,1415268,1415118,0,1415118,281288500,1415419,1415269,0,1415269,30100,151,5016.61,false
281288500,1415419,1415269,0,1415269,281318600,1415570,1415420,0,1415420,30100,151,5016.61,false
281318600,1415570,1415420,0,1415420,281348700,1415721,1415571,0,1415571,30100,151,5016.61,false
281348700,1415721,1415571,0,1415571,281378800,1415872,1415722,0,1415722,30100,151,5016.61,false
281378800,1415872,1415722,0,1415722,281408900,1416023,1415873,0,1415873,30100,151,5016.61,false
281408900,1416023,1415873,0,1415873,281439000,1416174,1416024,0,1416024,30100,151,5016.61,false
281439000,1416174,1416024,0,1416024,281469100,1416325,1416175,0,1416175,30100,151,5016.61,false
281469100,1416325,1416175,0,1416175,281499200,1416476,1416326,0,1416326,30100,151,5016.61,false
281499200,1416476,1416326,0,1416326,281529300,1417031,1416477,0,1416477,30100,151,5016.61,true
281529300,1417031,1416477,0,1416477,281599800,1417586,1417032,0,1417032,70500,555,7872.34,true
281599800,1417586,1417032,0,1417032,281670300,1417777,1417587,0,1417587,70500,555,7872.34,true
281670300,1417777,1417587,0,1417587,281704400,1417928,1417778,0,1417778,34100,191,5601.17,true
281704400,1417928,1417778,0,1417778,281734500,1418079,1417929,0,1417929,30100,151,5016.61,false
281734500,1418079,1417929,0,1417929,281764600,1418230,1418080,0,1418080,30100,151,5016.61,false
281764600,1418230,1418080,0,1418080,281794700,1418381,1418231,0,1418231,30100,151,5016.61,false
281794700,1418381,1418231,0,1418231,281824800,1418532,1418382,0,1418382,30100,151,5016.61,false
281824800,1418532,1418382,0,1418382,281854900,1418683,1418533,0,1418533,30100,151,5016.61,false
281854900,1418683,1418533,0,1418533,281885000,1418834,1418684,0,1418684,30100,151,5016.61,false
281885000,1418834,1418684,0,1418684,281915100,1418985,1418835,0,1418835,30100,151,5016.61,false
281915100,1418985,1418835,0,1418835,281945200,1419136,1418986,0,1418986,30100,151,5016.61,false
281945200,1419136,1418986,0,1418986,281975300,1419287,1419137,0,1419137,30100,151,5016.61,false
281975300,1419287,1419137,0,1419137,282005400,1419438,1419288,0,1419288,30100,151,5016.61,false
282005400,1419438,1419288,0,1419288,282035500,1419589,1419439,0,1419439,30100,151,5016.61,false
282035500,1419589,1419439,0,1419439,282065600,1419740,1419590,0,1419590,30100,151,5016.61,false
282065600,1419740,1419590,0,1419590,282095700,1419891,1419741,0,1419741,30100,151,5016.61,false
282095700,1419891,1419741,0,1419741,282125800,1420042,1419892,0,1419892,30100,151,5016.61,false
282125800,1420042,1419892,0,1419892,282196000,1420193,1420043,0,1420043,70200,151,2151.00,false
282196000,1420193,1420043,0,1420043,282266200,1420344,1420194,0,1420194,70200,151,2151.00,false
282266200,1420344,1420194,0,1420194,282300500,1420495,1420345,0,1420345,34300,151,4402.33,false
282300500,1420495,1420345,0,1420345,282330600,1420646,1420496,0,1420496,30100,151,5016.61,false
282330600,1420646,1420496,0,1420496,282360700,1420797,1420647,0,1420647,30100,151,5016.61,false
282360700,1420797,1420647,0,1420647,282390800,1420948,1420798,0,1420798,30100,151,5016.61,false
282390800,1420948,1420798,0,1420798,282420900,1421099,1420949,0,1420949,30100,151,5016.61,false
282420900,1421099,1420949,0,1420949,282451000,1421250,1421100,0,1421100,30100,151,5016.61,false
282451000,1421250,1421100,0,1421100,282481100,1421401,1421251,0,1421251,30100,151,5016.61,false
282481100,1421401,1421251,0,1421251,282511200,1421552,1421402,0,1421402,30100,151,5016.61,false
282511200,1421552,1421402,0,1421402,282541300,1421703,1421553,0,1421553,30100,151,5016.61,false
282541300,1421703,1421553,0,1421553,282571400,1421854,1421704,0,1421704,30100,151,5016.61,false
282571400,1421854,1421704,0,1421704,282601500,1422005,1421855,0,1421855,30100,151,5016.61,false
282601500,1422005,1421855,0,1421855,282631600,1422156,1422006,0,1422006,30100,151,5016.61,false
282631600,1422156,1422006,0,1422006,282661700,1422307,1422157,0,1422157,30100,151,5016.61,false
282661700,1422307,1422157,0,1422157,282691800,1422458,1422308,0,1422308,30100,151,5016.61,false
282691800,1422458,1422308,0,1422308,282721900,1422609,1422459,0,1422459,30100,151,5016.61,false
282721900,1422609,1422459,0,1422459,282752000,1422760,1422610,0,1422610,30100,151,5016.61,false
282752000,1422760,1422610,0,1422610,282782100,1422911,1422761,0,1422761,30100,151,5016.61,false
282782100,1422911,1422761,0,1422761,282812200,1423062,1422912,0,1422912,30100,151,5016.61,false
282812200,1423062,1422912,0,1422912,282842300,1423213,1423063,0,1423063,30100,151,5016.61,false
282842300,1423213,1423063,0,1423063,282872400,1423364,1423214,0,1423214,30100,151,5016.61,false
282872400,1423364,1423214,0,1423214,282902500,1423515,1423365,0,1423365,30100,151,5016.61,false
282902500,1423515,1423365,0,1423365,282932600,1423666,1423516,0,1423516,30100,151,5016.61,false
282932600,1423666,1423516,0,1423516,282962700,1423817,1423667,0,1423667,30100,151,5016.61,false
282962700,1423817,1423667,0,1423667,282992800,1423968,1423818,0,1423818,30100,151,5016.61,false
282992800,1423968,1423818,0,1423818,283022900,1424119,1423969,0,1423969,30100,151,5016.61,false
283022900,1424119,1423969,0,1423969,283053000,1424270,1424120,0,1424120,30100,151,5016.61,false
283053000,1424270,1424120,0,1424120,283083100,1424421,1424271,0,1424271,30100,151,5016.61,false
283083100,1424421,1424271,0,1424271,283113200,1424572,1424422,0,1424422,30100,151,5016.61,false
283113200,1424572,1424422,0,1424422,283143300,1424723,1424573,0,1424573,30100,151,5016.61,false
283143300,1424723,1424573,0,1424573,283173400,1424874,1424724,0,1424724,30100,151,5016.61,false
283173400,1424874,1424724,0,1424724,283203500,1425025,1424875,0,1424875,30100,151,5016.61,false
283203500,1425025,1424875,0,1424875,283233600,1425176,1425026,0,1425026,30100,151,5016.61,false
283233600,1425176,1425026,0,1425026,283263700,1425327,1425177,0,1425177,30100,151,5016.61,false
283263700,1425327,1425177,0,1425177,283293800,1425478,1425328,0,1425328,30100,151,5016.61,false
283293800,1425478,1425328,0,1425328,283323900,1425629,1425479,0,1425479,30100,151,5016.61,false
283323900,1425629,1425479,0,1425479,283354000,1425780,1425630,0,1425630,30100,151,5016.61,false
283354000,1425780,1425630,0,1425630,283384100,1425931,1425781,0,1425781,30100,151,5016.61,false
283384100,1425931,1425781,0,1425781,283414200,1426082,1425932,0,1425932,30100,151,5016.61,false
283414200,1426082,1425932,0,1425932,283444300,1426233,1426083,0,1426083,30100,151,5016.61,false
283444300,1426233,1426083,0,1426083,283474400,1426384,1426234,0,1426234,30100,151,5016.61,false
283474400,1426384,1426234,0,1426234,283504500,1426535,1426385,0,1426385,30100,151,5016.61,false
283504500,1426535,1426385,0,1426385,283534600,1426686,1426536,0,1426536,30100,151,5016.61,false
283534600,1426686,1426536,0,1426536,283564700,1426837,1426687,0,1426687,30100,151,5016.61,false
283564700,1426837,1426687,0,1426687,283594800,1426988,1426838,0,1426838,30100,151,5016.61,false
283594800,1426988,1426838,0,1426838,283624900,1427139,1426989,0,1426989,30100,151,5016.61,false
283624900,1427139,1426989,0,1426989,283655000,1427290,1427140,0,1427140,30100,151,5016.61,false
283655000,1427290,1427140,0,1427140,283685100,1427441,1427291,0,1427291,30100,151,5016.61,false
283685100,1427441,1427291,0,1427291,283715200,1427592,1427442,0,1427442,30100,151,5016.61,false
283715200,1427592,1427442,0,1427442,283745300,1427743,1427593,0,1427593,30100,151,5016.61,false
283745300,1427743,1427593,0,1427593,283775400,1427894,1427744,0,1427744,30100,151,5016.61,false
283775400,1427894,1427744,0,1427744,283805500,1428045,1427895,0,1427895,30100,151,5016.61,false
283805500,1428045,1427895,0,1427895,283835600,1428196,1428046,0,1428046,30100,151,5016.61,false
283835600,1428196,1428046,0,1428046,283865700,1428347,1428197,0,1428197,30100,151,5016.61,false
283865700,1428347,1428197,0,1428197,283895800,1428498,1428348,0,1428348,30100,151,5016.61,false
283895800,1428498,1428348,0,1428348,283925900,1428649,1428499,0,1428499,30100,151,5016.61,false
283925900,1428649,1428499,0,1428499,283956000,1428800,1428650,0,1428650,30100,151,5016.61,false
283956000,1428800,1428650,0,1428650,283986100,1428951,1428801,0,1428801,30100,151,5016.61,false
283986100,1428951,1428801,0,1428801,284016200,1429102,1428952,0,1428952,30100,151,5016.61,false
284016200,1429102,1428952,0,1428952,284046300,1429253,1429103,0,1429103,30100,151,5016.61,false
284046300,1429253,1429103,0,1429103,284076400,1429404,1429254,0,1429254,30100,151,5016.61,false
284076400,1429404,1429254,0,1429254,284106500,1429555,1429405,0,1429405,30100,151,5016.61,false
284106500,1429555,1429405,0,1429405,284136600,1429706,1429556,0,1429556,30100,151,5016.61,false
284136600,1429706,1429556,0,1429556,284166700,1429857,1429707,0,1429707,30100,151,5016.61,false
284166700,1429857,1429707,0,1429707,284196800,1430008,1429858,0,1429858,30100,151,5016.61,false
284196800,1430008,1429858,0,1429858,284226900,1430159,1430009,0,1430009,30100,151,5016.61,false
284226900,1430159,1430009,0,1430009,284257000,1430310,1430160,0,1430160,30100,151,5016.61,false
284257000,1430310,1430160,0,1430160,284287100,1430461,1430311,0,1430311,30100,151,5016.61,false
284287100,1430461,1430311,0,1430311,284317200,1430612,1430462,0,1430462,30100,151,5016.61,false
284317200,1430612,1430462,0,1430462,284347300,1430763,1430613,0,1430613,30100,151,5016.61,false
284347300,1430763,1430613,0,1430613,284377400,1430914,1430764,0,1430764,30100,151,5016.61,false
284377400,1430914,1430764,0,1430764,284407500,1431065,1430915,0,1430915,30100,151,5016.61,false
284407500,1431065,1430915,0,1430915,284437600,1431216,1431066,0,1431066,30100,151,5016.61,false
284437600,1431216,1431066,0,1431066,284467700,1431367,1431217,0,1431217,30100,151,5016.61,false
284467700,1431367,1431217,0,1431217,284497800,1431518,1431368,0,1431368,30100,151,5016.61,false
284497800,1431518,1431368,0,1431368,284527900,1431669,1431519,0,1431519,30100,151,5016.61,false
284527900,1431669,1431519,0,1431519,284558000,1431820,1431670,0,1431670,30100,151,5016.61,false
284558000,1431820,1431670,0,1431670,284588100,1431971,1431821,0,1431821,30100,151,5016.61,false
284588100,1431971,1431821,0,1431821,284618200,1432122,1431972,0,1431972,30100,151,5016.61,false
284618200,1432122,1431972,0,1431972,284648300,1432273,1432123,0,1432123,30100,151,5016.61,false
284648300,1432273,1432123,0,1432123,284678400,1432424,1432274,0,1432274,30100,151,5016.61,false
284678400,1432424,1432274,0,1432274,284708500,1432575,1432425,0,1432425,30100,151,5016.61,false
284708500,1432575,1432425,0,1432425,284738600,1432726,1432576,0,1432576,30100,151,5016.61,false
284738600,1432726,1432576,0,1432576,284768700,1432877,1432727,0,1432727,30100,151,5016.61,false
284768700,1432877,1432727,0,1432727,284798800,1433028,1432878,0,1432878,30100,151,5016.61,false
284798800,1433028,1432878,0,1432878,284828900,1433179,1433029,0,1433029,30100,151,5016.61,false
284828900,1433179,1433029,0,1433029,284859000,1433330,1433180,0,1433180,30100,151,5016.61,false
284859000,1433330,1433180,0,1433180,284889100,1433481,1433331,0,1433331,30100,151,5016.61,false
284889100,1433481,1433331,0,1433331,284919200,1433632,1433482,0,1433482,30100,151,5016.61,false
284919200,1433632,1433482,0,1433482,284949300,1433783,1433633,0,1433633,30100,151,5016.61,false
284949400,1433784,1433634,0,1433634,284979500,1433935,1433785,0,1433785,30100,151,5016.61,false
284979500,1433935,1433785,0,1433785,285009600,1434086,1433936,0,1433936,30100,151,5016.61,false
285009600,1434086,1433936,0,1433936,285039700,1434237,1434087,0,1434087,30100,151,5016.61,false
285039700,1434237,1434087,0,1434087,285069800,1434388,1434238,0,1434238,30100,151,5016.61,false
285069800,1434388,1434238,0,1434238,285099900,1434539,1434389,0,1434389,30100,151,5016.61,false
285099900,1434539,1434389,0,1434389,285130000,1434690,1434540,0,1434540,30100,151,5016.61,false
285130000,1434690,1434540,0,1434540,285160100,1434841,1434691,0,1434691,30100,151,5016.61,false
285160100,1434841,1434691,0,1434691,285190200,1434992,1434842,0,1434842,30100,151,5016.61,false
285190200,1434992,1434842,0,1434842,285220300,1435143,1434993,0,1434993,30100,151,5016.61,false
285220300,1435143,1434993,0,1434993,285250400,1435294,1435144,0,1435144,30100,151,5016.61,false
285250400,1435294,1435144,0,1435144,285280500,1435445,1435295,0,1435295,30100,151,5016.61,false
285280500,1435445,1435295,0,1435295,285310600,1435596,1435446,0,1435446,30100,151,5016.61,false
285310600,1435596,1435446,0,1435446,285340700,1436151,1435597,0,1435597,30100,151,5016.61,true
285340700,1436151,1435597,0,1435597,285411200,1436706,1436152,0,1436152,70500,555,7872.34,true
285411200,1436706,1436152,0,1436152,285481700,1436897,1436707,0,1436707,70500,555,7872.34,true
285481700,1436897,1436707,0,1436707,285515800,1437048,1436898,0,1436898,34100,191,5601.17,true
285515800,1437048,1436898,0,1436898,285545900,1437199,1437049,0,1437049,30100,151,5016.61,false
285545900,1437199,1437049,0,1437049,285576000,1437350,1437200,0,1437200,30100,151,5016.61,false
285576000,1437350,1437200,0,1437200,285606100,1437501,1437351,0,1437351,30100,151,5016.61,false
285606100,1437501,1437351,0,1437351,285636200,1437652,1437502,0,1437502,30100,151,5016.61,false
285636200,1437652,1437502,0,1437502,285666300,1437803,1437653,0,1437653,30100,151,5016.61,false
285666300,1437803,1437653,0,1437653,285696400,1437954,1437804,0,1437804,30100,151,5016.61,false
285696400,1437954,1437804,0,1437804,285726500,1438105,1437955,0,1437955,30100,151,5016.61,false
285726500,1438105,1437955,0,1437955,285756600,1438256,1438106,0,1438106,30100,151,5016.61,false
285756600,1438256,1438106,0,1438106,285786700,1438407,1438257,0,1438257,30100,151,5016.61,false
285786700,1438407,1438257,0,1438257,285816800,1438558,1438408,0,1438408,30100,151,5016.61,false
285816800,1438558,1438408,0,1438408,285846900,1438709,1438559,0,1438559,30100,151,5016.61,false
285846900,1438709,1438559,0,1438559,285877000,1438860,1438710,0,1438710,30100,151,5016.61,false
285877000,1438860,1438710,0,1438710,285907100,1439011,1438861,0,1438861,30100,151,5016.61,false
285907100,1439011,1438861,0,1438861,285937200,1439162,1439012,0,1439012,30100,151,5016.61,false
285937200,1439162,1439012,0,1439012,286007400,1439313,1439163,0,1439163,70200,151,2151.00,false
286007400,1439313,1439163,0,1439163,286077600,1439464,1439314,0,1439314,70200,151,2151.00,false
286077600,1439464,1439314,0,1439314,286111900,1439615,1439465,0,1439465,34300,151,4402.33,false
286111900,1439615,1439465,0,1439465,286142000,1439766,1439616,0,1439616,30100,151,5016.61,false
286142000,1439766,1439616,0,1439616,286172100,1439917,1439767,0,1439767,30100,151,5016.61,false
286172100,1439917,1439767,0,1439767,286202200,1440068,1439918,0,1439918,30100,151,5016.61,false
286202200,1440068,1439918,0,1439918,286232300,1440219,1440069,0,1440069,30100,151,5016.61,false
286232300,1440219,1440069,0,1440069,286262400,1440370,1440220,0,1440220,30100,151,5016.61,false
286262400,1440370,1440220,0,1440220,286292500,1440521,1440371,0,1440371,30100,151,5016.61,false
286292500,1440521,1440371,0,1440371,286322600,1440672,1440522,0,1440522,30100,151,5016.61,false
286322600,1440672,1440522,0,1440522,286352700,1440823,1440673,0,1440673,30100,151,5016.61,false
286352700,1440823,1440673,0,1440673,286382800,1440974,1440824,0,1440824,30100,151,5016.61,false
286382800,1440974,1440824,0,1440824,286412900,1441125,1440975,0,1440975,30100,151,5016.61,false
286412900,1441125,1440975,0,1440975,286443000,1441276,1441126,0,1441126,30100,151,5016.61,false
286443000,1441276,1441126,0,1441126,286473100,1441427,1441277,0,1441277,30100,151,5016.61,false
286473100,1441427,1441277,0,1441277,286503200,1441578,1441428,0,1441428,30100,151,5016.61,false
286503200,1441578,1441428,0,1441428,286533300,1441729,1441579,0,1441579,30100,151,5016.61,false
286533300,1441729,1441579,0,1441579,286563400,1441880,1441730,0,1441730,30100,151,5016.61,false
286563400,1441880,1441730,0,1441730,286593500,1442031,1441881,0,1441881,30100,151,5016.61,false
286593500,1442031,1441881,0,1441881,286623600,1442182,1442032,0,1442032,30100,151,5016.61,false
286623600,1442182,1442032,0,1442032,286653700,1442333,1442183,0,1442183,30100,151,5016.61,false
286653700,1442333,1442183,0,1442183,286683800,1442484,1442334,0,1442334,30100,151,5016.61,false
286683800,1442484,1442334,0,1442334,286713900,1442635,1442485,0,1442485,30100,151,5016.61,false
286713900,1442635,1442485,0,1442485,286744000,1442786,1442636,0,1442636,30100,151,5016.61,false
286744000,1442786,1442636,0,1442636,286774100,1442937,1442787,0,1442787,30100,151,5016.61,false
286774100,1442937,1442787,0,1442787,286804200,1443088,1442938,0,1442938,30100,151,5016.61,false
286804200,1443088,1442938,0,1442938,286834300,1443239,1443089,0,1443089,30100,151,5016.61,false
286834300,1443239,1443089,0,1443089,286864400,1443390,1443240,0,1443240,30100,151,5016.61,false
286864400,1443390,1443240,0,1443240,286894500,1443541,1443391,0,1443391,30100,151,5016.61,false
286894500,1443541,1443391,0,1443391,286924600,1443692,1443542,0,1443542,30100,151,5016.61,false
286924600,1443692,1443542,0,1443542,286954700,1443843,1443693,0,1443693,30100,151,5016.61,false
286954700,1443843,1443693,0,1443693,286984800,1443994,1443844,0,1443844,30100,151,5016.61,false
286984800,1443994,1443844,0,1443844,287014900,1444145,1443995,0,1443995,30100,151,5016.61,false
287014900,1444145,1443995,0,1443995,287045000,1444296,1444146,0,1444146,30100,151,5016.61,false
287045000,1444296,1444146,0,1444146,287075100,1444447,1444297,0,1444297,30100,151,5016.61,false
287075100,1444447,1444297,0,1444297,287105200,1444598,1444448,0,1444448,30100,151,5016.61,false
287105200,1444598,1444448,0,1444448,287135300,1444749,1444599,0,1444599,30100,151,5016.61,false
287135300,1444749,1444599,0,1444599,287165400,1444900,1444750,0,1444750,30100,151,5016.61,false
287165400,1444900,1444750,0,1444750,287195500,1445051,1444901,0,1444901,30100,151,5016.61,false
287195500,1445051,1444901,0,1444901,287225600,1445202,1445052,0,1445052,30100,151,5016.61,false
287225600,1445202,1445052,0,1445052,287255700,1445353,1445203,0,1445203,30100,151,5016.61,false
287255700,1445353,1445203,0,1445203,287285800,1445504,1445354,0,1445354,30100,151,5016.61,false
287285800,1445504,1445354,0,1445354,287315900,1445655,1445505,0,1445505,30100,151,5016.61,false
287315900,1445655,1445505,0,1445505,287346000,1445806,1445656,0,1445656,30100,151,5016.61,false
287346000,1445806,1445656,0,1445656,287376100,1445957,1445807,0,1445807,30100,151,5016.61,false
287376100,1445957,1445807,0,1445807,287406200,1446108,1445958,0,1445958,30100,151,5016.61,false
287406200,1446108,1445958,0,1445958,287436300,1446259,1446109,0,1446109,30100,151,5016.61,false
287436300,1446259,1446109,0,1446109,287466400,1446410,1446260,0,1446260,30100,151,5016.61,false
287466400,1446410,1446260,0,1446260,287496500,1446561,1446411,0,1446411,30100,151,5016.61,false
287496500,1446561,1446411,0,1446411,287526600,1446712,1446562,0,1446562,30100,151,5016.61,false
287526600,1446712,1446562,0,1446562,287556700,1446863,1446713,0,1446713,30100,151,5016.61,false
287556700,1446863,1446713,0,1446713,287586800,1447014,1446864,0,1446864,30100,151,5016.61,false
287586800,1447014,1446864,0,1446864,287616900,1447165,1447015,0,1447015,30100,151,5016.61,false
287616900,1447165,1447015,0,1447015,287647000,1447316,1447166,0,1447166,30100,151,5016.61,false
287647000,1447316,1447166,0,1447166,287677100,1447467,1447317,0,1447317,30100,151,5016.61,false
287677100,1447467,1447317,0,1447317,287707200,1447618,1447468,0,1447468,30100,151,5016.61,false
287707200,1447618,1447468,0,1447468,287737300,1447769,1447619,0,1447619,30100,151,5016.61,false
287737300,1447769,1447619,0,1447619,287767400,1447920,1447770,0,1447770,30100,151,5016.61,false
287767400,1447920,1447770,0,1447770,287797500,1448071,1447921,0,1447921,30100,151,5016.61,false
287797500,1448071,1447921,0,1447921,287827600,1448222,1448072,0,1448072,30100,151,5016.61,false
287827600,1448222,1448072,0,1448072,287857700,1448373,1448223,0,1448223,30100,151,5016.61,false
287857700,1448373,1448223,0,1448223,287887800,1448524,1448374,0,1448374,30100,151,5016.61,false
287887800,1448524,1448374,0,1448374,287917900,1448675,1448525,0,1448525,30100,151,5016.61,false
287917900,1448675,1448525,0,1448525,287948000,1448826,1448676,0,1448676,30100,151,5016.61,false
287948000,1448826,1448676,0,1448676,287978100,1448977,1448827,0,1448827,30100,151,5016.61,false
287978100,1448977,1448827,0,1448827,288008200,1449128,1448978,0,1448978,30100,151,5016.61,false
288008200,1449128,1448978,0,1448978,288038300,1449279,1449129,0,1449129,30100,151,5016.61,false
288038300,1449279,1449129,0,1449129,288068400,1449430,1449280,0,1449280,30100,151,5016.61,false
288068400,1449430,1449280,0,1449280,288098500,1449581,1449431,0,1449431,30100,151,5016.61,false
288098500,1449581,1449431,0,1449431,288128600,1449732,1449582,0,1449582,30100,151,5016.61,false
288128600,1449732,1449582,0,1449582,288158700,1449883,1449733,0,1449733,30100,151,5016.61,false
288158700,1449883,1449733,0,1449733,288188800,1450034,1449884,0,1449884,30100,151,5016.61,false
288188800,1450034,1449884,0,1449884,288218900,1450185,1450035,0,1450035,30100,151,5016.61,false
288218900,1450185,1450035,0,1450035,288249000,1450336,1450186,0,1450186,30100,151,5016.61,false
288249000,1450336,1450186,0,1450186,288279100,1450487,1450337,0,1450337,30100,151,5016.61,false
288279100,1450487,1450337,0,1450337,288309200,1450638,1450488,0,1450488,30100,151,5016.61,false
288309200,1450638,1450488,0,1450488,288339300,1450789,1450639,0,1450639,30100,151,5016.61,false
288339300,1450789,1450639,0,1450639,288369400,1450940,1450790,0,1450790,30100,151,5016.61,false
288369400,1450940,1450790,0,1450790,288399500,1451091,1450941,0,1450941,30100,151,5016.61,false
288399500,1451091,1450941,0,1450941,288429600,1451242,1451092,0,1451092,30100,151,5016.61,false
288429600,1451242,1451092,0,1451092,288459700,1451393,1451243,0,1451243,30100,151,5016.61,false
288459700,1451393,1451243,0,1451243,288489800,1451544,1451394,0,1451394,30100,151,5016.61,false
288489800,1451544,1451394,0,1451394,288519900,1451695,1451545,0,1451545,30100,151,5016.61,false
288519900,1451695,1451545,0,1451545,288550000,1451846,1451696,0,1451696,30100,151,5016.61,false
288550000,1451846,1451696,0,1451696,288580100,1451997,1451847,0,1451847,30100,151,5016.61,false
288580100,1451997,1451847,0,1451847,288610200,1452148,1451998,0,1451998,30100,151,5016.61,false
288610200,1452148,1451998,0,1451998,288640300,1452299,1452149,0,1452149,30100,151,5016.61,false
288640300,1452299,1452149,0,1452149,288670400,1452450,1452300,0,1452300,30100,151,5016.61,false
288670400,1452450,1452300,0,1452300,288700500,1452601,1452451,0,1452451,30100,151,5016.61,false
288700500,1452601,1452451,0,1452451,288730600,1452752,1452602,0,1452602,30100,151,5016.61,false
288730600,1452752,1452602,0,1452602,288760700,1452903,1452753,0,1452753,30100,151,5016.61,false
288760800,1452904,1452754,0,1452754,288790900,1453055,1452905,0,1452905,30100,151,5016.61,false
288790900,1453055,1452905,0,1452905,288821000,1453206,1453056,0,1453056,30100,151,5016.61,false
288821000,1453206,1453056,0,1453056,288851100,1453357,1453207,0,1453207,30100,151,5016.61,false
288851100,1453357,1453207,0,1453207,288881200,1453508,1453358,0,1453358,30100,151,5016.61,false
288881200,1453508,1453358,0,1453358,288911300,1453659,1453509,0,1453509,30100,151,5016.61,false
288911300,1453659,1453509,0,1453509,288941400,1453810,1453660,0,1453660,30100,151,5016.61,false
288941400,1453810,1453660,0,1453660,288971500,1453961,1453811,0,1453811,30100,151,5016.61,false
288971500,1453961,1453811,0,1453811,289001600,1454112,1453962,0,1453962,30100,151,5016.61,false
289001600,1454112,1453962,0,1453962,289031700,1454263,1454113,0,1454113,30100,151,5016.61,false
289031700,1454263,1454113,0,1454113,289061800,1454414,1454264,0,1454264,30100,151,5016.61,false
289061800,1454414,1454264,0,1454264,289091900,1454565,1454415,0,1454415,30100,151,5016.61,false
289091900,1454565,1454415,0,1454415,289122000,1454716,1454566,0,1454566,30100,151,5016.61,false
289122000,1454716,1454566,0,1454566,289152100,1455271,1454717,0,1454717,30100,151,5016.61,true
289152100,1455271,1454717,0,1454717,289222600,1455826,1455272,0,1455272,70500,555,7872.34,true
289222600,1455826,1455272,0,1455272,289293100,1456017,1455827,0,1455827,70500,555,7872.34,true
289293100,1456017,1455827,0,1455827,289327200,1456168,1456018,0,1456018,34100,191,5601.17,true
289327200,1456168,1456018,0,1456018,289357300,1456319,1456169,0,1456169,30100,151,5016.61,false
289357300,1456319,1456169,0,1456169,289387400,1456470,1456320,0,1456320,30100,151,5016.61,false
289387400,1456470,1456320,0,1456320,289417500,1456621,1456471,0,1456471,30100,151,5016.61,false
289417500,1456621,1456471,0,1456471,289447600,1456772,1456622,0,1456622,30100,151,5016.61,false
289447600,1456772,1456622,0,1456622,289477700,1456923,1456773,0,1456773,30100,151,5016.61,false
289477700,1456923,1456773,0,1456773,289507800,1457074,1456924,0,1456924,30100,151,5016.61,false
289507800,1457074,1456924,0,1456924,289537900,1457225,1457075,0,1457075,30100,151,5016.61,false
289537900,1457225,1457075,0,1457075,289568000,1457376,1457226,0,1457226,30100,151,5016.61,false
289568000,1457376,1457226,0,1457226,289598100,1457527,1457377,0,1457377,30100,151,5016.61,false
289598100,1457527,1457377,0,1457377,289628200,1457678,1457528,0,1457528,30100,151,5016.61,false
289628200,1457678,1457528,0,1457528,289658300,1457829,1457679,0,1457679,30100,151,5016.61,false
289658300,1457829,1457679,0,1457679,289688400,1457980,1457830,0,1457830,30100,151,5016.61,false
289688400,1457980,1457830,0,1457830,289718500,1458131,1457981,0,1457981,30100,151,5016.61,false
289718500,1458131,1457981,0,1457981,289748600,1458282,1458132,0,1458132,30100,151,5016.61,false
289748600,1458282,1458132,0,1458132,289818800,1458433,1458283,0,1458283,70200,151,2151.00,false
289818800,1458433,1458283,0,1458283,289889000,1458584,1458434,0,1458434,70200,151,2151.00,false
289889000,1458584,1458434,0,1458434,289923300,1458735,1458585,0,1458585,34300,151,4402.33,false
289923300,1458735,1458585,0,1458585,289953400,1458886,1458736,0,1458736,30100,151,5016.61,false
289953400,1458886,1458736,0,1458736,289983500,1459037,1458887,0,1458887,30100,151,5016.61,false
289983500,1459037,1458887,0,1458887,290013600,1459188,1459038,0,1459038,30100,151,5016.61,false
290013600,1459188,1459038,0,1459038,290043700,1459339,1459189,0,1459189,30100,151,5016.61,false
290043700,1459339,1459189,0,1459189,290073800,1459490,1459340,0,1459340,30100,151,5016.61,false
290073800,1459490,1459340,0,1459340,290103900,1459641,1459491,0,1459491,30100,151,5016.61,false
290103900,1459641,1459491,0,1459491,290134000,1459792,1459642,0,1459642,30100,151,5016.61,false
290134000,1459792,1459642,0,1459642,290164100,1459943,1459793,0,1459793,30100,151,5016.61,false
290164100,1459943,1459793,0,1459793,290194200,1460094,1459944,0,1459944,30100,151,5016.61,false
290194200,1460094,1459944,0,1459944,290224300,1460245,1460095,0,1460095,30100,151,5016.61,false
290224300,1460245,1460095,0,1460095,290254400,1460396,1460246,0,1460246,30100,151,5016.61,false
290254400,1460396,1460246,0,1460246,290284500,1460547,1460397,0,1460397,30100,151,5016.61,false
290284500,1460547,1460397,0,1460397,290314600,1460698,1460548,0,1460548,30100,151,5016.61,false
290314600,1460698,1460548,0,1460548,290344700,1460849,1460699,0,1460699,30100,151,5016.61,false
290344700,1460849,1460699,0,1460699,290374800,1461000,1460850,0,1460850,30100,151,5016.61,false
290374800,1461000,1460850,0,1460850,290404900,1461151,1461001,0,1461001,30100,151,5016.61,false
290404900,1461151,1461001,0,1461001,290435000,1461302,1461152,0,1461152,30100,151,5016.61,false
290435000,1461302,1461152,0,1461152,290465100,1461453,1461303,0,1461303,30100,151,5016.61,false
290465100,1461453,1461303,0,1461303,290495200,1461604,1461454,0,1461454,30100,151,5016.61,false
290495200,1461604,1461454,0,1461454,290525300,1461755,1461605,0,1461605,30100,151,5016.61,false
290525300,1461755,1461605,0,1461605,290555400,1461906,1461756,0,1461756,30100,151,5016.61,false
290555400,1461906,1461756,0,1461756,290585500,1462057,1461907,0,1461907,30100,151,5016.61,false
290585500,1462057,1461907,0,1461907,290615600,1462208,1462058,0,1462058,30100,151,5016.61,false
290615600,1462208,1462058,0,1462058,290645700,1462359,1462209,0,1462209,30100,151,5016.61,false
290645700,1462359,1462209,0,1462209,290675800,1462510,1462360,0,1462360,30100,151,5016.61,false
290675800,1462510,1462360,0,1462360,290705900,1462661,1462511,0,1462511,30100,151,5016.61,false
290705900,1462661,1462511,0,1462511,290736000,1462812,1462662,0,1462662,30100,151,5016.61,false
290736000,1462812,1462662,0,1462662,290766100,1462963,1462813,0,1462813,30100,151,5016.61,false
290766100,1462963,1462813,0,1462813,290796200,1463114,1462964,0,1462964,30100,151,5016.61,false
290796200,1463114,1462964,0,1462964,290826300,1463265,1463115,0,1463115,30100,151,5016.61,false
290826300,1463265,1463115,0,1463115,290856400,1463416,1463266,0,1463266,30100,151,5016.61,false
290856400,1463416,1463266,0,1463266,290886500,1463567,1463417,0,1463417,30100,151,5016.61,false
290886500,1463567,1463417,0,1463417,290916600,1463718,1463568,0,1463568,30100,151,5016.61,false
290916600,1463718,1463568,0,1463568,290946700,1463869,1463719,0,1463719,30100,151,5016.61,false
290946700,1463869,1463719,0,1463719,290976800,1464020,1463870,0,1463870,30100,151,5016.61,false
290976800,1464020,1463870,0,1463870,291006900,1464171,1464021,0,1464021,30100,151,5016.61,false
291006900,1464171,1464021,0,1464021,291037000,1464322,1464172,0,1464172,30100,151,5016.61,false
291037000,1464322,1464172,0,1464172,291067100,1464473,1464323,0,1464323,30100,151,5016.61,false
291067100,1464473,1464323,0,1464323,291097200,1464624,1464474,0,1464474,30100,151,5016.61,false
291097200,1464624,1464474,0,1464474,291127300,1464775,1464625,0,1464625,30100,151,5016.61,false
291127300,1464775,1464625,0,1464625,291157400,1464926,1464776,0,1464776,30100,151,5016.61,false
291157400,1464926,1464776,0,1464776,291187500,1465077,1464927,0,1464927,30100,151,5016.61,false
291187500,1465077,1464927,0,1464927,291217600,1465228,1465078,0,1465078,30100,151,5016.61,false
291217600,1465228,1465078,0,1465078,291247700,1465379,1465229,0,1465229,30100,151,5016.61,false
291247700,1465379,1465229,0,1465229,291277800,1465530,1465380,0,1465380,30100,151,5016.61,false
291277800,1465530,1465380,0,1465380,291307900,1465681,1465531,0,1465531,30100,151,5016.61,false
291307900,1465681,1465531,0,1465531,291338000,1465832,1465682,0,1465682,30100,151,5016.61,false
291338000,1465832,1465682,0,1465682,291368100,1465983,1465833,0,1465833,30100,151,5016.61,false
291368100,1465983,1465833,0,1465833,291398200,1466134,1465984,0,1465984,30100,151,5016.61,false
291398200,1466134,1465984,0,1465984,291428300,1466285,1466135,0,1466135,30100,151,5016.61,false
291428300,1466285,1466135,0,1466135,291458400,1466436,1466286,0,1466286,30100,151,5016.61,false
291458400,1466436,1466286,0,1466286,291488500,1466587,1466437,0,1466437,30100,151,5016.61,false
291488500,1466587,1466437,0,1466437,291518600,1466738,1466588,0,1466588,30100,151,5016.61,false
291518600,1466738,1466588,0,1466588,291548700,1466889,1466739,0,1466739,30100,151,5016.61,false
291548700,1466889,1466739,0,1466739,291578800,1467040,1466890,0,1466890,30100,151,5016.61,false
291578800,1467040,1466890,0,1466890,291608900,1467191,1467041,0,1467041,30100,151,5016.61,false
291608900,1467191,1467041,0,1467041,291639000,1467342,1467192,0,1467192,30100,151,5016.61,false
291639000,1467342,1467192,0,1467192,291669100,1467493,1467343,0,1467343,30100,151,5016.61,false
291669100,1467493,1467343,0,1467343,291699200,1467644,1467494,0,1467494,30100,151,5016.61,false
291699200,1467644,1467494,0,1467494,291729300,1467795,1467645,0,1467645,30100,151,5016.61,false
291729300,1467795,1467645,0,1467645,291759400,1467946,1467796,0,1467796,30100,151,5016.61,false
291759400,1467946,1467796,0,1467796,291789500,1468097,1467947,0,1467947,30100,151,5016.61,false
291789500,1468097,1467947,0,1467947,291819600,1468248,1468098,0,1468098,30100,151,5016.61,false
291819600,1468248,1468098,0,1468098,291849700,1468399,1468249,0,1468249,30100,151,5016.61,false
291849700,1468399,1468249,0,1468249,291879800,1468550,1468400,0,1468400,30100,151,5016.61,false
291879800,1468550,1468400,0,1468400,291909900,1468701,1468551,0,1468551,30100,151,5016.61,false
291909900,1468701,1468551,0,1468551,291940000,1468852,1468702,0,1468702,30100,151,5016.61,false
291940000,1468852,1468702,0,1468702,291970100,1469003,1468853,0,1468853,30100,151,5016.61,false
291970100,1469003,1468853,0,1468853,292000200,1469154,1469004,0,1469004,30100,151,5016.61,false
292000200,1469154,1469004,0,1469004,292030300,1469305,1469155,0,1469155,30100,151,5016.61,false
292030300,1469305,1469155,0,1469155,292060400,1469456,1469306,0,1469306,30100,151,5016.61,false
292060400,1469456,1469306,0,1469306,292090500,1469607,1469457,0,1469457,30100,151,5016.61,false
292090500,1469607,1469457,0,1469457,292120600,1469758,1469608,0,1469608,30100,151,5016.61,false
292120600,1469758,1469608,0,1469608,292150700,1469909,1469759,0,1469759,30100,151,5016.61,false
292150700,1469909,1469759,0,1469759,292180800,1470060,1469910,0,1469910,30100,151,5016.61,false
292180800,1470060,1469910,0,1469910,292210900,1470211,1470061,0,1470061,30100,151,5016.61,false
292210900,1470211,1470061,0,1470061,292241000,1470362,1470212,0,1470212,30100,151,5016.61,false
292241000,1470362,1470212,0,1470212,292271100,1470513,1470363,0,1470363,30100,151,5016.61,false
292271100,1470513,1470363,0,1470363,292301200,1470664,1470514,0,1470514,30100,151,5016.61,false
292301200,1470664,1470514,0,1470514,292331300,1470815,1470665,0,1470665,30100,151,5016.61,false
292331300,1470815,1470665,0,1470665,292361400,1470966,1470816,0,1470816,30100,151,5016.61,false
292361400,1470966,1470816,0,1470816,292391500,1471117,1470967,0,1470967,30100,151,5016.61,false
292391500,1471117,1470967,0,1470967,292421600,1471268,1471118,0,1471118,30100,151,5016.61,false
292421600,1471268,1471118,0,1471118,292451700,1471419,1471269,0,1471269,30100,151,5016.61,false
292451700,1471419,1471269,0,1471269,292481800,1471570,1471420,0,1471420,30100,151,5016.61,false
292481800,1471570,1471420,0,1471420,292511900,1471721,1471571,0,1471571,30100,151,5016.61,false
292511900,1471721,1471571,0,1471571,292542000,1471872,1471722,0,1471722,30100,151,5016.61,false
292542000,1471872,1471722,0,1471722,292572100,1472023,1471873,0,1471873,30100,151,5016.61,false
292572200,1472024,1471874,0,1471874,292602300,1472175,1472025,0,1472025,30100,151,5016.61,false
292602300,1472175,1472025,0,1472025,292632400,1472326,1472176,0,1472176,30100,151,5016.61,false
292632400,1472326,1472176,0,1472176,292662500,1472477,1472327,0,1472327,30100,151,5016.61,false
292662500,1472477,1472327,0,1472327,292692600,1472628,1472478,0,1472478,30100,151,5016.61,false
292692600,1472628,1472478,0,1472478,292722700,1472779,1472629,0,1472629,30100,151,5016.61,false
292722700,1472779,1472629,0,1472629,292752800,1472930,1472780,0,1472780,30100,151,5016.61,false
292752800,1472930,1472780,0,1472780,292782900,1473081,1472931,0,1472931,30100,151,5016.61,false
292782900,1473081,1472931,0,1472931,292813000,1473232,1473082,0,1473082,30100,151,5016.61,false
292813000,1473232,1473082,0,1473082,292843100,1473383,1473233,0,1473233,30100,151,5016.61,false
292843100,1473383,1473233,0,1473233,292873200,1473534,1473384,0,1473384,30100,151,5016.61,false
292873200,1473534,1473384,0,1473384,292903300,1473685,1473535,0,1473535,30100,151,5016.61,false
292903300,1473685,1473535,0,1473535,292933400,1473836,1473686,0,1473686,30100,151,5016.61,false
292933400,1473836,1473686,0,1473686,292963500,1474391,1473837,0,1473837,30100,151,5016.61,true
292963500,1474391,1473837,0,1473837,293034000,1474946,1474392,0,1474392,70500,555,7872.34,true
293034000,1474946,1474392,0,1474392,293104500,1475137,1474947,0,1474947,70500,555,7872.34,true
293104500,1475137,1474947,0,1474947,293138600,1475288,1475138,0,1475138,34100,191,5601.17,true
293138600,1475288,1475138,0,1475138,293168700,1475439,1475289,0,1475289,30100,151,5016.61,false
293168700,1475439,1475289,0,1475289,293198800,1475590,1475440,0,1475440,30100,151,5016.61,false
293198800,1475590,1475440,0,1475440,293228900,1475741,1475591,0,1475591,30100,151,5016.61,false
293228900,1475741,1475591,0,1475591,293259000,1475892,1475742,0,1475742,30100,151,5016.61,false
293259000,1475892,1475742,0,1475742,293289100,1476043,1475893,0,1475893,30100,151,5016.61,false
293289100,1476043,1475893,0,1475893,293319200,1476194,1476044,0,1476044,30100,151,5016.61,false
293319200,1476194,1476044,0,1476044,293349300,1476345,1476195,0,1476195,30100,151,5016.61,false
293349300,1476345,1476195,0,1476195,293379400,1476496,1476346,0,1476346,30100,151,5016.61,false
293379400,1476496,1476346,0,1476346,293409500,1476647,1476497,0,1476497,30100,151,5016.61,false
293409500,1476647,1476497,0,1476497,293439600,1476798,1476648,0,1476648,30100,151,5016.61,false
293439600,1476798,1476648,0,1476648,293469700,1476949,1476799,0,1476799,30100,151,5016.61,false
293469700,1476949,1476799,0,1476799,293499800,1477100,1476950,0,1476950,30100,151,5016.61,false
293499800,1477100,1476950,0,1476950,293529900,1477251,1477101,0,1477101,30100,151,5016.61,false
293529900,1477251,1477101,0,1477101,293560000,1477402,1477252,0,1477252,30100,151,5016.61,false
293560000,1477402,1477252,0,1477252,293630200,1477553,1477403,0,1477403,70200,151,2151.00,false
293630200,1477553,1477403,0,1477403,293700400,1477704,1477554,0,1477554,70200,151,2151.00,false
293700400,1477704,1477554,0,1477554,293734700,1477855,1477705,0,1477705,34300,151,4402.33,false
293734700,1477855,1477705,0,1477705,293764800,1478006,1477856,0,1477856,30100,151,5016.61,false
293764800,1478006,1477856,0,1477856,293794900,1478157,1478007,0,1478007,30100,151,5016.61,false
293794900,1478157,1478007,0,1478007,293825000,1478308,1478158,0,1478158,30100,151,5016.61,false
293825000,1478308,1478158,0,1478158,293855100,1478459,1478309,0,1478309,30100,151,5016.61,false
293855100,1478459,1478309,0,1478309,293885200,1478610,1478460,0,1478460,30100,151,5016.61,false
293885200,1478610,1478460,0,1478460,293915300,1478761,1478611,0,1478611,30100,151,5016.61,false
293915300,1478761,1478611,0,1478611,293945400,1478912,1478762,0,1478762,30100,151,5016.61,false
293945400,1478912,1478762,0,1478762,293975500,1479063,1478913,0,1478913,30100,151,5016.61,false
293975500,1479063,1478913,0,1478913,294005600,1479214,1479064,0,1479064,30100,151,5016.61,false
294005600,1479214,1479064,0,1479064,294035700,1479365,1479215,0,1479215,30100,151,5016.61,false
294035700,1479365,1479215,0,1479215,294065800,1479516,1479366,0,1479366,30100,151,5016.61,false
294065800,1479516,1479366,0,1479366,294095900,1479667,1479517,0,1479517,30100,151,5016.61,false
294095900,1479667,1479517,0,1479517,294126000,1479818,1479668,0,1479668,30100,151,5016.61,false
294126000,1479818,1479668,0,1479668,294156100,1479969,1479819,0,1479819,30100,151,5016.61,false
294156100,1479969,1479819,0,1479819,294186200,1480120,1479970,0,1479970,30100,151,5016.61,false
294186200,1480120,1479970,0,1479970,294216300,1480271,1480121,0,1480121,30100,151,5016.61,false
294216300,1480271,1480121,0,1480121,294246400,1480422,1480272,0,1480272,30100,151,5016.61,false
294246400,1480422,1480272,0,1480272,294276500,1480573,1480423,0,1480423,30100,151,5016.61,false
294276500,1480573,1480423,0,1480423,294306600,1480724,1480574,0,1480574,30100,151,5016.61,false
294306600,1480724,1480574,0,1480574,294336700,1480875,1480725,0,1480725,30100,151,5016.61,false
294336700,1480875,1480725,0,1480725,294366800,1481026,1480876,0,1480876,30100,151,5016.61,false
294366800,1481026,1480876,0,1480876,294396900,1481177,1481027,0,1481027,30100,151,5016.61,false
294396900,1481177,1481027,0,1481027,294427000,1481328,1481178,0,1481178,30100,151,5016.61,false
294427000,1481328,1481178,0,1481178,294457100,1481479,1481329,0,1481329,30100,151,5016.61,false
294457100,1481479,1481329,0,1481329,294487200,1481630,1481480,0,1481480,30100,151,5016.61,false
294487200,1481630,1481480,0,1481480,294517300,1481781,1481631,0,1481631,30100,151,5016.61,false
294517300,1481781,1481631,0,1481631,294547400,1481932,1481782,0,1481782,30100,151,5016.61,false
294547400,1481932,1481782,0,1481782,294577500,1482083,1481933,0,1481933,30100,151,5016.61,false
294577500,1482083,1481933,0,1481933,294607600,1482234,1482084,0,1482084,30100,151,5016.61,false
294607600,1482234,1482084,0,1482084,294637700,1482385,1482235,0,1482235,30100,151,5016.61,false
294637700,1482385,1482235,0,1482235,294667800,1482536,1482386,0,1482386,30100,151,5016.61,false
294667800,1482536,1482386,0,1482386,294697900,1482687,1482537,0,1482537,30100,151,5016.61,false
294697900,1482687,1482537,0,1482537,294728000,1482838,1482688,0,1482688,30100,151,5016.61,false
294728000,1482838,1482688,0,1482688,294758100,1482989,1482839,0,1482839,30100,151,5016.61,false
294758100,1482989,1482839,0,1482839,294788200,1483140,1482990,0,1482990,30100,151,5016.61,false
294788200,1483140,1482990,0,1482990,294818300,1483291,1483141,0,1483141,30100,151,5016.61,false
294818300,1483291,1483141,0,1483141,294848400,1483442,1483292,0,1483292,30100,151,5016.61,false
294848400,1483442,1483292,0,1483292,294878500,1483593,1483443,0,1483443,30100,151,5016.61,false
294878500,1483593,1483443,0,1483443,294908600,1483744,1483594,0,1483594,30100,151,5016.61,false
294908600,1483744,1483594,0,1483594,294938700,1483895,1483745,0,1483745,30100,151,5016.61,false
294938700,1483895,1483745,0,1483745,294968800,1484046,1483896,0,1483896,30100,151,5016.61,false
294968800,1484046,1483896,0,1483896,294998900,1484197,1484047,0,1484047,30100,151,5016.61,false
294998900,1484197,1484047,0,1484047,295029000,1484348,1484198,0,1484198,30100,151,5016.61,false
295029000,1484348,1484198,0,1484198,295059100,1484499,1484349,0,1484349,30100,151,5016.61,false
295059100,1484499,1484349,0,1484349,295089200,1484650,1484500,0,1484500,30100,151,5016.61,false
295089200,1484650,1484500,0,1484500,295119300,1484801,1484651,0,1484651,30100,151,5016.61,false
295119300,1484801,1484651,0,1484651,295149400,1484952,1484802,0,1484802,30100,151,5016.61,false
295149400,1484952,1484802,0,1484802,295179500,1485103,1484953,0,1484953,30100,151,5016.61,false
295179500,1485103,1484953,0,1484953,295209600,1485254,1485104,0,1485104,30100,151,5016.61,false
295209600,1485254,1485104,0,1485104,295239700,1485405,1485255,0,1485255,30100,151,5016.61,false
295239700,1485405,1485255,0,1485255,295269800,1485556,1485406,0,1485406,30100,151,5016.61,false
295269800,1485556,1485406,0,1485406,295299900,1485707,1485557,0,1485557,30100,151,5016.61,false
295299900,1485707,1485557,0,1485557,295330000,1485858,1485708,0,1485708,30100,151,5016.61,false
295330000,1485858,1485708,0,1485708,295360100,1486009,1485859,0,1485859,30100,151,5016.61,false
295360100,1486009,1485859,0,1485859,295390200,1486160,1486010,0,1486010,30100,151,5016.61,false
295390200,1486160,1486010,0,1486010,295420300,1486311,1486161,0,1486161,30100,151,5016.61,false
295420300,1486311,1486161,0,1486161,295450400,1486462,1486312,0,1486312,30100,151,5016.61,false
295450400,1486462,1486312,0,1486312,295480500,1486613,1486463,0,1486463,30100,151,5016.61,false
295480500,1486613,1486463,0,1486463,295510600,1486764,1486614,0,1486614,30100,151,5016.61,false
295510600,1486764,1486614,0,1486614,295540700,1486915,1486765,0,1486765,30100,151,5016.61,false
295540700,1486915,1486765,0,1486765,295570800,1487066,1486916,0,1486916,30100,151,5016.61,false
295570800,1487066,1486916,0,1486916,295600900,1487217,1487067,0,1487067,30100,151,5016.61,false
295600900,1487217,1487067,0,1487067,295631000,1487368,1487218,0,1487218,30100,151,5016.61,false
295631000,1487368,1487218,0,1487218,295661100,1487519,1487369,0,1487369,30100,151,5016.61,false
295661100,1487519,1487369,0,1487369,295691200,1487670,1487520,0,1487520,30100,151,5016.61,false
295691200,1487670,1487520,0,1487520,295721300,1487821,1487671,0,1487671,30100,151,5016.61,false
295721300,1487821,1487671,0,1487671,295751400,1487972,1487822,0,1487822,30100,151,5016.61,false
295751400,1487972,1487822,0,1487822,295781500,1488123,1487973,0,1487973,30100,151,5016.61,false
295781500,1488123,1487973,0,1487973,295811600,1488274,1488124,0,1488124,30100,151,5016.61,false
295811600,1488274,1488124,0,1488124,295841700,1488425,1488275,0,1488275,30100,151,5016.61,false
295841700,1488425,1488275,0,1488275,295871800,1488576,1488426,0,1488426,30100,151,5016.61,false
295871800,1488576,1488426,0,1488426,295901900,1488727,1488577,0,1488577,30100,151,5016.61,false
295901900,1488727,1488577,0,1488577,295932000,1488878,1488728,0,1488728,30100,151,5016.61,false
295932000,1488878,1488728,0,1488728,295962100,1489029,1488879,0,1488879,30100,151,5016.61,false
295962100,1489029,1488879,0,1488879,295992200,1489180,1489030,0,1489030,30100,151,5016.61,false
295992200,1489180,1489030,0,1489030,296022300,1489331,1489181,0,1489181,30100,151,5016.61,false
296022300,1489331,1489181,0,1489181,296052400,1489482,1489332,0,1489332,30100,151,5016.61,false
296052400,1489482,1489332,0,1489332,296082500,1489633,1489483,0,1489483,30100,151,5016.61,false
296082500,1489633,1489483,0,1489483,296112600,1489784,1489634,0,1489634,30100,151,5016.61,false
296112600,1489784,1489634,0,1489634,296142700,1489935,1489785,0,1489785,30100,151,5016.61,false
296142700,1489935,1489785,0,1489785,296172800,1490086,1489936,0,1489936,30100,151,5016.61,false
296172800,1490086,1489936,0,1489936,296202900,1490237,1490087,0,1490087,30100,151,5016.61,false
296202900,1490237,1490087,0,1490087,296233000,1490388,1490238,0,1490238,30100,151,5016.61,false
296233000,1490388,1490238,0,1490238,296263100,1490539,1490389,0,1490389,30100,151,5016.61,false
296263100,1490539,1490389,0,1490389,296293200,1490690,1490540,0,1490540,30100,151,5016.61,false
296293200,1490690,1490540,0,1490540,296323300,1490841,1490691,0,1490691,30100,151,5016.61,false
296323300,1490841,1490691,0,1490691,296353400,1490992,1490842,0,1490842,30100,151,5016.61,false
296353400,1490992,1490842,0,1490842,296383500,1491143,1490993,0,1490993,30100,151,5016.61,false
296383600,1491144,1490994,0,1490994,296413700,1491295,1491145,0,1491145,30100,151,5016.61,false
296413700,1491295,1491145,0,1491145,296443800,1491446,1491296,0,1491296,30100,151,5016.61,false
296443800,1491446,1491296,0,1491296,296473900,1491597,1491447,0,1491447,30100,151,5016.61,false
296473900,1491597,1491447,0,1491447,296504000,1491748,1491598,0,1491598,30100,151,5016.61,false
296504000,1491748,1491598,0,1491598,296534100,1491899,1491749,0,1491749,30100,151,5016.61,false
296534100,1491899,1491749,0,1491749,296564200,1492050,1491900,0,1491900,30100,151,5016.61,false
296564200,1492050,1491900,0,1491900,296594300,1492201,1492051,0,1492051,30100,151,5016.61,false
296594300,1492201,1492051,0,1492051,296624400,1492352,1492202,0,1492202,30100,151,5016.61,false
296624400,1492352,1492202,0,1492202,296654500,1492503,1492353,0,1492353,30100,151,5016.61,false
296654500,1492503,1492353,0,1492353,296684600,1492654,1492504,0,1492504,30100,151,5016.61,false
296684600,1492654,1492504,0,1492504,296714700,1492805,1492655,0,1492655,30100,151,5016.61,false
296714700,1492805,1492655,0,1492655,296744800,1492956,1492806,0,1492806,30100,151,5016.61,false
296744800,1492956,1492806,0,1492806,296774900,1493511,1492957,0,1492957,30100,151,5016.61,true
296774900,1493511,1492957,0,1492957,296845400,1494066,1493512,0,1493512,70500,555,7872.34,true
296845400,1494066,1493512,0,1493512,296915900,1494257,1494067,0,1494067,70500,555,7872.34,true
296915900,1494257,1494067,0,1494067,296950000,1494408,1494258,0,1494258,34100,191,5601.17,true
296950000,1494408,1494258,0,1494258,296980100,1494559,1494409,0,1494409,30100,151,5016.61,false
296980100,1494559,1494409,0,1494409,297010200,1494710,1494560,0,1494560,30100,151,5016.61,false
297010200,1494710,1494560,0,1494560,297040300,1494861,1494711,0,1494711,30100,151,5016.61,false
297040300,1494861,1494711,0,1494711,297070400,1495012,1494862,0,1494862,30100,151,5016.61,false
297070400,1495012,1494862,0,1494862,297100500,1495163,1495013,0,1495013,30100,151,5016.61,false
297100500,1495163,1495013,0,1495013,297130600,1495314,1495164,0,1495164,30100,151,5016.61,false
297130600,1495314,1495164,0,1495164,297160700,1495465,1495315,0,1495315,30100,151,5016.61,false
297160700,1495465,1495315,0,1495315,297190800,1495616,1495466,0,1495466,30100,151,5016.61,false
297190800,1495616,1495466,0,1495466,297220900,1495767,1495617,0,1495617,30100,151,5016.61,false
297220900,1495767,1495617,0,1495617,297251000,1495918,1495768,0,1495768,30100,151,5016.61,false
297251000,1495918,1495768,0,1495768,297281100,1496069,1495919,0,1495919,30100,151,5016.61,false
297281100,1496069,1495919,0,1495919,297311200,1496220,1496070,0,1496070,30100,151,5016.61,false
297311200,1496220,1496070,0,1496070,297341300,1496371,1496221,0,1496221,30100,151,5016.61,false
297341300,1496371,1496221,0,1496221,297371400,1496522,1496372,0,1496372,30100,151,5016.61,false
297371400,1496522,1496372,0,1496372,297441600,1496673,1496523,0,1496523,70200,151,2151.00,false
297441600,1496673,1496523,0,1496523,297511800,1496824,1496674,0,1496674,70200,151,2151.00,false
297511800,1496824,1496674,0,1496674,297546100,1496975,1496825,0,1496825,34300,151,4402.33,false
297546100,1496975,1496825,0,1496825,297576200,1497126,1496976,0,1496976,30100,151,5016.61,false
297576200,1497126,1496976,0,1496976,297606300,1497277,1497127,0,1497127,30100,151,5016.61,false
297606300,1497277,1497127,0,1497127,297636400,1497428,1497278,0,1497278,30100,151,5016.61,false
297636400,1497428,1497278,0,1497278,297666500,1497579,1497429,0,1497429,30100,151,5016.61,false
297666500,1497579,1497429,0,1497429,297696600,1497730,1497580,0,1497580,30100,151,5016.61,false
297696600,1497730,1497580,0,1497580,297726700,1497881,1497731,0,1497731,30100,151,5016.61,false
297726700,1497881,1497731,0,1497731,297756800,1498032,1497882,0,1497882,30100,151,5016.61,false
297756800,1498032,1497882,0,1497882,297786900,1498183,1498033,0,1498033,30100,151,5016.61,false
297786900,1498183,1498033,0,1498033,297817000,1498334,1498184,0,1498184,30100,151,5016.61,false
297817000,1498334,1498184,0,1498184,297847100,1498485,1498335,0,1498335,30100,151,5016.61,false
297847100,1498485,1498335,0,1498335,297877200,1498636,1498486,0,1498486,30100,151,5016.61,false
297877200,1498636,1498486,0,1498486,297907300,1498787,1498637,0,1498637,30100,151,5016.61,false
297907300,1498787,1498637,0,1498637,297937400,1498938,1498788,0,1498788,30100,151,5016.61,false
297937400,1498938,1498788,0,1498788,297967500,1499089,1498939,0,1498939,30100,151,5016.61,false
297967500,1499089,1498939,0,1498939,297997600,1499240,1499090,0,1499090,30100,151,5016.61,false
297997600,1499240,1499090,0,1499090,298027700,1499391,1499241,0,1499241,30100,151,5016.61,false
298027700,1499391,1499241,0,1499241,298057800,1499542,1499392,0,1499392,30100,151,5016.61,false
298057800,1499542,1499392,0,1499392,298087900,1499693,1499543,0,1499543,30100,151,5016.61,false
298087900,1499693,1499543,0,1499543,298118000,1499844,1499694,0,1499694,30100,151,5016.61,false
298118000,1499844,1499694,0,1499694,298148100,1499995,1499845,0,1499845,30100,151,5016.61,false
298148100,1499995,1499845,0,1499845,298178200,1500146,1499996,0,1499996,30100,151,5016.61,false
298178200,1500146,1499996,0,1499996,298208300,1500297,1500147,0,1500147,30100,151,5016.61,false
298208300,1500297,1500147,0,1500147,298238400,1500448,1500298,0,1500298,30100,151,5016.61,false
298238400,1500448,1500298,0,1500298,298268500,1500599,1500449,0,1500449,30100,151,5016.61,false
298268500,1500599,1500449,0,1500449,298298600,1500750,1500600,0,1500600,30100,151,5016.61,false
298298600,1500750,1500600,0,1500600,298328700,1500901,1500751,0,1500751,30100,151,5016.61,false
298328700,1500901,1500751,0,1500751,298358800,1501052,1500902,0,1500902,30100,151,5016.61,false
298358800,1501052,1500902,0,1500902,298388900,1501203,1501053,0,1501053,30100,151,5016.61,false
298388900,1501203,1501053,0,1501053,298419000,1501354,1501204,0,1501204,30100,151,5016.61,false
298419000,1501354,1501204,0,1501204,298449100,1501505,1501355,0,1501355,30100,151,5016.61,false
298449100,1501505,1501355,0,1501355,298479200,1501656,1501506,0,1501506,30100,151,5016.61,false
298479200,1501656,1501506,0,1501506,298509300,1501807,1501657,0,1501657,30100,151,5016.61,false
298509300,1501807,1501657,0,1501657,298539400,1501958,1501808,0,1501808,30100,151,5016.61,false
298539400,1501958,1501808,0,1501808,298569500,1502109,1501959,0,1501959,30100,151,5016.61,false
298569500,1502109,1501959,0,1501959,298599600,1502260,1502110,0,1502110,30100,151,5016.61,false
298599600,1502260,1502110,0,1502110,298629700,1502411,1502261,0,1502261,30100,151,5016.61,false
298629700,1502411,1502261,0,1502261,298659800,1502562,1502412,0,1502412,30100,151,5016.61,false
298659800,1502562,1502412,0,1502412,298689900,1502713,1502563,0,1502563,30100,151,5016.61,false
298689900,1502713,1502563,0,1502563,298720000,1502864,1502714,0,1502714,30100,151,5016.61,false
298720000,1502864,1502714,0,1502714,298750100,1503015,1502865,0,1502865,30100,151,5016.61,false
298750100,1503015,1502865,0,1502865,298780200,1503166,1503016,0,1503016,30100,151,5016.61,false
298780200,1503166,1503016,0,1503016,298810300,1503317,1503167,0,1503167,30100,151,5016.61,false
298810300,1503317,1503167,0,1503167,298840400,1503468,1503318,0,1503318,30100,151,5016.61,false
298840400,1503468,1503318,0,1503318,298870500,1503619,1503469,0,1503469,30100,151,5016.61,false
298870500,1503619,1503469,0,1503469,298900600,1503770,1503620,0,1503620,30100,151,5016.61,false
298900600,1503770,1503620,0,1503620,298930700,1503921,1503771,0,1503771,30100,151,5016.61,false
298930700,1503921,1503771,0,1503771,298960800,1504072,1503922,0,1503922,30100,151,5016.61,false
298960800,1504072,1503922,0,1503922,298990900,1504223,1504073,0,1504073,30100,151,5016.61,false
298990900,1504223,1504073,0,1504073,299021000,1504374,1504224,0,1504224,30100,151,5016.61,false
299021000,1504374,1504224,0,1504224,299051100,1504525,1504375,0,1504375,30100,151,5016.61,false
299051100,1504525,1504375,0,1504375,299081200,1504676,1504526,0,1504526,30100,151,5016.61,false
299081200,1504676,1504526,0,1504526,299111300,1504827,1504677,0,1504677,30100,151,5016.61,false
299111300,1504827,1504677,0,1504677,299141400,1504978,1504828,0,1504828,30100,151,5016.61,false
299141400,1504978,1504828,0,1504828,299171500,1505129,1504979,0,1504979,30100,151,5016.61,false
299171500,1505129,1504979,0,1504979,299201600,1505280,1505130,0,1505130,30100,151,5016.61,false
299201600,1505280,1505130,0,1505130,299231700,1505431,1505281,0,1505281,30100,151,5016.61,false
299231700,1505431,1505281,0,1505281,299261800,1505582,1505432,0,1505432,30100,151,5016.61,false
299261800,1505582,1505432,0,1505432,299291900,1505733,1505583,0,1505583,30100,151,5016.61,false
299291900,1505733,1505583,0,1505583,299322000,1505884,1505734,0,1505734,30100,151,5016.61,false
299322000,1505884,1505734,0,1505734,299352100,1506035,1505885,0,1505885,30100,151,5016.61,false
299352100,1506035,1505885,0,1505885,299382200,1506186,1506036,0,1506036,30100,151,5016.61,false
299382200,1506186,1506036,0,1506036,299412300,1506337,1506187,0,1506187,30100,151,5016.61,false
299412300,1506337,1506187,0,1506187,299442400,1506488,1506338,0,1506338,30100,151,5016.61,false
299442400,1506488,1506338,0,1506338,299472500,1506639,1506489,0,1506489,30100,151,5016.61,false
299472500,1506639,1506489,0,1506489,299502600,1506790,1506640,0,1506640,30100,151,5016.61,false
299502600,1506790,1506640,0,1506640,299532700,1506941,1506791,0,1506791,30100,151,5016.61,false
299532700,1506941,1506791,0,1506791,299562800,1507092,1506942,0,1506942,30100,151,5016.61,false
299562800,1507092,1506942,0,1506942,299592900,1507243,1507093,0,1507093,30100,151,5016.61,false
299592900,1507243,1507093,0,1507093,299623000,1507394,1507244,0,1507244,30100,151,5016.61,false
299623000,1507394,1507244,0,1507244,299653100,1507545,1507395,0,1507395,30100,151,5016.61,false
299653100,1507545,1507395,0,1507395,299683200,1507696,1507546,0,1507546,30100,151,5016.61,false
299683200,1507696,1507546,0,1507546,299713300,1507847,1507697,0,1507697,30100,151,5016.61,false
299713300,1507847,1507697,0,1507697,299743400,1507998,1507848,0,1507848,30100,151,5016.61,false
299743400,1507998,1507848,0,1507848,299773500,1508149,1507999,0,1507999,30100,151,5016.61,false
299773500,1508149,1507999,0,1507999,299803600,1508300,1508150,0,1508150,30100,151,5016.61,false
299803600,1508300,1508150,0,1508150,299833700,1508451,1508301,0,1508301,30100,151,5016.61,false
299833700,1508451,1508301,0,1508301,299863800,1508602,1508452,0,1508452,30100,151,5016.61,false
299863800,1508602,1508452,0,1508452,299893900,1508753,1508603,0,1508603,30100,151,5016.61,false
299893900,1508753,1508603,0,1508603,299924000,1508904,1508754,0,1508754,30100,151,5016.61,false
299924000,1508904,1508754,0,1508754,299954100,1509055,1508905,0,1508905,30100,151,5016.61,false
299954100,1509055,1508905,0,1508905,299984200,1509206,1509056,0,1509056,30100,151,5016.61,false
